timestamp,gpu_power_w
1780035914.3577542,27.006
1780035914.3635612,27.003
1780035914.3687994,27.014
1780035914.374184,27.023
1780035914.379498,27.034
1780035914.384992,27.043
1780035914.390837,27.054
1780035914.3971562,27.068
1780035914.4030614,27.077
1780035914.4084604,27.09
1780035914.4138398,27.097
1780035914.4199092,27.108
1780035914.4255762,27.117
1780035914.4311876,27.127
1780035914.436894,27.136
1780035914.442806,27.145
1780035914.4482949,27.155
1780035914.453781,27.164
1780035914.4594488,27.174
1780035914.464829,27.187
1780035914.4702544,27.208
1780035914.4756298,27.224
1780035914.4809494,27.225
1780035914.4862306,27.224
1780035914.4918072,27.224
1780035914.4972,27.222
1780035914.5026822,27.222
1780035914.508077,27.221
1780035914.5133898,27.22
1780035914.5188274,27.221
1780035914.5241718,27.218
1780035914.5293806,27.219
1780035914.5349734,27.219
1780035914.5401735,27.218
1780035914.5460615,27.217
1780035914.551946,27.216
1780035914.557219,27.214
1780035914.5626137,27.214
1780035914.5680745,27.214
1780035914.5733697,27.212
1780035914.5785584,27.212
1780035914.5841832,27.212
1780035914.5895789,27.211
1780035914.595018,27.21
1780035914.600748,27.209
1780035914.6065447,27.208
1780035914.6118414,27.208
1780035914.617222,27.207
1780035914.622659,27.209
1780035914.6280134,27.208
1780035914.6333728,27.207
1780035914.638859,27.206
1780035914.6449864,27.206
1780035914.6505451,27.205
1780035914.6564488,27.205
1780035914.6621912,27.205
1780035914.667629,27.206
1780035914.6729772,27.207
1780035914.6781788,27.206
1780035914.6837919,27.205
1780035914.689564,27.204
1780035914.6959786,27.203
1780035914.7018912,27.203
1780035914.7072637,27.203
1780035914.7125876,27.203
1780035914.7179837,27.203
1780035914.7235162,27.202
1780035914.72944,27.201
1780035914.7351213,27.199
1780035914.7408657,27.197
1780035914.7462866,27.196
1780035914.7517416,27.196
1780035914.7570362,27.198
1780035914.7624273,27.2
1780035914.7677877,27.201
1780035914.7731793,27.2
1780035914.7788637,27.199
1780035914.7847703,27.199
1780035914.7900221,27.198
1780035914.7954059,27.198
1780035914.800872,27.198
1780035914.806188,27.197
1780035914.811605,27.198
1780035914.816963,27.198
1780035914.822161,27.197
1780035914.8278105,27.196
1780035914.8335428,27.195
1780035914.8393319,27.194
1780035914.8446395,27.195
1780035914.8500156,27.194
1780035914.85558,27.194
1780035914.861483,27.193
1780035914.8675287,27.192
1780035914.873496,27.192
1780035914.878867,27.191
1780035914.884238,27.19
1780035914.8896775,27.19
1780035914.895006,27.191
1780035914.9005635,27.191
1780035914.905982,27.195
1780035914.911788,27.199
1780035914.9172027,27.199
1780035914.9226215,27.198
1780035914.9287372,27.197
1780035914.93476,27.196
1780035914.9400806,27.197
1780035914.9454992,27.194
1780035914.95083,27.196
1780035914.9561913,27.195
1780035914.9615827,27.195
1780035914.9672697,27.194
1780035914.9731584,27.193
1780035914.978425,27.192
1780035914.9838204,27.192
1780035914.98928,27.193
1780035914.99457,27.191
1780035914.9997847,27.191
1780035915.005368,27.19
1780035915.010568,27.19
1780035915.0161915,27.189
1780035915.021907,27.188
1780035915.0277176,27.187
1780035915.0329797,27.188
1780035915.0381885,27.185
1780035915.0438955,27.187
1780035915.049218,27.187
1780035915.0545595,27.186
1780035915.0597622,27.185
1780035915.0653746,27.185
1780035915.0709233,27.184
1780035915.0764494,27.184
1780035915.082254,27.184
1780035915.0876281,27.182
1780035915.0931184,27.184
1780035915.098424,27.183
1780035915.1037722,27.183
1780035915.1090186,27.182
1780035915.1145992,27.181
1780035915.1197853,27.18
1780035915.1254923,27.181
1780035915.1308503,27.182
1780035915.1362014,27.179
1780035915.1416125,27.18
1780035915.147004,27.18
1780035915.1524236,27.179
1780035915.1578465,27.179
1780035915.163604,27.178
1780035915.1693544,27.178
1780035915.1746678,27.178
1780035915.1800418,27.176
1780035915.1853719,27.179
1780035915.1905794,27.178
1780035915.1961877,27.178
1780035915.2018726,27.177
1780035915.2075918,27.175
1780035915.213195,27.174
1780035915.2191,27.175
1780035915.2244654,27.175
1780035915.2298644,27.177
1780035915.2352283,27.177
1780035915.2405767,27.176
1780035915.2460577,27.176
1780035915.2518523,27.175
1780035915.2576072,27.173
1780035915.2634957,27.174
1780035915.2688346,27.174
1780035915.2741873,27.174
1780035915.2795844,27.176
1780035915.2849772,27.175
1780035915.2901676,27.175
1780035915.295803,27.174
1780035915.3012297,27.173
1780035915.3066483,27.173
1780035915.3120792,27.173
1780035915.3174298,27.174
1780035915.3228498,27.172
1780035915.3281915,27.174
1780035915.333588,27.173
1780035915.3390448,27.173
1780035915.3450723,27.172
1780035915.3511388,27.171
1780035915.3564868,27.171
1780035915.3618264,27.171
1780035915.3672466,27.171
1780035915.3727174,27.173
1780035915.3780277,27.172
1780035915.383429,27.172
1780035915.3888853,27.171
1780035915.3944805,27.171
1780035915.400389,27.17
1780035915.4056315,27.171
1780035915.4110222,27.171
1780035915.4164355,27.17
1780035915.421822,27.172
1780035915.427197,27.171
1780035915.4325962,27.171
1780035915.438075,27.17
1780035915.4438367,27.169
1780035915.4493866,27.168
1780035915.454919,27.169
1780035915.4602177,27.165
1780035915.4656134,27.172
1780035915.4710178,27.174
1780035915.4764,27.176
1780035915.4818208,27.177
1780035915.48755,27.179
1780035915.4933565,27.18
1780035915.4986136,27.182
1780035915.5040848,27.185
1780035915.5094047,27.184
1780035915.5147984,27.185
1780035915.5202193,27.185
1780035915.525686,27.184
1780035915.5317914,27.184
1780035915.5373423,27.183
1780035915.54326,27.183
1780035915.5490193,27.183
1780035915.5544436,27.184
1780035915.5599127,27.186
1780035915.565229,27.185
1780035915.5705848,27.185
1780035915.5761201,27.184
1780035915.581867,27.183
1780035915.5873907,27.182
1780035915.5929294,27.182
1780035915.5982373,27.182
1780035915.6036425,27.182
1780035915.6090288,27.183
1780035915.61441,27.183
1780035915.6198068,27.182
1780035915.6255124,27.181
1780035915.6313415,27.18
1780035915.6366024,27.18
1780035915.6420078,27.181
1780035915.6473668,27.178
1780035915.6525483,27.18
1780035915.6581953,27.179
1780035915.6635878,27.179
1780035915.6690207,27.178
1780035915.6744394,27.178
1780035915.680153,27.177
1780035915.6860447,27.177
1780035915.6912642,27.178
1780035915.6965773,27.178
1780035915.7017763,27.177
1780035915.7073867,27.177
1780035915.712585,27.176
1780035915.7184954,27.176
1780035915.724408,27.175
1780035915.7296767,27.175
1780035915.734994,27.175
1780035915.7403982,27.173
1780035915.7458553,27.177
1780035915.75123,27.177
1780035915.7565753,27.176
1780035915.7620573,27.176
1780035915.7678657,27.175
1780035915.7736282,27.173
1780035915.7795155,27.174
1780035915.784845,27.174
1780035915.7902005,27.175
1780035915.7956069,27.176
1780035915.8010223,27.176
1780035915.806395,27.176
1780035915.811793,27.175
1780035915.817346,27.174
1780035915.822834,27.173
1780035915.8286595,27.174
1780035915.8340437,27.171
1780035915.8395112,27.175
1780035915.8448298,27.174
1780035915.8501775,27.174
1780035915.855679,27.173
1780035915.8617907,27.172
1780035915.8673487,27.171
1780035915.8732376,27.172
1780035915.8784997,27.173
1780035915.883831,27.174
1780035915.8892252,27.175
1780035915.894596,27.175
1780035915.899838,27.174
1780035915.9054332,27.173
1780035915.9108279,27.173
1780035915.9162414,27.172
1780035915.9216924,27.173
1780035915.92698,27.172
1780035915.9322405,27.172
1780035915.9378483,27.172
1780035915.9432342,27.171
1780035915.9486356,27.171
1780035915.9540951,27.17
1780035915.9597023,27.169
1780035915.9656107,27.169
1780035915.970841,27.17
1780035915.9761782,27.17
1780035915.9813933,27.17
1780035915.9869835,27.17
1780035915.9922464,27.169
1780035915.9978328,27.169
1780035916.0032306,27.168
1780035916.0086362,27.167
1780035916.0140965,27.168
1780035916.01945,27.168
1780035916.0248468,27.167
1780035916.030195,27.168
1780035916.0355985,27.168
1780035916.0410364,27.168
1780035916.0468326,27.167
1780035916.0525067,27.166
1780035916.0578578,27.166
1780035916.0632548,27.167
1780035916.0685987,27.164
1780035916.0737805,27.166
1780035916.0793867,27.166
1780035916.0845854,27.166
1780035916.0902088,27.165
1780035916.095599,27.165
1780035916.1010542,27.164
1780035916.1064985,27.164
1780035916.1118186,27.165
1780035916.1173646,27.164
1780035916.1226075,27.164
1780035916.128,27.163
1780035916.1333983,27.163
1780035916.1389484,27.162
1780035916.1446579,27.161
1780035916.1501534,27.16
1780035916.1557262,27.16
1780035916.1610122,27.16
1780035916.1663938,27.16
1780035916.1718166,27.16
1780035916.1772041,27.16
1780035916.1826391,27.16
1780035916.1881354,27.159
1780035916.1937573,27.158
1780035916.199464,27.158
1780035916.204857,27.159
1780035916.2102318,27.158
1780035916.2156086,27.158
1780035916.2209942,27.158
1780035916.2262356,27.157
1780035916.2318325,27.157
1780035916.2372267,27.156
1780035916.242657,27.156
1780035916.2481003,27.156
1780035916.253456,27.157
1780035916.2588587,27.155
1780035916.264215,27.156
1780035916.2695913,27.156
1780035916.2750251,27.156
1780035916.2807522,27.155
1780035916.2870665,27.154
1780035916.2925837,27.154
1780035916.298032,27.154
1780035916.3033433,27.154
1780035916.3087585,27.157
1780035916.3140452,27.157
1780035916.3193953,27.157
1780035916.3249323,27.156
1780035916.3306677,27.155
1780035916.3361719,27.154
1780035916.3417342,27.155
1780035916.3470392,27.155
1780035916.3524542,27.154
1780035916.3578424,27.156
1780035916.3632233,27.156
1780035916.3685873,27.155
1780035916.3738306,27.155
1780035916.3797019,27.154
1780035916.3856084,27.154
1780035916.3908472,27.154
1780035916.396185,27.152
1780035916.4013765,27.154
1780035916.4070535,27.154
1780035916.412427,27.154
1780035916.4177866,27.154
1780035916.423091,27.153
1780035916.4290233,27.152
1780035916.4349275,27.153
1780035916.4406154,27.153
1780035916.4460428,27.153
1780035916.4514441,27.155
1780035916.4568262,27.155
1780035916.4622304,27.154
1780035916.4679542,27.154
1780035916.4742799,27.153
1780035916.4797547,27.152
1780035916.485194,27.153
1780035916.4905126,27.154
1780035916.4959457,27.156
1780035916.501247,27.155
1780035916.5065932,27.155
1780035916.5121374,27.155
1780035916.517879,27.154
1780035916.5234354,27.153
1780035916.5289347,27.153
1780035916.5342581,27.153
1780035916.5396605,27.152
1780035916.5450206,27.154
1780035916.5504134,27.154
1780035916.5558136,27.153
1780035916.5610557,27.152
1780035916.5668964,27.151
1780035916.572796,27.151
1780035916.5780525,27.151
1780035916.5834005,27.148
1780035916.588581,27.152
1780035916.5942006,27.152
1780035916.5994077,27.151
1780035916.6050076,27.151
1780035916.6103022,27.15
1780035916.6162643,27.148
1780035916.6221042,27.149
1780035916.6278522,27.149
1780035916.6332495,27.151
1780035916.638628,27.152
1780035916.6440072,27.152
1780035916.6494107,27.151
1780035916.6546493,27.15
1780035916.6605172,27.149
1780035916.6664457,27.149
1780035916.67171,27.149
1780035916.6770062,27.147
1780035916.6821985,27.15
1780035916.6878262,27.151
1780035916.6932056,27.15
1780035916.698602,27.15
1780035916.7039027,27.148
1780035916.709771,27.147
1780035916.7156568,27.147
1780035916.7209258,27.148
1780035916.726233,27.148
1780035916.7316167,27.147
1780035916.7370121,27.147
1780035916.7422538,27.146
1780035916.7478402,27.145
1780035916.7532341,27.145
1780035916.7586548,27.144
1780035916.7641058,27.144
1780035916.7694197,27.145
1780035916.7748454,27.142
1780035916.7802048,27.143
1780035916.7856023,27.143
1780035916.7910557,27.142
1780035916.7967613,27.141
1780035916.8030608,27.14
1780035916.808577,27.139
1780035916.8138862,27.139
1780035916.8192658,27.14
1780035916.8246272,27.141
1780035916.8300078,27.141
1780035916.8354132,27.14
1780035916.840956,27.139
1780035916.846802,27.137
1780035916.8522904,27.135
1780035916.8577385,27.135
1780035916.863046,27.136
1780035916.868457,27.136
1780035916.8738065,27.137
1780035916.8790512,27.137
1780035916.8846428,27.136
1780035916.8900342,27.136
1780035916.8954465,27.135
1780035916.9009097,27.135
1780035916.9062324,27.135
1780035916.9116645,27.133
1780035916.9171057,27.135
1780035916.9224577,27.135
1780035916.9278288,27.134
1780035916.9333506,27.133
1780035916.9390674,27.132
1780035916.9447098,27.131
1780035916.950189,27.13
1780035916.9555078,27.131
1780035916.960871,27.132
1780035916.9661963,27.133
1780035916.9714124,27.133
1780035916.9769988,27.133
1780035916.9825444,27.133
1780035916.988251,27.131
1780035916.9937975,27.13
1780035916.9993808,27.131
1780035917.0046756,27.13
1780035917.0100598,27.133
1780035917.0154152,27.133
1780035917.0206168,27.133
1780035917.0262558,27.133
1780035917.0316696,27.132
1780035917.0373013,27.132
1780035917.0431979,27.132
1780035917.0484514,27.133
1780035917.053893,27.133
1780035917.0592527,27.134
1780035917.0645976,27.134
1780035917.0701523,27.133
1780035917.0759072,27.132
1780035917.0816233,27.131
1780035917.0874999,27.131
1780035917.0929313,27.131
1780035917.0982456,27.13
1780035917.1036482,27.131
1780035917.1090286,27.131
1780035917.1145563,27.131
1780035917.1201062,27.129
1780035917.1262789,27.129
1780035917.1320102,27.128
1780035917.1379333,27.128
1780035917.1432972,27.129
1780035917.1486633,27.129
1780035917.154037,27.13
1780035917.1594286,27.13
1780035917.16491,27.129
1780035917.1706655,27.128
1780035917.1764085,27.127
1780035917.182356,27.127
1780035917.187702,27.128
1780035917.192998,27.126
1780035917.198234,27.128
1780035917.2038178,27.128
1780035917.209215,27.127
1780035917.214637,27.127
1780035917.2200663,27.126
1780035917.2255037,27.126
1780035917.230915,27.126
1780035917.2362676,27.126
1780035917.2416725,27.125
1780035917.247144,27.128
1780035917.2524586,27.127
1780035917.2578094,27.127
1780035917.263351,27.126
1780035917.2690349,27.125
1780035917.2745843,27.124
1780035917.2801495,27.124
1780035917.2854683,27.125
1780035917.290866,27.125
1780035917.2962098,27.126
1780035917.301425,27.125
1780035917.307318,27.125
1780035917.3131888,27.124
1780035917.318458,27.124
1780035917.323851,27.124
1780035917.3293347,27.125
1780035917.3346083,27.122
1780035917.3398004,27.123
1780035917.3454125,27.123
1780035917.3506112,27.122
1780035917.3562741,27.122
1780035917.3620007,27.122
1780035917.368267,27.121
1780035917.37375,27.121
1780035917.3791368,27.121
1780035917.3844764,27.12
1780035917.3898196,27.121
1780035917.3950646,27.12
1780035917.4006586,27.12
1780035917.4060965,27.12
1780035917.4114778,27.119
1780035917.4169123,27.119
1780035917.4222708,27.12
1780035917.4276817,27.118
1780035917.4330676,27.119
1780035917.4384453,27.119
1780035917.4438381,27.119
1780035917.4496422,27.118
1780035917.45599,27.117
1780035917.4619157,27.117
1780035917.4673052,27.117
1780035917.4726403,27.118
1780035917.478075,27.118
1780035917.4834232,27.12
1780035917.4889102,27.119
1780035917.4945,27.119
1780035917.5004005,27.118
1780035917.505664,27.118
1780035917.5110612,27.118
1780035917.5165253,27.118
1780035917.521826,27.118
1780035917.527208,27.118
1780035917.5326328,27.119
1780035917.538026,27.119
1780035917.5434046,27.118
1780035917.5485857,27.118
1780035917.5544884,27.118
1780035917.5604274,27.118
1780035917.5656657,27.119
1780035917.5710053,27.118
1780035917.5765545,27.12
1780035917.5822475,27.122
1780035917.5878246,27.124
1780035917.5936518,27.123
1780035917.5993192,27.123
1780035917.6046162,27.122
1780035917.6098683,27.123
1780035917.6154525,27.123
1780035917.6208823,27.125
1780035917.6262925,27.126
1780035917.631979,27.125
1780035917.637792,27.125
1780035917.6430252,27.124
1780035917.648593,27.123
1780035917.6540887,27.123
1780035917.6598868,27.123
1780035917.6660233,27.122
1780035917.671994,27.125
1780035917.6773107,27.125
1780035917.6826782,27.125
1780035917.6887777,27.124
1780035917.6948807,27.124
1780035917.7006433,27.124
1780035917.706045,27.125
1780035917.711391,27.123
1780035917.7165675,27.125
1780035917.722186,27.125
1780035917.7274432,27.124
1780035917.7330618,27.124
1780035917.7384522,27.124
1780035917.7438576,27.123
1780035917.7493458,27.123
1780035917.7546616,27.124
1780035917.7600799,27.123
1780035917.7654567,27.125
1780035917.7708797,27.124
1780035917.7763019,27.124
1780035917.7820354,27.123
1780035917.7883785,27.122
1780035917.794317,27.122
1780035917.799702,27.123
1780035917.8050458,27.122
1780035917.8104908,27.126
1780035917.8161283,27.125
1780035917.8220263,27.125
1780035917.8272882,27.125
1780035917.8326335,27.124
1780035917.838066,27.124
1780035917.8434951,27.124
1780035917.8489199,27.125
1780035917.8542657,27.124
1780035917.8596654,27.123
1780035917.8650677,27.123
1780035917.8712692,27.122
1780035917.8771465,27.122
1780035917.882479,27.121
1780035917.887875,27.121
1780035917.8933449,27.122
1780035917.8986588,27.119
1780035917.9040606,27.121
1780035917.9094374,27.121
1780035917.9148695,27.121
1780035917.9202843,27.12
1780035917.9260015,27.12
1780035917.932282,27.119
1780035917.9377615,27.119
1780035917.943086,27.12
1780035917.948527,27.119
1780035917.9538856,27.121
1780035917.959644,27.12
1780035917.9659967,27.119
1780035917.9719195,27.119
1780035917.9773092,27.119
1780035917.9826987,27.119
1780035917.988121,27.119
1780035917.9934518,27.119
1780035917.998885,27.121
1780035918.0042505,27.121
1780035918.0096765,27.121
1780035918.0150933,27.12
1780035918.0207946,27.12
1780035918.026577,27.119
1780035918.0319307,27.12
1780035918.037274,27.12
1780035918.0427153,27.119
1780035918.048475,27.12
1780035918.0547872,27.119
1780035918.0607128,27.119
1780035918.0661182,27.119
1780035918.0715055,27.118
1780035918.0769258,27.119
1780035918.0822887,27.119
1780035918.087685,27.119
1780035918.0930448,27.12
1780035918.0984921,27.119
1780035918.1040676,27.118
1780035918.1099412,27.118
1780035918.1153302,27.117
1780035918.120697,27.116
1780035918.1261218,27.117
1780035918.1314585,27.118
1780035918.136876,27.117
1780035918.1422436,27.118
1780035918.1476736,27.117
1780035918.1531093,27.117
1780035918.1592386,27.116
1780035918.165136,27.116
1780035918.170514,27.116
1780035918.1758711,27.116
1780035918.18131,27.116
1780035918.1867666,27.118
1780035918.1920717,27.118
1780035918.197446,27.117
1780035918.2028742,27.117
1780035918.2082927,27.117
1780035918.2137258,27.116
1780035918.2191584,27.117
1780035918.2244787,27.118
1780035918.229887,27.117
1780035918.2353127,27.118
1780035918.2409105,27.118
1780035918.2468247,27.118
1780035918.2520766,27.117
1780035918.2574801,27.117
1780035918.2629333,27.116
1780035918.2682614,27.117
1780035918.2736888,27.114
1780035918.2790956,27.118
1780035918.2845137,27.117
1780035918.289881,27.117
1780035918.2960188,27.116
1780035918.3019233,27.116
1780035918.3073306,27.115
1780035918.3126984,27.115
1780035918.3181267,27.116
1780035918.3234742,27.114
1780035918.328863,27.114
1780035918.3342183,27.114
1780035918.3397596,27.113
1780035918.345459,27.112
1780035918.35135,27.112
1780035918.357088,27.111
1780035918.3624895,27.112
1780035918.3678343,27.11
1780035918.373373,27.112
1780035918.3788953,27.111
1780035918.3847117,27.111
1780035918.3900785,27.111
1780035918.3954856,27.111
1780035918.401587,27.11
1780035918.4075189,27.111
1780035918.4129257,27.112
1780035918.4182892,27.111
1780035918.4240115,27.112
1780035918.4303892,27.111
1780035918.4363508,27.111
1780035918.4417214,27.111
1780035918.447091,27.11
1780035918.4525373,27.11
1780035918.4578824,27.111
1780035918.4633086,27.109
1780035918.4688168,27.111
1780035918.474136,27.111
1780035918.479502,27.11
1780035918.485652,27.11
1780035918.491536,27.11
1780035918.4968786,27.109
1780035918.5023558,27.11
1780035918.5077379,27.111
1780035918.5130732,27.11
1780035918.5184355,27.11
1780035918.5238278,27.11
1780035918.5293736,27.109
1780035918.5351226,27.108
1780035918.5408897,27.107
1780035918.5467796,27.107
1780035918.5520911,27.108
1780035918.5574079,27.108
1780035918.5625882,27.11
1780035918.5682335,27.11
1780035918.5734477,27.11
1780035918.5793107,27.109
1780035918.585079,27.109
1780035918.590476,27.108
1780035918.5959425,27.109
1780035918.601328,27.11
1780035918.606619,27.109
1780035918.611799,27.109
1780035918.6174676,27.109
1780035918.6228518,27.109
1780035918.6282983,27.108
1780035918.6336913,27.108
1780035918.6390448,27.108
1780035918.6444423,27.109
1780035918.649799,27.107
1780035918.654953,27.108
1780035918.6606507,27.108
1780035918.666325,27.108
1780035918.671996,27.107
1780035918.677669,27.106
1780035918.6835418,27.106
1780035918.688886,27.107
1780035918.6942499,27.107
1780035918.69968,27.109
1780035918.7050157,27.11
1780035918.7105615,27.11
1780035918.7162707,27.109
1780035918.722189,27.108
1780035918.7278433,27.108
1780035918.7332435,27.108
1780035918.7386308,27.108
1780035918.7438257,27.107
1780035918.7494507,27.11
1780035918.7548387,27.111
1780035918.7605195,27.111
1780035918.7664175,27.111
1780035918.771685,27.11
1780035918.7771063,27.11
1780035918.782541,27.11
1780035918.7878835,27.111
1780035918.79331,27.11
1780035918.7986388,27.111
1780035918.8039265,27.11
1780035918.8098032,27.11
1780035918.8157086,27.11
1780035918.8212395,27.109
1780035918.8267386,27.108
1780035918.8323474,27.108
1780035918.8376963,27.107
1780035918.8429985,27.111
1780035918.8482087,27.11
1780035918.8538916,27.11
1780035918.859322,27.11
1780035918.864897,27.109
1780035918.8707705,27.109
1780035918.8760788,27.109
1780035918.8814888,27.11
1780035918.8868966,27.109
1780035918.8923705,27.111
1780035918.8976843,27.111
1780035918.903041,27.111
1780035918.9082432,27.11
1780035918.9138448,27.11
1780035918.9194088,27.109
1780035918.9248888,27.109
1780035918.9306715,27.11
1780035918.9360924,27.108
1780035918.9414775,27.11
1780035918.9469051,27.11
1780035918.952254,27.109
1780035918.9583418,27.109
1780035918.9643855,27.108
1780035918.9697042,27.108
1780035918.975086,27.109
1780035918.9804885,27.107
1780035918.98597,27.11
1780035918.9912941,27.109
1780035918.996726,27.109
1780035919.002148,27.109
1780035919.0074756,27.109
1780035919.0135648,27.108
1780035919.0195875,27.108
1780035919.024905,27.109
1780035919.0302615,27.109
1780035919.0354416,27.109
1780035919.0413282,27.108
1780035919.0472262,27.108
1780035919.052482,27.108
1780035919.0578766,27.108
1780035919.0633304,27.108
1780035919.068656,27.108
1780035919.0740921,27.105
1780035919.0795174,27.109
1780035919.084885,27.109
1780035919.0902934,27.109
1780035919.0957093,27.108
1780035919.101039,27.108
1780035919.10654,27.108
1780035919.1120706,27.107
1780035919.1178844,27.108
1780035919.1232865,27.107
1780035919.1287766,27.109
1780035919.1341257,27.109
1780035919.1394649,27.108
1780035919.1451497,27.108
1780035919.1509464,27.106
1780035919.1564016,27.105
1780035919.1622574,27.106
1780035919.167653,27.104
1780035919.1731288,27.107
1780035919.178493,27.107
1780035919.1841412,27.106
1780035919.1900337,27.106
1780035919.195307,27.105
1780035919.2006907,27.105
1780035919.206106,27.105
1780035919.2114782,27.106
1780035919.216901,27.105
1780035919.2223752,27.108
1780035919.2276878,27.107
1780035919.233041,27.107
1780035919.2386088,27.107
1780035919.2443235,27.105
1780035919.2498128,27.105
1780035919.2554207,27.105
1780035919.2607007,27.106
1780035919.2661076,27.105
1780035919.2714639,27.107
1780035919.27717,27.106
1780035919.2829673,27.106
1780035919.2882872,27.106
1780035919.293677,27.105
1780035919.299117,27.105
1780035919.3045259,27.106
1780035919.3098216,27.103
1780035919.3149793,27.106
1780035919.3206959,27.107
1780035919.3261182,27.106
1780035919.3314564,27.106
1780035919.336858,27.105
1780035919.3425412,27.105
1780035919.3484757,27.105
1780035919.3537354,27.106
1780035919.3590865,27.106
1780035919.3644958,27.109
1780035919.3701735,27.108
1780035919.3760576,27.108
1780035919.3813083,27.108
1780035919.386652,27.108
1780035919.3918576,27.107
1780035919.3975573,27.108
1780035919.4029162,27.108
1780035919.408293,27.107
1780035919.413648,27.106
1780035919.419151,27.106
1780035919.4245057,27.106
1780035919.430168,27.105
1780035919.436058,27.105
1780035919.4413066,27.105
1780035919.4466343,27.106
1780035919.451834,27.104
1780035919.4575732,27.106
1780035919.4628882,27.106
1780035919.4682603,27.105
1780035919.4738195,27.104
1780035919.4795225,27.102
1780035919.485399,27.101
1780035919.4911425,27.101
1780035919.4966302,27.102
1780035919.5019064,27.102
1780035919.5073812,27.104
1780035919.512713,27.104
1780035919.5184224,27.103
1780035919.5246763,27.103
1780035919.530436,27.101
1780035919.5359235,27.1
1780035919.5415304,27.101
1780035919.5469358,27.103
1780035919.5523906,27.105
1780035919.5577385,27.105
1780035919.5631132,27.105
1780035919.568554,27.105
1780035919.5741527,27.105
1780035919.5800593,27.105
1780035919.5853136,27.105
1780035919.5906343,27.106
1780035919.5958753,27.107
1780035919.6015048,27.108
1780035919.6075473,27.108
1780035919.613245,27.107
1780035919.6188812,27.105
1780035919.6246307,27.103
1780035919.6305547,27.104
1780035919.6362424,27.105
1780035919.6417334,27.108
1780035919.6470728,27.109
1780035919.6525002,27.109
1780035919.6579094,27.109
1780035919.6636405,27.109
1780035919.6698952,27.108
1780035919.6754491,27.108
1780035919.680897,27.109
1780035919.6868782,27.109
1780035919.6927667,27.113
1780035919.698099,27.113
1780035919.70352,27.113
1780035919.709605,27.112
1780035919.7156305,27.112
1780035919.7209141,27.111
1780035919.7263029,27.112
1780035919.731754,27.113
1780035919.737372,27.111
1780035919.7434337,27.114
1780035919.7493722,27.113
1780035919.7552686,27.113
1780035919.7604973,27.113
1780035919.7658534,27.113
1780035919.7711048,27.113
1780035919.7767088,27.113
1780035919.782143,27.11
1780035919.7875216,27.114
1780035919.7929099,27.114
1780035919.7983074,27.114
1780035919.8040133,27.113
1780035919.810304,27.113
1780035919.8157923,27.112
1780035919.8211732,27.112
1780035919.8265529,27.113
1780035919.8319368,27.113
1780035919.837594,27.115
1780035919.8439267,27.114
1780035919.849675,27.112
1780035919.855355,27.11
1780035919.8609378,27.109
1780035919.8663726,27.109
1780035919.8718169,27.11
1780035919.8778422,27.113
1780035919.8839,27.117
1780035919.8895113,27.117
1780035919.8949213,27.116
1780035919.9002693,27.116
1780035919.905709,27.116
1780035919.9111245,27.116
1780035919.9165578,27.116
1780035919.9218824,27.117
1780035919.9273055,27.115
1780035919.9327114,27.117
1780035919.93816,27.116
1780035919.9437757,27.116
1780035919.949677,27.116
1780035919.9548988,27.115
1780035919.9602652,27.115
1780035919.9657018,27.116
1780035919.9710855,27.113
1780035919.9765284,27.117
1780035919.9818714,27.116
1780035919.9872675,27.116
1780035919.992694,27.116
1780035919.998434,27.116
1780035920.0046756,27.115
1780035920.0107965,27.115
1780035920.0161607,27.116
1780035920.0215547,27.116
1780035920.0275502,27.115
1780035920.0335083,27.114
1780035920.0391757,27.114
1780035920.0446014,27.113
1780035920.0506475,27.113
1780035920.0565393,27.114
1780035920.0622652,27.114
1780035920.06767,27.119
1780035920.0730479,27.12
1780035920.0785234,27.119
1780035920.0846303,27.119
1780035920.0901806,27.118
1780035920.0960789,27.118
1780035920.1013477,27.118
1780035920.106665,27.119
1780035920.112092,27.116
1780035920.1175396,27.12
1780035920.1235502,27.12
1780035920.1295507,27.119
1780035920.1352272,27.118
1780035920.1408038,27.118
1780035920.1463368,27.117
1780035920.1517663,27.117
1780035920.1570952,27.119
1780035920.162541,27.123
1780035920.1678922,27.124
1780035920.1733077,27.124
1780035920.1787221,27.124
1780035920.184431,27.124
1780035920.1906781,27.123
1780035920.1962543,27.122
1780035920.2017248,27.123
1780035920.2074442,27.121
1780035920.2127757,27.123
1780035920.218452,27.123
1780035920.2240021,27.122
1780035920.229754,27.12
1780035920.2353363,27.119
1780035920.2412288,27.119
1780035920.2465084,27.119
1780035920.2519,27.119
1780035920.257366,27.121
1780035920.2629418,27.122
1780035920.2688482,27.122
1780035920.274109,27.122
1780035920.2795053,27.121
1780035920.2849581,27.121
1780035920.2903082,27.12
1780035920.2957597,27.121
1780035920.301067,27.12
1780035920.3065,27.12
1780035920.3122385,27.12
1780035920.3181055,27.12
1780035920.3235984,27.119
1780035920.3293514,27.117
1780035920.334951,27.115
1780035920.3408322,27.115
1780035920.3461065,27.115
1780035920.3516307,27.117
1780035920.3569643,27.116
1780035920.3622856,27.116
1780035920.3675847,27.115
1780035920.3734517,27.114
1780035920.3791578,27.113
1780035920.3845417,27.113
1780035920.3899007,27.113
1780035920.3953578,27.11
1780035920.401046,27.112
1780035920.4071207,27.115
1780035920.4129617,27.114
1780035920.4188483,27.114
1780035920.4241052,27.113
1780035920.4295177,27.112
1780035920.4349658,27.112
1780035920.4402938,27.112
1780035920.4457197,27.103
1780035920.4510574,27.112
1780035920.4562423,27.122
1780035920.4618936,27.131
1780035920.4673667,27.142
1780035920.4729757,27.152
1780035920.4789054,27.16
1780035920.4843996,27.171
1780035920.4900336,27.179
1780035920.4956315,27.186
1780035920.501202,27.197
1780035920.5067768,27.205
1780035920.512343,27.214
1780035920.5178125,27.223
1780035920.5235116,27.231
1780035920.5293112,27.242
1780035920.5352123,27.25
1780035920.5405147,28.005
1780035920.5459085,28.014
1780035920.5513542,28.03
1780035920.5566492,28.051
1780035920.5618997,28.055
1780035920.5674708,28.059
1780035920.5729146,28.059
1780035920.578346,28.058
1780035920.5840528,28.057
1780035920.5898557,28.055
1780035920.595097,28.053
1780035920.6004627,28.053
1780035920.6058688,28.052
1780035920.611374,28.05
1780035920.616733,28.051
1780035920.6224008,28.049
1780035920.628176,28.047
1780035920.6338613,28.044
1780035920.6396852,28.044
1780035920.6449125,28.043
1780035920.6502492,28.043
1780035920.655478,28.04
1780035920.6610882,28.044
1780035920.6665666,28.044
1780035920.6721551,28.043
1780035920.6780632,28.042
1780035920.6833148,28.041
1780035920.6887054,28.04
1780035920.6941671,28.039
1780035920.6995044,28.039
1780035920.705556,28.037
1780035920.711473,28.04
1780035920.7175333,28.042
1780035920.7232893,28.04
1780035920.7289615,28.038
1780035920.7345626,28.036
1780035920.7399728,28.035
1780035920.7454133,28.035
1780035920.7514613,28.039
1780035920.7575243,28.041
1780035920.7633662,28.04
1780035920.769271,28.039
1780035920.7745132,28.038
1780035920.7798717,28.037
1780035920.7853055,28.036
1780035920.7907138,28.036
1780035920.7961578,28.032
1780035920.8015933,28.034
1780035920.8069236,28.033
1780035920.812333,28.032
1780035920.8180275,28.03
1780035920.824315,28.028
1780035920.8299966,28.026
1780035920.835369,28.026
1780035920.84108,28.026
1780035920.8465059,28.026
1780035920.8518834,28.027
1780035920.8573291,28.026
1780035920.8630037,28.025
1780035920.8688831,28.024
1780035920.8741095,28.022
1780035920.879485,28.021
1780035920.884913,28.021
1780035920.890295,28.018
1780035920.8963745,28.018
1780035920.902484,28.018
1780035920.9078503,28.017
1780035920.9136126,28.015
1780035920.9192405,28.013
1780035920.9250777,28.012
1780035920.930527,28.011
1780035920.935954,28.012
1780035920.941702,28.013
1780035920.9475935,28.013
1780035920.9535038,28.012
1780035920.9592724,28.009
1780035920.964993,28.006
1780035920.97083,28.005
1780035920.9761164,28.005
1780035920.9814956,28.005
1780035920.9869645,28.006
1780035920.9925113,28.006
1780035920.9983904,28.006
1780035921.0037227,28.004
1780035921.0091405,28.003
1780035921.0152676,28.001
1780035921.0211756,28.001
1780035921.026563,28.001
1780035921.031894,27.254
1780035921.0373554,28.001
1780035921.0429652,28.0
1780035921.0488696,27.255
1780035921.0541215,27.253
1780035921.0594745,27.252
1780035921.064829,27.251
1780035921.070304,27.25
1780035921.0757718,27.25
1780035921.0811784,27.247
1780035921.0875015,27.249
1780035921.0934372,27.248
1780035921.099146,27.247
1780035921.104517,27.246
1780035921.1098716,27.244
1780035921.115108,27.243
1780035921.120731,27.243
1780035921.1261637,27.24
1780035921.131624,27.242
1780035921.1369195,27.241
1780035921.1423042,27.24
1780035921.1477342,27.239
1780035921.1533976,27.237
1780035921.1592598,27.236
1780035921.1645212,27.236
1780035921.1698878,27.236
1780035921.1751487,27.234
1780035921.1810167,27.235
1780035921.1869211,27.234
1780035921.1924407,27.233
1780035921.198161,27.23
1780035921.2037747,27.228
1780035921.2096539,27.227
1780035921.2149243,27.227
1780035921.2203467,27.229
1780035921.2257705,27.231
1780035921.2313664,27.23
1780035921.237263,27.229
1780035921.242526,27.228
1780035921.2479231,27.226
1780035921.253375,27.225
1780035921.258809,27.225
1780035921.2641828,27.224
1780035921.2695143,27.222
1780035921.2749186,27.223
1780035921.2803354,27.222
1780035921.2860382,27.221
1780035921.292331,27.22
1780035921.298001,27.218
1780035921.3034077,27.217
1780035921.3091285,27.217
1780035921.314535,27.217
1780035921.3198957,27.218
1780035921.3253508,27.218
1780035921.3310063,27.217
1780035921.3368747,27.216
1780035921.3421223,27.215
1780035921.3474824,27.214
1780035921.3527322,27.214
1780035921.3582988,27.214
1780035921.3640642,27.211
1780035921.370477,27.212
1780035921.3763885,27.211
1780035921.3817234,27.21
1780035921.3871322,27.209
1780035921.3925748,27.208
1780035921.3979228,27.207
1780035921.403344,27.208
1780035921.4086661,27.205
1780035921.4141474,27.205
1780035921.41976,27.203
1780035921.425644,27.202
1780035921.4309335,27.201
1780035921.436351,27.2
1780035921.441773,27.199
1780035921.4472017,27.199
1780035921.4525442,27.197
1780035921.457935,27.197
1780035921.4633584,27.196
1780035921.4687371,27.195
1780035921.4744446,27.194
1780035921.4803066,27.193
1780035921.4860406,27.192
1780035921.4915705,27.191
1780035921.4970458,27.19
1780035921.5024993,27.188
1780035921.5084984,27.191
1780035921.5143275,27.19
1780035921.5200636,27.188
1780035921.525776,27.186
1780035921.5313442,27.184
1780035921.5367465,27.183
1780035921.5422003,27.183
1780035921.5481465,27.187
1780035921.5540082,27.19
1780035921.5593338,27.19
1780035921.5647447,27.189
1780035921.5701382,27.189
1780035921.5757825,27.187
1780035921.581693,27.187
1780035921.5869262,27.187
1780035921.5923345,27.187
1780035921.5977814,27.185
1780035921.6033795,27.185
1780035921.6093419,27.185
1780035921.6148686,27.184
1780035921.6205928,27.182
1780035921.6261585,27.179
1780035921.6320584,27.179
1780035921.6373308,27.179
1780035921.6427393,27.18
1780035921.6481686,27.182
1780035921.6535332,27.181
1780035921.6595807,27.18
1780035921.6652715,27.178
1780035921.670927,27.176
1780035921.676447,27.174
1780035921.6823556,27.174
1780035921.6877556,27.172
1780035921.6931312,27.176
1780035921.6992662,27.176
1780035921.705185,27.176
1780035921.7105682,27.175
1780035921.715946,27.174
1780035921.722028,27.173
1780035921.727988,27.173
1780035921.733369,27.173
1780035921.7387671,27.172
1780035921.744452,27.173
1780035921.750733,27.172
1780035921.7564068,27.17
1780035921.7618406,27.168
1780035921.767703,27.168
1780035921.772932,27.168
1780035921.7782598,27.168
1780035921.7835348,27.168
1780035921.789339,27.172
1780035921.794656,27.172
1780035921.8003602,27.169
1780035921.8060708,27.167
1780035921.811995,27.166
1780035921.817368,27.165
1780035921.822814,27.165
1780035921.8281887,27.165
1780035921.8338814,27.164
1780035921.8398955,27.167
1780035921.8455303,27.166
1780035921.8509402,27.166
1780035921.8563285,27.165
1780035921.8617601,27.164
1780035921.8671062,27.163
1780035921.8725448,27.164
1780035921.8778956,27.161
1780035921.8830771,27.161
1780035921.8887277,27.161
1780035921.8941061,27.16
1780035921.8997684,27.159
1780035921.905678,27.158
1780035921.9109337,27.157
1780035921.91639,27.157
1780035921.9217966,27.158
1780035921.9271505,27.157
1780035921.932583,27.158
1780035921.9381773,27.157
1780035921.9440918,27.156
1780035921.949452,27.156
1780035921.9549625,27.154
1780035921.9608614,27.154
1780035921.9661894,27.154
1780035921.9715097,27.154
1780035921.976948,27.158
1780035921.9823737,27.157
1780035921.9877512,27.157
1780035921.9930787,27.156
1780035921.9983013,27.155
1780035922.0039434,27.154
1780035922.0093825,27.154
1780035922.0147486,27.154
1780035922.0201523,27.153
1780035922.0255203,27.154
1780035922.0309525,27.153
1780035922.0366297,27.153
1780035922.0425303,27.152
1780035922.0480382,27.151
1780035922.0535724,27.15
1780035922.0592356,27.15
1780035922.0645473,27.148
1780035922.0701187,27.15
1780035922.0760818,27.152
1780035922.081346,27.151
1780035922.0867443,27.15
1780035922.0928571,27.149
1780035922.0987692,27.148
1780035922.1041746,27.148
1780035922.1095164,27.149
1780035922.1152797,27.147
1780035922.121515,27.148
1780035922.1276042,27.146
1780035922.1332626,27.145
1780035922.138917,27.143
1780035922.1445842,27.142
1780035922.1504467,27.142
1780035922.1557293,27.144
1780035922.161141,27.148
1780035922.1665847,27.151
1780035922.1722043,27.15
1780035922.1781046,27.15
1780035922.1833365,27.149
1780035922.1886952,27.148
1780035922.1941369,27.147
1780035922.199526,27.148
1780035922.2049882,27.146
1780035922.2104342,27.146
1780035922.215738,27.146
1780035922.2211323,27.145
1780035922.2268524,27.145
1780035922.2326357,27.144
1780035922.2378955,27.143
1780035922.2431378,27.143
1780035922.248733,27.143
1780035922.2549255,27.141
1780035922.2609575,27.144
1780035922.266732,27.144
1780035922.2721262,27.144
1780035922.2775335,27.143
1780035922.2829955,27.142
1780035922.2883675,27.142
1780035922.2937865,27.142
1780035922.2991583,27.143
1780035922.3045673,27.141
1780035922.309958,27.142
1780035922.3153949,27.142
1780035922.321013,27.141
1780035922.3269045,27.141
1780035922.3321416,27.14
1780035922.337537,27.139
1780035922.342994,27.14
1780035922.3483095,27.136
1780035922.353617,27.138
1780035922.3593698,27.137
1780035922.3645973,27.137
1780035922.3698947,27.136
1780035922.3754454,27.135
1780035922.381151,27.134
1780035922.3866277,27.134
1780035922.3919327,27.134
1780035922.3975103,27.132
1780035922.4032836,27.133
1780035922.4095287,27.132
1780035922.4152923,27.131
1780035922.4209895,27.128
1780035922.4265563,27.126
1780035922.4319618,27.126
1780035922.4374073,27.126
1780035922.443166,27.13
1780035922.4485338,27.132
1780035922.4539213,27.132
1780035922.4593441,27.131
1780035922.4647574,27.131
1780035922.4708607,27.13
1780035922.4767869,27.129
1780035922.4821749,27.129
1780035922.4874845,27.13
1780035922.4927666,27.129
1780035922.4984653,27.13
1780035922.5044417,27.129
1780035922.510507,27.129
1780035922.5158834,27.128
1780035922.5216548,27.125
1780035922.5271635,27.124
1780035922.533112,27.125
1780035922.5385106,27.124
1780035922.54393,27.125
1780035922.549464,27.125
1780035922.5550623,27.124
1780035922.5609894,27.123
1780035922.5669055,27.122
1780035922.572143,27.122
1780035922.5774877,27.122
1780035922.5826879,27.119
1780035922.588421,27.122
1780035922.594405,27.121
1780035922.6005552,27.12
1780035922.6064491,27.119
1780035922.6117435,27.119
1780035922.6171656,27.118
1780035922.6225994,27.118
1780035922.6279392,27.119
1780035922.6333637,27.118
1780035922.638714,27.119
1780035922.6441486,27.119
1780035922.649545,27.119
1780035922.6552734,27.118
1780035922.6615343,27.117
1780035922.6670706,27.116
1780035922.672564,27.116
1780035922.6782577,27.114
1780035922.6835418,27.116
1780035922.6895308,27.118
1780035922.6951551,27.118
1780035922.7005577,27.117
1780035922.7059033,27.116
1780035922.7114697,27.115
1780035922.716951,27.115
1780035922.7227468,27.115
1780035922.728152,27.113
1780035922.7335403,27.114
1780035922.7390003,27.114
1780035922.74462,27.113
1780035922.7505322,27.112
1780035922.7560477,27.111
1780035922.7615998,27.111
1780035922.7671907,27.111
1780035922.7726214,27.11
1780035922.7781203,27.114
1780035922.7834518,27.114
1780035922.7887752,27.114
1780035922.7948477,27.113
1780035922.800875,27.112
1780035922.8062265,27.111
1780035922.811624,27.111
1780035922.8170023,27.112
1780035922.8225517,27.111
1780035922.8285985,27.114
1780035922.8345342,27.114
1780035922.840432,27.113
1780035922.8457508,27.112
1780035922.8511693,27.112
1780035922.8565648,27.111
1780035922.8619215,27.112
1780035922.867355,27.11
1780035922.8728828,27.112
1780035922.878204,27.112
1780035922.8835485,27.111
1780035922.8892584,27.111
1780035922.895516,27.109
1780035922.9010463,27.108
1780035922.9065313,27.109
1780035922.9123232,27.109
1780035922.9177034,27.11
1780035922.9231677,27.111
1780035922.9286003,27.111
1780035922.9342463,27.11
1780035922.9401145,27.11
1780035922.9453492,27.109
1780035922.9507077,27.109
1780035922.9561393,27.109
1780035922.9615207,27.107
1780035922.9675958,27.108
1780035922.9734898,27.107
1780035922.9793692,27.106
1780035922.9851243,27.105
1780035922.9906316,27.104
1780035922.9965403,27.104
1780035923.0017426,27.104
1780035923.007104,27.103
1780035923.0124958,27.105
1780035923.018154,27.107
1780035923.0240831,27.108
1780035923.0293646,27.107
1780035923.0347612,27.107
1780035923.0408604,27.105
1780035923.0468113,27.106
1780035923.0521903,27.107
1780035923.0575147,27.106
1780035923.0632606,27.107
1780035923.069025,27.107
1780035923.0743132,27.106
1780035923.0798485,27.105
1780035923.0855842,27.104
1780035923.0911045,27.103
1780035923.0966423,27.103
1780035923.1019053,27.1
1780035923.107073,27.103
1780035923.1127477,27.103
1780035923.1181412,27.103
1780035923.123573,27.102
1780035923.1289592,27.101
1780035923.134659,27.101
1780035923.1405146,27.101
1780035923.1457505,27.101
1780035923.1511009,27.102
1780035923.1564739,27.103
1780035923.1621997,27.101
1780035923.168111,27.101
1780035923.1733553,27.1
1780035923.1787453,27.1
1780035923.1842232,27.099
1780035923.1895447,27.1
1780035923.1950004,27.098
1780035923.200417,27.101
1780035923.2058637,27.101
1780035923.211179,27.1
1780035923.2168572,27.099
1780035923.2231622,27.098
1780035923.228877,27.097
1780035923.2342618,27.098
1780035923.239957,27.098
1780035923.2453666,27.1
1780035923.2507267,27.102
1780035923.2561486,27.102
1780035923.2615757,27.101
1780035923.2672966,27.101
1780035923.273554,27.1
1780035923.279073,27.099
1780035923.2845669,27.1
1780035923.290353,27.098
1780035923.2957544,27.1
1780035923.3011577,27.1
1780035923.3066041,27.099
1780035923.3122506,27.099
1780035923.3180916,27.098
1780035923.3233569,27.098
1780035923.3287542,27.098
1780035923.3342245,27.098
1780035923.3395844,27.098
1780035923.345591,27.098
1780035923.3515327,27.096
1780035923.3572829,27.095
1780035923.362994,27.093
1780035923.3685794,27.091
1780035923.3739848,27.091
1780035923.3794503,27.092
1780035923.3852277,27.097
1780035923.390556,27.097
1780035923.3959122,27.097
1780035923.4012504,27.096
1780035923.4071913,27.095
1780035923.4129748,27.094
1780035923.4188843,27.094
1780035923.4241595,27.094
1780035923.4295025,27.094
1780035923.4350228,27.095
1780035923.4405746,27.095
1780035923.4464858,27.096
1780035923.4517593,27.095
1780035923.4571743,27.095
1780035923.4626088,27.094
1780035923.4679677,27.094
1780035923.4734147,27.094
1780035923.4786952,27.093
1780035923.4839282,27.096
1780035923.4895985,27.095
1780035923.495017,27.095
1780035923.500632,27.094
1780035923.506536,27.094
1780035923.5117984,27.093
1780035923.5172331,27.093
1780035923.5226133,27.094
1780035923.5280836,27.094
1780035923.5334227,27.094
1780035923.5387456,27.094
1780035923.5441453,27.094
1780035923.549581,27.093
1780035923.5552917,27.092
1780035923.5610952,27.092
1780035923.5664277,27.093
1780035923.5718002,27.091
1780035923.577122,27.094
1780035923.5826094,27.095
1780035923.5879636,27.095
1780035923.5933769,27.094
1780035923.5987253,27.094
1780035923.6041596,27.093
1780035923.6095865,27.093
1780035923.6150048,27.093
1780035923.6203718,27.091
1780035923.6257799,27.093
1780035923.631132,27.093
1780035923.636593,27.092
1780035923.6422622,27.092
1780035923.6481194,27.091
1780035923.6533628,27.091
1780035923.6586995,27.091
1780035923.6639395,27.089
1780035923.6696813,27.092
1780035923.6750164,27.092
1780035923.6803455,27.092
1780035923.685746,27.091
1780035923.6911721,27.091
1780035923.696874,27.09
1780035923.7026918,27.09
1780035923.708003,27.09
1780035923.713402,27.091
1780035923.718904,27.093
1780035923.7242324,27.093
1780035923.729826,27.093
1780035923.7357554,27.092
1780035923.7412653,27.091
1780035923.7467568,27.09
1780035923.752409,27.091
1780035923.7578044,27.089
1780035923.7632031,27.092
1780035923.7685943,27.092
1780035923.7739701,27.092
1780035923.7796743,27.092
1780035923.785987,27.091
1780035923.7916903,27.09
1780035923.7970564,27.09
1780035923.8027442,27.091
1780035923.8081691,27.094
1780035923.8135066,27.096
1780035923.8187532,27.096
1780035923.8243914,27.096
1780035923.8301022,27.095
1780035923.8363912,27.094
1780035923.8419034,27.093
1780035923.8473623,27.094
1780035923.853157,27.093
1780035923.858564,27.096
1780035923.8639758,27.096
1780035923.8694217,27.096
1780035923.8750153,27.096
1780035923.8809218,27.095
1780035923.8861623,27.094
1780035923.89162,27.095
1780035923.897017,27.096
1780035923.9023938,27.096
1780035923.907816,27.098
1780035923.9131484,27.097
1780035923.9185667,27.097
1780035923.923983,27.096
1780035923.9296734,27.095
1780035923.935471,27.095
1780035923.9407148,27.096
1780035923.945948,27.094
1780035923.9515276,27.098
1780035923.957008,27.099
1780035923.9626434,27.099
1780035923.9685798,27.099
1780035923.974086,27.098
1780035923.9795892,27.096
1780035923.9852624,27.096
1780035923.9906178,27.097
1780035923.995956,27.098
1780035924.0013604,27.1
1780035924.0067563,27.1
1780035924.01247,27.099
1780035924.018266,27.098
1780035924.0235329,27.097
1780035924.0289242,27.098
1780035924.0343578,27.098
1780035924.0398061,27.096
1780035924.0452337,27.1
1780035924.0505838,27.1
1780035924.0559363,27.1
1780035924.0613713,27.099
1780035924.066794,27.099
1780035924.0729225,27.097
1780035924.0788386,27.098
1780035924.0842366,27.098
1780035924.0896044,27.098
1780035924.0950239,27.099
1780035924.1004143,27.099
1780035924.105786,27.098
1780035924.111117,27.098
1780035924.116683,27.096
1780035924.1221683,27.095
1780035924.1279624,27.095
1780035924.1333568,27.093
1780035924.1388392,27.097
1780035924.1442225,27.097
1780035924.14961,27.097
1780035924.1549873,27.096
1780035924.1603434,27.096
1780035924.1657686,27.094
1780035924.1711793,27.095
1780035924.1766164,27.096
1780035924.1819637,27.095
1780035924.1874008,27.097
1780035924.192738,27.097
1780035924.1981688,27.097
1780035924.2038612,27.096
1780035924.2097204,27.096
1780035924.2149658,27.095
1780035924.2204278,27.096
1780035924.2258196,27.095
1780035924.2312443,27.096
1780035924.2366238,27.096
1780035924.2419353,27.095
1780035924.2473319,27.095
1780035924.2527635,27.094
1780035924.2585113,27.093
1780035924.2642674,27.093
1780035924.2695131,27.093
1780035924.274746,27.093
1780035924.2805123,27.096
1780035924.285825,27.095
1780035924.291425,27.095
1780035924.2973711,27.094
1780035924.3028843,27.093
1780035924.3084118,27.092
1780035924.3140256,27.092
1780035924.319416,27.091
1780035924.3248322,27.093
1780035924.3301654,27.093
1780035924.3355994,27.093
1780035924.3410194,27.092
1780035924.3466365,27.092
1780035924.3525286,27.091
1780035924.35777,27.091
1780035924.363127,27.091
1780035924.368362,27.091
1780035924.37412,27.093
1780035924.3794382,27.093
1780035924.3847601,27.093
1780035924.3901527,27.092
1780035924.395621,27.091
1780035924.401025,27.091
1780035924.4063842,27.091
1780035924.411789,27.092
1780035924.4171536,27.091
1780035924.42259,27.093
1780035924.42798,27.093
1780035924.433685,27.092
1780035924.4399934,27.091
1780035924.4456663,27.09
1780035924.451076,27.09
1780035924.4568093,27.09
1780035924.4621832,27.091
1780035924.4676917,27.094
1780035924.473027,27.094
1780035924.4783864,27.094
1780035924.4844968,27.093
1780035924.490427,27.093
1780035924.4958076,27.092
1780035924.5012598,27.093
1780035924.5066285,27.092
1780035924.5120244,27.093
1780035924.5173955,27.093
1780035924.5227568,27.093
1780035924.5281863,27.092
1780035924.5335834,27.092
1780035924.5393355,27.091
1780035924.5450702,27.091
1780035924.5503712,27.091
1780035924.5557878,27.091
1780035924.5613117,27.093
1780035924.5666301,27.093
1780035924.5722675,27.093
1780035924.578141,27.092
1780035924.5833783,27.091
1780035924.5887866,27.091
1780035924.5942297,27.091
1780035924.599533,27.092
1780035924.6049745,27.091
1780035924.6104062,27.093
1780035924.615785,27.093
1780035924.6211815,27.092
1780035924.626882,27.091
1780035924.6331737,27.09
1780035924.6387033,27.09
1780035924.644151,27.091
1780035924.6499817,27.091
1780035924.6553957,27.094
1780035924.6607902,27.094
1780035924.6662374,27.094
1780035924.6718225,27.094
1780035924.6777363,27.093
1780035924.6829739,27.093
1780035924.68843,27.093
1780035924.6938324,27.094
1780035924.6992726,27.093
1780035924.7046316,27.093
1780035924.7100403,27.092
1780035924.7153783,27.092
1780035924.7207894,27.091
1780035924.7265134,27.091
1780035924.7323241,27.09
1780035924.7375898,27.091
1780035924.7430182,27.09
1780035924.748517,27.092
1780035924.7538307,27.092
1780035924.7592652,27.092
1780035924.7655258,27.091
1780035924.771427,27.091
1780035924.777137,27.09
1780035924.7825747,27.091
1780035924.7879486,27.091
1780035924.7934132,27.091
1780035924.798767,27.092
1780035924.8042324,27.092
1780035924.809837,27.091
1780035924.815738,27.091
1780035924.8209777,27.09
1780035924.8263862,27.09
1780035924.8318315,27.09
1780035924.837145,27.089
1780035924.8426044,27.093
1780035924.8479388,27.093
1780035924.8533456,27.093
1780035924.8587751,27.092
1780035924.8644893,27.092
1780035924.870334,27.091
1780035924.8756018,27.091
1780035924.8809795,27.092
1780035924.8863962,27.093
1780035924.8918285,27.095
1780035924.8971899,27.094
1780035924.9025898,27.094
1780035924.907962,27.093
1780035924.9133844,27.093
1780035924.918806,27.092
1780035924.9242294,27.093
1780035924.929578,27.091
1780035924.9349823,27.093
1780035924.940353,27.093
1780035924.945789,27.093
1780035924.9514563,27.092
1780035924.9573822,27.092
1780035924.9628935,27.091
1780035924.9684675,27.091
1780035924.9739897,27.092
1780035924.9794393,27.093
1780035924.9847949,27.095
1780035924.99019,27.095
1780035924.995545,27.095
1780035925.0009902,27.094
1780035925.0066552,27.093
1780035925.0125785,27.093
1780035925.0178418,27.094
1780035925.023156,27.092
1780035925.0286078,27.095
1780035925.033987,27.096
1780035925.0400085,27.095
1780035925.0460565,27.094
1780035925.0514252,27.094
1780035925.0567946,27.093
1780035925.062232,27.093
1780035925.067579,27.094
1780035925.073004,27.094
1780035925.0783973,27.096
1780035925.08383,27.096
1780035925.0892305,27.096
1780035925.0946102,27.095
1780035925.0999496,27.094
1780035925.1053503,27.094
1780035925.110874,27.094
1780035925.1162372,27.094
1780035925.1215892,27.093
1780035925.1270015,27.095
1780035925.1323633,27.095
1780035925.1377916,27.094
1780035925.1432023,27.094
1780035925.148944,27.093
1780035925.1547291,27.093
1780035925.1600385,27.093
1780035925.1654003,27.093
1780035925.1709177,27.095
1780035925.1762385,27.095
1780035925.1816304,27.095
1780035925.1873507,27.094
1780035925.1930273,27.092
1780035925.1984546,27.09
1780035925.203849,27.09
1780035925.2091668,27.09
1780035925.2146268,27.092
1780035925.2200124,27.094
1780035925.2253973,27.093
1780035925.2307587,27.093
1780035925.2361875,27.092
1780035925.2415946,27.092
1780035925.2470407,27.091
1780035925.252393,27.092
1780035925.2578082,27.089
1780035925.263256,27.092
1780035925.2686398,27.092
1780035925.2740088,27.092
1780035925.279799,27.091
1780035925.2861266,27.09
1780035925.2920365,27.09
1780035925.2974272,27.09
1780035925.3027756,27.09
1780035925.308241,27.091
1780035925.3135984,27.093
1780035925.3190022,27.092
1780035925.3243515,27.092
1780035925.3297856,27.091
1780035925.3352046,27.091
1780035925.3406417,27.09
1780035925.346044,27.091
1780035925.351382,27.089
1780035925.3568292,27.09
1780035925.3622446,27.091
1780035925.3675945,27.091
1780035925.3732872,27.09
1780035925.3789003,27.088
1780035925.3844929,27.086
1780035925.3899105,27.086
1780035925.3953812,27.087
1780035925.4012256,27.088
1780035925.406604,27.089
1780035925.4119756,27.089
1780035925.417443,27.088
1780035925.4230576,27.088
1780035925.4289627,27.087
1780035925.4342284,27.086
1780035925.4396613,27.087
1780035925.445042,27.087
1780035925.4504306,27.086
1780035925.4564064,27.086
1780035925.461907,27.085
1780035925.4677026,27.084
1780035925.473248,27.083
1780035925.4787495,27.082
1780035925.4841657,27.082
1780035925.490027,27.083
1780035925.4953892,27.087
1780035925.5009317,27.089
1780035925.5064776,27.089
1780035925.5120144,27.088
1780035925.5179074,27.088
1780035925.5238006,27.087
1780035925.529061,27.087
1780035925.5344625,27.087
1780035925.539839,27.086
1780035925.5452843,27.088
1780035925.5506449,27.088
1780035925.5559733,27.087
1780035925.56137,27.086
1780035925.566808,27.086
1780035925.572236,27.085
1780035925.5775993,27.085
1780035925.5830445,27.086
1780035925.5883589,27.083
1780035925.593802,27.087
1780035925.599225,27.087
1780035925.6048946,27.087
1780035925.6107385,27.086
1780035925.6162753,27.085
1780035925.6221433,27.085
1780035925.6273909,27.085
1780035925.6327343,27.086
1780035925.6379623,27.085
1780035925.6436017,27.087
1780035925.649047,27.087
1780035925.6543827,27.087
1780035925.6597874,27.086
1780035925.6651924,27.086
1780035925.6706376,27.085
1780035925.6759825,27.086
1780035925.681409,27.083
1780035925.6868837,27.087
1780035925.692248,27.087
1780035925.697611,27.087
1780035925.703311,27.086
1780035925.709586,27.085
1780035925.71527,27.084
1780035925.7206264,27.084
1780035925.7263772,27.085
1780035925.7317996,27.086
1780035925.7371998,27.088
1780035925.7426395,27.088
1780035925.7482774,27.088
1780035925.7541604,27.088
1780035925.7593925,27.087
1780035925.7647817,27.086
1780035925.7702475,27.087
1780035925.7755795,27.085
1780035925.7810228,27.088
1780035925.7863498,27.088
1780035925.7917619,27.088
1780035925.797202,27.088
1780035925.8026037,27.088
1780035925.8082542,27.087
1780035925.814171,27.087
1780035925.8194542,27.088
1780035925.8248296,27.088
1780035925.8302517,27.089
1780035925.8355994,27.089
1780035925.8416293,27.088
1780035925.8474934,27.087
1780035925.8536901,27.086
1780035925.859643,27.086
1780035925.865028,27.086
1780035925.8703883,27.086
1780035925.875826,27.089
1780035925.881198,27.089
1780035925.8866081,27.089
1780035925.8919814,27.089
1780035925.897416,27.088
1780035925.9030826,27.087
1780035925.9089625,27.087
1780035925.9141934,27.088
1780035925.91958,27.088
1780035925.9250052,27.09
1780035925.930417,27.09
1780035925.936427,27.089
1780035925.9420674,27.088
1780035925.9476612,27.087
1780035925.953095,27.086
1780035925.9586787,27.087
1780035925.9639866,27.087
1780035925.9693782,27.089
1780035925.9747396,27.09
1780035925.9802618,27.09
1780035925.9860246,27.088
1780035925.9917607,27.086
1780035925.9976563,27.085
1780035926.0029974,27.086
1780035926.008378,27.086
1780035926.0138347,27.088
1780035926.0192554,27.09
1780035926.0246143,27.09
1780035926.029973,27.089
1780035926.0353975,27.089
1780035926.0408163,27.088
1780035926.0462441,27.088
1780035926.0516086,27.088
1780035926.0570152,27.086
1780035926.0624697,27.089
1780035926.0678535,27.089
1780035926.0734572,27.088
1780035926.0794032,27.088
1780035926.0847154,27.087
1780035926.090436,27.086
1780035926.0959678,27.086
1780035926.1014884,27.086
1780035926.106797,27.086
1780035926.1122491,27.088
1780035926.1175697,27.088
1780035926.1229658,27.088
1780035926.1284168,27.088
1780035926.1341195,27.087
1780035926.139951,27.086
1780035926.1452231,27.087
1780035926.1505926,27.086
1780035926.1560757,27.087
1780035926.161455,27.087
1780035926.1668391,27.087
1780035926.1722193,27.087
1780035926.1775486,27.086
1780035926.1830935,27.085
1780035926.1886241,27.085
1780035926.1944258,27.085
1780035926.1998038,27.084
1780035926.2053397,27.087
1780035926.210653,27.087
1780035926.2160115,27.086
1780035926.2216945,27.086
1780035926.227253,27.084
1780035926.2328274,27.083
1780035926.238198,27.084
1780035926.243525,27.085
1780035926.248768,27.084
1780035926.254384,27.086
1780035926.2598517,27.086
1780035926.2654724,27.085
1780035926.2713947,27.085
1780035926.276916,27.084
1780035926.2824414,27.083
1780035926.28801,27.084
1780035926.2934482,27.084
1780035926.298755,27.086
1780035926.304211,27.087
1780035926.3096082,27.087
1780035926.3153188,27.086
1780035926.3215694,27.085
1780035926.3271303,27.084
1780035926.3326178,27.084
1780035926.3383632,27.085
1780035926.3437681,27.086
1780035926.3491473,27.088
1780035926.3546,27.088
1780035926.3599715,27.088
1780035926.3660345,27.087
1780035926.3717377,27.086
1780035926.377148,27.085
1780035926.3828244,27.086
1780035926.3882065,27.087
1780035926.3937361,27.089
1780035926.3990564,27.089
1780035926.4044132,27.089
1780035926.4105544,27.089
1780035926.416461,27.088
1780035926.4218383,27.088
1780035926.4273067,27.088
1780035926.432652,27.087
1780035926.4380803,27.088
1780035926.4434304,27.088
1780035926.448768,27.088
1780035926.4542015,27.088
1780035926.459616,27.087
1780035926.4654002,27.086
1780035926.4711227,27.086
1780035926.4764524,27.087
1780035926.4818146,27.087
1780035926.4873507,27.09
1780035926.492658,27.09
1780035926.4979854,27.09
1780035926.5040307,27.089
1780035926.509729,27.088
1780035926.5151825,27.086
1780035926.5208852,27.087
1780035926.5262911,27.088
1780035926.5316825,27.082
1780035926.5369823,27.089
1780035926.5423772,27.099
1780035926.5479496,27.111
1780035926.5536304,27.122
1780035926.5594368,27.132
1780035926.5654109,27.141
1780035926.5709202,27.152
1780035926.5766716,27.162
1780035926.5822594,27.172
1780035926.588096,27.181
1780035926.5934086,27.192
1780035926.5988038,27.2
1780035926.604256,27.212
1780035926.6095955,27.22
1780035926.6152651,27.23
1780035926.6209185,27.239
1780035926.6263986,27.248
1780035926.6318579,28.004
1780035926.6371872,28.018
1780035926.6426225,28.038
1780035926.647962,28.04
1780035926.6534111,28.041
1780035926.6587906,28.041
1780035926.664264,28.04
1780035926.6698697,28.039
1780035926.6757617,28.038
1780035926.6810062,28.036
1780035926.686467,28.036
1780035926.691862,28.035
1780035926.6975055,28.034
1780035926.7035515,28.036
1780035926.7095149,28.035
1780035926.7154233,28.034
1780035926.7209232,28.033
1780035926.726669,28.03
1780035926.7321258,28.03
1780035926.7374616,28.03
1780035926.7428503,28.03
1780035926.748509,28.028
1780035926.7543318,28.027
1780035926.7595663,28.026
1780035926.7651198,28.025
1780035926.770852,28.023
1780035926.7764077,28.022
1780035926.781897,28.022
1780035926.7874072,28.019
1780035926.7933192,28.023
1780035926.7986112,28.022
1780035926.804001,28.022
1780035926.810116,28.02
1780035926.8160462,28.019
1780035926.8214524,28.018
1780035926.826874,28.018
1780035926.8322628,28.019
1780035926.8376906,28.017
1780035926.8430083,28.016
1780035926.8483682,28.015
1780035926.853937,28.013
1780035926.8597403,28.009
1780035926.8654752,28.007
1780035926.8713872,28.006
1780035926.8766496,28.006
1780035926.8819528,28.005
1780035926.887144,28.006
1780035926.8927624,28.005
1780035926.8981187,28.004
1780035926.9038668,28.002
1780035926.9097855,28.001
1780035926.9150546,27.255
1780035926.9204717,27.255
1780035926.9258645,27.255
1780035926.9312372,28.0
1780035926.9366598,28.0
1780035926.9419785,27.255
1780035926.9473815,27.254
1780035926.9528124,27.253
1780035926.958529,27.251
1780035926.9643714,27.25
1780035926.969635,27.25
1780035926.9750452,27.248
1780035926.9803715,27.252
1780035926.9858527,27.252
1780035926.9912317,27.251
1780035926.996615,27.25
1780035927.0019825,27.249
1780035927.0074165,27.248
1780035927.0128355,27.247
1780035927.0182538,27.248
1780035927.023607,27.246
1780035927.0290298,27.246
1780035927.0343812,27.246
1780035927.039818,27.244
1780035927.0451937,27.243
1780035927.0512698,27.242
1780035927.0567648,27.24
1780035927.062236,27.24
1780035927.068006,27.238
1780035927.0734076,27.24
1780035927.078793,27.24
1780035927.0842402,27.239
1780035927.089859,27.238
1780035927.0957286,27.237
1780035927.1010127,27.236
1780035927.1064053,27.235
1780035927.111868,27.235
1780035927.1172287,27.233
1780035927.1226714,27.234
1780035927.1280336,27.234
1780035927.1334543,27.233
1780035927.1388319,27.232
1780035927.1445234,27.23
1780035927.150353,27.229
1780035927.1556172,27.229
1780035927.1610556,27.227
1780035927.1664574,27.23
1780035927.1718678,27.23
1780035927.177239,27.229
1780035927.1826255,27.228
1780035927.1879818,27.227
1780035927.1934178,27.226
1780035927.1988475,27.225
1780035927.204267,27.225
1780035927.209609,27.223
1780035927.2150319,27.225
1780035927.2203681,27.225
1780035927.2256243,27.224
1780035927.2315042,27.222
1780035927.2373917,27.221
1780035927.2426565,27.22
1780035927.2480874,27.22
1780035927.25347,27.219
1780035927.2588844,27.219
1780035927.2642713,27.218
1780035927.269602,27.218
1780035927.2749996,27.217
1780035927.2804096,27.216
1780035927.2861261,27.214
1780035927.291942,27.214
1780035927.297249,27.214
1780035927.3026526,27.213
1780035927.3081617,27.215
1780035927.3134894,27.215
1780035927.3188405,27.214
1780035927.32423,27.213
1780035927.3296008,27.212
1780035927.3349814,27.21
1780035927.3404663,27.211
1780035927.345876,27.211
1780035927.3514717,27.209
1780035927.357557,27.212
1780035927.3634691,27.211
1780035927.3693798,27.21
1780035927.3746173,27.209
1780035927.380013,27.208
1780035927.3854704,27.207
1780035927.3907754,27.207
1780035927.3962054,27.205
1780035927.4017208,27.207
1780035927.4070597,27.206
1780035927.4124289,27.206
1780035927.4181237,27.205
1780035927.423941,27.203
1780035927.4291759,27.202
1780035927.4345748,27.202
1780035927.4399898,27.203
1780035927.4454684,27.2
1780035927.4510539,27.201
1780035927.4569867,27.2
1780035927.462219,27.199
1780035927.467609,27.198
1780035927.4730754,27.197
1780035927.4784322,27.196
1780035927.4838758,27.196
1780035927.4891605,27.193
1780035927.4943635,27.193
1780035927.5000205,27.193
1780035927.5057335,27.192
1780035927.5120192,27.19
1780035927.5176947,27.188
1780035927.5230777,27.187
1780035927.528856,27.187
1780035927.534237,27.188
1780035927.5397475,27.188
1780035927.545075,27.187
1780035927.550435,27.187
1780035927.5564568,27.185
1780035927.5621157,27.184
1780035927.567721,27.182
1780035927.5731227,27.182
1780035927.5786982,27.182
1780035927.584178,27.183
1780035927.5900354,27.187
1780035927.5954552,27.187
1780035927.6008506,27.186
1780035927.6069248,27.185
1780035927.6128988,27.184
1780035927.618227,27.183
1780035927.6236246,27.183
1780035927.6290667,27.18
1780035927.6344965,27.182
1780035927.6398199,27.182
1780035927.6451745,27.18
1780035927.6506236,27.179
1780035927.656112,27.178
1780035927.662347,27.177
1780035927.668249,27.177
1780035927.6739902,27.178
1780035927.6794243,27.178
1780035927.6847806,27.18
1780035927.6903157,27.179
1780035927.6960354,27.178
1780035927.7017708,27.176
1780035927.707668,27.175
1780035927.7130632,27.174
1780035927.718413,27.175
1780035927.7238624,27.172
1780035927.7294216,27.174
1780035927.735481,27.176
1780035927.7414677,27.175
1780035927.7474005,27.174
1780035927.752918,27.173
1780035927.7584305,27.171
1780035927.7640717,27.171
1780035927.7694712,27.17
1780035927.774899,27.17
1780035927.780267,27.169
1780035927.7856534,27.169
1780035927.791339,27.168
1780035927.7975717,27.167
1780035927.8033664,27.165
1780035927.808897,27.165
1780035927.814458,27.165
1780035927.820156,27.166
1780035927.8264432,27.167
1780035927.8324416,27.165
1780035927.8381295,27.164
1780035927.8437114,27.163
1780035927.8492637,27.162
1780035927.854715,27.161
1780035927.860147,27.163
1780035927.8654523,27.17
1780035927.8709486,27.172
1780035927.8765125,27.171
1780035927.8823254,27.17
1780035927.8875926,27.169
1780035927.8929865,27.168
1780035927.8984215,27.167
1780035927.90388,27.167
1780035927.9092255,27.168
1780035927.9146404,27.166
1780035927.9199798,27.167
1780035927.9254577,27.166
1780035927.9316003,27.165
1780035927.9371705,27.163
1780035927.9430647,27.163
1780035927.9488533,27.162
1780035927.9542384,27.163
1780035927.9595573,27.161
1780035927.9650178,27.163
1780035927.9706585,27.162
1780035927.9765406,27.162
1780035927.9818256,27.161
1780035927.9872384,27.16
1780035927.9926834,27.159
1780035927.9980772,27.159
1780035928.0034618,27.159
1780035928.008818,27.158
1780035928.0142534,27.159
1780035928.019658,27.158
1780035928.0253308,27.157
1780035928.0311198,27.157
1780035928.0363858,27.156
1780035928.041632,27.155
1780035928.0472376,27.155
1780035928.052671,27.152
1780035928.058366,27.156
1780035928.0643897,27.157
1780035928.070293,27.157
1780035928.0762138,27.156
1780035928.0814714,27.155
1780035928.0868378,27.154
1780035928.0922878,27.154
1780035928.0976305,27.155
1780035928.1030772,27.154
1780035928.1083949,27.155
1780035928.1137877,27.155
1780035928.1191778,27.154
1780035928.1244354,27.153
1780035928.1303098,27.152
1780035928.1362014,27.152
1780035928.1414359,27.152
1780035928.1468081,27.15
1780035928.152255,27.154
1780035928.1576314,27.154
1780035928.163651,27.153
1780035928.1693144,27.152
1780035928.174879,27.15
1780035928.1803045,27.149
1780035928.185862,27.149
1780035928.1912265,27.149
1780035928.196616,27.151
1780035928.2020016,27.152
1780035928.2074337,27.152
1780035928.2128537,27.151
1780035928.218956,27.15
1780035928.224926,27.149
1780035928.2302723,27.149
1780035928.2356005,27.15
1780035928.241104,27.147
1780035928.246551,27.151
1780035928.251829,27.15
1780035928.2571816,27.15
1780035928.2627645,27.149
1780035928.2684834,27.147
1780035928.2741785,27.144
1780035928.2800717,27.144
1780035928.2854767,27.145
1780035928.2908354,27.145
1780035928.296514,27.145
1780035928.3023586,27.145
1780035928.3078825,27.144
1780035928.3137734,27.143
1780035928.3190305,27.142
1780035928.3244343,27.142
1780035928.3298864,27.142
1780035928.335385,27.141
1780035928.3412414,27.145
1780035928.3466706,27.144
1780035928.3520358,27.144
1780035928.358132,27.143
1780035928.3640733,27.142
1780035928.369474,27.141
1780035928.3749065,27.142
1780035928.3802896,27.142
1780035928.385932,27.142
1780035928.3919876,27.145
1780035928.3978865,27.144
1780035928.4037936,27.144
1780035928.4090328,27.143
1780035928.4144335,27.142
1780035928.4198859,27.142
1780035928.4251912,27.143
1780035928.4306207,27.141
1780035928.4361467,27.144
1780035928.4414787,27.143
1780035928.4468405,27.143
1780035928.4525442,27.142
1780035928.4583633,27.141
1780035928.4635935,27.14
1780035928.4688358,27.14
1780035928.4744446,27.14
1780035928.4801283,27.139
1780035928.4864342,27.14
1780035928.4925418,27.139
1780035928.4985142,27.138
1780035928.5039625,27.137
1780035928.5095193,27.136
1780035928.515422,27.136
1780035928.520677,27.136
1780035928.526018,27.136
1780035928.5314536,27.138
1780035928.5370913,27.137
1780035928.5430043,27.137
1780035928.5482352,27.136
1780035928.5536501,27.135
1780035928.5590835,27.134
1780035928.564451,27.134
1780035928.5698745,27.131
1780035928.575311,27.133
1780035928.5806487,27.133
1780035928.5860407,27.132
1780035928.5917816,27.131
1780035928.5975792,27.13
1780035928.6031294,27.129
1780035928.6090372,27.129
1780035928.6142976,27.13
1780035928.619621,27.13
1780035928.6250641,27.133
1780035928.6305072,27.133
1780035928.6358936,27.132
1780035928.6412077,27.132
1780035928.6466112,27.131
1780035928.6520333,27.13
1780035928.6574929,27.131
1780035928.6628356,27.131
1780035928.66828,27.13
1780035928.673618,27.131
1780035928.679054,27.131
1780035928.6844797,27.131
1780035928.6901593,27.13
1780035928.6964102,27.129
1780035928.7019277,27.128
1780035928.707241,27.128
1780035928.7126784,27.129
1780035928.718147,27.132
1780035928.7234814,27.132
1780035928.728869,27.131
1780035928.7345426,27.13
1780035928.740361,27.129
1780035928.7456312,27.129
1780035928.7510931,27.129
1780035928.7564201,27.129
1780035928.7618754,27.129
1780035928.7672482,27.131
1780035928.7726567,27.131
1780035928.7779849,27.13
1780035928.7835467,27.13
1780035928.789264,27.127
1780035928.7947206,27.127
1780035928.800348,27.128
1780035928.805641,27.126
1780035928.8110423,27.129
1780035928.81642,27.129
1780035928.8218443,27.128
1780035928.827279,27.128
1780035928.8329644,27.127
1780035928.838737,27.126
1780035928.8440597,27.126
1780035928.8494632,27.126
1780035928.854841,27.126
1780035928.860292,27.128
1780035928.86565,27.128
1780035928.87106,27.127
1780035928.8764112,27.127
1780035928.8818395,27.126
1780035928.8872395,27.125
1780035928.8926916,27.126
1780035928.8980327,27.124
1780035928.9034467,27.125
1780035928.9088733,27.126
1780035928.9142935,27.125
1780035928.91962,27.125
1780035928.925834,27.124
1780035928.931699,27.123
1780035928.9370408,27.123
1780035928.9424193,27.123
1780035928.9478974,27.124
1780035928.95324,27.126
1780035928.9586546,27.126
1780035928.9640048,27.125
1780035928.969549,27.124
1780035928.9752655,27.122
1780035928.9807618,27.12
1780035928.9863472,27.121
1780035928.9916446,27.119
1780035928.9970484,27.12
1780035929.0023854,27.121
1780035929.0075614,27.12
1780035929.0132601,27.12
1780035929.0186903,27.119
1780035929.0242963,27.118
1780035929.0301993,27.118
1780035929.0354428,27.119
1780035929.0408404,27.119
1780035929.0462596,27.121
1780035929.051632,27.121
1780035929.057099,27.121
1780035929.062415,27.121
1780035929.067814,27.12
1780035929.073241,27.119
1780035929.0786984,27.12
1780035929.0840583,27.12
1780035929.0894587,27.119
1780035929.0948489,27.12
1780035929.1002715,27.12
1780035929.1056542,27.12
1780035929.1113815,27.119
1780035929.1176224,27.118
1780035929.1231554,27.118
1780035929.1286159,27.118
1780035929.1339078,27.119
1780035929.139446,27.121
1780035929.145272,27.121
1780035929.150695,27.121
1780035929.1563017,27.12
1780035929.162202,27.12
1780035929.167447,27.119
1780035929.172899,27.12
1780035929.1783004,27.119
1780035929.1837087,27.119
1780035929.1891012,27.119
1780035929.1944149,27.119
1780035929.1998124,27.119
1780035929.2052417,27.118
1780035929.2109792,27.117
1780035929.2167976,27.117
1780035929.2221074,27.117
1780035929.2274885,27.117
1780035929.232988,27.119
1780035929.2383034,27.119
1780035929.2436526,27.119
1780035929.2490637,27.118
1780035929.2544386,27.118
1780035929.2598588,27.117
1780035929.2652621,27.117
1780035929.2707007,27.118
1780035929.2760468,27.116
1780035929.2814608,27.118
1780035929.2867966,27.118
1780035929.2922862,27.117
1780035929.297992,27.116
1780035929.3039103,27.115
1780035929.3096726,27.115
1780035929.3150568,27.115
1780035929.320381,27.114
1780035929.3256052,27.116
1780035929.3313,27.116
1780035929.3367043,27.116
1780035929.3422904,27.115
1780035929.3482168,27.114
1780035929.3534486,27.114
1780035929.3588283,27.114
1780035929.3642986,27.115
1780035929.3696551,27.114
1780035929.3751051,27.116
1780035929.380467,27.116
1780035929.3858857,27.115
1780035929.3912542,27.115
1780035929.3969564,27.114
1780035929.4027681,27.113
1780035929.408077,27.114
1780035929.4134915,27.111
1780035929.4189239,27.115
1780035929.4243078,27.115
1780035929.429658,27.115
1780035929.4350839,27.115
1780035929.4404097,27.114
1780035929.445947,27.113
1780035929.4514506,27.113
1780035929.4572637,27.113
1780035929.4626687,27.112
1780035929.4680376,27.114
1780035929.4735045,27.114
1780035929.4791083,27.113
1780035929.4850042,27.113
1780035929.490248,27.112
1780035929.495635,27.112
1780035929.5011039,27.112
1780035929.5064452,27.113
1780035929.5118957,27.111
1780035929.5172083,27.112
1780035929.5226223,27.112
1780035929.528037,27.112
1780035929.5337582,27.111
1780035929.5400531,27.11
1780035929.5455744,27.11
1780035929.5508838,27.11
1780035929.556303,27.11
1780035929.561651,27.112
1780035929.567108,27.112
1780035929.5727115,27.112
1780035929.5786054,27.111
1780035929.5838513,27.111
1780035929.5892386,27.11
1780035929.5947053,27.111
1780035929.6000438,27.111
1780035929.6054928,27.111
1780035929.610859,27.112
1780035929.6162896,27.112
1780035929.6216598,27.112
1780035929.6273582,27.111
1780035929.6331408,27.111
1780035929.6384077,27.11
1780035929.6436565,27.111
1780035929.6492293,27.11
1780035929.6546674,27.112
1780035929.6601064,27.112
1780035929.6654737,27.112
1780035929.6708045,27.111
1780035929.6763527,27.11
1780035929.6818593,27.108
1780035929.687653,27.108
1780035929.6930516,27.109
1780035929.6984534,27.109
1780035929.703904,27.11
1780035929.7092552,27.11
1780035929.7146716,27.11
1780035929.7199962,27.11
1780035929.725539,27.109
1780035929.7310379,27.108
1780035929.7368479,27.108
1780035929.7422962,27.106
1780035929.7477558,27.11
1780035929.7531106,27.11
1780035929.7584798,27.109
1780035929.763869,27.109
1780035929.769239,27.108
1780035929.774666,27.107
1780035929.7800756,27.108
1780035929.7855012,27.108
1780035929.790848,27.107
1780035929.7962716,27.11
1780035929.8016622,27.11
1780035929.8071125,27.109
1780035929.8127446,27.108
1780035929.8186061,27.108
1780035929.823855,27.107
1780035929.8293293,27.108
1780035929.8347044,27.106
1780035929.8401155,27.108
1780035929.8455136,27.108
1780035929.8508356,27.108
1780035929.8562317,27.108
1780035929.8616645,27.107
1780035929.8674037,27.106
1780035929.8731189,27.106
1780035929.8784275,27.107
1780035929.8838203,27.106
1780035929.8893936,27.109
1780035929.894713,27.109
1780035929.9000611,27.109
1780035929.905476,27.108
1780035929.9108043,27.108
1780035929.9160976,27.106
1780035929.9215884,27.106
1780035929.9270723,27.107
1780035929.9324396,27.105
1780035929.9379072,27.107
1780035929.9432445,27.107
1780035929.9486377,27.107
1780035929.954039,27.106
1780035929.9597704,27.105
1780035929.9655886,27.104
1780035929.9708977,27.105
1780035929.9763234,27.103
1780035929.9816854,27.107
1780035929.9871068,27.107
1780035929.9924598,27.107
1780035929.9978678,27.107
1780035930.0032403,27.106
1780035930.0086641,27.105
1780035930.014074,27.105
1780035930.0195074,27.106
1780035930.0248713,27.105
1780035930.0303001,27.108
1780035930.0356665,27.107
1780035930.0411186,27.107
1780035930.0467322,27.106
1780035930.0526211,27.106
1780035930.0578604,27.105
1780035930.0633492,27.105
1780035930.0687149,27.105
1780035930.074119,27.106
1780035930.079516,27.105
1780035930.0848258,27.105
1780035930.090252,27.104
1780035930.0956638,27.104
1780035930.1013799,27.103
1780035930.1072342,27.103
1780035930.1125355,27.104
1780035930.1179013,27.104
1780035930.1234052,27.107
1780035930.128715,27.106
1780035930.1343262,27.106
1780035930.1402144,27.105
1780035930.1454594,27.105
1780035930.1508174,27.104
1780035930.1562586,27.104
1780035930.1616583,27.105
1780035930.1671107,27.104
1780035930.1724412,27.106
1780035930.1778388,27.105
1780035930.183279,27.105
1780035930.188988,27.104
1780035930.1952608,27.103
1780035930.200776,27.103
1780035930.206224,27.103
1780035930.2115169,27.104
1780035930.216997,27.107
1780035930.2223396,27.107
1780035930.2276826,27.107
1780035930.2330709,27.107
1780035930.238401,27.107
1780035930.243605,27.106
1780035930.2492425,27.106
1780035930.2547846,27.107
1780035930.2600927,27.106
1780035930.2654746,27.108
1780035930.2708175,27.108
1780035930.2763615,27.108
1780035930.282082,27.106
1780035930.2878327,27.105
1780035930.2937303,27.105
1780035930.2990682,27.106
1780035930.304423,27.104
1780035930.3098664,27.109
1780035930.3152814,27.109
1780035930.3206735,27.109
1780035930.3260212,27.108
1780035930.3315728,27.107
1780035930.3373063,27.106
1780035930.3427656,27.106
1780035930.3480752,27.106
1780035930.353647,27.105
1780035930.359113,27.107
1780035930.3644288,27.107
1780035930.3698313,27.107
1780035930.3752637,27.106
1780035930.381396,27.105
1780035930.3873322,27.105
1780035930.392708,27.105
1780035930.3980393,27.103
1780035930.4034681,27.105
1780035930.4088871,27.106
1780035930.4142969,27.105
1780035930.4196153,27.105
1780035930.4249165,27.104
1780035930.430756,27.103
1780035930.4366505,27.103
1780035930.4419055,27.104
1780035930.447283,27.104
1780035930.4527075,27.106
1780035930.458106,27.106
1780035930.464134,27.105
1780035930.4702241,27.105
1780035930.475526,27.104
1780035930.480896,27.103
1780035930.4863248,27.104
1780035930.4916558,27.101
1780035930.497054,27.105
1780035930.5024252,27.106
1780035930.5078723,27.105
1780035930.513526,27.105
1780035930.5194232,27.104
1780035930.5246668,27.104
1780035930.530057,27.104
1780035930.53552,27.105
1780035930.540861,27.104
1780035930.5463364,27.107
1780035930.5516353,27.107
1780035930.5570347,27.106
1780035930.5624807,27.106
1780035930.5681815,27.105
1780035930.5739818,27.105
1780035930.5793045,27.105
1780035930.5846658,27.103
1780035930.5901768,27.106
1780035930.5955212,27.106
1780035930.6008873,27.106
1780035930.606302,27.105
1780035930.6116507,27.105
1780035930.6170752,27.104
1780035930.6224966,27.104
1780035930.6279147,27.105
1780035930.6332464,27.103
1780035930.638651,27.107
1780035930.6440349,27.107
1780035930.6494725,27.107
1780035930.6551306,27.106
1780035930.661055,27.105
1780035930.6662662,27.104
1780035930.6717205,27.105
1780035930.677123,27.105
1780035930.6824794,27.103
1780035930.6879232,27.105
1780035930.693235,27.105
1780035930.6986372,27.105
1780035930.7040658,27.104
1780035930.7097707,27.103
1780035930.7156007,27.103
1780035930.720911,27.103
1780035930.7263346,27.1
1780035930.7317631,27.104
1780035930.7371247,27.104
1780035930.742489,27.104
1780035930.747883,27.103
1780035930.7532473,27.102
1780035930.75867,27.102
1780035930.7640886,27.102
1780035930.769519,27.102
1780035930.7748654,27.101
1780035930.7803113,27.103
1780035930.7856343,27.103
1780035930.791069,27.103
1780035930.7967577,27.102
1780035930.8026521,27.101
1780035930.8079112,27.101
1780035930.813366,27.101
1780035930.8187282,27.101
1780035930.824096,27.1
1780035930.8295205,27.102
1780035930.8348496,27.102
1780035930.8402426,27.101
1780035930.8456733,27.101
1780035930.8517928,27.1
1780035930.8577087,27.1
1780035930.8631139,27.1
1780035930.8684967,27.1
1780035930.873919,27.101
1780035930.8792973,27.101
1780035930.8846824,27.1
1780035930.890047,27.1
1780035930.8954732,27.099
1780035930.9009104,27.098
1780035930.9063509,27.099
1780035930.9116683,27.099
1780035930.917094,27.098
1780035930.922506,27.099
1780035930.9279244,27.099
1780035930.933539,27.099
1780035930.9395232,27.098
1780035930.9455197,27.097
1780035930.9514272,27.097
1780035930.956674,27.098
1780035930.9620483,27.098
1780035930.9674895,27.102
1780035930.9728684,27.102
1780035930.9790027,27.101
1780035930.984924,27.101
1780035930.9903111,27.1
1780035930.995639,27.1
1780035931.001075,27.1
1780035931.00647,27.101
1780035931.0118742,27.1
1780035931.0172226,27.102
1780035931.0224638,27.102
1780035931.028084,27.101
1780035931.0337977,27.1
1780035931.0400767,27.1
1780035931.0455942,27.099
1780035931.0510378,27.1
1780035931.0563529,27.101
1780035931.061796,27.103
1780035931.0671296,27.104
1780035931.0727425,27.103
1780035931.07864,27.103
1780035931.0838742,27.102
1780035931.0892403,27.101
1780035931.094674,27.102
1780035931.100074,27.102
1780035931.1055214,27.102
1780035931.1108437,27.103
1780035931.1162462,27.103
1780035931.1216865,27.103
1780035931.127399,27.102
1780035931.1336827,27.101
1780035931.1391904,27.101
1780035931.144666,27.101
1780035931.1505003,27.102
1780035931.155887,27.105
1780035931.1612737,27.105
1780035931.1667275,27.104
1780035931.1723433,27.104
1780035931.1782448,27.103
1780035931.1834762,27.103
1780035931.1889338,27.103
1780035931.194362,27.104
1780035931.19972,27.103
1780035931.205133,27.102
1780035931.2104766,27.102
1780035931.2158728,27.101
1780035931.2212758,27.1
1780035931.226996,27.1
1780035931.2327893,27.099
1780035931.2380974,27.1
1780035931.2435098,27.099
1780035931.2488403,27.103
1780035931.2543468,27.103
1780035931.2599351,27.103
1780035931.265829,27.103
1780035931.2710743,27.102
1780035931.2764392,27.102
1780035931.2816837,27.102
1780035931.287267,27.102
1780035931.2927349,27.103
1780035931.2980456,27.104
1780035931.303444,27.104
1780035931.3088903,27.103
1780035931.3146284,27.103
1780035931.3210518,27.101
1780035931.3269506,27.101
1780035931.332334,27.102
1780035931.3376675,27.101
1780035931.3431103,27.103
1780035931.3484862,27.103
1780035931.3538957,27.103
1780035931.3592474,27.103
1780035931.36468,27.102
1780035931.3700569,27.101
1780035931.375495,27.102
1780035931.380869,27.102
1780035931.3863204,27.102
1780035931.3916764,27.103
1780035931.3971353,27.103
1780035931.4027548,27.103
1780035931.408647,27.102
1780035931.4138784,27.101
1780035931.4193552,27.101
1780035931.4247353,27.102
1780035931.4300718,27.101
1780035931.4355228,27.1
1780035931.4408576,27.101
1780035931.4462497,27.101
1780035931.451671,27.101
1780035931.4571335,27.1
1780035931.4628885,27.099
1780035931.4684317,27.099
1780035931.4739661,27.099
1780035931.4792905,27.097
1780035931.4847362,27.1
1780035931.490047,27.099
1780035931.4954538,27.099
1780035931.500865,27.099
1780035931.5070245,27.098
1780035931.512932,27.097
1780035931.5183268,27.098
1780035931.5236619,27.098
1780035931.529117,27.098
1780035931.5344992,27.099
1780035931.5398908,27.099
1780035931.5452533,27.098
1780035931.5506868,27.098
1780035931.5560935,27.097
1780035931.5615344,27.097
1780035931.5668807,27.097
1780035931.5723128,27.096
1780035931.5777807,27.098
1780035931.5831382,27.098
1780035931.5887563,27.097
1780035931.5946457,27.097
1780035931.5998836,27.096
1780035931.6052952,27.096
1780035931.610736,27.096
1780035931.616081,27.097
1780035931.621546,27.096
1780035931.6268566,27.098
1780035931.6322508,27.098
1780035931.637677,27.097
1780035931.6434007,27.097
1780035931.6491704,27.096
1780035931.654446,27.095
1780035931.659842,27.096
1780035931.6652489,27.094
1780035931.670698,27.096
1780035931.6760817,27.097
1780035931.6814961,27.097
1780035931.6868424,27.097
1780035931.692137,27.096
1780035931.6978908,27.095
1780035931.7037957,27.095
1780035931.709089,27.096
1780035931.7144947,27.097
1780035931.7199428,27.099
1780035931.725518,27.098
1780035931.7314174,27.098
1780035931.7366867,27.097
1780035931.7420888,27.097
1780035931.7475412,27.096
1780035931.7529533,27.097
1780035931.7583606,27.096
1780035931.763683,27.096
1780035931.769114,27.096
1780035931.7745368,27.095
1780035931.7801986,27.094
1780035931.7859886,27.094
1780035931.7912455,27.093
1780035931.7964888,27.093
1780035931.8020658,27.093
1780035931.8075225,27.092
1780035931.8130193,27.094
1780035931.8183215,27.094
1780035931.8236651,27.094
1780035931.8290875,27.094
1780035931.8345008,27.093
1780035931.840249,27.092
1780035931.846008,27.092
1780035931.85134,27.093
1780035931.85671,27.093
1780035931.8621259,27.095
1780035931.8675456,27.095
1780035931.873139,27.094
1780035931.8790479,27.094
1780035931.8843024,27.093
1780035931.889676,27.093
1780035931.8951418,27.094
1780035931.900474,27.092
1780035931.9059224,27.094
1780035931.9112525,27.095
1780035931.9166515,27.095
1780035931.9220843,27.094
1780035931.9277918,27.094
1780035931.9335983,27.093
1780035931.9388406,27.093
1780035931.9440875,27.094
1780035931.949684,27.094
1780035931.9554276,27.096
1780035931.9616773,27.095
1780035931.9673822,27.094
1780035931.9728143,27.093
1780035931.978506,27.093
1780035931.9838746,27.092
1780035931.9892726,27.093
1780035931.9947054,27.092
1780035932.0003126,27.097
1780035932.0063431,27.1
1780035932.0121057,27.1
1780035932.0176256,27.099
1780035932.0231798,27.099
1780035932.0290823,27.098
1780035932.034347,27.098
1780035932.0397072,27.099
1780035932.0451436,27.099
1780035932.0505104,27.101
1780035932.056556,27.1
1780035932.062596,27.1
1780035932.0679512,27.099
1780035932.0733054,27.098
1780035932.0787382,27.098
1780035932.0840843,27.099
1780035932.0895038,27.096
1780035932.094801,27.099
1780035932.100397,27.098
1780035932.1059248,27.097
1780035932.1119707,27.096
1780035932.117882,27.096
1780035932.1231658,27.095
1780035932.1287227,27.095
1780035932.1344485,27.096
1780035932.1396573,27.095
1780035932.1455069,27.096
1780035932.1514254,27.096
1780035932.1566904,27.095
1780035932.1620889,27.095
1780035932.167546,27.094
1780035932.1729198,27.094
1780035932.178357,27.095
1780035932.1838748,27.092
1780035932.1897345,27.097
1780035932.1951358,27.096
1780035932.2005086,27.096
1780035932.206622,27.095
1780035932.2125494,27.095
1780035932.2179275,27.094
1780035932.2233832,27.094
1780035932.2287488,27.095
1780035932.2343383,27.094
1780035932.2404013,27.098
1780035932.2463326,27.097
1780035932.252262,27.097
1780035932.2574935,27.096
1780035932.2628822,27.096
1780035932.268379,27.096
1780035932.273681,27.096
1780035932.2793612,27.094
1780035932.284862,27.095
1780035932.2905438,27.096
1780035932.2959094,27.096
1780035932.3012364,27.096
1780035932.3068006,27.096
1780035932.3122983,27.094
1780035932.3181756,27.095
1780035932.323504,27.096
1780035932.3288822,27.095
1780035932.3343747,27.097
1780035932.3399432,27.096
1780035932.3458462,27.096
1780035932.3510947,27.095
1780035932.3564906,27.094
1780035932.3619025,27.094
1780035932.367278,27.095
1780035932.372735,27.091
1780035932.378142,27.095
1780035932.3835363,27.095
1780035932.388917,27.095
1780035932.3946102,27.094
1780035932.4004102,27.093
1780035932.4056506,27.093
1780035932.4108937,27.093
1780035932.4164908,27.093
1780035932.422623,27.093
1780035932.428666,27.097
1780035932.4345098,27.096
1780035932.440165,27.095
1780035932.445771,27.093
1780035932.4515188,27.092
1780035932.4573596,27.092
1780035932.4626958,27.093
1780035932.4680827,27.095
1780035932.473525,27.1
1780035932.4788795,27.101
1780035932.4843736,27.101
1780035932.4896853,27.1
1780035932.4950643,27.1
1780035932.5005028,27.1
1780035932.5059497,27.1
1780035932.511271,27.101
1780035932.5167096,27.101
1780035932.5220861,27.103
1780035932.5275135,27.103
1780035932.5328884,27.102
1780035932.5386548,27.102
1780035932.54503,27.1
1780035932.550963,27.1
1780035932.5563526,27.101
1780035932.5616665,27.1
1780035932.5671074,27.104
1780035932.572542,27.104
1780035932.5779154,27.104
1780035932.583254,27.103
1780035932.5888202,27.102
1780035932.594518,27.099
1780035932.5999942,27.099
1780035932.605312,27.1
1780035932.6108599,27.087
1780035932.616053,27.093
1780035932.6216261,27.102
1780035932.6268685,27.112
1780035932.6324947,27.121
1780035932.6379166,27.133
1780035932.643267,27.141
1780035932.6487005,27.152
1780035932.6541042,27.161
1780035932.659873,27.172
1780035932.665629,27.183
1780035932.671137,27.194
1780035932.6770468,27.203
1780035932.682306,27.213
1780035932.6876929,27.221
1780035932.6931546,27.231
1780035932.698751,27.241
1780035932.7046566,27.252
1780035932.7104883,28.005
1780035932.7159116,28.018
1780035932.721205,28.04
1780035932.7263913,28.048
1780035932.7320573,28.052
1780035932.7375383,28.053
1780035932.742862,28.052
1780035932.7482736,28.051
1780035932.7537003,28.05
1780035932.7592468,28.049
1780035932.7648222,28.048
1780035932.7705,28.048
1780035932.7759135,28.047
1780035932.781431,28.049
1780035932.7867525,28.048
1780035932.7921095,28.048
1780035932.7978435,28.046
1780035932.804105,28.045
1780035932.8096123,28.043
1780035932.815053,28.043
1780035932.8203635,28.042
1780035932.8256674,28.044
1780035932.8311493,28.044
1780035932.8364956,28.044
1780035932.8422904,28.043
1780035932.8479807,28.04
1780035932.8536038,28.037
1780035932.8594832,28.037
1780035932.8646955,28.037
1780035932.8701448,28.038
1780035932.8755596,28.037
1780035932.8809319,28.037
1780035932.8869364,28.035
1780035932.8926167,28.034
1780035932.8982394,28.032
1780035932.9036992,28.031
1780035932.9091876,28.031
1780035932.9144902,28.029
1780035932.919932,28.031
1780035932.9252677,28.031
1780035932.930663,28.03
1780035932.9360924,28.03
1780035932.9422548,28.028
1780035932.948175,28.028
1780035932.9535444,28.027
1780035932.9588954,28.027
1780035932.9643664,28.026
1780035932.9697304,28.027
1780035932.9751132,28.027
1780035932.9804745,28.026
1780035932.9859097,28.025
1780035932.9913578,28.024
1780035932.9967604,28.022
1780035933.0020878,28.022
1780035933.007516,28.019
1780035933.012998,28.023
1780035933.0183678,28.022
1780035933.0237238,28.021
1780035933.0297542,28.02
1780035933.0354035,28.018
1780035933.0409696,28.016
1780035933.0463755,28.016
1780035933.0516834,28.017
1780035933.0573509,28.017
1780035933.0627627,28.016
1780035933.0681334,28.016
1780035933.0735478,28.015
1780035933.078877,28.014
1780035933.084328,28.013
1780035933.0897365,28.013
1780035933.0951152,28.013
1780035933.10044,28.011
1780035933.105669,28.012
1780035933.1113346,28.012
1780035933.1170282,28.011
1780035933.1233175,28.01
1780035933.1290102,28.008
1780035933.1344962,28.005
1780035933.140254,28.006
1780035933.145504,28.006
1780035933.1509426,28.009
1780035933.1563597,28.008
1780035933.1617403,28.008
1780035933.1674135,28.007
1780035933.1736991,28.005
1780035933.1793854,28.003
1780035933.1847925,28.003
1780035933.1905358,28.003
1780035933.1959121,28.004
1780035933.2014391,28.006
1780035933.2067688,28.006
1780035933.2121189,28.005
1780035933.2178383,28.004
1780035933.2241004,28.003
1780035933.2296195,28.002
1780035933.235061,28.001
1780035933.2403533,28.0
1780035933.2457132,28.004
1780035933.2511623,28.004
1780035933.2565298,28.004
1780035933.2625656,28.003
1780035933.2682521,28.001
1780035933.2739096,27.254
1780035933.2794006,27.254
1780035933.284763,27.254
1780035933.2901115,27.254
1780035933.295562,27.255
1780035933.300949,27.255
1780035933.306334,27.254
1780035933.3116653,27.253
1780035933.317244,27.252
1780035933.3227441,27.251
1780035933.3285382,27.251
1780035933.3339186,27.248
1780035933.3394203,27.251
1780035933.3447661,27.25
1780035933.350371,27.249
1780035933.356267,27.248
1780035933.361509,27.247
1780035933.3668756,27.246
1780035933.372305,27.246
1780035933.3777056,27.246
1780035933.3831651,27.245
1780035933.3885028,27.246
1780035933.393902,27.246
1780035933.3993335,27.245
1780035933.405026,27.243
1780035933.410875,27.242
1780035933.4161344,27.241
1780035933.4215672,27.241
1780035933.4268987,27.241
1780035933.432355,27.24
1780035933.4377623,27.24
1780035933.4431303,27.239
1780035933.4484758,27.239
1780035933.4539008,27.238
1780035933.4593546,27.237
1780035933.4647682,27.236
1780035933.4701068,27.236
1780035933.4755259,27.235
1780035933.4810312,27.236
1780035933.4863675,27.235
1780035933.491744,27.235
1780035933.4977653,27.233
1780035933.5034266,27.231
1780035933.508878,27.229
1780035933.514592,27.229
1780035933.5199292,27.229
1780035933.525374,27.23
1780035933.5307448,27.23
1780035933.5361161,27.23
1780035933.5418475,27.229
1780035933.547668,27.228
1780035933.5530665,27.227
1780035933.5583224,27.226
1780035933.563685,27.226
1780035933.5691469,27.225
1780035933.5746794,27.227
1780035933.5799127,27.226
1780035933.5852916,27.226
1780035933.5907133,27.225
1780035933.5961335,27.224
1780035933.6015685,27.223
1780035933.6069398,27.223
1780035933.61233,27.223
1780035933.6176825,27.22
1780035933.6231148,27.221
1780035933.6285536,27.221
1780035933.634602,27.22
1780035933.6406374,27.219
1780035933.6459732,27.218
1780035933.6513064,27.218
1780035933.6567445,27.218
1780035933.6621094,27.215
1780035933.6675112,27.217
1780035933.6728795,27.217
1780035933.6783288,27.216
1780035933.683981,27.215
1780035933.6899014,27.215
1780035933.6951818,27.214
1780035933.700637,27.214
1780035933.7059717,27.214
1780035933.7113569,27.213
1780035933.716772,27.212
1780035933.722116,27.212
1780035933.7275114,27.211
1780035933.7329137,27.211
1780035933.738337,27.21
1780035933.7437193,27.209
1780035933.749134,27.21
1780035933.754451,27.207
1780035933.7596796,27.21
1780035933.765358,27.209
1780035933.7707725,27.209
1780035933.7763884,27.208
1780035933.7823105,27.207
1780035933.7878833,27.207
1780035933.7933822,27.206
1780035933.7989159,27.207
1780035933.8043675,27.207
1780035933.8097098,27.209
1780035933.8151042,27.208
1780035933.8205087,27.208
1780035933.8266857,27.207
1780035933.8325994,27.206
1780035933.837918,27.206
1780035933.8432996,27.206
1780035933.8487546,27.204
1780035933.854079,27.208
1780035933.8595276,27.208
1780035933.864898,27.208
1780035933.8703372,27.207
1780035933.875744,27.206
1780035933.8818455,27.205
1780035933.8877769,27.205
1780035933.8931563,27.205
1780035933.8985374,27.204
1780035933.9039671,27.205
1780035933.9095278,27.204
1780035933.9154305,27.203
1780035933.9207253,27.203
1780035933.926115,27.202
1780035933.9315662,27.201
1780035933.9368937,27.201
1780035933.9423268,27.199
1780035933.9478078,27.201
1780035933.9531622,27.201
1780035933.958544,27.2
1780035933.9642699,27.199
1780035933.970538,27.198
1780035933.9760456,27.197
1780035933.9815292,27.197
1780035933.9873307,27.198
1780035933.9927003,27.198
1780035933.998059,27.199
1780035934.0032322,27.199
1780035934.0091605,27.198
1780035934.0150783,27.197
1780035934.0203214,27.196
1780035934.0257165,27.196
1780035934.0311766,27.197
1780035934.0365222,27.195
1780035934.0419707,27.197
1780035934.0473013,27.196
1780035934.0526965,27.196
1780035934.0581067,27.195
1780035934.0638268,27.194
1780035934.0696478,27.193
1780035934.0749767,27.194
1780035934.080324,27.194
1780035934.085749,27.194
1780035934.091168,27.194
1780035934.096547,27.193
1780035934.1019342,27.193
1780035934.1073062,27.192
1780035934.1127315,27.192
1780035934.1181529,27.191
1780035934.1235747,27.191
1780035934.1289182,27.188
1780035934.1343222,27.189
1780035934.1397445,27.189
1780035934.1451716,27.188
1780035934.1507976,27.187
1780035934.1566887,27.187
1780035934.1619213,27.186
1780035934.1672838,27.186
1780035934.1725283,27.187
1780035934.178113,27.186
1780035934.1835814,27.188
1780035934.1888926,27.188
1780035934.194312,27.187
1780035934.1997378,27.186
1780035934.2054603,27.185
1780035934.2112613,27.185
1780035934.2165706,27.185
1780035934.221945,27.182
1780035934.2274256,27.186
1780035934.2327425,27.186
1780035934.238111,27.185
1780035934.2435362,27.185
1780035934.248921,27.184
1780035934.254347,27.183
1780035934.2597597,27.183
1780035934.265179,27.184
1780035934.2705128,27.182
1780035934.275916,27.184
1780035934.281359,27.183
1780035934.2867768,27.183
1780035934.292401,27.182
1780035934.2983172,27.182
1780035934.3035808,27.18
1780035934.308998,27.181
1780035934.3143826,27.182
1780035934.3197494,27.182
1780035934.3251753,27.181
1780035934.3305302,27.181
1780035934.335925,27.18
1780035934.3413498,27.18
1780035934.3474586,27.179
1780035934.3533688,27.179
1780035934.358768,27.179
1780035934.364075,27.178
1780035934.369306,27.18
1780035934.374927,27.18
1780035934.380343,27.179
1780035934.3856862,27.179
1780035934.3912659,27.177
1780035934.396777,27.175
1780035934.4025583,27.175
1780035934.407942,27.176
1780035934.4133465,27.176
1780035934.4187746,27.177
1780035934.4241266,27.177
1780035934.4301705,27.176
1780035934.436232,27.175
1780035934.4415839,27.174
1780035934.4469438,27.174
1780035934.4523757,27.175
1780035934.4577277,27.173
1780035934.4631293,27.175
1780035934.4685745,27.175
1780035934.4739826,27.174
1780035934.479597,27.173
1780035934.4854896,27.173
1780035934.4907267,27.172
1780035934.496185,27.172
1780035934.501581,27.173
1780035934.5069551,27.173
1780035934.5123804,27.174
1780035934.517715,27.174
1780035934.5231106,27.173
1780035934.528541,27.172
1780035934.5342693,27.171
1780035934.5400424,27.171
1780035934.5453596,27.171
1780035934.5507832,27.17
1780035934.55609,27.172
1780035934.5615726,27.173
1780035934.5669396,27.173
1780035934.5723524,27.172
1780035934.577696,27.172
1780035934.5831294,27.171
1780035934.5885534,27.171
1780035934.593975,27.172
1780035934.5993023,27.171
1780035934.6046982,27.173
1780035934.6101835,27.173
1780035934.6155872,27.172
1780035934.6211948,27.172
1780035934.6270819,27.171
1780035934.6323314,27.171
1780035934.637652,27.171
1780035934.6428897,27.169
1780035934.648619,27.172
1780035934.6539838,27.171
1780035934.6593351,27.171
1780035934.6647375,27.17
1780035934.6701407,27.169
1780035934.6758502,27.168
1780035934.681665,27.168
1780035934.6869743,27.169
1780035934.6923733,27.169
1780035934.697863,27.172
1780035934.7031856,27.171
1780035934.7087798,27.17
1780035934.714684,27.17
1780035934.7199304,27.169
1780035934.7253513,27.168
1780035934.73078,27.169
1780035934.7361147,27.169
1780035934.7415688,27.169
1780035934.746898,27.17
1780035934.752322,27.169
1780035934.7577431,27.169
1780035934.7634468,27.168
1780035934.7697678,27.167
1780035934.7752576,27.167
1780035934.7806969,27.167
1780035934.7859902,27.167
1780035934.7914732,27.17
1780035934.7967856,27.169
1780035934.802152,27.169
1780035934.8082414,27.168
1780035934.8141792,27.168
1780035934.8195758,27.167
1780035934.8250256,27.167
1780035934.83039,27.166
1780035934.83577,27.168
1780035934.841128,27.167
1780035934.8465369,27.167
1780035934.8519924,27.166
1780035934.857605,27.165
1780035934.8634925,27.165
1780035934.8687322,27.165
1780035934.8740976,27.165
1780035934.8795176,27.164
1780035934.8850827,27.167
1780035934.8903918,27.166
1780035934.89571,27.166
1780035934.9011052,27.165
1780035934.9065318,27.164
1780035934.911982,27.164
1780035934.9173594,27.164
1780035934.9227445,27.164
1780035934.928124,27.163
1780035934.9335477,27.165
1780035934.9389489,27.164
1780035934.9446435,27.163
1780035934.9509594,27.163
1780035934.9566228,27.161
1780035934.9620342,27.161
1780035934.9677556,27.162
1780035934.9731383,27.163
1780035934.9786673,27.166
1780035934.9839895,27.165
1780035934.989609,27.165
1780035934.9954822,27.164
1780035935.0007381,27.163
1780035935.0061004,27.163
1780035935.0115306,27.163
1780035935.0169022,27.164
1780035935.0223625,27.163
1780035935.0277514,27.164
1780035935.0331335,27.164
1780035935.0385613,27.163
1780035935.0442674,27.162
1780035935.050515,27.162
1780035935.0560489,27.161
1780035935.0615096,27.162
1780035935.0668027,27.162
1780035935.0722702,27.164
1780035935.0775912,27.164
1780035935.0829456,27.164
1780035935.0887318,27.163
1780035935.0946352,27.162
1780035935.1004303,27.161
1780035935.105776,27.162
1780035935.1111712,27.162
1780035935.1166372,27.165
1780035935.1219923,27.164
1780035935.127357,27.164
1780035935.1327481,27.164
1780035935.1380951,27.163
1780035935.1436534,27.162
1780035935.149147,27.161
1780035935.1549444,27.162
1780035935.1603806,27.16
1780035935.1658564,27.162
1780035935.1711936,27.162
1780035935.176541,27.161
1780035935.181956,27.161
1780035935.1873028,27.16
1780035935.192737,27.16
1780035935.1981647,27.16
1780035935.2035923,27.16
1780035935.2089446,27.159
1780035935.214359,27.16
1780035935.2196891,27.16
1780035935.2252524,27.159
1780035935.2309594,27.156
1780035935.2366571,27.154
1780035935.2426062,27.154
1780035935.2479792,27.155
1780035935.2533453,27.153
1780035935.2587783,27.156
1780035935.264183,27.156
1780035935.2695606,27.156
1780035935.2749074,27.155
1780035935.2803478,27.155
1780035935.2860432,27.154
1780035935.2919455,27.154
1780035935.2977219,27.155
1780035935.3031456,27.155
1780035935.3084834,27.156
1780035935.3137279,27.156
1780035935.3196247,27.155
1780035935.325519,27.154
1780035935.331028,27.154
1780035935.3365464,27.153
1780035935.342185,27.153
1780035935.3475802,27.153
1780035935.3530476,27.155
1780035935.3583896,27.155
1780035935.3637574,27.154
1780035935.3694468,27.154
1780035935.375319,27.153
1780035935.3805823,27.152
1780035935.385998,27.153
1780035935.3913713,27.153
1780035935.3967795,27.152
1780035935.402139,27.153
1780035935.4075592,27.153
1780035935.4129016,27.153
1780035935.418449,27.152
1780035935.424153,27.149
1780035935.4297144,27.148
1780035935.435231,27.149
1780035935.440544,27.146
1780035935.445969,27.148
1780035935.451326,27.148
1780035935.4567316,27.147
1780035935.4621453,27.147
1780035935.4678628,27.146
1780035935.4741485,27.146
1780035935.4796326,27.146
1780035935.4849305,27.146
1780035935.4903915,27.147
1780035935.4957318,27.148
1780035935.5011954,27.148
1780035935.5065238,27.148
1780035935.5119176,27.147
1780035935.51735,27.147
1780035935.5227983,27.146
1780035935.528147,27.147
1780035935.5335827,27.144
1780035935.5389926,27.148
1780035935.5444565,27.147
1780035935.5499296,27.146
1780035935.555831,27.146
1780035935.5611508,27.145
1780035935.5665383,27.145
1780035935.572,27.145
1780035935.5773735,27.145
1780035935.5827498,27.145
1780035935.5882719,27.147
1780035935.5935957,27.147
1780035935.598944,27.147
1780035935.6046796,27.146
1780035935.6104903,27.145
1780035935.6157434,27.145
1780035935.6211941,27.145
1780035935.6265485,27.146
1780035935.6319916,27.146
1780035935.6373708,27.147
1780035935.6427536,27.146
1780035935.6481273,27.146
1780035935.6535485,27.146
1780035935.6589665,27.145
1780035935.6643944,27.145
1780035935.6697402,27.146
1780035935.6751587,27.144
1780035935.6805816,27.148
1780035935.6860032,27.148
1780035935.6916268,27.147
1780035935.6975224,27.147
1780035935.7027464,27.147
1780035935.7081184,27.146
1780035935.7135425,27.147
1780035935.7189455,27.147
1780035935.7243989,27.147
1780035935.729732,27.149
1780035935.7351265,27.148
1780035935.7405372,27.148
1780035935.7467072,27.147
1780035935.7526228,27.147
1780035935.7579875,27.147
1780035935.763346,27.148
1780035935.7687833,27.146
1780035935.7741752,27.15
1780035935.779565,27.15
1780035935.784928,27.15
1780035935.7903776,27.15
1780035935.7957468,27.149
1780035935.801519,27.148
1780035935.807266,27.148
1780035935.812577,27.149
1780035935.8179586,27.149
1780035935.82336,27.151
1780035935.828805,27.151
1780035935.8344047,27.15
1780035935.840324,27.15
1780035935.8458269,27.149
1780035935.8513227,27.148
1780035935.8569643,27.148
1780035935.8623552,27.147
1780035935.8676574,27.149
1780035935.8729017,27.148
1780035935.8785794,27.148
1780035935.8842795,27.147
1780035935.890509,27.146
1780035935.8960695,27.146
1780035935.9015636,27.146
1780035935.9073606,27.146
1780035935.912752,27.147
1780035935.9181943,27.149
1780035935.9236073,27.148
1780035935.9292665,27.148
1780035935.935113,27.147
1780035935.9403512,27.147
1780035935.945761,27.146
1780035935.951224,27.147
1780035935.956545,27.145
1780035935.9619827,27.147
1780035935.9673355,27.146
1780035935.9727328,27.146
1780035935.9781082,27.146
1780035935.983356,27.145
1780035935.9892406,27.144
1780035935.99511,27.145
1780035936.000351,27.145
1780035936.0057843,27.146
1780035936.0112035,27.147
1780035936.0165548,27.147
1780035936.0225692,27.146
1780035936.0282717,27.145
1780035936.0338676,27.143
1780035936.0392733,27.142
1780035936.0448287,27.143
1780035936.0501158,27.144
1780035936.0555577,27.148
1780035936.060896,27.148
1780035936.0661516,27.148
1780035936.071776,27.148
1780035936.0774703,27.147
1780035936.0832763,27.147
1780035936.0885866,27.147
1780035936.094006,27.147
1780035936.0993724,27.147
1780035936.104802,27.149
1780035936.1102421,27.149
1780035936.1155732,27.149
1780035936.1209183,27.148
1780035936.1263614,27.148
1780035936.1317594,27.147
1780035936.1372252,27.148
1780035936.1425352,27.147
1780035936.1479514,27.148
1780035936.1533372,27.148
1780035936.1587718,27.147
1780035936.1644225,27.147
1780035936.1703422,27.146
1780035936.17586,27.145
1780035936.1813686,27.145
1780035936.186947,27.146
1780035936.1924095,27.147
1780035936.1977262,27.149
1780035936.2031126,27.148
1780035936.2085648,27.148
1780035936.2142715,27.147
1780035936.2205248,27.147
1780035936.2260852,27.146
1780035936.2315753,27.146
1780035936.2373254,27.146
1780035936.2427301,27.148
1780035936.2481375,27.148
1780035936.2536108,27.148
1780035936.2592535,27.148
1780035936.2651234,27.147
1780035936.2709343,27.147
1780035936.2763703,27.147
1780035936.281701,27.148
1780035936.2869256,27.148
1780035936.2925496,27.15
1780035936.2980113,27.149
1780035936.3033319,27.149
1780035936.308729,27.148
1780035936.3141768,27.148
1780035936.3196082,27.148
1780035936.3249724,27.148
1780035936.3303716,27.146
1780035936.3358085,27.15
1780035936.3411927,27.149
1780035936.3465712,27.149
1780035936.352288,27.148
1780035936.3585432,27.147
1780035936.3640492,27.146
1780035936.3694382,27.147
1780035936.3748305,27.148
1780035936.380187,27.149
1780035936.3856127,27.151
1780035936.391019,27.151
1780035936.3963814,27.151
1780035936.4017198,27.15
1780035936.4071677,27.15
1780035936.4125707,27.15
1780035936.4180121,27.15
1780035936.423316,27.149
1780035936.4285545,27.151
1780035936.4341605,27.151
1780035936.4396062,27.151
1780035936.44525,27.15
1780035936.4511218,27.15
1780035936.4563618,27.15
1780035936.4617507,27.15
1780035936.4672303,27.15
1780035936.472576,27.149
1780035936.4780056,27.151
1780035936.483329,27.151
1780035936.4887297,27.15
1780035936.4941618,27.15
1780035936.4998727,27.149
1780035936.5056655,27.149
1780035936.5109775,27.149
1780035936.5163567,27.148
1780035936.5218437,27.15
1780035936.5272315,27.15
1780035936.532575,27.15
1780035936.5379708,27.149
1780035936.543347,27.149
1780035936.5487564,27.148
1780035936.5541902,27.148
1780035936.5596151,27.148
1780035936.5649464,27.146
1780035936.5703523,27.15
1780035936.575778,27.15
1780035936.5812287,27.15
1780035936.586827,27.149
1780035936.5927403,27.149
1780035936.5980313,27.148
1780035936.6037169,27.148
1780035936.6093671,27.15
1780035936.6148045,27.149
1780035936.6201575,27.151
1780035936.6256175,27.15
1780035936.6309326,27.15
1780035936.6363673,27.149
1780035936.6417885,27.149
1780035936.6472268,27.148
1780035936.652549,27.149
1780035936.6579747,27.146
1780035936.6634734,27.15
1780035936.6688166,27.15
1780035936.6741717,27.15
1780035936.6803029,27.149
1780035936.6861916,27.148
1780035936.6915972,27.148
1780035936.696959,27.148
1780035936.7024188,27.149
1780035936.7077587,27.148
1780035936.7131784,27.15
1780035936.718584,27.15
1780035936.7240407,27.149
1780035936.729373,27.148
1780035936.7350996,27.148
1780035936.7408864,27.147
1780035936.7461958,27.148
1780035936.7515805,27.146
1780035936.7570093,27.15
1780035936.762423,27.151
1780035936.7677715,27.15
1780035936.7731833,27.15
1780035936.7785425,27.149
1780035936.783963,27.149
1780035936.7893806,27.149
1780035936.7948184,27.149
1780035936.800173,27.148
1780035936.8055732,27.15
1780035936.8109384,27.15
1780035936.8163693,27.149
1780035936.822054,27.149
1780035936.8279572,27.148
1780035936.8332286,27.148
1780035936.838659,27.148
1780035936.844019,27.148
1780035936.8494143,27.147
1780035936.8548205,27.147
1780035936.860157,27.147
1780035936.8655663,27.146
1780035936.87092,27.146
1780035936.8764725,27.145
1780035936.8819795,27.145
1780035936.887789,27.145
1780035936.8931723,27.143
1780035936.8986974,27.146
1780035936.9040203,27.145
1780035936.9094102,27.145
1780035936.9151247,27.144
1780035936.9214768,27.143
1780035936.927407,27.143
1780035936.9328074,27.143
1780035936.9381607,27.144
1780035936.9436054,27.144
1780035936.94899,27.145
1780035936.9543798,27.145
1780035936.959734,27.144
1780035936.9651663,27.144
1780035936.970828,27.143
1780035936.976707,27.144
1780035936.9819686,27.144
1780035936.9873102,27.144
1780035936.9925606,27.144
1780035936.998182,27.144
1780035937.0035784,27.143
1780035937.0089326,27.143
1780035937.0143304,27.142
1780035937.019773,27.142
1780035937.0252383,27.142
1780035937.0305576,27.143
1780035937.0359786,27.141
1780035937.0413132,27.143
1780035937.0465162,27.143
1780035937.0521595,27.142
1780035937.0579224,27.142
1780035937.0642862,27.141
1780035937.0702584,27.141
1780035937.0756302,27.142
1780035937.0809698,27.142
1780035937.086425,27.144
1780035937.0917745,27.144
1780035937.0971887,27.143
1780035937.1025493,27.143
1780035937.1079817,27.143
1780035937.11345,27.142
1780035937.1194832,27.142
1780035937.1248217,27.143
1780035937.1301665,27.143
1780035937.1355784,27.144
1780035937.1409566,27.144
1780035937.146428,27.143
1780035937.1520164,27.143
1780035937.15792,27.142
1780035937.16317,27.142
1780035937.1685548,27.142
1780035937.1740098,27.14
1780035937.1794128,27.144
1780035937.1848257,27.144
1780035937.1901355,27.144
1780035937.1955593,27.143
1780035937.200968,27.143
1780035937.2066858,27.142
1780035937.212508,27.142
1780035937.2178168,27.143
1780035937.2232268,27.144
1780035937.2285957,27.145
1780035937.234019,27.145
1780035937.2396193,27.144
1780035937.2455256,27.144
1780035937.2507706,27.144
1780035937.256159,27.143
1780035937.2616267,27.144
1780035937.2669678,27.144
1780035937.272417,27.143
1780035937.2777228,27.144
1780035937.2829795,27.144
1780035937.2885797,27.143
1780035937.29408,27.143
1780035937.2997797,27.142
1780035937.3053985,27.142
1780035937.3107815,27.143
1780035937.3161237,27.142
1780035937.3213716,27.142
1780035937.3269978,27.142
1780035937.3326879,27.141
1780035937.3389616,27.14
1780035937.3446481,27.14
1780035937.3500586,27.139
1780035937.3557804,27.139
1780035937.3611796,27.139
1780035937.3664799,27.144
1780035937.3717225,27.144
1780035937.377399,27.144
1780035937.3835256,27.143
1780035937.3894272,27.142
1780035937.3948126,27.142
1780035937.4001672,27.142
1780035937.4056184,27.143
1780035937.4109743,27.142
1780035937.4163966,27.144
1780035937.4217165,27.144
1780035937.4272747,27.144
1780035937.4330008,27.143
1780035937.4387572,27.141
1780035937.44467,27.141
1780035937.449978,27.141
1780035937.4553404,27.14
1780035937.4607794,27.143
1780035937.4661794,27.144
1780035937.471584,27.143
1780035937.4769378,27.143
1780035937.4822538,27.142
1780035937.4879646,27.141
1780035937.4938624,27.141
1780035937.499182,27.142
1780035937.5045805,27.143
1780035937.5100288,27.145
1780035937.515371,27.145
1780035937.5207949,27.145
1780035937.5261266,27.144
1780035937.5316684,27.143
1780035937.5371945,27.142
1780035937.5430305,27.143
1780035937.5483692,27.143
1780035937.5538034,27.143
1780035937.5592227,27.143
1780035937.564566,27.143
1780035937.570626,27.142
1780035937.5761232,27.142
1780035937.5815508,27.142
1780035937.5868564,27.142
1780035937.5921953,27.142
1780035937.5976076,27.143
1780035937.603101,27.146
1780035937.6084316,27.146
1780035937.6137426,27.146
1780035937.6191423,27.146
1780035937.624584,27.145
1780035937.6302805,27.145
1780035937.6361003,27.145
1780035937.6414306,27.146
1780035937.646832,27.145
1780035937.6521842,27.146
1780035937.6578813,27.146
1780035937.664158,27.145
1780035937.6698594,27.144
1780035937.6754482,27.143
1780035937.6808488,27.143
1780035937.6864576,27.144
1780035937.691787,27.145
1780035937.6971958,27.147
1780035937.702536,27.147
1780035937.7078457,27.147
1780035937.7137396,27.146
1780035937.7196417,27.146
1780035937.725394,27.145
1780035937.7307875,27.146
1780035937.7361095,27.147
1780035937.741333,27.147
1780035937.7469885,27.148
1780035937.7524376,27.148
1780035937.758045,27.148
1780035937.7639549,27.147
1780035937.769176,27.146
1780035937.7746322,27.146
1780035937.7800333,27.147
1780035937.785377,27.145
1780035937.790817,27.147
1780035937.7961354,27.147
1780035937.801547,27.147
1780035937.8069766,27.146
1780035937.81269,27.146
1780035937.8185465,27.145
1780035937.824035,27.146
1780035937.8297446,27.146
1780035937.8349738,27.147
1780035937.8405776,27.148
1780035937.846036,27.148
1780035937.851664,27.148
1780035937.857555,27.147
1780035937.8630562,27.147
1780035937.8685725,27.146
1780035937.8742263,27.146
1780035937.8796206,27.147
1780035937.8850744,27.149
1780035937.8904278,27.149
1780035937.8957913,27.149
1780035937.9018898,27.148
1780035937.9078763,27.148
1780035937.9132254,27.147
1780035937.9186552,27.147
1780035937.9240384,27.148
1780035937.9294064,27.147
1780035937.934792,27.147
1780035937.9402382,27.146
1780035937.945638,27.146
1780035937.9509835,27.146
1780035937.957156,27.145
1780035937.9630768,27.145
1780035937.9683971,27.146
1780035937.9737544,27.145
1780035937.9792297,27.147
1780035937.9846091,27.147
1780035937.9899921,27.147
1780035937.9953413,27.147
1780035938.0005465,27.146
1780035938.0061703,27.145
1780035938.011638,27.146
1780035938.016977,27.146
1780035938.0223942,27.145
1780035938.0277245,27.146
1780035938.0329719,27.146
1780035938.038864,27.146
1780035938.0447886,27.145
1780035938.050317,27.145
1780035938.0558362,27.144
1780035938.0614178,27.144
1780035938.066823,27.145
1780035938.07211,27.147
1780035938.077371,27.147
1780035938.082998,27.146
1780035938.0884013,27.146
1780035938.094032,27.145
1780035938.0999346,27.145
1780035938.1051836,27.145
1780035938.110525,27.146
1780035938.1157758,27.146
1780035938.1213815,27.148
1780035938.1268399,27.148
1780035938.1321518,27.147
1780035938.1375647,27.147
1780035938.142976,27.146
1780035938.1484406,27.146
1780035938.153853,27.146
1780035938.1592026,27.145
1780035938.1645882,27.147
1780035938.1700122,27.147
1780035938.1754158,27.146
1780035938.18113,27.146
1780035938.1874936,27.145
1780035938.1934474,27.145
1780035938.1988213,27.145
1780035938.2041955,27.145
1780035938.2096348,27.146
1780035938.214983,27.148
1780035938.2203968,27.148
1780035938.2257488,27.147
1780035938.231141,27.147
1780035938.2368438,27.146
1780035938.2427604,27.146
1780035938.2479842,27.146
1780035938.2533338,27.146
1780035938.2585607,27.147
1780035938.2641878,27.148
1780035938.269643,27.148
1780035938.2749648,27.148
1780035938.2803617,27.147
1780035938.285791,27.147
1780035938.2912402,27.147
1780035938.2965858,27.147
1780035938.3019874,27.146
1780035938.3074572,27.148
1780035938.3127692,27.148
1780035938.3181233,27.148
1780035938.323341,27.147
1780035938.3292694,27.147
1780035938.3352299,27.147
1780035938.3410625,27.147
1780035938.3464088,27.148
1780035938.351805,27.148
1780035938.35716,27.147
1780035938.362577,27.147
1780035938.3680048,27.147
1780035938.3733542,27.147
1780035938.3787453,27.146
1780035938.38416,27.146
1780035938.389596,27.147
1780035938.3949327,27.144
1780035938.400094,27.145
1780035938.4057343,27.145
1780035938.411275,27.144
1780035938.416964,27.142
1780035938.4226472,27.14
1780035938.428241,27.139
1780035938.4336329,27.14
1780035938.439373,27.141
1780035938.4447732,27.145
1780035938.4501767,27.146
1780035938.455618,27.146
1780035938.4609582,27.146
1780035938.467021,27.145
1780035938.472766,27.143
1780035938.4784067,27.143
1780035938.4837685,27.144
1780035938.4891973,27.143
1780035938.4945703,27.148
1780035938.4999533,27.147
1780035938.5056653,27.147
1780035938.5115376,27.147
1780035938.5167825,27.146
1780035938.5222328,27.145
1780035938.527642,27.146
1780035938.5329845,27.146
1780035938.538407,27.146
1780035938.5437536,27.147
1780035938.5491486,27.147
1780035938.5545592,27.146
1780035938.55978,27.145
1780035938.5653703,27.145
1780035938.5707688,27.145
1780035938.5762117,27.145
1780035938.5815883,27.145
1780035938.5869458,27.144
1780035938.5921204,27.143
1780035938.598043,27.142
1780035938.6039531,27.142
1780035938.6091952,27.141
1780035938.6146462,27.141
1780035938.6200092,27.141
1780035938.6253667,27.141
1780035938.6307938,27.14
1780035938.6362672,27.142
1780035938.6415815,27.141
1780035938.646977,27.141
1780035938.6527,27.14
1780035938.65848,27.139
1780035938.6637595,27.139
1780035938.6691554,27.139
1780035938.674583,27.139
1780035938.680004,27.129
1780035938.6855073,27.135
1780035938.6907778,27.146
1780035938.6961694,27.154
1780035938.7015977,27.165
1780035938.7069712,27.175
1780035938.7127824,27.185
1780035938.719153,27.198
1780035938.7250535,27.207
1780035938.7303808,27.218
1780035938.7358305,27.226
1780035938.7418976,27.236
1780035938.7475321,27.245
1780035938.753057,27.255
1780035938.7586327,28.006
1780035938.7642932,28.017
1780035938.7699232,28.025
1780035938.77527,28.034
1780035938.7805796,28.043
1780035938.78619,28.059
1780035938.791616,28.082
1780035938.7969036,28.084
1780035938.8020957,28.086
1780035938.807799,28.087
1780035938.8132012,28.086
1780035938.818748,28.084
1780035938.8239975,28.083
1780035938.829369,28.082
1780035938.8347895,28.082
1780035938.8401892,28.081
1780035938.8456044,28.08
1780035938.8509264,28.079
1780035938.8564818,28.078
1780035938.8622444,28.076
1780035938.8679507,28.073
1780035938.8738601,28.072
1780035938.8791907,28.071
1780035938.8845704,28.071
1780035938.8900025,28.069
1780035938.8953226,28.072
1780035938.9005282,28.071
1780035938.9061418,28.07
1780035938.9117005,28.068
1780035938.9174192,28.066
1780035938.9231243,28.063
1780035938.9290562,28.063
1780035938.9344065,28.063
1780035938.9397898,28.062
1780035938.9451869,28.061
1780035938.950842,28.06
1780035938.9567454,28.059
1780035938.9619994,28.057
1780035938.9673944,28.056
1780035938.9728084,28.055
1780035938.9781976,28.055
1780035938.9836044,28.051
1780035938.989027,28.054
1780035938.9943926,28.053
1780035938.999791,28.052
1780035939.0055115,28.05
1780035939.0113153,28.049
1780035939.0165796,28.048
1780035939.0219615,28.047
1780035939.0273783,28.048
1780035939.0328062,28.046
1780035939.0381262,28.045
1780035939.0435092,28.044
1780035939.0492485,28.041
1780035939.055117,28.041
1780035939.06048,28.04
1780035939.0657628,28.039
1780035939.0711956,28.038
1780035939.0765276,28.037
1780035939.0817611,28.036
1780035939.0873954,28.036
1780035939.092827,28.035
1780035939.0981982,28.034
1780035939.1039143,28.033
1780035939.1101832,28.031
1780035939.115684,28.03
1780035939.1210115,28.03
1780035939.1264153,28.029
1780035939.1317835,28.03
1780035939.1374917,28.029
1780035939.1431367,28.027
1780035939.1487217,28.026
1780035939.154284,28.025
1780035939.15969,28.023
1780035939.1654036,28.024
1780035939.1708338,28.025
1780035939.1760964,28.027
1780035939.1812892,28.026
1780035939.186983,28.025
1780035939.1924152,28.024
1780035939.1977575,28.024
1780035939.2032535,28.022
1780035939.2087657,28.022
1780035939.2146518,28.022
1780035939.2199864,28.019
1780035939.2253883,28.02
1780035939.2308114,28.019
1780035939.2361538,28.018
1780035939.2416375,28.017
1780035939.247374,28.015
1780035939.253267,28.014
1780035939.2590137,28.014
1780035939.2644117,28.013
1780035939.269761,28.016
1780035939.274941,28.015
1780035939.2805986,28.015
1780035939.2860217,28.014
1780035939.2913868,28.013
1780035939.2967768,28.011
1780035939.3021536,28.011
1780035939.3075998,28.011
1780035939.3129544,28.009
1780035939.3181427,28.009
1780035939.32376,28.008
1780035939.3293538,28.007
1780035939.3351238,28.005
1780035939.340868,28.003
1780035939.346761,28.002
1780035939.3520033,28.002
1780035939.3573399,28.001
1780035939.3626227,28.003
1780035939.3684938,28.003
1780035939.3743987,28.002
1780035939.3799162,28.001
1780035939.3856733,27.254
1780035939.3913245,27.252
1780035939.3971694,27.252
1780035939.4024017,27.253
1780035939.407877,27.255
1780035939.413263,27.254
1780035939.4188774,27.252
1780035939.4247947,27.252
1780035939.4303102,27.251
1780035939.4360557,27.248
1780035939.4414837,27.247
1780035939.4473898,27.247
1780035939.4528139,27.249
1780035939.4583726,27.251
1780035939.4637363,27.25
1780035939.4695158,27.247
1780035939.4752781,27.245
1780035939.4811702,27.244
1780035939.4864678,27.243
1780035939.4918745,27.243
1780035939.4972498,27.241
1780035939.502946,27.243
1780035939.5090044,27.246
1780035939.5146055,27.245
1780035939.5200183,27.244
1780035939.5253775,27.243
1780035939.530806,27.242
1780035939.5362315,27.242
1780035939.541653,27.242
1780035939.5470016,27.241
1780035939.552421,27.243
1780035939.557818,27.242
1780035939.563266,27.241
1780035939.568877,27.24
1780035939.574838,27.239
1780035939.5805998,27.239
1780035939.5860233,27.239
1780035939.5913932,27.236
1780035939.5968328,27.239
1780035939.6021807,27.239
1780035939.6076286,27.238
1780035939.612995,27.238
1780035939.618392,27.237
1780035939.6238024,27.236
1780035939.6292624,27.236
1780035939.6346123,27.236
1780035939.6400263,27.234
1780035939.6453745,27.235
1780035939.650603,27.235
1780035939.656231,27.234
1780035939.6619556,27.233
1780035939.6682608,27.232
1780035939.6737523,27.231
1780035939.679193,27.231
1780035939.6850123,27.229
1780035939.6904085,27.232
1780035939.6958263,27.232
1780035939.7012603,27.231
1780035939.7068794,27.23
1780035939.712782,27.23
1780035939.7180111,27.229
1780035939.723375,27.229
1780035939.728808,27.229
1780035939.7342412,27.228
1780035939.739659,27.227
1780035939.745009,27.226
1780035939.7504044,27.226
1780035939.7558138,27.225
1780035939.7615306,27.224
1780035939.7673573,27.223
1780035939.772617,27.224
1780035939.7780497,27.221
1780035939.7834644,27.225
1780035939.7888634,27.224
1780035939.7942374,27.224
1780035939.799619,27.223
1780035939.8049672,27.222
1780035939.8105142,27.22
1780035939.8160105,27.22
1780035939.8217974,27.22
1780035939.8271992,27.218
1780035939.8326201,27.22
1780035939.8380666,27.219
1780035939.8436725,27.218
1780035939.8495767,27.218
1780035939.854811,27.217
1780035939.8601687,27.216
1780035939.8656106,27.217
1780035939.8709955,27.216
1780035939.876466,27.215
1780035939.8818028,27.216
1780035939.8871982,27.215
1780035939.892636,27.214
1780035939.8980587,27.213
1780035939.9035609,27.212
1780035939.908812,27.212
1780035939.9141502,27.212
1780035939.9193895,27.21
1780035939.9251475,27.212
1780035939.930512,27.211
1780035939.9362466,27.209
1780035939.941945,27.207
1780035939.9478521,27.206
1780035939.9532561,27.205
1780035939.9587104,27.206
1780035939.9640665,27.206
1780035939.9694972,27.206
1780035939.9748313,27.206
1780035939.9801698,27.205
1780035939.9856093,27.205
1780035939.9910386,27.204
1780035939.9967463,27.203
1780035940.0025358,27.202
1780035940.0078459,27.203
1780035940.013226,27.202
1780035940.018736,27.204
1780035940.0240674,27.203
1780035940.0296671,27.203
1780035940.0355847,27.202
1780035940.0408125,27.201
1780035940.0462384,27.2
1780035940.0516222,27.2
1780035940.0570138,27.2
1780035940.0624602,27.199
1780035940.0678444,27.201
1780035940.0732152,27.2
1780035940.0786126,27.2
1780035940.0843246,27.199
1780035940.0905972,27.198
1780035940.0961256,27.198
1780035940.1015887,27.198
1780035940.1068823,27.198
1780035940.1123595,27.2
1780035940.117669,27.2
1780035940.1230288,27.2
1780035940.1290698,27.199
1780035940.1350994,27.198
1780035940.1404746,27.197
1780035940.145888,27.198
1780035940.1512659,27.197
1780035940.156648,27.198
1780035940.162016,27.197
1780035940.1674213,27.197
1780035940.172871,27.196
1780035940.178466,27.195
1780035940.1843584,27.195
1780035940.1896167,27.195
1780035940.1950123,27.195
1780035940.2004561,27.194
1780035940.2059522,27.196
1780035940.211272,27.196
1780035940.216596,27.196
1780035940.2219946,27.195
1780035940.227423,27.194
1780035940.232873,27.193
1780035940.238242,27.193
1780035940.2436268,27.194
1780035940.248972,27.193
1780035940.2542322,27.192
1780035940.2598274,27.192
1780035940.2655609,27.191
1780035940.271978,27.189
1780035940.2778823,27.189
1780035940.2832534,27.189
1780035940.2886083,27.189
1780035940.294056,27.189
1780035940.2995641,27.191
1780035940.304872,27.19
1780035940.3102176,27.19
1780035940.3156502,27.189
1780035940.3210394,27.189
1780035940.326467,27.188
1780035940.3319385,27.188
1780035940.3372207,27.189
1780035940.3426213,27.188
1780035940.348071,27.189
1780035940.353439,27.189
1780035940.3594542,27.188
1780035940.3651314,27.186
1780035940.3708253,27.184
1780035940.3763115,27.183
1780035940.3822145,27.184
1780035940.387633,27.184
1780035940.3931594,27.186
1780035940.3984725,27.186
1780035940.403838,27.186
1780035940.409237,27.185
1780035940.4146938,27.185
1780035940.420075,27.184
1780035940.4254417,27.185
1780035940.4308658,27.186
1780035940.4362295,27.184
1780035940.4416325,27.186
1780035940.447051,27.186
1780035940.452474,27.186
1780035940.4580772,27.185
1780035940.4640102,27.184
1780035940.4692605,27.184
1780035940.4746263,27.184
1780035940.4800653,27.181
1780035940.485505,27.185
1780035940.4908748,27.184
1780035940.4962049,27.184
1780035940.50162,27.184
1780035940.50702,27.183
1780035940.512728,27.182
1780035940.5185146,27.182
1780035940.523803,27.183
1780035940.5292048,27.182
1780035940.534677,27.184
1780035940.5400789,27.183
1780035940.545677,27.183
1780035940.5515697,27.182
1780035940.5568202,27.182
1780035940.5622303,27.181
1780035940.5676935,27.182
1780035940.573,27.182
1780035940.578463,27.18
1780035940.5838318,27.181
1780035940.5892568,27.18
1780035940.5946443,27.18
1780035940.600307,27.179
1780035940.606606,27.178
1780035940.612111,27.178
1780035940.6174579,27.178
1780035940.6228766,27.178
1780035940.6282291,27.179
1780035940.6339405,27.179
1780035940.6402438,27.178
1780035940.6458983,27.176
1780035940.6514792,27.175
1780035940.656925,27.175
1780035940.662514,27.175
1780035940.6678157,27.175
1780035940.673201,27.178
1780035940.6785846,27.178
1780035940.6837869,27.178
1780035940.6894078,27.177
1780035940.6951683,27.177
1780035940.7014234,27.176
1780035940.7069116,27.176
1780035940.7122357,27.176
1780035940.7176754,27.175
1780035940.7230499,27.177
1780035940.7284734,27.176
1780035940.7338133,27.176
1780035940.7392023,27.175
1780035940.744634,27.175
1780035940.7500794,27.174
1780035940.7554264,27.175
1780035940.7608705,27.172
1780035940.7663078,27.175
1780035940.771669,27.175
1780035940.7770305,27.175
1780035940.7831464,27.173
1780035940.7890909,27.173
1780035940.7944686,27.172
1780035940.799827,27.172
1780035940.8052716,27.173
1780035940.810618,27.172
1780035940.8160336,27.173
1780035940.821482,27.172
1780035940.8269665,27.172
1780035940.8325207,27.171
1780035940.838422,27.171
1780035940.8436835,27.17
1780035940.8490155,27.17
1780035940.8544478,27.168
1780035940.8599458,27.171
1780035940.865282,27.171
1780035940.870602,27.17
1780035940.875995,27.17
1780035940.8814416,27.169
1780035940.8868756,27.168
1780035940.8922367,27.168
1780035940.8976455,27.169
1780035940.9029422,27.167
1780035940.9081933,27.167
1780035940.913863,27.167
1780035940.9199476,27.166
1780035940.9258735,27.166
1780035940.9312708,27.165
1780035940.9366412,27.164
1780035940.9420831,27.165
1780035940.9474027,27.165
1780035940.9528208,27.166
1780035940.958218,27.166
1780035940.9636455,27.166
1780035940.9690304,27.165
1780035940.9747548,27.164
1780035940.9810345,27.164
1780035940.986572,27.163
1780035940.9920151,27.164
1780035940.9978118,27.163
1780035941.0032375,27.165
1780035941.0086372,27.165
1780035941.0140862,27.164
1780035941.019678,27.163
1780035941.0255678,27.163
1780035941.0308282,27.163
1780035941.0362375,27.163
1780035941.0416763,27.161
1780035941.0471103,27.163
1780035941.052448,27.163
1780035941.0577774,27.162
1780035941.0632603,27.162
1780035941.0687814,27.16
1780035941.0746727,27.16
1780035941.0800605,27.16
1780035941.0854356,27.161
1780035941.0908725,27.16
1780035941.0963287,27.163
1780035941.1016302,27.162
1780035941.1069908,27.162
1780035941.1124349,27.161
1780035941.1178527,27.161
1780035941.1232812,27.16
1780035941.128638,27.161
1780035941.134052,27.161
1780035941.139441,27.161
1780035941.1448872,27.162
1780035941.1502373,27.162
1780035941.1556885,27.161
1780035941.1609976,27.161
1780035941.1664038,27.16
1780035941.1718369,27.16
1780035941.177287,27.16
1780035941.1826184,27.159
1780035941.1880283,27.16
1780035941.1933825,27.16
1780035941.1986263,27.16
1780035941.2042575,27.159
1780035941.210423,27.158
1780035941.216338,27.157
1780035941.221634,27.157
1780035941.227016,27.158
1780035941.2324867,27.158
1780035941.2378378,27.16
1780035941.2432497,27.159
1780035941.2486002,27.159
1780035941.2540324,27.158
1780035941.2594628,27.157
1780035941.2648816,27.157
1780035941.2703352,27.157
1780035941.275633,27.156
1780035941.2810576,27.157
1780035941.2864795,27.157
1780035941.2918456,27.156
1780035941.2979062,27.156
1780035941.303978,27.154
1780035941.309879,27.154
1780035941.315261,27.154
1780035941.3206193,27.155
1780035941.3260813,27.157
1780035941.3314955,27.158
1780035941.3368526,27.158
1780035941.3422043,27.158
1780035941.347648,27.158
1780035941.3530126,27.157
1780035941.3584483,27.157
1780035941.363879,27.158
1780035941.3692405,27.157
1780035941.3747263,27.158
1780035941.3800883,27.158
1780035941.38547,27.158
1780035941.390854,27.157
1780035941.396196,27.157
1780035941.4016235,27.157
1780035941.407046,27.156
1780035941.412492,27.157
1780035941.4177988,27.155
1780035941.4232101,27.158
1780035941.4286,27.158
1780035941.43404,27.157
1780035941.4397156,27.157
1780035941.4456189,27.157
1780035941.4508743,27.156
1780035941.4562502,27.156
1780035941.4616814,27.157
1780035941.4670718,27.156
1780035941.4724913,27.156
1780035941.477812,27.156
1780035941.483204,27.155
1780035941.488633,27.155
1780035941.494352,27.154
1780035941.5001564,27.154
1780035941.50549,27.154
1780035941.5108762,27.152
1780035941.5162334,27.156
1780035941.5216928,27.157
1780035941.5270448,27.157
1780035941.5324526,27.157
1780035941.5378067,27.156
1780035941.5432365,27.155
1780035941.5486574,27.155
1780035941.5540843,27.156
1780035941.559435,27.155
1780035941.564855,27.157
1780035941.5701954,27.157
1780035941.5756445,27.156
1780035941.581318,27.156
1780035941.5872114,27.155
1780035941.5924573,27.155
1780035941.597898,27.155
1780035941.6032882,27.154
1780035941.6087072,27.155
1780035941.6140924,27.155
1780035941.6194398,27.155
1780035941.6248357,27.154
1780035941.6302545,27.153
1780035941.6359549,27.153
1780035941.6417615,27.153
1780035941.6470711,27.153
1780035941.652476,27.153
1780035941.6579812,27.155
1780035941.6632917,27.155
1780035941.6686738,27.155
1780035941.6740494,27.154
1780035941.6794243,27.154
1780035941.6848452,27.153
1780035941.690254,27.153
1780035941.6956875,27.154
1780035941.7010598,27.153
1780035941.7064555,27.153
1780035941.7118938,27.152
1780035941.7172973,27.152
1780035941.7229,27.151
1780035941.7288203,27.151
1780035941.73404,27.151
1780035941.7393777,27.151
1780035941.7446094,27.149
1780035941.7503395,27.153
1780035941.7556965,27.152
1780035941.7610064,27.152
1780035941.7664063,27.152
1780035941.7718565,27.151
1780035941.777557,27.15
1780035941.7833674,27.15
1780035941.7886221,27.151
1780035941.7940905,27.151
1780035941.7994819,27.153
1780035941.8048968,27.152
1780035941.8104942,27.152
1780035941.8164053,27.151
1780035941.8216403,27.151
1780035941.8270314,27.151
1780035941.832493,27.151
1780035941.8378246,27.151
1780035941.843266,27.15
1780035941.848614,27.151
1780035941.8540072,27.151
1780035941.8594365,27.15
1780035941.864897,27.15
1780035941.870385,27.149
1780035941.8756413,27.149
1780035941.880977,27.15
1780035941.886202,27.148
1780035941.8919866,27.15
1780035941.8972967,27.15
1780035941.902651,27.15
1780035941.9080517,27.149
1780035941.9134514,27.148
1780035941.9188979,27.148
1780035941.9242527,27.148
1780035941.9296937,27.149
1780035941.9350133,27.147
1780035941.9404142,27.147
1780035941.9458249,27.147
1780035941.951558,27.147
1780035941.957871,27.146
1780035941.9635718,27.145
1780035941.968982,27.144
1780035941.974726,27.145
1780035941.9800563,27.145
1780035941.9855762,27.147
1780035941.990898,27.147
1780035941.9962473,27.147
1780035942.0019648,27.147
1780035942.008281,27.146
1780035942.0137894,27.145
1780035942.0192595,27.146
1780035942.0250065,27.147
1780035942.0302384,27.147
1780035942.0358717,27.148
1780035942.041295,27.148
1780035942.0468996,27.148
1780035942.0528016,27.148
1780035942.0580435,27.147
1780035942.0634358,27.147
1780035942.0688975,27.148
1780035942.074238,27.147
1780035942.0796995,27.149
1780035942.0850124,27.148
1780035942.0904133,27.148
1780035942.0958457,27.148
1780035942.1015506,27.147
1780035942.1074395,27.147
1780035942.1127667,27.147
1780035942.1180725,27.147
1780035942.1234443,27.146
1780035942.1288097,27.146
1780035942.1342356,27.145
1780035942.1396601,27.145
1780035942.145305,27.144
1780035942.1511986,27.144
1780035942.1564386,27.144
1780035942.1617868,27.145
1780035942.1669884,27.143
1780035942.1725535,27.147
1780035942.1777976,27.146
1780035942.1834273,27.146
1780035942.188814,27.145
1780035942.19419,27.144
1780035942.199448,27.144
1780035942.2050526,27.144
1780035942.2104652,27.145
1780035942.2157795,27.143
1780035942.22096,27.143
1780035942.226627,27.143
1780035942.232058,27.142
1780035942.237708,27.142
1780035942.243601,27.142
1780035942.2488353,27.141
1780035942.2541852,27.142
1780035942.259412,27.14
1780035942.2650769,27.141
1780035942.2704418,27.141
1780035942.2758105,27.14
1780035942.281292,27.14
1780035942.2868867,27.139
1780035942.2927883,27.138
1780035942.2980433,27.138
1780035942.3034253,27.139
1780035942.3088565,27.138
1780035942.3143432,27.14
1780035942.319647,27.14
1780035942.3249917,27.139
1780035942.3301947,27.138
1780035942.3357863,27.138
1780035942.3411722,27.137
1780035942.3466768,27.137
1780035942.3520963,27.138
1780035942.3574057,27.135
1780035942.3625715,27.135
1780035942.3682897,27.134
1780035942.3736687,27.134
1780035942.3792908,27.133
1780035942.3851888,27.133
1780035942.3904471,27.133
1780035942.3958395,27.133
1780035942.4012628,27.13
1780035942.406685,27.133
1780035942.4120464,27.133
1780035942.4174004,27.133
1780035942.4226003,27.132
1780035942.4281893,27.132
1780035942.4334471,27.131
1780035942.439015,27.131
1780035942.4444146,27.132
1780035942.4497905,27.13
1780035942.4549682,27.13
1780035942.460599,27.13
1780035942.4658515,27.129
1780035942.4715416,27.129
1780035942.4768434,27.128
1780035942.4822543,27.128
1780035942.4876745,27.128
1780035942.493052,27.129
1780035942.4984612,27.128
1780035942.503844,27.129
1780035942.5092309,27.129
1780035942.514611,27.128
1780035942.5201719,27.128
1780035942.5259192,27.126
1780035942.5313694,27.125
1780035942.5369356,27.126
1780035942.5422068,27.124
1780035942.5473716,27.125
1780035942.5530155,27.126
1780035942.5585794,27.125
1780035942.564244,27.123
1780035942.569903,27.123
1780035942.5762713,27.123
1780035942.5821304,27.123
1780035942.5877953,27.124
1780035942.5930114,27.125
1780035942.598634,27.126
1780035942.6040618,27.126
1780035942.6094744,27.126
1780035942.6151562,27.125
1780035942.6209385,27.125
1780035942.6262152,27.124
1780035942.631618,27.125
1780035942.6369812,27.122
1780035942.642158,27.124
1780035942.647805,27.124
1780035942.6533077,27.123
1780035942.6590312,27.122
1780035942.6649487,27.122
1780035942.6706057,27.122
1780035942.6758552,27.122
1780035942.6814277,27.123
1780035942.6868176,27.122
1780035942.692206,27.123
1780035942.6974149,27.123
1780035942.7033024,27.122
1780035942.7092214,27.122
1780035942.7144544,27.121
1780035942.7198422,27.121
1780035942.7253418,27.122
1780035942.7306175,27.119
1780035942.7358046,27.122
1780035942.741448,27.122
1780035942.7468383,27.122
1780035942.7522478,27.121
1780035942.7576742,27.121
1780035942.7633007,27.12
1780035942.7692044,27.121
1780035942.774457,27.122
1780035942.7798324,27.121
1780035942.7850144,27.122
1780035942.7908852,27.121
1780035942.7967868,27.121
1780035942.802058,27.121
1780035942.8074036,27.12
1780035942.8126109,27.12
1780035942.8182328,27.121
1780035942.8236682,27.119
1780035942.8290567,27.12
1780035942.8344162,27.12
1780035942.8398464,27.119
1780035942.8452933,27.119
1780035942.8508992,27.118
1780035942.856809,27.118
1780035942.86205,27.118
1780035942.8674457,27.119
1780035942.8728683,27.118
1780035942.878334,27.12
1780035942.883655,27.12
1780035942.889005,27.12
1780035942.8945856,27.119
1780035942.9002905,27.118
1780035942.905801,27.117
1780035942.9113977,27.118
1780035942.916702,27.119
1780035942.9220557,27.117
1780035942.927384,27.117
1780035942.9326336,27.116
1780035942.9382432,27.116
1780035942.9436402,27.116
1780035942.948996,27.115
1780035942.9541986,27.115
1780035942.9598246,27.116
1780035942.9652634,27.113
1780035942.9707077,27.116
1780035942.976057,27.116
1780035942.981471,27.115
1780035942.9868765,27.115
1780035942.9922109,27.115
1780035942.9976108,27.114
1780035943.003019,27.114
1780035943.0082252,27.115
1780035943.013786,27.114
1780035943.0189588,27.114
1780035943.0246103,27.114
1780035943.0298119,27.113
1780035943.0354733,27.113
1780035943.0408695,27.113
1780035943.0462246,27.112
1780035943.0514667,27.113
1780035943.057016,27.114
1780035943.0622141,27.112
1780035943.067799,27.113
1780035943.0733433,27.113
1780035943.078863,27.112
1780035943.0847516,27.112
1780035943.090786,27.111
1780035943.0967624,27.112
1780035943.1021187,27.112
1780035943.107425,27.113
1780035943.1126146,27.113
1780035943.1181972,27.113
1780035943.123427,27.113
1780035943.1290236,27.113
1780035943.1344273,27.112
1780035943.139822,27.112
1780035943.1453037,27.113
1780035943.150653,27.113
1780035943.1560886,27.113
1780035943.1614404,27.114
1780035943.1668704,27.114
1780035943.1722565,27.113
1780035943.1779451,27.113
1780035943.1836681,27.111
1780035943.1891577,27.11
1780035943.1950455,27.111
1780035943.2004378,27.109
1780035943.205771,27.113
1780035943.2109745,27.113
1780035943.2168982,27.112
1780035943.2228038,27.112
1780035943.2280638,27.112
1780035943.2334855,27.112
1780035943.2388716,27.112
1780035943.24424,27.113
1780035943.2496688,27.112
1780035943.255007,27.113
1780035943.2605982,27.113
1780035943.266384,27.111
1780035943.2720916,27.109
1780035943.2779953,27.109
1780035943.2832623,27.109
1780035943.2886295,27.109
1780035943.2940693,27.107
1780035943.299481,27.111
1780035943.3048356,27.11
1780035943.3101985,27.11
1780035943.315411,27.11
1780035943.3210049,27.11
1780035943.3265452,27.109
1780035943.3320355,27.109
1780035943.337866,27.11
1780035943.3432527,27.108
1780035943.3487363,27.11
1780035943.3540947,27.11
1780035943.3594584,27.11
1780035943.3651412,27.11
1780035943.370998,27.108
1780035943.3765543,27.106
1780035943.3823967,27.107
1780035943.387682,27.106
1780035943.393111,27.107
1780035943.3984525,27.107
1780035943.4038672,27.107
1780035943.409308,27.107
1780035943.4146893,27.106
1780035943.4200594,27.106
1780035943.4254072,27.106
1780035943.430653,27.107
1780035943.436208,27.104
1780035943.4413993,27.105
1780035943.4470108,27.105
1780035943.4526021,27.105
1780035943.4583278,27.104
1780035943.464007,27.103
1780035943.469934,27.103
1780035943.475324,27.103
1780035943.4806473,27.104
1780035943.4860642,27.104
1780035943.4914057,27.104
1780035943.4968882,27.103
1780035943.502603,27.102
1780035943.5085053,27.102
1780035943.514542,27.101
1780035943.5204349,27.102
1780035943.5256684,27.103
1780035943.5310016,27.102
1780035943.5361829,27.105
1780035943.541819,27.104
1780035943.547238,27.104
1780035943.5528164,27.104
1780035943.5580633,27.103
1780035943.5634978,27.103
1780035943.5689173,27.103
1780035943.5742588,27.104
1780035943.579677,27.103
1780035943.5850325,27.105
1780035943.5904672,27.104
1780035943.5958662,27.104
1780035943.601579,27.103
1780035943.6073813,27.103
1780035943.612655,27.103
1780035943.6180508,27.104
1780035943.623406,27.103
1780035943.628581,27.103
1780035943.634238,27.104
1780035943.6394746,27.103
1780035943.6450646,27.103
1780035943.650459,27.103
1780035943.6558669,27.103
1780035943.6613002,27.103
1780035943.6666274,27.103
1780035943.6720612,27.102
1780035943.6775668,27.104
1780035943.6828675,27.104
1780035943.6883185,27.103
1780035943.6942623,27.103
1780035943.6999407,27.102
1780035943.7053506,27.101
1780035943.711084,27.102
1780035943.716489,27.103
1780035943.7219458,27.105
1780035943.7272935,27.105
1780035943.7326083,27.105
1780035943.7380888,27.105
1780035943.7438502,27.104
1780035943.7497554,27.103
1780035943.7554278,27.103
1780035943.7608702,27.104
1780035943.7662451,27.102
1780035943.7714348,27.104
1780035943.7770486,27.104
1780035943.7824385,27.104
1780035943.788136,27.103
1780035943.7940588,27.103
1780035943.7992878,27.103
1780035943.804682,27.103
1780035943.8101273,27.104
1780035943.8155713,27.103
1780035943.821566,27.102
1780035943.8276296,27.103
1780035943.8331861,27.103
1780035943.8389232,27.101
1780035943.8445463,27.099
1780035943.8504264,27.099
1780035943.8556755,27.1
1780035943.8611157,27.104
1780035943.8664567,27.104
1780035943.871835,27.104
1780035943.877321,27.104
1780035943.88302,27.103
1780035943.8889387,27.102
1780035943.8947294,27.102
1780035943.9000702,27.103
1780035943.905412,27.104
1780035943.9105985,27.104
1780035943.916214,27.105
1780035943.921512,27.104
1780035943.9272847,27.104
1780035943.9331772,27.104
1780035943.938484,27.103
1780035943.9438324,27.103
1780035943.9490771,27.104
1780035943.9546254,27.102
1780035943.959817,27.104
1780035943.9654489,27.104
1780035943.9708288,27.104
1780035943.9762907,27.103
1780035943.9816854,27.103
1780035943.987316,27.102
1780035943.9932065,27.103
1780035943.9984756,27.104
1780035944.003823,27.103
1780035944.009001,27.103
1780035944.014979,27.103
1780035944.0208912,27.103
1780035944.0263999,27.102
1780035944.0321336,27.1
1780035944.0375817,27.1
1780035944.043447,27.101
1780035944.048835,27.101
1780035944.054355,27.104
1780035944.0596738,27.104
1780035944.0652966,27.103
1780035944.0711718,27.103
1780035944.0764718,27.103
1780035944.0818613,27.103
1780035944.0872848,27.103
1780035944.0926588,27.104
1780035944.098076,27.104
1780035944.1034255,27.105
1780035944.1089067,27.105
1780035944.114656,27.104
1780035944.1205552,27.104
1780035944.1262197,27.103
1780035944.1314683,27.103
1780035944.1370313,27.104
1780035944.1424315,27.102
1780035944.147861,27.105
1780035944.1532428,27.106
1780035944.1589332,27.106
1780035944.1648345,27.105
1780035944.1700695,27.105
1780035944.1754894,27.105
1780035944.1809335,27.105
1780035944.1862617,27.106
1780035944.1916828,27.105
1780035944.1970198,27.107
1780035944.202512,27.106
1780035944.2080774,27.105
1780035944.213899,27.104
1780035944.2192876,27.104
1780035944.2246587,27.104
1780035944.230081,27.104
1780035944.2354553,27.105
1780035944.2408369,27.104
1780035944.2462306,27.105
1780035944.251415,27.105
1780035944.2570326,27.105
1780035944.2622757,27.105
1780035944.2678447,27.104
1780035944.2730353,27.104
1780035944.278604,27.105
1780035944.2837977,27.103
1780035944.2894871,27.106
1780035944.294855,27.106
1780035944.3002412,27.106
1780035944.3054352,27.106
1780035944.311024,27.105
1780035944.3162363,27.105
1780035944.3218548,27.105
1780035944.327273,27.106
1780035944.332701,27.105
1780035944.3380663,27.105
1780035944.3434951,27.105
1780035944.3488917,27.104
1780035944.3545318,27.104
1780035944.3604357,27.104
1780035944.3656769,27.104
1780035944.371113,27.105
1780035944.3765,27.105
1780035944.3818681,27.104
1780035944.387229,27.103
1780035944.3926291,27.103
1780035944.3981135,27.103
1780035944.4039104,27.101
1780035944.4096725,27.1
1780035944.4155946,27.101
1780035944.4208896,27.102
1780035944.426211,27.102
1780035944.4313948,27.104
1780035944.437032,27.104
1780035944.4424248,27.103
1780035944.4481552,27.102
1780035944.454067,27.102
1780035944.459297,27.101
1780035944.4646447,27.102
1780035944.4700813,27.103
1780035944.475453,27.102
1780035944.480642,27.102
1780035944.486251,27.102
1780035944.4917262,27.101
1780035944.4974287,27.1
1780035944.5033813,27.1
1780035944.5090342,27.1
1780035944.5142865,27.101
1780035944.5198236,27.099
1780035944.5250173,27.101
1780035944.5306256,27.101
1780035944.5358703,27.101
1780035944.541749,27.101
1780035944.5476477,27.1
1780035944.552879,27.1
1780035944.558327,27.1
1780035944.5637364,27.101
1780035944.5690322,27.1
1780035944.5742362,27.099
1780035944.5798593,27.099
1780035944.5852973,27.099
1780035944.5906882,27.099
1780035944.5961022,27.098
1780035944.6014423,27.098
1780035944.6068823,27.099
1780035944.6122594,27.099
1780035944.6176455,27.098
1780035944.6230185,27.099
1780035944.628264,27.099
1780035944.6338608,27.099
1780035944.63926,27.098
1780035944.6446996,27.098
1780035944.6500947,27.098
1780035944.6555026,27.099
1780035944.6608822,27.096
1780035944.6663234,27.1
1780035944.6716716,27.099
1780035944.6771092,27.099
1780035944.683236,27.099
1780035944.6891272,27.099
1780035944.694487,27.098
1780035944.699888,27.099
1780035944.7053587,27.1
1780035944.7106416,27.098
1780035944.7158184,27.098
1780035944.721451,27.098
1780035944.7269247,27.097
1780035944.7330348,27.097
1780035944.7383683,27.097
1780035944.7437031,27.097
1780035944.7491004,27.097
1780035944.7544942,27.093
1780035944.7601075,27.092
1780035944.7652884,27.1
1780035944.7707016,27.109
1780035944.7760777,27.12
1780035944.7814457,27.129
1780035944.7870038,27.139
1780035944.7927456,27.149
1780035944.7984433,27.16
1780035944.8043387,27.168
1780035944.8103025,27.179
1780035944.815687,27.188
1780035944.8210857,27.197
1780035944.8271875,27.21
1780035944.8331356,27.218
1780035944.8385258,27.228
1780035944.8438954,27.236
1780035944.8493168,27.246
1780035944.8547516,27.254
1780035944.860105,28.01
1780035944.8656514,28.03
1780035944.8708875,28.046
1780035944.8762171,28.047
1780035944.8814006,28.046
1780035944.88704,28.046
1780035944.8925235,28.044
1780035944.898268,28.042
1780035944.9041781,28.041
1780035944.9098513,28.041
1780035944.915038,28.041
1780035944.920631,28.038
1780035944.9258144,28.04
1780035944.9314547,28.039
1780035944.936923,28.038
1780035944.942614,28.037
1780035944.9482527,28.036
1780035944.9536512,28.035
1780035944.9590378,28.035
1780035944.9642432,28.035
1780035944.9698505,28.033
1780035944.9750264,28.032
1780035944.980643,28.031
1780035944.9861252,28.03
1780035944.9918764,28.028
1780035944.9977698,28.027
1780035945.0034406,28.026
1780035945.0086956,28.026
1780035945.0142603,28.024
1780035945.0194504,28.025
1780035945.0250466,28.024
1780035945.0305848,28.023
1780035945.0363154,28.021
1780035945.0420115,28.019
1780035945.0479367,28.018
1780035945.0533428,28.018
1780035945.0586264,28.019
1780035945.0638163,28.018
1780035945.069443,28.019
1780035945.0747426,28.018
1780035945.0804062,28.017
1780035945.0863075,28.016
1780035945.091966,28.014
1780035945.0973992,28.013
1780035945.103112,28.014
1780035945.1085038,28.013
1780035945.113972,28.015
1780035945.1193027,28.014
1780035945.1246572,28.013
1780035945.1298575,28.012
1780035945.1354756,28.012
1780035945.140857,28.011
1780035945.1462812,28.011
1780035945.151748,28.011
1780035945.1570523,28.009
1780035945.1622427,28.008
1780035945.167863,28.007
1780035945.1732469,28.006
1780035945.1786911,28.005
1780035945.1841042,28.004
1780035945.1894472,28.003
1780035945.194698,28.004
1780035945.200248,28.003
1780035945.2054298,28.002
1780035945.2110713,28.001
1780035945.2164948,28.001
1780035945.2218914,28.0
1780035945.227308,27.255
1780035945.2326913,27.255
1780035945.2381039,27.254
1780035945.2434924,27.254
1780035945.2489,27.253
1780035945.2543726,27.255
1780035945.2596889,27.254
1780035945.2650445,27.253
1780035945.2702873,27.252
1780035945.2758696,27.252
1780035945.2812676,27.251
1780035945.28665,27.251
1780035945.2918935,27.251
1780035945.2974637,27.249
1780035945.3026512,27.248
1780035945.3085108,27.248
1780035945.3143945,27.247
1780035945.3196971,27.246
1780035945.3250537,27.245
1780035945.330256,27.244
1780035945.335894,27.244
1780035945.341323,27.24
1780035945.3467302,27.243
1780035945.3520906,27.242
1780035945.3574946,27.241
1780035945.3629084,27.24
1780035945.3682888,27.24
1780035945.373675,27.238
1780035945.3790634,27.238
1780035945.384493,27.238
1780035945.3898191,27.236
1780035945.3950074,27.236
1780035945.4006724,27.235
1780035945.4060535,27.233
1780035945.411505,27.233
1780035945.416914,27.232
1780035945.4222684,27.231
1780035945.427696,27.231
1780035945.4330423,27.231
1780035945.4382844,27.229
1780035945.443841,27.23
1780035945.4494028,27.229
1780035945.455124,27.226
1780035945.4609253,27.224
1780035945.4668183,27.224
1780035945.4720922,27.223
1780035945.4774837,27.223
1780035945.4829051,27.222
1780035945.4883723,27.224
1780035945.4936872,27.223
1780035945.4990528,27.222
1780035945.504253,27.221
1780035945.5099401,27.22
1780035945.5155559,27.219
1780035945.5214126,27.219
1780035945.5266886,27.219
1780035945.5321078,27.216
1780035945.5374527,27.216
1780035945.5427577,27.215
1780035945.5483897,27.214
1780035945.554293,27.212
1780035945.5599957,27.211
1780035945.5654156,27.21
1780035945.5711296,27.211
1780035945.5765028,27.211
1780035945.5819893,27.213
1780035945.5873106,27.212
1780035945.5926597,27.212
1780035945.5988624,27.21
1780035945.6047473,27.21
1780035945.6100917,27.209
1780035945.6155615,27.209
1780035945.6209207,27.209
1780035945.6263003,27.207
1780035945.6316452,27.207
1780035945.6370668,27.206
1780035945.642265,27.205
1780035945.6478992,27.205
1780035945.6533358,27.204
1780035945.6586635,27.203
1780035945.6640596,27.204
1780035945.6694286,27.2
1780035945.6745827,27.201
1780035945.6802857,27.201
1780035945.686073,27.2
1780035945.6924098,27.199
1780035945.69838,27.198
1780035945.7037036,27.198
1780035945.7091825,27.198
1780035945.7145395,27.198
1780035945.7198937,27.196
1780035945.7252455,27.196
1780035945.7306855,27.195
1780035945.7360733,27.194
1780035945.741498,27.193
1780035945.7469184,27.193
1780035945.7522988,27.192
1780035945.7576907,27.193
1780035945.7630107,27.19
1780035945.7681653,27.19
1780035945.7738976,27.19
1780035945.779587,27.189
1780035945.7853107,27.187
1780035945.7909222,27.185
1780035945.7968473,27.184
1780035945.8021324,27.184
1780035945.8074715,27.185
1780035945.812895,27.185
1780035945.8182275,27.185
1780035945.8234699,27.184
1780035945.8290985,27.184
1780035945.8345366,27.183
1780035945.8398647,27.183
1780035945.8452625,27.182
1780035945.8506706,27.183
1780035945.8561068,27.18
1780035945.8615375,27.183
1780035945.8669024,27.182
1780035945.8722975,27.182
1780035945.8777199,27.181
1780035945.8830633,27.18
1780035945.8885143,27.179
1780035945.8938627,27.179
1780035945.899292,27.18
1780035945.9046535,27.178
1780035945.9098387,27.178
1780035945.9154577,27.177
1780035945.9207692,27.176
1780035945.9264033,27.176
1780035945.9316978,27.175
1780035945.9370983,27.174
1780035945.9425175,27.175
1780035945.947889,27.175
1780035945.9533246,27.174
1780035945.9586468,27.174
1780035945.9642735,27.173
1780035945.9700265,27.172
1780035945.9758182,27.169
1780035945.9817111,27.169
1780035945.9869702,27.169
1780035945.992264,27.169
1780035945.997662,27.167
1780035946.0030224,27.169
1780035946.0082655,27.169
1780035946.0138924,27.168
1780035946.0192997,27.168
1780035946.0246627,27.167
1780035946.0299118,27.166
1780035946.035538,27.166
1780035946.0409265,27.167
1780035946.0462484,27.165
1780035946.0514367,27.164
1780035946.0571067,27.164
1780035946.0625134,27.163
1780035946.0681636,27.162
1780035946.0740693,27.162
1780035946.079303,27.162
1780035946.0847757,27.162
1780035946.0901225,27.159
1780035946.095578,27.162
1780035946.100897,27.161
1780035946.1062489,27.161
1780035946.1117253,27.16
1780035946.1172023,27.159
1780035946.1232238,27.158
1780035946.1285264,27.158
1780035946.1338894,27.159
1780035946.1393254,27.158
1780035946.1448278,27.161
1780035946.1501455,27.16
1780035946.1554832,27.16
1780035946.1611907,27.159
1780035946.1669788,27.158
1780035946.1722965,27.157
1780035946.177689,27.158
1780035946.1830778,27.158
1780035946.1882558,27.157
1780035946.1938667,27.158
1780035946.1994195,27.157
1780035946.205265,27.156
1780035946.210982,27.154
1780035946.2168827,27.153
1780035946.2221038,27.153
1780035946.2274508,27.154
1780035946.2326531,27.153
1780035946.238392,27.155
1780035946.2436988,27.155
1780035946.2490838,27.155
1780035946.254463,27.154
1780035946.2598755,27.153
1780035946.2650752,27.153
1780035946.2707086,27.153
1780035946.2761245,27.154
1780035946.2814753,27.152
1780035946.2866566,27.151
1780035946.292307,27.151
1780035946.2977266,27.15
1780035946.3033776,27.15
1780035946.3093283,27.149
1780035946.3145971,27.148
1780035946.3199081,27.149
1780035946.3253229,27.146
1780035946.330743,27.15
1780035946.336108,27.149
1780035946.3414795,27.149
1780035946.3468668,27.148
1780035946.352257,27.147
1780035946.3577967,27.147
1780035946.3632762,27.146
1780035946.3686051,27.147
1780035946.3738885,27.144
1780035946.3792894,27.148
1780035946.384679,27.147
1780035946.3900766,27.147
1780035946.395515,27.146
1780035946.4009044,27.146
1780035946.4062634,27.145
1780035946.4115117,27.145
1780035946.4171238,27.146
1780035946.4225142,27.145
1780035946.427893,27.146
1780035946.4333348,27.146
1780035946.4386885,27.146
1780035946.4444919,27.145
1780035946.4501755,27.144
1780035946.4554727,27.144
1780035946.4608715,27.144
1780035946.4662466,27.143
1780035946.471405,27.144
1780035946.4770794,27.144
1780035946.48251,27.144
1780035946.487913,27.143
1780035946.493317,27.143
1780035946.4987228,27.142
1780035946.5041344,27.142
1780035946.509485,27.143
1780035946.5149205,27.142
1780035946.5203943,27.144
1780035946.5257092,27.143
1780035946.5310524,27.143
1780035946.536295,27.142
1780035946.5418792,27.142
1780035946.5472956,27.141
1780035946.552712,27.141
1780035946.5581686,27.142
1780035946.5634825,27.14
1780035946.5686703,27.14
1780035946.5742555,27.14
1780035946.5794485,27.139
1780035946.5851176,27.139
1780035946.5905254,27.138
1780035946.595872,27.138
1780035946.6011221,27.138
1780035946.6066604,27.138
1780035946.6118493,27.137
1780035946.6175027,27.137
1780035946.6232586,27.136
1780035946.6289964,27.136
1780035946.634269,27.135
1780035946.639848,27.135
1780035946.645383,27.135
1780035946.6511369,27.135
1780035946.6565254,27.134
1780035946.6618629,27.135
1780035946.667397,27.134
1780035946.6729858,27.133
1780035946.6789982,27.133
1780035946.6849008,27.133
1780035946.6901152,27.132
1780035946.6954648,27.133
1780035946.70087,27.13
1780035946.7063785,27.133
1780035946.7117038,27.133
1780035946.7170753,27.132
1780035946.722285,27.132
1780035946.7278728,27.131
1780035946.733115,27.131
1780035946.7387094,27.131
1780035946.7441082,27.131
1780035946.7494662,27.13
1780035946.7546473,27.132
1780035946.7602859,27.131
1780035946.7656732,27.131
1780035946.7713592,27.13
1780035946.777271,27.13
1780035946.7825189,27.13
1780035946.7879739,27.13
1780035946.7933464,27.131
1780035946.7986739,27.13
1780035946.8038604,27.13
1780035946.8094578,27.129
1780035946.814656,27.129
1780035946.820335,27.128
1780035946.8257296,27.128
1780035946.8310735,27.128
1780035946.836366,27.128
1780035946.841856,27.127
1780035946.8470218,27.127
1780035946.8526778,27.128
1780035946.857923,27.127
1780035946.8635085,27.127
1780035946.8689058,27.126
1780035946.8742728,27.126
1780035946.879492,27.126
1780035946.8851156,27.126
1780035946.89053,27.125
1780035946.8960075,27.127
1780035946.901323,27.127
1780035946.9066932,27.127
1780035946.9121227,27.126
1780035946.9174912,27.125
1780035946.9228883,27.125
1780035946.9283113,27.125
1780035946.9337316,27.126
1780035946.9391165,27.124
1780035946.94448,27.124
1780035946.9501574,27.124
1780035946.956083,27.123
1780035946.961312,27.123
1780035946.9666624,27.122
1780035946.9718652,27.122
1780035946.9774904,27.123
1780035946.9829266,27.12
1780035946.9883947,27.123
1780035946.9937103,27.123
1780035946.9991043,27.123
1780035947.0045457,27.122
1780035947.0099368,27.122
1780035947.015311,27.121
1780035947.0206676,27.122
1780035947.02587,27.122
1780035947.031464,27.12
1780035947.036641,27.12
1780035947.0423055,27.12
1780035947.04768,27.119
1780035947.0531402,27.119
1780035947.0585392,27.119
1780035947.0638952,27.118
1780035947.069368,27.119
1780035947.074679,27.119
1780035947.0800765,27.119
1780035947.0854578,27.121
1780035947.0907557,27.12
1780035947.096395,27.12
1780035947.101724,27.119
1780035947.1070936,27.119
1780035947.1124873,27.119
1780035947.117901,27.119
1780035947.1233351,27.117
1780035947.128739,27.119
1780035947.134109,27.119
1780035947.139567,27.118
1780035947.1449428,27.118
1780035947.150414,27.117
1780035947.1566727,27.117
1780035947.1625736,27.118
1780035947.1683311,27.119
1780035947.1737278,27.12
1780035947.1790578,27.122
1780035947.1843028,27.121
1780035947.1898696,27.121
1780035947.1954288,27.12
1780035947.2010887,27.119
1780035947.2065642,27.118
1780035947.211829,27.119
1780035947.2174642,27.118
1780035947.2226257,27.119
1780035947.2282596,27.119
1780035947.2335532,27.119
1780035947.2394161,27.118
1780035947.2450836,27.118
1780035947.2503502,27.117
1780035947.2559006,27.118
1780035947.2613194,27.119
1780035947.2666612,27.118
1780035947.271839,27.118
1780035947.277518,27.118
1780035947.2829428,27.118
1780035947.2883189,27.117
1780035947.2936983,27.117
1780035947.2990842,27.116
1780035947.3043375,27.117
1780035947.3099487,27.118
1780035947.3153324,27.116
1780035947.3206704,27.115
1780035947.3262653,27.115
1780035947.3320618,27.113
1780035947.337839,27.112
1780035947.3437307,27.111
1780035947.3489928,27.112
1780035947.3543046,27.112
1780035947.3596938,27.111
1780035947.365199,27.114
1780035947.3705163,27.113
1780035947.3758917,27.113
1780035947.3812892,27.113
1780035947.3866909,27.112
1780035947.3922534,27.112
1780035947.3977244,27.112
1780035947.4035285,27.113
1780035947.408934,27.113
1780035947.414255,27.112
1780035947.4195468,27.112
1780035947.425438,27.112
1780035947.4313595,27.111
1780035947.4373248,27.111
1780035947.4425578,27.111
1780035947.4478507,27.111
1780035947.4530494,27.109
1780035947.4586306,27.113
1780035947.4638755,27.113
1780035947.4694958,27.113
1780035947.4748993,27.112
1780035947.480289,27.112
1780035947.485842,27.112
1780035947.4913492,27.112
1780035947.4970589,27.112
1780035947.5022998,27.112
1780035947.5078743,27.114
1780035947.5131183,27.113
1780035947.5187256,27.113
1780035947.5241644,27.113
1780035947.529513,27.112
1780035947.534913,27.112
1780035947.5403824,27.113
1780035947.5457468,27.112
1780035947.5511007,27.112
1780035947.556288,27.112
1780035947.5619147,27.111
1780035947.5673466,27.111
1780035947.572973,27.111
1780035947.578876,27.11
1780035947.5841253,27.111
1780035947.5895169,27.111
1780035947.5949383,27.11
1780035947.6004207,27.113
1780035947.6057253,27.113
1780035947.6110742,27.112
1780035947.6162906,27.112
1780035947.6218855,27.111
1780035947.6271284,27.111
1780035947.6327517,27.112
1780035947.6381805,27.113
1780035947.643539,27.111
1780035947.648912,27.11
1780035947.654342,27.11
1780035947.6597512,27.11
1780035947.6653965,27.109
1780035947.6713545,27.109
1780035947.676575,27.109
1780035947.681864,27.109
1780035947.6870365,27.107
1780035947.6927726,27.11
1780035947.698123,27.11
1780035947.7035003,27.11
1780035947.7088873,27.109
1780035947.714294,27.109
1780035947.7198486,27.108
1780035947.725364,27.108
1780035947.7311816,27.109
1780035947.7365448,27.108
1780035947.7420166,27.11
1780035947.7473774,27.11
1780035947.7527099,27.11
1780035947.758789,27.109
1780035947.7644997,27.108
1780035947.7699816,27.106
1780035947.7755702,27.107
1780035947.7809439,27.107
1780035947.7863085,27.11
1780035947.7916873,27.111
1780035947.797159,27.111
1780035947.802552,27.111
1780035947.8081357,27.111
1780035947.8140268,27.11
1780035947.8193395,27.111
1780035947.8247178,27.111
1780035947.8465621,27.109
1780035947.8524354,27.109
1780035947.8577235,27.109
1780035947.8631032,27.108
1780035947.868345,27.109
1780035947.8739157,27.11
1780035947.8793375,27.109
1780035947.8846717,27.11
1780035947.8901572,27.11
1780035947.895921,27.109
1780035947.9018247,27.109
1780035947.9077559,27.109
1780035947.9136717,27.109
1780035947.918936,27.11
1780035947.9242458,27.11
1780035947.9294271,27.112
1780035947.9351225,27.112
1780035947.940514,27.111
1780035947.9459238,27.111
1780035947.9513178,27.111
1780035947.9567084,27.11
1780035947.9621844,27.111
1780035947.9675403,27.111
1780035947.9729464,27.111
1780035947.9782922,27.112
1780035947.983499,27.112
1780035947.9890862,27.112
1780035947.9943457,27.111
1780035947.999904,27.111
1780035948.0053055,27.111
1780035948.0107076,27.111
1780035948.0161521,27.11
1780035948.021543,27.111
1780035948.0268977,27.111
1780035948.0323002,27.111
1780035948.0378761,27.11
1780035948.043389,27.109
1780035948.0492387,27.109
1780035948.0545223,27.109
1780035948.059932,27.11
1780035948.0653462,27.108
1780035948.0708277,27.111
1780035948.0761318,27.11
1780035948.0814946,27.11
1780035948.0866961,27.11
1780035948.092305,27.109
1780035948.097693,27.109
1780035948.1031475,27.109
1780035948.1085503,27.11
1780035948.1139038,27.108
1780035948.119353,27.11
1780035948.124771,27.109
1780035948.1304584,27.109
1780035948.1367066,27.108
1780035948.142418,27.107
1780035948.1478252,27.107
1780035948.1535535,27.108
1780035948.1589518,27.109
1780035948.1644726,27.111
1780035948.1697943,27.111
1780035948.1752489,27.11
1780035948.181453,27.11
1780035948.1873684,27.11
1780035948.192632,27.109
1780035948.1980386,27.11
1780035948.203399,27.111
1780035948.208752,27.11
1780035948.2144504,27.111
1780035948.2207384,27.11
1780035948.2264132,27.11
1780035948.2318058,27.109
1780035948.2378056,27.108
1780035948.2436972,27.109
1780035948.2489624,27.11
1780035948.2543478,27.112
1780035948.259765,27.113
1780035948.2654107,27.112
1780035948.271333,27.112
1780035948.2768338,27.111
1780035948.2826135,27.11
1780035948.2880907,27.108
1780035948.293958,27.109
1780035948.299335,27.109
1780035948.304677,27.112
1780035948.3101592,27.112
1780035948.3155549,27.112
1780035948.3209567,27.112
1780035948.3263237,27.112
1780035948.3317473,27.112
1780035948.3371649,27.112
1780035948.3425949,27.113
1780035948.3478842,27.111
1780035948.3534064,27.112
1780035948.3591578,27.11
1780035948.3647463,27.109
1780035948.370418,27.109
1780035948.3760002,27.107
1780035948.3814147,27.107
1780035948.3870213,27.108
1780035948.3923182,27.109
1780035948.3983753,27.112
1780035948.4046006,27.116
1780035948.410591,27.117
1780035948.4166186,27.116
1780035948.4225194,27.116
1780035948.427784,27.116
1780035948.4332283,27.116
1780035948.438557,27.116
1780035948.4439955,27.116
1780035948.4493263,27.116
1780035948.4547403,27.116
1780035948.4601352,27.116
1780035948.4658039,27.115
1780035948.47168,27.115
1780035948.4769447,27.115
1780035948.4823368,27.116
1780035948.487784,27.114
1780035948.4931092,27.116
1780035948.4986634,27.116
1780035948.5042815,27.116
1780035948.5100107,27.115
1780035948.5153544,27.115
1780035948.520707,27.115
1780035948.5259466,27.115
1780035948.5315366,27.116
1780035948.536954,27.113
1780035948.5423088,27.115
1780035948.5477335,27.114
1780035948.5531716,27.114
1780035948.558892,27.114
1780035948.5652878,27.113
1780035948.5712304,27.113
1780035948.5766025,27.113
1780035948.5819144,27.112
1780035948.5871074,27.114
1780035948.5926998,27.114
1780035948.5979502,27.114
1780035948.603529,27.114
1780035948.6089633,27.114
1780035948.6143756,27.113
1780035948.6197922,27.114
1780035948.6251159,27.114
1780035948.6305714,27.113
1780035948.6359472,27.115
1780035948.6414025,27.114
1780035948.6470056,27.114
1780035948.652931,27.114
1780035948.6584249,27.113
1780035948.6639147,27.112
1780035948.6695995,27.112
1780035948.6749878,27.111
1780035948.6803088,27.116
1780035948.6857538,27.116
1780035948.6911716,27.116
1780035948.6968749,27.115
1780035948.7031467,27.115
1780035948.7086573,27.114
1780035948.7140455,27.114
1780035948.7194023,27.115
1780035948.7248273,27.116
1780035948.7307646,27.118
1780035948.7364786,27.117
1780035948.742251,27.116
1780035948.747957,27.114
1780035948.7536879,27.112
1780035948.7595675,27.113
1780035948.7649822,27.114
1780035948.7704525,27.118
1780035948.7760684,27.119
1780035948.7823417,27.118
1780035948.7880197,27.118
1780035948.7936451,27.116
1780035948.7992315,27.115
1780035948.804664,27.115
1780035948.8101096,27.115
1780035948.8159204,27.119
1780035948.8212965,27.122
1780035948.826745,27.122
1780035948.832497,27.122
1780035948.838248,27.121
1780035948.8435037,27.121
1780035948.8489976,27.12
1780035948.8545084,27.121
1780035948.8598108,27.121
1780035948.865185,27.12
1780035948.8706026,27.122
1780035948.8762498,27.121
1780035948.8821464,27.121
1780035948.8873818,27.121
1780035948.8927643,27.12
1780035948.8981965,27.12
1780035948.9035459,27.121
1780035948.9089968,27.118
1780035948.9144192,27.121
1780035948.9197483,27.121
1780035948.9251475,27.12
1780035948.9308634,27.12
1780035948.9371445,27.119
1780035948.9428375,27.118
1780035948.948234,27.119
1780035948.9539127,27.12
1780035948.9593341,27.122
1780035948.9647121,27.123
1780035948.970252,27.122
1780035948.975941,27.12
1780035948.9816608,27.119
1780035948.9875588,27.118
1780035948.99299,27.118
1780035948.998362,27.119
1780035949.0037644,27.118
1780035949.009373,27.121
1780035949.0153258,27.121
1780035949.020652,27.121
1780035949.0265143,27.12
1780035949.032251,27.119
1780035949.0381181,27.119
1780035949.0433936,27.119
1780035949.0487,27.12
1780035949.054291,27.122
1780035949.059812,27.121
1780035949.0657291,27.121
1780035949.0712674,27.121
1780035949.0767734,27.119
1780035949.0826647,27.119
1780035949.0885575,27.119
1780035949.0938187,27.12
1780035949.0991557,27.123
1780035949.104595,27.123
1780035949.1102724,27.122
1780035949.1161654,27.122
1780035949.1216862,27.121
1780035949.1274235,27.119
1780035949.1329095,27.119
1780035949.138733,27.119
1780035949.1441307,27.12
1780035949.1495051,27.124
1780035949.1550744,27.124
1780035949.1606407,27.124
1780035949.1666036,27.123
1780035949.1725178,27.123
1780035949.1777525,27.122
1780035949.1831381,27.123
1780035949.1886075,27.124
1780035949.1939664,27.123
1780035949.1999922,27.124
1780035949.2060354,27.123
1780035949.21142,27.123
1780035949.2167864,27.122
1780035949.2228444,27.122
1780035949.2288103,27.122
1780035949.2341907,27.123
1780035949.2395341,27.123
1780035949.2452638,27.125
1780035949.251546,27.125
1780035949.2572875,27.123
1780035949.2629936,27.122
1780035949.26857,27.12
1780035949.2739758,27.12
1780035949.2794187,27.121
1780035949.2851686,27.123
1780035949.2905607,27.126
1780035949.2959192,27.126
1780035949.3013558,27.126
1780035949.3070421,27.126
1780035949.3129191,27.125
1780035949.318157,27.125
1780035949.3235238,27.125
1780035949.3289528,27.126
1780035949.3343718,27.125
1780035949.340058,27.126
1780035949.3463469,27.126
1780035949.3521118,27.125
1780035949.3583827,27.125
1780035949.364036,27.123
1780035949.369467,27.124
1780035949.3751626,27.124
1780035949.3805673,27.128
1780035949.386077,27.131
1780035949.3914104,27.13
1780035949.3967626,27.13
1780035949.402493,27.13
1780035949.4082534,27.129
1780035949.4135156,27.129
1780035949.4187617,27.129
1780035949.424368,27.13
1780035949.4297998,27.13
1780035949.4354165,27.131
1780035949.4413567,27.131
1780035949.4468691,27.13
1780035949.4523842,27.128
1780035949.458472,27.128
1780035949.4639792,27.128
1780035949.469476,27.128
1780035949.4747481,27.128
1780035949.480173,27.13
1780035949.4855719,27.13
1780035949.490978,27.13
1780035949.4963129,27.129
1780035949.501803,27.129
1780035949.5073256,27.128
1780035949.5132356,27.128
1780035949.5185783,27.129
1780035949.5239515,27.127
1780035949.5293024,27.126
1780035949.5348365,27.126
1780035949.5401793,27.126
1780035949.5458105,27.125
1780035949.5517268,27.125
1780035949.556955,27.125
1780035949.5623498,27.125
1780035949.5677667,27.124
1780035949.5730848,27.126
1780035949.5783613,27.125
1780035949.5839365,27.125
1780035949.58934,27.124
1780035949.5947242,27.124
1780035949.6001515,27.124
1780035949.6055393,27.124
1780035949.6109397,27.125
1780035949.6163037,27.123
1780035949.62155,27.124
1780035949.6271596,27.123
1780035949.6325734,27.123
1780035949.6382794,27.122
1780035949.6441336,27.122
1780035949.6493633,27.122
1780035949.654909,27.122
1780035949.6601992,27.122
1780035949.6656284,27.121
1780035949.6712728,27.121
1780035949.67681,27.12
1780035949.6827734,27.119
1780035949.6882877,27.118
1780035949.694445,27.117
1780035949.7003965,27.117
1780035949.7058046,27.118
1780035949.711117,27.119
1780035949.7163074,27.119
1780035949.7222388,27.118
1780035949.728105,27.118
1780035949.7333689,27.118
1780035949.7387118,27.118
1780035949.7439222,27.117
1780035949.749538,27.118
1780035949.754975,27.116
1780035949.7603545,27.117
1780035949.7657118,27.117
1780035949.7711682,27.116
1780035949.7765758,27.116
1780035949.7823462,27.115
1780035949.7883925,27.115
1780035949.7938852,27.115
1780035949.7995436,27.115
1780035949.8048546,27.115
1780035949.8108232,27.115
1780035949.8164997,27.114
1780035949.822019,27.113
1780035949.8278656,27.113
1780035949.8337686,27.112
1780035949.8390307,27.112
1780035949.8443637,27.113
1780035949.8497906,27.111
1780035949.8554285,27.116
1780035949.8614545,27.118
1780035949.8671796,27.118
1780035949.8725765,27.118
1780035949.8779442,27.118
1780035949.883383,27.117
1780035949.8887856,27.117
1780035949.8942354,27.118
1780035949.8995378,27.117
1780035949.904929,27.119
1780035949.9103625,27.119
1780035949.9159,27.119
1780035949.9214585,27.118
1780035949.9273856,27.118
1780035949.9333177,27.118
1780035949.9385693,27.118
1780035949.9439285,27.116
1780035949.949372,27.12
1780035949.9550166,27.12
1780035949.9609287,27.12
1780035949.9661622,27.12
1780035949.9715667,27.119
1780035949.9770186,27.119
1780035949.982391,27.119
1780035949.9878151,27.12
1780035949.9931242,27.118
1780035949.9985316,27.12
1780035950.0039706,27.12
1780035950.0096812,27.119
1780035950.0155425,27.119
1780035950.0210495,27.118
1780035950.0269544,27.118
1780035950.0322287,27.119
1780035950.0375261,27.119
1780035950.0429997,27.12
1780035950.0485525,27.119
1780035950.0544415,27.119
1780035950.0598128,27.119
1780035950.0651672,27.119
1780035950.0712798,27.118
1780035950.0771954,27.118
1780035950.082604,27.119
1780035950.087975,27.119
1780035950.0934243,27.121
1780035950.099005,27.12
1780035950.1049113,27.12
1780035950.1101696,27.12
1780035950.115566,27.12
1780035950.121015,27.119
1780035950.1263716,27.12
1780035950.1318152,27.117
1780035950.1372373,27.12
1780035950.1426017,27.12
1780035950.1479828,27.12
1780035950.1536827,27.119
1780035950.159964,27.118
1780035950.1656516,27.117
1780035950.1710336,27.118
1780035950.1767588,27.118
1780035950.1821742,27.122
1780035950.1875424,27.123
1780035950.1929686,27.123
1780035950.198392,27.123
1780035950.2040827,27.122
1780035950.2103899,27.122
1780035950.2158866,27.122
1780035950.221362,27.122
1780035950.2271495,27.122
1780035950.2325566,27.124
1780035950.237995,27.124
1780035950.2433848,27.124
1780035950.249009,27.124
1780035950.255036,27.124
1780035950.2607734,27.123
1780035950.2661886,27.123
1780035950.271554,27.124
1780035950.2770133,27.124
1780035950.282373,27.126
1780035950.288435,27.125
1780035950.2944412,27.125
1780035950.2998142,27.124
1780035950.3051775,27.124
1780035950.310592,27.124
1780035950.3159575,27.125
1780035950.3213902,27.123
1780035950.3269014,27.125
1780035950.3322294,27.125
1780035950.3376215,27.125
1780035950.3433397,27.124
1780035950.349022,27.122
1780035950.3544273,27.12
1780035950.3598394,27.12
1780035950.3651612,27.121
1780035950.370528,27.123
1780035950.376245,27.124
1780035950.3821304,27.124
1780035950.3873756,27.123
1780035950.392774,27.123
1780035950.3982306,27.122
1780035950.4035757,27.122
1780035950.409027,27.123
1780035950.4143283,27.121
1780035950.4195244,27.123
1780035950.4251683,27.123
1780035950.4313264,27.122
1780035950.4372265,27.122
1780035950.4426107,27.121
1780035950.4479804,27.121
1780035950.4534247,27.121
1780035950.4587646,27.122
1780035950.4641902,27.122
1780035950.4695206,27.123
1780035950.4748297,27.122
1780035950.4806945,27.122
1780035950.4866126,27.121
1780035950.4926167,27.121
1780035950.4985292,27.121
1780035950.5037751,27.121
1780035950.5091302,27.121
1780035950.5145862,27.125
1780035950.5202012,27.125
1780035950.5260863,27.125
1780035950.5313854,27.124
1780035950.5367677,27.124
1780035950.5422301,27.123
1780035950.5475934,27.123
1780035950.5530298,27.124
1780035950.5583637,27.123
1780035950.56381,27.124
1780035950.5691855,27.123
1780035950.5748806,27.123
1780035950.5811687,27.122
1780035950.5869117,27.121
1780035950.5923848,27.121
1780035950.5980105,27.121
1780035950.6033869,27.123
1780035950.608857,27.126
1780035950.6142335,27.126
1780035950.619584,27.126
1780035950.6252892,27.125
1780035950.6315527,27.124
1780035950.637105,27.123
1780035950.6426008,27.123
1780035950.6483605,27.124
1780035950.653757,27.126
1780035950.6591835,27.128
1780035950.664625,27.128
1780035950.670274,27.128
1780035950.6761339,27.127
1780035950.6813793,27.127
1780035950.6867778,27.126
1780035950.6922288,27.127
1780035950.697542,27.124
1780035950.7036402,27.128
1780035950.7096791,27.127
1780035950.7156625,27.127
1780035950.7210226,27.127
1780035950.7263987,27.126
1780035950.7318256,27.126
1780035950.7372465,27.127
1780035950.7425764,27.128
1780035950.7480197,27.127
1780035950.7534382,27.128
1780035950.7590563,27.128
1780035950.7649455,27.128
1780035950.7701793,27.127
1780035950.775549,27.127
1780035950.780978,27.127
1780035950.7863724,27.127
1780035950.7917898,27.124
1780035950.7971628,27.129
1780035950.802564,27.129
1780035950.8079667,27.128
1780035950.8137038,27.128
1780035950.8199756,27.127
1780035950.8254735,27.125
1780035950.830847,27.126
1780035950.8362312,27.127
1780035950.8415775,27.119
1780035950.8473496,27.128
1780035950.8531928,27.139
1780035950.8585687,27.15
1780035950.8644462,27.159
1780035950.8697782,27.17
1780035950.8752322,27.179
1780035950.8812804,27.189
1780035950.8872232,27.2
1780035950.8926182,27.211
1780035950.8979897,27.219
1780035950.9040797,27.23
1780035950.910113,27.239
1780035950.9154384,27.25
1780035950.9207857,28.003
1780035950.926936,28.014
1780035950.932814,28.022
1780035950.9382374,28.034
1780035950.943557,28.041
1780035950.948991,28.066
1780035950.9544134,28.078
1780035950.9597812,28.079
1780035950.9651394,28.08
1780035950.9705021,28.079
1780035950.9762495,28.076
1780035950.9821424,28.075
1780035950.9873874,28.073
1780035950.9927747,28.072
1780035950.9982395,28.071
1780035951.0035212,28.067
1780035951.0088108,28.069
1780035951.0144737,28.069
1780035951.020392,28.067
1780035951.0260658,28.065
1780035951.0316627,28.063
1780035951.0372927,28.059
1780035951.0431194,28.059
1780035951.0483692,28.06
1780035951.054039,28.061
1780035951.059377,28.06
1780035951.064735,28.059
1780035951.0699594,28.058
1780035951.075598,28.057
1780035951.0810008,28.056
1780035951.0863981,28.055
1780035951.0918396,28.054
1780035951.0971305,28.051
1780035951.1023157,28.052
1780035951.1079242,28.051
1780035951.113122,28.05
1780035951.1190064,28.049
1780035951.124916,28.047
1780035951.1301835,28.046
1780035951.1355898,28.045
1780035951.14104,28.045
1780035951.1463282,28.043
1780035951.151741,28.047
1780035951.1571448,28.048
1780035951.1625597,28.049
1780035951.1679986,28.05
1780035951.1737273,28.05
1780035951.1795037,28.051
1780035951.184818,28.053
1780035951.1901855,28.053
1780035951.195649,28.052
1780035951.201136,28.051
1780035951.2066653,28.05
1780035951.2126184,28.048
1780035951.218531,28.047
1780035951.2237873,28.046
1780035951.2291946,28.046
1780035951.2346416,28.046
1780035951.2399313,28.043
1780035951.2451475,28.043
1780035951.2507167,28.042
1780035951.2559588,28.041
1780035951.2615905,28.04
1780035951.2671094,28.038
1780035951.272672,28.037
1780035951.278426,28.037
1780035951.2838411,28.037
1780035951.2891722,28.035
1780035951.2945862,28.035
1780035951.2999368,28.034
1780035951.3051786,28.033
1780035951.3110678,28.032
1780035951.3169587,28.031
1780035951.3221874,28.03
1780035951.3275197,28.03
1780035951.3327215,28.027
1780035951.3384678,28.029
1780035951.3437686,28.027
1780035951.3491416,28.026
1780035951.3546767,28.025
1780035951.3603802,28.022
1780035951.36593,28.019
1780035951.371474,28.018
1780035951.3767755,28.019
1780035951.3821893,28.017
1780035951.3875618,28.018
1780035951.393029,28.017
1780035951.398363,28.016
1780035951.4040608,28.015
1780035951.4099329,28.013
1780035951.4151926,28.012
1780035951.420636,28.012
1780035951.4259353,28.01
1780035951.4311266,28.011
1780035951.4367347,28.01
1780035951.441934,28.008
1780035951.4475403,28.007
1780035951.453095,28.006
1780035951.458823,28.004
1780035951.4642773,28.004
1780035951.4695766,28.004
1780035951.4751575,28.003
1780035951.48068,28.003
1780035951.4862657,28.002
1780035951.4921668,28.002
1780035951.4975705,28.0
1780035951.503097,27.255
1780035951.5089235,27.255
1780035951.5141907,27.255
1780035951.5195208,27.254
1780035951.524698,28.0
1780035951.5303469,27.255
1780035951.5355508,27.254
1780035951.5411687,27.253
1780035951.5465553,27.252
1780035951.5519884,27.251
1780035951.5574408,27.251
1780035951.5627847,27.251
1780035951.5682003,27.25
1780035951.5735867,27.251
1780035951.578971,27.25
1780035951.5843327,27.249
1780035951.589578,27.249
1780035951.5954323,27.248
1780035951.601362,27.247
1780035951.6065922,27.247
1780035951.611935,27.246
1780035951.617116,27.246
1780035951.6227381,27.247
1780035951.627935,27.246
1780035951.6335502,27.245
1780035951.6389186,27.243
1780035951.6446636,27.241
1780035951.6505644,27.24
1780035951.6557956,27.24
1780035951.66118,27.24
1780035951.6665704,27.24
1780035951.67195,27.239
1780035951.67719,27.238
1780035951.6827652,27.237
1780035951.6881611,27.236
1780035951.6935952,27.236
1780035951.699047,27.236
1780035951.7043936,27.236
1780035951.7098045,27.234
1780035951.7151606,27.235
1780035951.7205567,27.233
1780035951.7259436,27.233
1780035951.7314956,27.232
1780035951.7372618,27.23
1780035951.7427886,27.229
1780035951.7482805,27.229
1780035951.753581,27.226
1780035951.7589822,27.227
1780035951.7643754,27.227
1780035951.7697592,27.226
1780035951.7751791,27.225
1780035951.7809246,27.224
1780035951.7866788,27.223
1780035951.7919502,27.223
1780035951.7972038,27.223
1780035951.802759,27.222
1780035951.808156,27.223
1780035951.813558,27.222
1780035951.8187592,27.221
1780035951.8243427,27.22
1780035951.829896,27.219
1780035951.835419,27.218
1780035951.8412454,27.218
1780035951.84661,27.216
1780035951.8520424,27.219
1780035951.8573933,27.218
1780035951.8627396,27.218
1780035951.8679786,27.217
1780035951.873585,27.216
1780035951.878985,27.215
1780035951.8843913,27.215
1780035951.8898513,27.215
1780035951.8951468,27.213
1780035951.9003289,27.213
1780035951.9059682,27.213
1780035951.9113522,27.212
1780035951.9167914,27.211
1780035951.922215,27.21
1780035951.9275572,27.209
1780035951.9328046,27.209
1780035951.938392,27.21
1780035951.943853,27.208
1780035951.9492013,27.209
1780035951.9546194,27.209
1780035951.95996,27.208
1780035951.965363,27.207
1780035951.9707553,27.206
1780035951.975996,27.206
1780035951.9815872,27.206
1780035951.9870071,27.203
1780035951.9924624,27.206
1780035951.9977887,27.205
1780035952.003164,27.204
1780035952.008916,27.203
1780035952.0152364,27.202
1780035952.0207114,27.2
1780035952.0261014,27.2
1780035952.0314536,27.201
1780035952.0367863,27.201
1780035952.042174,27.202
1780035952.0475461,27.202
1780035952.0527427,27.201
1780035952.0583594,27.201
1780035952.0639002,27.199
1780035952.0694256,27.198
1780035952.0752244,27.198
1780035952.080607,27.194
1780035952.086053,27.197
1780035952.0913963,27.196
1780035952.0967503,27.196
1780035952.1019924,27.195
1780035952.107587,27.194
1780035952.113045,27.194
1780035952.1184216,27.193
1780035952.1238453,27.194
1780035952.1291642,27.191
1780035952.1345687,27.193
1780035952.1399841,27.192
1780035952.1453593,27.192
1780035952.1507828,27.191
1780035952.156532,27.19
1780035952.1623342,27.189
1780035952.1676078,27.19
1780035952.1729908,27.19
1780035952.1785176,27.189
1780035952.1845136,27.188
1780035952.1905317,27.188
1780035952.1958587,27.187
1780035952.2012267,27.186
1780035952.2073188,27.185
1780035952.213275,27.185
1780035952.2186422,27.186
1780035952.2240007,27.186
1780035952.229455,27.188
1780035952.2350621,27.19
1780035952.2409604,27.192
1780035952.2462013,27.193
1780035952.251705,27.195
1780035952.2570808,27.196
1780035952.2625482,27.197
1780035952.267827,27.197
1780035952.273187,27.196
1780035952.2789218,27.197
1780035952.2853317,27.196
1780035952.2912312,27.195
1780035952.2966464,27.194
1780035952.3020236,27.193
1780035952.307452,27.193
1780035952.3127935,27.194
1780035952.3182147,27.193
1780035952.3237295,27.195
1780035952.3290625,27.194
1780035952.334411,27.193
1780035952.3401504,27.192
1780035952.346399,27.191
1780035952.3519151,27.19
1780035952.3573713,27.19
1780035952.362665,27.189
1780035952.368018,27.193
1780035952.3734598,27.194
1780035952.3790538,27.193
1780035952.384962,27.193
1780035952.3902018,27.192
1780035952.3956084,27.191
1780035952.4010608,27.191
1780035952.4064078,27.191
1780035952.4118154,27.189
1780035952.4173253,27.192
1780035952.4226441,27.191
1780035952.4280007,27.19
1780035952.4337122,27.189
1780035952.4395263,27.188
1780035952.4447637,27.188
1780035952.450008,27.188
1780035952.4555945,27.189
1780035952.4610174,27.188
1780035952.466351,27.188
1780035952.4718518,27.187
1780035952.4778938,27.186
1780035952.4832273,27.186
1780035952.489303,27.185
1780035952.4953508,27.185
1780035952.5006645,27.185
1780035952.5060372,27.185
1780035952.5114574,27.187
1780035952.517056,27.186
1780035952.5229666,27.186
1780035952.5282068,27.185
1780035952.533566,27.184
1780035952.5390089,27.183
1780035952.5445158,27.184
1780035952.5498655,27.184
1780035952.555176,27.182
1780035952.5605962,27.183
1780035952.5660226,27.182
1780035952.5717247,27.182
1780035952.578025,27.181
1780035952.5837214,27.179
1780035952.5891232,27.179
1780035952.5948274,27.18
1780035952.6002128,27.18
1780035952.6055882,27.182
1780035952.6110163,27.181
1780035952.6167169,27.181
1780035952.6226115,27.18
1780035952.6281128,27.179
1780035952.6336358,27.177
1780035952.639239,27.178
1780035952.6446457,27.176
1780035952.650003,27.18
1780035952.6554034,27.18
1780035952.6608264,27.18
1780035952.6665103,27.179
1780035952.6723392,27.178
1780035952.6775763,27.178
1780035952.6829705,27.178
1780035952.688361,27.178
1780035952.6938426,27.178
1780035952.6995137,27.18
1780035952.7053912,27.18
1780035952.7108877,27.179
1780035952.7166471,27.177
1780035952.7222445,27.175
1780035952.728147,27.175
1780035952.7334185,27.175
1780035952.7387636,27.175
1780035952.7442293,27.178
1780035952.7498899,27.178
1780035952.7557569,27.178
1780035952.7610102,27.177
1780035952.7663827,27.177
1780035952.7718186,27.176
1780035952.7772343,27.176
1780035952.782659,27.176
1780035952.787967,27.175
1780035952.7933638,27.177
1780035952.7987955,27.176
1780035952.8045573,27.175
1780035952.810389,27.175
1780035952.8159194,27.174
1780035952.8218262,27.174
1780035952.8275952,27.174
1780035952.833022,27.174
1780035952.8383157,27.176
1780035952.8436055,27.175
1780035952.849441,27.175
1780035952.8549383,27.174
1780035952.8606913,27.172
1780035952.866171,27.169
1780035952.8719923,27.17
1780035952.8774202,27.171
1780035952.882935,27.173
1780035952.888512,27.172
1780035952.89432,27.171
1780035952.8995633,27.17
1780035952.9051254,27.169
1780035952.9107184,27.167
1780035952.9164586,27.167
1780035952.9218311,27.167
1780035952.9271603,27.164
1780035952.9325302,27.166
1780035952.938195,27.164
1780035952.9440877,27.164
1780035952.9494576,27.164
1780035952.9548295,27.163
1780035952.9602625,27.162
1780035952.9656415,27.162
1780035952.9710238,27.163
1780035952.9763634,27.161
1780035952.9816632,27.16
1780035952.987496,27.159
1780035952.9934144,27.159
1780035952.9986467,27.158
1780035953.0039873,27.157
1780035953.0094311,27.157
1780035953.0148678,27.157
1780035953.0202298,27.154
1780035953.0256784,27.157
1780035953.031007,27.156
1780035953.0364356,27.156
1780035953.0425386,27.155
1780035953.0484464,27.155
1780035953.0538573,27.154
1780035953.0592408,27.154
1780035953.064666,27.155
1780035953.069973,27.153
1780035953.075383,27.155
1780035953.0807698,27.155
1780035953.0860727,27.154
1780035953.0919235,27.153
1780035953.0978253,27.153
1780035953.1030083,27.152
1780035953.1085155,27.153
1780035953.113848,27.152
1780035953.119215,27.152
1780035953.1245706,27.151
1780035953.129966,27.151
1780035953.1352305,27.151
1780035953.1410806,27.15
1780035953.1469755,27.15
1780035953.1522179,27.15
1780035953.157674,27.15
1780035953.1630423,27.148
1780035953.1685023,27.15
1780035953.1738124,27.149
1780035953.1791646,27.149
1780035953.184653,27.148
1780035953.1903608,27.147
1780035953.1962605,27.146
1780035953.20211,27.147
1780035953.2074397,27.148
1780035953.2127962,27.147
1780035953.218176,27.148
1780035953.2235556,27.148
1780035953.228755,27.147
1780035953.2346401,27.147
1780035953.2405488,27.146
1780035953.245819,27.146
1780035953.2511792,27.146
1780035953.2566252,27.144
1780035953.2620125,27.148
1780035953.2673938,27.147
1780035953.2727826,27.147
1780035953.2779796,27.146
1780035953.2836418,27.145
1780035953.2893379,27.144
1780035953.2951376,27.145
1780035953.3004673,27.145
1780035953.305828,27.146
1780035953.3112094,27.147
1780035953.3166006,27.146
1780035953.3219564,27.146
1780035953.3275094,27.145
1780035953.3332598,27.144
1780035953.338755,27.143
1780035953.344301,27.143
1780035953.349594,27.143
1780035953.3550043,27.142
1780035953.3604016,27.143
1780035953.3657835,27.142
1780035953.3712225,27.142
1780035953.3769162,27.141
1780035953.382706,27.141
1780035953.3879864,27.141
1780035953.39339,27.141
1780035953.398747,27.14
1780035953.4039881,27.14
1780035953.4096425,27.14
1780035953.4150136,27.14
1780035953.4203901,27.139
1780035953.4258194,27.139
1780035953.431234,27.138
1780035953.4366755,27.139
1780035953.4420247,27.139
1780035953.4474294,27.137
1780035953.4528203,27.139
1780035953.4581995,27.138
1780035953.4635837,27.138
1780035953.468779,27.137
1780035953.4743729,27.137
1780035953.4796088,27.136
1780035953.4852278,27.137
1780035953.4906332,27.135
1780035953.4960523,27.137
1780035953.5014095,27.137
1780035953.5067987,27.137
1780035953.5122383,27.136
1780035953.5176396,27.136
1780035953.5233777,27.135
1780035953.5291703,27.135
1780035953.5345058,27.136
1780035953.5398338,27.135
1780035953.545313,27.137
1780035953.5506184,27.137
1780035953.5559685,27.137
1780035953.5615084,27.136
1780035953.5671883,27.134
1780035953.5727425,27.133
1780035953.5783358,27.133
1780035953.5836427,27.134
1780035953.5890265,27.134
1780035953.5944107,27.135
1780035953.5997925,27.135
1780035953.6052237,27.134
1780035953.6109998,27.134
1780035953.6173372,27.133
1780035953.6233652,27.133
1780035953.6286767,27.134
1780035953.633999,27.135
1780035953.6393917,27.136
1780035953.6450844,27.135
1780035953.650982,27.135
1780035953.6562214,27.134
1780035953.6616364,27.134
1780035953.6670818,27.133
1780035953.6724904,27.134
1780035953.6778438,27.133
1780035953.683231,27.135
1780035953.6886039,27.134
1780035953.6939702,27.134
1780035953.6992335,27.133
1780035953.7048075,27.133
1780035953.7102127,27.132
1780035953.7155704,27.132
1780035953.720812,27.133
1780035953.7263737,27.131
1780035953.7315655,27.133
1780035953.7371705,27.133
1780035953.742385,27.132
1780035953.7479868,27.132
1780035953.7534313,27.131
1780035953.7590773,27.131
1780035953.764972,27.132
1780035953.7702267,27.132
1780035953.7756262,27.132
1780035953.7810042,27.133
1780035953.7863955,27.133
1780035953.791782,27.132
1780035953.7971723,27.132
1780035953.8023813,27.131
1780035953.808016,27.131
1780035953.8134801,27.132
1780035953.8187814,27.131
1780035953.8240275,27.131
1780035953.8295932,27.131
1780035953.8349845,27.131
1780035953.8407733,27.13
1780035953.8467855,27.13
1780035953.8526824,27.129
1780035953.8585691,27.13
1780035953.8638523,27.13
1780035953.869243,27.13
1780035953.8746798,27.131
1780035953.8802683,27.13
1780035953.8861687,27.13
1780035953.8914268,27.13
1780035953.8968365,27.129
1780035953.9022846,27.129
1780035953.9076316,27.129
1780035953.9130754,27.126
1780035953.9186053,27.127
1780035953.9245188,27.126
1780035953.9305055,27.126
1780035953.9358761,27.126
1780035953.9412374,27.125
1780035953.9473333,27.125
1780035953.952779,27.125
1780035953.9580898,27.125
1780035953.9635558,27.123
1780035953.9691103,27.123
1780035953.975109,27.124
1780035953.9810743,27.123
1780035953.9872673,27.123
1780035953.9929676,27.122
1780035953.9989002,27.122
1780035954.0042691,27.123
1780035954.0097249,27.124
1780035954.015333,27.124
1780035954.0216496,27.123
1780035954.027332,27.122
1780035954.0329819,27.12
1780035954.0385725,27.118
1780035954.0439777,27.118
1780035954.0494194,27.118
1780035954.0552337,27.122
1780035954.0606024,27.125
1780035954.0660114,27.126
1780035954.071481,27.126
1780035954.0770884,27.126
1780035954.0829868,27.125
1780035954.0882297,27.125
1780035954.0936189,27.125
1780035954.0990849,27.126
1780035954.1044185,27.125
1780035954.1104739,27.126
1780035954.116444,27.125
1780035954.1225631,27.124
1780035954.1284404,27.124
1780035954.1338701,27.124
1780035954.13923,27.124
1780035954.1446824,27.125
1780035954.150014,27.124
1780035954.155418,27.128
1780035954.160779,27.128
1780035954.1660523,27.127
1780035954.171881,27.127
1780035954.1778653,27.126
1780035954.1837716,27.126
1780035954.1890342,27.126
1780035954.194381,27.128
1780035954.199838,27.129
1780035954.2054787,27.13
1780035954.2113814,27.13
1780035954.2166314,27.129
1780035954.2220473,27.128
1780035954.227484,27.128
1780035954.232798,27.128
1780035954.238235,27.129
1780035954.243575,27.126
1780035954.2490375,27.128
1780035954.2546523,27.128
1780035954.2605484,27.128
1780035954.2658405,27.127
1780035954.271237,27.127
1780035954.2766907,27.126
1780035954.2820382,27.127
1780035954.2874517,27.128
1780035954.2928011,27.127
1780035954.2979798,27.126
1780035954.3036299,27.126
1780035954.309052,27.125
1780035954.314683,27.125
1780035954.3206005,27.125
1780035954.325832,27.124
1780035954.3312292,27.125
1780035954.3366456,27.122
1780035954.3420157,27.123
1780035954.3474023,27.123
1780035954.3527822,27.123
1780035954.357982,27.123
1780035954.3636367,27.122
1780035954.3690965,27.122
1780035954.3745246,27.122
1780035954.3798885,27.123
1780035954.3854206,27.121
1780035954.3913484,27.126
1780035954.3966417,27.126
1780035954.4020596,27.125
1780035954.407446,27.125
1780035954.4130988,27.125
1780035954.4189906,27.125
1780035954.424236,27.125
1780035954.4295692,27.126
1780035954.4348555,27.126
1780035954.4408703,27.127
1780035954.446576,27.126
1780035954.45243,27.126
1780035954.4578698,27.125
1780035954.4632485,27.125
1780035954.468692,27.125
1780035954.4740326,27.126
1780035954.4795575,27.125
1780035954.4849372,27.127
1780035954.4902394,27.127
1780035954.4955919,27.126
1780035954.5011494,27.126
1780035954.5069034,27.124
1780035954.5123565,27.124
1780035954.517909,27.124
1780035954.5231967,27.125
1780035954.5286794,27.124
1780035954.534039,27.126
1780035954.539566,27.125
1780035954.54513,27.124
1780035954.5510418,27.124
1780035954.5562568,27.124
1780035954.5616455,27.123
1780035954.5670702,27.124
1780035954.5723898,27.122
1780035954.5775833,27.124
1780035954.5831938,27.123
1780035954.5885162,27.123
1780035954.5942798,27.122
1780035954.6001413,27.122
1780035954.6054416,27.121
1780035954.610839,27.122
1780035954.6162903,27.123
1780035954.621595,27.121
1780035954.626779,27.121
1780035954.6324189,27.12
1780035954.6377969,27.12
1780035954.6432598,27.119
1780035954.6486492,27.119
1780035954.654007,27.119
1780035954.659395,27.119
1780035954.66477,27.12
1780035954.6699464,27.118
1780035954.6755946,27.119
1780035954.6811028,27.118
1780035954.6868541,27.117
1780035954.6923785,27.116
1780035954.6981742,27.116
1780035954.7037091,27.115
1780035954.7092671,27.116
1780035954.7146432,27.117
1780035954.719972,27.118
1780035954.725461,27.118
1780035954.7312033,27.116
1780035954.7371056,27.116
1780035954.7428288,27.115
1780035954.7482197,27.115
1780035954.7535837,27.115
1780035954.7587893,27.113
1780035954.7645018,27.115
1780035954.7698333,27.114
1780035954.7754748,27.114
1780035954.7813866,27.114
1780035954.7866411,27.113
1780035954.7920628,27.113
1780035954.7974513,27.113
1780035954.8027635,27.114
1780035954.80794,27.112
1780035954.8137121,27.115
1780035954.8190756,27.114
1780035954.824406,27.114
1780035954.8301184,27.113
1780035954.8359146,27.113
1780035954.8411891,27.113
1780035954.846603,27.113
1780035954.8519902,27.114
1780035954.8571749,27.112
1780035954.8628414,27.114
1780035954.868218,27.114
1780035954.8736115,27.113
1780035954.8790421,27.113
1780035954.88442,27.113
1780035954.8898172,27.112
1780035954.89523,27.113
1780035954.9006526,27.11
1780035954.906104,27.114
1780035954.911532,27.113
1780035954.9170735,27.113
1780035954.9229844,27.112
1780035954.928246,27.112
1780035954.9336615,27.112
1780035954.9390926,27.112
1780035954.9444525,27.112
1780035954.9498556,27.111
1780035954.9552264,27.113
1780035954.9606082,27.112
1780035954.965999,27.112
1780035954.9715552,27.112
1780035954.9772866,27.111
1780035954.982771,27.11
1780035954.9883664,27.111
1780035954.9936392,27.111
1780035954.99904,27.109
1780035955.0044441,27.11
1780035955.009872,27.11
1780035955.015218,27.11
1780035955.0209131,27.109
1780035955.026719,27.109
1780035955.0320082,27.109
1780035955.0374124,27.11
1780035955.0427628,27.108
1780035955.0479388,27.11
1780035955.0536065,27.11
1780035955.0588624,27.11
1780035955.0647278,27.109
1780035955.0706296,27.109
1780035955.0758471,27.108
1780035955.0813565,27.109
1780035955.0866659,27.11
1780035955.0920393,27.109
1780035955.0974324,27.11
1780035955.1028202,27.11
1780035955.108202,27.11
1780035955.113664,27.109
1780035955.1190574,27.109
1780035955.1244357,27.109
1780035955.1298265,27.109
1780035955.1351712,27.108
1780035955.140339,27.108
1780035955.1459858,27.109
1780035955.1515596,27.108
1780035955.157275,27.107
1780035955.162974,27.106
1780035955.168943,27.106
1780035955.1742818,27.106
1780035955.1796343,27.107
1780035955.1850576,27.108
1780035955.1904373,27.11
1780035955.1958632,27.109
1780035955.2012281,27.109
1780035955.2066467,27.109
1780035955.2120142,27.108
1780035955.2174182,27.108
1780035955.2228737,27.108
1780035955.2282393,27.108
1780035955.2336314,27.107
1780035955.238987,27.107
1780035955.244451,27.107
1780035955.2498684,27.107
1780035955.2551997,27.106
1780035955.2606251,27.106
1780035955.2660222,27.106
1780035955.271447,27.107
1780035955.2768154,27.104
1780035955.281962,27.105
1780035955.2875993,27.105
1780035955.292805,27.105
1780035955.298449,27.104
1780035955.3038645,27.104
1780035955.3092325,27.104
1780035955.3146122,27.104
1780035955.32004,27.104
1780035955.3254626,27.103
1780035955.33079,27.104
1780035955.3360395,27.104
1780035955.3416514,27.104
1780035955.3470912,27.103
1780035955.3524268,27.103
1780035955.357826,27.103
1780035955.363335,27.104
1780035955.3686607,27.104
1780035955.3740258,27.104
1780035955.3794158,27.105
1780035955.3848581,27.105
1780035955.3902714,27.105
1780035955.3958933,27.104
1780035955.4017878,27.104
1780035955.4070473,27.104
1780035955.4123912,27.105
1780035955.4175918,27.103
1780035955.423237,27.107
1780035955.4286177,27.107
1780035955.4339876,27.107
1780035955.4391782,27.107
1780035955.444854,27.107
1780035955.4502583,27.106
1780035955.4556308,27.107
1780035955.4610336,27.107
1780035955.4663806,27.106
1780035955.4715586,27.107
1780035955.4772053,27.107
1780035955.4824123,27.106
1780035955.488023,27.106
1780035955.4934,27.105
1780035955.4988177,27.105
1780035955.5042582,27.106
1780035955.5096722,27.107
1780035955.5150552,27.105
1780035955.5204413,27.107
1780035955.525832,27.107
1780035955.531216,27.106
1780035955.5367534,27.106
1780035955.5424662,27.105
1780035955.5479841,27.104
1780035955.5535574,27.105
1780035955.5588202,27.102
1780035955.5639982,27.105
1780035955.569628,27.105
1780035955.5750563,27.105
1780035955.580426,27.105
1780035955.5858233,27.104
1780035955.59151,27.104
1780035955.597415,27.104
1780035955.6026564,27.105
1780035955.6080132,27.105
1780035955.613193,27.106
1780035955.6191058,27.105
1780035955.6249845,27.105
1780035955.6302562,27.105
1780035955.6356087,27.105
1780035955.6408043,27.104
1780035955.6465132,27.105
1780035955.6518707,27.104
1780035955.657248,27.104
1780035955.662607,27.104
1780035955.6680446,27.104
1780035955.6734765,27.103
1780035955.679098,27.103
1780035955.6849923,27.103
1780035955.6902516,27.103
1780035955.6956284,27.104
1780035955.701057,27.102
1780035955.7065537,27.104
1780035955.711853,27.104
1780035955.7171974,27.104
1780035955.7224164,27.103
1780035955.7280028,27.103
1780035955.733546,27.103
1780035955.7389998,27.103
1780035955.7443302,27.103
1780035955.7495956,27.102
1780035955.7548125,27.103
1780035955.7604647,27.102
1780035955.765877,27.102
1780035955.7712264,27.102
1780035955.7766182,27.101
1780035955.7820168,27.101
1780035955.7872584,27.102
1780035955.7928135,27.102
1780035955.7980251,27.101
1780035955.8036284,27.102
1780035955.8090518,27.102
1780035955.8144395,27.102
1780035955.8202658,27.101
1780035955.8264503,27.101
1780035955.8319683,27.101
1780035955.8374727,27.101
1780035955.843296,27.102
1780035955.8486466,27.103
1780035955.8540576,27.103
1780035955.859474,27.103
1780035955.865089,27.103
1780035955.8709714,27.102
1780035955.8762593,27.102
1780035955.8817074,27.103
1780035955.887073,27.103
1780035955.8924394,27.102
1780035955.8978074,27.102
1780035955.903202,27.102
1780035955.9084206,27.101
1780035955.9140506,27.101
1780035955.9194784,27.1
1780035955.9248154,27.1
1780035955.930067,27.101
1780035955.9356012,27.099
1780035955.9407647,27.101
1780035955.9464152,27.101
1780035955.951718,27.101
1780035955.9574168,27.101
1780035955.9626608,27.1
1780035955.9680176,27.1
1780035955.9732559,27.1
1780035955.9788465,27.101
1780035955.984289,27.1
1780035955.9897459,27.102
1780035955.995059,27.102
1780035956.0004416,27.102
1780035956.005869,27.101
1780035956.0112255,27.101
1780035956.0166323,27.101
1780035956.0222085,27.101
1780035956.0274608,27.102
1780035956.032812,27.1
1780035956.0379813,27.1
1780035956.0439124,27.099
1780035956.049839,27.099
1780035956.0550623,27.099
1780035956.060415,27.098
1780035956.0656192,27.098
1780035956.0712366,27.099
1780035956.0766726,27.096
1780035956.0821195,27.099
1780035956.0874534,27.099
1780035956.0928483,27.099
1780035956.098301,27.099
1780035956.1036518,27.099
1780035956.109076,27.098
1780035956.1144423,27.098
1780035956.1198697,27.099
1780035956.1252124,27.097
1780035956.130393,27.099
1780035956.136018,27.099
1780035956.1412735,27.099
1780035956.1470156,27.099
1780035956.1523032,27.098
1780035956.1579065,27.098
1780035956.1638093,27.098
1780035956.1690643,27.099
1780035956.174447,27.099
1780035956.1798215,27.099
1780035956.1855025,27.098
1780035956.1914358,27.098
1780035956.1966631,27.098
1780035956.2020276,27.097
1780035956.20742,27.097
1780035956.2128503,27.098
1780035956.2182934,27.095
1780035956.2237039,27.099
1780035956.2290602,27.098
1780035956.234456,27.098
1780035956.239873,27.098
1780035956.2452521,27.098
1780035956.2506351,27.098
1780035956.2560134,27.098
1780035956.2612572,27.098
1780035956.2668123,27.097
1780035956.272,27.097
1780035956.277625,27.097
1780035956.2828832,27.097
1780035956.2886066,27.097
1780035956.2938604,27.096
1780035956.29923,27.096
1780035956.3044221,27.097
1780035956.3100426,27.097
1780035956.315471,27.097
1780035956.3208601,27.099
1780035956.3262444,27.099
1780035956.3316176,27.098
1780035956.3371763,27.098
1780035956.3427129,27.097
1780035956.348468,27.097
1780035956.3538785,27.097
1780035956.3592055,27.096
1780035956.364367,27.098
1780035956.3700554,27.098
1780035956.375445,27.098
1780035956.3808188,27.098
1780035956.386276,27.097
1780035956.3919966,27.096
1780035956.3979104,27.097
1780035956.403615,27.097
1780035956.4090545,27.098
1780035956.4144058,27.1
1780035956.419904,27.099
1780035956.4256854,27.098
1780035956.4314356,27.096
1780035956.4373612,27.096
1780035956.4426692,27.096
1780035956.4480467,27.097
1780035956.4534767,27.094
1780035956.4588685,27.098
1780035956.46422,27.098
1780035956.4696407,27.098
1780035956.4750278,27.097
1780035956.4804127,27.097
1780035956.4859533,27.097
1780035956.4914503,27.096
1780035956.4973052,27.097
1780035956.5026634,27.096
1780035956.5081582,27.098
1780035956.5134661,27.098
1780035956.5188227,27.098
1780035956.524022,27.097
1780035956.5296257,27.097
1780035956.5349846,27.097
1780035956.5404904,27.097
1780035956.545917,27.098
1780035956.5512056,27.096
1780035956.5563831,27.095
1780035956.5622916,27.095
1780035956.5681942,27.095
1780035956.573473,27.095
1780035956.57883,27.094
1780035956.5840414,27.094
1780035956.589639,27.095
1780035956.5950804,27.092
1780035956.6005023,27.095
1780035956.6058517,27.095
1780035956.6112866,27.095
1780035956.6166809,27.094
1780035956.622081,27.094
1780035956.6278338,27.094
1780035956.6333246,27.093
1780035956.6388853,27.094
1780035956.6442935,27.094
1780035956.6497626,27.097
1780035956.655192,27.097
1780035956.660534,27.096
1780035956.6662478,27.096
1780035956.671933,27.094
1780035956.6773872,27.093
1780035956.683293,27.093
1780035956.6886683,27.094
1780035956.6941094,27.096
1780035956.6994684,27.095
1780035956.7051325,27.095
1780035956.7110882,27.095
1780035956.716323,27.094
1780035956.7216828,27.094
1780035956.7270823,27.094
1780035956.7324932,27.095
1780035956.7378688,27.093
1780035956.743184,27.096
1780035956.7484064,27.096
1780035956.7540588,27.095
1780035956.759811,27.095
1780035956.7655783,27.095
1780035956.770828,27.094
1780035956.7760706,27.095
1780035956.781665,27.096
1780035956.787083,27.096
1780035956.7924392,27.097
1780035956.7981205,27.097
1780035956.803833,27.095
1780035956.8094983,27.093
1780035956.8153813,27.093
1780035956.8206687,27.092
1780035956.8260546,27.093
1780035956.8314815,27.092
1780035956.8367767,27.094
1780035956.8419826,27.094
1780035956.8476152,27.094
1780035956.852815,27.094
1780035956.8584378,27.093
1780035956.8641713,27.093
1780035956.8699667,27.093
1780035956.875206,27.094
1780035956.8806345,27.095
1780035956.8860345,27.096
1780035956.8915176,27.096
1780035956.8968415,27.096
1780035956.9022386,27.095
1780035956.9076288,27.095
1780035956.912833,27.094
1780035956.9185348,27.095
1780035956.9240167,27.096
1780035956.929363,27.088
1780035956.9346545,27.096
1780035956.9401138,27.105
1780035956.9455104,27.118
1780035956.9508927,27.126
1780035956.9569707,27.136
1780035956.962614,27.146
1780035956.968166,27.157
1780035956.9737208,27.166
1780035956.9793847,27.175
1780035956.985116,27.185
1780035956.9906867,27.192
1780035956.9962568,27.203
1780035957.0018606,27.211
1780035957.007529,27.221
1780035957.0134003,27.23
1780035957.0186694,27.241
1780035957.0241385,27.25
1780035957.0295243,28.006
1780035957.0349476,28.026
1780035957.0402634,28.042
1780035957.0456138,28.043
1780035957.0508049,28.043
1780035957.056491,28.042
1780035957.0618882,28.041
1780035957.0675457,28.04
1780035957.073455,28.04
1780035957.0786805,28.039
1780035957.084023,28.039
1780035957.0892234,28.036
1780035957.0949368,28.039
1780035957.1002655,28.038
1780035957.1056275,28.037
1780035957.1111069,28.036
1780035957.1168995,28.034
1780035957.1226482,28.032
1780035957.1285527,28.032
1780035957.1338837,28.031
1780035957.1392245,28.03
1780035957.1443996,28.029
1780035957.1503217,28.028
1780035957.1562479,28.027
1780035957.16148,28.025
1780035957.166824,28.024
1780035957.1720314,28.022
1780035957.1776578,28.022
1780035957.1830847,28.017
1780035957.188591,28.02
1780035957.1938767,28.019
1780035957.1992662,28.018
1780035957.2046957,28.016
1780035957.2100303,28.015
1780035957.215522,28.014
1780035957.221022,28.013
1780035957.2268739,28.012
1780035957.2322652,28.01
1780035957.2376764,28.011
1780035957.2433836,28.009
1780035957.249136,28.008
1780035957.2544398,28.007
1780035957.2600052,28.005
1780035957.2655296,28.003
1780035957.2713094,28.003
1780035957.27667,27.255
1780035957.2821302,28.002
1780035957.2874815,28.001
1780035957.2931244,27.255
1780035957.2990363,27.254
1780035957.3043025,27.253
1780035957.3097258,27.252
1780035957.315098,27.251
1780035957.32048,27.251
1780035957.3258874,27.249
1780035957.3313856,27.251
1780035957.3367155,27.25
1780035957.3420494,27.249
1780035957.347491,27.247
1780035957.3528564,27.246
1780035957.3582335,27.245
1780035957.363701,27.245
1780035957.3690803,27.245
1780035957.374529,27.241
1780035957.3798883,27.24
1780035957.3852074,27.239
1780035957.3903928,27.238
1780035957.3960516,27.237
1780035957.4014397,27.235
1780035957.4068725,27.235
1780035957.412359,27.234
1780035957.4176302,27.232
1780035957.422775,27.232
1780035957.4284158,27.232
1780035957.4336572,27.23
1780035957.4393349,27.229
1780035957.4447017,27.228
1780035957.4503698,27.227
1780035957.4562476,27.227
1780035957.4614835,27.226
1780035957.4668505,27.225
1780035957.4720178,27.224
1780035957.4779472,27.223
1780035957.4838562,27.222
1780035957.489085,27.22
1780035957.494464,27.219
1780035957.4998465,27.219
1780035957.5052364,27.219
1780035957.5106804,27.215
1780035957.5161264,27.217
1780035957.5214777,27.216
1780035957.5268867,27.216
1780035957.5323207,27.215
1780035957.5376382,27.213
1780035957.5431323,27.212
1780035957.549243,27.212
1780035957.5545764,27.211
1780035957.559895,27.211
1780035957.5652196,27.212
1780035957.5704725,27.211
1780035957.5760703,27.21
1780035957.5815127,27.209
1780035957.5868514,27.208
1780035957.592261,27.207
1780035957.5977163,27.206
1780035957.6030822,27.206
1780035957.6086106,27.204
1780035957.6145084,27.202
1780035957.6204863,27.201
1780035957.6261747,27.199
1780035957.6319275,27.197
1780035957.6375604,27.195
1780035957.6433766,27.195
1780035957.6486826,27.197
1780035957.6540098,27.2
1780035957.6594105,27.201
1780035957.6651373,27.198
1780035957.6710715,27.198
1780035957.6766047,27.196
1780035957.682323,27.194
1780035957.6877465,27.192
1780035957.6932263,27.192
1780035957.6984813,27.19
1780035957.7038336,27.193
1780035957.7092655,27.193
1780035957.7150254,27.192
1780035957.7212973,27.191
1780035957.7269545,27.189
1780035957.7323596,27.187
1780035957.7380593,27.188
1780035957.743452,27.188
1780035957.748953,27.19
1780035957.754288,27.189
1780035957.759933,27.188
1780035957.7658381,27.188
1780035957.7710876,27.186
1780035957.776483,27.185
1780035957.7819042,27.185
1780035957.7872665,27.185
1780035957.7926903,27.182
1780035957.7980888,27.185
1780035957.8034666,27.185
1780035957.8088977,27.184
1780035957.814621,27.183
1780035957.820414,27.182
1780035957.8258467,27.18
1780035957.831769,27.18
1780035957.8370903,27.181
1780035957.8424575,27.18
1780035957.8476334,27.179
1780035957.8535035,27.178
1780035957.8594017,27.178
1780035957.8646908,27.177
1780035957.870111,27.176
1780035957.8755074,27.175
1780035957.880874,27.175
1780035957.8863106,27.172
1780035957.8916965,27.176
1780035957.8970785,27.175
1780035957.9024916,27.174
1780035957.9082417,27.173
1780035957.9139748,27.172
1780035957.9192352,27.171
1780035957.924475,27.171
1780035957.9300745,27.171
1780035957.935505,27.169
1780035957.9408283,27.169
1780035957.9463181,27.168
1780035957.9524198,27.167
1780035957.9577057,27.166
1780035957.9631004,27.165
1780035957.968455,27.164
1780035957.973895,27.164
1780035957.9792411,27.162
1780035957.9843962,27.164
1780035957.9900331,27.167
1780035957.995607,27.168
1780035958.0013235,27.169
1780035958.0070133,27.17
1780035958.01295,27.172
1780035958.018337,27.174
1780035958.0236633,27.176
1780035958.029095,27.176
1780035958.0344303,27.178
1780035958.0398755,27.177
1780035958.0452352,27.176
1780035958.0504427,27.175
1780035958.056032,27.174
1780035958.0612113,27.174
1780035958.066919,27.174
1780035958.072298,27.173
1780035958.0776763,27.172
1780035958.0830376,27.171
1780035958.0884857,27.171
1780035958.0939097,27.169
1780035958.0992413,27.169
1780035958.1044424,27.168
1780035958.1100404,27.167
1780035958.115284,27.167
1780035958.1208515,27.164
1780035958.1260438,27.166
1780035958.131651,27.165
1780035958.137199,27.164
1780035958.1430132,27.163
1780035958.1487532,27.161
1780035958.154652,27.161
1780035958.1599424,27.161
1780035958.1652477,27.161
1780035958.1704395,27.161
1780035958.1760244,27.162
1780035958.1812685,27.161
1780035958.1868622,27.16
1780035958.1922603,27.159
1780035958.1976602,27.158
1780035958.2030506,27.158
1780035958.208478,27.158
1780035958.2138987,27.155
1780035958.2193491,27.158
1780035958.2246907,27.157
1780035958.2300875,27.157
1780035958.2355137,27.156
1780035958.2408776,27.155
1780035958.2462604,27.154
1780035958.25165,27.154
1780035958.2568555,27.154
1780035958.2624276,27.153
1780035958.2676032,27.153
1780035958.2732413,27.152
1780035958.2787235,27.152
1780035958.2848353,27.151
1780035958.2901502,27.15
1780035958.2955134,27.149
1780035958.3009841,27.149
1780035958.3063302,27.148
1780035958.3116753,27.148
1780035958.317028,27.147
1780035958.322466,27.147
1780035958.3279076,27.146
1780035958.3335614,27.145
1780035958.3394465,27.144
1780035958.3446908,27.144
1780035958.3500497,27.144
1780035958.3552508,27.142
1780035958.3608146,27.148
1780035958.3660097,27.15
1780035958.371657,27.152
1780035958.3771446,27.153
1780035958.382877,27.154
1780035958.3887973,27.156
1780035958.394561,27.158
1780035958.3999262,27.161
1780035958.40535,27.161
1780035958.4106934,27.16
1780035958.4161084,27.159
1780035958.4215133,27.158
1780035958.4271429,27.157
1780035958.4330578,27.157
1780035958.4383063,27.156
1780035958.4436395,27.156
1780035958.4488394,27.154
1780035958.4544683,27.158
1780035958.4598513,27.158
1780035958.465239,27.157
1780035958.4704385,27.157
1780035958.4760427,27.156
1780035958.4816124,27.155
1780035958.4870856,27.154
1780035958.4928887,27.154
1780035958.4983268,27.154
1780035958.5036223,27.154
1780035958.5088341,27.153
1780035958.5144422,27.152
1780035958.5200064,27.151
1780035958.525768,27.149
1780035958.531186,27.147
1780035958.536777,27.148
1780035958.5420556,27.146
1780035958.5472386,27.147
1780035958.5528893,27.148
1780035958.558327,27.147
1780035958.5636623,27.147
1780035958.569062,27.146
1780035958.5747292,27.145
1780035958.5806408,27.145
1780035958.5859027,27.145
1780035958.5912433,27.145
1780035958.5964432,27.145
1780035958.60207,27.145
1780035958.6074617,27.144
1780035958.6128573,27.144
1780035958.6184287,27.143
1780035958.623974,27.141
1780035958.6297808,27.141
1780035958.635101,27.141
1780035958.6404538,27.14
1780035958.6456316,27.139
1780035958.6513374,27.139
1780035958.6567194,27.138
1780035958.662076,27.137
1780035958.6674647,27.136
1780035958.6728518,27.136
1780035958.6780956,27.136
1780035958.6836343,27.133
1780035958.688778,27.134
1780035958.6945052,27.134
1780035958.6999292,27.133
1780035958.7053049,27.132
1780035958.71072,27.131
1780035958.7163658,27.13
1780035958.7222695,27.131
1780035958.727496,27.131
1780035958.732903,27.129
1780035958.738254,27.129
1780035958.7439404,27.128
1780035958.749828,27.128
1780035958.7551055,27.126
1780035958.7604725,27.126
1780035958.7658565,27.125
1780035958.7712753,27.125
1780035958.776712,27.123
1780035958.7821336,27.125
1780035958.7875018,27.124
1780035958.7928963,27.123
1780035958.7983367,27.123
1780035958.8039014,27.122
1780035958.8098621,27.121
1780035958.8150988,27.121
1780035958.8204942,27.121
1780035958.8259149,27.12
1780035958.831397,27.122
1780035958.8367014,27.122
1780035958.8420694,27.121
1780035958.8474953,27.12
1780035958.8528876,27.12
1780035958.858308,27.119
1780035958.8636763,27.119
1780035958.8690605,27.12
1780035958.8744855,27.118
1780035958.8798525,27.118
1780035958.8853297,27.117
1780035958.8907142,27.116
1780035958.8960724,27.115
1780035958.9014554,27.115
1780035958.9068763,27.115
1780035958.9123082,27.115
1780035958.9176362,27.114
1780035958.922817,27.113
1780035958.9284837,27.114
1780035958.933907,27.113
1780035958.939314,27.113
1780035958.9447849,27.112
1780035958.9504085,27.111
1780035958.9560728,27.111
1780035958.9614666,27.112
1780035958.9668431,27.11
1780035958.972021,27.11
1780035958.9776504,27.11
1780035958.982852,27.11
1780035958.9887283,27.109
1780035958.9946318,27.108
1780035958.9999094,27.108
1780035959.00537,27.108
1780035959.0107262,27.108
1780035959.0160596,27.108
1780035959.0212414,27.108
1780035959.0268686,27.107
1780035959.0320625,27.107
1780035959.0376956,27.106
1780035959.0431232,27.105
1780035959.0484722,27.105
1780035959.0538645,27.105
1780035959.0592422,27.102
1780035959.0643942,27.103
1780035959.0700393,27.103
1780035959.075504,27.102
1780035959.0812733,27.1
1780035959.0870917,27.1
1780035959.092596,27.099
1780035959.0980444,27.099
1780035959.1037247,27.1
1780035959.1091182,27.101
1780035959.114451,27.103
1780035959.1196976,27.103
1780035959.1253486,27.103
1780035959.1310236,27.102
1780035959.1373122,27.101
1780035959.1428258,27.1
1780035959.1482704,27.101
1780035959.1535642,27.101
1780035959.159034,27.103
1780035959.16437,27.103
1780035959.170086,27.103
1780035959.1760893,27.102
1780035959.1820116,27.101
1780035959.187706,27.101
1780035959.1931267,27.101
1780035959.1984494,27.102
1780035959.2036657,27.102
1780035959.2094264,27.104
1780035959.2150152,27.103
1780035959.220828,27.103
1780035959.226066,27.102
1780035959.2316153,27.101
1780035959.237106,27.1
1780035959.2429593,27.101
1780035959.2483256,27.1
1780035959.2538407,27.103
1780035959.2591646,27.102
1780035959.2647614,27.102
1780035959.2706618,27.101
1780035959.27591,27.101
1780035959.2813277,27.1
1780035959.2867582,27.101
1780035959.2921052,27.101
1780035959.2975585,27.101
1780035959.3029184,27.102
1780035959.3083608,27.102
1780035959.3137212,27.102
1780035959.31945,27.101
1780035959.3256886,27.1
1780035959.3311992,27.1
1780035959.336526,27.1
1780035959.3419523,27.101
1780035959.3474214,27.103
1780035959.352754,27.103
1780035959.3581126,27.103
1780035959.3638132,27.102
1780035959.3695943,27.101
1780035959.3749328,27.101
1780035959.3803103,27.101
1780035959.3857033,27.102
1780035959.3911526,27.101
1780035959.3965192,27.103
1780035959.4019296,27.103
1780035959.4073193,27.102
1780035959.412743,27.102
1780035959.418127,27.101
1780035959.4235654,27.101
1780035959.4289112,27.101
1780035959.4343433,27.099
1780035959.4397378,27.103
1780035959.445102,27.103
1780035959.4504857,27.103
1780035959.4565542,27.102
1780035959.4622679,27.1
1780035959.4677784,27.098
1780035959.4731722,27.098
1780035959.4784942,27.099
1780035959.4841294,27.101
1780035959.4895513,27.101
1780035959.49498,27.102
1780035959.5003526,27.101
1780035959.5057244,27.101
1780035959.511482,27.1
1780035959.5172002,27.099
1780035959.5225284,27.099
1780035959.5279288,27.098
1780035959.53333,27.102
1780035959.5387638,27.103
1780035959.5444026,27.103
1780035959.550306,27.102
1780035959.5558217,27.101
1780035959.561318,27.099
1780035959.566789,27.099
1780035959.5720966,27.1
1780035959.5777006,27.1
1780035959.5830662,27.1
1780035959.588508,27.1
1780035959.5939236,27.099
1780035959.5995948,27.099
1780035959.6054866,27.098
1780035959.6107166,27.098
1780035959.6160593,27.098
1780035959.6212554,27.096
1780035959.6269143,27.099
1780035959.6323159,27.099
1780035959.6376667,27.099
1780035959.6430736,27.098
1780035959.6484883,27.097
1780035959.6539195,27.097
1780035959.6593132,27.097
1780035959.6647134,27.097
1780035959.6700554,27.096
1780035959.675237,27.096
1780035959.6809058,27.096
1780035959.6863382,27.095
1780035959.6919694,27.095
1780035959.6978614,27.094
1780035959.7031174,27.094
1780035959.7085867,27.094
1780035959.7139342,27.093
1780035959.7193122,27.093
1780035959.7246664,27.092
1780035959.7300494,27.092
1780035959.7352455,27.091
1780035959.7409,27.091
1780035959.746635,27.09
1780035959.7524207,27.09
1780035959.7576568,27.09
1780035959.7628515,27.089
1780035959.7685986,27.091
1780035959.773915,27.091
1780035959.7793381,27.09
1780035959.78508,27.09
1780035959.790758,27.088
1780035959.7961342,27.086
1780035959.8015845,27.086
1780035959.80692,27.087
1780035959.8123152,27.089
1780035959.8176677,27.09
1780035959.8228722,27.09
1780035959.8284757,27.089
1780035959.8337212,27.089
1780035959.8393269,27.088
1780035959.8447115,27.088
1780035959.8500547,27.089
1780035959.8552568,27.086
1780035959.860922,27.088
1780035959.866311,27.088
1780035959.8716922,27.088
1780035959.8770678,27.087
1780035959.8824902,27.087
1780035959.887924,27.086
1780035959.893319,27.086
1780035959.8987172,27.086
1780035959.904054,27.084
1780035959.9092386,27.086
1780035959.9148738,27.086
1780035959.9204016,27.086
1780035959.9259338,27.084
1780035959.9318864,27.084
1780035959.9376922,27.083
1780035959.9431007,27.084
1780035959.948471,27.084
1780035959.9536495,27.084
1780035959.9592583,27.086
1780035959.9645321,27.085
1780035959.9704237,27.085
1780035959.9763808,27.084
1780035959.9822998,27.084
1780035959.98752,27.083
1780035959.9929183,27.084
1780035959.9983332,27.083
1780035960.0038068,27.086
1780035960.0091195,27.085
1780035960.0144863,27.085
1780035960.0198703,27.084
1780035960.0252962,27.084
1780035960.030674,27.083
1780035960.0361278,27.083
1780035960.0415328,27.084
1780035960.046892,27.082
1780035960.0520673,27.082
1780035960.057732,27.082
1780035960.0631423,27.081
1780035960.0687673,27.08
1780035960.0746784,27.08
1780035960.079916,27.08
1780035960.0852616,27.081
1780035960.090467,27.078
1780035960.0961552,27.082
1780035960.101514,27.081
1780035960.1068804,27.081
1780035960.1120765,27.08
1780035960.117667,27.08
1780035960.1232512,27.079
1780035960.1287773,27.079
1780035960.1345456,27.08
1780035960.1399257,27.079
1780035960.1453025,27.08
1780035960.1507225,27.08
1780035960.1561012,27.08
1780035960.1621814,27.079
1780035960.1682014,27.078
1780035960.1735277,27.078
1780035960.1789129,27.079
1780035960.1843412,27.076
1780035960.1897585,27.079
1780035960.1951165,27.079
1780035960.2005672,27.079
1780035960.2059433,27.078
1780035960.211323,27.077
1780035960.2173839,27.076
1780035960.2228758,27.076
1780035960.2283294,27.077
1780035960.234086,27.077
1780035960.239284,27.077
1780035960.2449477,27.077
1780035960.2503412,27.076
1780035960.2559886,27.075
1780035960.261894,27.075
1780035960.2671208,27.075
1780035960.272459,27.076
1780035960.2776737,27.074
1780035960.28336,27.075
1780035960.2887251,27.075
1780035960.2940953,27.075
1780035960.299486,27.074
1780035960.3049386,27.074
1780035960.3106287,27.073
1780035960.3164084,27.073
1780035960.3216786,27.073
1780035960.3268793,27.073
1780035960.3326104,27.075
1780035960.3379207,27.075
1780035960.343303,27.075
1780035960.3486836,27.074
1780035960.3540719,27.074
1780035960.3592844,27.073
1780035960.3648827,27.074
1780035960.3701239,27.074
1780035960.375725,27.072
1780035960.3810878,27.072
1780035960.3865323,27.072
1780035960.3919468,27.072
1780035960.3975925,27.071
1780035960.4034967,27.071
1780035960.4087298,27.07
1780035960.4140904,27.071
1780035960.4194794,27.068
1780035960.4249618,27.072
1780035960.4303224,27.072
1780035960.435696,27.072
1780035960.4411747,27.071
1780035960.4469028,27.07
1780035960.4528272,27.069
1780035960.4585354,27.07
1780035960.4639504,27.07
1780035960.4693139,27.069
1780035960.474504,27.069
1780035960.4801278,27.069
1780035960.4855351,27.069
1780035960.491185,27.068
1780035960.4970777,27.068
1780035960.5023265,27.068
1780035960.5076718,27.068
1780035960.512885,27.066
1780035960.5185916,27.069
1780035960.5239224,27.069
1780035960.5292907,27.068
1780035960.5344908,27.068
1780035960.5400848,27.067
1780035960.5453436,27.067
1780035960.5508995,27.067
1780035960.5563054,27.068
1780035960.5616581,27.066
1780035960.5668762,27.068
1780035960.5724838,27.068
1780035960.5777667,27.067
1780035960.583498,27.066
1780035960.5894,27.066
1780035960.594732,27.066
1780035960.6001556,27.066
1780035960.6055396,27.067
1780035960.6109364,27.066
1780035960.6163108,27.066
1780035960.6216626,27.066
1780035960.6268337,27.065
1780035960.6324954,27.065
1780035960.6379392,27.064
1780035960.643349,27.064
1780035960.6487832,27.065
1780035960.6540864,27.064
1780035960.659293,27.066
1780035960.6648781,27.067
1780035960.6703105,27.067
1780035960.6756918,27.067
1780035960.681007,27.066
1780035960.6868594,27.066
1780035960.692801,27.066
1780035960.698511,27.067
1780035960.7039402,27.068
1780035960.7093394,27.07
1780035960.714765,27.07
1780035960.720106,27.07
1780035960.7261918,27.069
1780035960.7322469,27.069
1780035960.73755,27.069
1780035960.7429132,27.069
1780035960.7483447,27.067
1780035960.7537177,27.071
1780035960.7590966,27.072
1780035960.7645361,27.072
1780035960.7699854,27.072
1780035960.775317,27.071
1780035960.781388,27.071
1780035960.7868571,27.07
1780035960.792144,27.071
1780035960.797536,27.071
1780035960.8028665,27.071
1780035960.80842,27.071
1780035960.8141253,27.069
1780035960.8200297,27.069
1780035960.8257103,27.068
1780035960.831102,27.068
1780035960.8364751,27.069
1780035960.8416734,27.067
1780035960.847332,27.07
1780035960.852709,27.07
1780035960.8583763,27.07
1780035960.864335,27.069
1780035960.869567,27.069
1780035960.8749375,27.069
1780035960.8803582,27.069
1780035960.8857188,27.07
1780035960.8911412,27.068
1780035960.8964722,27.07
1780035960.9017618,27.069
1780035960.9074132,27.069
1780035960.91335,27.068
1780035960.9190085,27.067
1780035960.924418,27.066
1780035960.9301617,27.067
1780035960.9355502,27.066
1780035960.9408402,27.069
1780035960.946047,27.068
1780035960.9517212,27.068
1780035960.957152,27.068
1780035960.9624906,27.068
1780035960.967988,27.068
1780035960.9735258,27.067
1780035960.9793518,27.068
1780035960.9847305,27.067
1780035960.9902232,27.07
1780035960.995575,27.069
1780035961.0009081,27.069
1780035961.0066075,27.069
1780035961.0124521,27.067
1780035961.0179312,27.065
1780035961.0237312,27.066
1780035961.0291255,27.064
1780035961.0345871,27.066
1780035961.0399246,27.066
1780035961.045315,27.066
1780035961.050695,27.066
1780035961.0561106,27.065
1780035961.0616453,27.064
1780035961.0671372,27.063
1780035961.0729473,27.064
1780035961.0783577,27.061
1780035961.0838206,27.064
1780035961.0891337,27.064
1780035961.0944917,27.064
1780035961.0999923,27.063
1780035961.106047,27.062
1780035961.1113229,27.062
1780035961.1167502,27.063
1780035961.1220846,27.064
1780035961.1275187,27.062
1780035961.1328561,27.064
1780035961.1380298,27.064
1780035961.143715,27.064
1780035961.1488917,27.063
1780035961.1544826,27.063
1780035961.159725,27.063
1780035961.1653092,27.063
1780035961.1707044,27.061
1780035961.176199,27.064
1780035961.1815357,27.064
1780035961.1868875,27.064
1780035961.1920848,27.063
1780035961.1977081,27.062
1780035961.2031388,27.062
1780035961.208505,27.062
1780035961.2139456,27.063
1780035961.219329,27.061
1780035961.2246928,27.061
1780035961.2300901,27.061
1780035961.2353115,27.061
1780035961.2411773,27.06
1780035961.2470882,27.06
1780035961.252346,27.06
1780035961.2578294,27.06
1780035961.26316,27.061
1780035961.2686167,27.061
1780035961.2739966,27.06
1780035961.2794454,27.06
1780035961.2850583,27.06
1780035961.2907896,27.057
1780035961.296365,27.056
1780035961.3017604,27.056
1780035961.307236,27.056
1780035961.3129144,27.059
1780035961.3181067,27.061
1780035961.3237288,27.061
1780035961.3291078,27.061
1780035961.334535,27.061
1780035961.3399599,27.061
1780035961.3455634,27.061
1780035961.3514562,27.061
1780035961.3567426,27.062
1780035961.3621209,27.062
1780035961.367539,27.064
1780035961.373172,27.063
1780035961.3790889,27.063
1780035961.3843427,27.063
1780035961.3897715,27.062
1780035961.3951905,27.062
1780035961.4005315,27.062
1780035961.405988,27.06
1780035961.4113755,27.064
1780035961.416786,27.064
1780035961.4221568,27.063
1780035961.427839,27.062
1780035961.4336379,27.062
1780035961.438907,27.061
1780035961.4441504,27.062
1780035961.4497325,27.062
1780035961.455201,27.061
1780035961.460549,27.063
1780035961.465959,27.063
1780035961.4713135,27.062
1780035961.4767516,27.062
1780035961.482176,27.061
1780035961.4876008,27.061
1780035961.492986,27.061
1780035961.498346,27.062
1780035961.5037084,27.062
1780035961.508888,27.062
1780035961.5145438,27.061
1780035961.5199757,27.061
1780035961.525339,27.061
1780035961.5307212,27.06
1780035961.5360978,27.06
1780035961.5413435,27.061
1780035961.5468926,27.059
1780035961.5520515,27.06
1780035961.5577152,27.06
1780035961.5631495,27.06
1780035961.5685399,27.06
1780035961.573936,27.059
1780035961.579611,27.059
1780035961.5855255,27.059
1780035961.5907888,27.06
1780035961.5961318,27.06
1780035961.6014996,27.061
1780035961.6071985,27.061
1780035961.613112,27.06
1780035961.6183574,27.06
1780035961.6237178,27.059
1780035961.6291084,27.059
1780035961.6346002,27.06
1780035961.6399662,27.06
1780035961.6453235,27.058
1780035961.6505032,27.058
1780035961.656162,27.058
1780035961.661565,27.058
1780035961.6672554,27.057
1780035961.6731067,27.057
1780035961.6783419,27.057
1780035961.6836932,27.057
1780035961.6888912,27.055
1780035961.6944573,27.059
1780035961.6996593,27.059
1780035961.7053072,27.059
1780035961.7105055,27.058
1780035961.7160988,27.058
1780035961.721657,27.057
1780035961.7271376,27.057
1780035961.7329237,27.058
1780035961.7383177,27.058
1780035961.7436724,27.06
1780035961.7488818,27.06
1780035961.7544947,27.06
1780035961.760009,27.059
1780035961.7660468,27.059
1780035961.7713783,27.058
1780035961.776788,27.059
1780035961.7821035,27.059
1780035961.7872925,27.059
1780035961.7929213,27.059
1780035961.7983522,27.059
1780035961.8037376,27.059
1780035961.809434,27.058
1780035961.815747,27.058
1780035961.8212454,27.058
1780035961.826558,27.058
1780035961.8319592,27.058
1780035961.8373,27.059
1780035961.8425488,27.059
1780035961.8481333,27.059
1780035961.8535547,27.059
1780035961.8589144,27.058
1780035961.8643088,27.058
1780035961.8698237,27.058
1780035961.87517,27.059
1780035961.8806567,27.059
1780035961.886266,27.058
1780035961.8926635,27.058
1780035961.898585,27.057
1780035961.9039521,27.057
1780035961.9094114,27.057
1780035961.914769,27.057
1780035961.9202392,27.057
1780035961.9255621,27.056
1780035961.9310327,27.058
1780035961.9363503,27.058
1780035961.94172,27.058
1780035961.9479263,27.057
1780035961.9538362,27.057
1780035961.9591537,27.056
1780035961.9646251,27.057
1780035961.9699736,27.057
1780035961.9753244,27.056
1780035961.9805052,27.056
1780035961.9861186,27.055
1780035961.9916751,27.055
1780035961.9974725,27.054
1780035962.003182,27.052
1780035962.0090752,27.052
1780035962.0143588,27.053
1780035962.0196662,27.053
1780035962.0248487,27.056
1780035962.0304906,27.056
1780035962.0357053,27.055
1780035962.0413468,27.055
1780035962.0467417,27.054
1780035962.0521326,27.054
1780035962.0576053,27.055
1780035962.0629334,27.055
1780035962.0683627,27.055
1780035962.0736902,27.057
1780035962.078893,27.057
1780035962.084499,27.057
1780035962.0900426,27.056
1780035962.0957932,27.054
1780035962.1012735,27.053
1780035962.1068323,27.054
1780035962.1121066,27.053
1780035962.1172729,27.054
1780035962.1229434,27.055
1780035962.1283355,27.055
1780035962.133705,27.054
1780035962.1389046,27.054
1780035962.144793,27.053
1780035962.1506982,27.054
1780035962.1559563,27.055
1780035962.1613052,27.055
1780035962.1664846,27.056
1780035962.1723952,27.055
1780035962.1783376,27.055
1780035962.1835558,27.054
1780035962.1889164,27.054
1780035962.1941144,27.054
1780035962.1998062,27.054
1780035962.205172,27.054
1780035962.2106006,27.053
1780035962.216014,27.055
1780035962.2214608,27.055
1780035962.2269256,27.053
1780035962.2327306,27.052
1780035962.2382789,27.05
1780035962.2441869,27.05
1780035962.2495909,27.051
1780035962.2549865,27.051
1780035962.2603464,27.054
1780035962.2657096,27.054
1780035962.271078,27.054
1780035962.2768416,27.052
1780035962.2827537,27.052
1780035962.287988,27.051
1780035962.2933934,27.052
1780035962.2988036,27.053
1780035962.3041375,27.052
1780035962.3095083,27.052
1780035962.3149097,27.052
1780035962.3201108,27.052
1780035962.3257577,27.051
1780035962.3311734,27.051
1780035962.3365414,27.051
1780035962.3419702,27.051
1780035962.3473341,27.051
1780035962.3527043,27.05
1780035962.3581393,27.051
1780035962.3635633,27.05
1780035962.3689446,27.05
1780035962.37434,27.05
1780035962.3797524,27.05
1780035962.3851438,27.049
1780035962.3904884,27.05
1780035962.395683,27.048
1780035962.4014292,27.051
1780035962.4067416,27.051
1780035962.4121385,27.051
1780035962.4176168,27.05
1780035962.4229345,27.05
1780035962.4286206,27.049
1780035962.4341087,27.049
1780035962.439765,27.05
1780035962.4451668,27.05
1780035962.4505107,27.052
1780035962.4560053,27.052
1780035962.4617765,27.051
1780035962.4674964,27.049
1780035962.4734046,27.049
1780035962.4787545,27.048
1780035962.4841287,27.049
1780035962.4895735,27.048
1780035962.4949389,27.052
1780035962.500324,27.053
1780035962.5057476,27.053
1780035962.5111685,27.052
1780035962.5165515,27.052
1780035962.522306,27.051
1780035962.5280342,27.051
1780035962.533323,27.052
1780035962.538713,27.053
1780035962.544088,27.055
1780035962.5495129,27.054
1780035962.5552616,27.053
1780035962.5610769,27.052
1780035962.5663579,27.052
1780035962.5717337,27.052
1780035962.5771585,27.052
1780035962.58251,27.053
1780035962.5877163,27.051
1780035962.5933409,27.053
1780035962.5987241,27.053
1780035962.6041098,27.052
1780035962.6093764,27.052
1780035962.6152768,27.051
1780035962.6211913,27.052
1780035962.6269093,27.053
1780035962.6323507,27.054
1780035962.6378322,27.057
1780035962.6431942,27.056
1780035962.6485445,27.056
1780035962.6542785,27.056
1780035962.66002,27.055
1780035962.6653197,27.055
1780035962.670542,27.056
1780035962.6761186,27.056
1780035962.6813278,27.054
1780035962.6869118,27.056
1780035962.6924644,27.056
1780035962.698192,27.054
1780035962.7039824,27.052
1780035962.7098866,27.052
1780035962.7151585,27.052
1780035962.7205575,27.053
1780035962.7259696,27.052
1780035962.7312784,27.055
1780035962.7365305,27.055
1780035962.7421527,27.054
1780035962.7476966,27.054
1780035962.7532558,27.053
1780035962.7591743,27.052
1780035962.7650287,27.053
1780035962.7703855,27.054
1780035962.7757342,27.054
1780035962.7811632,27.055
1780035962.7866688,27.054
1780035962.792655,27.054
1780035962.7980099,27.053
1780035962.80333,27.053
1780035962.8087227,27.053
1780035962.8141341,27.054
1780035962.819575,27.051
1780035962.8250368,27.054
1780035962.8303585,27.054
1780035962.8357534,27.054
1780035962.8411846,27.053
1780035962.846521,27.053
1780035962.8520162,27.052
1780035962.8575428,27.052
1780035962.8633785,27.053
1780035962.8687577,27.052
1780035962.874247,27.055
1780035962.8796108,27.055
1780035962.884935,27.055
1780035962.8906174,27.054
1780035962.896366,27.052
1780035962.9018688,27.051
1780035962.9072707,27.051
1780035962.9125519,27.052
1780035962.9179568,27.052
1780035962.9233174,27.054
1780035962.928504,27.053
1780035962.9341218,27.053
1780035962.9396613,27.052
1780035962.945411,27.051
1780035962.9509223,27.051
1780035962.9564567,27.052
1780035962.961719,27.049
1780035962.9668694,27.05
1780035962.972545,27.05
1780035962.977944,27.05
1780035962.9833646,27.05
1780035962.9887815,27.049
1780035962.9944344,27.049
1780035963.0003471,27.049
1780035963.0056088,27.05
1780035963.0109432,27.04
1780035963.016106,27.047
1780035963.0217175,27.056
1780035963.0271995,27.066
1780035963.0327327,27.077
1780035963.038561,27.086
1780035963.043957,27.096
1780035963.0493355,27.105
1780035963.0547705,27.117
1780035963.060151,27.127
1780035963.0658925,27.139
1780035963.0716538,27.149
1780035963.077288,27.159
1780035963.0831237,27.168
1780035963.0883732,27.179
1780035963.0937555,27.188
1780035963.0991828,27.2
1780035963.1045601,27.209
1780035963.109996,27.22
1780035963.1153297,27.229
1780035963.1205468,27.254
1780035963.1260865,28.007
1780035963.1312835,28.006
1780035963.1369352,28.008
1780035963.1424994,28.007
1780035963.1482484,28.005
1780035963.1537292,28.003
1780035963.159501,28.001
1780035963.1649907,28.001
1780035963.1705868,28.001
1780035963.1759772,28.003
1780035963.181455,28.005
1780035963.1868112,28.004
1780035963.1921701,28.003
1780035963.1976275,28.002
1780035963.203256,28.001
1780035963.2091134,28.001
1780035963.2143764,28.001
1780035963.219736,28.001
1780035963.2251892,28.0
1780035963.2305875,28.0
1780035963.2366333,27.254
1780035963.242316,27.252
1780035963.247939,27.249
1780035963.253577,27.247
1780035963.2594638,27.247
1780035963.2648022,27.247
1780035963.2702732,27.249
1780035963.2763033,27.248
1780035963.2822323,27.248
1780035963.287609,27.247
1780035963.2929933,27.246
1780035963.2990823,27.244
1780035963.3050005,27.244
1780035963.310408,27.244
1780035963.3157387,27.243
1780035963.3214712,27.246
1780035963.3272545,27.245
1780035963.3325408,27.244
1780035963.337932,27.243
1780035963.3433564,27.242
1780035963.3488245,27.241
1780035963.3542597,27.242
1780035963.3595932,27.242
1780035963.365012,27.241
1780035963.3703752,27.24
1780035963.3758051,27.239
1780035963.381526,27.238
1780035963.3872592,27.237
1780035963.392545,27.236
1780035963.3979378,27.235
1780035963.4033518,27.236
1780035963.4088123,27.234
1780035963.4144337,27.237
1780035963.4203768,27.238
1780035963.4257016,27.236
1780035963.4314618,27.235
1780035963.4371345,27.233
1780035963.4429555,27.233
1780035963.4483907,27.233
1780035963.4537454,27.234
1780035963.4594545,27.235
1780035963.465258,27.235
1780035963.470524,27.234
1780035963.4760711,27.233
1780035963.481633,27.231
1780035963.4876945,27.231
1780035963.493588,27.231
1780035963.498844,27.231
1780035963.5041666,27.231
1780035963.509604,27.231
1780035963.5149968,27.23
1780035963.5211022,27.229
1780035963.5270393,27.228
1780035963.5324156,27.227
1780035963.5377882,27.227
1780035963.5432334,27.227
1780035963.548512,27.224
1780035963.553985,27.226
1780035963.5595367,27.224
1780035963.5654972,27.224
1780035963.5708163,27.223
1780035963.576179,27.222
1780035963.582267,27.221
1780035963.588309,27.221
1780035963.5936313,27.221
1780035963.5989814,27.221
1780035963.6044333,27.221
1780035963.6100595,27.221
1780035963.6159692,27.22
1780035963.621492,27.219
1780035963.6272364,27.218
1780035963.6326437,27.217
1780035963.6380885,27.217
1780035963.643382,27.216
1780035963.649535,27.218
1780035963.6555626,27.22
1780035963.661126,27.218
1780035963.667398,27.217
1780035963.6730523,27.216
1780035963.6784778,27.215
1780035963.6842432,27.215
1780035963.6895795,27.215
1780035963.6949387,27.219
1780035963.7001429,27.218
1780035963.7057867,27.218
1780035963.7111979,27.217
1780035963.7165506,27.217
1780035963.7219348,27.216
1780035963.7273476,27.216
1780035963.7327797,27.216
1780035963.7381473,27.215
1780035963.7433374,27.215
1780035963.7489243,27.215
1780035963.7541711,27.214
1780035963.7598479,27.214
1780035963.7651997,27.213
1780035963.770534,27.212
1780035963.7757816,27.212
1780035963.7813458,27.213
1780035963.7867384,27.211
1780035963.7921073,27.212
1780035963.7975001,27.211
1780035963.8032784,27.209
1780035963.809111,27.208
1780035963.8143766,27.208
1780035963.819734,27.207
1780035963.8249803,27.208
1780035963.8305242,27.205
1780035963.835718,27.207
1780035963.8413196,27.206
1780035963.8468034,27.205
1780035963.8525918,27.204
1780035963.8583314,27.202
1780035963.864266,27.201
1780035963.8696249,27.201
1780035963.8749304,27.202
1780035963.880129,27.202
1780035963.8857262,27.203
1780035963.891322,27.202
1780035963.897104,27.201
1780035963.9026177,27.199
1780035963.9082913,27.198
1780035963.9136972,27.198
1780035963.9194207,27.198
1780035963.9247913,27.199
1780035963.9302828,27.201
1780035963.9355776,27.201
1780035963.9409308,27.2
1780035963.9461749,27.2
1780035963.951761,27.199
1780035963.957165,27.199
1780035963.9625914,27.199
1780035963.9680364,27.199
1780035963.973341,27.198
1780035963.9785297,27.197
1780035963.984145,27.197
1780035963.989541,27.196
1780035963.9949105,27.196
1780035964.0000794,27.195
1780035964.0056918,27.195
1780035964.0108964,27.195
1780035964.016517,27.194
1780035964.021686,27.194
1780035964.0273426,27.194
1780035964.0325832,27.194
1780035964.0381498,27.193
1780035964.043566,27.192
1780035964.048948,27.192
1780035964.054346,27.192
1780035964.0597677,27.192
1780035964.0651941,27.19
1780035964.0706625,27.193
1780035964.075983,27.192
1780035964.0813422,27.192
1780035964.086586,27.191
1780035964.0921543,27.191
1780035964.097575,27.19
1780035964.1029308,27.191
1780035964.108135,27.191
1780035964.1137536,27.189
1780035964.1189244,27.189
1780035964.124834,27.188
1780035964.1307366,27.188
1780035964.1359859,27.187
1780035964.1413372,27.187
1780035964.146541,27.186
1780035964.1521652,27.187
1780035964.1575978,27.183
1780035964.163046,27.187
1780035964.1683772,27.186
1780035964.1737943,27.185
1780035964.179206,27.185
1780035964.1845684,27.184
1780035964.189974,27.183
1780035964.1953485,27.183
1780035964.200734,27.183
1780035964.2061324,27.181
1780035964.2113109,27.181
1780035964.2169378,27.181
1780035964.222137,27.18
1780035964.2277548,27.179
1780035964.2331412,27.178
1780035964.238555,27.178
1780035964.2439816,27.178
1780035964.2493427,27.178
1780035964.2545455,27.176
1780035964.260127,27.177
1780035964.2655008,27.176
1780035964.2712514,27.175
1780035964.2771273,27.174
1780035964.2823913,27.174
1780035964.287769,27.173
1780035964.293192,27.174
1780035964.298522,27.171
1780035964.3037107,27.172
1780035964.309417,27.172
1780035964.3148463,27.171
1780035964.3201945,27.171
1780035964.3256,27.17
1780035964.3312683,27.169
1780035964.3371246,27.169
1780035964.3423967,27.17
1780035964.3477294,27.169
1780035964.352903,27.168
1780035964.3585715,27.168
1780035964.3640022,27.167
1780035964.3693402,27.167
1780035964.374829,27.166
1780035964.3803208,27.165
1780035964.3861775,27.165
1780035964.3915827,27.162
1780035964.3970544,27.165
1780035964.4023793,27.164
1780035964.4080195,27.164
1780035964.4139469,27.163
1780035964.4191933,27.162
1780035964.4245877,27.162
1780035964.4300046,27.162
1780035964.4353724,27.163
1780035964.440798,27.162
1780035964.4462647,27.164
1780035964.451621,27.164
1780035964.4569514,27.163
1780035964.4626868,27.162
1780035964.4684644,27.162
1780035964.4737546,27.161
1780035964.4791582,27.161
1780035964.4845464,27.162
1780035964.4897275,27.161
1780035964.4953566,27.162
1780035964.5007463,27.161
1780035964.5061316,27.161
1780035964.5116901,27.16
1780035964.51742,27.158
1780035964.5228984,27.158
1780035964.5284746,27.158
1780035964.5337632,27.155
1780035964.538956,27.157
1780035964.5445461,27.156
1780035964.5501075,27.156
1780035964.5559087,27.154
1780035964.5616517,27.153
1780035964.5675719,27.153
1780035964.572833,27.153
1780035964.5781586,27.154
1780035964.5836713,27.154
1780035964.58923,27.154
1780035964.5953488,27.154
1780035964.6012392,27.154
1780035964.6064303,27.153
1780035964.6117475,27.153
1780035964.6169474,27.153
1780035964.62257,27.153
1780035964.627996,27.151
1780035964.6334784,27.153
1780035964.6387858,27.153
1780035964.6441696,27.152
1780035964.6495645,27.152
1780035964.65501,27.151
1780035964.6610198,27.15
1780035964.6665263,27.151
1780035964.6718347,27.151
1780035964.677205,27.15
1780035964.6825342,27.15
1780035964.6880183,27.149
1780035964.6937225,27.148
1780035964.699612,27.148
1780035964.704834,27.147
1780035964.710148,27.147
1780035964.715594,27.147
1780035964.72094,27.145
1780035964.726096,27.147
1780035964.7317648,27.147
1780035964.7371554,27.147
1780035964.7425666,27.146
1780035964.7479544,27.146
1780035964.7536306,27.145
1780035964.759525,27.145
1780035964.7647989,27.146
1780035964.7701437,27.146
1780035964.7753267,27.146
1780035964.781296,27.145
1780035964.7871337,27.145
1780035964.7923963,27.145
1780035964.7977438,27.144
1780035964.8029487,27.144
1780035964.80864,27.144
1780035964.814016,27.143
1780035964.819368,27.143
1780035964.8245466,27.142
1780035964.830184,27.142
1780035964.835615,27.141
1780035964.8412728,27.141
1780035964.8471446,27.14
1780035964.8523908,27.14
1780035964.8577385,27.14
1780035964.8629367,27.139
1780035964.868669,27.141
1780035964.8739858,27.14
1780035964.8793652,27.14
1780035964.8847582,27.14
1780035964.8901408,27.139
1780035964.8956823,27.138
1780035964.9011714,27.139
1780035964.9069629,27.139
1780035964.9123547,27.137
1780035964.9177122,27.139
1780035964.9231946,27.138
1780035964.9288962,27.136
1780035964.9347832,27.136
1780035964.9399972,27.135
1780035964.9453597,27.135
1780035964.950605,27.136
1780035964.956127,27.133
1780035964.9612825,27.136
1780035964.9669833,27.136
1780035964.9723659,27.135
1780035964.977754,27.135
1780035964.9830246,27.134
1780035964.9888704,27.134
1780035964.994775,27.134
1780035965.0000405,27.135
1780035965.0053744,27.135
1780035965.0107732,27.136
1780035965.0164745,27.135
1780035965.022374,27.135
1780035965.027592,27.135
1780035965.0329373,27.134
1780035965.0381148,27.134
1780035965.0438566,27.135
1780035965.049219,27.133
1780035965.0545805,27.133
1780035965.0597587,27.133
1780035965.0654142,27.133
1780035965.0708115,27.132
1780035965.0764606,27.132
1780035965.0823598,27.131
1780035965.0875936,27.131
1780035965.0929332,27.132
1780035965.098136,27.131
1780035965.1038802,27.133
1780035965.110072,27.133
1780035965.116005,27.132
1780035965.1215167,27.132
1780035965.1272523,27.13
1780035965.1326723,27.129
1780035965.1385815,27.129
1780035965.1439767,27.128
1780035965.1493018,27.13
1780035965.1545477,27.13
1780035965.1604545,27.129
1780035965.1663668,27.129
1780035965.1716,27.128
1780035965.1769626,27.128
1780035965.1823604,27.128
1780035965.1877768,27.129
1780035965.1932132,27.127
1780035965.1985672,27.128
1780035965.2039683,27.128
1780035965.2094166,27.128
1780035965.2151241,27.127
1780035965.2208898,27.126
1780035965.2261527,27.126
1780035965.2313907,27.126
1780035965.236975,27.127
1780035965.2421691,27.126
1780035965.2477455,27.127
1780035965.2533023,27.127
1780035965.2590234,27.126
1780035965.2647643,27.125
1780035965.270688,27.124
1780035965.276004,27.124
1780035965.281376,27.125
1780035965.2868087,27.125
1780035965.2922988,27.127
1780035965.2975976,27.127
1780035965.3029468,27.126
1780035965.3085086,27.126
1780035965.3141701,27.124
1780035965.319699,27.124
1780035965.3252542,27.124
1780035965.33052,27.125
1780035965.3357036,27.124
1780035965.3413265,27.125
1780035965.346566,27.124
1780035965.352213,27.124
1780035965.3576074,27.123
1780035965.3630114,27.123
1780035965.368395,27.123
1780035965.3737733,27.124
1780035965.3792095,27.121
1780035965.3846605,27.124
1780035965.3899956,27.124
1780035965.3953846,27.123
1780035965.4008198,27.123
1780035965.4061677,27.122
1780035965.4115713,27.122
1780035965.4169436,27.122
1780035965.4221227,27.123
1780035965.4277446,27.121
1780035965.4329748,27.121
1780035965.438559,27.121
1780035965.443762,27.12
1780035965.4493725,27.12
1780035965.4547613,27.12
1780035965.4601507,27.119
1780035965.4654033,27.12
1780035965.470977,27.12
1780035965.4763694,27.119
1780035965.4817593,27.12
1780035965.487003,27.119
1780035965.4925938,27.119
1780035965.4979908,27.119
1780035965.5033765,27.118
1780035965.5087676,27.118
1780035965.5141802,27.119
1780035965.5196204,27.116
1780035965.5250506,27.119
1780035965.5303965,27.119
1780035965.5358267,27.118
1780035965.5412183,27.118
1780035965.5465915,27.118
1780035965.5523908,27.117
1780035965.5580745,27.117
1780035965.5633945,27.118
1780035965.5688179,27.118
1780035965.5743,27.12
1780035965.5796428,27.12
1780035965.5849924,27.12
1780035965.5910625,27.119
1780035965.5970333,27.118
1780035965.6023953,27.118
1780035965.6077318,27.118
1780035965.6129375,27.116
1780035965.618633,27.118
1780035965.623978,27.118
1780035965.6294336,27.118
1780035965.6348188,27.117
1780035965.6404295,27.116
1780035965.6463675,27.116
1780035965.651605,27.116
1780035965.6569796,27.117
1780035965.662415,27.116
1780035965.667901,27.119
1780035965.673204,27.118
1780035965.678565,27.118
1780035965.6837678,27.118
1780035965.689351,27.117
1780035965.6947286,27.116
1780035965.7002275,27.116
1780035965.7056859,27.118
1780035965.7109492,27.115
1780035965.7161183,27.115
1780035965.7217689,27.115
1780035965.7269628,27.114
1780035965.7326186,27.114
1780035965.7380216,27.113
1780035965.7434042,27.113
1780035965.7488325,27.114
1780035965.7541525,27.114
1780035965.759346,27.112
1780035965.7649808,27.113
1780035965.7704136,27.113
1780035965.7757914,27.112
1780035965.7811878,27.112
1780035965.7865682,27.111
1780035965.7917676,27.111
1780035965.79739,27.112
1780035965.8028135,27.11
1780035965.8082821,27.112
1780035965.8135993,27.112
1780035965.818981,27.112
1780035965.8244147,27.111
1780035965.8298078,27.111
1780035965.8354971,27.11
1780035965.8409839,27.111
1780035965.8465917,27.111
1780035965.8520203,27.111
1780035965.8573475,27.113
1780035965.8625557,27.112
1780035965.8681817,27.112
1780035965.873896,27.112
1780035965.8797104,27.111
1780035965.8849728,27.111
1780035965.8903751,27.111
1780035965.8957272,27.109
1780035965.9008791,27.111
1780035965.9066033,27.112
1780035965.911988,27.112
1780035965.9173625,27.111
1780035965.9225667,27.111
1780035965.9282253,27.111
1780035965.9336324,27.111
1780035965.9390144,27.111
1780035965.9444225,27.11
1780035965.9498887,27.112
1780035965.9552064,27.111
1780035965.960566,27.111
1780035965.9661126,27.111
1780035965.9718478,27.109
1780035965.9773374,27.109
1780035965.9828722,27.109
1780035965.9881356,27.11
1780035965.9935298,27.109
1780035965.9989583,27.111
1780035966.0045142,27.11
1780035966.0100563,27.109
1780035966.0160987,27.109
1780035966.021992,27.109
1780035966.0272074,27.109
1780035966.0326192,27.109
1780035966.0380566,27.108
1780035966.043553,27.11
1780035966.0494444,27.11
1780035966.0554125,27.109
1780035966.0611107,27.108
1780035966.066856,27.106
1780035966.0722597,27.105
1780035966.077701,27.106
1780035966.0829895,27.108
1780035966.0884252,27.109
1780035966.0940702,27.111
1780035966.0999432,27.111
1780035966.1052172,27.11
1780035966.11056,27.11
1780035966.1161323,27.109
1780035966.1216588,27.109
1780035966.1274424,27.11
1780035966.1328228,27.11
1780035966.1383615,27.112
1780035966.1436667,27.112
1780035966.1492708,27.111
1780035966.1551712,27.111
1780035966.160416,27.111
1780035966.1658034,27.11
1780035966.1712713,27.111
1780035966.1765993,27.112
1780035966.1820588,27.11
1780035966.1873841,27.111
1780035966.1927855,27.111
1780035966.1982331,27.111
1780035966.2039316,27.11
1780035966.2097669,27.11
1780035966.2150404,27.11
1780035966.220416,27.11
1780035966.2257845,27.108
1780035966.2311864,27.112
1780035966.236613,27.112
1780035966.2420347,27.112
1780035966.2473772,27.111
1780035966.252584,27.111
1780035966.2582343,27.111
1780035966.263673,27.111
1780035966.2690368,27.112
1780035966.2744303,27.11
1780035966.2798386,27.112
1780035966.2852683,27.112
1780035966.2908897,27.111
1780035966.2967849,27.111
1780035966.302019,27.11
1780035966.3073769,27.11
1780035966.3128095,27.111
1780035966.318239,27.111
1780035966.323911,27.109
1780035966.3303766,27.11
1780035966.3362987,27.11
1780035966.341665,27.109
1780035966.3470323,27.109
1780035966.35312,27.108
1780035966.3591495,27.109
1780035966.364476,27.11
1780035966.369937,27.111
1780035966.375526,27.11
1780035966.3813426,27.11
1780035966.386581,27.11
1780035966.3921244,27.109
1780035966.3978496,27.108
1780035966.4033976,27.108
1780035966.4089088,27.109
1780035966.414207,27.108
1780035966.4199045,27.11
1780035966.425721,27.109
1780035966.430977,27.109
1780035966.4365437,27.108
1780035966.442358,27.106
1780035966.4478636,27.104
1780035966.4533079,27.105
1780035966.4586165,27.106
1780035966.464067,27.107
1780035966.4694247,27.108
1780035966.4755013,27.107
1780035966.4815466,27.107
1780035966.4868782,27.106
1780035966.4922373,27.106
1780035966.4976704,27.106
1780035966.5029993,27.107
1780035966.5084333,27.107
1780035966.5139494,27.109
1780035966.519272,27.109
1780035966.5248795,27.108
1780035966.530785,27.108
1780035966.536023,27.108
1780035966.5413768,27.108
1780035966.5466301,27.108
1780035966.5522225,27.109
1780035966.5576684,27.11
1780035966.5629835,27.111
1780035966.568388,27.11
1780035966.5738392,27.11
1780035966.5795581,27.11
1780035966.5858214,27.109
1780035966.5913818,27.109
1780035966.596846,27.11
1780035966.602646,27.11
1780035966.6080234,27.111
1780035966.6134162,27.111
1780035966.6188805,27.111
1780035966.6245077,27.11
1780035966.6304007,27.11
1780035966.6356635,27.11
1780035966.6411154,27.11
1780035966.6464393,27.109
1780035966.6521406,27.11
1780035966.6581886,27.113
1780035966.6640735,27.112
1780035966.6700146,27.112
1780035966.6755068,27.112
1780035966.681179,27.11
1780035966.6866012,27.11
1780035966.6920764,27.111
1780035966.6973908,27.111
1780035966.703581,27.112
1780035966.70956,27.112
1780035966.7148733,27.111
1780035966.7202468,27.111
1780035966.7263296,27.11
1780035966.7323704,27.111
1780035966.73768,27.112
1780035966.7429636,27.111
1780035966.7485197,27.111
1780035966.7542615,27.11
1780035966.759902,27.109
1780035966.7659426,27.108
1780035966.7712843,27.108
1780035966.7766352,27.107
1780035966.7820811,27.108
1780035966.7874024,27.109
1780035966.7928212,27.109
1780035966.7981925,27.11
1780035966.803657,27.11
1780035966.8093076,27.11
1780035966.8152466,27.11
1780035966.820756,27.109
1780035966.8262491,27.109
1780035966.8318484,27.11
1780035966.837261,27.11
1780035966.8427417,27.112
1780035966.8480725,27.112
1780035966.8534527,27.112
1780035966.8591294,27.112
1780035966.8649309,27.112
1780035966.8701882,27.111
1780035966.8755846,27.112
1780035966.881001,27.113
1780035966.8864558,27.112
1780035966.891825,27.114
1780035966.8972461,27.114
1780035966.9026077,27.114
1780035966.9080298,27.113
1780035966.9134512,27.113
1780035966.9188762,27.113
1780035966.9242256,27.114
1780035966.9296424,27.111
1780035966.9351625,27.115
1780035966.9404879,27.115
1780035966.946087,27.115
1780035966.95201,27.115
1780035966.9572334,27.115
1780035966.9626389,27.114
1780035966.9680793,27.115
1780035966.9734333,27.116
1780035966.978888,27.116
1780035966.9841998,27.117
1780035966.9896111,27.117
1780035966.9950125,27.117
1780035967.0007403,27.117
1780035967.0070288,27.116
1780035967.0125794,27.116
1780035967.018062,27.117
1780035967.0237966,27.116
1780035967.0292017,27.12
1780035967.0346503,27.121
1780035967.0400786,27.121
1780035967.0454,27.121
1780035967.0515175,27.12
1780035967.0575619,27.12
1780035967.0628839,27.12
1780035967.0682259,27.121
1780035967.0736701,27.121
1780035967.078998,27.123
1780035967.0843883,27.123
1780035967.0898001,27.123
1780035967.0952342,27.123
1780035967.1009152,27.122
1780035967.1068425,27.122
1780035967.1121094,27.123
1780035967.1174197,27.121
1780035967.1228626,27.124
1780035967.1282465,27.123
1780035967.1336818,27.123
1780035967.139001,27.123
1780035967.1443954,27.123
1780035967.149828,27.122
1780035967.155283,27.123
1780035967.1606297,27.123
1780035967.1660507,27.123
1780035967.1713889,27.125
1780035967.1766374,27.125
1780035967.1822429,27.124
1780035967.1879494,27.124
1780035967.1942592,27.123
1780035967.1998873,27.123
1780035967.2053757,27.124
1780035967.2109902,27.123
1780035967.216435,27.127
1780035967.22182,27.127
1780035967.2272532,27.127
1780035967.2326522,27.127
1780035967.2383454,27.127
1780035967.2441537,27.126
1780035967.2496345,27.126
1780035967.255385,27.127
1780035967.2606168,27.128
1780035967.2662256,27.129
1780035967.2716897,27.129
1780035967.277291,27.129
1780035967.2831843,27.129
1780035967.2884312,27.128
1780035967.2938187,27.128
1780035967.2992866,27.129
1780035967.3046014,27.126
1780035967.3100429,27.13
1780035967.315414,27.13
1780035967.3208175,27.13
1780035967.3262281,27.13
1780035967.3319392,27.129
1780035967.3377235,27.129
1780035967.3430061,27.129
1780035967.3483932,27.13
1780035967.3538482,27.13
1780035967.3592908,27.131
1780035967.3646717,27.131
1780035967.370056,27.131
1780035967.3753867,27.131
1780035967.38093,27.13
1780035967.386451,27.129
1780035967.3922665,27.13
1780035967.3976479,27.127
1780035967.403151,27.131
1780035967.4084926,27.131
1780035967.413844,27.13
1780035967.4198983,27.13
1780035967.4256058,27.129
1780035967.4312515,27.127
1780035967.4367073,27.127
1780035967.442091,27.128
1780035967.4474432,27.129
1780035967.4528902,27.13
1780035967.458264,27.13
1780035967.4636488,27.13
1780035967.4690018,27.13
1780035967.4744291,27.13
1780035967.4798455,27.13
1780035967.4852917,27.131
1780035967.4906316,27.132
1780035967.4960535,27.129
1780035967.5014408,27.13
1780035967.506892,27.13
1780035967.5124903,27.13
1780035967.5183926,27.13
1780035967.5236368,27.129
1780035967.5290463,27.129
1780035967.5344985,27.13
1780035967.5398133,27.128
1780035967.5452545,27.131
1780035967.5506065,27.131
1780035967.5560036,27.131
1780035967.561435,27.131
1780035967.567144,27.13
1780035967.5729578,27.13
1780035967.5782893,27.13
1780035967.5836394,27.131
1780035967.5890331,27.131
1780035967.594495,27.133
1780035967.6000786,27.132
1780035967.6059873,27.132
1780035967.6112404,27.131
1780035967.6166296,27.131
1780035967.6220973,27.131
1780035967.6274486,27.131
1780035967.6328862,27.129
1780035967.6382978,27.133
1780035967.643674,27.133
1780035967.6490395,27.133
1780035967.6547616,27.132
1780035967.6610422,27.132
1780035967.6665444,27.131
1780035967.6719532,27.131
1780035967.6772952,27.132
1780035967.6826804,27.133
1780035967.6880944,27.133
1780035967.693443,27.133
1780035967.6988611,27.134
1780035967.7042189,27.133
1780035967.7096424,27.133
1780035967.7150612,27.133
1780035967.7204895,27.134
1780035967.7258084,27.134
1780035967.7312267,27.133
1780035967.7366366,27.134
1780035967.7420967,27.134
1780035967.7477245,27.133
1780035967.7536325,27.133
1780035967.7591288,27.133
1780035967.764665,27.132
1780035967.7702756,27.133
1780035967.775699,27.132
1780035967.7810137,27.134
1780035967.7864466,27.133
1780035967.791859,27.133
1780035967.7975702,27.132
1780035967.8038535,27.132
1780035967.8099725,27.132
1780035967.815298,27.132
1780035967.82063,27.131
1780035967.8260713,27.135
1780035967.8314207,27.135
1780035967.836815,27.135
1780035967.8422441,27.134
1780035967.8476596,27.134
1780035967.8532941,27.133
1780035967.859194,27.133
1780035967.8644454,27.134
1780035967.8698404,27.133
1780035967.875292,27.135
1780035967.880643,27.135
1780035967.8866982,27.135
1780035967.8923595,27.134
1780035967.8979592,27.132
1780035967.9034388,27.131
1780035967.9089303,27.132
1780035967.9142196,27.131
1780035967.919662,27.135
1780035967.925019,27.136
1780035967.9304144,27.136
1780035967.9357848,27.136
1780035967.9410765,27.135
1780035967.9470904,27.134
1780035967.9526258,27.134
1780035967.9581385,27.135
1780035967.963468,27.134
1780035967.9688935,27.136
1780035967.9742174,27.135
1780035967.9796135,27.135
1780035967.98503,27.135
1780035967.9907622,27.134
1780035967.9964974,27.134
1780035968.0018559,27.134
1780035968.007242,27.134
1780035968.0126817,27.134
1780035968.0181026,27.135
1780035968.0234518,27.135
1780035968.0288646,27.135
1780035968.034216,27.134
1780035968.0396466,27.134
1780035968.0450602,27.134
1780035968.0504942,27.134
1780035968.0558283,27.132
1780035968.0612304,27.135
1780035968.066616,27.135
1780035968.07205,27.135
1780035968.0777287,27.135
1780035968.0836363,27.134
1780035968.0891383,27.134
1780035968.0946422,27.134
1780035968.1002584,27.135
1780035968.1056964,27.135
1780035968.1110046,27.137
1780035968.1164062,27.137
1780035968.121843,27.137
1780035968.1275709,27.136
1780035968.1334007,27.136
1780035968.1386566,27.136
1780035968.1440716,27.136
1780035968.149423,27.134
1780035968.1548696,27.137
1780035968.1602798,27.138
1780035968.1656604,27.137
1780035968.1710093,27.137
1780035968.1763206,27.136
1780035968.1821485,27.136
1780035968.1880746,27.136
1780035968.1938255,27.137
1780035968.199262,27.137
1780035968.204631,27.139
1780035968.210062,27.139
1780035968.2157402,27.138
1780035968.2216232,27.138
1780035968.2271261,27.137
1780035968.2326508,27.136
1780035968.2382894,27.136
1780035968.243692,27.135
1780035968.2489972,27.139
1780035968.2542539,27.139
1780035968.2598574,27.139
1780035968.2655632,27.138
1780035968.2718794,27.138
1780035968.2774043,27.137
1780035968.282783,27.137
1780035968.2881038,27.137
1780035968.2934875,27.139
1780035968.2988677,27.139
1780035968.30428,27.139
1780035968.3103168,27.139
1780035968.3159826,27.137
1780035968.3216493,27.135
1780035968.3271673,27.135
1780035968.3330345,27.135
1780035968.3384554,27.135
1780035968.343995,27.138
1780035968.3493087,27.138
1780035968.3549085,27.137
1780035968.3608043,27.137
1780035968.3660486,27.137
1780035968.3714833,27.136
1780035968.3769023,27.136
1780035968.3822424,27.137
1780035968.387707,27.137
1780035968.3930168,27.139
1780035968.3984141,27.139
1780035968.4038413,27.139
1780035968.4099183,27.138
1780035968.4155655,27.137
1780035968.421416,27.137
1780035968.4267263,27.137
1780035968.4320936,27.136
1780035968.4374084,27.138
1780035968.4428942,27.139
1780035968.448281,27.139
1780035968.4536645,27.139
1780035968.459015,27.138
1780035968.4645693,27.137
1780035968.4700994,27.137
1780035968.4758608,27.138
1780035968.4812918,27.139
1780035968.486672,27.14
1780035968.4921029,27.14
1780035968.4977145,27.14
1780035968.5036163,27.139
1780035968.5088558,27.139
1780035968.514207,27.138
1780035968.519652,27.139
1780035968.5250256,27.139
1780035968.530478,27.139
1780035968.535837,27.139
1780035968.5412326,27.139
1780035968.546646,27.139
1780035968.5520692,27.138
1780035968.557677,27.137
1780035968.5635788,27.138
1780035968.5688548,27.139
1780035968.574232,27.139
1780035968.5797029,27.141
1780035968.5850735,27.141
1780035968.590752,27.141
1780035968.5965292,27.138
1780035968.6021829,27.137
1780035968.6080267,27.137
1780035968.6132557,27.137
1780035968.6185644,27.138
1780035968.6237879,27.139
1780035968.629481,27.14
1780035968.6351633,27.14
1780035968.6414287,27.139
1780035968.6471493,27.138
1780035968.6528451,27.136
1780035968.6583052,27.136
1780035968.6637096,27.137
1780035968.6690593,27.138
1780035968.6745138,27.14
1780035968.6798697,27.14
1780035968.6852677,27.14
1780035968.6906228,27.139
1780035968.6960585,27.139
1780035968.7014763,27.139
1780035968.7069054,27.14
1780035968.7122355,27.14
1780035968.7176118,27.141
1780035968.7230434,27.142
1780035968.7285163,27.142
1780035968.734125,27.141
1780035968.7400475,27.141
1780035968.745253,27.14
1780035968.750666,27.14
1780035968.7561111,27.141
1780035968.7614427,27.139
1780035968.7668831,27.143
1780035968.772241,27.143
1780035968.777642,27.143
1780035968.7830467,27.142
1780035968.7887647,27.142
1780035968.7945988,27.141
1780035968.800048,27.141
1780035968.8058372,27.142
1780035968.8112166,27.143
1780035968.816649,27.144
1780035968.8221128,27.144
1780035968.8277342,27.143
1780035968.8336291,27.143
1780035968.838853,27.142
1780035968.8442183,27.142
1780035968.8496487,27.143
1780035968.855127,27.141
1780035968.860501,27.143
1780035968.8658493,27.143
1780035968.871249,27.142
1780035968.876666,27.142
1780035968.8823678,27.141
1780035968.8886468,27.14
1780035968.894148,27.14
1780035968.8994923,27.141
1780035968.9049053,27.14
1780035968.910267,27.141
1780035968.915659,27.141
1780035968.9210658,27.141
1780035968.9267685,27.14
1780035968.9330728,27.139
1780035968.9385748,27.139
1780035968.9440215,27.139
1780035968.9493363,27.14
1780035968.9547958,27.142
1780035968.9602041,27.142
1780035968.965744,27.142
1780035968.9716365,27.141
1780035968.9771407,27.141
1780035968.982646,27.139
1780035968.9883416,27.139
1780035968.9936798,27.14
1780035968.9990776,27.142
1780035969.0044959,27.141
1780035969.009871,27.141
1780035969.0156217,27.141
1780035969.021971,27.14
1780035969.0279233,27.14
1780035969.033303,27.139
1780035969.0386517,27.14
1780035969.0441027,27.14
1780035969.0495806,27.143
1780035969.0548592,27.143
1780035969.0602188,27.142
1780035969.0654216,27.142
1780035969.0710692,27.141
1780035969.0765204,27.141
1780035969.0818496,27.141
1780035969.087246,27.142
1780035969.0926366,27.131
1780035969.098057,27.14
1780035969.1034586,27.149
1780035969.1091433,27.161
1780035969.1149447,27.17
1780035969.1206663,27.178
1780035969.126349,27.185
1780035969.1319003,27.195
1780035969.1374474,27.205
1780035969.142921,27.214
1780035969.148565,27.225
1780035969.154267,27.234
1780035969.1601553,27.246
1780035969.1660943,27.255
1780035969.1719995,28.008
1780035969.1772633,28.018
1780035969.182675,28.026
1780035969.1881194,28.036
1780035969.1934621,28.046
1780035969.1989005,28.067
1780035969.2041798,28.08
1780035969.2094371,28.084
1780035969.21514,28.085
1780035969.2205186,28.084
1780035969.2261765,28.083
1780035969.232076,28.082
1780035969.2375858,28.08
1780035969.2430835,28.078
1780035969.2487066,28.078
1780035969.2541063,28.076
1780035969.2594337,28.079
1780035969.2648323,28.08
1780035969.2702954,28.079
1780035969.27598,28.078
1780035969.2822807,28.076
1780035969.2877584,28.074
1780035969.2932882,28.074
1780035969.2989857,28.074
1780035969.3042264,28.075
1780035969.3098826,28.076
1780035969.3152943,28.075
1780035969.3206496,28.075
1780035969.3260398,28.073
1780035969.3314693,28.072
1780035969.3368847,28.072
1780035969.342237,28.071
1780035969.3476748,28.069
1780035969.353075,28.072
1780035969.358501,28.072
1780035969.3638794,28.071
1780035969.3695989,28.07
1780035969.3758848,28.068
1780035969.381403,28.066
1780035969.3868804,28.066
1780035969.3926566,28.067
1780035969.3980596,28.067
1780035969.403481,28.067
1780035969.4089134,28.066
1780035969.4145184,28.065
1780035969.4204094,28.064
1780035969.4256668,28.062
1780035969.4310567,28.062
1780035969.436527,28.062
1780035969.441855,28.059
1780035969.447342,28.061
1780035969.4526556,28.06
1780035969.4580543,28.059
1780035969.4634652,28.058
1780035969.469162,28.056
1780035969.4749923,28.055
1780035969.4803317,28.055
1780035969.4857032,28.055
1780035969.4911172,28.053
1780035969.4965234,28.052
1780035969.501909,28.051
1780035969.5073073,28.05
1780035969.512634,28.049
1780035969.51807,28.048
1780035969.523514,28.047
1780035969.528923,28.047
1780035969.5342546,28.044
1780035969.539659,28.046
1780035969.5450678,28.046
1780035969.55053,28.045
1780035969.556136,28.044
1780035969.5620372,28.043
1780035969.5672674,28.041
1780035969.5726168,28.041
1780035969.5780663,28.041
1780035969.5835147,28.039
1780035969.588928,28.038
1780035969.594256,28.037
1780035969.599649,28.036
1780035969.6050773,28.035
1780035969.6107922,28.034
1780035969.6166027,28.033
1780035969.6219323,28.033
1780035969.6273367,28.03
1780035969.6327255,28.034
1780035969.6381269,28.033
1780035969.6437778,28.032
1780035969.649662,28.031
1780035969.655164,28.03
1780035969.6608174,28.027
1780035969.6662264,28.027
1780035969.6717048,28.027
1780035969.677089,28.027
1780035969.6825213,28.028
1780035969.6878817,28.027
1780035969.6933084,28.026
1780035969.698686,28.025
1780035969.7048428,28.023
1780035969.7107215,28.023
1780035969.7161067,28.023
1780035969.7214367,28.021
1780035969.7268784,28.024
1780035969.7322898,28.023
1780035969.7376814,28.023
1780035969.7430475,28.022
1780035969.7485821,28.02
1780035969.7541986,28.017
1780035969.760102,28.017
1780035969.7658486,28.017
1780035969.7712653,28.016
1780035969.776608,28.017
1780035969.7818544,28.016
1780035969.7875133,28.015
1780035969.793244,28.014
1780035969.799456,28.012
1780035969.8049836,28.012
1780035969.8104222,28.012
1780035969.8157127,28.012
1780035969.821232,28.014
1780035969.826544,28.014
1780035969.8318877,28.013
1780035969.8373075,28.012
1780035969.8426576,28.012
1780035969.848079,28.011
1780035969.853567,28.011
1780035969.8589296,28.011
1780035969.864285,28.011
1780035969.8696947,28.011
1780035969.8750615,28.011
1780035969.8805003,28.01
1780035969.8858812,28.009
1780035969.8919995,28.008
1780035969.897936,28.007
1780035969.9033332,28.008
1780035969.908659,28.006
1780035969.9141018,28.01
1780035969.9195037,28.009
1780035969.924885,28.008
1780035969.9302433,28.008
1780035969.9356747,28.007
1780035969.9410949,28.006
1780035969.946524,28.005
1780035969.9518733,28.006
1780035969.9573183,28.006
1780035969.962681,28.009
1780035969.9681323,28.011
1780035969.9737475,28.012
1780035969.9796486,28.013
1780035969.9848778,28.015
1780035969.9902365,28.016
1780035969.9956236,28.019
1780035970.001049,28.016
1780035970.006496,28.019
1780035970.0118427,28.019
1780035970.017237,28.018
1780035970.022666,28.017
1780035970.028399,28.016
1780035970.034653,28.015
1780035970.0401707,28.014
1780035970.0455022,28.015
1780035970.0509253,28.013
1780035970.0562696,28.014
1780035970.0617115,28.013
1780035970.0670915,28.012
1780035970.0727804,28.011
1780035970.079096,28.009
1780035970.084615,28.009
1780035970.0900486,28.009
1780035970.0953567,28.009
1780035970.1008234,28.011
1780035970.106132,28.01
1780035970.1115077,28.01
1780035970.1175082,28.008
1780035970.123175,28.007
1780035970.1286778,28.004
1780035970.1343846,28.004
1780035970.139695,28.004
1780035970.1451464,28.005
1780035970.150518,28.005
1780035970.1558664,28.004
1780035970.1616628,28.003
1780035970.1680193,28.002
1780035970.1739283,28.001
1780035970.1793215,28.001
1780035970.1846695,28.001
1780035970.1901336,28.002
1780035970.195498,28.003
1780035970.2008915,28.002
1780035970.2062364,28.001
1780035970.2118013,28.0
1780035970.2175136,27.254
1780035970.223006,27.252
1780035970.2285717,27.252
1780035970.233866,27.251
1780035970.2392943,27.252
1780035970.244616,27.252
1780035970.2498634,27.251
1780035970.2555017,27.251
1780035970.2611797,27.249
1780035970.2674797,27.248
1780035970.272964,27.248
1780035970.2782614,27.248
1780035970.2837315,27.249
1780035970.2890954,27.25
1780035970.294485,27.249
1780035970.2998695,27.248
1780035970.3056314,27.247
1780035970.3120294,27.245
1780035970.3179452,27.245
1780035970.3233364,27.245
1780035970.3286507,27.244
1780035970.3340938,27.248
1780035970.3395016,27.248
1780035970.344891,27.247
1780035970.3502414,27.246
1780035970.3557816,27.244
1780035970.361279,27.243
1780035970.3671427,27.243
1780035970.3724778,27.243
1780035970.3778944,27.243
1780035970.38336,27.244
1780035970.388689,27.243
1780035970.394101,27.243
1780035970.3994486,27.242
1780035970.4048831,27.241
1780035970.410308,27.241
1780035970.4157288,27.241
1780035970.4210427,27.238
1780035970.4264522,27.241
1780035970.4318535,27.24
1780035970.4372838,27.24
1780035970.4426918,27.239
1780035970.4488652,27.237
1780035970.4547746,27.237
1780035970.4600883,27.237
1780035970.4654686,27.237
1780035970.4709346,27.236
1780035970.4762747,27.237
1780035970.481701,27.236
1780035970.4870281,27.236
1780035970.492577,27.235
1780035970.4982967,27.233
1780035970.50381,27.232
1780035970.5099168,27.232
1780035970.5153413,27.23
1780035970.5206292,27.232
1780035970.5261126,27.232
1780035970.53148,27.232
1780035970.5368826,27.231
1780035970.5422893,27.23
1780035970.5479953,27.229
1780035970.5538242,27.229
1780035970.5591335,27.229
1780035970.5645363,27.23
1780035970.5698838,27.231
1780035970.5753534,27.23
1780035970.5809214,27.23
1780035970.586844,27.229
1780035970.5920856,27.228
1780035970.5974877,27.228
1780035970.602939,27.228
1780035970.6082532,27.225
1780035970.6136916,27.228
1780035970.6190693,27.228
1780035970.6244724,27.227
1780035970.6298962,27.227
1780035970.63602,27.225
1780035970.6419332,27.225
1780035970.6473396,27.225
1780035970.6526787,27.225
1780035970.6581376,27.225
1780035970.6635098,27.226
1780035970.6688964,27.226
1780035970.6742449,27.225
1780035970.6797965,27.224
1780035970.6854696,27.221
1780035970.6909854,27.22
1780035970.6965811,27.22
1780035970.7018654,27.218
1780035970.70727,27.22
1780035970.7126787,27.22
1780035970.7180994,27.22
1780035970.7234964,27.219
1780035970.7296586,27.218
1780035970.735545,27.217
1780035970.7409215,27.217
1780035970.7462804,27.217
1780035970.7517438,27.217
1780035970.7570906,27.218
1780035970.762506,27.218
1780035970.767841,27.217
1780035970.7733955,27.216
1780035970.7791085,27.213
1780035970.7846334,27.211
1780035970.790174,27.211
1780035970.795523,27.21
1780035970.8009343,27.211
1780035970.8062513,27.211
1780035970.8116937,27.211
1780035970.8171036,27.21
1780035970.8228066,27.209
1780035970.829067,27.208
1780035970.834573,27.208
1780035970.839894,27.208
1780035970.8453565,27.209
1780035970.8506565,27.21
1780035970.856055,27.21
1780035970.861487,27.209
1780035970.8671975,27.208
1780035970.873489,27.207
1780035970.879006,27.206
1780035970.8844934,27.207
1780035970.8902934,27.205
1780035970.8956907,27.208
1780035970.9010487,27.208
1780035970.9064887,27.207
1780035970.9121785,27.206
1780035970.9181006,27.206
1780035970.9233992,27.205
1780035970.928859,27.205
1780035970.9341671,27.205
1780035970.9394977,27.204
1780035970.9449441,27.206
1780035970.9502723,27.205
1780035970.9563775,27.204
1780035970.962364,27.204
1780035970.9677267,27.203
1780035970.9730923,27.202
1780035970.978545,27.203
1780035970.9838758,27.2
1780035970.9892924,27.202
1780035970.994672,27.202
1780035971.0000942,27.201
1780035971.0057528,27.201
1780035971.011664,27.2
1780035971.0168927,27.199
1780035971.022302,27.199
1780035971.027749,27.2
1780035971.033098,27.199
1780035971.0385485,27.2
1780035971.0438592,27.2
1780035971.049257,27.199
1780035971.054688,27.199
1780035971.060403,27.198
1780035971.0662444,27.197
1780035971.0715532,27.198
1780035971.0769384,27.196
1780035971.0823326,27.2
1780035971.087749,27.199
1780035971.0930617,27.199
1780035971.0988612,27.198
1780035971.1045938,27.196
1780035971.1101809,27.194
1780035971.116041,27.194
1780035971.1213121,27.195
1780035971.126788,27.198
1780035971.1321485,27.197
1780035971.1375058,27.197
1780035971.1435206,27.196
1780035971.1491969,27.194
1780035971.154942,27.193
1780035971.1603682,27.193
1780035971.1662407,27.193
1780035971.171485,27.196
1780035971.1772392,27.198
1780035971.182547,27.198
1780035971.1879132,27.198
1780035971.1933265,27.197
1780035971.198666,27.197
1780035971.2040942,27.196
1780035971.2095559,27.196
1780035971.2149498,27.197
1780035971.220279,27.195
1780035971.2257154,27.197
1780035971.2311,27.197
1780035971.236544,27.196
1780035971.2421494,27.195
1780035971.2480788,27.195
1780035971.2533178,27.194
1780035971.2586348,27.195
1780035971.2638726,27.193
1780035971.2695324,27.197
1780035971.2749531,27.196
1780035971.280264,27.196
1780035971.2856596,27.195
1780035971.291109,27.195
1780035971.296822,27.194
1780035971.3026178,27.194
1780035971.307949,27.194
1780035971.3133717,27.195
1780035971.318723,27.196
1780035971.3241453,27.196
1780035971.3295066,27.195
1780035971.3349183,27.194
1780035971.3403077,27.194
1780035971.345729,27.193
1780035971.3511708,27.193
1780035971.3565521,27.192
1780035971.36193,27.192
1780035971.3673344,27.193
1780035971.3727021,27.193
1780035971.3781571,27.192
1780035971.383766,27.192
1780035971.3896372,27.191
1780035971.3948991,27.191
1780035971.4003,27.191
1780035971.405736,27.19
1780035971.4112256,27.192
1780035971.4165523,27.192
1780035971.4218893,27.191
1780035971.4273136,27.19
1780035971.432706,27.19
1780035971.438154,27.189
1780035971.4435372,27.189
1780035971.4489167,27.19
1780035971.4542425,27.189
1780035971.4594793,27.188
1780035971.4651518,27.188
1780035971.470823,27.187
1780035971.4770923,27.186
1780035971.4827888,27.185
1780035971.488191,27.184
1780035971.4938934,27.185
1780035971.49933,27.186
1780035971.5048182,27.188
1780035971.5101554,27.188
1780035971.5155272,27.188
1780035971.5215318,27.187
1780035971.5272439,27.186
1780035971.5326898,27.184
1780035971.538402,27.184
1780035971.5437183,27.184
1780035971.5491705,27.186
1780035971.5545406,27.185
1780035971.559891,27.185
1780035971.5656312,27.185
1780035971.571486,27.184
1780035971.5769794,27.183
1780035971.5826697,27.183
1780035971.588066,27.184
1780035971.5934963,27.183
1780035971.5989542,27.185
1780035971.6043007,27.185
1780035971.6097527,27.184
1780035971.6151345,27.184
1780035971.6205459,27.183
1780035971.6259098,27.183
1780035971.6313717,27.183
1780035971.6366994,27.183
1780035971.6421149,27.182
1780035971.6474624,27.183
1780035971.6530068,27.183
1780035971.6588323,27.182
1780035971.664602,27.18
1780035971.6705153,27.18
1780035971.6757758,27.179
1780035971.6810915,27.18
1780035971.6865263,27.18
1780035971.6920307,27.183
1780035971.6973786,27.182
1780035971.7026873,27.182
1780035971.7080839,27.181
1780035971.713503,27.181
1780035971.7189567,27.18
1780035971.7243354,27.18
1780035971.7297547,27.18
1780035971.7351124,27.179
1780035971.7405412,27.179
1780035971.7459142,27.178
1780035971.751376,27.178
1780035971.7569482,27.177
1780035971.7628572,27.177
1780035971.7681038,27.176
1780035971.7734969,27.177
1780035971.7789478,27.174
1780035971.7843785,27.178
1780035971.7897594,27.178
1780035971.795073,27.177
1780035971.8004792,27.177
1780035971.8058949,27.176
1780035971.8116903,27.176
1780035971.8173938,27.176
1780035971.822681,27.176
1780035971.8281205,27.176
1780035971.8335044,27.178
1780035971.838961,27.177
1780035971.8445816,27.177
1780035971.8504918,27.176
1780035971.8559916,27.176
1780035971.8615236,27.174
1780035971.8671317,27.174
1780035971.8725486,27.173
1780035971.8778148,27.176
1780035971.8830712,27.175
1780035971.8887239,27.175
1780035971.8944128,27.174
1780035971.9006536,27.173
1780035971.9063494,27.173
1780035971.9118197,27.172
1780035971.9174962,27.173
1780035971.9229078,27.173
1780035971.9283218,27.175
1780035971.9337406,27.174
1780035971.9391234,27.174
1780035971.9448476,27.173
1780035971.951125,27.172
1780035971.9566512,27.171
1780035971.9620974,27.172
1780035971.9678805,27.172
1780035971.9732878,27.175
1780035971.978702,27.174
1780035971.984158,27.174
1780035971.9897752,27.173
1780035971.9956756,27.173
1780035972.0008962,27.172
1780035972.0063584,27.172
1780035972.0117788,27.173
1780035972.0171213,27.172
1780035972.0225632,27.173
1780035972.0278795,27.172
1780035972.0332983,27.172
1780035972.038722,27.171
1780035972.0444443,27.17
1780035972.0502508,27.17
1780035972.0555596,27.171
1780035972.0609465,27.169
1780035972.0664473,27.172
1780035972.0720186,27.171
1780035972.078424,27.17
1780035972.084396,27.169
1780035972.0897055,27.168
1780035972.095174,27.168
1780035972.1005623,27.168
1780035972.105899,27.169
1780035972.1113179,27.168
1780035972.116678,27.168
1780035972.1221068,27.168
1780035972.1277895,27.167
1780035972.1336598,27.166
1780035972.1389112,27.166
1780035972.1443398,27.166
1780035972.1497643,27.166
1780035972.1550875,27.165
1780035972.1605604,27.167
1780035972.165906,27.166
1780035972.1713235,27.165
1780035972.1767156,27.165
1780035972.1828656,27.164
1780035972.1887732,27.164
1780035972.194149,27.164
1780035972.199501,27.165
1780035972.2049534,27.164
1780035972.210561,27.164
1780035972.2164521,27.164
1780035972.2217126,27.164
1780035972.2270665,27.163
1780035972.2323105,27.163
1780035972.237913,27.162
1780035972.2433674,27.163
1780035972.2486851,27.161
1780035972.2540667,27.163
1780035972.2594957,27.163
1780035972.2652545,27.162
1780035972.2715178,27.161
1780035972.2771811,27.16
1780035972.2826116,27.159
1780035972.2883344,27.16
1780035972.2937164,27.159
1780035972.2990153,27.163
1780035972.3043113,27.162
1780035972.3101928,27.162
1780035972.3161051,27.161
1780035972.3219924,27.16
1780035972.3279629,27.16
1780035972.3333626,27.16
1780035972.3387165,27.161
1780035972.3444195,27.16
1780035972.3506992,27.161
1780035972.3564606,27.159
1780035972.3620203,27.158
1780035972.3677688,27.157
1780035972.3733208,27.156
1780035972.3787346,27.156
1780035972.384334,27.156
1780035972.3897421,27.161
1780035972.3952184,27.164
1780035972.4005558,27.163
1780035972.4059286,27.163
1780035972.4113402,27.163
1780035972.4169567,27.162
1780035972.4228666,27.162
1780035972.428115,27.163
1780035972.4334874,27.163
1780035972.4389455,27.163
1780035972.4443498,27.164
1780035972.4505446,27.163
1780035972.4564276,27.163
1780035972.4617035,27.162
1780035972.4671075,27.162
1780035972.472527,27.162
1780035972.4778962,27.162
1780035972.4833205,27.161
1780035972.4887881,27.163
1780035972.4941878,27.162
1780035972.4994621,27.162
1780035972.5047135,27.161
1780035972.5103068,27.161
1780035972.515703,27.16
1780035972.521064,27.16
1780035972.526294,27.161
1780035972.53187,27.159
1780035972.5370572,27.158
1780035972.5429597,27.158
1780035972.5488598,27.157
1780035972.5541182,27.157
1780035972.5594652,27.156
1780035972.5646691,27.156
1780035972.5703077,27.156
1780035972.5757265,27.153
1780035972.5811524,27.156
1780035972.586501,27.156
1780035972.5919054,27.155
1780035972.5973322,27.155
1780035972.6026778,27.154
1780035972.6080663,27.154
1780035972.6134584,27.154
1780035972.6186643,27.155
1780035972.6242769,27.152
1780035972.629459,27.154
1780035972.635087,27.153
1780035972.6404688,27.153
1780035972.645875,27.152
1780035972.6510837,27.151
1780035972.6568134,27.151
1780035972.6629272,27.152
1780035972.6687043,27.152
1780035972.6740835,27.15
1780035972.6796253,27.151
1780035972.685055,27.15
1780035972.6908054,27.149
1780035972.6963778,27.148
1780035972.7019567,27.147
1780035972.7074041,27.147
1780035972.7131395,27.148
1780035972.71853,27.151
1780035972.7240388,27.153
1780035972.7293777,27.153
1780035972.7349818,27.153
1780035972.740866,27.152
1780035972.7461145,27.152
1780035972.751485,27.152
1780035972.7569175,27.152
1780035972.7622283,27.153
1780035972.7674694,27.152
1780035972.7731197,27.154
1780035972.7785234,27.153
1780035972.7839506,27.153
1780035972.7896442,27.152
1780035972.795913,27.151
1780035972.8014433,27.151
1780035972.806887,27.151
1780035972.812387,27.152
1780035972.817856,27.155
1780035972.8235776,27.157
1780035972.8289416,27.156
1780035972.8343177,27.156
1780035972.83971,27.156
1780035972.845104,27.155
1780035972.8505747,27.156
1780035972.855925,27.157
1780035972.8613331,27.155
1780035972.8667154,27.156
1780035972.8721762,27.156
1780035972.8777645,27.155
1780035972.8836634,27.155
1780035972.8889225,27.155
1780035972.8943086,27.155
1780035972.8997765,27.155
1780035972.9051023,27.152
1780035972.9105177,27.155
1780035972.915909,27.154
1780035972.9213617,27.154
1780035972.9267278,27.153
1780035972.9324393,27.153
1780035972.9386945,27.152
1780035972.9442327,27.152
1780035972.9495282,27.152
1780035972.955584,27.152
1780035972.9613059,27.155
1780035972.9668443,27.155
1780035972.972704,27.154
1780035972.978615,27.154
1780035972.984594,27.153
1780035972.990487,27.153
1780035972.9957235,27.154
1780035973.001093,27.155
1780035973.0065224,27.157
1780035973.0122032,27.157
1780035973.0181017,27.157
1780035973.0236082,27.156
1780035973.0292728,27.154
1780035973.034688,27.153
1780035973.040228,27.153
1780035973.045527,27.153
1780035973.0515912,27.153
1780035973.0576074,27.156
1780035973.0635579,27.156
1780035973.0689688,27.155
1780035973.0743694,27.155
1780035973.080096,27.154
1780035973.08582,27.154
1780035973.0911,27.155
1780035973.0964804,27.155
1780035973.1019535,27.156
1780035973.1073759,27.155
1780035973.1129746,27.155
1780035973.1188962,27.154
1780035973.1241238,27.154
1780035973.1295145,27.153
1780035973.1349783,27.154
1780035973.1403213,27.152
1780035973.1463943,27.153
1780035973.1524918,27.154
1780035973.1579301,27.153
1780035973.163686,27.151
1780035973.1693876,27.149
1780035973.1753561,27.149
1780035973.1811585,27.149
1780035973.1865265,27.149
1780035973.1920223,27.15
1780035973.197386,27.15
1780035973.203,27.149
1780035973.2089062,27.148
1780035973.214366,27.148
1780035973.2200933,27.145
1780035973.2256076,27.145
1780035973.2315314,27.146
1780035973.2369633,27.144
1780035973.2423646,27.146
1780035973.2480369,27.145
1780035973.2543507,27.144
1780035973.260007,27.143
1780035973.2655852,27.142
1780035973.271022,27.142
1780035973.2766101,27.142
1780035973.2821195,27.143
1780035973.287975,27.147
1780035973.2933245,27.147
1780035973.2987485,27.147
1780035973.304893,27.146
1780035973.3108318,27.146
1780035973.3161714,27.145
1780035973.3215997,27.146
1780035973.3269837,27.147
1780035973.3325405,27.145
1780035973.3385785,27.149
1780035973.3442962,27.148
1780035973.3496928,27.148
1780035973.3551142,27.147
1780035973.3605819,27.147
1780035973.3659472,27.147
1780035973.3713768,27.148
1780035973.3766773,27.144
1780035973.382277,27.149
1780035973.3878272,27.15
1780035973.3935754,27.152
1780035973.3989494,27.154
1780035973.4043574,27.155
1780035973.4097812,27.157
1780035973.4152198,27.159
1780035973.420604,27.162
1780035973.4260242,27.162
1780035973.4320962,27.165
1780035973.4373386,27.164
1780035973.4427543,27.164
1780035973.4481812,27.163
1780035973.453789,27.163
1780035973.4596877,27.163
1780035973.4649312,27.163
1780035973.4703104,27.161
1780035973.475751,27.164
1780035973.4813852,27.164
1780035973.4873075,27.164
1780035973.4925256,27.163
1780035973.497889,27.163
1780035973.5033453,27.162
1780035973.5087495,27.162
1780035973.514177,27.163
1780035973.519486,27.161
1780035973.5248804,27.163
1780035973.5303435,27.163
1780035973.5360408,27.162
1780035973.5423355,27.161
1780035973.5480042,27.16
1780035973.5534072,27.159
1780035973.559164,27.16
1780035973.5645397,27.159
1780035973.5698164,27.162
1780035973.5749955,27.162
1780035973.5807395,27.161
1780035973.5861495,27.161
1780035973.5915017,27.161
1780035973.5968916,27.16
1780035973.60231,27.16
1780035973.607732,27.161
1780035973.6130626,27.159
1780035973.6182516,27.16
1780035973.6239088,27.159
1780035973.6293042,27.159
1780035973.6347382,27.158
1780035973.640151,27.158
1780035973.6455293,27.157
1780035973.6509502,27.158
1780035973.6562955,27.159
1780035973.66173,27.158
1780035973.667416,27.16
1780035973.6733532,27.16
1780035973.678861,27.159
1780035973.6846209,27.156
1780035973.6902342,27.155
1780035973.696058,27.155
1780035973.7013364,27.155
1780035973.706743,27.156
1780035973.7121725,27.158
1780035973.7175622,27.158
1780035973.7235622,27.157
1780035973.7292578,27.156
1780035973.734702,27.154
1780035973.7403889,27.154
1780035973.745737,27.154
1780035973.751126,27.155
1780035973.7565627,27.156
1780035973.7621853,27.157
1780035973.7680783,27.157
1780035973.773364,27.157
1780035973.7787287,27.156
1780035973.7841852,27.156
1780035973.7895594,27.155
1780035973.7949834,27.156
1780035973.800306,27.153
1780035973.805675,27.155
1780035973.811125,27.155
1780035973.8165936,27.154
1780035973.822189,27.154
1780035973.8280828,27.154
1780035973.8333373,27.153
1780035973.838719,27.153
1780035973.8441844,27.154
1780035973.849527,27.152
1780035973.8552606,27.153
1780035973.8615475,27.153
1780035973.8672674,27.152
1780035973.873007,27.149
1780035973.8785708,27.148
1780035973.8839555,27.147
1780035973.8893962,27.148
1780035973.895232,27.151
1780035973.9005296,27.154
1780035973.9058967,27.154
1780035973.911358,27.153
1780035973.9169962,27.153
1780035973.9228678,27.153
1780035973.9281366,27.152
1780035973.9335308,27.152
1780035973.938991,27.153
1780035973.9443648,27.152
1780035973.9504476,27.152
1780035973.9563897,27.152
1780035973.9617746,27.152
1780035973.9671671,27.151
1780035973.9732635,27.15
1780035973.9791763,27.151
1780035973.9845695,27.151
1780035973.989915,27.151
1780035973.9953542,27.152
1780035974.0009954,27.152
1780035974.0069394,27.152
1780035974.012447,27.151
1780035974.0182455,27.149
1780035974.0237339,27.148
1780035974.0295603,27.148
1780035974.0349455,27.148
1780035974.0403678,27.151
1780035974.045786,27.152
1780035974.0513942,27.151
1780035974.057334,27.151
1780035974.0626633,27.15
1780035974.0685234,27.15
1780035974.0740383,27.149
1780035974.0799189,27.15
1780035974.0853562,27.149
1780035974.090728,27.15
1780035974.0964265,27.15
1780035974.1022155,27.149
1780035974.10751,27.148
1780035974.1129057,27.148
1780035974.1183517,27.147
1780035974.1238155,27.148
1780035974.1291285,27.149
1780035974.1345482,27.148
1780035974.1399057,27.148
1780035974.1453452,27.148
1780035974.1507757,27.148
1780035974.1565075,27.147
1780035974.1628294,27.146
1780035974.1688123,27.146
1780035974.174184,27.147
1780035974.1795704,27.147
1780035974.1852672,27.149
1780035974.1915329,27.148
1780035974.1976285,27.147
1780035974.2035906,27.147
1780035974.2089734,27.147
1780035974.214377,27.147
1780035974.2197955,27.147
1780035974.2253416,27.146
1780035974.2311697,27.15
1780035974.2365425,27.152
1780035974.241909,27.152
1780035974.2474267,27.151
1780035974.2531257,27.15
1780035974.2590234,27.15
1780035974.2647903,27.15
1780035974.2702453,27.151
1780035974.2755222,27.151
1780035974.2809453,27.152
1780035974.2863765,27.152
1780035974.291762,27.151
1780035974.2970986,27.151
1780035974.3023102,27.15
1780035974.3079212,27.15
1780035974.313343,27.151
1780035974.318733,27.149
1780035974.3249316,27.149
1780035974.3308704,27.15
1780035974.3361552,27.149
1780035974.3415031,27.148
1780035974.3466883,27.148
1780035974.352596,27.147
1780035974.3584847,27.148
1780035974.3637402,27.149
1780035974.3690984,27.148
1780035974.3742878,27.149
1780035974.3801818,27.148
1780035974.3860655,27.148
1780035974.3913538,27.147
1780035974.396738,27.147
1780035974.4022005,27.146
1780035974.407624,27.147
1780035974.4129956,27.145
1780035974.4183784,27.146
1780035974.4237819,27.145
1780035974.4291518,27.145
1780035974.4348798,27.145
1780035974.440656,27.144
1780035974.4459016,27.143
1780035974.4511468,27.143
1780035974.4567332,27.144
1780035974.4629111,27.142
1780035974.4689424,27.145
1780035974.4747143,27.144
1780035974.4804428,27.143
1780035974.486135,27.141
1780035974.4918969,27.139
1780035974.497775,27.139
1780035974.5035245,27.14
1780035974.5089557,27.14
1780035974.5142868,27.144
1780035974.5195742,27.144
1780035974.5255084,27.143
1780035974.5313935,27.143
1780035974.5373778,27.142
1780035974.5433135,27.142
1780035974.548547,27.142
1780035974.553897,27.143
1780035974.5593936,27.143
1780035974.564895,27.142
1780035974.5707543,27.145
1780035974.5761476,27.144
1780035974.5815322,27.144
1780035974.5876524,27.143
1780035974.5936167,27.143
1780035974.598948,27.144
1780035974.6043487,27.143
1780035974.610043,27.145
1780035974.6159275,27.144
1780035974.6214106,27.143
1780035974.6272473,27.143
1780035974.6325495,27.143
1780035974.6379402,27.142
1780035974.6434042,27.143
1780035974.648748,27.143
1780035974.6544478,27.142
1780035974.6599946,27.144
1780035974.6660619,27.145
1780035974.6718266,27.144
1780035974.677736,27.144
1780035974.6832707,27.144
1780035974.688794,27.144
1780035974.6943974,27.144
1780035974.7003653,27.144
1780035974.7063503,27.148
1780035974.7125123,27.151
1780035974.7185497,27.154
1780035974.7243545,27.153
1780035974.7297554,27.153
1780035974.7352412,27.153
1780035974.740604,27.153
1780035974.7461243,27.153
1780035974.75198,27.157
1780035974.7573917,27.156
1780035974.7627757,27.156
1780035974.7688687,27.155
1780035974.7747984,27.155
1780035974.780187,27.154
1780035974.7856376,27.154
1780035974.790997,27.153
1780035974.7964664,27.155
1780035974.8025346,27.156
1780035974.8084207,27.156
1780035974.8137605,27.155
1780035974.8191657,27.155
1780035974.8252695,27.154
1780035974.831176,27.154
1780035974.8366172,27.155
1780035974.8419566,27.155
1780035974.8474104,27.156
1780035974.8529897,27.156
1780035974.858934,27.156
1780035974.8644347,27.155
1780035974.8702,27.154
1780035974.8756428,27.153
1780035974.8815513,27.154
1780035974.8869715,27.155
1780035974.892488,27.157
1780035974.898068,27.157
1780035974.904365,27.156
1780035974.9100506,27.155
1780035974.915638,27.154
1780035974.9210367,27.153
1780035974.9266365,27.154
1780035974.9319258,27.155
1780035974.9373286,27.157
1780035974.9427145,27.158
1780035974.9482715,27.158
1780035974.9539654,27.156
1780035974.959416,27.154
1780035974.965664,27.153
1780035974.971603,27.154
1780035974.9769878,27.154
1780035974.982367,27.155
1780035974.9880657,27.156
1780035974.9943602,27.155
1780035975.0000758,27.154
1780035975.005814,27.152
1780035975.0113883,27.15
1780035975.0167964,27.15
1780035975.0222332,27.15
1780035975.0280263,27.155
1780035975.0333574,27.156
1780035975.0387151,27.156
1780035975.043994,27.154
1780035975.049754,27.153
1780035975.0556645,27.152
1780035975.0609574,27.152
1780035975.066409,27.152
1780035975.0718095,27.153
1780035975.0774188,27.153
1780035975.0834854,27.156
1780035975.0894206,27.156
1780035975.0954008,27.155
1780035975.1014109,27.155
1780035975.107346,27.154
1780035975.1125956,27.154
1780035975.11795,27.155
1780035975.1234114,27.155
1780035975.1287491,27.156
1780035975.134837,27.155
1780035975.1408682,27.154
1780035975.1462321,27.154
1780035975.1515749,27.153
1780035975.1570039,27.153
1780035975.162375,27.153
