timestamp,gpu_power_w
1780035675.5209432,33.109
1780035675.5265048,33.087
1780035675.5321112,33.098
1780035675.5374606,33.109
1780035675.542881,33.119
1780035675.5483582,33.131
1780035675.55402,33.143
1780035675.5600631,33.154
1780035675.5659723,33.166
1780035675.5719166,33.177
1780035675.5774155,33.189
1780035675.5830805,33.199
1780035675.58878,33.211
1780035675.5946834,33.22
1780035675.599915,33.233
1780035675.6053941,33.243
1780035675.6107688,34.0
1780035675.6161623,34.019
1780035675.6215558,34.021
1780035675.626888,34.025
1780035675.6323125,34.027
1780035675.6377187,34.028
1780035675.643171,34.023
1780035675.648917,34.025
1780035675.6548135,34.025
1780035675.6605117,34.026
1780035675.6659746,34.025
1780035675.6713157,34.022
1780035675.6767488,34.023
1780035675.6821315,34.023
1780035675.6875703,34.024
1780035675.692884,34.019
1780035675.6982927,34.02
1780035675.7036936,34.02
1780035675.7091177,34.02
1780035675.7145572,34.021
1780035675.7202706,34.016
1780035675.7265248,34.015
1780035675.7326758,34.014
1780035675.7385764,34.016
1780035675.7439492,34.012
1780035675.7493455,34.013
1780035675.754771,34.013
1780035675.760146,34.013
1780035675.7655332,34.009
1780035675.770903,34.009
1780035675.7763386,34.009
1780035675.7817473,34.009
1780035675.787172,34.009
1780035675.7925403,34.005
1780035675.7979324,34.006
1780035675.803361,34.006
1780035675.80878,34.006
1780035675.8140924,34.002
1780035675.819528,34.003
1780035675.8249283,34.003
1780035675.8303597,34.003
1780035675.8357751,34.005
1780035675.8414466,34.0
1780035675.8477407,34.001
1780035675.8536956,34.0
1780035675.859246,34.001
1780035675.864491,33.252
1780035675.8698804,33.253
1780035675.875294,33.253
1780035675.880675,33.253
1780035675.886059,33.249
1780035675.8912122,33.25
1780035675.8969338,33.251
1780035675.9023025,33.251
1780035675.9076967,33.252
1780035675.9131165,33.248
1780035675.9185398,33.248
1780035675.9246848,33.248
1780035675.9306157,33.249
1780035675.935964,33.244
1780035675.9413707,33.244
1780035675.947042,33.245
1780035675.9528563,33.245
1780035675.9581804,33.246
1780035675.9635308,33.241
1780035675.968926,33.241
1780035675.9743094,33.241
1780035675.9796712,33.242
1780035675.9848685,33.238
1780035675.9905186,33.238
1780035675.9958954,33.239
1780035676.0013082,33.239
1780035676.0067737,33.237
1780035676.0121236,33.235
1780035676.017537,33.236
1780035676.0229461,33.236
1780035676.0283704,33.237
1780035676.0337317,33.234
1780035676.039795,33.235
1780035676.0458415,33.235
1780035676.0511794,33.236
1780035676.0564768,33.231
1780035676.061645,33.232
1780035676.0672884,33.232
1780035676.072667,33.232
1780035676.0781586,33.233
1780035676.0835783,33.229
1780035676.0891886,33.23
1780035676.0950606,33.231
1780035676.1003258,33.231
1780035676.1056776,33.227
1780035676.1111495,33.228
1780035676.1167538,33.227
1780035676.1225846,33.228
1780035676.1279204,33.227
1780035676.1333246,33.225
1780035676.1387756,33.226
1780035676.1443858,33.226
1780035676.1503274,33.227
1780035676.155593,33.223
1780035676.1609745,33.224
1780035676.1663866,33.225
1780035676.171746,33.225
1780035676.177174,33.22
1780035676.1824808,33.221
1780035676.1877987,33.221
1780035676.1934896,33.222
1780035676.198799,33.222
1780035676.204108,33.217
1780035676.2095048,33.218
1780035676.214992,33.219
1780035676.2203882,33.219
1780035676.225832,33.219
1780035676.231148,33.216
1780035676.2364974,33.217
1780035676.241931,33.217
1780035676.2473676,33.218
1780035676.2527854,33.214
1780035676.2584112,33.214
1780035676.2643676,33.214
1780035676.2701433,33.215
1780035676.275538,33.211
1780035676.2808757,33.211
1780035676.2860544,33.212
1780035676.2916963,33.212
1780035676.2971299,33.213
1780035676.3025124,33.209
1780035676.3079028,33.21
1780035676.3133433,33.21
1780035676.3187997,33.211
1780035676.3241427,33.206
1780035676.3295417,33.207
1780035676.334913,33.208
1780035676.3403523,33.208
1780035676.3457456,33.209
1780035676.3514638,33.205
1780035676.3578565,33.205
1780035676.36379,33.205
1780035676.3691611,33.206
1780035676.3745477,33.201
1780035676.3802667,33.201
1780035676.386042,33.202
1780035676.391312,33.202
1780035676.3966894,33.199
1780035676.4020956,33.199
1780035676.4075902,33.199
1780035676.4131877,33.2
1780035676.4190888,33.2
1780035676.4243302,33.197
1780035676.429746,33.197
1780035676.4351747,33.198
1780035676.4405553,33.198
1780035676.445981,33.194
1780035676.4513178,33.194
1780035676.4567204,33.195
1780035676.4621418,33.195
1780035676.4675786,33.196
1780035676.4729474,33.191
1780035676.4783463,33.192
1780035676.4836934,33.192
1780035676.489137,33.192
1780035676.494611,33.192
1780035676.5002942,33.189
1780035676.50655,33.189
1780035676.5122743,33.189
1780035676.518037,33.19
1780035676.5233564,33.184
1780035676.5287683,33.185
1780035676.534146,33.185
1780035676.5395818,33.186
1780035676.5449367,33.182
1780035676.550355,33.183
1780035676.5556798,33.183
1780035676.5612998,33.183
1780035676.5668056,33.185
1780035676.5725377,33.179
1780035676.5779502,33.18
1780035676.5833163,33.18
1780035676.5887468,33.18
1780035676.5943475,33.176
1780035676.6001894,33.177
1780035676.605532,33.177
1780035676.6109512,33.178
1780035676.6163824,33.18
1780035676.6219835,33.174
1780035676.6278791,33.175
1780035676.6331327,33.175
1780035676.6385252,33.176
1780035676.643943,33.171
1780035676.649333,33.172
1780035676.6554282,33.173
1780035676.6613832,33.173
1780035676.6667702,33.173
1780035676.6721663,33.169
1780035676.6776798,33.17
1780035676.6832519,33.171
1780035676.6889358,33.172
1780035676.694351,33.166
1780035676.6997824,33.167
1780035676.70519,33.167
1780035676.7105489,33.168
1780035676.7159977,33.168
1780035676.7213368,33.164
1780035676.7267318,33.165
1780035676.732134,33.165
1780035676.737582,33.166
1780035676.7431092,33.162
1780035676.7489583,33.163
1780035676.7543838,33.163
1780035676.7597396,33.164
1780035676.7651877,33.164
1780035676.770554,33.16
1780035676.775946,33.161
1780035676.7813346,33.161
1780035676.7867646,33.162
1780035676.792141,33.158
1780035676.7975957,33.16
1780035676.8031867,33.161
1780035676.8090835,33.162
1780035676.8143446,33.162
1780035676.819726,33.158
1780035676.8251917,33.159
1780035676.830563,33.16
1780035676.835986,33.16
1780035676.8413453,33.156
1780035676.8467364,33.157
1780035676.8521538,33.157
1780035676.8575928,33.158
1780035676.8629584,33.159
1780035676.8683467,33.155
1780035676.8737152,33.155
1780035676.8791354,33.156
1780035676.8845413,33.157
1780035676.8906024,33.152
1780035676.89654,33.154
1780035676.9019773,33.155
1780035676.9073312,33.155
1780035676.912772,33.156
1780035676.9181156,33.152
1780035676.923509,33.154
1780035676.9289489,33.154
1780035676.9344008,33.155
1780035676.9399352,33.151
1780035676.945774,33.152
1780035676.951175,33.153
1780035676.9565659,33.153
1780035676.9619906,33.154
1780035676.9673457,33.149
1780035676.9727583,33.15
1780035676.9781237,33.151
1780035676.9835474,33.151
1780035676.9889228,33.147
1780035676.9944427,33.148
1780035677.0000777,33.149
1780035677.005766,33.15
1780035677.011152,33.151
1780035677.016503,33.147
1780035677.0219376,33.15
1780035677.0273705,33.153
1780035677.0327852,33.156
1780035677.0380986,33.153
1780035677.0435166,33.154
1780035677.0489314,33.155
1780035677.0544057,33.156
1780035677.059766,33.157
1780035677.065158,33.153
1780035677.0704856,33.154
1780035677.0757961,33.155
1780035677.0814445,33.156
1780035677.0867984,33.151
1780035677.0922272,33.152
1780035677.097542,33.152
1780035677.1029468,33.153
1780035677.1083937,33.154
1780035677.1140232,33.15
1780035677.119929,33.15
1780035677.125442,33.151
1780035677.1309874,33.151
1780035677.1368,33.147
1780035677.1426408,33.148
1780035677.1479454,33.149
1780035677.1533554,33.15
1780035677.158798,33.152
1780035677.164407,33.146
1780035677.170312,33.147
1780035677.175541,33.148
1780035677.1809611,33.149
1780035677.1863928,33.144
1780035677.1920443,33.147
1780035677.1979394,33.15
1780035677.203256,33.152
1780035677.2087305,33.156
1780035677.21411,33.15
1780035677.219734,33.15
1780035677.2255154,33.151
1780035677.2307436,33.152
1780035677.2361016,33.146
1780035677.2415147,33.147
1780035677.2472796,33.147
1780035677.2531137,33.147
1780035677.2583435,33.146
1780035677.2637427,33.143
1780035677.2691936,33.144
1780035677.2745688,33.144
1780035677.2801008,33.145
1780035677.2854872,33.141
1780035677.2914045,33.143
1780035677.2967815,33.144
1780035677.3021522,33.144
1780035677.3075936,33.144
1780035677.3132017,33.141
1780035677.319093,33.142
1780035677.324348,33.143
1780035677.3297546,33.144
1780035677.335199,33.139
1780035677.3406005,33.14
1780035677.3466432,33.14
1780035677.3526542,33.141
1780035677.358003,33.136
1780035677.3633802,33.137
1780035677.369091,33.138
1780035677.3754985,33.139
1780035677.381402,33.14
1780035677.3867812,33.136
1780035677.392175,33.136
1780035677.3976035,33.137
1780035677.4029727,33.138
1780035677.4083574,33.133
1780035677.4137633,33.134
1780035677.4191806,33.135
1780035677.4245596,33.136
1780035677.430009,33.138
1780035677.4354324,33.134
1780035677.4414463,33.135
1780035677.4467473,33.135
1780035677.4521577,33.136
1780035677.457596,33.132
1780035677.463293,33.132
1780035677.4691627,33.133
1780035677.4744387,33.134
1780035677.4798477,33.135
1780035677.4851987,33.131
1780035677.4905667,33.132
1780035677.4966452,33.132
1780035677.5026343,33.133
1780035677.5079927,33.128
1780035677.5133865,33.129
1780035677.519079,33.13
1780035677.524876,33.131
1780035677.530186,33.129
1780035677.5356066,33.127
1780035677.5409648,33.128
1780035677.5464044,33.129
1780035677.5517793,33.13
1780035677.5571609,33.126
1780035677.5625257,33.127
1780035677.5679488,33.127
1780035677.573371,33.128
1780035677.5787957,33.127
1780035677.5844016,33.125
1780035677.5903373,33.125
1780035677.595669,33.126
1780035677.6012475,33.127
1780035677.6072774,33.122
1780035677.6131384,33.123
1780035677.618619,33.124
1780035677.6241658,33.124
1780035677.6298025,33.119
1780035677.6358275,33.12
1780035677.6418657,33.121
1780035677.647226,33.122
1780035677.6526403,33.123
1780035677.6583142,33.118
1780035677.6646717,33.119
1780035677.6706262,33.119
1780035677.6759908,33.121
1780035677.6813745,33.115
1780035677.687056,33.116
1780035677.692856,33.117
1780035677.6981204,33.118
1780035677.703512,33.113
1780035677.7089407,33.113
1780035677.714409,33.114
1780035677.7200377,33.114
1780035677.7259479,33.116
1780035677.73186,33.111
1780035677.7378004,33.112
1780035677.743188,33.113
1780035677.7485826,33.114
1780035677.754178,33.109
1780035677.7600415,33.111
1780035677.765309,33.112
1780035677.770592,33.112
1780035677.7762737,33.114
1780035677.7818832,33.109
1780035677.7883134,33.11
1780035677.7942288,33.111
1780035677.79959,33.112
1780035677.8049648,33.106
1780035677.8104167,33.107
1780035677.8157697,33.107
1780035677.8211625,33.108
1780035677.8265045,33.107
1780035677.8320346,33.105
1780035677.837625,33.105
1780035677.8434048,33.106
1780035677.8487458,33.107
1780035677.854145,33.102
1780035677.8596077,33.103
1780035677.8650346,33.104
1780035677.871067,33.104
1780035677.876411,33.1
1780035677.881739,33.101
1780035677.8871362,33.102
1780035677.8925502,33.103
1780035677.898009,33.104
1780035677.903415,33.1
1780035677.9095461,33.101
1780035677.9154363,33.102
1780035677.9207566,33.103
1780035677.926126,33.099
1780035677.9315681,33.1
1780035677.9372587,33.101
1780035677.9431405,33.101
1780035677.9483714,33.103
1780035677.9537098,33.097
1780035677.9592438,33.098
1780035677.9647872,33.098
1780035677.970661,33.099
1780035677.975957,33.094
1780035677.9813602,33.096
1780035677.986811,33.097
1780035677.9924293,33.098
1780035677.9983559,33.099
1780035678.003648,33.094
1780035678.009373,33.093
1780035678.015039,33.093
1780035678.020951,33.094
1780035678.0263915,33.09
1780035678.0317695,33.091
1780035678.0375078,33.092
1780035678.0433142,33.092
1780035678.0486414,33.094
1780035678.0539522,33.089
1780035678.059362,33.09
1780035678.0649164,33.091
1780035678.070463,33.092
1780035678.0763671,33.087
1780035678.082238,33.088
1780035678.08756,33.089
1780035678.0929832,33.09
1780035678.0984106,33.092
1780035678.1040425,33.085
1780035678.109955,33.086
1780035678.1154816,33.087
1780035678.1210322,33.088
1780035678.1266642,33.082
1780035678.13254,33.083
1780035678.1379766,33.084
1780035678.1433945,33.085
1780035678.1488135,33.086
1780035678.1541727,33.081
1780035678.1595724,33.083
1780035678.1649787,33.083
1780035678.170412,33.085
1780035678.1757526,33.081
1780035678.181826,33.082
1780035678.1879215,33.083
1780035678.1932673,33.083
1780035678.198765,33.08
1780035678.204553,33.08
1780035678.209977,33.081
1780035678.2153335,33.081
1780035678.220767,33.082
1780035678.22617,33.078
1780035678.2315671,33.08
1780035678.2369356,33.08
1780035678.2423182,33.081
1780035678.2478328,33.083
1780035678.253506,33.08
1780035678.2592738,33.081
1780035678.2645295,33.081
1780035678.2699614,33.083
1780035678.2753623,33.078
1780035678.2809093,33.08
1780035678.2864616,33.081
1780035678.2921412,33.081
1780035678.297575,33.081
1780035678.3029027,33.079
1780035678.308396,33.079
1780035678.3139582,33.079
1780035678.3197632,33.08
1780035678.3251607,33.077
1780035678.3305874,33.077
1780035678.336085,33.078
1780035678.3416812,33.079
1780035678.3474212,33.08
1780035678.3527813,33.077
1780035678.3581257,33.078
1780035678.3635507,33.079
1780035678.3689666,33.08
1780035678.3743935,33.077
1780035678.3800411,33.078
1780035678.3859518,33.079
1780035678.3912282,33.08
1780035678.396525,33.08
1780035678.4019234,33.078
1780035678.4073393,33.079
1780035678.4127185,33.079
1780035678.4181314,33.08
1780035678.423541,33.077
1780035678.4289463,33.078
1780035678.4343278,33.079
1780035678.4397242,33.08
1780035678.4449742,33.08
1780035678.4505694,33.078
1780035678.45664,33.078
1780035678.4627888,33.079
1780035678.4686134,33.08
1780035678.4739797,33.076
1780035678.479384,33.078
1780035678.4848113,33.079
1780035678.4901767,33.079
1780035678.4956105,33.076
1780035678.500924,33.077
1780035678.506331,33.078
1780035678.5117817,33.079
1780035678.517235,33.08
1780035678.522557,33.076
1780035678.5279799,33.077
1780035678.5333369,33.078
1780035678.5385633,33.078
1780035678.544256,33.079
1780035678.5498912,33.076
1780035678.555695,33.077
1780035678.5609305,33.077
1780035678.56632,33.078
1780035678.5717554,33.075
1780035678.5779064,33.077
1780035678.583835,33.078
1780035678.589204,33.079
1780035678.594573,33.075
1780035678.5999818,33.076
1780035678.6054087,33.077
1780035678.6112022,33.078
1780035678.6169655,33.079
1780035678.6226373,33.074
1780035678.628529,33.075
1780035678.6344235,33.075
1780035678.6403775,33.077
1780035678.6461492,33.072
1780035678.6515834,33.073
1780035678.6569195,33.074
1780035678.6622405,33.075
1780035678.6678915,33.076
1780035678.6732373,33.072
1780035678.6785595,33.073
1780035678.6839619,33.074
1780035678.68936,33.075
1780035678.6954527,33.071
1780035678.7013917,33.072
1780035678.706806,33.073
1780035678.7121894,33.074
1780035678.7176166,33.071
1780035678.7232757,33.071
1780035678.7291298,33.072
1780035678.7343678,33.073
1780035678.739727,33.074
1780035678.7451212,33.055
1780035678.7507434,33.054
1780035678.7559621,33.066
1780035678.7613156,33.075
1780035678.7667937,33.086
1780035678.7724602,33.098
1780035678.7785,33.11
1780035678.784434,33.122
1780035678.790319,33.132
1780035678.7955692,33.144
1780035678.8009877,33.154
1780035678.8064218,33.167
1780035678.8120089,33.179
1780035678.817937,33.188
1780035678.8231657,33.202
1780035678.8284981,33.212
1780035678.8337338,33.227
1780035678.8393307,33.24
1780035678.8454514,33.247
1780035678.851577,33.254
1780035678.8573594,33.255
1780035678.8627968,34.0
1780035678.8681686,33.253
1780035678.8739138,33.254
1780035678.8797252,33.255
1780035678.8849475,34.0
1780035678.890333,33.252
1780035678.8958182,33.253
1780035678.9013183,33.254
1780035678.9068627,33.255
1780035678.9125557,33.252
1780035678.9179869,33.252
1780035678.9233427,33.252
1780035678.9287667,33.252
1780035678.93418,33.253
1780035678.939619,33.25
1780035678.9452844,33.25
1780035678.9511547,33.25
1780035678.9563913,33.251
1780035678.961735,33.246
1780035678.9671743,33.247
1780035678.972586,33.247
1780035678.9786317,33.247
1780035678.9846847,33.248
1780035678.9900284,33.244
1780035678.9953625,33.245
1780035679.001098,33.245
1780035679.0068996,33.246
1780035679.0122364,33.242
1780035679.017596,33.242
1780035679.0229733,33.243
1780035679.0284297,33.243
1780035679.0337942,33.24
1780035679.0391831,33.241
1780035679.0445518,33.241
1780035679.049977,33.242
1780035679.0554047,33.243
1780035679.0609004,33.239
1780035679.066275,33.239
1780035679.072502,33.24
1780035679.078436,33.241
1780035679.084147,33.237
1780035679.0895875,33.238
1780035679.0949497,33.238
1780035679.100179,33.238
1780035679.1058633,33.238
1780035679.1112313,33.235
1780035679.1165855,33.235
1780035679.121989,33.236
1780035679.1273572,33.236
1780035679.1328504,33.232
1780035679.1384747,33.233
1780035679.1443794,33.233
1780035679.1496394,33.234
1780035679.154934,33.231
1780035679.1604426,33.23
1780035679.1661882,33.231
1780035679.1717887,33.23
1780035679.1773067,33.231
1780035679.1825483,33.225
1780035679.1879869,33.226
1780035679.1934474,33.226
1780035679.1994612,33.227
1780035679.2047763,33.221
1780035679.2101276,33.222
1780035679.2154315,33.222
1780035679.2210011,33.223
1780035679.2264287,33.224
1780035679.2317526,33.22
1780035679.2371485,33.221
1780035679.2425492,33.222
1780035679.2479286,33.222
1780035679.25332,33.218
1780035679.2584953,33.219
1780035679.2641282,33.22
1780035679.269377,33.22
1780035679.2749407,33.221
1780035679.2801373,33.217
1780035679.2857356,33.218
1780035679.2909377,33.218
1780035679.296569,33.219
1780035679.3019848,33.215
1780035679.3073368,33.216
1780035679.3125389,33.216
1780035679.3181324,33.216
1780035679.323357,33.218
1780035679.328959,33.213
1780035679.3343565,33.214
1780035679.3397987,33.215
1780035679.3452232,33.215
1780035679.3505409,33.21
1780035679.3566403,33.211
1780035679.3627286,33.211
1780035679.3680718,33.211
1780035679.3735876,33.209
1780035679.379394,33.207
1780035679.385107,33.208
1780035679.3909094,33.208
1780035679.3961456,33.209
1780035679.4015503,33.204
1780035679.4070032,33.205
1780035679.4124334,33.205
1780035679.4177918,33.206
1780035679.423186,33.203
1780035679.4285219,33.202
1780035679.4340296,33.203
1780035679.4396372,33.203
1780035679.445448,33.204
1780035679.4507885,33.199
1780035679.4562232,33.2
1780035679.4616354,33.2
1780035679.467005,33.201
1780035679.4723926,33.197
1780035679.4777164,33.198
1780035679.4833434,33.198
1780035679.4889233,33.197
1780035679.4946544,33.198
1780035679.4999986,33.193
1780035679.5053744,33.193
1780035679.5108013,33.194
1780035679.5161965,33.194
1780035679.5215936,33.19
1780035679.526985,33.191
1780035679.532369,33.192
1780035679.5377886,33.192
1780035679.5432358,33.193
1780035679.5485425,33.189
1780035679.5542707,33.189
1780035679.5598514,33.189
1780035679.5654888,33.189
1780035679.5713782,33.184
1780035679.576818,33.185
1780035679.5821965,33.185
1780035679.58791,33.185
1780035679.5937388,33.187
1780035679.5990484,33.182
1780035679.6044018,33.183
1780035679.6097994,33.183
1780035679.6152265,33.184
1780035679.6205456,33.179
1780035679.6262832,33.18
1780035679.6318753,33.18
1780035679.6375594,33.18
1780035679.6434186,33.182
1780035679.648779,33.177
1780035679.654182,33.178
1780035679.6596308,33.178
1780035679.665006,33.179
1780035679.6703978,33.175
1780035679.6757903,33.176
1780035679.6812277,33.177
1780035679.6866124,33.177
1780035679.6920302,33.179
1780035679.6973312,33.175
1780035679.7026455,33.176
1780035679.7085083,33.176
1780035679.7144227,33.177
1780035679.720156,33.173
1780035679.7255502,33.174
1780035679.7309566,33.174
1780035679.7363899,33.174
1780035679.7418315,33.176
1780035679.747591,33.171
1780035679.7539377,33.172
1780035679.7598648,33.172
1780035679.7652245,33.173
1780035679.770538,33.168
1780035679.7760558,33.168
1780035679.7816765,33.169
1780035679.787372,33.17
1780035679.7927926,33.165
1780035679.7981253,33.166
1780035679.8033037,33.167
1780035679.8089356,33.167
1780035679.814175,33.168
1780035679.819739,33.164
1780035679.8249452,33.165
1780035679.830579,33.165
1780035679.836037,33.166
1780035679.8413951,33.163
1780035679.8474536,33.163
1780035679.8535407,33.164
1780035679.858888,33.163
1780035679.864416,33.163
1780035679.870419,33.16
1780035679.8763433,33.161
1780035679.8815842,33.162
1780035679.8869884,33.163
1780035679.8924072,33.157
1780035679.8980496,33.159
1780035679.9039576,33.16
1780035679.9091835,33.16
1780035679.9146862,33.16
1780035679.9200253,33.156
1780035679.9254065,33.157
1780035679.9316099,33.157
1780035679.9375165,33.159
1780035679.9427898,33.155
1780035679.94823,33.157
1780035679.9536383,33.16
1780035679.9589863,33.163
1780035679.964402,33.16
1780035679.9697416,33.161
1780035679.9750583,33.162
1780035679.9807184,33.162
1780035679.9867005,33.163
1780035679.991987,33.158
1780035679.9973414,33.159
1780035680.0025833,33.16
1780035680.0081844,33.16
1780035680.0136065,33.157
1780035680.01892,33.157
1780035680.0244977,33.158
1780035680.030082,33.157
1780035680.0358646,33.158
1780035680.041196,33.153
1780035680.046615,33.154
1780035680.0520377,33.155
1780035680.0574195,33.155
1780035680.0628006,33.151
1780035680.068164,33.152
1780035680.0735693,33.153
1780035680.0789993,33.153
1780035680.0844436,33.154
1780035680.0897272,33.15
1780035680.0952587,33.15
1780035680.1008272,33.15
1780035680.1066453,33.151
1780035680.1120062,33.146
1780035680.1173708,33.146
1780035680.1228392,33.147
1780035680.1284573,33.147
1780035680.1343937,33.148
1780035680.1396592,33.146
1780035680.1449924,33.146
1780035680.1504455,33.147
1780035680.1558146,33.148
1780035680.161243,33.147
1780035680.1665738,33.148
1780035680.171976,33.149
1780035680.1774218,33.15
1780035680.182838,33.151
1780035680.1882002,33.148
1780035680.1936004,33.15
1780035680.1989381,33.15
1780035680.2041817,33.151
1780035680.209786,33.149
1780035680.2152424,33.15
1780035680.2206068,33.151
1780035680.2260015,33.152
1780035680.2313523,33.153
1780035680.2365878,33.151
1780035680.242223,33.153
1780035680.247639,33.154
1780035680.2529674,33.154
1780035680.2583702,33.153
1780035680.2638314,33.154
1780035680.269247,33.154
1780035680.2746108,33.155
1780035680.280003,33.157
1780035680.285355,33.155
1780035680.2907867,33.156
1780035680.2962291,33.156
1780035680.3016472,33.157
1780035680.3069932,33.155
1780035680.3124096,33.156
1780035680.3177238,33.157
1780035680.3229706,33.158
1780035680.3287432,33.16
1780035680.334046,33.157
1780035680.339372,33.158
1780035680.3447692,33.159
1780035680.3501759,33.16
1780035680.3556476,33.158
1780035680.3609958,33.16
1780035680.3664126,33.16
1780035680.3717504,33.161
1780035680.3769968,33.159
1780035680.3825982,33.16
1780035680.3880472,33.162
1780035680.3934178,33.162
1780035680.3988047,33.163
1780035680.4041572,33.161
1780035680.4096065,33.162
1780035680.4150715,33.163
1780035680.420449,33.164
1780035680.4257646,33.163
1780035680.4311602,33.163
1780035680.436572,33.164
1780035680.4420428,33.165
1780035680.4474077,33.166
1780035680.4528053,33.164
1780035680.4581504,33.165
1780035680.4633806,33.165
1780035680.4689987,33.166
1780035680.4744487,33.165
1780035680.479815,33.165
1780035680.4852037,33.166
1780035680.4905455,33.167
1780035680.4957855,33.169
1780035680.5014145,33.168
1780035680.5068417,33.171
1780035680.5121698,33.174
1780035680.5175736,33.177
1780035680.522999,33.177
1780035680.528451,33.178
1780035680.533799,33.179
1780035680.539214,33.179
1780035680.5446234,33.181
1780035680.5500193,33.179
1780035680.555397,33.18
1780035680.5608497,33.181
1780035680.5661914,33.182
1780035680.5716174,33.179
1780035680.5769787,33.179
1780035680.5824268,33.18
1780035680.5878174,33.181
1780035680.5932465,33.183
1780035680.598564,33.178
1780035680.6039586,33.179
1780035680.6094217,33.18
1780035680.614872,33.18
1780035680.620203,33.177
1780035680.6256485,33.178
1780035680.6309521,33.178
1780035680.6363559,33.179
1780035680.6418684,33.18
1780035680.6472487,33.177
1780035680.6525908,33.178
1780035680.6580136,33.179
1780035680.6633673,33.179
1780035680.6687932,33.176
1780035680.6742556,33.177
1780035680.6796532,33.178
1780035680.6849847,33.178
1780035680.6903803,33.18
1780035680.6957824,33.176
1780035680.7012537,33.177
1780035680.7068877,33.177
1780035680.712766,33.179
1780035680.717996,33.174
1780035680.7234414,33.175
1780035680.7288537,33.175
1780035680.734225,33.176
1780035680.7396488,33.177
1780035680.7449634,33.172
1780035680.7502894,33.173
1780035680.7562459,33.173
1780035680.7617753,33.174
1780035680.767426,33.169
1780035680.773261,33.168
1780035680.778832,33.167
1780035680.784624,33.168
1780035680.7900093,33.166
1780035680.795378,33.164
1780035680.801123,33.165
1780035680.8074136,33.165
1780035680.812987,33.166
1780035680.8185103,33.161
1780035680.8244011,33.162
1780035680.8297355,33.163
1780035680.835289,33.163
1780035680.841039,33.158
1780035680.84642,33.159
1780035680.8518233,33.16
1780035680.8572478,33.16
1780035680.862607,33.161
1780035680.8683238,33.156
1780035680.8741248,33.157
1780035680.8793836,33.158
1780035680.8847682,33.158
1780035680.890176,33.153
1780035680.8959668,33.154
1780035680.9023213,33.155
1780035680.9082658,33.155
1780035680.9136438,33.153
1780035680.918988,33.152
1780035680.9244573,33.152
1780035680.930063,33.153
1780035680.935975,33.154
1780035680.9414587,33.149
1780035680.9470203,33.15
1780035680.9529166,33.15
1780035680.9588435,33.151
1780035680.9646132,33.146
1780035680.9700172,33.147
1780035680.9753776,33.148
1780035680.9808006,33.149
1780035680.9862258,33.15
1780035680.991645,33.145
1780035680.9970129,33.146
1780035681.0024226,33.146
1780035681.0078285,33.147
1780035681.013254,33.143
1780035681.0188875,33.144
1780035681.024785,33.145
1780035681.030073,33.145
1780035681.035564,33.146
1780035681.0409255,33.141
1780035681.0464854,33.141
1780035681.052381,33.142
1780035681.0576465,33.143
1780035681.0629928,33.139
1780035681.0684588,33.14
1780035681.0740757,33.14
1780035681.0800092,33.141
1780035681.0852764,33.142
1780035681.09067,33.138
1780035681.0960207,33.141
1780035681.1014254,33.143
1780035681.106852,33.146
1780035681.112166,33.143
1780035681.117581,33.144
1780035681.1230195,33.144
1780035681.1287396,33.145
1780035681.1345687,33.146
1780035681.1399577,33.141
1780035681.1459055,33.142
1780035681.1512496,33.142
1780035681.156635,33.143
1780035681.1626565,33.139
1780035681.1687143,33.14
1780035681.1740615,33.141
1780035681.179423,33.141
1780035681.1848562,33.142
1780035681.1902251,33.138
1780035681.1956198,33.139
1780035681.2010152,33.14
1780035681.2064602,33.141
1780035681.2119946,33.137
1780035681.2178562,33.139
1780035681.22327,33.139
1780035681.2286236,33.14
1780035681.2340536,33.142
1780035681.2394357,33.136
1780035681.2448225,33.137
1780035681.2502007,33.137
1780035681.2556386,33.138
1780035681.2609537,33.134
1780035681.266139,33.135
1780035681.271783,33.136
1780035681.2771604,33.137
1780035681.2826257,33.138
1780035681.2880533,33.135
1780035681.2934477,33.136
1780035681.299502,33.136
1780035681.30547,33.137
1780035681.3108504,33.134
1780035681.316259,33.135
1780035681.3219132,33.135
1780035681.327716,33.136
1780035681.3330095,33.137
1780035681.3383844,33.134
1780035681.3437967,33.134
1780035681.3492608,33.135
1780035681.3546476,33.136
1780035681.360025,33.134
1780035681.3654065,33.135
1780035681.370831,33.136
1780035681.3762345,33.137
1780035681.3816562,33.139
1780035681.3870244,33.136
1780035681.392419,33.136
1780035681.397776,33.137
1780035681.4032242,33.138
1780035681.4086814,33.136
1780035681.4140637,33.137
1780035681.4193854,33.138
1780035681.4247835,33.139
1780035681.4302619,33.14
1780035681.435657,33.137
1780035681.4410079,33.139
1780035681.446421,33.14
1780035681.451754,33.141
1780035681.4570007,33.139
1780035681.4626634,33.14
1780035681.4680657,33.141
1780035681.4734313,33.141
1780035681.4788196,33.143
1780035681.4841802,33.14
1780035681.489627,33.141
1780035681.4950035,33.142
1780035681.500464,33.143
1780035681.5057743,33.141
1780035681.5111704,33.142
1780035681.5165873,33.143
1780035681.522091,33.143
1780035681.5275006,33.145
1780035681.5328226,33.143
1780035681.5381477,33.143
1780035681.5433736,33.144
1780035681.5489788,33.145
1780035681.5544562,33.143
1780035681.5598557,33.144
1780035681.565229,33.144
1780035681.570566,33.145
1780035681.5758142,33.147
1780035681.5814383,33.144
1780035681.586858,33.145
1780035681.5921836,33.145
1780035681.5975916,33.147
1780035681.6029994,33.145
1780035681.6084669,33.145
1780035681.6138093,33.146
1780035681.6192226,33.147
1780035681.6246538,33.148
1780035681.6300375,33.146
1780035681.635435,33.147
1780035681.6408584,33.148
1780035681.6462247,33.149
1780035681.6516314,33.147
1780035681.6570008,33.148
1780035681.6624289,33.149
1780035681.6678298,33.15
1780035681.673259,33.152
1780035681.67862,33.149
1780035681.6840086,33.15
1780035681.6894248,33.15
1780035681.6948705,33.151
1780035681.7002292,33.148
1780035681.7056613,33.15
1780035681.7109962,33.15
1780035681.7164323,33.151
1780035681.7218828,33.153
1780035681.7272654,33.151
1780035681.732628,33.151
1780035681.7380238,33.152
1780035681.7433991,33.153
1780035681.748829,33.151
1780035681.754279,33.152
1780035681.7596705,33.152
1780035681.7649987,33.153
1780035681.7703915,33.154
1780035681.775804,33.151
1780035681.781266,33.152
1780035681.7865937,33.153
1780035681.7920635,33.154
1780035681.7973754,33.152
1780035681.8028145,33.153
1780035681.808234,33.153
1780035681.8136613,33.154
1780035681.8190858,33.155
1780035681.824432,33.154
1780035681.8297718,33.154
1780035681.8350172,33.155
1780035681.8406162,33.156
1780035681.8460684,33.154
1780035681.8514342,33.155
1780035681.8568118,33.155
1780035681.86223,33.156
1780035681.8676713,33.158
1780035681.8731213,33.155
1780035681.8784711,33.155
1780035681.8837826,33.156
1780035681.8891816,33.157
1780035681.8946202,33.155
1780035681.9000733,33.156
1780035681.9054375,33.157
1780035681.9108276,33.157
1780035681.9162853,33.159
1780035681.921664,33.156
1780035681.9270108,33.156
1780035681.9324696,33.157
1780035681.9378161,33.158
1780035681.9432237,33.146
1780035681.9488618,33.143
1780035681.9546022,33.149
1780035681.9600692,33.162
1780035681.9655552,33.171
1780035681.9711137,33.183
1780035681.9769459,33.192
1780035681.9824774,33.2
1780035681.9880126,33.211
1780035681.9937065,33.221
1780035681.999364,33.232
1780035682.0052648,33.241
1780035682.0112696,34.0
1780035682.0171385,34.01
1780035682.0224195,34.022
1780035682.0278406,34.033
1780035682.0332515,34.048
1780035682.0385556,34.061
1780035682.0438132,34.066
1780035682.0493927,34.07
1780035682.0547957,34.07
1780035682.0602248,34.071
1780035682.0656712,34.068
1780035682.0710628,34.069
1780035682.0764391,34.07
1780035682.0817878,34.071
1780035682.0872228,34.069
1780035682.0926516,34.07
1780035682.0980723,34.071
1780035682.103436,34.072
1780035682.108831,34.073
1780035682.1141987,34.071
1780035682.1196692,34.072
1780035682.1250293,34.073
1780035682.130475,34.074
1780035682.1357796,34.072
1780035682.1411858,34.073
1780035682.1466212,34.074
1780035682.1520736,34.075
1780035682.157515,34.076
1780035682.1628332,34.074
1780035682.168192,34.075
1780035682.1736286,34.076
1780035682.1790347,34.077
1780035682.1844718,34.074
1780035682.1898324,34.075
1780035682.1952202,34.075
1780035682.2006216,34.076
1780035682.2060735,34.074
1780035682.211432,34.074
1780035682.216876,34.075
1780035682.2221987,34.076
1780035682.2276542,34.077
1780035682.2329922,34.074
1780035682.238431,34.076
1780035682.2437942,34.076
1780035682.2491906,34.077
1780035682.2545612,34.075
1780035682.2598054,34.078
1780035682.2654765,34.081
1780035682.2708793,34.084
1780035682.276236,34.086
1780035682.281627,34.084
1780035682.2870107,34.085
1780035682.2924778,34.085
1780035682.2978287,34.086
1780035682.3032806,34.083
1780035682.3086293,34.084
1780035682.3140604,34.084
1780035682.319427,34.085
1780035682.3248808,34.087
1780035682.3302405,34.083
1780035682.3356335,34.084
1780035682.3409758,34.084
1780035682.3462422,34.084
1780035682.3518279,34.082
1780035682.357278,34.082
1780035682.3626342,34.083
1780035682.3680305,34.083
1780035682.3734684,34.084
1780035682.3788762,34.081
1780035682.3842247,34.082
1780035682.3896775,34.082
1780035682.3950038,34.083
1780035682.4004066,34.08
1780035682.4058218,34.081
1780035682.4112687,34.081
1780035682.4166338,34.082
1780035682.4220436,34.079
1780035682.427375,34.079
1780035682.43262,34.08
1780035682.4382446,34.08
1780035682.4436731,34.081
1780035682.4490304,34.078
1780035682.4544456,34.079
1780035682.4598327,34.08
1780035682.4652817,34.08
1780035682.470634,34.078
1780035682.4760811,34.078
1780035682.4814,34.079
1780035682.486795,34.079
1780035682.4922264,34.08
1780035682.4976678,34.077
1780035682.5030224,34.078
1780035682.5084429,34.078
1780035682.513793,34.079
1780035682.5192297,34.077
1780035682.5246563,34.077
1780035682.5300744,34.077
1780035682.5354302,34.078
1780035682.5408456,34.077
1780035682.5461636,34.075
1780035682.5513842,34.076
1780035682.5570893,34.076
1780035682.562486,34.077
1780035682.5677924,34.074
1780035682.573187,34.075
1780035682.5785954,34.075
1780035682.5840757,34.076
1780035682.5894268,34.075
1780035682.594841,34.073
1780035682.6001832,34.074
1780035682.6056354,34.075
1780035682.6110451,34.075
1780035682.6164742,34.073
1780035682.6218388,34.073
1780035682.6272473,34.074
1780035682.6325977,34.074
1780035682.6380281,34.072
1780035682.6434395,34.072
1780035682.6488833,34.073
1780035682.654203,34.074
1780035682.6596122,34.075
1780035682.6650245,34.072
1780035682.670486,34.073
1780035682.6758413,34.073
1780035682.6812475,34.074
1780035682.6865902,34.072
1780035682.692016,34.076
1780035682.6974638,34.078
1780035682.7028835,34.081
1780035682.7083087,34.084
1780035682.7136264,34.081
1780035682.7189963,34.081
1780035682.724428,34.082
1780035682.7298505,34.083
1780035682.735276,34.08
1780035682.740647,34.08
1780035682.7460265,34.081
1780035682.7514222,34.081
1780035682.7568848,34.081
1780035682.7622256,34.079
1780035682.767683,34.08
1780035682.7730105,34.08
1780035682.7784488,34.081
1780035682.783801,34.078
1780035682.7892814,34.079
1780035682.7946274,34.079
1780035682.8000479,34.08
1780035682.805487,34.08
1780035682.8108816,34.078
1780035682.816226,34.078
1780035682.821687,34.079
1780035682.827035,34.079
1780035682.8324544,34.078
1780035682.837829,34.081
1780035682.8432782,34.084
1780035682.8486989,34.086
1780035682.8540854,34.086
1780035682.8594089,34.086
1780035682.8648448,34.087
1780035682.8702388,34.087
1780035682.8756828,34.088
1780035682.8810441,34.085
1780035682.8864534,34.086
1780035682.891797,34.086
1780035682.89723,34.087
1780035682.9026427,34.085
1780035682.908089,34.086
1780035682.913437,34.086
1780035682.9188464,34.087
1780035682.9242322,34.087
1780035682.9296758,34.084
1780035682.9350245,34.085
1780035682.9404848,34.086
1780035682.945811,34.087
1780035682.9512563,34.084
1780035682.9566948,34.085
1780035682.9620826,34.086
1780035682.9674475,34.086
1780035682.9728441,34.087
1780035682.9781835,34.084
1780035682.9836318,34.086
1780035682.9890468,34.086
1780035682.9944932,34.087
1780035682.9997997,34.083
1780035683.0051966,34.084
1780035683.010633,34.084
1780035683.016087,34.084
1780035683.0215135,34.086
1780035683.0268807,34.082
1780035683.0322094,34.083
1780035683.0376585,34.083
1780035683.0430524,34.084
1780035683.0484438,34.082
1780035683.0538638,34.082
1780035683.059252,34.083
1780035683.0645857,34.083
1780035683.0698347,34.083
1780035683.0754328,34.081
1780035683.0808825,34.081
1780035683.086248,34.082
1780035683.091655,34.082
1780035683.0970135,34.079
1780035683.1024897,34.08
1780035683.1078453,34.081
1780035683.1132882,34.082
1780035683.118676,34.083
1780035683.1240764,34.08
1780035683.1294448,34.08
1780035683.1348908,34.081
1780035683.1402378,34.081
1780035683.1456532,34.079
1780035683.150998,34.079
1780035683.1562414,34.08
1780035683.1618497,34.08
1780035683.1672873,34.079
1780035683.1726546,34.081
1780035683.1780465,34.084
1780035683.1834502,34.087
1780035683.1888826,34.09
1780035683.1942499,34.088
1780035683.1996899,34.088
1780035683.2050111,34.089
1780035683.2104099,34.09
1780035683.215809,34.087
1780035683.2212868,34.087
1780035683.2266507,34.088
1780035683.232049,34.089
1780035683.2373939,34.089
1780035683.242641,34.087
1780035683.2482483,34.088
1780035683.2536929,34.088
1780035683.2590578,34.089
1780035683.26445,34.086
1780035683.2698362,34.087
1780035683.2752874,34.088
1780035683.2806396,34.088
1780035683.2860918,34.089
1780035683.2914095,34.086
1780035683.2968209,34.087
1780035683.3022416,34.087
1780035683.3076932,34.088
1780035683.3130429,34.085
1780035683.3184607,34.086
1780035683.3237839,34.087
1780035683.3290293,34.087
1780035683.334644,34.088
1780035683.3400905,34.086
1780035683.3454547,34.086
1780035683.3508494,34.087
1780035683.3561783,34.088
1780035683.3616278,34.085
1780035683.3670957,34.085
1780035683.3724957,34.086
1780035683.3778055,34.087
1780035683.3832016,34.088
1780035683.3886259,34.084
1780035683.3940926,34.085
1780035683.3994446,34.085
1780035683.4048574,34.086
1780035683.4101946,34.083
1780035683.4156406,34.084
1780035683.421055,34.084
1780035683.426499,34.086
1780035683.4319131,34.087
1780035683.4372592,34.083
1780035683.4425883,34.084
1780035683.447838,34.085
1780035683.4534616,34.086
1780035683.4588861,34.083
1780035683.464257,34.083
1780035683.4696386,34.084
1780035683.475049,34.085
1780035683.4804974,34.083
1780035683.4858358,34.083
1780035683.491256,34.084
1780035683.4966004,34.084
1780035683.5018468,34.085
1780035683.5074353,34.082
1780035683.512896,34.083
1780035683.518244,34.083
1780035683.5236588,34.084
1780035683.5290186,34.083
1780035683.5344484,34.082
1780035683.539863,34.083
1780035683.5452926,34.084
1780035683.5506573,34.084
1780035683.5560462,34.082
1780035683.5614102,34.083
1780035683.5667994,34.083
1780035683.5721967,34.084
1780035683.5775943,34.082
1780035683.582944,34.082
1780035683.588143,34.083
1780035683.593812,34.083
1780035683.5991971,34.084
1780035683.6045682,34.08
1780035683.6097426,34.081
1780035683.6153843,34.081
1780035683.620583,34.081
1780035683.6261737,34.078
1780035683.6313386,34.077
1780035683.6369982,34.078
1780035683.6421998,34.078
1780035683.6478221,34.078
1780035683.653196,34.074
1780035683.658586,34.074
1780035683.663784,34.074
1780035683.6693845,34.074
1780035683.6745813,34.07
1780035683.6801844,34.071
1780035683.6853654,34.071
1780035683.6910055,34.071
1780035683.696243,34.072
1780035683.70181,34.067
1780035683.7069983,34.068
1780035683.7126174,34.068
1780035683.7179973,34.068
1780035683.7233717,34.067
1780035683.7285593,34.064
1780035683.7341862,34.064
1780035683.7394023,34.064
1780035683.7449963,34.064
1780035683.7501907,34.06
1780035683.7557826,34.06
1780035683.7609828,34.061
1780035683.766599,34.061
1780035683.771804,34.059
1780035683.7773657,34.057
1780035683.782541,34.058
1780035683.7881842,34.058
1780035683.793397,34.059
1780035683.7989938,34.054
1780035683.804169,34.055
1780035683.8098023,34.055
1780035683.8150015,34.055
1780035683.8206978,34.056
1780035683.8260381,34.051
1780035683.8314373,34.052
1780035683.8368134,34.052
1780035683.8422034,34.053
1780035683.8476028,34.049
1780035683.8530195,34.049
1780035683.8584073,34.049
1780035683.8638215,34.049
1780035683.8692005,34.05
1780035683.8746111,34.046
1780035683.8797853,34.047
1780035683.88543,34.047
1780035683.8908062,34.047
1780035683.896184,34.043
1780035683.9013672,34.044
1780035683.906997,34.045
1780035683.9121928,34.045
1780035683.9178572,34.047
1780035683.9232223,34.042
1780035683.9286578,34.043
1780035683.9340284,34.043
1780035683.9394069,34.044
1780035683.9446044,34.04
1780035683.9502404,34.041
1780035683.955623,34.041
1780035683.9610007,34.042
1780035683.9662323,34.043
1780035683.9718955,34.038
1780035683.9773796,34.039
1780035683.9830773,34.039
1780035683.9886727,34.04
1780035683.9940643,34.034
1780035683.9994507,34.035
1780035684.0049024,34.036
1780035684.0103214,34.036
1780035684.015709,34.038
1780035684.021179,34.033
1780035684.0265012,34.033
1780035684.032124,34.034
1780035684.0380812,34.035
1780035684.0438552,34.03
1780035684.0492654,34.031
1780035684.0546029,34.032
1780035684.0600398,34.033
1780035684.0654664,34.034
1780035684.0708232,34.029
1780035684.0762324,34.03
1780035684.0816004,34.031
1780035684.0870435,34.032
1780035684.0925903,34.027
1780035684.0978544,34.028
1780035684.103247,34.029
1780035684.1086056,34.029
1780035684.1138222,34.029
1780035684.1194108,34.026
1780035684.1246152,34.026
1780035684.1302147,34.027
1780035684.1354136,34.028
1780035684.1409762,34.024
1780035684.146149,34.025
1780035684.1517758,34.026
1780035684.156974,34.026
1780035684.1626754,34.027
1780035684.1680315,34.023
1780035684.1733937,34.023
1780035684.1788929,34.024
1780035684.1849492,34.025
1780035684.1901956,34.02
1780035684.1953886,34.021
1780035684.2010155,34.021
1780035684.2062178,34.022
1780035684.2118819,34.023
1780035684.217244,34.017
1780035684.222614,34.018
1780035684.2278554,34.018
1780035684.2334352,34.019
1780035684.2388306,34.014
1780035684.2442389,34.015
1780035684.2496183,34.015
1780035684.255,34.015
1780035684.2602274,34.016
1780035684.2658944,34.012
1780035684.2712471,34.012
1780035684.2766,34.013
1780035684.2818823,34.013
1780035684.287556,34.009
1780035684.29354,34.009
1780035684.299545,34.009
1780035684.3049092,34.009
1780035684.3103316,34.01
1780035684.3159919,34.003
1780035684.3217962,34.003
1780035684.3270636,34.003
1780035684.332448,34.004
1780035684.337811,33.255
1780035684.3430564,33.255
1780035684.3489232,34.0
1780035684.354863,34.0
1780035684.360128,33.254
1780035684.3654613,33.251
1780035684.3709097,33.251
1780035684.3765357,33.251
1780035684.3824384,33.252
1780035684.3876562,33.247
1780035684.3931668,33.247
1780035684.398508,33.248
1780035684.4038637,33.249
1780035684.4093094,33.249
1780035684.4146721,33.244
1780035684.4200552,33.245
1780035684.4254363,33.246
1780035684.4308183,33.246
1780035684.4362004,33.242
1780035684.4413767,33.243
1780035684.4470282,33.244
1780035684.4524152,33.244
1780035684.457808,33.246
1780035684.4630008,33.241
1780035684.4686458,33.242
1780035684.4740238,33.243
1780035684.47941,33.244
1780035684.484606,33.24
1780035684.4901955,33.241
1780035684.4954035,33.242
1780035684.5010114,33.242
1780035684.5062373,33.243
1780035684.5118024,33.239
1780035684.5169992,33.24
1780035684.522644,33.24
1780035684.5280268,33.241
1780035684.533383,33.238
1780035684.538543,33.238
1780035684.5442815,33.239
1780035684.5496461,33.239
1780035684.5550292,33.24
1780035684.560405,33.236
1780035684.5657928,33.237
1780035684.5709918,33.238
1780035684.5766299,33.238
1780035684.5820162,33.235
1780035684.5873914,33.235
1780035684.592566,33.236
1780035684.5982075,33.237
1780035684.6034064,33.238
1780035684.608997,33.234
1780035684.6141722,33.235
1780035684.6198194,33.236
1780035684.625018,33.237
1780035684.6306942,33.239
1780035684.6360497,33.234
1780035684.6414173,33.235
1780035684.6466174,33.236
1780035684.6522067,33.236
1780035684.6573884,33.233
1780035684.6630507,33.233
1780035684.6684275,33.235
1780035684.673846,33.235
1780035684.679226,33.237
1780035684.6846128,33.232
1780035684.6897888,33.233
1780035684.6954315,33.234
1780035684.700815,33.235
1780035684.706205,33.231
1780035684.7113879,33.232
1780035684.717012,33.233
1780035684.7222083,33.234
1780035684.727859,33.235
1780035684.7332664,33.231
1780035684.738619,33.232
1780035684.7438266,33.232
1780035684.7494416,33.233
1780035684.7548034,33.23
1780035684.760191,33.23
1780035684.765408,33.231
1780035684.771032,33.232
1780035684.7764573,33.234
1780035684.781803,33.229
1780035684.7869923,33.23
1780035684.7926412,33.231
1780035684.7980175,33.232
1780035684.8033757,33.23
1780035684.8085241,33.228
1780035684.814266,33.229
1780035684.8196318,33.23
1780035684.8250506,33.231
1780035684.8304346,33.227
1780035684.8357844,33.228
1780035684.8410256,33.228
1780035684.8466353,33.229
1780035684.8520374,33.228
1780035684.857394,33.226
1780035684.8625693,33.227
1780035684.868219,33.228
1780035684.873458,33.229
1780035684.8790052,33.226
1780035684.8841941,33.227
1780035684.889813,33.227
1780035684.8950164,33.228
1780035684.900682,33.23
1780035684.9060512,33.225
1780035684.9114652,33.226
1780035684.916843,33.227
1780035684.9222214,33.228
1780035684.9274137,33.224
1780035684.9330611,33.225
1780035684.938414,33.226
1780035684.9438465,33.227
1780035684.9492242,33.228
1780035684.9546323,33.224
1780035684.959807,33.225
1780035684.9654334,33.225
1780035684.970814,33.226
1780035684.9761913,33.222
1780035684.9813778,33.223
1780035684.9870207,33.224
1780035684.9925132,33.225
1780035684.9985952,33.227
1780035685.0038242,33.221
1780035685.0089903,33.222
1780035685.0147011,33.223
1780035685.0200799,33.224
1780035685.0254042,33.22
1780035685.030572,33.221
1780035685.0361972,33.222
1780035685.0414097,33.223
1780035685.0470529,33.224
1780035685.052475,33.221
1780035685.0578275,33.222
1780035685.063232,33.223
1780035685.068628,33.224
1780035685.074006,33.22
1780035685.079422,33.221
1780035685.0845962,33.222
1780035685.0902367,33.222
1780035685.0956235,33.224
1780035685.1010144,33.22
1780035685.1061912,33.221
1780035685.1118357,33.222
1780035685.1172206,33.223
1780035685.1226275,33.223
1780035685.128045,33.199
1780035685.133585,33.201
1780035685.1388485,33.214
1780035685.144353,33.223
1780035685.1496828,33.234
1780035685.1551476,33.245
1780035685.161385,34.001
1780035685.1674173,34.012
1780035685.1733131,34.024
1780035685.1792386,34.034
1780035685.1844673,34.046
1780035685.189814,34.055
1780035685.195341,34.067
1780035685.2010381,34.077
1780035685.2069523,34.09
1780035685.212617,34.1
1780035685.2178419,34.122
1780035685.2235248,34.125
1780035685.2288585,34.128
1780035685.234309,34.128
1780035685.2396648,34.128
1780035685.2450001,34.126
1780035685.2501526,34.124
1780035685.2558603,34.125
1780035685.26124,34.125
1780035685.2666206,34.125
1780035685.271817,34.121
1780035685.2774286,34.121
1780035685.2826402,34.122
1780035685.2883275,34.122
1780035685.2936556,34.119
1780035685.2990148,34.119
1780035685.3042183,34.12
1780035685.309861,34.12
1780035685.3152812,34.121
1780035685.3206089,34.116
1780035685.3257973,34.117
1780035685.3314514,34.118
1780035685.3368306,34.118
1780035685.342177,34.115
1780035685.3473415,34.115
1780035685.3530452,34.116
1780035685.3584201,34.116
1780035685.3638396,34.117
1780035685.369219,34.112
1780035685.374607,34.112
1780035685.3798053,34.112
1780035685.3854535,34.111
1780035685.3908298,34.107
1780035685.3961837,34.106
1780035685.4013689,34.105
1780035685.4070125,34.105
1780035685.4122493,34.105
1780035685.4178162,34.1
1780035685.423005,34.099
1780035685.428619,34.099
1780035685.4338214,34.099
1780035685.439417,34.095
1780035685.4445722,34.093
1780035685.450225,34.093
1780035685.4554272,34.093
1780035685.4610622,34.093
1780035685.46648,34.088
1780035685.4718318,34.088
1780035685.4772284,34.088
1780035685.4826374,34.087
1780035685.4880228,34.083
1780035685.493423,34.083
1780035685.4986234,34.083
1780035685.504227,34.082
1780035685.5094602,34.083
1780035685.5150344,34.078
1780035685.520225,34.078
1780035685.5258331,34.077
1780035685.5310762,34.077
1780035685.536641,34.072
1780035685.5418096,34.072
1780035685.5474699,34.071
1780035685.5528514,34.071
1780035685.5582733,34.071
1780035685.5636795,34.066
1780035685.5690312,34.066
1780035685.5742402,34.065
1780035685.579848,34.065
1780035685.5852246,34.061
1780035685.590578,34.061
1780035685.5960946,34.06
1780035685.602162,34.06
1780035685.607513,34.061
1780035685.6128602,34.056
1780035685.6181908,34.056
1780035685.6234033,34.056
1780035685.6290145,34.056
1780035685.634212,34.051
1780035685.639858,34.051
1780035685.6452346,34.051
1780035685.650611,34.051
1780035685.6558087,34.05
1780035685.6614485,34.046
1780035685.6668274,34.046
1780035685.67223,34.046
1780035685.677426,34.046
1780035685.6830149,34.041
1780035685.68819,34.041
1780035685.6938386,34.041
1780035685.699036,34.04
1780035685.7047381,34.041
1780035685.7100582,34.036
1780035685.7154307,34.036
1780035685.72063,34.035
1780035685.7262294,34.036
1780035685.731425,34.031
1780035685.7370732,34.031
1780035685.742454,34.031
1780035685.7478611,34.031
1780035685.753254,34.03
1780035685.7586243,34.027
1780035685.7638252,34.027
1780035685.7694283,34.027
1780035685.7746027,34.027
1780035685.7802033,34.023
1780035685.7853866,34.023
1780035685.7910385,34.022
1780035685.79643,34.022
1780035685.8019125,34.023
1780035685.8072858,34.017
1780035685.8126142,34.017
1780035685.8178551,34.017
1780035685.8234768,34.017
1780035685.8288653,34.014
1780035685.8342547,34.014
1780035685.8396425,34.013
1780035685.845033,34.013
1780035685.85025,34.011
1780035685.855889,34.009
1780035685.862089,34.009
1780035685.8679802,34.009
1780035685.8733,34.01
1780035685.8786511,34.004
1780035685.8842473,34.004
1780035685.8901033,34.003
1780035685.8962278,34.004
1780035685.9015841,33.254
1780035685.9075003,33.254
1780035685.9129171,33.254
1780035685.9182854,33.254
1780035685.92374,33.255
1780035685.9291437,33.249
1780035685.935173,33.25
1780035685.94048,33.25
1780035685.94584,33.25
1780035685.9512765,33.244
1780035685.956986,33.244
1780035685.9630113,33.245
1780035685.968653,33.244
1780035685.974048,33.241
1780035685.979414,33.24
1780035685.9845936,33.24
1780035685.990247,33.24
1780035685.995477,33.24
1780035686.0010414,33.236
1780035686.0062356,33.236
1780035686.0118272,33.236
1780035686.01708,33.236
1780035686.0227387,33.236
1780035686.0281694,33.231
1780035686.0334492,33.231
1780035686.0388281,33.231
1780035686.0442436,33.231
1780035686.0494387,33.227
1780035686.055095,33.227
1780035686.060471,33.228
1780035686.0658429,33.227
1780035686.0710452,33.226
1780035686.0766137,33.223
1780035686.081824,33.223
1780035686.0874326,33.223
1780035686.0926747,33.224
1780035686.0982459,33.22
1780035686.1034389,33.22
1780035686.1090372,33.22
1780035686.114241,33.22
1780035686.1199079,33.221
1780035686.1252782,33.217
1780035686.1306524,33.217
1780035686.136038,33.217
1780035686.141442,33.217
1780035686.1466358,33.213
1780035686.1522818,33.213
1780035686.1576505,33.213
1780035686.1630352,33.213
1780035686.1682324,33.214
1780035686.1738315,33.209
1780035686.179033,33.209
1780035686.184641,33.209
1780035686.18984,33.209
1780035686.1954057,33.205
1780035686.2005866,33.206
1780035686.206243,33.206
1780035686.2114403,33.206
1780035686.2171059,33.207
1780035686.2224708,33.203
1780035686.2278233,33.203
1780035686.2330217,33.203
1780035686.2386482,33.204
1780035686.243813,33.2
1780035686.2494607,33.2
1780035686.254837,33.2
1780035686.2602184,33.2
1780035686.2654297,33.201
1780035686.2710445,33.197
1780035686.2762337,33.197
1780035686.2818298,33.197
1780035686.287032,33.197
1780035686.29261,33.194
1780035686.2977843,33.194
1780035686.3034444,33.195
1780035686.30884,33.195
1780035686.3142533,33.195
1780035686.3196852,33.191
1780035686.325075,33.191
1780035686.3304586,33.191
1780035686.3358586,33.192
1780035686.3412302,33.188
1780035686.3466327,33.188
1780035686.3518314,33.188
1780035686.3574355,33.188
1780035686.3626344,33.189
1780035686.368228,33.185
1780035686.3734272,33.185
1780035686.3790803,33.185
1780035686.3844686,33.186
1780035686.3898351,33.182
1780035686.394998,33.182
1780035686.4006686,33.183
1780035686.40604,33.183
1780035686.4114554,33.184
1780035686.4168415,33.18
1780035686.422254,33.18
1780035686.4280496,33.18
1780035686.4338489,33.18
1780035686.4393532,33.175
1780035686.4452112,33.176
1780035686.451433,33.177
1780035686.457375,33.177
1780035686.463034,33.175
1780035686.4685946,33.172
1780035686.4744117,33.171
1780035686.4799724,33.171
1780035686.4859424,33.172
1780035686.4913392,33.166
1780035686.4966946,33.167
1780035686.5028512,33.167
1780035686.5087454,33.168
1780035686.514074,33.163
1780035686.5195255,33.163
1780035686.5252445,33.163
1780035686.5310392,33.164
1780035686.5363493,33.165
1780035686.541687,33.16
1780035686.547106,33.16
1780035686.552571,33.16
1780035686.5578864,33.16
1780035686.5633178,33.155
1780035686.5686922,33.156
1780035686.5741134,33.156
1780035686.5795045,33.156
1780035686.5849187,33.157
1780035686.5903442,33.152
1780035686.5964158,33.152
1780035686.6023202,33.152
1780035686.6077278,33.153
1780035686.6130555,33.148
1780035686.6184916,33.151
1780035686.6241632,33.153
1780035686.6300933,33.155
1780035686.635326,33.154
1780035686.6406083,33.153
1780035686.6457927,33.154
1780035686.6514482,33.154
1780035686.6566916,33.155
1780035686.6622415,33.152
1780035686.667433,33.152
1780035686.6730447,33.152
1780035686.6782463,33.153
1780035686.683915,33.154
1780035686.6892998,33.15
1780035686.6946838,33.15
1780035686.700105,33.15
1780035686.70553,33.151
1780035686.7109075,33.146
1780035686.7165425,33.147
1780035686.7224472,33.147
1780035686.7276895,33.148
1780035686.7331033,33.148
1780035686.73849,33.144
1780035686.7438443,33.144
1780035686.749067,33.144
1780035686.7546546,33.145
1780035686.7600427,33.141
1780035686.765469,33.141
1780035686.7708461,33.141
1780035686.7762387,33.142
1780035686.7814188,33.142
1780035686.7870262,33.139
1780035686.792202,33.139
1780035686.7978704,33.139
1780035686.803249,33.14
1780035686.8086019,33.136
1780035686.8137777,33.137
1780035686.8194737,33.137
1780035686.8248527,33.138
1780035686.830322,33.14
1780035686.8356757,33.134
1780035686.8410647,33.135
1780035686.8464463,33.135
1780035686.851878,33.135
1780035686.8572462,33.132
1780035686.8626819,33.132
1780035686.868051,33.133
1780035686.8734534,33.133
1780035686.8786526,33.135
1780035686.8842487,33.131
1780035686.889427,33.131
1780035686.8950434,33.131
1780035686.9002812,33.132
1780035686.9058604,33.129
1780035686.911052,33.129
1780035686.916643,33.129
1780035686.9218562,33.129
1780035686.927477,33.13
1780035686.9328628,33.126
1780035686.9382539,33.126
1780035686.9434955,33.126
1780035686.949087,33.127
1780035686.9544787,33.123
1780035686.9598467,33.124
1780035686.9650474,33.125
1780035686.9706726,33.125
1780035686.9760535,33.127
1780035686.981443,33.122
1780035686.986619,33.123
1780035686.9922564,33.123
1780035686.9974568,33.124
1780035687.0030272,33.12
1780035687.0081916,33.121
1780035687.0138755,33.122
1780035687.0192459,33.122
1780035687.0247278,33.123
1780035687.030101,33.12
1780035687.0354385,33.12
1780035687.0405989,33.12
1780035687.0461936,33.121
1780035687.0513766,33.117
1780035687.0570383,33.118
1780035687.0622406,33.119
1780035687.067871,33.119
1780035687.0732498,33.12
1780035687.078632,33.116
1780035687.0838072,33.117
1780035687.0895736,33.117
1780035687.0949988,33.117
1780035687.1005812,33.112
1780035687.1065435,33.113
1780035687.1124556,33.114
1780035687.1176941,33.114
1780035687.1231027,33.115
1780035687.128546,33.11
1780035687.133918,33.111
1780035687.1399715,33.111
1780035687.146008,33.112
1780035687.1513343,33.108
1780035687.1567516,33.108
1780035687.1624308,33.109
1780035687.1682296,33.109
1780035687.1735556,33.111
1780035687.178902,33.105
1780035687.1843011,33.105
1780035687.190044,33.106
1780035687.1958709,33.107
1780035687.201182,33.104
1780035687.2065196,33.104
1780035687.2119145,33.105
1780035687.217366,33.105
1780035687.2227256,33.107
1780035687.2280967,33.103
1780035687.2334518,33.103
1780035687.2387712,33.104
1780035687.2444413,33.104
1780035687.249754,33.1
1780035687.2550921,33.101
1780035687.2604916,33.102
1780035687.2658544,33.102
1780035687.2710636,33.103
1780035687.2766461,33.1
1780035687.2818434,33.102
1780035687.28741,33.102
1780035687.2926264,33.103
1780035687.2982893,33.101
1780035687.3036554,33.102
1780035687.3090386,33.103
1780035687.3142262,33.104
1780035687.319967,33.105
1780035687.325372,33.102
1780035687.3307416,33.103
1780035687.3364275,33.104
1780035687.3422532,33.105
1780035687.3476224,33.1
1780035687.3535955,33.101
1780035687.3589566,33.101
1780035687.3643384,33.102
1780035687.3697543,33.098
1780035687.375364,33.097
1780035687.3812711,33.098
1780035687.3865,33.098
1780035687.3919103,33.099
1780035687.3973722,33.094
1780035687.4029882,33.094
1780035687.4089217,33.095
1780035687.414184,33.095
1780035687.4195554,33.093
1780035687.424939,33.091
1780035687.4303558,33.091
1780035687.4360204,33.092
1780035687.44183,33.093
1780035687.4471672,33.09
1780035687.4525607,33.09
1780035687.4579296,33.09
1780035687.4633744,33.091
1780035687.4687016,33.089
1780035687.4741147,33.088
1780035687.4794583,33.089
1780035687.4849565,33.089
1780035687.4905393,33.09
1780035687.4963691,33.086
1780035687.501719,33.087
1780035687.507121,33.087
1780035687.512519,33.088
1780035687.5178971,33.086
1780035687.5233738,33.085
1780035687.5287015,33.086
1780035687.5340965,33.086
1780035687.539512,33.087
1780035687.5449216,33.083
1780035687.5503583,33.083
1780035687.555721,33.084
1780035687.5610833,33.084
1780035687.566529,33.082
1780035687.571912,33.081
1780035687.577426,33.082
1780035687.5830388,33.082
1780035687.588723,33.083
1780035687.5941172,33.079
1780035687.5994987,33.079
1780035687.604919,33.08
1780035687.6103542,33.08
1780035687.6157582,33.08
1780035687.6210845,33.078
1780035687.6264799,33.079
1780035687.6319132,33.079
1780035687.6373656,33.08
1780035687.6426544,33.076
1780035687.6481826,33.077
1780035687.6542876,33.078
1780035687.6596098,33.079
1780035687.6655638,33.078
1780035687.6709576,33.076
1780035687.6765468,33.076
1780035687.6824214,33.077
1780035687.6877067,33.078
1780035687.6930797,33.074
1780035687.6985567,33.075
1780035687.703957,33.076
1780035687.71001,33.076
1780035687.7153678,33.073
1780035687.720678,33.074
1780035687.7260735,33.075
1780035687.7315154,33.075
1780035687.7369614,33.077
1780035687.7423422,33.074
1780035687.7477248,33.075
1780035687.7530677,33.076
1780035687.7583299,33.077
1780035687.763915,33.076
1780035687.7693667,33.076
1780035687.7747223,33.077
1780035687.780252,33.078
1780035687.785558,33.079
1780035687.79096,33.077
1780035687.7963068,33.077
1780035687.8017538,33.078
1780035687.8070834,33.079
1780035687.8124843,33.077
1780035687.8179018,33.078
1780035687.8233664,33.079
1780035687.828714,33.08
1780035687.8341238,33.081
1780035687.8394682,33.08
1780035687.8449097,33.083
1780035687.8503332,33.086
1780035687.8557565,33.089
1780035687.8611164,33.088
1780035687.866521,33.09
1780035687.8719137,33.09
1780035687.8773723,33.091
1780035687.8827174,33.092
1780035687.8881662,33.09
1780035687.8934941,33.091
1780035687.8988814,33.092
1780035687.9042962,33.093
1780035687.9097621,33.091
1780035687.9150867,33.092
1780035687.9205227,33.093
1780035687.925848,33.093
1780035687.9310915,33.095
1780035687.936706,33.092
1780035687.942163,33.093
1780035687.9475212,33.094
1780035687.9529269,33.095
1780035687.958309,33.093
1780035687.9637601,33.094
1780035687.9691105,33.095
1780035687.9745557,33.096
1780035687.9798868,33.097
1780035687.9853086,33.094
1780035687.9907112,33.095
1780035687.9961617,33.096
1780035688.0014646,33.097
1780035688.006912,33.094
1780035688.0123124,33.095
1780035688.0177448,33.096
1780035688.0231225,33.097
1780035688.0285633,33.098
1780035688.0339088,33.096
1780035688.039331,33.097
1780035688.0446527,33.098
1780035688.0498977,33.099
1780035688.0555267,33.097
1780035688.0609605,33.098
1780035688.0663142,33.099
1780035688.0717092,33.1
1780035688.077115,33.101
1780035688.08256,33.099
1780035688.0879216,33.1
1780035688.0933294,33.101
1780035688.0986788,33.102
1780035688.1041138,33.1
1780035688.1095202,33.101
1780035688.1149662,33.102
1780035688.120349,33.103
1780035688.125732,33.104
1780035688.1311939,33.102
1780035688.1365702,33.103
1780035688.1419356,33.104
1780035688.1473727,33.104
1780035688.152695,33.102
1780035688.158134,33.103
1780035688.163486,33.103
1780035688.1689603,33.104
1780035688.1743407,33.105
1780035688.1797235,33.103
1780035688.1850715,33.104
1780035688.1903305,33.105
1780035688.195926,33.106
1780035688.20137,33.104
1780035688.206698,33.105
1780035688.21213,33.106
1780035688.2174864,33.107
1780035688.2229168,33.108
1780035688.228335,33.105
1780035688.233763,33.106
1780035688.2390876,33.107
1780035688.24448,33.108
1780035688.249898,33.105
1780035688.255369,33.107
1780035688.2607129,33.107
1780035688.2661304,33.108
1780035688.2714815,33.109
1780035688.2769191,33.107
1780035688.282336,33.108
1780035688.2877643,33.108
1780035688.2931285,33.109
1780035688.2985277,33.107
1780035688.3038778,33.108
1780035688.309329,33.109
1780035688.3147836,33.11
1780035688.3201642,33.111
1780035688.3254857,33.092
1780035688.3308916,33.094
1780035688.336318,33.103
1780035688.3417723,33.115
1780035688.3475013,33.127
1780035688.3533852,33.139
1780035688.35935,33.151
1780035688.3652585,33.161
1780035688.3705168,33.173
1780035688.3759072,33.183
1780035688.381379,33.195
1780035688.3869534,33.208
1780035688.392889,33.217
1780035688.3981133,33.23
1780035688.4035237,33.24
1780035688.4089723,33.253
1780035688.4143634,34.01
1780035688.4197366,34.023
1780035688.425043,34.031
1780035688.4303014,34.033
1780035688.435996,34.033
1780035688.4413726,34.035
1780035688.446716,34.032
1780035688.4521327,34.033
1780035688.4574776,34.033
1780035688.4627235,34.034
1780035688.468347,34.031
1780035688.473768,34.032
1780035688.4791539,34.033
1780035688.4845357,34.033
1780035688.4899957,34.034
1780035688.495332,34.034
1780035688.500721,34.036
1780035688.5061731,34.039
1780035688.5114975,34.042
1780035688.5168998,34.04
1780035688.5223556,34.041
1780035688.5277755,34.043
1780035688.53313,34.043
1780035688.5385334,34.041
1780035688.5438707,34.041
1780035688.5491154,34.042
1780035688.5547397,34.042
1780035688.5601666,34.043
1780035688.565541,34.04
1780035688.5709298,34.041
1780035688.57635,34.042
1780035688.5817704,34.042
1780035688.5871112,34.039
1780035688.5925796,34.04
1780035688.597899,34.041
1780035688.6033242,34.041
1780035688.6087134,34.042
1780035688.6141682,34.042
1780035688.619527,34.044
1780035688.624937,34.047
1780035688.6302888,34.049
1780035688.6357138,34.048
1780035688.6411786,34.049
1780035688.6465755,34.05
1780035688.6519349,34.05
1780035688.657332,34.051
1780035688.6626835,34.049
1780035688.6681268,34.05
1780035688.6735265,34.051
1780035688.6789758,34.052
1780035688.6843064,34.049
1780035688.6897085,34.05
1780035688.695126,34.051
1780035688.700568,34.052
1780035688.7059953,34.052
1780035688.7113414,34.053
1780035688.7166882,34.055
1780035688.722119,34.058
1780035688.7275512,34.061
1780035688.7329679,34.059
1780035688.7383525,34.06
1780035688.7437327,34.061
1780035688.7490797,34.062
1780035688.7543468,34.06
1780035688.759931,34.061
1780035688.7653797,34.061
1780035688.7706902,34.062
1780035688.776084,34.064
1780035688.781529,34.063
1780035688.7869787,34.066
1780035688.792352,34.068
1780035688.7977352,34.071
1780035688.803083,34.07
1780035688.8083491,34.071
1780035688.8139448,34.071
1780035688.819372,34.072
1780035688.824809,34.074
1780035688.8301423,34.071
1780035688.8354793,34.072
1780035688.840727,34.073
1780035688.8463488,34.074
1780035688.8517745,34.072
1780035688.857094,34.073
1780035688.862487,34.074
1780035688.867909,34.075
1780035688.873382,34.072
1780035688.8787057,34.073
1780035688.8841386,34.074
1780035688.8894665,34.075
1780035688.894711,34.076
1780035688.9003458,34.073
1780035688.905772,34.074
1780035688.9111216,34.075
1780035688.9165356,34.075
1780035688.9218752,34.072
1780035688.9271207,34.073
1780035688.9327126,34.074
1780035688.9381804,34.074
1780035688.9435174,34.075
1780035688.9489365,34.074
1780035688.954344,34.077
1780035688.9597726,34.08
1780035688.9651403,34.082
1780035688.970579,34.081
1780035688.9759176,34.082
1780035688.9813504,34.083
1780035688.9867382,34.083
1780035688.9921844,34.083
1780035688.9975436,34.082
1780035689.0029302,34.083
1780035689.008318,34.083
1780035689.0137472,34.084
1780035689.0191138,34.082
1780035689.0245867,34.082
1780035689.0299096,34.083
1780035689.0353184,34.083
1780035689.0407262,34.082
1780035689.0461762,34.081
1780035689.0515473,34.082
1780035689.0569756,34.083
1780035689.0623243,34.083
1780035689.0677576,34.081
1780035689.073147,34.081
1780035689.0785825,34.082
1780035689.0839396,34.082
1780035689.0893528,34.08
1780035689.0946743,34.081
1780035689.0999174,34.081
1780035689.1055577,34.081
1780035689.1109748,34.082
1780035689.116336,34.08
1780035689.1217487,34.08
1780035689.1271198,34.081
1780035689.1325836,34.081
1780035689.1379092,34.079
1780035689.143375,34.08
1780035689.1486819,34.08
1780035689.1539373,34.081
1780035689.1595283,34.081
1780035689.1649752,34.078
1780035689.170362,34.079
1780035689.1757455,34.079
1780035689.181092,34.08
1780035689.186524,34.077
1780035689.1919847,34.078
1780035689.197385,34.078
1780035689.2027469,34.078
1780035689.2081413,34.079
1780035689.213551,34.076
1780035689.2189777,34.077
1780035689.2243714,34.078
1780035689.2297857,34.078
1780035689.235101,34.075
1780035689.2405064,34.076
1780035689.2459269,34.077
1780035689.2513857,34.078
1780035689.2567663,34.079
1780035689.262128,34.076
1780035689.2674615,34.076
1780035689.2726655,34.077
1780035689.2783012,34.077
1780035689.2836902,34.074
1780035689.2891774,34.075
1780035689.294522,34.075
1780035689.2999234,34.075
1780035689.3053043,34.075
1780035689.3106782,34.072
1780035689.3158796,34.073
1780035689.3215094,34.073
1780035689.3268838,34.074
1780035689.3322873,34.07
1780035689.3374622,34.07
1780035689.3430822,34.071
1780035689.348296,34.071
1780035689.353946,34.072
1780035689.359328,34.068
1780035689.3647003,34.068
1780035689.3700864,34.068
1780035689.3754907,34.069
1780035689.3806894,34.065
1780035689.38632,34.065
1780035689.3916965,34.065
1780035689.3970885,34.066
1780035689.4023018,34.066
1780035689.4078605,34.062
1780035689.4130604,34.062
1780035689.4186914,34.062
1780035689.4238906,34.063
1780035689.4294555,34.059
1780035689.4346333,34.059
1780035689.4402895,34.06
1780035689.445488,34.061
1780035689.4511456,34.062
1780035689.4566586,34.058
1780035689.4621778,34.058
1780035689.468065,34.059
1780035689.4733362,34.06
1780035689.4786859,34.056
1780035689.483863,34.057
1780035689.4894767,34.057
1780035689.4946752,34.058
1780035689.500355,34.059
1780035689.5057228,34.054
1780035689.511153,34.055
1780035689.516599,34.055
1780035689.5219197,34.056
1780035689.527301,34.052
1780035689.5327194,34.053
1780035689.5380871,34.054
1780035689.54351,34.054
1780035689.5488951,34.055
1780035689.5543106,34.051
1780035689.559694,34.051
1780035689.5650914,34.051
1780035689.5703068,34.052
1780035689.5758872,34.048
1780035689.5810657,34.049
1780035689.5866952,34.05
1780035689.5918932,34.05
1780035689.5975535,34.052
1780035689.6029203,34.047
1780035689.6082947,34.048
1780035689.6137285,34.049
1780035689.6191108,34.049
1780035689.6244817,34.046
1780035689.6299112,34.047
1780035689.6353078,34.047
1780035689.640714,34.048
1780035689.6461012,34.049
1780035689.6516223,34.045
1780035689.6570566,34.045
1780035689.6627657,34.045
1780035689.6684184,34.045
1780035689.6737313,34.04
1780035689.6791246,34.041
1780035689.6845112,34.041
1780035689.6898909,34.042
1780035689.6950912,34.043
1780035689.7008328,34.039
1780035689.706773,34.039
1780035689.71277,34.039
1780035689.718284,34.04
1780035689.7236788,34.034
1780035689.7297163,34.035
1780035689.735099,34.035
1780035689.7406774,34.035
1780035689.7463777,34.03
1780035689.7517152,34.031
1780035689.7571046,34.032
1780035689.7623055,34.032
1780035689.7679105,34.033
1780035689.7732997,34.029
1780035689.7786713,34.029
1780035689.783922,34.03
1780035689.7895825,34.03
1780035689.7949276,34.026
1780035689.8002582,34.027
1780035689.8054335,34.028
1780035689.811072,34.028
1780035689.8162882,34.03
1780035689.8218687,34.026
1780035689.8270462,34.027
1780035689.8326945,34.027
1780035689.8379369,34.028
1780035689.843484,34.026
1780035689.8486545,34.024
1780035689.8543413,34.025
1780035689.8597248,34.026
1780035689.8651085,34.026
1780035689.870491,34.022
1780035689.875872,34.023
1780035689.8810709,34.024
1780035689.8866959,34.025
1780035689.891899,34.021
1780035689.8974595,34.022
1780035689.9026468,34.023
1780035689.9083018,34.023
1780035689.9134963,34.024
1780035689.9190679,34.019
1780035689.924244,34.02
1780035689.9298956,34.021
1780035689.9350948,34.022
1780035689.9407766,34.021
1780035689.9461246,34.018
1780035689.9515092,34.019
1780035689.9568894,34.02
1780035689.9622817,34.021
1780035689.9674544,34.017
1780035689.9730542,34.018
1780035689.978256,34.018
1780035689.9838781,34.019
1780035689.9890807,34.016
1780035689.994674,34.016
1780035689.9998486,34.017
1780035690.0054789,34.018
1780035690.0106864,34.019
1780035690.016305,34.016
1780035690.0214806,34.017
1780035690.0270922,34.017
1780035690.0323038,34.018
1780035690.0379834,34.018
1780035690.0433314,34.015
1780035690.048736,34.015
1780035690.0541036,34.016
1780035690.0595217,34.017
1780035690.0648944,34.013
1780035690.0703294,34.014
1780035690.0757034,34.014
1780035690.0811026,34.014
1780035690.086311,34.013
1780035690.0918758,34.012
1780035690.0970507,34.012
1780035690.1027029,34.013
1780035690.1079056,34.014
1780035690.1134918,34.009
1780035690.1186666,34.011
1780035690.1243057,34.011
1780035690.1295033,34.012
1780035690.135158,34.013
1780035690.1405253,34.008
1780035690.1459043,34.009
1780035690.1511014,34.009
1780035690.1567166,34.01
1780035690.1620932,34.006
1780035690.1675391,34.007
1780035690.1729114,34.007
1780035690.1783187,34.008
1780035690.1836982,34.009
1780035690.1890607,34.005
1780035690.1942346,34.005
1780035690.1998723,34.006
1780035690.20507,34.007
1780035690.2106779,34.003
1780035690.2158375,34.004
1780035690.2214754,34.005
1780035690.2266734,34.006
1780035690.2323709,34.007
1780035690.2377298,34.003
1780035690.2430887,34.004
1780035690.2483497,34.005
1780035690.2539282,34.005
1780035690.259321,34.001
1780035690.2647374,34.002
1780035690.2701135,34.003
1780035690.2754943,34.003
1780035690.2807379,34.005
1780035690.2864628,34.001
1780035690.2924347,34.001
1780035690.298541,34.002
1780035690.3038552,34.004
1780035690.309122,33.255
1780035690.3145757,34.0
1780035690.319919,34.0
1780035690.3253117,34.001
1780035690.3307827,34.002
1780035690.3361397,33.254
1780035690.341495,33.254
1780035690.346696,34.0
1780035690.3523152,34.0
1780035690.3576987,33.252
1780035690.3631299,33.253
1780035690.3685079,33.254
1780035690.3738904,33.255
1780035690.379095,33.255
1780035690.3851776,33.252
1780035690.3907568,33.253
1780035690.396111,33.253
1780035690.4015405,33.254
1780035690.4069598,33.252
1780035690.4123073,33.253
1780035690.4177077,33.254
1780035690.423097,33.255
1780035690.4283133,33.252
1780035690.433867,33.253
1780035690.4390435,33.254
1780035690.4447098,33.255
1780035690.4499512,34.0
1780035690.455502,33.252
1780035690.4606907,33.253
1780035690.4663215,33.254
1780035690.471762,33.255
1780035690.477105,33.254
1780035690.482293,33.251
1780035690.4879022,33.252
1780035690.4931016,33.252
1780035690.4987245,33.253
1780035690.5040987,33.249
1780035690.5094655,33.25
1780035690.5146635,33.251
1780035690.5203028,33.251
1780035690.5255086,33.249
1780035690.5310857,33.247
1780035690.5363076,33.247
1780035690.541918,33.248
1780035690.5473127,33.248
1780035690.5526855,33.244
1780035690.5578644,33.245
1780035690.563492,33.246
1780035690.5686905,33.246
1780035690.5743794,33.248
1780035690.5797365,33.243
1780035690.5850966,33.244
1780035690.590345,33.244
1780035690.5959375,33.245
1780035690.6013012,33.241
1780035690.6067379,33.242
1780035690.6121156,33.243
1780035690.6175,33.244
1780035690.622703,33.245
1780035690.6283062,33.241
1780035690.6334844,33.242
1780035690.6390984,33.242
1780035690.644303,33.243
1780035690.6498983,33.239
1780035690.6550684,33.239
1780035690.6607096,33.24
1780035690.6659102,33.241
1780035690.6715353,33.242
1780035690.6769562,33.238
1780035690.6823072,33.239
1780035690.6875122,33.24
1780035690.6931107,33.241
1780035690.698308,33.237
1780035690.7038887,33.238
1780035690.7091286,33.239
1780035690.7147937,33.24
1780035690.7201953,33.241
1780035690.7255251,33.237
1780035690.730754,33.238
1780035690.7363336,33.238
1780035690.7417252,33.239
1780035690.7470617,33.236
1780035690.7522197,33.237
1780035690.7579575,33.237
1780035690.7633386,33.238
1780035690.7687314,33.238
1780035690.7741067,33.235
1780035690.7795057,33.235
1780035690.7847111,33.236
1780035690.7903247,33.236
1780035690.7957075,33.233
1780035690.8010721,33.233
1780035690.806247,33.235
1780035690.8118925,33.235
1780035690.8171294,33.237
1780035690.8227112,33.234
1780035690.827901,33.235
1780035690.8335023,33.235
1780035690.8387046,33.236
1780035690.8443696,33.238
1780035690.8497398,33.233
1780035690.8551486,33.234
1780035690.860531,33.235
1780035690.8659356,33.236
1780035690.8713138,33.231
1780035690.876717,33.232
1780035690.8819144,33.233
1780035690.8875346,33.233
1780035690.8929195,33.235
1780035690.898444,33.231
1780035690.9044373,33.231
1780035690.9104066,33.231
1780035690.9158094,33.232
1780035690.9211597,33.227
1780035690.9266152,33.228
1780035690.9319308,33.229
1780035690.937323,33.229
1780035690.9428315,33.23
1780035690.9482224,33.225
1780035690.953585,33.226
1780035690.9592721,33.227
1780035690.9648135,33.227
1780035690.9705005,33.222
1780035690.975895,33.223
1780035690.9815843,33.224
1780035690.9873962,33.225
1780035690.9930747,33.224
1780035690.998252,33.222
1780035691.0039644,33.223
1780035691.0093484,33.224
1780035691.014768,33.224
1780035691.0201383,33.221
1780035691.0255368,33.222
1780035691.030908,33.223
1780035691.036346,33.223
1780035691.0417523,33.223
1780035691.047089,33.221
1780035691.0523067,33.222
1780035691.057898,33.222
1780035691.0630953,33.224
1780035691.0686805,33.22
1780035691.0738566,33.221
1780035691.0794754,33.222
1780035691.084674,33.222
1780035691.090385,33.224
1780035691.09574,33.22
1780035691.1011102,33.22
1780035691.1063087,33.221
1780035691.1119225,33.222
1780035691.117116,33.218
1780035691.1227312,33.219
1780035691.1281142,33.22
1780035691.1335251,33.22
1780035691.138917,33.221
1780035691.1443207,33.217
1780035691.1495063,33.218
1780035691.1551528,33.218
1780035691.1605556,33.219
1780035691.1658926,33.215
1780035691.1710544,33.216
1780035691.1767666,33.217
1780035691.182142,33.218
1780035691.1875632,33.219
1780035691.19297,33.215
1780035691.1983078,33.216
1780035691.203498,33.216
1780035691.2092035,33.217
1780035691.2146053,33.213
1780035691.2199025,33.214
1780035691.2251015,33.215
1780035691.2307317,33.215
1780035691.236134,33.216
1780035691.24149,33.212
1780035691.2466657,33.214
1780035691.2524006,33.215
1780035691.2577627,33.216
1780035691.263106,33.216
1780035691.2682884,33.213
1780035691.273876,33.214
1780035691.2791176,33.214
1780035691.284753,33.215
1780035691.2901464,33.211
1780035691.2955244,33.212
1780035691.3009098,33.213
1780035691.3063183,33.214
1780035691.311571,33.214
1780035691.3171637,33.212
1780035691.3225706,33.213
1780035691.3279684,33.214
1780035691.3334203,33.215
1780035691.3387492,33.213
1780035691.3442302,33.214
1780035691.349538,33.215
1780035691.3549366,33.216
1780035691.3604252,33.218
1780035691.3658166,33.215
1780035691.3711793,33.216
1780035691.3765752,33.218
1780035691.3819008,33.218
1780035691.3871455,33.216
1780035691.3928099,33.218
1780035691.398237,33.219
1780035691.4035602,33.22
1780035691.408982,33.221
1780035691.4143603,33.219
1780035691.419811,33.22
1780035691.4251761,33.221
1780035691.4306128,33.223
1780035691.435943,33.22
1780035691.4413352,33.221
1780035691.446757,33.222
1780035691.4522357,33.224
1780035691.457637,33.225
1780035691.4629846,33.223
1780035691.4683294,33.224
1780035691.4737613,33.225
1780035691.4791908,33.226
1780035691.4846199,33.224
1780035691.4900227,33.225
1780035691.4953895,33.226
1780035691.5007734,33.227
1780035691.5063117,33.228
1780035691.5117466,33.204
1780035691.5169501,33.208
1780035691.5223129,33.218
1780035691.5274837,33.229
1780035691.5331402,33.239
1780035691.538533,33.25
1780035691.5440202,34.003
1780035691.5494273,34.016
1780035691.5550625,34.027
1780035691.5609508,34.037
1780035691.5664375,34.048
1780035691.5720966,34.058
1780035691.577795,34.068
1780035691.583698,34.079
1780035691.5890143,34.09
1780035691.5943878,34.1
1780035691.59977,34.119
1780035691.6052358,34.126
1780035691.6106086,34.132
1780035691.6159375,34.135
1780035691.621341,34.136
1780035691.6267412,34.138
1780035691.632229,34.137
1780035691.6375546,34.14
1780035691.6429856,34.144
1780035691.6483147,34.147
1780035691.6535642,34.146
1780035691.6591954,34.147
1780035691.6646223,34.148
1780035691.6699905,34.149
1780035691.6753838,34.15
1780035691.6807568,34.148
1780035691.6862245,34.149
1780035691.6915722,34.149
1780035691.6970246,34.15
1780035691.7023335,34.147
1780035691.7077312,34.148
1780035691.7131732,34.149
1780035691.7186165,34.149
1780035691.7240536,34.149
1780035691.7293906,34.147
1780035691.734735,34.148
1780035691.7401648,34.148
1780035691.7455907,34.148
1780035691.7510169,34.146
1780035691.7563965,34.146
1780035691.7617853,34.147
1780035691.767171,34.147
1780035691.7726176,34.144
1780035691.7779822,34.145
1780035691.7834263,34.145
1780035691.788756,34.146
1780035691.7941532,34.147
1780035691.7995481,34.144
1780035691.8050156,34.144
1780035691.8103817,34.145
1780035691.815784,34.145
1780035691.8210986,34.144
1780035691.8262885,34.147
1780035691.8319628,34.149
1780035691.8374274,34.151
1780035691.8428135,34.154
1780035691.8481698,34.151
1780035691.8535686,34.152
1780035691.8590186,34.152
1780035691.8643787,34.153
1780035691.8698275,34.15
1780035691.8751385,34.151
1780035691.8805587,34.151
1780035691.8859656,34.152
1780035691.8914306,34.149
1780035691.8967736,34.15
1780035691.9021888,34.15
1780035691.9075341,34.151
1780035691.9129686,34.151
1780035691.918386,34.151
1780035691.9238377,34.154
1780035691.9291835,34.156
1780035691.9345825,34.158
1780035691.9399383,34.157
1780035691.9453714,34.157
1780035691.950792,34.158
1780035691.9562414,34.158
1780035691.961557,34.16
1780035691.9669566,34.159
1780035691.9723756,34.161
1780035691.977827,34.164
1780035691.9831753,34.166
1780035691.9885843,34.164
1780035691.994079,34.165
1780035691.9993913,34.166
1780035692.0047824,34.166
1780035692.010228,34.166
1780035692.0155742,34.165
1780035692.020988,34.166
1780035692.0263457,34.166
1780035692.0317764,34.167
1780035692.0371811,34.164
1780035692.0426204,34.165
1780035692.047949,34.165
1780035692.0533438,34.165
1780035692.0587595,34.164
1780035692.0642264,34.163
1780035692.0695744,34.164
1780035692.0749896,34.164
1780035692.080329,34.165
1780035692.0855758,34.162
1780035692.0911598,34.163
1780035692.0965872,34.163
1780035692.1019661,34.164
1780035692.107393,34.162
1780035692.1127222,34.162
1780035692.1179695,34.162
1780035692.1235776,34.162
1780035692.1290288,34.163
1780035692.134353,34.16
1780035692.139749,34.16
1780035692.1451635,34.16
1780035692.150628,34.161
1780035692.15598,34.157
1780035692.1613953,34.158
1780035692.1667318,34.158
1780035692.1719754,34.159
1780035692.1776593,34.16
1780035692.1830313,34.156
1780035692.1883771,34.157
1780035692.1937916,34.157
1780035692.1991355,34.158
1780035692.204344,34.155
1780035692.2100146,34.155
1780035692.215435,34.156
1780035692.2207596,34.156
1780035692.2261558,34.154
1780035692.231558,34.154
1780035692.237025,34.154
1780035692.2424011,34.155
1780035692.2478244,34.155
1780035692.2531343,34.153
1780035692.2583194,34.153
1780035692.2639914,34.153
1780035692.269426,34.154
1780035692.2747722,34.152
1780035692.280197,34.151
1780035692.2855544,34.151
1780035692.2909799,34.151
1780035692.2964036,34.151
1780035692.301827,34.148
1780035692.3071868,34.149
1780035692.3125908,34.149
1780035692.3179853,34.15
1780035692.323435,34.146
1780035692.328769,34.146
1780035692.3342326,34.147
1780035692.3395436,34.147
1780035692.34498,34.148
1780035692.3503754,34.145
1780035692.355832,34.145
1780035692.3611765,34.145
1780035692.3665988,34.146
1780035692.371928,34.143
1780035692.3771734,34.144
1780035692.382763,34.144
1780035692.3882298,34.144
1780035692.3935914,34.145
1780035692.398996,34.144
1780035692.4043941,34.146
1780035692.409829,34.149
1780035692.4151762,34.151
1780035692.4206264,34.15
1780035692.4259923,34.15
1780035692.4314194,34.151
1780035692.4367871,34.151
1780035692.442236,34.152
1780035692.4475806,34.148
1780035692.4529953,34.149
1780035692.4583418,34.15
1780035692.4637678,34.15
1780035692.469187,34.147
1780035692.474626,34.147
1780035692.4799728,34.148
1780035692.4853983,34.148
1780035692.4908524,34.149
1780035692.4962358,34.145
1780035692.501583,34.146
1780035692.5070322,34.146
1780035692.5123496,34.146
1780035692.5177548,34.143
1780035692.5232363,34.143
1780035692.5286345,34.143
1780035692.533972,34.143
1780035692.5393999,34.14
1780035692.5447505,34.14
1780035692.5501766,34.14
1780035692.555582,34.141
1780035692.5610332,34.142
1780035692.5664012,34.139
1780035692.571793,34.139
1780035692.5771635,34.14
1780035692.5826352,34.141
1780035692.5879781,34.14
1780035692.5934403,34.139
1780035692.5987651,34.139
1780035692.6041625,34.139
1780035692.6095855,34.14
1780035692.6150374,34.136
1780035692.620372,34.137
1780035692.6257937,34.138
1780035692.631134,34.138
1780035692.6363773,34.135
1780035692.6419642,34.136
1780035692.6474352,34.136
1780035692.6527708,34.137
1780035692.6581957,34.137
1780035692.6635745,34.134
1780035692.6690385,34.135
1780035692.6743917,34.135
1780035692.6798391,34.135
1780035692.6851428,34.132
1780035692.6905618,34.133
1780035692.6959798,34.133
1780035692.7014399,34.134
1780035692.7068055,34.134
1780035692.7121904,34.132
1780035692.7175438,34.132
1780035692.7227886,34.132
1780035692.7284048,34.133
1780035692.7338333,34.13
1780035692.7392316,34.131
1780035692.7446003,34.131
1780035692.7499838,34.131
1780035692.7554421,34.133
1780035692.7607985,34.131
1780035692.7662427,34.134
1780035692.7715726,34.136
1780035692.776971,34.139
1780035692.78238,34.137
1780035692.7878392,34.138
1780035692.793225,34.139
1780035692.7986038,34.139
1780035692.804017,34.141
1780035692.8094208,34.137
1780035692.814862,34.138
1780035692.8202393,34.138
1780035692.825605,34.139
1780035692.8309972,34.136
1780035692.8364172,34.137
1780035692.8418381,34.137
1780035692.8471982,34.137
1780035692.852639,34.136
1780035692.8579316,34.135
1780035692.8631887,34.136
1780035692.8687947,34.136
1780035692.874243,34.137
1780035692.8795812,34.134
1780035692.8850029,34.135
1780035692.8903322,34.135
1780035692.895571,34.136
1780035692.9012783,34.136
1780035692.9066424,34.134
1780035692.911993,34.134
1780035692.9174047,34.134
1780035692.9227629,34.135
1780035692.9281929,34.132
1780035692.9335778,34.132
1780035692.9390419,34.133
1780035692.9443686,34.133
1780035692.9497707,34.131
1780035692.9551923,34.131
1780035692.960634,34.132
1780035692.9660022,34.132
1780035692.9713984,34.133
1780035692.976744,34.13
1780035692.9820526,34.13
1780035692.9876072,34.131
1780035692.993038,34.131
1780035692.9983962,34.128
1780035693.0038075,34.129
1780035693.0091596,34.13
1780035693.0146246,34.13
1780035693.0200036,34.131
1780035693.0254405,34.128
1780035693.0307531,34.129
1780035693.036148,34.129
1780035693.0415857,34.13
1780035693.0470407,34.127
1780035693.0524127,34.128
1780035693.057837,34.128
1780035693.0631747,34.128
1780035693.068623,34.128
1780035693.074063,34.125
1780035693.0794446,34.126
1780035693.0848112,34.126
1780035693.0902014,34.126
1780035693.095552,34.123
1780035693.1007817,34.123
1780035693.106414,34.124
1780035693.111838,34.123
1780035693.117157,34.124
1780035693.1225786,34.121
1780035693.1279802,34.122
1780035693.133445,34.122
1780035693.1387975,34.122
1780035693.1442466,34.119
1780035693.1495976,34.12
1780035693.155024,34.12
1780035693.1603916,34.119
1780035693.1658478,34.12
1780035693.1711843,34.117
1780035693.1766045,34.117
1780035693.1819558,34.117
1780035693.1873925,34.118
1780035693.1927695,34.114
1780035693.1982408,34.115
1780035693.2035997,34.115
1780035693.209013,34.115
1780035693.2145178,34.116
1780035693.2198477,34.113
1780035693.2251978,34.113
1780035693.2306516,34.113
1780035693.2359612,34.113
1780035693.2413993,34.11
1780035693.2468178,34.11
1780035693.2522452,34.11
1780035693.2576144,34.11
1780035693.263003,34.107
1780035693.2683518,34.107
1780035693.2735982,34.107
1780035693.2792277,34.107
1780035693.2846417,34.107
1780035693.2900012,34.103
1780035693.2954147,34.104
1780035693.3008003,34.104
1780035693.3062475,34.103
1780035693.3116002,34.103
1780035693.3170505,34.101
1780035693.3223593,34.102
1780035693.327764,34.102
1780035693.3331916,34.102
1780035693.3386486,34.099
1780035693.3440218,34.1
1780035693.3494017,34.1
1780035693.3547516,34.099
1780035693.3599987,34.097
1780035693.3655934,34.097
1780035693.3710487,34.096
1780035693.376439,34.096
1780035693.381811,34.097
1780035693.3871179,34.093
1780035693.3923743,34.094
1780035693.3980038,34.093
1780035693.4034493,34.093
1780035693.4087532,34.091
1780035693.4141726,34.091
1780035693.4195814,34.091
1780035693.4250472,34.091
1780035693.4303973,34.092
1780035693.4358099,34.089
1780035693.4411428,34.089
1780035693.446593,34.089
1780035693.4519973,34.089
1780035693.4574485,34.086
1780035693.4628184,34.086
1780035693.468192,34.086
1780035693.4735348,34.086
1780035693.4787853,34.087
1780035693.4844332,34.084
1780035693.4898512,34.085
1780035693.4951773,34.086
1780035693.5006258,34.086
1780035693.5060022,34.083
1780035693.5114114,34.084
1780035693.516801,34.084
1780035693.5222166,34.083
1780035693.527635,34.084
1780035693.533038,34.081
1780035693.5384128,34.081
1780035693.543845,34.081
1780035693.5492382,34.081
1780035693.5546148,34.078
1780035693.5600257,34.079
1780035693.5654447,34.079
1780035693.570811,34.079
1780035693.5762515,34.078
1780035693.5815814,34.077
1780035693.58698,34.077
1780035693.5924077,34.077
1780035693.597854,34.078
1780035693.6032317,34.075
1780035693.608614,34.075
1780035693.6139462,34.076
1780035693.61919,34.076
1780035693.6248133,34.075
1780035693.6302533,34.074
1780035693.63562,34.074
1780035693.641009,34.074
1780035693.6463556,34.074
1780035693.6517987,34.071
1780035693.6571796,34.072
1780035693.6626468,34.073
1780035693.667974,34.072
1780035693.6733794,34.07
1780035693.6787906,34.07
1780035693.6842523,34.07
1780035693.6896043,34.07
1780035693.6950176,34.071
1780035693.7003448,34.068
1780035693.7055907,34.068
1780035693.71123,34.068
1780035693.716646,34.068
1780035693.722009,34.065
1780035693.7274187,34.066
1780035693.7327588,34.067
1780035693.7382007,34.067
1780035693.7436109,34.067
1780035693.74905,34.066
1780035693.75436,34.068
1780035693.7597558,34.071
1780035693.7651927,34.073
1780035693.770655,34.072
1780035693.776053,34.072
1780035693.7814174,34.073
1780035693.786762,34.073
1780035693.7920063,34.074
1780035693.7976208,34.071
1780035693.8030472,34.071
1780035693.8084097,34.071
1780035693.8138206,34.071
1780035693.819155,34.068
1780035693.8246012,34.069
1780035693.8300054,34.069
1780035693.8354578,34.069
1780035693.8408241,34.069
1780035693.8461988,34.066
1780035693.8516,34.066
1780035693.8570523,34.066
1780035693.8624132,34.067
1780035693.8678222,34.064
1780035693.8731997,34.065
1780035693.8786345,34.065
1780035693.8840158,34.065
1780035693.8894513,34.065
1780035693.8947897,34.062
1780035693.90022,34.062
1780035693.9055588,34.062
1780035693.910808,34.062
1780035693.916394,34.059
1780035693.921854,34.059
1780035693.927174,34.059
1780035693.9326005,34.059
1780035693.9380643,34.06
1780035693.9434588,34.057
1780035693.9488077,34.057
1780035693.9542236,34.057
1780035693.9595459,34.058
1780035693.9647915,34.055
1780035693.9704409,34.056
1780035693.9758599,34.056
1780035693.9812236,34.056
1780035693.9866126,34.057
1780035693.991991,34.053
1780035693.9974217,34.054
1780035694.002782,34.054
1780035694.0082402,34.054
1780035694.0135748,34.051
1780035694.0189722,34.051
1780035694.0243802,34.051
1780035694.0298536,34.051
1780035694.0352855,34.052
1780035694.040618,34.049
1780035694.0459611,34.049
1780035694.0512233,34.049
1780035694.0568182,34.049
1780035694.0622623,34.048
1780035694.0676408,34.05
1780035694.0730207,34.052
1780035694.0783753,34.054
1780035694.0838013,34.057
1780035694.089224,34.055
1780035694.0946612,34.055
1780035694.0999875,34.056
1780035694.1053834,34.056
1780035694.1107967,34.055
1780035694.1162617,34.057
1780035694.1216273,34.059
1780035694.1270533,34.061
1780035694.132479,34.064
1780035694.1378489,34.061
1780035694.1432235,34.062
1780035694.1486535,34.062
1780035694.154083,34.062
1780035694.1594265,34.06
1780035694.1647618,34.06
1780035694.1700065,34.06
1780035694.1756115,34.06
1780035694.181062,34.058
1780035694.1863883,34.058
1780035694.1918244,34.058
1780035694.1971936,34.058
1780035694.2026615,34.059
1780035694.2079942,34.056
1780035694.213462,34.057
1780035694.2187712,34.057
1780035694.224008,34.057
1780035694.2296438,34.057
1780035694.235044,34.055
1780035694.2403874,34.055
1780035694.245784,34.055
1780035694.2511563,34.056
1780035694.2565947,34.052
1780035694.262008,34.053
1780035694.267464,34.053
1780035694.2728126,34.053
1780035694.278227,34.05
1780035694.283586,34.05
1780035694.289057,34.05
1780035694.2944343,34.05
1780035694.2998567,34.051
1780035694.3051794,34.048
1780035694.310633,34.048
1780035694.316022,34.049
1780035694.321466,34.048
1780035694.3268769,34.048
1780035694.3322296,34.046
1780035694.3375552,34.047
1780035694.3428004,34.047
1780035694.3484514,34.047
1780035694.353866,34.044
1780035694.3592236,34.044
1780035694.3646195,34.045
1780035694.3700097,34.045
1780035694.3754337,34.042
1780035694.3807905,34.043
1780035694.3861887,34.043
1780035694.3916142,34.043
1780035694.3969886,34.043
1780035694.4023623,34.039
1780035694.4075396,34.04
1780035694.4131763,34.04
1780035694.418567,34.04
1780035694.4239943,34.04
1780035694.429358,34.037
1780035694.4347503,34.037
1780035694.4399483,34.037
1780035694.445572,34.037
1780035694.4507706,34.033
1780035694.4564037,34.033
1780035694.4617813,34.033
1780035694.4671776,34.033
1780035694.472574,34.032
1780035694.4779563,34.029
1780035694.4831314,34.029
1780035694.488759,34.029
1780035694.4940069,34.029
1780035694.4995694,34.025
1780035694.5047626,34.025
1780035694.510351,34.025
1780035694.5155275,34.025
1780035694.5212348,34.025
1780035694.5265994,34.021
1780035694.5320013,34.021
1780035694.5373774,34.021
1780035694.542759,34.021
1780035694.547952,34.017
1780035694.5535588,34.017
1780035694.5588012,34.018
1780035694.5644076,34.017
1780035694.5698085,34.018
1780035694.5751605,34.014
1780035694.5803902,34.014
1780035694.5859964,34.015
1780035694.5913928,34.015
1780035694.5967548,34.011
1780035694.6019156,34.011
1780035694.6075895,34.012
1780035694.6129646,34.011
1780035694.6183913,34.012
1780035694.6237676,34.008
1780035694.629168,34.008
1780035694.6345708,34.009
1780035694.6399612,34.009
1780035694.645167,34.005
1780035694.6507564,34.005
1780035694.6559315,34.005
1780035694.6615877,34.006
1780035694.6669667,34.006
1780035694.6723669,33.247
1780035694.677557,33.246
1780035694.6831567,33.254
1780035694.6883807,34.01
1780035694.69399,34.018
1780035694.6994915,34.03
1780035694.7051957,34.04
1780035694.7111232,34.052
1780035694.7170208,34.061
1780035694.722508,34.073
1780035694.728161,34.082
1780035694.7338557,34.093
1780035694.7397869,34.103
1780035694.745014,34.115
1780035694.7503693,34.124
1780035694.755583,34.136
1780035694.7611866,34.148
1780035694.7665896,34.16
1780035694.771979,34.166
1780035694.7773721,34.169
1780035694.7827773,34.17
1780035694.7880213,34.172
1780035694.7935808,34.167
1780035694.7987683,34.168
1780035694.8043737,34.168
1780035694.809578,34.168
1780035694.815163,34.165
1780035694.8203228,34.165
1780035694.8259728,34.166
1780035694.8311706,34.166
1780035694.8368163,34.167
1780035694.842224,34.162
1780035694.8475814,34.163
1780035694.852976,34.163
1780035694.858387,34.163
1780035694.8637655,34.159
1780035694.8691607,34.159
1780035694.8743408,34.16
1780035694.8799713,34.16
1780035694.8852048,34.161
1780035694.8907695,34.156
1780035694.8959584,34.157
1780035694.9015799,34.157
1780035694.906972,34.158
1780035694.9123244,34.154
1780035694.9174833,34.154
1780035694.9232068,34.154
1780035694.9285874,34.154
1780035694.9340262,34.155
1780035694.9394345,34.153
1780035694.9447532,34.155
1780035694.9499598,34.157
1780035694.9555957,34.159
1780035694.9609704,34.156
1780035694.9663372,34.156
1780035694.9715374,34.157
1780035694.9771583,34.157
1780035694.9823725,34.158
1780035694.9879556,34.153
1780035694.9931262,34.154
1780035694.9987736,34.154
1780035695.0039744,34.154
1780035695.0095499,34.15
1780035695.01475,34.15
1780035695.0203843,34.15
1780035695.0257645,34.15
1780035695.0311773,34.15
1780035695.036717,34.145
1780035695.0423193,34.146
1780035695.048225,34.146
1780035695.0534856,34.146
1780035695.0588005,34.141
1780035695.064246,34.141
1780035695.0699127,34.141
1780035695.075938,34.142
1780035695.081725,34.14
1780035695.0873306,34.138
1780035695.0929174,34.14
1780035695.0986753,34.142
1780035695.1044917,34.145
1780035695.109831,34.141
1780035695.1151786,34.141
1780035695.120579,34.142
1780035695.1259668,34.142
1780035695.1311562,34.138
1780035695.1368556,34.139
1780035695.1422167,34.139
1780035695.1475902,34.138
1780035695.153008,34.139
1780035695.1583812,34.134
1780035695.1635659,34.135
1780035695.1691875,34.135
1780035695.174584,34.135
1780035695.179968,34.13
1780035695.185129,34.131
1780035695.190794,34.132
1780035695.1961687,34.133
1780035695.201654,34.133
1780035695.2070298,34.129
1780035695.212511,34.129
1780035695.2185698,34.129
1780035695.2245436,34.13
1780035695.2298782,34.124
1780035695.235234,34.125
1780035695.2406077,34.125
1780035695.2460265,34.125
1780035695.2514393,34.124
1780035695.256788,34.122
1780035695.26218,34.123
1780035695.2677186,34.123
1780035695.2730997,34.123
1780035695.2785354,34.118
1780035695.2838237,34.118
1780035695.289207,34.118
1780035695.2946084,34.118
1780035695.3000762,34.119
1780035695.3054135,34.114
1780035695.3107955,34.114
1780035695.3161845,34.115
1780035695.3215866,34.115
1780035695.326965,34.111
1780035695.3323984,34.112
1780035695.337776,34.112
1780035695.3431933,34.112
1780035695.3485937,34.111
1780035695.354007,34.109
1780035695.3591812,34.109
1780035695.3648129,34.109
1780035695.370187,34.109
1780035695.3755517,34.105
1780035695.380723,34.105
1780035695.3863766,34.106
1780035695.3915844,34.107
1780035695.3972623,34.107
1780035695.4026043,34.103
1780035695.407952,34.103
1780035695.4131505,34.104
1780035695.418795,34.104
1780035695.4239724,34.1
1780035695.4296193,34.101
1780035695.434997,34.101
1780035695.4403799,34.101
1780035695.4455864,34.099
1780035695.4511583,34.098
1780035695.4563344,34.098
1780035695.4619923,34.098
1780035695.4673858,34.098
1780035695.4727576,34.094
1780035695.4779334,34.095
1780035695.483586,34.095
1780035695.4887896,34.095
1780035695.4944725,34.096
1780035695.4998176,34.091
1780035695.505222,34.091
1780035695.5105982,34.091
1780035695.5159738,34.092
1780035695.5211697,34.087
1780035695.5268116,34.087
1780035695.5321684,34.088
1780035695.537608,34.087
1780035695.5429876,34.088
1780035695.5483599,34.083
1780035695.5535347,34.084
1780035695.559168,34.083
1780035695.5643852,34.083
1780035695.5700636,34.079
1780035695.5754123,34.079
1780035695.580783,34.079
1780035695.5859783,34.079
1780035695.5916736,34.08
1780035695.5970154,34.075
1780035695.6024084,34.075
1780035695.6077833,34.075
1780035695.6131985,34.075
1780035695.6185794,34.071
1780035695.6240025,34.071
1780035695.6293814,34.072
1780035695.6347842,34.072
1780035695.6400175,34.072
1780035695.6456437,34.068
1780035695.6510084,34.068
1780035695.656407,34.068
1780035695.661787,34.069
1780035695.6671696,34.065
1780035695.6723535,34.065
1780035695.677994,34.065
1780035695.6831937,34.065
1780035695.6887794,34.065
1780035695.6942225,34.061
1780035695.6996236,34.06
1780035695.7050192,34.06
1780035695.7104013,34.06
1780035695.7157795,34.056
1780035695.7211742,34.056
1780035695.7263873,34.056
1780035695.7319906,34.056
1780035695.7371838,34.057
1780035695.742764,34.054
1780035695.747946,34.056
1780035695.7535825,34.058
1780035695.7588234,34.06
1780035695.7643828,34.057
1780035695.7695744,34.058
1780035695.7751837,34.058
1780035695.7805872,34.058
1780035695.7859812,34.059
1780035695.7911677,34.054
1780035695.7968264,34.054
1780035695.8022075,34.054
1780035695.807606,34.054
1780035695.8129826,34.05
1780035695.8183644,34.05
1780035695.823563,34.051
1780035695.8291807,34.051
1780035695.8344269,34.052
1780035695.8399994,34.047
1780035695.8451862,34.047
1780035695.8509514,34.048
1780035695.856315,34.048
1780035695.8617632,34.043
1780035695.8675456,34.044
1780035695.8737445,34.046
1780035695.879701,34.047
1780035695.8850763,34.049
1780035695.8905406,34.045
1780035695.8961537,34.045
1780035695.9024615,34.045
1780035695.907978,34.045
1780035695.9135203,34.04
1780035695.9195478,34.041
1780035695.9254966,34.041
1780035695.9314022,34.042
1780035695.9366336,34.037
1780035695.9420774,34.037
1780035695.9475727,34.038
1780035695.9528992,34.037
1780035695.9589286,34.038
1780035695.9642258,34.034
1780035695.9695961,34.034
1780035695.9748402,34.035
1780035695.9804347,34.035
1780035695.9858232,34.032
1780035695.9912233,34.032
1780035695.9965897,34.032
1780035696.0019987,34.032
1780035696.0074015,34.034
1780035696.012932,34.029
1780035696.018229,34.029
1780035696.0236063,34.029
1780035696.0289974,34.029
1780035696.0343785,34.025
1780035696.0395584,34.025
1780035696.0452054,34.025
1780035696.050598,34.025
1780035696.056069,34.026
1780035696.061439,34.022
1780035696.0668385,34.023
1780035696.0722227,34.024
1780035696.0776117,34.024
1780035696.0829823,34.02
1780035696.0884476,34.021
1780035696.093823,34.021
1780035696.0991817,34.021
1780035696.1043942,34.022
1780035696.1099482,34.017
1780035696.1151297,34.018
1780035696.1209526,34.018
1780035696.1263206,34.018
1780035696.1318169,34.013
1780035696.1378264,34.014
1780035696.1437514,34.013
1780035696.1497178,34.013
1780035696.155081,34.012
1780035696.1605797,34.009
1780035696.1666548,34.01
1780035696.172527,34.011
1780035696.1778352,34.013
1780035696.1831892,34.008
1780035696.1883745,34.009
1780035696.1940644,34.01
1780035696.1994474,34.011
1780035696.204772,34.01
1780035696.209936,34.008
1780035696.2155685,34.008
1780035696.2207706,34.008
1780035696.2264035,34.009
1780035696.2318046,34.005
1780035696.2371716,34.005
1780035696.2423856,34.005
1780035696.2480536,34.005
1780035696.2534876,34.002
1780035696.2588124,34.002
1780035696.2642038,34.002
1780035696.269639,34.002
1780035696.275091,34.003
1780035696.2805,33.255
1780035696.2858586,34.0
1780035696.2912061,34.001
1780035696.2966366,34.001
1780035696.3021383,34.002
1780035696.3074949,34.0
1780035696.3131206,34.0
1780035696.3190215,34.001
1780035696.32428,34.002
1780035696.3296492,33.252
1780035696.3350966,33.253
1780035696.3404639,33.253
1780035696.345896,33.254
1780035696.3512952,33.255
1780035696.3566453,33.251
1780035696.3620613,33.252
1780035696.367489,33.252
1780035696.3728647,33.253
1780035696.3782523,33.249
1780035696.3836377,33.249
1780035696.3890562,33.25
1780035696.3944702,33.25
1780035696.3999157,33.25
1780035696.4052646,33.247
1780035696.4106507,33.25
1780035696.4160674,33.253
1780035696.421466,34.0
1780035696.4268093,33.254
1780035696.4319835,33.255
1780035696.4375818,34.0
1780035696.442754,34.001
1780035696.4484527,34.003
1780035696.4538374,33.255
1780035696.4592028,34.0
1780035696.4643767,34.0
1780035696.4699593,34.001
1780035696.4751248,33.252
1780035696.4807854,33.253
1780035696.4859579,33.254
1780035696.4915679,33.254
1780035696.4967434,33.255
1780035696.5024855,33.248
1780035696.5078244,33.252
1780035696.5132396,33.254
1780035696.5186954,34.002
1780035696.5240133,34.001
1780035696.5294127,34.003
1780035696.5348341,34.004
1780035696.5403,34.005
1780035696.5456543,34.007
1780035696.5510612,34.007
1780035696.5564067,34.009
1780035696.561838,34.012
1780035696.5672522,34.015
1780035696.5727003,34.014
1780035696.5780902,34.015
1780035696.583463,34.015
1780035696.588813,34.016
1780035696.5942419,34.017
1780035696.5996735,34.014
1780035696.605091,34.015
1780035696.6104236,34.015
1780035696.6158197,34.016
1780035696.6212385,34.013
1780035696.6266994,34.014
1780035696.632048,34.014
1780035696.637466,34.015
1780035696.6428678,34.016
1780035696.6482744,34.013
1780035696.653655,34.014
1780035696.659102,34.014
1780035696.6644676,34.015
1780035696.6698542,34.013
1780035696.6752985,34.014
1780035696.6807015,34.015
1780035696.686067,34.015
1780035696.691492,34.015
1780035696.6968205,34.014
1780035696.7022648,34.015
1780035696.7076313,34.016
1780035696.713095,34.017
1780035696.7184415,34.014
1780035696.7239003,34.015
1780035696.7292092,34.016
1780035696.7346122,34.016
1780035696.7400837,34.016
1780035696.7455106,34.014
1780035696.7508507,34.015
1780035696.7562654,34.015
1780035696.7615876,34.016
1780035696.7668338,34.013
1780035696.7724679,34.014
1780035696.7778912,34.014
1780035696.783254,34.015
1780035696.7886705,34.012
1780035696.7941074,34.013
1780035696.799505,34.013
1780035696.804856,34.014
1780035696.8102667,34.015
1780035696.8156095,34.012
1780035696.8210034,34.014
1780035696.8264287,34.014
1780035696.8318985,34.015
1780035696.83724,34.012
1780035696.8426638,34.013
1780035696.8480082,34.014
1780035696.8532531,34.014
1780035696.8588603,34.015
1780035696.8643143,34.012
1780035696.8696747,34.013
1780035696.8750582,34.013
1780035696.8804579,34.013
1780035696.8859015,34.011
1780035696.891245,34.012
1780035696.8967037,34.013
1780035696.9020233,34.013
1780035696.9074237,34.014
1780035696.9128485,34.011
1780035696.9183004,34.012
1780035696.9236634,34.012
1780035696.9290674,34.013
1780035696.9343941,34.01
1780035696.9396262,34.011
1780035696.945259,34.012
1780035696.950706,34.012
1780035696.9560945,34.013
1780035696.9614513,34.01
1780035696.96677,34.01
1780035696.9720175,34.011
1780035696.9776402,34.011
1780035696.9831076,34.008
1780035696.9884439,34.009
1780035696.9938812,34.009
1780035696.9992094,34.01
1780035697.0046666,34.011
1780035697.0100667,34.008
1780035697.015463,34.009
1780035697.0208077,34.01
1780035697.0260534,34.011
1780035697.0316546,34.008
1780035697.037107,34.01
1780035697.0424683,34.011
1780035697.0478628,34.012
1780035697.0533438,34.013
1780035697.0587032,34.011
1780035697.0640655,34.011
1780035697.0701663,34.012
1780035697.0761337,34.013
1780035697.081501,34.009
1780035697.0868645,34.01
1780035697.0923529,34.011
1780035697.0976543,34.012
1780035697.1030688,34.009
1780035697.1084194,34.01
1780035697.1138496,34.011
1780035697.11927,34.012
1780035697.1246994,34.013
1780035697.1300287,34.009
1780035697.1354356,34.011
1780035697.1408527,34.011
1780035697.1463075,34.012
1780035697.1517031,34.013
1780035697.1570714,34.011
1780035697.162403,34.012
1780035697.1676488,34.013
1780035697.173276,34.014
1780035697.1786635,34.012
1780035697.1840973,34.013
1780035697.1894813,34.015
1780035697.1948295,34.016
1780035697.2002606,34.013
1780035697.2056484,34.014
1780035697.2111094,34.015
1780035697.2164524,34.016
1780035697.2218459,34.017
1780035697.2272372,34.015
1780035697.2327058,34.016
1780035697.2380564,34.017
1780035697.2435102,34.018
1780035697.248815,34.017
1780035697.254254,34.017
1780035697.2596376,34.018
1780035697.2651057,34.019
1780035697.2704434,34.02
1780035697.2758725,34.018
1780035697.281201,34.019
1780035697.2864625,34.02
1780035697.2920551,34.02
1780035697.297511,34.019
1780035697.3028517,34.019
1780035697.3083043,34.02
1780035697.3136675,34.021
1780035697.3191109,34.023
1780035697.3244493,34.02
1780035697.32991,34.021
1780035697.335225,34.022
1780035697.3406594,34.023
1780035697.3460612,34.022
1780035697.3515131,34.022
1780035697.3568666,34.023
1780035697.3622956,34.024
1780035697.367633,34.025
1780035697.373058,34.023
1780035697.3784733,34.023
1780035697.3839014,34.024
1780035697.3892715,34.025
1780035697.3946683,34.023
1780035697.4000514,34.024
1780035697.4055133,34.025
1780035697.4108653,34.026
1780035697.4162984,34.027
1780035697.4216132,34.024
1780035697.4268577,34.025
1780035697.4324737,34.026
1780035697.4379234,34.027
1780035697.4432704,34.025
1780035697.448679,34.026
1780035697.4540281,34.027
1780035697.4594526,34.028
1780035697.4648733,34.029
1780035697.4703054,34.024
1780035697.4759398,34.025
1780035697.4818478,34.026
1780035697.4871264,34.026
1780035697.4924297,34.024
1780035697.4978738,34.025
1780035697.5035245,34.025
1780035697.509436,34.026
1780035697.514696,34.027
1780035697.5200636,34.022
1780035697.5254753,34.023
1780035697.5311286,34.024
1780035697.5370128,34.024
1780035697.5422604,34.02
1780035697.5476675,34.021
1780035697.553115,34.022
1780035697.558481,34.022
1780035697.563907,34.023
1780035697.5692408,34.019
1780035697.5746415,34.019
1780035697.5800576,34.02
1780035697.585508,34.021
1780035697.590836,34.018
1780035697.5962741,34.018
1780035697.6016471,34.018
1780035697.607067,34.019
1780035697.6125033,34.02
1780035697.6179173,34.016
1780035697.6235247,34.017
1780035697.629435,34.017
1780035697.6346967,34.018
1780035697.6400661,34.015
1780035697.645518,34.015
1780035697.6511276,34.015
1780035697.6570375,34.016
1780035697.662255,34.017
1780035697.667659,34.012
1780035697.6730688,34.013
1780035697.6784773,34.014
1780035697.6839085,34.015
1780035697.689246,34.014
1780035697.6946507,34.011
1780035697.7000525,34.012
1780035697.7055173,34.013
1780035697.710867,34.014
1780035697.7163048,34.009
1780035697.7216563,34.01
1780035697.727076,34.011
1780035697.7324986,34.011
1780035697.737919,34.012
1780035697.743527,34.008
1780035697.7494352,34.009
1780035697.7546613,34.01
1780035697.760068,34.011
1780035697.7655168,34.006
1780035697.7711518,34.006
1780035697.7770696,34.007
1780035697.7823043,34.007
1780035697.7877586,34.009
1780035697.7931147,34.003
1780035697.7985015,34.004
1780035697.8045535,34.004
1780035697.8105867,34.006
1780035697.8159165,34.001
1780035697.821314,34.002
1780035697.8269975,34.002
1780035697.8328242,34.003
1780035697.838135,34.001
1780035697.8434935,33.254
1780035697.8488686,33.255
1780035697.8543398,34.0
1780035697.8596742,34.001
1780035697.865077,33.24
1780035697.8706608,33.238
1780035697.8758938,33.243
1780035697.881278,33.251
1780035697.886974,34.006
1780035697.8928266,34.018
1780035697.898052,34.027
1780035697.9034307,34.038
1780035697.9088776,34.048
1780035697.9149425,34.06
1780035697.9209964,34.074
1780035697.926954,34.083
1780035697.9323075,34.094
1780035697.9376783,34.104
1780035697.943119,34.116
1780035697.9484699,34.126
1780035697.9538815,34.139
1780035697.9593236,34.157
1780035697.9646964,34.158
1780035697.9700592,34.161
1780035697.975536,34.162
1780035697.9808724,34.163
1780035697.9863198,34.159
1780035697.9917142,34.16
1780035697.9971163,34.16
1780035698.0024605,34.161
1780035698.007894,34.162
1780035698.0132463,34.156
1780035698.0186374,34.157
1780035698.024076,34.157
1780035698.029525,34.157
1780035698.035125,34.153
1780035698.040962,34.153
1780035698.0462668,34.154
1780035698.0516753,34.154
1780035698.0571244,34.155
1780035698.062486,34.149
1780035698.0681715,34.15
1780035698.0737956,34.149
1780035698.079426,34.15
1780035698.0847955,34.144
1780035698.0904508,34.144
1780035698.0961664,34.144
1780035698.1021185,34.144
1780035698.1075032,34.139
1780035698.112896,34.142
1780035698.1185925,34.143
1780035698.1244135,34.143
1780035698.1296973,34.144
1780035698.1350815,34.137
1780035698.140469,34.137
1780035698.1462429,34.136
1780035698.1520143,34.136
1780035698.1574728,34.131
1780035698.1633308,34.132
1780035698.168711,34.132
1780035698.174094,34.133
1780035698.1795275,34.135
1780035698.184914,34.129
1780035698.1909535,34.129
1780035698.197028,34.129
1780035698.2023585,34.13
1780035698.207872,34.125
1780035698.2137313,34.126
1780035698.2191067,34.126
1780035698.2244892,34.127
1780035698.2298727,34.122
1780035698.2355175,34.123
1780035698.2414138,34.123
1780035698.24667,34.124
1780035698.2521756,34.125
1780035698.2575269,34.119
1780035698.263136,34.119
1780035698.2690377,34.119
1780035698.27427,34.118
1780035698.2796319,34.112
1780035698.2850714,34.113
1780035698.290499,34.113
1780035698.2965379,34.113
1780035698.3025863,34.114
1780035698.3079247,34.108
1780035698.313279,34.108
1780035698.3189876,34.108
1780035698.3248172,34.108
1780035698.33033,34.103
1780035698.3361652,34.104
1780035698.341475,34.104
1780035698.346885,34.104
1780035698.352351,34.099
1780035698.357941,34.1
1780035698.3638446,34.1
1780035698.3690696,34.099
1780035698.3744724,34.1
1780035698.379926,34.093
1780035698.3855286,34.093
1780035698.3914115,34.093
1780035698.3966722,34.093
1780035698.402069,34.088
1780035698.40753,34.089
1780035698.412884,34.089
1780035698.418455,34.089
1780035698.4240057,34.09
1780035698.4297206,34.086
1780035698.4350772,34.086
1780035698.440491,34.086
1780035698.4459198,34.086
1780035698.451278,34.083
1780035698.4566927,34.084
1780035698.4620368,34.084
1780035698.467475,34.083
1780035698.4729826,34.084
1780035698.478293,34.079
1780035698.4836779,34.078
1780035698.4890554,34.078
1780035698.4944754,34.078
1780035698.4998527,34.074
1780035698.5052614,34.074
1780035698.5106356,34.073
1780035698.5160277,34.073
1780035698.5212493,34.072
1780035698.5268257,34.069
1780035698.5320017,34.069
1780035698.5376296,34.069
1780035698.542829,34.07
1780035698.5483806,34.066
1780035698.553558,34.066
1780035698.559284,34.066
1780035698.5646608,34.066
1780035698.570096,34.067
1780035698.5754647,34.062
1780035698.5808098,34.062
1780035698.5860062,34.062
1780035698.591621,34.062
1780035698.5968182,34.058
1780035698.602455,34.059
1780035698.6078277,34.059
1780035698.613261,34.059
1780035698.6186423,34.058
1780035698.624014,34.055
1780035698.629216,34.056
1780035698.6348186,34.056
1780035698.6400235,34.056
1780035698.6456232,34.052
1780035698.6507993,34.052
1780035698.656429,34.052
1780035698.6616287,34.053
1780035698.6673105,34.054
1780035698.6726632,34.049
1780035698.678036,34.05
1780035698.68328,34.05
1780035698.6888459,34.051
1780035698.6942406,34.047
1780035698.6996698,34.048
1780035698.7050493,34.048
1780035698.7104359,34.049
1780035698.7156403,34.05
1780035698.7213168,34.046
1780035698.7266598,34.046
1780035698.7320535,34.046
1780035698.73743,34.046
1780035698.7428262,34.041
1780035698.747997,34.041
1780035698.7536275,34.041
1780035698.7588265,34.04
1780035698.764513,34.041
1780035698.7698662,34.037
1780035698.7752604,34.037
1780035698.780633,34.036
1780035698.786034,34.036
1780035698.7912278,34.033
1780035698.7968438,34.033
1780035698.8023703,34.032
1780035698.808448,34.033
1780035698.813706,34.034
1780035698.819062,34.028
1780035698.8244357,34.028
1780035698.8296683,34.028
1780035698.8352463,34.028
1780035698.840629,34.024
1780035698.8460622,34.024
1780035698.8514454,34.024
1780035698.8568218,34.024
1780035698.8620322,34.024
1780035698.8676646,34.019
1780035698.8730295,34.019
1780035698.8784332,34.019
1780035698.8836758,34.019
1780035698.8892393,34.015
1780035698.8944232,34.015
1780035698.9000256,34.015
1780035698.9052272,34.015
1780035698.9109197,34.016
1780035698.9163096,34.011
1780035698.9216156,34.011
1780035698.9271085,34.011
1780035698.93268,34.011
1780035698.93851,34.006
1780035698.9438915,34.006
1780035698.9492974,34.006
1780035698.954728,34.006
1780035698.960159,34.007
1780035698.965535,34.002
1780035698.9708626,34.002
1780035698.9762995,34.002
1780035698.9817083,34.002
1780035698.987769,33.253
1780035698.993643,33.253
1780035698.999082,33.253
1780035699.004506,33.254
1780035699.0099318,33.253
1780035699.015255,33.25
1780035699.0206516,33.25
1780035699.02609,33.25
1780035699.0315368,33.251
1780035699.0369217,33.246
1780035699.042509,33.245
1780035699.0480812,33.245
1780035699.0537581,33.245
1780035699.0591037,33.244
1780035699.0644126,33.241
1780035699.0699165,33.241
1780035699.0760288,33.241
1780035699.0813417,33.241
1780035699.0873926,33.236
1780035699.0934026,33.236
1780035699.0987384,33.236
1780035699.1040983,33.237
1780035699.109541,33.231
1780035699.1151378,33.232
1780035699.1210048,33.232
1780035699.1263015,33.232
1780035699.1317017,33.233
1780035699.1371336,33.228
1780035699.142518,33.228
1780035699.1486871,33.227
1780035699.1545768,33.228
1780035699.1598902,33.222
1780035699.165269,33.223
1780035699.170819,33.223
1780035699.176447,33.224
1780035699.182148,33.225
1780035699.1875,33.219
1780035699.19286,33.219
1780035699.198294,33.219
1780035699.2037091,33.219
1780035699.2097592,33.215
1780035699.2156782,33.218
1780035699.2211232,33.22
1780035699.226491,33.223
1780035699.2319415,33.224
1780035699.2375379,33.221
1780035699.2434354,33.222
1780035699.2486832,33.222
1780035699.25408,33.222
1780035699.259545,33.217
1780035699.2651494,33.218
1780035699.2710474,33.218
1780035699.2763054,33.218
1780035699.2816224,33.217
1780035699.2871199,33.214
1780035699.2927086,33.213
1780035699.2985191,33.213
1780035699.303886,33.214
1780035699.3092728,33.209
1780035699.314739,33.209
1780035699.32015,33.209
1780035699.3261898,33.209
1780035699.3315415,33.204
1780035699.336844,33.205
1780035699.3422601,33.205
1780035699.3477159,33.205
1780035699.3531358,33.206
1780035699.3585017,33.201
1780035699.363898,33.202
1780035699.3692374,33.202
1780035699.3744652,33.202
1780035699.3801785,33.202
1780035699.3855443,33.198
1780035699.3911572,33.198
1780035699.3970993,33.198
1780035699.4023623,33.199
1780035699.4077091,33.194
1780035699.4131393,33.194
1780035699.4185264,33.194
1780035699.423944,33.194
1780035699.429333,33.194
1780035699.4346993,33.19
1780035699.440107,33.19
1780035699.4455454,33.19
1780035699.4509099,33.191
1780035699.4563174,33.187
1780035699.4616745,33.188
1780035699.4670932,33.188
1780035699.472501,33.188
1780035699.4779472,33.187
1780035699.4835608,33.185
1780035699.4894607,33.186
1780035699.4950185,33.186
1780035699.5007546,33.186
1780035699.5060394,33.181
1780035699.5112286,33.181
1780035699.5168524,33.182
1780035699.522094,33.182
1780035699.5276804,33.182
1780035699.5330565,33.179
1780035699.538455,33.179
1780035699.5438445,33.179
1780035699.5492656,33.18
1780035699.5546427,33.177
1780035699.560031,33.177
1780035699.5652306,33.177
1780035699.5708556,33.178
1780035699.5762448,33.175
1780035699.5816178,33.174
1780035699.586816,33.175
1780035699.5924573,33.175
1780035699.597838,33.175
1780035699.6032064,33.171
1780035699.6083906,33.172
1780035699.6140342,33.173
1780035699.6192312,33.173
1780035699.6249015,33.175
1780035699.6302922,33.17
1780035699.6356382,33.171
1780035699.640879,33.171
1780035699.6464756,33.172
1780035699.6518707,33.167
1780035699.6572523,33.167
1780035699.662456,33.168
1780035699.6680565,33.168
1780035699.6732569,33.169
1780035699.6788511,33.165
1780035699.6840532,33.166
1780035699.6896474,33.166
1780035699.6948879,33.166
1780035699.7004578,33.163
1780035699.7056284,33.163
1780035699.7112663,33.163
1780035699.716647,33.164
1780035699.7221131,33.166
1780035699.7275188,33.161
1780035699.7331731,33.162
1780035699.7390563,33.162
1780035699.7443054,33.163
1780035699.7496538,33.157
1780035699.7550828,33.158
1780035699.7605112,33.159
1780035699.765942,33.159
1780035699.771337,33.161
1780035699.7766957,33.156
1780035699.7820942,33.157
1780035699.787547,33.157
1780035699.7929237,33.158
1780035699.7983239,33.154
1780035699.803643,33.154
1780035699.8089626,33.155
1780035699.8146188,33.155
1780035699.8199472,33.156
1780035699.825297,33.151
1780035699.8307302,33.151
1780035699.8361237,33.152
1780035699.8415468,33.152
1780035699.8468833,33.148
1780035699.8523352,33.149
1780035699.8576615,33.15
1780035699.8630924,33.151
1780035699.8685112,33.152
1780035699.874033,33.147
1780035699.8796196,33.148
1780035699.8855069,33.148
1780035699.8914425,33.149
1780035699.8966994,33.144
1780035699.9020984,33.145
1780035699.907552,33.146
1780035699.9129093,33.146
1780035699.9183338,33.147
1780035699.9236157,33.143
1780035699.9289923,33.143
1780035699.9346173,33.143
1780035699.940625,33.144
1780035699.9460402,33.14
1780035699.951515,33.143
1780035699.9574249,33.146
1780035699.9626987,33.149
1780035699.9681528,33.152
1780035699.9735494,33.148
1780035699.9791613,33.149
1780035699.9850821,33.15
1780035699.9903526,33.151
1780035699.995696,33.146
1780035700.0011113,33.147
1780035700.0065012,33.148
1780035700.0119548,33.149
1780035700.0173035,33.15
1780035700.0226986,33.146
1780035700.0281157,33.148
1780035700.0335581,33.149
1780035700.0389054,33.15
1780035700.0443363,33.146
1780035700.0496655,33.147
1780035700.055095,33.148
1780035700.0605135,33.149
1780035700.0659454,33.151
1780035700.0715501,33.146
1780035700.0774565,33.147
1780035700.0826972,33.148
1780035700.088106,33.149
1780035700.093545,33.144
1780035700.0988717,33.145
1780035700.1049702,33.146
1780035700.1110144,33.146
1780035700.1163747,33.146
1780035700.1217127,33.143
1780035700.1275115,33.144
1780035700.1338456,33.145
1780035700.1397622,33.146
1780035700.1451302,33.142
1780035700.1505203,33.143
1780035700.156246,33.143
1780035700.1620302,33.144
1780035700.1674697,33.14
1780035700.1733458,33.142
1780035700.178743,33.143
1780035700.1841211,33.143
1780035700.189555,33.145
1780035700.195198,33.141
1780035700.2010965,33.142
1780035700.2065814,33.142
1780035700.2121253,33.143
1780035700.2177172,33.138
1780035700.223794,33.139
1780035700.2297535,33.14
1780035700.2351422,33.14
1780035700.240496,33.14
1780035700.2462735,33.136
1780035700.252533,33.137
1780035700.258575,33.137
1780035700.264613,33.139
1780035700.2699544,33.133
1780035700.2753055,33.134
1780035700.2810214,33.135
1780035700.286833,33.136
1780035700.2920966,33.131
1780035700.297558,33.133
1780035700.3029304,33.134
1780035700.3083766,33.134
1780035700.3138022,33.136
1780035700.3191159,33.132
1780035700.3244667,33.132
1780035700.3298993,33.133
1780035700.335353,33.134
1780035700.3413627,33.13
1780035700.347386,33.131
1780035700.352757,33.133
1780035700.3581285,33.133
1780035700.3635612,33.134
1780035700.3691437,33.131
1780035700.3750417,33.132
1780035700.380305,33.133
1780035700.3857217,33.134
1780035700.391114,33.129
1780035700.3965158,33.13
1780035700.4022532,33.131
1780035700.4077885,33.131
1780035700.4133484,33.133
1780035700.4194527,33.128
1780035700.4253929,33.129
1780035700.430748,33.13
1780035700.4361238,33.131
1780035700.4422913,33.126
1780035700.4481401,33.128
1780035700.453538,33.129
1780035700.458925,33.13
1780035700.4643734,33.125
1780035700.4699683,33.127
1780035700.4758885,33.128
1780035700.4813354,33.128
1780035700.486843,33.13
1780035700.4925747,33.125
1780035700.4979224,33.126
1780035700.5032659,33.126
1780035700.508505,33.128
1780035700.5141747,33.123
1780035700.51956,33.125
1780035700.525171,33.126
1780035700.531079,33.127
1780035700.536348,33.129
1780035700.5417018,33.125
1780035700.547159,33.126
1780035700.5525222,33.127
1780035700.5579534,33.128
1780035700.5632958,33.123
1780035700.568699,33.125
1780035700.574161,33.126
1780035700.5798526,33.126
1780035700.5856576,33.128
1780035700.5912666,33.123
1780035700.5971205,33.124
1780035700.6030042,33.125
1780035700.6090276,33.126
1780035700.6149049,33.121
1780035700.6203501,33.122
1780035700.6257255,33.123
1780035700.6311545,33.124
1780035700.636482,33.123
1780035700.6419208,33.121
1780035700.6473408,33.121
1780035700.6527634,33.122
1780035700.6581354,33.123
1780035700.664287,33.119
1780035700.6701512,33.12
1780035700.6755483,33.121
1780035700.6809075,33.122
1780035700.6863716,33.117
1780035700.6919563,33.119
1780035700.6978776,33.12
1780035700.7031069,33.121
1780035700.7085006,33.122
1780035700.713962,33.118
1780035700.719384,33.119
1780035700.7254238,33.12
1780035700.7307632,33.121
1780035700.736055,33.118
1780035700.7415104,33.118
1780035700.74726,33.117
1780035700.753102,33.118
1780035700.7583644,33.121
1780035700.7637148,33.116
1780035700.7691658,33.117
1780035700.774532,33.118
1780035700.7799575,33.119
1780035700.7852693,33.118
1780035700.7906668,33.117
1780035700.7961118,33.118
1780035700.801557,33.12
1780035700.8069377,33.121
1780035700.812336,33.117
1780035700.8177083,33.118
1780035700.823128,33.12
1780035700.8285167,33.12
1780035700.833968,33.12
1780035700.8395653,33.118
1780035700.845495,33.12
1780035700.8508132,33.121
1780035700.8563726,33.122
1780035700.8621597,33.118
1780035700.8675275,33.119
1780035700.8728786,33.12
1780035700.8781147,33.121
1780035700.8837924,33.122
1780035700.8898022,33.119
1780035700.8958166,33.12
1780035700.9011707,33.121
1780035700.9065256,33.123
1780035700.9119585,33.118
1780035700.917575,33.119
1780035700.923473,33.121
1780035700.92874,33.122
1780035700.934059,33.119
1780035700.9395206,33.119
1780035700.9452822,33.119
1780035700.9511888,33.121
1780035700.9568822,33.122
1780035700.9623346,33.117
1780035700.9676793,33.118
1780035700.9729693,33.119
1780035700.9785924,33.121
1780035700.984528,33.116
1780035700.9899068,33.117
1780035700.9952989,33.119
1780035701.000681,33.121
1780035701.0060678,33.123
1780035701.01128,33.12
1780035701.016852,33.122
1780035701.0220518,33.124
1780035701.0276902,33.126
1780035701.0330725,33.124
1780035701.0384648,33.126
1780035701.0437038,33.129
1780035701.049332,33.131
1780035701.0547605,33.133
1780035701.0601044,33.131
1780035701.065533,33.132
1780035701.0708654,33.133
1780035701.0761087,33.134
1780035701.0816646,33.134
1780035701.0870898,33.118
1780035701.0924213,33.122
1780035701.0976393,33.134
1780035701.1033673,33.143
1780035701.1087704,33.156
1780035701.1141925,33.168
1780035701.1204278,33.18
1780035701.1263394,33.19
1780035701.1318316,33.203
1780035701.1374288,33.213
1780035701.1429386,33.222
1780035701.148602,33.232
1780035701.1542685,33.243
1780035701.1597168,33.252
1780035701.1651955,34.009
1780035701.1705153,34.019
1780035701.1759477,34.042
1780035701.1813598,34.047
1780035701.1867197,34.05
1780035701.1921341,34.052
1780035701.197571,34.054
1780035701.202919,34.052
1780035701.2083335,34.052
1780035701.2136824,34.054
1780035701.2191143,34.055
1780035701.2245455,34.057
1780035701.2299647,34.055
1780035701.2353444,34.056
1780035701.2407265,34.058
1780035701.2461214,34.059
1780035701.2515512,34.057
1780035701.2569115,34.058
1780035701.262367,34.059
1780035701.2677138,34.06
1780035701.2731383,34.062
1780035701.2785287,34.059
1780035701.283971,34.061
1780035701.2893558,34.061
1780035701.2947724,34.063
1780035701.3000846,34.06
1780035701.3055234,34.061
1780035701.310938,34.062
1780035701.3163657,34.064
1780035701.3217838,34.065
1780035701.3271368,34.062
1780035701.3324778,34.062
1780035701.3377237,34.064
1780035701.3433347,34.065
1780035701.3487654,34.062
1780035701.3541183,34.063
1780035701.3595393,34.064
1780035701.3649292,34.065
1780035701.3703737,34.062
1780035701.3757198,34.064
1780035701.3811722,34.065
1780035701.386507,34.065
1780035701.3919394,34.066
1780035701.3973053,34.064
1780035701.402771,34.065
1780035701.4081237,34.066
1780035701.4135306,34.067
1780035701.418857,34.064
1780035701.424108,34.065
1780035701.4297242,34.066
1780035701.435173,34.067
1780035701.440543,34.068
1780035701.4459283,34.068
1780035701.4513354,34.071
1780035701.456767,34.075
1780035701.4621217,34.077
1780035701.4675288,34.074
1780035701.4729197,34.075
1780035701.478356,34.076
1780035701.4837358,34.076
1780035701.4891663,34.078
1780035701.4945219,34.07
1780035701.4999354,34.071
1780035701.5053022,34.072
1780035701.510727,34.072
1780035701.516131,34.07
1780035701.5215726,34.071
1780035701.5268886,34.072
1780035701.5321124,34.072
1780035701.5378084,34.074
1780035701.5431314,34.071
1780035701.5485306,34.071
1780035701.5539768,34.073
1780035701.5593228,34.073
1780035701.5647564,34.071
1780035701.5701625,34.072
1780035701.575579,34.073
1780035701.5809398,34.073
1780035701.5863335,34.072
1780035701.591683,34.071
1780035701.5969296,34.072
1780035701.6025426,34.073
1780035701.60797,34.074
1780035701.6133459,34.071
1780035701.618743,34.072
1780035701.6241333,34.073
1780035701.6295755,34.074
1780035701.63493,34.072
1780035701.6403718,34.072
1780035701.6457052,34.073
1780035701.6511042,34.074
1780035701.6565225,34.075
1780035701.6619728,34.072
1780035701.6673405,34.073
1780035701.6727314,34.074
1780035701.6780834,34.075
1780035701.6833465,34.072
1780035701.689028,34.073
1780035701.6943717,34.074
1780035701.6997223,34.075
1780035701.7052104,34.076
1780035701.7105196,34.073
1780035701.7159777,34.074
1780035701.721445,34.075
1780035701.7274275,34.076
1780035701.7327797,34.072
1780035701.7381406,34.073
1780035701.7435327,34.074
1780035701.7489192,34.075
1780035701.75438,34.072
1780035701.7597225,34.073
1780035701.7651348,34.074
1780035701.7704816,34.075
1780035701.7757275,34.076
1780035701.7813554,34.073
1780035701.786772,34.074
1780035701.7921333,34.075
1780035701.797536,34.076
1780035701.8028862,34.073
1780035701.8083375,34.074
1780035701.8137372,34.075
1780035701.8191817,34.076
1780035701.824507,34.077
1780035701.8299007,34.074
1780035701.8353374,34.075
1780035701.8407838,34.075
1780035701.846149,34.076
1780035701.8515441,34.073
1780035701.8569496,34.075
1780035701.8623605,34.075
1780035701.8677368,34.076
1780035701.8731825,34.077
1780035701.8785439,34.075
1780035701.8839383,34.076
1780035701.889357,34.076
1780035701.8947732,34.077
1780035701.900119,34.075
1780035701.9055827,34.076
1780035701.9109054,34.077
1780035701.916319,34.077
1780035701.921787,34.079
1780035701.9271777,34.076
1780035701.932532,34.077
1780035701.9379458,34.078
1780035701.9432988,34.078
1780035701.9487262,34.076
1780035701.9541779,34.077
1780035701.9596024,34.078
1780035701.9649622,34.078
1780035701.9703445,34.078
1780035701.9756649,34.076
1780035701.9809096,34.077
1780035701.9865346,34.078
1780035701.991974,34.079
1780035701.9973195,34.077
1780035702.00271,34.078
1780035702.008124,34.078
1780035702.0135753,34.079
1780035702.0190032,34.08
1780035702.0243833,34.078
1780035702.0297058,34.078
1780035702.0351398,34.079
1780035702.040533,34.079
1780035702.045984,34.077
1780035702.0513616,34.078
1780035702.0567422,34.079
1780035702.0620897,34.079
1780035702.067351,34.077
1780035702.0729175,34.077
1780035702.078384,34.078
1780035702.0837119,34.079
1780035702.0891068,34.079
1780035702.094516,34.077
1780035702.0999796,34.077
1780035702.1053567,34.078
1780035702.110777,34.079
1780035702.116089,34.077
1780035702.1215396,34.08
1780035702.1269286,34.083
1780035702.1323788,34.086
1780035702.137744,34.088
1780035702.1431468,34.086
1780035702.1484861,34.087
1780035702.1537287,34.088
1780035702.1593726,34.089
1780035702.1647854,34.086
1780035702.1701467,34.087
1780035702.175549,34.088
1780035702.1809218,34.089
1780035702.1863887,34.09
1780035702.1917102,34.087
1780035702.1971798,34.088
1780035702.2025027,34.088
1780035702.207908,34.089
1780035702.213328,34.086
1780035702.2187848,34.087
1780035702.2241306,34.087
1780035702.2295353,34.088
1780035702.2349997,34.089
1780035702.2403407,34.086
1780035702.2457118,34.087
1780035702.251182,34.087
1780035702.2565398,34.088
1780035702.2619517,34.085
1780035702.2673676,34.086
1780035702.272786,34.087
1780035702.2781394,34.087
1780035702.2835827,34.088
1780035702.288959,34.086
1780035702.294374,34.087
1780035702.2997427,34.087
1780035702.3051994,34.088
1780035702.310539,34.086
1780035702.3159482,34.087
1780035702.3213105,34.088
1780035702.3267334,34.088
1780035702.3322365,34.09
1780035702.33759,34.087
1780035702.342947,34.088
1780035702.348352,34.088
1780035702.3537295,34.089
1780035702.35919,34.089
1780035702.3645499,34.091
1780035702.3699818,34.094
1780035702.3753362,34.096
1780035702.3807392,34.096
1780035702.3861268,34.097
1780035702.3915904,34.098
1780035702.3969555,34.098
1780035702.4023476,34.099
1780035702.407675,34.098
1780035702.4129183,34.101
1780035702.4185593,34.104
1780035702.423982,34.107
1780035702.429373,34.106
1780035702.4347515,34.107
1780035702.4401402,34.107
1780035702.445583,34.108
1780035702.450963,34.109
1780035702.456379,34.107
1780035702.4617016,34.107
1780035702.4671006,34.108
1780035702.4725122,34.109
1780035702.4779437,34.106
1780035702.4833705,34.107
1780035702.4887474,34.108
1780035702.4940925,34.108
1780035702.499354,34.11
1780035702.5049407,34.108
1780035702.5103934,34.109
1780035702.5157416,34.109
1780035702.5211563,34.111
1780035702.5264792,34.108
1780035702.5316863,34.109
1780035702.537324,34.11
1780035702.542791,34.11
1780035702.548179,34.112
1780035702.5535357,34.109
1780035702.55894,34.109
1780035702.5643942,34.11
1780035702.5697565,34.111
1780035702.575148,34.109
1780035702.5805476,34.109
1780035702.5859673,34.11
1780035702.591366,34.11
1780035702.5967848,34.109
1780035702.6020956,34.109
1780035702.6075091,34.11
1780035702.6129098,34.11
1780035702.618141,34.111
1780035702.6237388,34.108
1780035702.6291876,34.109
1780035702.634502,34.109
1780035702.6398969,34.11
1780035702.645324,34.109
1780035702.6507943,34.108
1780035702.6561592,34.109
1780035702.6615539,34.109
1780035702.666904,34.11
1780035702.672349,34.108
1780035702.6777432,34.109
1780035702.6831927,34.109
1780035702.6885514,34.11
1780035702.693957,34.107
1780035702.6992555,34.108
1780035702.7044995,34.109
1780035702.7101595,34.109
1780035702.7155938,34.11
1780035702.720897,34.107
1780035702.7263162,34.108
1780035702.7317286,34.108
1780035702.7371924,34.109
1780035702.7425172,34.106
1780035702.747954,34.107
1780035702.753304,34.108
1780035702.7587392,34.108
1780035702.7641416,34.109
1780035702.7695875,34.106
1780035702.7749357,34.107
1780035702.7803583,34.107
1780035702.7857165,34.108
1780035702.7911487,34.105
1780035702.7965963,34.106
1780035702.801989,34.107
1780035702.8073375,34.107
1780035702.812733,34.109
1780035702.8181021,34.105
1780035702.8235977,34.106
1780035702.828949,34.107
1780035702.834367,34.108
1780035702.8396802,34.105
1780035702.844925,34.105
1780035702.8505642,34.106
1780035702.8559887,34.106
1780035702.8614256,34.107
1780035702.8667533,34.104
1780035702.8721027,34.105
1780035702.8773496,34.106
1780035702.882962,34.107
1780035702.8883898,34.104
1780035702.8937523,34.105
1780035702.8991377,34.106
1780035702.9045513,34.107
1780035702.9099987,34.107
1780035702.9153743,34.105
1780035702.920794,34.106
1780035702.926132,34.107
1780035702.931584,34.108
1780035702.9369504,34.105
1780035702.9423988,34.106
1780035702.9477637,34.107
1780035702.9531605,34.107
1780035702.9586115,34.108
1780035702.9639978,34.106
1780035702.9693637,34.107
1780035702.974789,34.108
1780035702.9801455,34.108
1780035702.985558,34.105
1780035702.990925,34.106
1780035702.996404,34.107
1780035703.0017102,34.107
1780035703.007152,34.105
1780035703.012501,34.106
1780035703.0179112,34.107
1780035703.023342,34.107
1780035703.028799,34.108
1780035703.0341444,34.105
1780035703.039553,34.106
1780035703.0448909,34.107
1780035703.0501308,34.107
1780035703.055726,34.105
1780035703.0611942,34.108
1780035703.0665479,34.111
1780035703.0719628,34.114
1780035703.077356,34.116
1780035703.0827634,34.113
1780035703.0881307,34.114
1780035703.0936003,34.115
1780035703.0989296,34.115
1780035703.1043246,34.112
1780035703.1097362,34.113
1780035703.1151998,34.114
1780035703.120545,34.114
1780035703.125962,34.115
1780035703.1312943,34.111
1780035703.1366034,34.111
1780035703.1425138,34.111
1780035703.1484468,34.112
1780035703.1540926,34.106
1780035703.159504,34.106
1780035703.165256,34.105
1780035703.1710649,34.104
1780035703.176349,34.103
1780035703.1817803,34.101
1780035703.1871932,34.101
1780035703.1925735,34.102
1780035703.1979942,34.102
1780035703.2033331,34.098
1780035703.2087824,34.099
1780035703.2142408,34.1
1780035703.219606,34.1
1780035703.225045,34.102
1780035703.230361,34.096
1780035703.235728,34.097
1780035703.2411528,34.096
1780035703.246574,34.096
1780035703.2519953,34.092
1780035703.2573512,34.092
1780035703.262742,34.092
1780035703.2681456,34.092
1780035703.2736015,34.092
1780035703.2792542,34.088
1780035703.2851129,34.088
1780035703.2903538,34.087
1780035703.2957582,34.087
1780035703.3011596,34.082
1780035703.3065267,34.083
1780035703.3119082,34.083
1780035703.317307,34.083
1780035703.3225152,34.082
1780035703.328101,34.078
1780035703.333305,34.078
1780035703.3389454,34.078
1780035703.344317,34.078
1780035703.3496957,34.073
1780035703.354877,34.074
1780035703.3605227,34.074
1780035703.3659012,34.073
1780035703.3713822,34.075
1780035703.3767385,34.07
1780035703.382127,34.07
1780035703.3875039,34.07
1780035703.3929052,34.07
1780035703.3980978,34.065
1780035703.403724,34.066
1780035703.4090955,34.066
1780035703.4146001,34.066
1780035703.419957,34.066
1780035703.4254403,34.061
1780035703.431551,34.06
1780035703.4375682,34.06
1780035703.4433308,34.06
1780035703.4487236,34.055
1780035703.4541585,34.055
1780035703.4596019,34.055
1780035703.464973,34.055
1780035703.470373,34.054
1780035703.475688,34.05
1780035703.4812963,34.05
1780035703.4868984,34.049
1780035703.492585,34.05
1780035703.4979608,34.044
1780035703.5033703,34.044
1780035703.5087893,34.044
1780035703.5142374,34.044
1780035703.5195792,34.044
1780035703.5249403,34.039
1780035703.5302975,34.038
1780035703.535739,34.038
1780035703.5411215,34.039
1780035703.5465002,34.034
1780035703.5516815,34.035
1780035703.5573173,34.035
1780035703.5627067,34.034
1780035703.5681567,34.035
1780035703.57357,34.03
1780035703.5789225,34.03
1780035703.5843701,34.03
1780035703.5897372,34.03
1780035703.5951185,34.026
1780035703.6004918,34.027
1780035703.6056683,34.026
1780035703.6113114,34.026
1780035703.6165142,34.027
1780035703.622095,34.022
1780035703.6272788,34.023
1780035703.632916,34.023
1780035703.6381106,34.022
1780035703.6437087,34.02
1780035703.6488614,34.019
1780035703.6545255,34.019
1780035703.659906,34.018
1780035703.665319,34.019
1780035703.6707036,34.015
1780035703.676087,34.015
1780035703.6813328,34.015
1780035703.6869357,34.015
1780035703.692318,34.013
1780035703.6976712,34.011
1780035703.702846,34.011
1780035703.7084906,34.011
1780035703.713698,34.011
1780035703.719285,34.007
1780035703.7244608,34.007
1780035703.730082,34.007
1780035703.7352958,34.007
1780035703.7409632,34.008
1780035703.7463346,34.003
1780035703.7517035,34.004
1780035703.7571888,34.004
1780035703.763212,34.004
1780035703.768482,34.0
1780035703.7736626,34.0
1780035703.7793133,34.0
1780035703.7845182,34.0
1780035703.7901952,34.001
1780035703.7956126,33.253
1780035703.8010952,33.254
1780035703.806968,34.001
1780035703.8125093,34.003
1780035703.817901,33.254
1780035703.8237317,33.255
1780035703.8291285,34.0
1780035703.8345125,34.0
1780035703.8397553,34.0
1780035703.8454497,33.252
1780035703.8514717,33.252
1780035703.857437,33.252
1780035703.8628135,33.252
1780035703.8681633,33.247
1780035703.8736055,33.247
1780035703.8792496,33.248
1780035703.8851273,33.248
1780035703.890362,33.244
1780035703.8956847,33.245
1780035703.9010031,33.247
1780035703.9068696,33.249
1780035703.9127743,33.251
1780035703.918551,33.248
1780035703.923974,33.249
1780035703.9293423,33.249
1780035703.9347703,33.249
1780035703.9401255,33.247
1780035703.9456859,33.245
1780035703.9513073,33.245
1780035703.9572587,33.245
1780035703.963132,33.245
1780035703.9683683,33.24
1780035703.973754,33.24
1780035703.9792306,33.24
1780035703.9845762,33.24
1780035703.9901795,33.236
1780035703.9959755,33.237
1780035704.001329,33.237
1780035704.0067656,33.237
1780035704.0121849,33.238
1780035704.0176406,33.233
1780035704.0229502,33.233
1780035704.0283463,33.234
1780035704.0337553,33.234
1780035704.0392358,33.23
1780035704.044574,33.231
1780035704.0502734,33.231
1780035704.0558653,33.23
1780035704.0615158,33.231
1780035704.0668902,33.226
1780035704.072505,33.226
1780035704.0784264,33.226
1780035704.0841846,33.226
1780035704.0895774,33.221
1780035704.0949142,33.221
1780035704.1001165,33.222
1780035704.105747,33.222
1780035704.1112282,33.223
1780035704.1165717,33.218
1780035704.1219804,33.219
1780035704.127381,33.219
1780035704.1328075,33.219
1780035704.1381795,33.218
1780035704.143686,33.215
1780035704.1493633,33.215
1780035704.1549397,33.216
1780035704.1603396,33.217
1780035704.1657352,33.21
1780035704.171487,33.211
1780035704.1772575,33.212
1780035704.182517,33.214
1780035704.187763,33.209
1780035704.1933749,33.21
1780035704.1990983,33.211
1780035704.2053907,33.211
1780035704.210898,33.212
1780035704.216426,33.207
1780035704.2223492,33.21
1780035704.2276738,33.212
1780035704.2332466,33.215
1780035704.2389681,33.21
1780035704.2443752,33.212
1780035704.2497787,33.212
1780035704.2552304,33.213
1780035704.2605817,33.214
1780035704.2659743,33.192
1780035704.2713118,33.193
1780035704.2764874,33.204
1780035704.2820938,33.212
1780035704.287319,33.224
1780035704.2932377,33.235
1780035704.2990818,33.244
1780035704.3043664,34.001
1780035704.309769,34.009
1780035704.315223,34.022
1780035704.3208103,34.033
1780035704.3267493,34.043
1780035704.3322709,34.055
1780035704.3379307,34.065
1780035704.343436,34.074
1780035704.3488476,34.087
1780035704.3541625,34.099
1780035704.3595884,34.111
1780035704.365311,34.118
1780035704.3713543,34.124
1780035704.3770483,34.124
1780035704.382386,34.126
1780035704.3877435,34.121
1780035704.3931632,34.121
1780035704.3986063,34.122
1780035704.40402,34.123
1780035704.4095225,34.119
1780035704.41539,34.12
1780035704.4208078,34.121
1780035704.4261804,34.121
1780035704.4316123,34.123
1780035704.4371996,34.118
1780035704.4430633,34.12
1780035704.4483738,34.123
1780035704.4537601,34.125
1780035704.4592233,34.122
1780035704.4646094,34.123
1780035704.470289,34.123
1780035704.475827,34.124
1780035704.4814208,34.125
1780035704.4875453,34.121
1780035704.4934554,34.123
1780035704.4987714,34.126
1780035704.504177,34.129
1780035704.509616,34.124
1780035704.5152667,34.124
1780035704.5211465,34.125
1780035704.52637,34.125
1780035704.5317292,34.12
1780035704.5371647,34.121
1780035704.5425832,34.121
1780035704.5486426,34.121
1780035704.554699,34.123
1780035704.560019,34.117
1780035704.565397,34.118
1780035704.5711234,34.118
1780035704.576921,34.119
1780035704.5823166,34.113
1780035704.5882618,34.113
1780035704.5936124,34.114
1780035704.5989954,34.114
1780035704.6044173,34.111
1780035704.6100407,34.11
1780035704.61606,34.11
1780035704.6219802,34.111
1780035704.6278582,34.112
1780035704.6331682,34.105
1780035704.638582,34.106
1780035704.6441119,34.107
1780035704.6496656,34.108
1780035704.6553519,34.102
1780035704.661135,34.102
1780035704.6674838,34.103
1780035704.6734955,34.103
1780035704.6788247,34.098
1780035704.6842306,34.099
1780035704.689624,34.099
1780035704.6952627,34.099
1780035704.7011187,34.1
1780035704.706372,34.094
1780035704.7117667,34.094
1780035704.7172415,34.095
1780035704.7225895,34.095
1780035704.7280169,34.09
1780035704.7334712,34.091
1780035704.7388206,34.094
1780035704.7442281,34.095
1780035704.749621,34.098
1780035704.7549722,34.094
1780035704.7603858,34.095
1780035704.7657502,34.095
1780035704.7711675,34.095
1780035704.7765791,34.09
1780035704.782343,34.09
1780035704.7886968,34.09
1780035704.794702,34.09
1780035704.800025,34.085
1780035704.8053708,34.085
1780035704.8110871,34.085
1780035704.8168976,34.085
1780035704.8221316,34.086
1780035704.827381,34.08
1780035704.8329768,34.081
1780035704.8384292,34.081
1780035704.843785,34.08
1780035704.8491905,34.076
1780035704.8545039,34.076
1780035704.8598094,34.076
1780035704.8655198,34.075
1780035704.8714557,34.076
1780035704.8768113,34.072
1780035704.8821812,34.072
1780035704.8879068,34.072
1780035704.8937209,34.072
1780035704.8990304,34.067
1780035704.9043999,34.068
1780035704.909768,34.068
1780035704.915229,34.069
1780035704.9206684,34.07
1780035704.925984,34.066
1780035704.9313467,34.067
1780035704.9367716,34.068
1780035704.9421945,34.069
1780035704.9476235,34.065
1780035704.9532647,34.066
1780035704.9591763,34.067
1780035704.9649796,34.067
1780035704.9703944,34.064
1780035704.9757366,34.065
1780035704.9811792,34.066
1780035704.986615,34.067
1780035704.992027,34.069
1780035704.9973557,34.065
1780035705.0027452,34.066
1780035705.0081928,34.068
1780035705.0136294,34.069
1780035705.0189934,34.066
1780035705.0243845,34.066
1780035705.029742,34.067
1780035705.0351703,34.068
1780035705.040604,34.069
1780035705.0460236,34.065
1780035705.0514474,34.065
1780035705.0569928,34.066
1780035705.0625484,34.066
1780035705.068244,34.063
1780035705.073593,34.064
1780035705.0789425,34.065
1780035705.0843754,34.066
1780035705.0898209,34.068
1780035705.0952349,34.064
1780035705.100588,34.065
1780035705.1059935,34.066
1780035705.1113439,34.067
1780035705.1167727,34.064
1780035705.122278,34.065
1780035705.1285033,34.066
1780035705.1344297,34.066
1780035705.1402617,34.068
1780035705.1455965,34.062
1780035705.1509447,34.063
1780035705.1563761,34.064
1780035705.1617994,34.065
1780035705.167179,34.062
1780035705.1725576,34.063
1780035705.177936,34.064
1780035705.1833634,34.065
1780035705.1887915,34.066
1780035705.1941812,34.062
1780035705.1999147,34.063
1780035705.2063422,34.064
1780035705.2122283,34.066
1780035705.217573,34.06
1780035705.2229803,34.061
1780035705.2285135,34.062
1780035705.2338564,34.063
1780035705.2398012,34.059
1780035705.2451575,34.06
1780035705.250528,34.06
1780035705.2557735,34.061
1780035705.2613788,34.062
1780035705.2667828,34.059
1780035705.2722359,34.059
1780035705.2776349,34.06
1780035705.2829828,34.061
1780035705.2884414,34.058
1780035705.2937524,34.059
1780035705.2991447,34.059
1780035705.3045688,34.06
1780035705.310029,34.062
1780035705.3153937,34.057
1780035705.3207898,34.058
1780035705.3261619,34.058
1780035705.3316033,34.057
1780035705.336941,34.054
1780035705.3421113,34.054
1780035705.3477538,34.054
1780035705.3531277,34.054
1780035705.358656,34.054
1780035705.3640358,34.05
1780035705.3694198,34.05
1780035705.3754745,34.05
1780035705.3814354,34.05
1780035705.3868163,34.045
1780035705.3922288,34.045
1780035705.397897,34.045
1780035705.4036996,34.045
1780035705.409059,34.046
1780035705.4143803,34.041
1780035705.4197857,34.041
1780035705.4255307,34.041
1780035705.4313216,34.041
1780035705.436586,34.037
1780035705.4420671,34.038
1780035705.4474204,34.038
1780035705.4528296,34.038
1780035705.458269,34.038
1780035705.4636042,34.034
1780035705.4689412,34.035
1780035705.4744456,34.035
1780035705.480562,34.036
1780035705.485873,34.032
1780035705.491341,34.033
1780035705.4968655,34.033
1780035705.5025852,34.034
1780035705.5079994,34.03
1780035705.5133474,34.03
1780035705.5187387,34.031
1780035705.5241268,34.032
1780035705.5293276,34.032
1780035705.5349305,34.028
1780035705.5401082,34.029
1780035705.5457373,34.029
1780035705.5509744,34.03
1780035705.5565808,34.028
1780035705.562337,34.027
1780035705.5686002,34.028
1780035705.5741415,34.028
1780035705.5796435,34.028
1780035705.5854151,34.023
1780035705.5907967,34.024
1780035705.5961492,34.024
1780035705.6015859,34.025
1780035705.6069882,34.021
1780035705.6124437,34.022
1780035705.6177847,34.022
1780035705.6231737,34.023
1780035705.6285906,34.024
1780035705.6340363,34.019
1780035705.6393864,34.02
1780035705.6454628,34.02
1780035705.6514678,34.021
1780035705.65684,34.017
1780035705.6622348,34.017
1780035705.667601,34.016
1780035705.6729777,34.016
1780035705.678405,34.015
1780035705.6837304,34.013
1780035705.6893075,34.013
1780035705.6948802,34.012
1780035705.7006562,34.012
1780035705.7060058,34.008
1780035705.7114074,34.008
1780035705.7168348,34.008
1780035705.722223,34.008
1780035705.727607,34.006
1780035705.732929,34.005
1780035705.7381139,34.005
1780035705.7437727,34.004
1780035705.7491527,34.005
1780035705.7545009,34.001
1780035705.7596781,34.001
1780035705.7653074,34.001
1780035705.7705045,34.001
1780035705.7762458,34.002
1780035705.7816436,33.253
1780035705.7870488,33.253
1780035705.7925184,33.253
1780035705.7978513,33.254
1780035705.8037636,33.249
1780035705.8091366,33.249
1780035705.8145928,33.25
1780035705.8200166,33.25
1780035705.8254614,33.25
1780035705.8307924,33.246
1780035705.836183,33.246
1780035705.841644,33.246
1780035705.8470073,33.246
1780035705.8524456,33.243
1780035705.8578002,33.243
1780035705.863224,33.244
1780035705.8685977,33.244
1780035705.8740418,33.243
1780035705.8793845,33.24
1780035705.8848057,33.241
1780035705.8901546,33.241
1780035705.8955903,33.242
1780035705.9009569,33.238
1780035705.9064374,33.239
1780035705.91206,33.239
1780035705.9179955,33.239
1780035705.9232578,33.235
1780035705.9286017,33.234
1780035705.9340458,33.234
1780035705.9394274,33.235
1780035705.9448373,33.235
1780035705.9501448,33.23
1780035705.9555647,33.231
1780035705.9609938,33.231
1780035705.9664462,33.231
1780035705.971887,33.232
1780035705.9772024,33.227
1780035705.9825518,33.228
1780035705.9878638,33.227
1780035705.993492,33.228
1780035705.9993737,33.223
1780035706.0048704,33.224
1780035706.010198,33.224
1780035706.0156367,33.224
1780035706.0210721,33.226
1780035706.026411,33.222
1780035706.0317745,33.224
1780035706.0371985,33.226
1780035706.0426042,33.229
1780035706.04828,33.226
1780035706.0543303,33.227
1780035706.059885,33.227
1780035706.0654886,33.227
1780035706.0713732,33.224
1780035706.0768113,33.223
1780035706.0821917,33.224
1780035706.0879207,33.225
1780035706.0937388,33.227
1780035706.0992825,33.223
1780035706.1050875,33.226
1780035706.1103914,33.229
1780035706.1157796,33.232
1780035706.1212497,33.23
1780035706.126611,33.231
1780035706.13243,33.232
1780035706.1380847,33.234
1780035706.1434152,33.235
1780035706.1487956,33.231
1780035706.1541526,33.232
1780035706.1596022,33.233
1780035706.1649878,33.234
1780035706.1704543,33.232
1780035706.1757572,33.233
1780035706.1811604,33.234
1780035706.1865628,33.235
1780035706.1919954,33.236
1780035706.1974146,33.232
1780035706.202806,33.233
1780035706.2081525,33.234
1780035706.2135909,33.235
1780035706.2189977,33.231
1780035706.2244513,33.232
1780035706.2297776,33.233
1780035706.2351637,33.234
1780035706.2405605,33.235
1780035706.2457402,33.231
1780035706.2514076,33.232
1780035706.257483,33.233
1780035706.263476,33.234
1780035706.2688327,33.23
1780035706.2742934,33.231
1780035706.2799137,33.232
1780035706.2857418,33.232
1780035706.291072,33.233
1780035706.2964513,33.228
1780035706.3018007,33.229
1780035706.3075356,33.229
1780035706.3133485,33.23
1780035706.3186126,33.225
1780035706.3240077,33.226
1780035706.3294237,33.226
1780035706.3348439,33.226
1780035706.3402812,33.228
1780035706.3456068,33.222
1780035706.3509924,33.222
1780035706.3564134,33.223
1780035706.3617983,33.224
1780035706.3672514,33.22
1780035706.372635,33.221
1780035706.378052,33.222
1780035706.3833666,33.222
1780035706.3887615,33.223
1780035706.394202,33.219
1780035706.3997135,33.22
1780035706.4053137,33.22
1780035706.4109998,33.221
1780035706.4163651,33.217
1780035706.42177,33.218
1780035706.4271502,33.219
1780035706.4325538,33.22
1780035706.4377573,33.221
1780035706.4433298,33.217
1780035706.4485805,33.218
1780035706.4544702,33.219
1780035706.4603682,33.22
1780035706.4655902,33.215
1780035706.4710042,33.216
1780035706.4764543,33.217
1780035706.4818277,33.217
1780035706.4872074,33.217
1780035706.4925635,33.214
1780035706.497955,33.215
1780035706.503412,33.215
1780035706.5088441,33.215
1780035706.514209,33.211
1780035706.519598,33.211
1780035706.5249665,33.212
1780035706.5303931,33.212
1780035706.5358546,33.214
1780035706.54126,33.209
1780035706.5467365,33.21
1780035706.5519958,33.21
1780035706.5573618,33.21
1780035706.5627604,33.207
1780035706.5682364,33.208
1780035706.57391,33.208
1780035706.5797153,33.209
1780035706.585032,33.21
1780035706.5903976,33.206
1780035706.5958025,33.207
1780035706.6015368,33.208
1780035706.6073735,33.209
1780035706.612638,33.205
1780035706.618028,33.206
1780035706.623427,33.206
1780035706.6288476,33.207
1780035706.63427,33.208
1780035706.639613,33.203
1780035706.6449661,33.203
1780035706.6503646,33.204
1780035706.655762,33.205
1780035706.6609557,33.202
1780035706.6665776,33.203
1780035706.6720393,33.204
1780035706.677632,33.204
1780035706.6835225,33.206
1780035706.688795,33.203
1780035706.694237,33.203
1780035706.6996536,33.204
1780035706.7050047,33.205
1780035706.7104237,33.201
1780035706.7157803,33.201
1780035706.7211711,33.201
1780035706.726628,33.202
1780035706.7320492,33.203
1780035706.7375176,33.198
1780035706.7428038,33.199
1780035706.7481492,33.2
1780035706.75336,33.201
1780035706.7589118,33.197
1780035706.7641523,33.198
1780035706.7700737,33.199
1780035706.7759907,33.201
1780035706.7812464,33.203
1780035706.7866209,33.198
1780035706.7920513,33.199
1780035706.7974055,33.199
1780035706.8028574,33.2
1780035706.8081598,33.197
1780035706.8135743,33.198
1780035706.819,33.199
1780035706.824738,33.2
1780035706.8305933,33.202
1780035706.8358595,33.197
1780035706.8411906,33.198
1780035706.84658,33.199
1780035706.851963,33.2
1780035706.8573468,33.198
1780035706.862513,33.197
1780035706.8681457,33.197
1780035706.8733604,33.197
1780035706.878977,33.198
1780035706.8843493,33.194
1780035706.8897567,33.194
1780035706.895295,33.194
1780035706.9008377,33.193
1780035706.9066308,33.19
1780035706.9120271,33.19
1780035706.9174001,33.191
1780035706.9228094,33.191
1780035706.9282348,33.191
1780035706.9336562,33.187
1780035706.9389846,33.187
1780035706.9444172,33.187
1780035706.9498403,33.187
1780035706.9553604,33.184
1780035706.960736,33.183
1780035706.966717,33.184
1780035706.9720595,33.184
1780035706.9774308,33.184
1780035706.9828546,33.179
1780035706.9884844,33.179
1780035706.994392,33.179
1780035706.9996438,33.179
1780035707.0049639,33.176
1780035707.0101702,33.175
1780035707.0158699,33.175
1780035707.0221872,33.175
1780035707.0280776,33.176
1780035707.0337832,33.173
1780035707.0392199,33.173
1780035707.044589,33.173
1780035707.0500147,33.173
1780035707.0554206,33.169
1780035707.0611305,33.169
1780035707.0674138,33.168
1780035707.0729272,33.168
1780035707.0784256,33.165
1780035707.084496,33.166
1780035707.0903878,33.166
1780035707.0959165,33.166
1780035707.1017041,33.167
1780035707.1070123,33.163
1780035707.112463,33.164
1780035707.1178417,33.164
1780035707.1232612,33.165
1780035707.1285522,33.16
1780035707.1340826,33.16
1780035707.1396828,33.16
1780035707.1455665,33.16
1780035707.150805,33.162
1780035707.156228,33.157
1780035707.1616566,33.157
1780035707.16729,33.158
1780035707.1731942,33.158
1780035707.1784744,33.155
1780035707.1838663,33.156
1780035707.1892636,33.156
1780035707.194651,33.156
1780035707.2000625,33.158
1780035707.2053885,33.154
1780035707.2107897,33.155
1780035707.2161906,33.155
1780035707.2216582,33.156
1780035707.2270124,33.153
1780035707.2324278,33.154
1780035707.237772,33.154
1780035707.2432296,33.155
1780035707.248664,33.156
1780035707.25406,33.153
1780035707.259412,33.153
1780035707.2648268,33.154
1780035707.270181,33.155
1780035707.27563,33.153
1780035707.281063,33.153
1780035707.2864666,33.154
1780035707.2917857,33.154
1780035707.2971814,33.155
1780035707.3026793,33.152
1780035707.308064,33.153
1780035707.3134148,33.153
1780035707.31883,33.154
1780035707.3241403,33.151
1780035707.3293757,33.152
1780035707.3350143,33.153
1780035707.3404653,33.155
1780035707.3458865,33.157
1780035707.351224,33.155
1780035707.356577,33.156
1780035707.3620095,33.158
1780035707.3673995,33.159
1780035707.3728645,33.157
1780035707.3782275,33.159
1780035707.3836093,33.16
1780035707.3890073,33.162
1780035707.3944666,33.164
1780035707.3998125,33.161
1780035707.4052236,33.163
1780035707.410565,33.164
1780035707.415809,33.166
1780035707.4214165,33.163
1780035707.4268687,33.165
1780035707.432242,33.166
1780035707.4376237,33.167
1780035707.442977,33.169
1780035707.448225,33.167
1780035707.4538288,33.168
1780035707.45926,33.169
1780035707.464597,33.17
