device,dtype,avg_latency_s,images_per_sec
CPU,bfloat16,52.75261287689209,0.037912813999704004
iGPU,bfloat16,4.0093482494354244,0.49883419338333346
