timestamp,gpu_power_w
1780037490.9487865,49.231
1780037490.954219,49.241
1780037490.9596364,49.242
1780037490.9650693,49.248
1780037490.9703658,49.251
1780037490.975601,50.001
1780037490.981175,50.006
1780037490.9864316,50.009
1780037490.9920216,50.014
1780037490.9972649,50.019
1780037491.0027807,50.023
1780037491.0080187,50.028
1780037491.013585,50.032
1780037491.0188377,50.038
1780037491.0243702,50.04
1780037491.0296032,50.046
1780037491.035184,50.05
1780037491.0404353,50.054
1780037491.0460095,50.059
1780037491.0512495,50.063
1780037491.056827,50.067
1780037491.062061,50.072
1780037491.0676272,50.076
1780037491.0730703,50.081
1780037491.078429,50.083
1780037491.0836704,50.089
1780037491.0892313,50.093
1780037491.0946739,50.097
1780037491.1000245,50.101
1780037491.1053035,50.106
1780037491.1107888,50.11
1780037491.1160226,50.114
1780037491.1215947,50.116
1780037491.1268444,50.123
1780037491.1324396,50.125
1780037491.1376731,50.13
1780037491.1431804,50.134
1780037491.1484315,50.138
1780037491.1540258,50.142
1780037491.1592577,50.146
1780037491.1648202,50.15
1780037491.1700559,50.154
1780037491.1755812,50.157
1780037491.1808388,50.162
1780037491.1864095,50.165
1780037491.191647,50.169
1780037491.1972659,50.174
1780037491.2027037,50.176
1780037491.2080014,50.181
1780037491.2132552,50.185
1780037491.2188098,50.188
1780037491.2240407,50.192
1780037491.2295728,50.194
1780037491.2348244,50.2
1780037491.2404215,50.202
1780037491.2456577,50.207
1780037491.2512248,50.21
1780037491.2564719,50.214
1780037491.2619715,50.218
1780037491.2672138,50.222
1780037491.2728288,50.225
1780037491.2780623,50.229
1780037491.2835813,50.231
1780037491.288838,50.236
1780037491.2944233,50.239
1780037491.2996628,50.243
1780037491.3052282,50.247
1780037491.3106737,50.249
1780037491.3159802,50.253
1780037491.321239,51.001
1780037491.326783,51.004
1780037491.3320103,51.008
1780037491.3376245,51.01
1780037491.3428767,51.015
1780037491.3483841,51.017
1780037491.3536224,51.022
1780037491.35921,51.024
1780037491.3644447,51.028
1780037491.37,51.031
1780037491.3752294,51.035
1780037491.380896,51.037
1780037491.386299,51.041
1780037491.3915799,51.044
1780037491.396836,51.048
1780037491.4023774,51.051
1780037491.4077783,51.054
1780037491.41319,51.058
1780037491.4184246,51.06
1780037491.4239752,51.064
1780037491.4292328,51.067
1780037491.434824,51.07
1780037491.4400568,51.073
1780037491.4455738,51.075
1780037491.4508271,51.08
1780037491.4564278,51.082
1780037491.46166,51.086
1780037491.4671776,51.088
1780037491.4724195,51.091
1780037491.4780102,51.095
1780037491.4832425,51.098
1780037491.4888206,51.101
1780037491.4940464,51.104
1780037491.4995873,51.106
1780037491.5048413,51.11
1780037491.5104241,51.112
1780037491.5156708,51.115
1780037491.5211842,51.119
1780037491.526418,51.121
1780037491.532025,51.124
1780037491.5372694,51.127
1780037491.542781,51.13
1780037491.5480063,51.133
1780037491.5536287,51.135
1780037491.5588741,51.139
1780037491.564417,51.141
1780037491.5696566,51.145
1780037491.5751913,51.147
1780037491.5804281,51.15
1780037491.5860271,51.153
1780037491.5912547,51.156
1780037491.596831,51.158
1780037491.6020527,51.161
1780037491.607602,51.163
1780037491.612858,51.166
1780037491.6184392,51.169
1780037491.6238801,51.171
1780037491.6292455,51.175
1780037491.6344786,51.177
1780037491.6399834,51.179
1780037491.6452336,51.183
1780037491.6508431,51.185
1780037491.656065,51.188
1780037491.6615868,51.189
1780037491.666841,51.193
1780037491.6723857,51.195
1780037491.6776233,51.198
1780037491.6831923,51.2
1780037491.6884263,51.203
1780037491.6940217,51.206
1780037491.6992517,51.209
1780037491.7048237,51.21
1780037491.7100458,51.213
1780037491.71561,51.215
1780037491.7208605,51.218
1780037491.7263696,51.22
1780037491.7316113,51.222
1780037491.7372348,51.226
1780037491.7424648,51.228
1780037491.748024,51.23
1780037491.75327,51.233
1780037491.7587802,51.235
1780037491.7640123,51.238
1780037491.769632,51.239
1780037491.7748868,51.242
1780037491.7804844,51.244
1780037491.7861238,51.244
1780037491.7921216,51.238
1780037491.7974558,51.234
1780037491.803509,51.235
1780037491.809489,51.233
1780037491.8153186,51.233
1780037491.8214078,51.231
1780037491.8275986,51.229
1780037491.8334825,51.226
1780037491.839579,51.224
1780037491.8453586,51.221
1780037491.851635,51.219
1780037491.8576458,51.216
1780037491.86355,51.214
1780037491.8695314,51.211
1780037491.875541,51.208
1780037491.8814297,51.206
1780037491.8876245,51.203
1780037491.8934646,51.2
1780037491.8995717,51.198
1780037491.9054635,51.196
1780037491.9115508,51.193
1780037491.9175758,51.19
1780037491.923576,51.188
1780037491.929524,51.186
1780037491.9354353,51.183
1780037491.9415154,51.18
1780037491.9475935,51.178
1780037491.9534461,51.176
1780037491.9595323,51.173
1780037491.965328,51.171
1780037491.9715683,51.169
1780037491.977592,51.166
1780037491.9835322,51.164
1780037491.9895134,51.162
1780037491.9954739,51.16
1780037492.0014293,51.157
1780037492.0075471,51.156
1780037492.0134974,51.153
1780037492.0195448,51.151
1780037492.0253289,51.148
1780037492.031646,51.146
1780037492.0376835,51.144
1780037492.0435343,51.142
1780037492.0495262,51.139
1780037492.0555646,51.137
1780037492.061484,51.134
1780037492.0675373,51.132
1780037492.073491,51.13
1780037492.0795352,51.129
1780037492.0853062,51.126
1780037492.0916014,51.124
1780037492.0976386,51.122
1780037492.1035256,51.12
1780037492.1094923,51.118
1780037492.1154873,51.115
1780037492.121521,51.113
1780037492.1275744,51.111
1780037492.1334991,51.109
1780037492.1395886,51.107
1780037492.1453176,51.105
1780037492.151607,51.103
1780037492.157621,51.101
1780037492.1635437,51.099
1780037492.1695008,51.097
1780037492.1755548,51.095
1780037492.1814337,51.093
1780037492.1876032,51.091
1780037492.1934457,51.089
1780037492.1995423,51.087
1780037492.205349,51.085
1780037492.2116032,51.083
1780037492.2176166,51.081
1780037492.2235556,51.079
1780037492.2295332,51.078
1780037492.2354429,51.076
1780037492.2414176,51.074
1780037492.247612,51.072
1780037492.2534559,51.07
1780037492.2595835,51.068
1780037492.2653453,51.066
1780037492.2716355,51.065
1780037492.2776845,51.062
1780037492.283568,51.061
1780037492.289556,51.059
1780037492.295317,51.057
1780037492.3014045,51.055
1780037492.307632,51.054
1780037492.3134909,51.052
1780037492.3195689,51.05
1780037492.3253767,51.048
1780037492.3315365,51.047
1780037492.337608,51.045
1780037492.3435917,51.043
1780037492.3495872,51.041
1780037492.3553054,51.04
1780037492.3614461,51.038
1780037492.3675606,51.036
1780037492.373471,51.034
1780037492.3795574,51.033
1780037492.3854299,51.031
1780037492.3916082,51.029
1780037492.3976107,51.028
1780037492.4035447,51.026
1780037492.409507,51.025
1780037492.4154346,51.024
1780037492.4214485,51.022
1780037492.427511,51.02
1780037492.4335115,51.019
1780037492.4396536,51.017
1780037492.4454749,51.015
1780037492.4515226,51.014
1780037492.4575703,51.012
1780037492.4635217,51.011
1780037492.469527,51.009
1780037492.4754477,51.007
1780037492.481484,51.005
1780037492.4875042,51.004
1780037492.49349,51.002
1780037492.4995456,51.001
1780037492.5054936,50.255
1780037492.5115316,50.254
1780037492.5175385,50.252
1780037492.523409,50.25
1780037492.5295577,50.249
1780037492.5355268,50.247
1780037492.5415053,50.246
1780037492.5475628,50.245
1780037492.553546,50.243
1780037492.5595403,50.241
1780037492.5654695,50.24
1780037492.5715718,50.239
1780037492.5776026,50.237
1780037492.5832958,50.235
1780037492.5895321,50.234
1780037492.595558,50.233
1780037492.6015136,50.232
1780037492.6073883,50.23
1780037492.6134367,50.229
1780037492.6195621,50.228
1780037492.6255305,50.226
1780037492.63156,50.225
1780037492.6376052,50.224
1780037492.6433182,50.222
1780037492.6495514,50.221
1780037492.6555538,50.22
1780037492.661525,50.219
1780037492.6675065,50.218
1780037492.673429,50.217
1780037492.6796308,50.215
1780037492.6855164,50.214
1780037492.6915584,50.212
1780037492.6975944,50.21
1780037492.7033205,50.209
1780037492.7095923,50.208
1780037492.7155242,50.206
1780037492.7215033,50.205
1780037492.7273972,50.204
1780037492.733445,50.203
1780037492.7395537,50.202
1780037492.7454932,50.201
1780037492.7515686,50.199
1780037492.7576265,50.198
1780037492.7633727,50.197
1780037492.7698753,50.196
1780037492.7756553,50.195
1780037492.781623,50.194
1780037492.787419,50.193
1780037492.793445,50.192
1780037492.7995017,50.191
1780037492.8055165,50.189
1780037492.8115723,50.188
1780037492.8176355,50.187
1780037492.8234017,50.186
1780037492.8295004,50.185
1780037492.8355362,50.184
1780037492.8415062,50.182
1780037492.8474925,50.182
1780037492.8535092,50.181
1780037492.859521,50.179
1780037492.8655107,50.178
1780037492.87161,50.177
1780037492.8776581,50.175
1780037492.8834627,50.174
1780037492.8895385,50.173
1780037492.8955564,50.172
1780037492.9015357,50.171
1780037492.9075444,50.17
1780037492.9135132,50.169
1780037492.919485,50.168
1780037492.9255266,50.167
1780037492.9315665,50.166
1780037492.937611,50.164
1780037492.943469,50.163
1780037492.9494746,50.162
1780037492.955341,50.161
1780037492.9615896,50.16
1780037492.9676173,50.159
1780037492.9736085,50.159
1780037492.9794059,50.157
1780037492.9854965,50.157
1780037492.9915156,50.156
1780037492.997605,50.154
1780037493.0035138,50.153
1780037493.0095265,50.152
1780037493.0154321,50.151
1780037493.0214891,50.151
1780037493.0275886,50.15
1780037493.033552,50.148
1780037493.0394568,50.148
1780037493.0454414,50.146
1780037493.0516188,50.146
1780037493.057699,50.145
1780037493.0635712,50.144
1780037493.069571,50.144
1780037493.0754678,50.142
1780037493.081511,50.141
1780037493.0875611,50.141
1780037493.0935385,50.14
1780037493.0995467,50.14
1780037493.1055677,50.139
1780037493.1114914,50.138
1780037493.1175368,50.137
1780037493.123511,50.136
1780037493.1296077,50.135
1780037493.1354787,50.134
1780037493.1415293,50.133
1780037493.1475186,50.133
1780037493.1535735,50.131
1780037493.1596313,50.13
1780037493.165602,50.13
1780037493.1713974,50.128
1780037493.1776052,50.128
1780037493.1835866,50.127
1780037493.1895711,50.125
1780037493.195553,50.125
1780037493.2015662,50.124
1780037493.2073746,50.123
1780037493.2135816,50.122
1780037493.2195878,50.122
1780037493.225579,50.121
1780037493.2314365,50.12
1780037493.237607,50.119
1780037493.2435646,50.118
1780037493.2496228,50.117
1780037493.255464,50.116
1780037493.2616038,50.116
1780037493.2674081,50.115
1780037493.273523,50.114
1780037493.2795162,50.114
1780037493.2855184,50.113
1780037493.2914765,50.113
1780037493.297606,50.111
1780037493.303501,50.111
1780037493.309471,50.11
1780037493.3155105,50.109
1780037493.321561,50.108
1780037493.3275087,50.107
1780037493.3335588,50.106
1780037493.3394976,50.105
1780037493.3455539,50.105
1780037493.3515203,50.105
1780037493.35763,50.103
1780037493.363581,50.103
1780037493.3695269,50.102
1780037493.3755262,50.102
1780037493.3815732,50.101
1780037493.3874528,50.1
1780037493.393568,50.099
1780037493.3993757,50.099
1780037493.405494,50.098
1780037493.411587,50.097
1780037493.4176762,50.096
1780037493.4236324,50.096
1780037493.4293435,50.096
1780037493.4354508,50.094
1780037493.441587,50.094
1780037493.4474835,50.093
1780037493.4535518,50.092
1780037493.4594705,50.091
1780037493.4655788,50.091
1780037493.4715188,50.091
1780037493.4776964,50.09
1780037493.4837039,50.089
1780037493.4894888,50.089
1780037493.4955063,50.088
1780037493.501513,50.087
1780037493.5075343,50.087
1780037493.5135539,50.086
1780037493.5194497,50.085
1780037493.5256305,50.085
1780037493.5314376,50.084
1780037493.5375493,50.083
1780037493.5435398,50.083
1780037493.5495803,50.083
1780037493.555555,50.082
1780037493.561354,50.081
1780037493.5674417,50.081
1780037493.573624,50.081
1780037493.5795171,50.08
1780037493.5855732,50.079
1780037493.5914657,50.078
1780037493.5976012,50.078
1780037493.6035898,50.077
1780037493.6095045,50.077
1780037493.6155386,50.076
1780037493.6214716,50.075
1780037493.6275246,50.075
1780037493.6335971,50.074
1780037493.6395226,50.073
1780037493.6455724,50.073
1780037493.6515336,50.072
1780037493.6575387,50.071
1780037493.6635098,50.07
1780037493.6695187,50.069
1780037493.6755412,50.068
1780037493.6816082,50.067
1780037493.6876028,50.067
1780037493.6934264,50.067
1780037493.6994884,50.066
1780037493.705589,50.065
1780037493.711514,50.065
1780037493.7175667,50.064
1780037493.7235632,50.063
1780037493.7294278,50.062
1780037493.7355423,50.062
1780037493.7415411,50.061
1780037493.7475286,50.061
1780037493.753527,50.061
1780037493.7595117,50.061
1780037493.7655444,50.06
1780037493.7715595,50.06
1780037493.777632,50.059
1780037493.783562,50.059
1780037493.789469,50.059
1780037493.7955337,50.058
1780037493.801544,50.057
1780037493.8077226,50.056
1780037493.8135638,50.056
1780037493.8195446,50.056
1780037493.8254185,50.056
1780037493.8322635,50.056
1780037493.838825,50.055
1780037493.8447154,50.054
1780037493.8507576,50.054
1780037493.856655,50.053
1780037493.8627446,50.052
1780037493.8687723,50.052
1780037493.8747838,50.052
1780037493.8807228,50.051
1780037493.8867016,50.051
1780037493.892737,50.051
1780037493.898804,50.051
1780037493.9047084,50.05
1780037493.9107623,50.049
1780037493.9167001,50.049
1780037493.922765,50.049
1780037493.9287655,50.048
1780037493.9347515,50.048
1780037493.9407368,50.048
1780037493.9467788,50.048
1780037493.9526045,50.047
1780037493.9588048,50.046
1780037493.9647422,50.046
1780037493.9707813,50.045
1780037493.9767148,50.045
1780037493.9827538,50.043
1780037493.9885702,50.043
1780037493.9948235,50.042
1780037494.0007768,50.041
1780037494.0067532,50.042
1780037494.0126684,50.042
1780037494.0188324,50.041
1780037494.0247216,50.041
1780037494.0307202,50.04
1780037494.0367324,50.04
1780037494.042765,50.039
1780037494.0486987,50.039
1780037494.0547538,50.04
1780037494.0606828,50.04
1780037494.0667207,50.039
1780037494.072741,50.04
1780037494.0788608,50.04
1780037494.0847673,50.04
1780037494.0907254,50.039
1780037494.0966928,50.039
1780037494.1027703,50.038
1780037494.108741,50.038
1780037494.1147408,50.038
1780037494.1205513,50.037
1780037494.1268144,50.037
1780037494.1328132,50.037
1780037494.1389022,50.036
1780037494.1448436,50.036
1780037494.1506548,50.035
1780037494.1566315,50.035
1780037494.1627853,50.034
1780037494.1687422,50.034
1780037494.174762,50.034
1780037494.180668,50.033
1780037494.1867173,50.033
1780037494.1927626,50.033
1780037494.1988733,50.032
1780037494.2048645,50.032
1780037494.2106616,50.031
1780037494.2167165,50.031
1780037494.2227175,50.03
1780037494.2286434,50.03
1780037494.2347698,50.029
1780037494.240743,50.03
1780037494.2467716,50.029
1780037494.2526546,50.029
1780037494.2587476,50.028
1780037494.2647662,50.029
1780037494.2708075,50.028
1780037494.2767947,50.027
1780037494.2826111,50.027
1780037494.288683,50.026
1780037494.2948277,50.025
1780037494.3007061,50.025
1780037494.306769,50.024
1780037494.312763,50.024
1780037494.3188095,50.023
1780037494.32476,50.022
1780037494.33072,50.023
1780037494.3367343,50.023
1780037494.3427186,50.022
1780037494.3487306,50.022
1780037494.354615,50.023
1780037494.3606198,50.023
1780037494.3668187,50.022
1780037494.3727362,50.022
1780037494.3787947,50.021
1780037494.384777,50.021
1780037494.3905892,50.02
1780037494.3968065,50.02
1780037494.4027667,50.019
1780037494.4088013,50.019
1780037494.4146771,50.019
1780037494.420721,50.018
1780037494.426736,50.018
1780037494.4326315,50.017
1780037494.4387555,50.016
1780037494.4447904,50.016
1780037494.4507253,50.015
1780037494.4567726,50.015
1780037494.4627314,50.014
1780037494.4687417,50.014
1780037494.4748056,50.014
1780037494.4807916,50.014
1780037494.4866207,50.013
1780037494.492673,50.013
1780037494.4988406,50.012
1780037494.5048087,50.012
1780037494.510757,50.011
1780037494.516762,50.011
1780037494.5226455,50.01
1780037494.528747,50.009
1780037494.534729,50.009
1780037494.5407226,50.009
1780037494.5467474,50.009
1780037494.5527565,50.008
1780037494.5587487,50.008
1780037494.5647626,50.007
1780037494.5706491,50.006
1780037494.5767517,50.006
1780037494.5827274,50.006
1780037494.588812,50.006
1780037494.5946426,50.006
1780037494.600681,50.006
1780037494.6067507,50.006
1780037494.6127093,50.005
1780037494.618741,50.005
1780037494.624663,50.005
1780037494.6307042,50.005
1780037494.6366975,50.005
1780037494.6427374,50.004
1780037494.6487868,50.004
1780037494.654697,50.004
1780037494.66076,50.004
1780037494.666528,50.004
1780037494.6727562,50.003
1780037494.6787953,50.004
1780037494.6847312,50.004
1780037494.6909423,50.004
1780037494.696771,50.003
1780037494.7027092,50.003
1780037494.7088354,50.003
1780037494.7147398,50.003
1780037494.720774,50.002
1780037494.7265937,50.002
1780037494.732825,50.002
1780037494.7388096,50.001
1780037494.7447784,50.001
1780037494.7507591,50.001
1780037494.7566466,50.001
1780037494.7626786,50.0
1780037494.768734,50.0
1780037494.7746956,50.0
1780037494.7808964,50.0
1780037494.7867453,50.0
1780037494.7927861,50.0
1780037494.798785,50.0
1780037494.8047256,49.255
1780037494.8107338,49.255
1780037494.8167717,49.255
1780037494.822708,49.255
1780037494.8288841,49.254
1780037494.8348246,49.254
1780037494.8407629,49.254
1780037494.846739,49.253
1780037494.8528447,49.253
1780037494.8587353,49.252
1780037494.8646476,49.252
1780037494.8707535,49.251
1780037494.8768415,49.251
1780037494.88282,49.25
1780037494.8887293,49.25
1780037494.8947508,49.25
1780037494.9007974,49.25
1780037494.9066663,49.25
1780037494.912784,49.249
1780037494.9187036,49.249
1780037494.9247315,49.248
1780037494.9308162,49.248
1780037494.936603,49.248
1780037494.9427145,49.248
1780037494.948753,49.248
1780037494.954778,49.247
1780037494.9607053,49.247
1780037494.9667041,49.247
1780037494.9727888,49.247
1780037494.9787538,49.247
1780037494.9847167,49.246
1780037494.9907732,49.246
1780037494.9967215,49.246
1780037495.0028005,49.246
1780037495.0085902,49.246
1780037495.0147784,49.246
1780037495.0208175,49.246
1780037495.0267906,49.246
1780037495.032686,49.247
1780037495.0387225,49.246
1780037495.0446923,49.246
1780037495.0507379,49.246
1780037495.0566833,49.245
1780037495.0628428,49.245
1780037495.068692,49.244
1780037495.0747561,49.245
1780037495.0808644,49.244
1780037495.08689,49.244
1780037495.0928235,49.245
1780037495.0988648,49.245
1780037495.1047873,49.245
1780037495.1106272,49.246
1780037495.1166964,49.245
1780037495.1227005,49.245
1780037495.128747,49.245
1780037495.134849,49.244
1780037495.140737,49.244
1780037495.1468122,49.244
1780037495.152569,49.244
1780037495.1587718,49.244
1780037495.1647809,49.243
1780037495.1707935,49.243
1780037495.1768062,49.243
1780037495.182649,49.243
1780037495.188704,49.243
1780037495.1947274,49.242
1780037495.2007666,49.242
1780037495.2067716,49.241
1780037495.212725,49.241
1780037495.2187018,49.24
1780037495.224768,49.24
1780037495.23076,49.24
1780037495.236754,49.24
1780037495.2427526,49.24
1780037495.2487822,49.24
1780037495.2545984,49.24
1780037495.2607052,49.24
1780037495.2667265,49.239
1780037495.272759,49.239
1780037495.2788494,49.238
1780037495.284852,49.238
1780037495.2906861,49.238
1780037495.296726,49.237
1780037495.3027787,49.237
1780037495.3087783,49.237
1780037495.3147924,49.237
1780037495.32078,49.237
1780037495.3266647,49.237
1780037495.3326902,49.237
1780037495.3388395,49.237
1780037495.3448617,49.236
1780037495.3507576,49.236
1780037495.3568187,49.236
1780037495.362696,49.235
1780037495.3687596,49.236
1780037495.3746772,49.236
1780037495.3808148,49.236
1780037495.3867638,49.235
1780037495.3927639,49.236
1780037495.3985887,49.236
1780037495.4046986,49.235
1780037495.4106221,49.235
1780037495.4168396,49.235
1780037495.4227135,49.235
1780037495.4288282,49.235
1780037495.434665,49.235
1780037495.4407728,49.235
1780037495.4468179,49.236
1780037495.4527667,49.236
1780037495.4587638,49.236
1780037495.4647129,49.235
1780037495.4707186,49.235
1780037495.476743,49.235
1780037495.4826353,49.234
1780037495.4887934,49.234
1780037495.4947004,49.234
1780037495.5008092,49.234
1780037495.50662,49.234
1780037495.512823,49.234
1780037495.5188148,49.235
1780037495.5247893,49.234
1780037495.5307739,49.235
1780037495.536647,49.235
1780037495.5427012,49.235
1780037495.54873,49.234
1780037495.5547566,49.234
1780037495.5608382,49.234
1780037495.5667715,49.233
1780037495.572764,49.233
1780037495.5786784,49.233
1780037495.5847802,49.233
1780037495.5907109,49.233
1780037495.5967758,49.234
1780037495.6027982,49.233
1780037495.608636,49.233
1780037495.6146758,49.234
1780037495.620749,49.234
1780037495.6266484,49.234
1780037495.6328166,49.234
1780037495.6387177,49.233
1780037495.644638,49.233
1780037495.650752,49.233
1780037495.6567028,49.234
1780037495.6627562,49.233
1780037495.668763,49.233
1780037495.6747625,49.234
1780037495.680837,49.235
1780037495.68672,49.234
1780037495.6928556,49.235
1780037495.6987627,49.235
1780037495.704784,49.234
1780037495.7108462,49.234
1780037495.7166638,49.233
1780037495.7227464,49.233
1780037495.7287354,49.233
1780037495.734804,49.233
1780037495.7407541,49.234
1780037495.746752,49.234
1780037495.7525878,49.234
1780037495.7587278,49.234
1780037495.7647822,49.234
1780037495.7708075,49.233
1780037495.7766967,49.234
1780037495.7828438,49.233
1780037495.7887177,49.233
1780037495.7947655,49.233
1780037495.8008075,49.233
1780037495.8067825,49.234
1780037495.8128119,49.234
1780037495.8188405,49.234
1780037495.8248916,49.233
1780037495.8308103,49.233
1780037495.8367014,49.232
1780037495.8428516,49.232
1780037495.848719,49.232
1780037495.8547993,49.232
1780037495.8606853,49.232
1780037495.8667715,49.232
1780037495.8725247,49.231
1780037495.8788807,49.231
1780037495.884935,49.231
1780037495.8907497,49.231
1780037495.8967366,49.231
1780037495.9027011,49.231
1780037495.9086685,49.23
1780037495.9148083,49.231
1780037495.920749,49.23
1780037495.9268131,49.23
1780037495.9326963,49.23
1780037495.9387858,49.23
1780037495.9448311,49.229
1780037495.950717,49.23
1780037495.9568062,49.23
1780037495.962714,49.231
1780037495.96875,49.231
1780037495.9747908,49.23
1780037495.9807768,49.23
1780037495.986826,49.23
1780037495.99271,49.231
1780037495.9988048,49.23
1780037496.0048895,49.229
1780037496.010643,49.229
1780037496.0168157,49.229
1780037496.0227644,49.229
1780037496.0288143,49.229
1780037496.0347235,49.228
1780037496.0407248,49.229
1780037496.0467622,49.229
1780037496.0526948,49.228
1780037496.0588267,49.228
1780037496.0649035,49.228
1780037496.070744,49.229
1780037496.076829,49.228
1780037496.0826192,49.228
1780037496.0887966,49.228
1780037496.0948374,49.228
1780037496.1008286,49.229
1780037496.1067002,49.229
1780037496.11272,49.23
1780037496.1188705,49.229
1780037496.124973,49.23
1780037496.130805,49.229
1780037496.1367743,49.229
1780037496.1427717,49.229
1780037496.1487927,49.229
1780037496.1546893,49.229
1780037496.160743,49.229
1780037496.1667507,49.229
1780037496.172767,49.229
1780037496.178764,49.228
1780037496.1848466,49.228
1780037496.1907878,49.229
1780037496.196785,49.229
1780037496.2027552,49.229
1780037496.2088027,49.228
1780037496.2146978,49.229
1780037496.220833,49.228
1780037496.2266772,49.229
1780037496.232744,49.229
1780037496.238819,49.229
1780037496.2448804,49.228
1780037496.2508845,49.228
1780037496.2567337,49.229
1780037496.2627528,49.229
1780037496.2686071,49.229
1780037496.2747133,49.228
1780037496.28087,49.229
1780037496.2867382,49.228
1780037496.2928169,49.228
1780037496.2987802,49.228
1780037496.3048055,49.228
1780037496.310772,49.227
1780037496.3167987,49.227
1780037496.3227928,49.226
1780037496.3287659,49.226
1780037496.3347733,49.226
1780037496.3407977,49.226
1780037496.3466985,49.226
1780037496.3527858,49.226
1780037496.3587725,49.226
1780037496.3648164,49.225
1780037496.370823,49.226
1780037496.3766904,49.225
1780037496.382784,49.225
1780037496.3887942,49.225
1780037496.394822,49.225
1780037496.4007747,49.225
1780037496.4067905,49.226
1780037496.4126499,49.226
1780037496.4186876,49.226
1780037496.4247262,49.226
1780037496.430805,49.225
1780037496.4366822,49.225
1780037496.44281,49.225
1780037496.4486876,49.225
1780037496.454762,49.225
1780037496.4607968,49.225
1780037496.466723,49.225
1780037496.4727995,49.225
1780037496.4787881,49.225
1780037496.484764,49.225
1780037496.4908571,49.225
1780037496.4969337,49.224
1780037496.5028253,49.224
1780037496.5087426,49.224
1780037496.5147922,49.224
1780037496.5207148,49.224
1780037496.5268352,49.224
1780037496.5325813,49.224
1780037496.5387435,49.224
1780037496.5447633,49.224
1780037496.550826,49.224
1780037496.5567937,49.224
1780037496.5626779,49.225
1780037496.5687494,49.224
1780037496.5747924,49.224
1780037496.5807772,49.224
1780037496.5867581,49.224
1780037496.5927436,49.223
1780037496.598795,49.223
1780037496.6047413,49.223
1780037496.6106975,49.223
1780037496.617161,49.224
1780037496.6230378,49.223
1780037496.6290457,49.224
1780037496.6348314,49.224
1780037496.6408129,49.224
1780037496.6466277,49.224
1780037496.6526573,49.224
1780037496.6587327,49.224
1780037496.6647768,49.224
1780037496.6706753,49.224
1780037496.6768143,49.224
1780037496.6827374,49.223
1780037496.6888025,49.223
1780037496.6947057,49.222
1780037496.70078,49.223
1780037496.7067597,49.223
1780037496.7127259,49.223
1780037496.7187543,49.223
1780037496.7247634,49.223
1780037496.730792,49.223
1780037496.7366602,49.223
1780037496.7427487,49.223
1780037496.7487133,49.223
1780037496.7547781,49.223
1780037496.7607915,49.223
1780037496.7667317,49.223
1780037496.7727983,49.223
1780037496.7786171,49.223
1780037496.7847793,49.223
1780037496.7907794,49.223
1780037496.7968442,49.223
1780037496.8027754,49.223
1780037496.8086762,49.223
1780037496.8147528,49.223
1780037496.820747,49.223
1780037496.8267145,49.223
1780037496.8328543,49.222
1780037496.8387642,49.222
1780037496.8448162,49.222
1780037496.8508227,49.222
1780037496.8566747,49.222
1780037496.8627615,49.222
1780037496.8688242,49.222
1780037496.8748198,49.222
1780037496.8808007,49.222
1780037496.8867455,49.223
1780037496.8926165,49.223
1780037496.8987284,49.222
1780037496.9047325,49.222
1780037496.9107468,49.222
1780037496.9167552,49.221
1780037496.9228327,49.221
1780037496.9287722,49.221
1780037496.9348476,49.221
1780037496.9406157,49.221
1780037496.9468338,49.222
1780037496.9527183,49.222
1780037496.9587648,49.222
1780037496.9647555,49.223
1780037496.970818,49.222
1780037496.9767878,49.223
1780037496.9826114,49.223
1780037496.9887235,49.223
1780037496.9947212,49.222
1780037497.0007186,49.223
1780037497.0068822,49.224
1780037497.0127552,49.223
1780037497.0188024,49.223
1780037497.0247028,49.223
1780037497.0306501,49.222
1780037497.0367973,49.222
1780037497.0427384,49.222
1780037497.0487838,49.222
1780037497.0547755,49.223
1780037497.0607755,49.223
1780037497.066659,49.223
1780037497.0727255,49.222
1780037497.0788352,49.223
1780037497.0847764,49.223
1780037497.090863,49.222
1780037497.0968313,49.222
1780037497.102782,49.222
1780037497.1088486,49.221
1780037497.1146617,49.22
1780037497.1207886,49.22
1780037497.126704,49.22
1780037497.1327815,49.22
1780037497.138785,49.22
1780037497.1447997,49.221
1780037497.1508574,49.22
1780037497.1568248,49.219
1780037497.1627028,49.219
1780037497.1687274,49.218
1780037497.174724,49.218
1780037497.1808987,49.219
1780037497.186711,49.218
1780037497.1928363,49.219
1780037497.1986096,49.219
1780037497.204801,49.22
1780037497.2108274,49.219
1780037497.2168236,49.219
1780037497.2228115,49.22
1780037497.2287161,49.22
1780037497.2347584,49.22
1780037497.2406206,49.221
1780037497.2467005,49.22
1780037497.252762,49.22
1780037497.2587035,49.22
1780037497.2648177,49.22
1780037497.2708824,49.22
1780037497.276737,49.22
1780037497.2827945,49.22
1780037497.2886615,49.22
1780037497.2948287,49.22
1780037497.300696,49.22
1780037497.3068268,49.221
1780037497.3127034,49.221
1780037497.3187711,49.221
1780037497.3247724,49.221
1780037497.3308616,49.22
1780037497.336809,49.22
1780037497.3428876,49.22
1780037497.3487215,49.22
1780037497.354858,49.22
1780037497.360721,49.219
1780037497.3667834,49.219
1780037497.3727288,49.219
1780037497.3787806,49.219
1780037497.3848372,49.219
1780037497.3909009,49.219
1780037497.3968592,49.22
1780037497.4026413,49.219
1780037497.4087086,49.219
1780037497.4147651,49.219
1780037497.4206405,49.22
1780037497.4268262,49.22
1780037497.432756,49.219
1780037497.4388728,49.22
1780037497.444731,49.22
1780037497.4506867,49.219
1780037497.4568474,49.22
1780037497.4628584,49.22
1780037497.4687989,49.22
1780037497.4747822,49.22
1780037497.4808235,49.22
1780037497.4866164,49.22
1780037497.4927027,49.22
1780037497.4988608,49.22
1780037497.5047123,49.22
1780037497.5108151,49.22
1780037497.516802,49.22
1780037497.522738,49.22
1780037497.5287764,49.22
1780037497.5348084,49.22
1780037497.540721,49.22
1780037497.5467937,49.22
1780037497.5527923,49.22
1780037497.5587342,49.221
1780037497.564766,49.22
1780037497.5708084,49.22
1780037497.576796,49.219
1780037497.5826755,49.219
1780037497.5888677,49.219
1780037497.594746,49.218
1780037497.6008184,49.218
1780037497.606722,49.218
1780037497.6128101,49.218
1780037497.6188235,49.218
1780037497.6247985,49.219
1780037497.6308634,49.218
1780037497.6368277,49.219
1780037497.6427767,49.219
1780037497.6486955,49.22
1780037497.6547663,49.22
1780037497.6607647,49.22
1780037497.6666808,49.22
1780037497.6728885,49.221
1780037497.6787791,49.22
1780037497.6848264,49.22
1780037497.6907847,49.22
1780037497.6967492,49.219
1780037497.7028015,49.219
1780037497.7087183,49.22
1780037497.714844,49.219
1780037497.720823,49.219
1780037497.726767,49.22
1780037497.7327328,49.22
1780037497.738799,49.22
1780037497.7447867,49.221
1780037497.7507641,49.22
1780037497.7566946,49.22
1780037497.7627935,49.22
1780037497.7687688,49.22
1780037497.774863,49.22
1780037497.7808037,49.219
1780037497.7868488,49.22
1780037497.7926507,49.22
1780037497.7987695,49.22
1780037497.8047493,49.22
1780037497.8109076,49.22
1780037497.8169236,49.22
1780037497.8227596,49.22
1780037497.8287446,49.22
1780037497.8347833,49.22
1780037497.8406978,49.22
1780037497.8468728,49.22
1780037497.8527534,49.22
1780037497.8588643,49.22
1780037497.8647573,49.22
1780037497.870757,49.22
1780037497.8767998,49.22
1780037497.8827705,49.22
1780037497.8888347,49.219
1780037497.8947577,49.22
1780037497.900851,49.22
1780037497.9067307,49.22
1780037497.9127586,49.22
1780037497.9187653,49.22
1780037497.9246664,49.219
1780037497.930689,49.219
1780037497.9368556,49.219
1780037497.942777,49.219
1780037497.9488142,49.218
1780037497.9547424,49.218
1780037497.960806,49.218
1780037497.9666839,49.219
1780037497.9727695,49.219
1780037497.978789,49.219
1780037497.9848142,49.219
1780037497.9907148,49.22
1780037497.996764,49.218
1780037498.0027778,49.219
1780037498.0088284,49.219
1780037498.0146933,49.218
1780037498.0207872,49.219
1780037498.0267277,49.219
1780037498.032833,49.219
1780037498.0387216,49.219
1780037498.044811,49.219
1780037498.0506718,49.22
1780037498.0566292,49.22
1780037498.0628223,49.22
1780037498.0687313,49.22
1780037498.0748005,49.22
1780037498.0807767,49.22
1780037498.0867612,49.221
1780037498.0927575,49.221
1780037498.0987,49.221
1780037498.1047747,49.221
1780037498.110821,49.22
1780037498.1168447,49.219
1780037498.1229193,49.22
1780037498.1287405,49.22
1780037498.1348233,49.219
1780037498.1405807,49.219
1780037498.1468928,49.22
1780037498.1527698,49.22
1780037498.158816,49.22
1780037498.1647503,49.22
1780037498.1708632,49.221
1780037498.1768837,49.22
1780037498.182754,49.221
1780037498.1886797,49.221
1780037498.1948931,49.221
1780037498.2007744,49.22
1780037498.2068405,49.22
1780037498.212718,49.219
1780037498.218865,49.219
1780037498.2246473,49.219
1780037498.2308164,49.22
1780037498.2368188,49.22
1780037498.242757,49.22
1780037498.2487645,49.22
1780037498.254802,49.22
1780037498.2607944,49.22
1780037498.2666612,49.22
1780037498.2727091,49.219
1780037498.2787569,49.22
1780037498.2847753,49.219
1780037498.290829,49.219
1780037498.296891,49.219
1780037498.3027525,49.219
1780037498.308834,49.219
1780037498.3146646,49.219
1780037498.3207543,49.219
1780037498.326769,49.22
1780037498.3327677,49.22
1780037498.3388317,49.22
1780037498.3447964,49.221
1780037498.3507092,49.22
1780037498.3569007,49.221
1780037498.3628745,49.221
1780037498.3687432,49.221
1780037498.3747773,49.22
1780037498.3809056,49.22
1780037498.386807,49.22
1780037498.3928225,49.22
1780037498.3987114,49.219
1780037498.4047976,49.22
1780037498.4107795,49.219
1780037498.4168005,49.219
1780037498.4228082,49.22
1780037498.4287996,49.22
1780037498.4348493,49.221
1780037498.440672,49.221
1780037498.4467418,49.221
1780037498.4527788,49.222
1780037498.458743,49.221
1780037498.464846,49.221
1780037498.4707794,49.221
1780037498.4768276,49.221
1780037498.4828515,49.221
1780037498.488737,49.22
1780037498.4947832,49.22
1780037498.5005748,49.22
1780037498.5068254,49.22
1780037498.5127976,49.221
1780037498.5187397,49.221
1780037498.524699,49.221
1780037498.5307753,49.221
1780037498.536814,49.22
1780037498.5427706,49.221
1780037498.5487018,49.221
1780037498.5551364,49.221
1780037498.5609164,49.221
1780037498.5668702,49.221
1780037498.572732,49.222
1780037498.5787957,49.221
1780037498.5848055,49.222
1780037498.5908036,49.222
1780037498.5968463,49.222
1780037498.6028843,49.222
1780037498.6088316,49.222
1780037498.6147425,49.222
1780037498.620751,49.223
1780037498.6268265,49.223
1780037498.6327012,49.223
1780037498.638818,49.223
1780037498.644767,49.223
1780037498.6508706,49.223
1780037498.6568139,49.223
1780037498.6627636,49.223
1780037498.6688638,49.222
1780037498.6746352,49.223
1780037498.6809108,49.223
1780037498.6867764,49.222
1780037498.6928418,49.223
1780037498.6987762,49.224
1780037498.704761,49.224
1780037498.710655,49.224
1780037498.71678,49.224
1780037498.7227132,49.223
1780037498.7288744,49.223
1780037498.7347462,49.222
1780037498.740837,49.222
1780037498.7468212,49.222
1780037498.7528586,49.222
1780037498.7586746,49.222
1780037498.7648094,49.221
1780037498.7707958,49.222
1780037498.776807,49.221
1780037498.7828434,49.221
1780037498.7888072,49.221
1780037498.7947705,49.221
1780037498.8006682,49.222
1780037498.8067732,49.222
1780037498.812781,49.222
1780037498.8188016,49.221
1780037498.8247995,49.222
1780037498.8308082,49.222
1780037498.836872,49.222
1780037498.8428707,49.222
1780037498.848699,49.222
1780037498.8547595,49.221
1780037498.8608723,49.221
1780037498.8667862,49.221
1780037498.8728168,49.222
1780037498.878773,49.222
1780037498.8846729,49.222
1780037498.8907814,49.222
1780037498.8967412,49.222
1780037498.9022996,49.221
1780037498.9083202,49.222
1780037498.9140344,49.222
1780037498.9199934,49.222
1780037498.9257917,49.222
1780037498.9317641,49.222
1780037498.9374158,49.223
1780037498.9436743,49.223
1780037498.9496624,49.222
1780037498.95569,49.223
1780037498.9616985,49.222
1780037498.967557,49.222
1780037498.9735968,49.222
1780037498.9796164,49.222
1780037498.985502,49.223
1780037498.9917097,49.223
1780037498.9975731,49.224
1780037499.0037158,49.224
1780037499.0095882,49.223
1780037499.0156906,49.224
1780037499.0217085,49.224
1780037499.0274425,49.224
1780037499.0335813,49.224
1780037499.039664,49.225
1780037499.0455668,49.224
1780037499.0516021,49.225
1780037499.0575764,49.225
1780037499.0634503,49.225
1780037499.0695384,49.225
1780037499.0757198,49.225
1780037499.0817568,49.225
1780037499.0876818,49.225
1780037499.093628,49.225
1780037499.0996015,49.225
1780037499.1056974,49.224
1780037499.1115372,49.225
1780037499.1176083,49.225
1780037499.1235216,49.225
1780037499.1296017,49.225
1780037499.135669,49.225
1780037499.141715,49.225
1780037499.1477315,49.225
1780037499.1535094,49.226
1780037499.1595857,49.226
1780037499.1656113,49.225
1780037499.1715238,49.225
1780037499.1776986,49.226
1780037499.1835985,49.226
1780037499.189691,49.226
1780037499.1956089,49.226
1780037499.2015696,49.225
1780037499.2076228,49.225
1780037499.213633,49.225
1780037499.2196372,49.225
1780037499.2256005,49.224
1780037499.231603,49.225
1780037499.2375805,49.225
1780037499.2436137,49.225
1780037499.249457,49.226
1780037499.2555532,49.225
1780037499.26157,49.224
1780037499.2677033,49.224
1780037499.27357,49.223
1780037499.2796981,49.223
1780037499.2855783,49.223
1780037499.2916574,49.224
1780037499.2974763,49.223
1780037499.303552,49.223
1780037499.30959,49.224
1780037499.315591,49.224
1780037499.3216496,49.224
1780037499.3276339,49.224
1780037499.3336158,49.224
1780037499.3394837,49.224
1780037499.3455365,49.225
1780037499.351577,49.225
1780037499.3575149,49.225
1780037499.3637033,49.225
1780037499.3695312,49.225
1780037499.3756788,49.225
1780037499.3815699,49.225
1780037499.387516,49.225
1780037499.3936055,49.225
1780037499.3996542,49.225
1780037499.4056299,49.225
1780037499.4116251,49.225
1780037499.4176033,49.226
1780037499.423538,49.226
1780037499.4295852,49.226
1780037499.4356127,49.226
1780037499.44146,49.225
1780037499.4468253,49.228
1780037499.4521875,49.231
1780037499.4576118,49.238
1780037499.4629104,49.242
1780037499.4681385,49.247
1780037499.473717,49.251
1780037499.478968,50.001
1780037499.4845638,50.005
1780037499.489805,50.009
1780037499.4953086,50.014
1780037499.5005424,50.018
1780037499.5061576,50.023
1780037499.5116446,50.029
1780037499.516949,50.031
1780037499.5221722,50.037
1780037499.527716,50.04
1780037499.5329645,50.046
1780037499.5385554,50.049
1780037499.5438,50.054
1780037499.549342,50.058
1780037499.5545802,50.063
1780037499.5601404,50.067
1780037499.5654068,50.072
1780037499.5709379,50.075
1780037499.5761733,50.08
1780037499.581708,50.084
1780037499.58697,50.089
1780037499.592552,50.092
1780037499.5978045,50.097
1780037499.6033025,50.101
1780037499.6085336,50.105
1780037499.6141086,50.109
1780037499.619375,50.114
1780037499.624903,50.116
1780037499.6301374,50.122
1780037499.6357145,50.125
1780037499.6409638,50.13
1780037499.6465092,50.133
1780037499.651755,50.137
1780037499.6573634,50.142
1780037499.6626043,50.146
1780037499.6681514,50.149
1780037499.673406,50.154
1780037499.678903,50.157
1780037499.684136,50.162
1780037499.689752,50.165
1780037499.6950095,50.168
1780037499.7005494,50.173
1780037499.7057986,50.177
1780037499.711313,50.18
1780037499.7165508,50.184
1780037499.7221243,50.188
1780037499.7273905,50.193
1780037499.7329214,50.194
1780037499.7381546,50.199
1780037499.743776,50.203
1780037499.749206,50.207
1780037499.754497,50.21
1780037499.7597384,50.214
1780037499.765377,50.218
1780037499.770804,50.221
1780037499.7761085,50.224
1780037499.7813647,50.229
1780037499.7869632,50.232
1780037499.7922,50.236
1780037499.7977076,50.239
1780037499.802964,50.242
1780037499.808557,50.246
1780037499.8138103,50.25
1780037499.8193278,50.253
1780037499.8245592,51.001
1780037499.8301194,51.004
1780037499.8353767,51.008
1780037499.8409703,51.01
1780037499.8464072,51.014
1780037499.8517036,51.017
1780037499.8569605,51.021
1780037499.8625526,51.024
1780037499.8677852,51.028
1780037499.873349,51.031
1780037499.878573,51.034
1780037499.8841567,51.037
1780037499.889409,51.041
1780037499.8949487,51.044
1780037499.9001913,51.048
1780037499.905761,51.051
1780037499.911014,51.054
1780037499.9165063,51.057
1780037499.9217508,51.06
1780037499.927318,51.063
1780037499.932558,51.067
1780037499.9381218,51.068
1780037499.9433854,51.073
1780037499.9489603,51.075
1780037499.9542015,51.079
1780037499.9597182,51.082
1780037499.964965,51.085
1780037499.970556,51.088
1780037499.9757934,51.092
1780037499.9813607,51.094
1780037499.9865868,51.098
1780037499.9921646,51.1
1780037499.9974165,51.104
1780037500.0029624,51.106
1780037500.0081968,51.11
1780037500.0138996,51.113
1780037500.01925,51.115
1780037500.024549,51.118
1780037500.0298119,51.121
1780037500.035315,51.124
1780037500.0405452,51.127
1780037500.046119,51.129
1780037500.0513768,51.133
1780037500.057032,51.135
1780037500.0624456,51.139
1780037500.0677125,51.141
1780037500.0729578,51.144
1780037500.0785089,51.147
1780037500.0837398,51.15
1780037500.0893662,51.152
1780037500.0945907,51.155
1780037500.1001096,51.157
1780037500.1053667,51.161
1780037500.1109066,51.163
1780037500.1161563,51.166
1780037500.1217148,51.169
1780037500.1269634,51.171
1780037500.1325042,51.174
1780037500.1377568,51.177
1780037500.143313,51.179
1780037500.1485336,51.183
1780037500.1541617,51.183
1780037500.1594036,51.188
1780037500.1649559,51.19
1780037500.170193,51.193
1780037500.1757176,51.195
1780037500.1809564,51.197
1780037500.1865606,51.2
1780037500.191786,51.204
1780037500.1973643,51.205
1780037500.2025847,51.208
1780037500.2081163,51.21
1780037500.213374,51.213
1780037500.2189221,51.215
1780037500.224264,51.218
1780037500.2297266,51.221
1780037500.234968,51.222
1780037500.2405674,51.225
1780037500.2458227,51.228
1780037500.2513256,51.23
1780037500.2565558,51.233
1780037500.2621682,51.234
1780037500.2674127,51.238
1780037500.2729669,51.239
1780037500.2781944,51.242
1780037500.2842617,51.234
1780037500.290605,51.229
1780037500.2966132,51.23
1780037500.3024595,51.229
1780037500.308265,51.228
1780037500.3140414,51.226
1780037500.3199654,51.225
1780037500.3260214,51.222
1780037500.3317957,51.22
1780037500.3380816,51.217
1780037500.3440523,51.215
1780037500.350108,51.212
1780037500.356096,51.21
1780037500.3620455,51.207
1780037500.367935,51.205
1780037500.374048,51.202
1780037500.3800476,51.2
1780037500.3860204,51.198
1780037500.3920262,51.195
1780037500.398001,51.193
1780037500.4040792,51.19
1780037500.4101636,51.187
1780037500.4161024,51.185
1780037500.422018,51.182
1780037500.4280407,51.18
1780037500.43404,51.176
1780037500.4399977,51.174
1780037500.4460402,51.172
1780037500.4520335,51.169
1780037500.4580054,51.167
1780037500.4640718,51.165
1780037500.4701245,51.162
1780037500.4760857,51.16
1780037500.4820108,51.158
1780037500.488046,51.155
1780037500.4940522,51.153
1780037500.500002,51.151
1780037500.5060334,51.149
1780037500.5120463,51.147
1780037500.5180647,51.144
1780037500.524057,51.142
1780037500.5301511,51.139
1780037500.53611,51.137
1780037500.5420065,51.135
1780037500.5479522,51.133
1780037500.554139,51.131
1780037500.559978,51.129
1780037500.5660279,51.127
1780037500.572024,51.125
1780037500.578076,51.123
1780037500.5840733,51.121
1780037500.590133,51.118
1780037500.5960743,51.116
1780037500.6019945,51.113
1780037500.6080294,51.111
1780037500.614055,51.109
1780037500.6200144,51.107
1780037500.6260576,51.104
1780037500.6320279,51.102
1780037500.6380007,51.1
1780037500.644035,51.099
1780037500.6500702,51.096
1780037500.6560283,51.094
1780037500.662003,51.092
1780037500.6679845,51.09
1780037500.674043,51.088
1780037500.6800117,51.087
1780037500.6860185,51.085
1780037500.6920366,51.083
1780037500.6980572,51.081
1780037500.7040386,51.079
1780037500.7100952,51.077
1780037500.7160535,51.075
1780037500.7220056,51.072
1780037500.7279456,51.07
1780037500.734041,51.068
1780037500.739984,51.066
1780037500.7460725,51.064
1780037500.7518768,51.062
1780037500.7580485,51.061
1780037500.764052,51.06
1780037500.7701619,51.057
1780037500.7760742,51.055
1780037500.7820575,51.053
1780037500.7880511,51.051
1780037500.7940485,51.049
1780037500.8000152,51.047
1780037500.8060539,51.046
1780037500.8120499,51.044
1780037500.8180666,51.042
1780037500.8240554,51.041
1780037500.830126,51.039
1780037500.8360767,51.038
1780037500.8420007,51.036
1780037500.8480594,51.034
1780037500.8541338,51.032
1780037500.8599684,51.03
1780037500.8660674,51.029
1780037500.872034,51.027
1780037500.8779953,51.026
1780037500.8840442,51.024
1780037500.8901353,51.022
1780037500.896055,51.02
1780037500.9019902,51.019
1780037500.907989,51.017
1780037500.9140284,51.016
1780037500.9199798,51.014
1780037500.9260151,51.012
1780037500.9319746,51.011
1780037500.9380167,51.009
1780037500.9440339,51.008
1780037500.9501445,51.005
1780037500.9560425,51.004
1780037500.9621053,51.002
1780037500.9680407,51.001
1780037500.9741395,50.255
1780037500.97999,50.253
1780037500.986018,50.252
1780037500.9919846,50.25
1780037500.998029,50.249
1780037501.0039914,50.248
1780037501.0101023,50.246
1780037501.0160184,50.245
1780037501.0220327,50.242
1780037501.0280583,50.241
1780037501.034085,50.239
1780037501.039974,50.238
1780037501.0460203,50.236
1780037501.0520582,50.235
1780037501.0580513,50.233
1780037501.0640259,50.232
1780037501.070151,50.23
1780037501.0760455,50.229
1780037501.0821557,50.228
1780037501.088024,50.226
1780037501.0941734,50.224
1780037501.1000118,50.222
1780037501.1060379,50.221
1780037501.1120348,50.22
1780037501.1180348,50.219
1780037501.1240566,50.218
1780037501.1301372,50.216
1780037501.1360633,50.215
1780037501.1420429,50.214
1780037501.1479986,50.212
1780037501.1540513,50.21
1780037501.160009,50.209
1780037501.1660295,50.208
1780037501.171809,50.207
1780037501.1781147,50.207
1780037501.184077,50.205
1780037501.1901588,50.204
1780037501.1960871,50.202
1780037501.2020445,50.2
1780037501.20802,50.199
1780037501.2141385,50.198
1780037501.2199934,50.197
1780037501.2260501,50.196
1780037501.2319555,50.195
1780037501.238042,50.194
1780037501.2440686,50.192
1780037501.2501426,50.19
1780037501.2561014,50.189
1780037501.2620215,50.187
1780037501.267968,50.186
1780037501.27408,50.185
1780037501.2800457,50.184
1780037501.2860565,50.183
1780037501.2920463,50.182
1780037501.2980776,50.181
1780037501.3040607,50.179
1780037501.3101609,50.179
1780037501.3161101,50.178
1780037501.3220255,50.176
1780037501.3280685,50.175
1780037501.3340352,50.174
1780037501.3400471,50.173
1780037501.346072,50.172
1780037501.3518364,50.17
1780037501.3581128,50.169
1780037501.364103,50.168
1780037501.370167,50.167
1780037501.3761342,50.166
1780037501.3820608,50.166
1780037501.387899,50.165
1780037501.3941343,50.164
1780037501.4000244,50.162
1780037501.4060733,50.162
1780037501.4118593,50.161
1780037501.4180424,50.161
1780037501.4240668,50.16
1780037501.4301367,50.158
1780037501.4360938,50.158
1780037501.441975,50.157
1780037501.447906,50.156
1780037501.4541373,50.155
1780037501.4600427,50.155
1780037501.466113,50.154
1780037501.471919,50.153
1780037501.4780235,50.152
1780037501.4841177,50.152
1780037501.4901927,50.15
1780037501.4961853,50.15
1780037501.5019455,50.149
1780037501.5079682,50.148
1780037501.5140946,50.147
1780037501.5200438,50.146
1780037501.526067,50.145
1780037501.5319483,50.144
1780037501.5380437,50.142
1780037501.5441153,50.142
1780037501.5501573,50.14
1780037501.556181,50.14
1780037501.561949,50.139
1780037501.5680072,50.138
1780037501.5740244,50.137
1780037501.5800555,50.135
1780037501.5860765,50.135
1780037501.5919945,50.134
1780037501.5980258,50.133
1780037501.6041074,50.132
1780037501.6101553,50.131
1780037501.6161692,50.13
1780037501.6219766,50.129
1780037501.628017,50.128
1780037501.634102,50.127
1780037501.64003,50.125
1780037501.646095,50.124
1780037501.6520314,50.124
1780037501.6580338,50.123
1780037501.6641119,50.122
1780037501.6701806,50.121
1780037501.6762435,50.122
1780037501.6820097,50.121
1780037501.6879764,50.12
1780037501.6940212,50.119
1780037501.6999853,50.119
1780037501.70613,50.119
1780037501.7120168,50.117
1780037501.7180495,50.117
1780037501.7240877,50.116
1780037501.730126,50.115
1780037501.736178,50.115
1780037501.742026,50.114
1780037501.7480283,50.113
1780037501.754037,50.112
1780037501.759991,50.111
1780037501.7660728,50.11
1780037501.7719731,50.109
1780037501.7781386,50.108
1780037501.7839608,50.108
1780037501.7901068,50.107
1780037501.7961254,50.107
1780037501.802051,50.106
1780037501.808108,50.105
1780037501.8138916,50.104
1780037501.819986,50.104
1780037501.8261745,50.103
1780037501.8319933,50.102
1780037501.8381755,50.102
1780037501.8440402,50.1
1780037501.8501499,50.099
1780037501.8561726,50.098
1780037501.862055,50.098
1780037501.8680923,50.097
1780037501.8739896,50.096
1780037501.8800454,50.096
1780037501.8860445,50.096
1780037501.892031,50.094
1780037501.8980584,50.093
1780037501.9040804,50.093
1780037501.9100628,50.092
1780037501.9160855,50.091
1780037501.9218783,50.091
1780037501.9281032,50.09
1780037501.9340596,50.09
1780037501.9400215,50.089
1780037501.9459302,50.089
1780037501.9519703,50.089
1780037501.958029,50.088
1780037501.9640033,50.087
1780037501.9701056,50.086
1780037501.9760883,50.085
1780037501.9819412,50.084
1780037501.988029,50.084
1780037501.9940548,50.083
1780037502.0001023,50.083
1780037502.0059927,50.082
1780037502.0119934,50.081
1780037502.018043,50.081
1780037502.0240333,50.08
1780037502.0301216,50.08
1780037502.0361345,50.079
1780037502.0420132,50.078
1780037502.048047,50.077
1780037502.0540721,50.077
1780037502.0600402,50.077
1780037502.0660567,50.077
1780037502.0720193,50.077
1780037502.0781739,50.076
1780037502.0840602,50.076
1780037502.0901577,50.075
1780037502.096094,50.075
1780037502.1020474,50.074
1780037502.1080868,50.073
1780037502.1139266,50.072
1780037502.1200247,50.072
1780037502.1261024,50.072
1780037502.1320841,50.071
1780037502.1379833,50.071
1780037502.1440382,50.07
1780037502.1500387,50.069
1780037502.1560354,50.068
1780037502.1620517,50.068
1780037502.1680863,50.067
1780037502.1739898,50.067
1780037502.1800349,50.066
1780037502.1860442,50.066
1780037502.1920092,50.066
1780037502.1980474,50.066
1780037502.2040386,50.065
1780037502.2100737,50.064
1780037502.216057,50.063
1780037502.2219446,50.062
1780037502.2280753,50.062
1780037502.233997,50.061
1780037502.240101,50.061
1780037502.245892,50.06
1780037502.2520647,50.06
1780037502.2581317,50.06
1780037502.264082,50.06
1780037502.270126,50.058
1780037502.275934,50.058
1780037502.2820299,50.058
1780037502.2881424,50.057
1780037502.293995,50.056
1780037502.3003986,50.056
1780037502.3062365,50.056
1780037502.3121755,50.055
1780037502.3180873,50.055
1780037502.3240995,50.054
1780037502.3300827,50.053
1780037502.3360143,50.053
1780037502.3420272,50.052
1780037502.3480995,50.051
1780037502.3540685,50.05
1780037502.3601582,50.049
1780037502.3660004,50.049
1780037502.3721209,50.048
1780037502.3779879,50.048
1780037502.3840673,50.048
1780037502.3900795,50.048
1780037502.3961136,50.048
1780037502.4020805,50.047
1780037502.4079163,50.047
1780037502.4139707,50.046
1780037502.420074,50.046
1780037502.4260292,50.045
1780037502.4320815,50.045
1780037502.4379747,50.044
1780037502.4441006,50.043
1780037502.4501429,50.043
1780037502.4560826,50.042
1780037502.462037,50.042
1780037502.4680145,50.042
1780037502.4740317,50.042
1780037502.4800322,50.041
1780037502.4860618,50.041
1780037502.4920723,50.041
1780037502.4980686,50.04
1780037502.5040984,50.04
1780037502.5099883,50.039
1780037502.516051,50.039
1780037502.522064,50.038
1780037502.528101,50.038
1780037502.5340416,50.037
1780037502.5399384,50.037
1780037502.5460272,50.037
1780037502.5520134,50.036
1780037502.558071,50.036
1780037502.564113,50.035
1780037502.5700889,50.035
1780037502.5760193,50.033
1780037502.5820787,50.033
1780037502.588126,50.032
1780037502.594046,50.032
1780037502.6000853,50.031
1780037502.6060555,50.031
1780037502.6119232,50.031
1780037502.618014,50.031
1780037502.6240492,50.03
1780037502.6300962,50.03
1780037502.6361127,50.029
1780037502.642091,50.029
1780037502.647983,50.028
1780037502.6540425,50.028
1780037502.6600375,50.028
1780037502.666123,50.028
1780037502.6720443,50.027
1780037502.678051,50.027
1780037502.6840885,50.027
1780037502.6900644,50.026
1780037502.6960793,50.026
1780037502.7020996,50.025
1780037502.708084,50.025
1780037502.7141259,50.024
1780037502.7198894,50.024
1780037502.7261262,50.024
1780037502.7320218,50.024
1780037502.7380495,50.024
1780037502.7439787,50.024
1780037502.7500615,50.024
1780037502.7560377,50.023
1780037502.7620735,50.023
1780037502.7680814,50.022
1780037502.7740815,50.021
1780037502.7800353,50.02
1780037502.7860644,50.02
1780037502.792065,50.02
1780037502.798037,50.02
1780037502.8041005,50.02
1780037502.810143,50.02
1780037502.8160942,50.019
1780037502.8221345,50.019
1780037502.8280065,50.018
1780037502.8341393,50.018
1780037502.8400815,50.018
1780037502.8461611,50.018
1780037502.851936,50.017
1780037502.8580608,50.017
1780037502.864132,50.017
1780037502.8701458,50.016
1780037502.876155,50.017
1780037502.8819747,50.017
1780037502.888051,50.016
1780037502.8940303,50.015
1780037502.9001153,50.015
1780037502.9060838,50.015
1780037502.9120378,50.014
1780037502.9180899,50.014
1780037502.924117,50.014
1780037502.9301157,50.013
1780037502.9361124,50.014
1780037502.9420862,50.014
1780037502.948053,50.014
1780037502.9540088,50.014
1780037502.9602678,50.013
1780037502.9660742,50.013
1780037502.9720306,50.013
1780037502.9781823,50.013
1780037502.9840057,50.012
1780037502.9900165,50.011
1780037502.9960446,50.011
1780037503.0021484,50.012
1780037503.0081792,50.011
1780037503.014005,50.011
1780037503.0200715,50.01
1780037503.0261378,50.01
1780037503.032095,50.009
1780037503.0381122,50.009
1780037503.0440414,50.009
1780037503.0500467,50.008
1780037503.056075,50.007
1780037503.0620868,50.007
1780037503.0681386,50.007
1780037503.0740688,50.007
1780037503.0800853,50.007
1780037503.0861285,50.007
1780037503.0920806,50.006
1780037503.098104,50.006
1780037503.104086,50.006
1780037503.1101146,50.005
1780037503.1161182,50.005
1780037503.1220994,50.005
1780037503.1281347,50.005
1780037503.1341515,50.004
1780037503.1401296,50.004
1780037503.1460204,50.005
1780037503.1520078,50.004
1780037503.1580698,50.004
1780037503.1640782,50.003
1780037503.1701107,50.003
1780037503.1761727,50.002
1780037503.182033,50.002
1780037503.1881135,50.002
1780037503.19405,50.002
1780037503.2000604,50.002
1780037503.2060914,50.002
1780037503.2120993,50.002
1780037503.2179093,50.002
1780037503.2240434,50.003
1780037503.230068,50.002
1780037503.2361543,50.001
1780037503.2420886,50.001
1780037503.2481673,50.0
1780037503.25392,50.0
1780037503.260042,49.255
1780037503.2660556,49.255
1780037503.2720568,50.0
1780037503.2779968,50.0
1780037503.284067,49.255
1780037503.2899492,49.255
1780037503.2956316,49.255
1780037503.301599,49.255
1780037503.3072977,49.254
1780037503.3132663,49.254
1780037503.3190331,49.254
1780037503.3250186,49.254
1780037503.3309193,49.254
1780037503.3369002,49.254
1780037503.3428657,49.254
1780037503.3489215,49.254
1780037503.354914,49.253
1780037503.360919,49.253
1780037503.366875,49.252
1780037503.3729708,49.251
1780037503.3788285,49.251
1780037503.3849561,49.252
1780037503.3907104,49.251
1780037503.3969352,49.252
1780037503.4029202,49.251
1780037503.408937,49.252
1780037503.4149287,49.251
1780037503.4207282,49.252
1780037503.4267879,49.251
1780037503.4329844,49.251
1780037503.4388163,49.251
1780037503.4449573,49.251
1780037503.450796,49.251
1780037503.4568715,49.251
1780037503.4628844,49.251
1780037503.468921,49.251
1780037503.4749453,49.25
1780037503.4808452,49.25
1780037503.4868884,49.251
1780037503.4928653,49.25
1780037503.4987566,49.249
1780037503.5049303,49.249
1780037503.5108097,49.249
1780037503.516908,49.249
1780037503.5227273,49.249
1780037503.5289335,49.249
1780037503.5349412,49.249
1780037503.5409026,49.249
1780037503.546885,49.248
1780037503.5527647,49.248
1780037503.5588417,49.248
1780037503.5648549,49.248
1780037503.5708926,49.248
1780037503.5769334,49.248
1780037503.582853,49.248
1780037503.5889108,49.248
1780037503.5949259,49.248
1780037503.600906,49.248
1780037503.6068676,49.247
1780037503.6129062,49.247
1780037503.6188955,49.247
1780037503.6249087,49.247
1780037503.630811,49.247
1780037503.6368687,49.247
1780037503.6428497,49.247
1780037503.6489453,49.247
1780037503.6550226,49.246
1780037503.6607814,49.247
1780037503.6668763,49.246
1780037503.6729038,49.246
1780037503.678869,49.246
1780037503.6848445,49.247
1780037503.6908543,49.247
1780037503.6968923,49.247
1780037503.702867,49.246
1780037503.7089393,49.247
1780037503.715019,49.246
1780037503.7208679,49.246
1780037503.7269216,49.246
1780037503.7327287,49.245
1780037503.7389507,49.245
1780037503.7449424,49.245
1780037503.7509305,49.245
1780037503.756799,49.245
1780037503.7628713,49.245
1780037503.7688982,49.244
1780037503.774997,49.244
1780037503.7809272,49.244
1780037503.7869716,49.244
1780037503.7928343,49.244
1780037503.798935,49.244
1780037503.8048553,49.244
1780037503.810876,49.244
1780037503.816885,49.244
1780037503.8229256,49.243
1780037503.828774,49.244
1780037503.834926,49.243
1780037503.8408172,49.243
1780037503.846865,49.243
1780037503.852764,49.243
1780037503.8589997,49.243
1780037503.8648155,49.243
1780037503.8709574,49.243
1780037503.876744,49.242
1780037503.882869,49.242
1780037503.8888917,49.242
1780037503.894974,49.242
1780037503.9009588,49.242
1780037503.906775,49.242
1780037503.9128425,49.241
1780037503.9188864,49.241
1780037503.9248364,49.241
1780037503.930947,49.242
1780037503.9368405,49.241
1780037503.942924,49.24
1780037503.948933,49.24
1780037503.9550223,49.239
1780037503.9610162,49.24
1780037503.966865,49.24
1780037503.9728699,49.24
1780037503.9788938,49.239
1780037503.9847429,49.239
1780037503.9909623,49.239
1780037503.996828,49.239
1780037504.0029516,49.238
1780037504.0088074,49.239
1780037504.0149531,49.238
1780037504.020922,49.239
1780037504.026961,49.239
1780037504.0329401,49.239
1780037504.038794,49.239
1780037504.0448124,49.238
1780037504.0508935,49.238
1780037504.0568302,49.238
1780037504.0629766,49.239
1780037504.0688393,49.238
1780037504.0748515,49.238
1780037504.0808794,49.238
1780037504.086943,49.238
1780037504.0929363,49.238
1780037504.098898,49.238
1780037504.1049104,49.238
1780037504.110845,49.238
1780037504.1168182,49.238
1780037504.1229935,49.237
1780037504.1288836,49.236
1780037504.134944,49.237
1780037504.1409237,49.236
1780037504.1467702,49.237
1780037504.152889,49.237
1780037504.1589475,49.237
1780037504.164894,49.237
1780037504.1708553,49.237
1780037504.1768577,49.237
1780037504.1829102,49.236
1780037504.1888564,49.236
1780037504.1949794,49.236
1780037504.2009249,49.236
1780037504.2068503,49.236
1780037504.2128797,49.237
1780037504.2191696,49.236
1780037504.2251675,49.237
1780037504.230975,49.237
1780037504.236957,49.237
1780037504.2428546,49.237
1780037504.2488022,49.237
1780037504.2550173,49.237
1780037504.2609253,49.237
1780037504.2668922,49.237
1780037504.2729862,49.237
1780037504.278851,49.236
1780037504.2848833,49.237
1780037504.290957,49.236
1780037504.2969031,49.236
1780037504.3029175,49.237
1780037504.3089201,49.237
1780037504.3149662,49.238
1780037504.3208838,49.237
1780037504.3268218,49.237
1780037504.332928,49.237
1780037504.3388917,49.237
1780037504.3449304,49.236
1780037504.350788,49.236
1780037504.3568563,49.236
1780037504.3629477,49.236
1780037504.368908,49.236
1780037504.3749664,49.236
1780037504.380818,49.236
1780037504.3868685,49.236
1780037504.3929207,49.236
1780037504.3989003,49.235
1780037504.4049923,49.235
1780037504.410844,49.235
1780037504.4169104,49.235
1780037504.4227312,49.235
1780037504.4289227,49.235
1780037504.4349189,49.235
1780037504.4409285,49.235
1780037504.446909,49.235
1780037504.4528754,49.235
1780037504.4588304,49.235
1780037504.4649842,49.235
1780037504.4708674,49.235
1780037504.4769218,49.235
1780037504.4828777,49.235
1780037504.488932,49.235
1780037504.4948204,49.235
1780037504.5009055,49.235
1780037504.506906,49.235
1780037504.512892,49.235
1780037504.5189223,49.234
1780037504.5247338,49.234
1780037504.5308373,49.234
1780037504.5369074,49.235
1780037504.5428867,49.235
1780037504.5489306,49.234
1780037504.554909,49.234
1780037504.5608227,49.234
1780037504.5669196,49.235
1780037504.5729518,49.235
1780037504.5789304,49.235
1780037504.5848656,49.235
1780037504.5909412,49.236
1780037504.5967307,49.236
1780037504.6028097,49.236
1780037504.6089942,49.237
1780037504.6149135,49.236
1780037504.620867,49.235
1780037504.6269543,49.235
1780037504.6328022,49.234
1780037504.6389246,49.234
1780037504.6448367,49.234
1780037504.6509347,49.235
1780037504.6569054,49.236
1780037504.662882,49.236
1780037504.6689348,49.236
1780037504.6749072,49.236
1780037504.6809213,49.236
1780037504.686947,49.236
1780037504.6929038,49.236
1780037504.698949,49.236
1780037504.7047691,49.236
1780037504.7108986,49.236
1780037504.7169094,49.236
1780037504.7229242,49.236
1780037504.7288852,49.237
1780037504.7349684,49.236
1780037504.740913,49.236
1780037504.746891,49.236
1780037504.7528682,49.236
1780037504.7589197,49.235
1780037504.7648993,49.235
1780037504.7709918,49.235
1780037504.7767925,49.234
1780037504.7829535,49.234
1780037504.7888863,49.235
1780037504.7949455,49.235
1780037504.8009083,49.235
1780037504.8068244,49.235
1780037504.8128688,49.235
1780037504.8188777,49.235
1780037504.8247614,49.235
1780037504.8309941,49.236
1780037504.8368874,49.235
1780037504.8429427,49.235
1780037504.8487797,49.235
1780037504.8548572,49.235
1780037504.8609455,49.236
1780037504.8669875,49.235
1780037504.8729975,49.235
1780037504.8788316,49.235
1780037504.8848708,49.235
1780037504.8908985,49.234
1780037504.8967807,49.234
1780037504.902945,49.234
1780037504.9088984,49.234
1780037504.9149346,49.234
1780037504.9209352,49.233
1780037504.9267347,49.233
1780037504.9329112,49.234
1780037504.9389665,49.234
1780037504.9449234,49.234
1780037504.9508266,49.234
1780037504.956841,49.234
1780037504.9629557,49.234
1780037504.9688509,49.233
1780037504.975007,49.233
1780037504.9809515,49.233
1780037504.986905,49.232
1780037504.992946,49.232
1780037504.99882,49.232
1780037505.0049095,49.232
1780037505.0109565,49.232
1780037505.0169368,49.232
1780037505.0229185,49.233
1780037505.02894,49.233
1780037505.0347495,49.233
1780037505.0402355,49.233
1780037505.0462441,49.232
1780037505.0519834,49.232
1780037505.0577767,49.232
1780037505.0636847,49.231
1780037505.0697389,49.232
1780037505.075575,49.232
1780037505.0816612,49.232
1780037505.0877059,49.232
1780037505.0938227,49.233
1780037505.0998263,49.231
1780037505.1056433,49.232
1780037505.1116695,49.232
1780037505.1176648,49.232
1780037505.1237001,49.232
1780037505.129745,49.232
1780037505.1357038,49.232
1780037505.1417844,49.232
1780037505.1475742,49.233
1780037505.1537547,49.233
1780037505.1598094,49.233
1780037505.1657503,49.232
1780037505.1717348,49.232
1780037505.1776588,49.232
1780037505.1836913,49.232
1780037505.1897151,49.232
1780037505.1955934,49.232
1780037505.201794,49.231
1780037505.2076552,49.231
1780037505.213874,49.231
1780037505.219899,49.23
1780037505.2255795,49.23
1780037505.2317004,49.231
1780037505.23776,49.23
1780037505.243766,49.23
1780037505.249682,49.23
1780037505.2557304,49.231
1780037505.2617555,49.231
1780037505.267634,49.231
1780037505.2737482,49.231
1780037505.2798018,49.23
1780037505.2857172,49.23
1780037505.291807,49.23
1780037505.297619,49.23
1780037505.3036823,49.23
1780037505.3096783,49.23
1780037505.3156936,49.23
1780037505.3216863,49.23
1780037505.3277445,49.23
1780037505.3338504,49.23
1780037505.3399405,49.23
1780037505.3458238,49.231
1780037505.3517473,49.231
1780037505.3576498,49.231
1780037505.3637571,49.231
1780037505.3696434,49.231
1780037505.3756926,49.231
1780037505.3817332,49.231
1780037505.3877048,49.231
1780037505.3937163,49.231
1780037505.3997884,49.231
1780037505.4057064,49.232
1780037505.4117618,49.231
1780037505.417678,49.231
1780037505.42375,49.231
1780037505.4296625,49.231
1780037505.435814,49.231
1780037505.4416766,49.231
1780037505.4477143,49.23
1780037505.4538314,49.231
1780037505.459955,49.23
1780037505.465931,49.23
1780037505.4717212,49.23
1780037505.4777071,49.231
1780037505.4835637,49.229
1780037505.489644,49.23
1780037505.495831,49.23
1780037505.5017023,49.23
1780037505.5077436,49.23
1780037505.5137346,49.23
1780037505.519687,49.229
1780037505.5256968,49.23
1780037505.531778,49.23
1780037505.5377681,49.229
1780037505.5437715,49.229
1780037505.5497313,49.229
1780037505.5556176,49.229
1780037505.5616827,49.229
1780037505.5676935,49.229
1780037505.573742,49.229
1780037505.5797858,49.229
1780037505.5857544,49.229
1780037505.5916343,49.228
1780037505.5976992,49.229
1780037505.603755,49.229
1780037505.609699,49.228
1780037505.6157317,49.228
1780037505.621685,49.229
1780037505.627604,49.229
1780037505.6336322,49.229
1780037505.6396885,49.229
1780037505.6457226,49.229
1780037505.6516647,49.229
1780037505.65773,49.229
1780037505.6636639,49.229
1780037505.6697242,49.229
1780037505.675745,49.229
1780037505.6817164,49.23
1780037505.6877954,49.23
1780037505.6937423,49.23
1780037505.6997368,49.23
1780037505.7056057,49.23
1780037505.71169,49.23
1780037505.717705,49.23
1780037505.723669,49.23
1780037505.7297893,49.229
1780037505.7356923,49.23
1780037505.7417822,49.229
1780037505.7475743,49.229
1780037505.753786,49.229
1780037505.7597613,49.228
1780037505.7658076,49.229
1780037505.7718315,49.229
1780037505.7776358,49.229
1780037505.7837098,49.229
1780037505.7897606,49.229
1780037505.7957222,49.229
1780037505.801736,49.229
1780037505.807727,49.229
1780037505.8137882,49.229
1780037505.8196776,49.229
1780037505.8255422,49.229
1780037505.831791,49.229
1780037505.8377855,49.229
1780037505.8437743,49.229
1780037505.84965,49.229
1780037505.855698,49.229
1780037505.861753,49.229
1780037505.867673,49.229
1780037505.873787,49.228
1780037505.8797283,49.229
1780037505.8857226,49.228
1780037505.8918002,49.229
1780037505.8975842,49.229
1780037505.903707,49.228
1780037505.9097104,49.228
1780037505.9157097,49.229
1780037505.9216833,49.229
1780037505.927685,49.229
1780037505.933781,49.228
1780037505.9397166,49.229
1780037505.9456406,49.228
1780037505.9517674,49.228
1780037505.9577155,49.229
1780037505.963756,49.229
1780037505.9696267,49.228
1780037505.9757116,49.228
1780037505.9817574,49.228
1780037505.987757,49.229
1780037505.9937706,49.229
1780037505.9997904,49.229
1780037506.0057473,49.228
1780037506.01158,49.229
1780037506.0176563,49.228
1780037506.0237303,49.228
1780037506.0297213,49.229
1780037506.0358114,49.229
1780037506.0417426,49.228
1780037506.0477667,49.229
1780037506.0536964,49.229
1780037506.0597563,49.229
1780037506.065758,49.228
1780037506.071759,49.229
1780037506.0777516,49.229
1780037506.0836704,49.229
1780037506.0896866,49.229
1780037506.0957131,49.229
1780037506.1016421,49.229
1780037506.1077583,49.229
1780037506.1136987,49.229
1780037506.1197476,49.229
1780037506.1257632,49.228
1780037506.1316116,49.229
1780037506.1380293,49.228
1780037506.1438565,49.228
1780037506.1498215,49.228
1780037506.1557512,49.228
1780037506.1617393,49.229
1780037506.167579,49.229
1780037506.173768,49.229
1780037506.1795783,49.228
1780037506.1852663,49.229
1780037506.1912649,49.229
1780037506.1971343,49.228
1780037506.2032313,49.228
1780037506.209276,49.228
1780037506.2152436,49.228
1780037506.221273,49.228
1780037506.2277966,49.228
1780037506.2337532,49.228
1780037506.239666,49.229
1780037506.2456694,49.228
1780037506.2527642,49.228
1780037506.2588644,49.227
1780037506.2650156,49.226
1780037506.2709467,49.226
1780037506.276982,49.227
1780037506.2829077,49.227
1780037506.2889593,49.227
1780037506.2947533,49.227
1780037506.301038,49.227
1780037506.30703,49.228
1780037506.3129435,49.227
1780037506.318957,49.228
1780037506.3248553,49.228
1780037506.3309135,49.228
1780037506.3369448,49.228
1780037506.3428283,49.227
1780037506.3489969,49.227
1780037506.3548899,49.227
1780037506.3609457,49.227
1780037506.3669615,49.227
1780037506.3728523,49.227
1780037506.3789334,49.227
1780037506.3850079,49.227
1780037506.3909628,49.227
1780037506.3969622,49.228
1780037506.40296,49.227
1780037506.408785,49.227
1780037506.4149,49.227
1780037506.4207945,49.227
1780037506.427044,49.227
1780037506.4329288,49.227
1780037506.4390101,49.227
1780037506.4449089,49.227
1780037506.4509635,49.228
1780037506.456723,49.228
1780037506.4629545,49.228
1780037506.4689488,49.228
1780037506.474979,49.229
1780037506.4808462,49.229
1780037506.4868116,49.229
1780037506.4928946,49.229
1780037506.4990036,49.229
1780037506.5048537,49.229
1780037506.510968,49.228
1780037506.5169432,49.229
1780037506.522999,49.229
1780037506.528805,49.229
1780037506.5349329,49.228
1780037506.5409493,49.229
1780037506.5469453,49.228
1780037506.5529811,49.229
1780037506.5588892,49.23
1780037506.5649357,49.229
1780037506.5709717,49.229
1780037506.5768917,49.229
1780037506.5829847,49.229
1780037506.5889425,49.228
1780037506.594992,49.228
1780037506.6009383,49.228
1780037506.6068087,49.227
1780037506.612994,49.227
1780037506.6189358,49.227
1780037506.6249535,49.227
1780037506.6309488,49.227
1780037506.6369739,49.227
1780037506.642853,49.228
1780037506.6488545,49.228
1780037506.6549873,49.228
1780037506.6609468,49.228
1780037506.666983,49.227
1780037506.6729605,49.227
1780037506.6789486,49.227
1780037506.6849842,49.227
1780037506.6908314,49.227
1780037506.6969593,49.227
1780037506.7029176,49.227
1780037506.7089205,49.227
1780037506.7149322,49.227
1780037506.7209792,49.228
1780037506.7270014,49.227
1780037506.732932,49.227
1780037506.7388256,49.227
1780037506.7450335,49.227
1780037506.7509162,49.227
1780037506.7570152,49.227
1780037506.7628584,49.227
1780037506.7689662,49.227
1780037506.774917,49.228
1780037506.780994,49.227
1780037506.7870438,49.227
1780037506.7929308,49.228
1780037506.7989507,49.228
1780037506.804941,49.228
1780037506.810847,49.228
1780037506.8169453,49.228
1780037506.8229415,49.229
1780037506.829018,49.229
1780037506.8349543,49.229
1780037506.8409495,49.229
1780037506.8470156,49.229
1780037506.852748,49.229
1780037506.8588867,49.23
1780037506.8650322,49.23
1780037506.8709571,49.23
1780037506.876871,49.23
1780037506.882898,49.23
1780037506.888965,49.23
1780037506.8948474,49.23
1780037506.9009838,49.23
1780037506.9070554,49.229
1780037506.9129133,49.229
1780037506.9189734,49.229
1780037506.9248407,49.228
1780037506.930955,49.228
1780037506.9369068,49.229
1780037506.942969,49.229
1780037506.9489493,49.229
1780037506.9549613,49.23
1780037506.9608405,49.23
1780037506.9670308,49.229
1780037506.972956,49.229
1780037506.9789615,49.229
1780037506.9849226,49.229
1780037506.9910169,49.229
1780037506.996869,49.229
1780037507.0029829,49.229
1780037507.0088806,49.229
1780037507.0149765,49.229
1780037507.0208812,49.229
1780037507.026989,49.229
1780037507.032987,49.229
1780037507.038972,49.229
1780037507.0449069,49.229
1780037507.0508695,49.229
1780037507.0569158,49.229
1780037507.0629675,49.229
1780037507.0689151,49.229
1780037507.0749857,49.229
1780037507.08098,49.229
1780037507.0870254,49.228
1780037507.093023,49.229
1780037507.098855,49.228
1780037507.1049392,49.228
1780037507.1108556,49.228
1780037507.1169157,49.229
1780037507.1230352,49.228
1780037507.1289928,49.228
1780037507.1348875,49.228
1780037507.1409223,49.229
1780037507.1469636,49.228
1780037507.1529098,49.228
1780037507.1589448,49.227
1780037507.1650312,49.227
1780037507.1708753,49.227
1780037507.176981,49.228
1780037507.1828306,49.227
1780037507.1888945,49.228
1780037507.1949902,49.228
1780037507.2009797,49.228
1780037507.206991,49.228
1780037507.2129378,49.228
1780037507.2189603,49.228
1780037507.2247853,49.228
1780037507.230871,49.227
1780037507.2369268,49.226
1780037507.2429464,49.227
1780037507.2489703,49.227
1780037507.254958,49.227
1780037507.260975,49.227
1780037507.2669117,49.227
1780037507.2727315,49.227
1780037507.2789967,49.227
1780037507.2850392,49.227
1780037507.2910054,49.227
1780037507.296845,49.228
1780037507.302932,49.228
1780037507.3088684,49.228
1780037507.3148413,49.227
1780037507.3209705,49.228
1780037507.3269272,49.227
1780037507.332953,49.227
1780037507.3390515,49.227
1780037507.3448727,49.227
1780037507.3509688,49.227
1780037507.3569129,49.227
1780037507.362954,49.227
1780037507.3689444,49.228
1780037507.3749318,49.228
1780037507.3808668,49.228
1780037507.386987,49.229
1780037507.3928964,49.229
1780037507.3989289,49.229
1780037507.4049237,49.229
1780037507.4109738,49.229
1780037507.4169452,49.229
1780037507.4229877,49.23
1780037507.4288573,49.229
1780037507.4349422,49.229
1780037507.4409795,49.229
1780037507.4469671,49.229
1780037507.4529483,49.229
1780037507.458949,49.23
1780037507.4649644,49.23
1780037507.4707835,49.229
1780037507.4769013,49.23
1780037507.4829435,49.23
1780037507.4888656,49.229
1780037507.494996,49.229
1780037507.5009515,49.229
1780037507.506955,49.228
1780037507.5129807,49.228
1780037507.5187986,49.228
1780037507.5249007,49.228
1780037507.5309546,49.228
1780037507.5369537,49.228
1780037507.5429323,49.229
1780037507.5489407,49.229
1780037507.5549634,49.229
1780037507.5609038,49.229
1780037507.566818,49.228
1780037507.5730085,49.227
1780037507.5789402,49.227
1780037507.5849967,49.226
1780037507.590923,49.227
1780037507.5969687,49.227
1780037507.6027668,49.227
1780037507.6090193,49.227
1780037507.6149104,49.227
1780037507.6210074,49.227
1780037507.626908,49.228
1780037507.6328595,49.227
1780037507.6389058,49.228
1780037507.644982,49.227
1780037507.6509252,49.227
1780037507.6569798,49.227
1780037507.6628795,49.228
1780037507.6690087,49.228
1780037507.6748943,49.228
1780037507.6809835,49.228
1780037507.6868901,49.228
1780037507.6927407,49.227
1780037507.699032,49.228
1780037507.704871,49.228
1780037507.710985,49.228
1780037507.7168634,49.228
1780037507.7229464,49.229
1780037507.7287738,49.229
1780037507.7349088,49.229
1780037507.740939,49.229
1780037507.7469962,49.229
1780037507.7530146,49.229
1780037507.759025,49.228
1780037507.7649474,49.228
1780037507.770967,49.228
1780037507.7768054,49.228
1780037507.7829347,49.228
1780037507.7889624,49.228
1780037507.7949371,49.228
1780037507.8009593,49.229
1780037507.807029,49.229
1780037507.8130445,49.229
1780037507.8188102,49.229
1780037507.82488,49.229
1780037507.8309457,49.228
1780037507.8369043,49.228
1780037507.8430166,49.228
1780037507.8488784,49.228
1780037507.8550088,49.229
1780037507.860839,49.228
1780037507.8670018,49.229
1780037507.8730686,49.228
1780037507.8789,49.229
1780037507.885015,49.229
1780037507.890974,49.229
1780037507.8969872,49.23
1780037507.9028502,49.23
1780037507.9089243,49.229
1780037507.9149504,49.229
1780037507.9208763,49.229
1780037507.927067,49.23
1780037507.9329777,49.237
1780037507.9386954,49.242
1780037507.9441326,49.247
1780037507.9494345,49.251
1780037507.954666,50.0
1780037507.9602394,50.003
1780037507.9654982,50.009
1780037507.9710848,50.013
1780037507.97633,50.018
1780037507.9818738,50.022
1780037507.987116,50.027
1780037507.9926214,50.031
1780037507.997859,50.037
1780037508.003484,50.039
1780037508.0087109,50.045
1780037508.0142932,50.049
1780037508.0197382,50.054
1780037508.0250328,50.057
1780037508.030283,50.061
1780037508.0358963,50.067
1780037508.0411406,50.07
1780037508.0466785,50.075
1780037508.051934,50.079
1780037508.057438,50.083
1780037508.062671,50.088
1780037508.0682416,50.091
1780037508.073494,50.096
1780037508.079084,50.1
1780037508.0843291,50.104
1780037508.089849,50.108
1780037508.0950859,50.113
1780037508.1006875,50.116
1780037508.1059234,50.122
1780037508.1114542,50.124
1780037508.1166825,50.13
1780037508.122306,50.132
1780037508.1277328,50.137
1780037508.1330922,50.141
1780037508.1383307,50.144
1780037508.1438835,50.149
1780037508.149122,50.153
1780037508.1546352,50.156
1780037508.159888,50.161
1780037508.1654413,50.164
1780037508.1706703,50.169
1780037508.1762898,50.172
1780037508.1815422,50.176
1780037508.1870768,50.179
1780037508.192318,50.184
1780037508.1978316,50.187
1780037508.2030666,50.191
1780037508.2086618,50.195
1780037508.2146986,50.199
1780037508.219942,50.202
1780037508.2254782,50.206
1780037508.2307336,50.21
1780037508.2362268,50.214
1780037508.2414465,50.218
1780037508.2470746,50.22
1780037508.252327,50.225
1780037508.2578292,50.228
1780037508.263063,50.232
1780037508.2686431,50.235
1780037508.273887,50.239
1780037508.2794344,50.242
1780037508.284668,50.247
1780037508.2903066,50.249
1780037508.2955356,50.253
1780037508.301043,51.0
1780037508.3062978,51.004
1780037508.31184,51.007
1780037508.3170934,51.009
1780037508.3226895,51.015
1780037508.327931,51.017
1780037508.3334932,51.02
1780037508.3389323,51.024
1780037508.3442411,51.027
1780037508.3494585,51.031
1780037508.355086,51.034
1780037508.360342,51.038
1780037508.3658884,51.04
1780037508.3711302,51.044
1780037508.3766482,51.047
1780037508.3818839,51.05
1780037508.3874967,51.054
1780037508.3927393,51.058
1780037508.3983033,51.059
1780037508.403537,51.064
1780037508.4090946,51.066
1780037508.4143455,51.07
1780037508.4198394,51.072
1780037508.4250963,51.075
1780037508.4306984,51.079
1780037508.4359426,51.082
1780037508.4414895,51.085
1780037508.446736,51.088
1780037508.4522321,51.091
1780037508.4574516,51.094
1780037508.4630935,51.097
1780037508.4685273,51.1
1780037508.473888,51.103
1780037508.4791334,51.106
1780037508.484643,51.109
1780037508.4898841,51.112
1780037508.4954305,51.115
1780037508.5006657,51.119
1780037508.5062838,51.12
1780037508.5115108,51.124
1780037508.517086,51.126
1780037508.5223317,51.13
1780037508.5278335,51.132
1780037508.5330756,51.134
1780037508.5386915,51.138
1780037508.5439153,51.141
1780037508.5494494,51.144
1780037508.5546973,51.147
1780037508.5602455,51.149
1780037508.5654671,51.153
1780037508.5710473,51.155
1780037508.576305,51.158
1780037508.5818422,51.16
1780037508.5870845,51.163
1780037508.5926528,51.166
1780037508.5978854,51.169
1780037508.603591,51.171
1780037508.6089842,51.175
1780037508.6142485,51.176
1780037508.619475,51.179
1780037508.625063,51.182
1780037508.6303108,51.185
1780037508.6358936,51.187
1780037508.641131,51.189
1780037508.6466975,51.193
1780037508.6519306,51.195
1780037508.6574905,51.197
1780037508.662741,51.2
1780037508.6682384,51.202
1780037508.6734772,51.206
1780037508.6790533,51.208
1780037508.6843088,51.21
1780037508.6898422,51.212
1780037508.6950808,51.216
1780037508.7007034,51.218
1780037508.7059379,51.22
1780037508.7114449,51.223
1780037508.7166939,51.226
1780037508.7222452,51.226
1780037508.7274745,51.23
1780037508.733057,51.232
1780037508.7383046,51.235
1780037508.7438934,51.237
1780037508.749128,51.239
1780037508.7546804,51.242
1780037508.7599068,51.244
1780037508.7656696,51.245
1780037508.7720394,51.238
1780037508.777763,51.233
1780037508.7837458,51.233
1780037508.7897718,51.232
1780037508.79569,51.231
1780037508.8017373,51.23
1780037508.8077369,51.227
1780037508.8137167,51.225
1780037508.8197455,51.223
1780037508.8257475,51.221
1780037508.8318594,51.218
1780037508.8379257,51.215
1780037508.8437,51.213
1780037508.8497427,51.21
1780037508.8558261,51.208
1780037508.8618066,51.206
1780037508.8677285,51.204
1780037508.8737276,51.201
1780037508.8797617,51.198
1780037508.885713,51.196
1780037508.891833,51.194
1780037508.8979077,51.19
1780037508.9036329,51.188
1780037508.9098325,51.185
1780037508.9158273,51.183
1780037508.9217787,51.181
1780037508.9276967,51.178
1780037508.9337244,51.176
1780037508.939879,51.174
1780037508.9457796,51.171
1780037508.951873,51.169
1780037508.9578824,51.166
1780037508.9635966,51.165
1780037508.9697542,51.162
1780037508.9758496,51.16
1780037508.9818156,51.157
1780037508.9876335,51.155
1780037508.9936776,51.153
1780037508.9998493,51.15
1780037509.0057755,51.147
1780037509.0118673,51.145
1780037509.0178893,51.143
1780037509.0235543,51.141
1780037509.0297675,51.139
1780037509.035822,51.137
1780037509.0417938,51.135
1780037509.0476077,51.133
1780037509.0536873,51.131
1780037509.0598085,51.129
1780037509.0657332,51.126
1780037509.0718813,51.124
1780037509.0778897,51.121
1780037509.0835545,51.119
1780037509.0898259,51.117
1780037509.0958388,51.115
1780037509.1017988,51.113
1780037509.107619,51.111
1780037509.113653,51.11
1780037509.1198533,51.108
1780037509.1257575,51.105
1780037509.1318634,51.103
1780037509.1378884,51.1
1780037509.143722,51.098
1780037509.149764,51.096
1780037509.1558263,51.093
1780037509.161782,51.091
1780037509.1676493,51.09
1780037509.1736674,51.088
1780037509.179822,51.085
1780037509.1857634,51.083
1780037509.1918342,51.08
1780037509.197865,51.078
1780037509.2035263,51.076
1780037509.2098417,51.074
1780037509.2157784,51.072
1780037509.2217546,51.07
1780037509.227615,51.068
1780037509.2336926,51.066
1780037509.2397938,51.064
1780037509.2457252,51.062
1780037509.2518785,51.061
1780037509.2578914,51.059
1780037509.2637482,51.058
1780037509.2698076,51.056
1780037509.2758036,51.054
1780037509.2817664,51.052
1780037509.2877285,51.05
1780037509.2936196,51.049
1780037509.299858,51.047
1780037509.3057258,51.045
1780037509.3118544,51.043
1780037509.3179095,51.041
1780037509.32378,51.04
1780037509.32976,51.039
1780037509.33577,51.037
1780037509.3417666,51.035
1780037509.3478243,51.034
1780037509.3537679,51.032
1780037509.3598552,51.031
1780037509.3657203,51.029
1780037509.371852,51.028
1780037509.3779192,51.026
1780037509.3837674,51.024
1780037509.3898041,51.023
1780037509.3957036,51.022
1780037509.4017465,51.02
1780037509.4078135,51.019
1780037509.413781,51.017
1780037509.4198616,51.015
1780037509.4257185,51.013
1780037509.4318879,51.012
1780037509.4379284,51.01
1780037509.4438157,51.009
1780037509.449784,51.007
1780037509.455669,51.006
1780037509.461729,51.003
1780037509.4678745,51.002
1780037509.4737236,51.0
1780037509.479919,50.255
1780037509.4856675,50.253
1780037509.4918413,50.252
1780037509.4978817,50.251
1780037509.5037794,50.249
1780037509.5097625,50.248
1780037509.5156517,50.246
1780037509.5217106,50.244
1780037509.5278182,50.244
1780037509.5337415,50.242
1780037509.5397954,50.24
1780037509.5456636,50.239
1780037509.551827,50.238
1780037509.5578492,50.237
1780037509.5637774,50.235
1780037509.5697753,50.233
1780037509.5757978,50.232
1780037509.581698,50.23
1780037509.5878298,50.228
1780037509.593759,50.228
1780037509.5998158,50.226
1780037509.6055994,50.225
1780037509.6119144,50.224
1780037509.6179464,50.222
1780037509.6237879,50.221
1780037509.6297612,50.219
1780037509.63575,50.218
1780037509.641692,50.216
1780037509.647882,50.216
1780037509.6537695,50.214
1780037509.65981,50.213
1780037509.6658156,50.211
1780037509.6718175,50.21
1780037509.677837,50.208
1780037509.6837718,50.207
1780037509.6897705,50.206
1780037509.6957812,50.205
1780037509.7017236,50.203
1780037509.7078164,50.202
1780037509.7137055,50.201
1780037509.7197828,50.199
1780037509.7257578,50.198
1780037509.7318995,50.197
1780037509.7379353,50.195
1780037509.743724,50.194
1780037509.7497134,50.194
1780037509.755787,50.192
1780037509.7616947,50.191
1780037509.7678504,50.189
1780037509.7736907,50.189
1780037509.7797427,50.187
1780037509.7857912,50.186
1780037509.7918127,50.185
1780037509.7978532,50.184
1780037509.8036544,50.183
1780037509.8097038,50.182
1780037509.8158293,50.179
1780037509.8217793,50.179
1780037509.8278823,50.178
1780037509.8336623,50.177
1780037509.839755,50.176
1780037509.8458133,50.175
1780037509.851889,50.174
1780037509.8579288,50.172
1780037509.8638272,50.172
1780037509.8697019,50.171
1780037509.875821,50.169
1780037509.881706,50.168
1780037509.888119,50.167
1780037509.8939757,50.166
1780037509.8999627,50.165
1780037509.905776,50.164
1780037509.911877,50.164
1780037509.9179008,50.162
1780037509.9238303,50.161
1780037509.9297602,50.16
1780037509.9358885,50.158
1780037509.9417841,50.157
1780037509.9478302,50.155
1780037509.9537697,50.155
1780037509.9598038,50.154
1780037509.965873,50.153
1780037509.9719253,50.153
1780037509.9779568,50.151
1780037509.983757,50.151
1780037509.9897645,50.149
1780037509.9958448,50.148
1780037510.0017705,50.146
1780037510.007905,50.146
1780037510.0137172,50.145
1780037510.0198083,50.143
1780037510.025759,50.142
1780037510.0319068,50.141
1780037510.0379295,50.14
1780037510.0437634,50.139
1780037510.049715,50.139
1780037510.0557573,50.138
1780037510.0616586,50.137
1780037510.0678372,50.135
1780037510.073723,50.135
1780037510.0797977,50.134
1780037510.0857105,50.133
1780037510.0918987,50.133
1780037510.097931,50.131
1780037510.1037488,50.131
1780037510.1097376,50.13
1780037510.115784,50.13
1780037510.1217558,50.128
1780037510.1278274,50.127
1780037510.133773,50.126
1780037510.1398177,50.126
1780037510.1457121,50.125
1780037510.1518948,50.125
1780037510.1579328,50.124
1780037510.1637428,50.123
1780037510.1697464,50.123
1780037510.1757877,50.122
1780037510.1817632,50.121
1780037510.1878853,50.12
1780037510.193735,50.119
1780037510.1998167,50.118
1780037510.205713,50.118
1780037510.2119215,50.117
1780037510.2179873,50.115
1780037510.2237656,50.115
1780037510.229783,50.114
1780037510.2358174,50.113
1780037510.2417166,50.112
1780037510.2478738,50.111
1780037510.2537754,50.11
1780037510.2598152,50.109
1780037510.2655835,50.109
1780037510.2718751,50.108
1780037510.2779167,50.108
1780037510.2838178,50.107
1780037510.2897997,50.106
1780037510.2957668,50.105
1780037510.301714,50.104
1780037510.3078434,50.103
1780037510.3137748,50.103
1780037510.3198516,50.102
1780037510.3256164,50.101
1780037510.3330348,50.101
1780037510.338998,50.1
1780037510.3450143,50.099
1780037510.350939,50.098
1780037510.3569221,50.097
1780037510.3630288,50.096
1780037510.3689332,50.095
1780037510.3751066,50.095
1780037510.3809898,50.093
1780037510.3870282,50.094
1780037510.3929257,50.093
1780037510.3990011,50.092
1780037510.4050097,50.092
1780037510.4109964,50.09
1780037510.4169762,50.09
1780037510.4228752,50.089
1780037510.4290135,50.088
1780037510.4351022,50.087
1780037510.4409325,50.086
1780037510.447038,50.086
1780037510.453024,50.085
1780037510.458911,50.083
1780037510.4649863,50.083
1780037510.471006,50.083
1780037510.4769776,50.082
1780037510.4830463,50.082
1780037510.4890208,50.081
1780037510.4950476,50.08
1780037510.5009952,50.08
1780037510.5070589,50.079
1780037510.5129068,50.079
1780037510.518779,50.078
1780037510.524999,50.077
1780037510.5310245,50.076
1780037510.537027,50.076
1780037510.5430152,50.075
1780037510.5489151,50.074
1780037510.5550294,50.074
1780037510.5609853,50.073
1780037510.5670457,50.072
1780037510.5729456,50.072
1780037510.5788474,50.071
1780037510.584962,50.071
1780037510.5910172,50.07
1780037510.5970228,50.07
1780037510.6029174,50.07
1780037510.6089556,50.07
1780037510.615017,50.069
1780037510.6209116,50.068
1780037510.6271048,50.068
1780037510.6330082,50.068
1780037510.638849,50.067
1780037510.64497,50.066
1780037510.650998,50.065
1780037510.6570241,50.066
1780037510.6629252,50.065
1780037510.668958,50.064
1780037510.6749957,50.064
1780037510.681011,50.063
1780037510.687072,50.062
1780037510.6929684,50.062
1780037510.698881,50.061
1780037510.7050161,50.061
1780037510.7110262,50.06
1780037510.717012,50.06
1780037510.7229466,50.06
1780037510.7289386,50.059
1780037510.7350054,50.059
1780037510.741016,50.057
1780037510.7471092,50.056
1780037510.7530296,50.056
1780037510.758897,50.055
1780037510.7650213,50.054
1780037510.771039,50.054
1780037510.7770348,50.053
1780037510.7830129,50.053
1780037510.788982,50.053
1780037510.794984,50.052
1780037510.8008761,50.052
1780037510.8070538,50.051
1780037510.8130393,50.051
1780037510.8188958,50.05
1780037510.8250263,50.049
1780037510.8309736,50.048
1780037510.8370361,50.049
1780037510.8429937,50.048
1780037510.8489869,50.048
1780037510.8548672,50.048
1780037510.8608763,50.048
1780037510.867088,50.047
1780037510.872974,50.047
1780037510.8789244,50.046
1780037510.8850262,50.046
1780037510.8907902,50.046
1780037510.8969839,50.045
1780037510.9030323,50.045
1780037510.9090328,50.044
1780037510.9148698,50.043
1780037510.9209087,50.043
1780037510.926994,50.042
1780037510.9330437,50.042
1780037510.938994,50.041
1780037510.9450624,50.041
1780037510.9508774,50.04
1780037510.9569564,50.04
1780037510.9629967,50.04
1780037510.969054,50.04
1780037510.9749136,50.04
1780037510.9809594,50.039
1780037510.987051,50.039
1780037510.9929597,50.038
1780037510.9990478,50.038
1780037511.0050523,50.037
1780037511.0109038,50.037
1780037511.0170205,50.037
1780037511.023048,50.036
1780037511.0290427,50.036
1780037511.0349755,50.036
1780037511.0409727,50.035
1780037511.0470314,50.035
1780037511.053045,50.035
1780037511.05912,50.034
1780037511.0650113,50.033
1780037511.070958,50.032
1780037511.0769818,50.033
1780037511.083024,50.032
1780037511.0889952,50.032
1780037511.0949914,50.031
1780037511.101002,50.031
1780037511.1069484,50.031
1780037511.113029,50.03
1780037511.1190853,50.029
1780037511.12506,50.029
1780037511.1309762,50.029
1780037511.1370127,50.028
1780037511.1428597,50.028
1780037511.1490052,50.027
1780037511.1550155,50.027
1780037511.1609948,50.027
1780037511.1668828,50.026
1780037511.172956,50.026
1780037511.1790767,50.025
1780037511.1850863,50.025
1780037511.1910052,50.024
1780037511.1970353,50.024
1780037511.2028167,50.023
1780037511.2090673,50.024
1780037511.215029,50.023
1780037511.2210476,50.023
1780037511.2268617,50.023
1780037511.2329745,50.023
1780037511.2389941,50.022
1780037511.2450662,50.021
1780037511.2509577,50.02
1780037511.2570212,50.02
1780037511.2629075,50.019
1780037511.268991,50.019
1780037511.274987,50.019
1780037511.281019,50.018
1780037511.2869718,50.019
1780037511.292993,50.018
1780037511.2990015,50.018
1780037511.304974,50.018
1780037511.310958,50.017
1780037511.3170922,50.017
1780037511.3229845,50.016
1780037511.329003,50.016
1780037511.3349106,50.016
1780037511.3409941,50.015
1780037511.347005,50.016
1780037511.3530354,50.016
1780037511.359034,50.015
1780037511.3650365,50.015
1780037511.3709817,50.014
1780037511.3770368,50.013
1780037511.382953,50.013
1780037511.3890264,50.013
1780037511.395035,50.013
1780037511.401021,50.014
1780037511.4070206,50.014
1780037511.413037,50.014
1780037511.4190605,50.014
1780037511.4249825,50.014
1780037511.4309206,50.013
1780037511.4370522,50.012
1780037511.442952,50.012
1780037511.4490647,50.011
1780037511.4548688,50.011
1780037511.4609756,50.01
1780037511.467057,50.01
1780037511.473119,50.011
1780037511.479165,50.01
1780037511.4850972,50.01
1780037511.4909728,50.009
1780037511.4969897,50.009
1780037511.5029573,50.008
1780037511.5090632,50.008
1780037511.5149195,50.008
1780037511.5209856,50.007
1780037511.5270884,50.007
1780037511.533107,50.007
1780037511.539149,50.007
1780037511.544938,50.007
1780037511.5509944,50.006
1780037511.5569825,50.006
1780037511.563016,50.005
1780037511.569122,50.005
1780037511.5749547,50.005
1780037511.5810227,50.005
1780037511.5870352,50.005
1780037511.5930717,50.005
1780037511.599101,50.004
1780037511.6049492,50.005
1780037511.6109529,50.005
1780037511.6169987,50.004
1780037511.6229432,50.004
1780037511.629104,50.004
1780037511.6349895,50.004
1780037511.6410296,50.003
1780037511.6469913,50.003
1780037511.653072,50.003
1780037511.6590803,50.003
1780037511.6650147,50.002
1780037511.6710231,50.003
1780037511.676843,50.002
1780037511.6829157,50.002
1780037511.6891217,50.001
1780037511.6949506,50.001
1780037511.7010412,50.001
1780037511.7069054,50.001
1780037511.7130995,50.001
1780037511.7190902,50.001
1780037511.7249987,50.001
1780037511.7310162,50.001
1780037511.736912,50.001
1780037511.7429507,50.001
1780037511.7490063,50.001
1780037511.7550128,50.0
1780037511.7610886,49.255
1780037511.7669423,49.255
1780037511.773112,49.255
1780037511.7791274,49.254
1780037511.784981,49.254
1780037511.7910712,49.254
1780037511.7969818,49.254
1780037511.8030114,49.254
1780037511.8093176,49.254
1780037511.815225,49.253
1780037511.8210375,49.253
1780037511.8270037,49.253
1780037511.833077,49.253
1780037511.8390796,49.252
1780037511.844791,49.252
1780037511.8510787,49.252
1780037511.8570592,49.253
1780037511.8630338,49.253
1780037511.868933,49.253
1780037511.8749344,49.253
1780037511.8810582,49.253
1780037511.8869514,49.253
1780037511.8930447,49.252
1780037511.8991017,49.251
1780037511.9048915,49.251
1780037511.910983,49.251
1780037511.9170222,49.251
1780037511.9229975,49.251
1780037511.9289446,49.251
1780037511.9349632,49.251
1780037511.9409947,49.25
1780037511.947026,49.25
1780037511.9530709,49.25
1780037511.9591582,49.249
1780037511.9649777,49.25
1780037511.9710507,49.249
1780037511.9767842,49.249
1780037511.9830647,49.249
1780037511.9890285,49.248
1780037511.9950085,49.248
1780037512.0010636,49.249
1780037512.0069704,49.249
1780037512.0131078,49.248
1780037512.0191987,49.248
1780037512.0250514,49.248
1780037512.03111,49.248
1780037512.0369177,49.247
1780037512.043002,49.248
1780037512.0490716,49.248
1780037512.055043,49.248
1780037512.0610087,49.248
1780037512.0670462,49.248
1780037512.0730977,49.248
1780037512.0791554,49.247
1780037512.085069,49.247
1780037512.0910616,49.247
1780037512.096971,49.246
1780037512.1030471,49.246
1780037512.1089134,49.245
1780037512.1150255,49.246
1780037512.1209793,49.246
1780037512.1270213,49.247
1780037512.1330025,49.247
1780037512.1390758,49.247
1780037512.1450007,49.247
1780037512.1509938,49.247
1780037512.1569006,49.247
1780037512.16309,49.246
1780037512.1689985,49.246
1780037512.1750312,49.246
1780037512.1808627,49.245
1780037512.187066,49.246
1780037512.1931083,49.246
1780037512.1991858,49.245
1780037512.2051377,49.246
1780037512.210918,49.246
1780037512.2169485,49.246
1780037512.2230046,49.245
1780037512.2289863,49.245
1780037512.2351213,49.244
1780037512.2409976,49.244
1780037512.2470357,49.243
1780037512.253071,49.243
1780037512.2591727,49.243
1780037512.2651744,49.242
1780037512.271032,49.242
1780037512.2770143,49.242
1780037512.2829797,49.242
1780037512.2889392,49.242
1780037512.295136,49.242
1780037512.3009615,49.242
1780037512.3070703,49.241
1780037512.3129764,49.242
1780037512.319051,49.242
1780037512.325067,49.242
1780037512.3311038,49.242
1780037512.3371243,49.241
1780037512.3429468,49.241
1780037512.3490007,49.241
1780037512.355073,49.241
1780037512.3609812,49.241
1780037512.3670592,49.241
1780037512.3729997,49.241
1780037512.379026,49.241
1780037512.385032,49.241
1780037512.3908746,49.241
1780037512.397034,49.241
1780037512.4030743,49.241
1780037512.4090347,49.241
1780037512.414984,49.241
1780037512.4209893,49.24
1780037512.4270172,49.241
1780037512.4330447,49.24
1780037512.4391322,49.239
1780037512.4451184,49.24
1780037512.450976,49.24
1780037512.457051,49.239
1780037512.4628394,49.239
1780037512.469075,49.239
1780037512.4750977,49.239
1780037512.4810524,49.239
1780037512.486981,49.239
1780037512.4930177,49.239
1780037512.4990447,49.239
1780037512.5050242,49.239
1780037512.5109248,49.239
1780037512.5170588,49.239
1780037512.5230246,49.238
1780037512.529051,49.238
1780037512.5348487,49.238
1780037512.5410833,49.238
1780037512.5470998,49.238
1780037512.5530946,49.238
1780037512.5590975,49.238
1780037512.564912,49.238
1780037512.5709767,49.237
1780037512.5771444,49.237
1780037512.5830266,49.236
1780037512.5890706,49.236
1780037512.5949903,49.236
1780037512.601056,49.236
1780037512.606842,49.235
1780037512.6130495,49.236
1780037512.6190863,49.236
1780037512.6250987,49.236
1780037512.6310985,49.237
1780037512.636907,49.237
1780037512.6429737,49.237
1780037512.6489918,49.237
1780037512.655037,49.237
1780037512.6610227,49.237
1780037512.6669672,49.237
1780037512.673119,49.237
1780037512.6789336,49.237
1780037512.6850953,49.237
1780037512.6910934,49.237
1780037512.6970148,49.237
1780037512.70304,49.237
1780037512.7089293,49.237
1780037512.7149143,49.237
1780037512.7210448,49.237
1780037512.727033,49.236
1780037512.7330751,49.236
1780037512.7389863,49.235
1780037512.7448907,49.235
1780037512.7510288,49.235
1780037512.757098,49.234
1780037512.7631063,49.234
1780037512.768995,49.235
1780037512.7750125,49.235
1780037512.7810757,49.235
1780037512.7870216,49.234
1780037512.7930624,49.234
1780037512.798987,49.234
1780037512.8050334,49.234
1780037512.811135,49.233
1780037512.8169255,49.233
1780037512.8230166,49.233
1780037512.829099,49.233
1780037512.8350513,49.233
1780037512.8410103,49.233
1780037512.8470063,49.233
1780037512.8528929,49.234
1780037512.8590395,49.233
1780037512.8649044,49.233
1780037512.8711338,49.233
1780037512.8770485,49.233
1780037512.8831306,49.232
1780037512.888926,49.232
1780037512.8950553,49.232
1780037512.900959,49.233
1780037512.907015,49.232
1780037512.9130442,49.233
1780037512.919063,49.233
1780037512.924997,49.233
1780037512.931039,49.234
1780037512.9369645,49.234
1780037512.9431038,49.233
1780037512.9490297,49.233
1780037512.955131,49.234
1780037512.9609592,49.234
1780037512.9670665,49.234
1780037512.9730475,49.234
1780037512.9790466,49.234
1780037512.9850712,49.234
1780037512.9910462,49.234
1780037512.9970467,49.233
1780037513.002985,49.233
1780037513.0089474,49.233
1780037513.0150802,49.232
1780037513.021,49.233
1780037513.0270665,49.232
1780037513.0329614,49.232
1780037513.0389383,49.232
1780037513.0450122,49.232
1780037513.0511215,49.233
1780037513.0571303,49.233
1780037513.0630105,49.233
1780037513.0690396,49.233
1780037513.0750804,49.232
1780037513.08096,49.232
1780037513.0870707,49.232
1780037513.0930395,49.232
1780037513.0990815,49.231
1780037513.1051455,49.232
1780037513.1109746,49.231
1780037513.1170204,49.231
1780037513.123078,49.231
1780037513.1290557,49.231
1780037513.1350968,49.231
1780037513.14106,49.231
1780037513.1469166,49.231
1780037513.1530094,49.231
1780037513.1588957,49.232
1780037513.1645937,49.231
1780037513.1710641,49.231
1780037513.177128,49.231
1780037513.1830144,49.231
1780037513.1890664,49.231
1780037513.1948326,49.231
1780037513.201046,49.231
1780037513.2070556,49.231
1780037513.2130508,49.231
1780037513.2189443,49.231
1780037513.2249296,49.231
1780037513.2309694,49.231
1780037513.2370179,49.231
1780037513.2430205,49.231
1780037513.249051,49.231
1780037513.2550898,49.231
1780037513.2611258,49.23
1780037513.2669125,49.23
1780037513.2730358,49.23
1780037513.2791052,49.231
1780037513.2850263,49.23
1780037513.2910326,49.23
1780037513.2969434,49.23
1780037513.3030381,49.23
1780037513.3090155,49.229
1780037513.3149662,49.23
1780037513.3210835,49.23
1780037513.3270447,49.229
1780037513.3330834,49.229
1780037513.3389904,49.23
1780037513.34487,49.23
1780037513.350998,49.23
1780037513.3570366,49.23
1780037513.363029,49.23
1780037513.3689659,49.229
1780037513.3750203,49.229
1780037513.381015,49.23
1780037513.38693,49.229
1780037513.393074,49.229
1780037513.3990216,49.228
1780037513.404947,49.228
1780037513.4110765,49.228
1780037513.4168408,49.228
1780037513.423053,49.227
1780037513.429089,49.227
1780037513.4350905,49.228
1780037513.4409704,49.229
1780037513.44701,49.228
1780037513.4530218,49.229
1780037513.459055,49.229
1780037513.465127,49.228
1780037513.471078,49.228
1780037513.4769998,49.228
1780037513.4830816,49.228
1780037513.4888966,49.228
1780037513.4950566,49.228
1780037513.501007,49.228
1780037513.5070817,49.228
1780037513.5129962,49.228
1780037513.519088,49.228
1780037513.5250702,49.228
1780037513.5310287,49.228
1780037513.5370262,49.228
1780037513.543152,49.228
1780037513.5490148,49.227
1780037513.555109,49.227
1780037513.5609171,49.227
1780037513.5670261,49.227
1780037513.5730312,49.227
1780037513.5790963,49.227
1780037513.585106,49.227
1780037513.5910027,49.227
1780037513.597001,49.227
1780037513.603106,49.227
1780037513.6090364,49.227
1780037513.6150951,49.227
1780037513.6210535,49.227
1780037513.6271527,49.227
1780037513.6329958,49.226
1780037513.6391916,49.227
1780037513.6452427,49.226
1780037513.6510563,49.227
1780037513.65703,49.227
1780037513.6630726,49.227
1780037513.669058,49.227
1780037513.6749008,49.227
1780037513.6809874,49.227
1780037513.6870239,49.227
1780037513.693034,49.227
1780037513.6990921,49.227
1780037513.7051988,49.226
1780037513.7109914,49.226
1780037513.7170746,49.226
1780037513.7228267,49.226
1780037513.7293494,49.225
1780037513.7351491,49.226
1780037513.7411401,49.226
1780037513.7469666,49.226
1780037513.7530053,49.226
1780037513.7590601,49.226
1780037513.7651722,49.226
1780037513.7710729,49.225
1780037513.7771385,49.225
1780037513.7830555,49.225
1780037513.7890599,49.225
1780037513.794879,49.224
1780037513.800996,49.225
1780037513.8070273,49.225
1780037513.813017,49.225
1780037513.818999,49.226
1780037513.8251412,49.225
1780037513.831009,49.225
1780037513.8370588,49.224
1780037513.843004,49.224
1780037513.849136,49.224
1780037513.8550622,49.224
1780037513.8610747,49.224
1780037513.866885,49.224
1780037513.87311,49.224
1780037513.8790562,49.224
1780037513.8851562,49.223
1780037513.8911517,49.223
1780037513.896965,49.224
1780037513.9030018,49.223
1780037513.9090383,49.224
1780037513.9149604,49.223
1780037513.9210796,49.223
1780037513.9270394,49.223
1780037513.9330697,49.223
1780037513.9389827,49.223
1780037513.9450314,49.223
1780037513.9510012,49.223
1780037513.9570973,49.223
1780037513.963067,49.223
1780037513.9689882,49.223
1780037513.9750798,49.223
1780037513.9809346,49.223
1780037513.9869716,49.223
1780037513.9930992,49.223
1780037513.9990602,49.223
1780037514.0050936,49.224
1780037514.0111268,49.224
1780037514.016972,49.223
1780037514.0230205,49.223
1780037514.0290065,49.223
1780037514.0351124,49.224
1780037514.041125,49.224
1780037514.0470648,49.225
1780037514.0529523,49.225
1780037514.0590208,49.225
1780037514.0650332,49.224
1780037514.0710135,49.224
1780037514.0770512,49.223
1780037514.0831318,49.223
1780037514.0890098,49.223
1780037514.0950844,49.223
1780037514.1009028,49.223
1780037514.107074,49.223
1780037514.1130729,49.223
1780037514.1190772,49.224
1780037514.1251225,49.224
1780037514.131007,49.225
1780037514.1370494,49.224
1780037514.1430626,49.224
1780037514.1489964,49.224
1780037514.1550987,49.224
1780037514.1610606,49.224
1780037514.167089,49.224
1780037514.1730378,49.224
1780037514.179096,49.224
1780037514.1849182,49.223
1780037514.1911266,49.224
1780037514.1970732,49.224
1780037514.2030933,49.224
1780037514.2090647,49.224
1780037514.2149715,49.224
1780037514.2210295,49.225
1780037514.227062,49.224
1780037514.232905,49.224
1780037514.2392135,49.224
1780037514.245051,49.225
1780037514.2510087,49.224
1780037514.257123,49.224
1780037514.262912,49.223
1780037514.2690628,49.224
1780037514.2750764,49.224
1780037514.2810814,49.224
1780037514.2870114,49.224
1780037514.2930264,49.225
1780037514.299011,49.225
1780037514.3050368,49.224
1780037514.3110528,49.224
1780037514.317092,49.225
1780037514.3230574,49.224
1780037514.32909,49.224
1780037514.3349438,49.224
1780037514.3410552,49.224
1780037514.3470447,49.223
1780037514.353041,49.224
1780037514.3590612,49.223
1780037514.3651214,49.224
1780037514.3710437,49.223
1780037514.3770225,49.223
1780037514.383021,49.223
1780037514.3891103,49.222
1780037514.3950143,49.222
1780037514.4012368,49.223
1780037514.407049,49.222
1780037514.4130788,49.222
1780037514.4188805,49.222
1780037514.4251375,49.222
1780037514.431088,49.223
1780037514.4370897,49.223
1780037514.4431086,49.223
1780037514.448965,49.223
1780037514.4550612,49.223
1780037514.4610996,49.224
1780037514.4670522,49.223
1780037514.4730618,49.223
1780037514.4789984,49.223
1780037514.48511,49.223
1780037514.4910975,49.224
1780037514.496927,49.224
1780037514.5030448,49.224
1780037514.5092583,49.224
1780037514.5152345,49.224
1780037514.5210693,49.224
1780037514.527099,49.223
1780037514.532934,49.224
1780037514.5390005,49.224
1780037514.544913,49.224
1780037514.5505939,49.223
1780037514.55657,49.224
1780037514.5622811,49.223
1780037514.5682607,49.223
1780037514.5740943,49.223
1780037514.5800645,49.224
1780037514.5858784,49.224
1780037514.591874,49.224
1780037514.5979013,49.224
1780037514.6039114,49.224
1780037514.6099684,49.224
1780037514.6157084,49.224
1780037514.6218042,49.224
1780037514.6279373,49.224
1780037514.6338267,49.224
1780037514.6399677,49.224
1780037514.645796,49.225
1780037514.6518836,49.224
1780037514.6577206,49.224
1780037514.663903,49.224
1780037514.669926,49.224
1780037514.675877,49.224
1780037514.6818788,49.224
1780037514.6878228,49.225
1780037514.6938727,49.225
1780037514.6996906,49.225
1780037514.7058036,49.226
1780037514.7118227,49.226
1780037514.7178028,49.226
1780037514.7239668,49.226
1780037514.7300646,49.225
1780037514.735856,49.225
1780037514.7418559,49.226
1780037514.7476718,49.225
1780037514.7539334,49.225
1780037514.759789,49.226
1780037514.7658901,49.226
1780037514.7717865,49.226
1780037514.7778206,49.226
1780037514.7840185,49.227
1780037514.7901242,49.226
1780037514.7960436,49.226
1780037514.8019187,49.227
1780037514.807773,49.226
1780037514.8138983,49.226
1780037514.819832,49.226
1780037514.8258483,49.226
1780037514.8316498,49.226
1780037514.8378894,49.227
1780037514.8438785,49.227
1780037514.8499696,49.227
1780037514.8559248,49.227
1780037514.861716,49.227
1780037514.8677852,49.227
1780037514.8738768,49.227
1780037514.8798528,49.226
1780037514.8859696,49.227
1780037514.8918085,49.227
1780037514.897933,49.227
1780037514.9038284,49.226
1780037514.9099216,49.226
1780037514.9158497,49.226
1780037514.92184,49.227
1780037514.9278967,49.227
1780037514.9338562,49.226
1780037514.939847,49.227
1780037514.9457667,49.227
1780037514.9517756,49.227
1780037514.9579144,49.227
1780037514.9638546,49.226
1780037514.969886,49.227
1780037514.9759526,49.227
1780037514.9818716,49.227
1780037514.9878914,49.227
1780037514.9937062,49.226
1780037514.99991,49.227
1780037515.0059218,49.228
1780037515.0118692,49.228
1780037515.0178401,49.228
1780037515.023866,49.227
1780037515.0298986,49.227
1780037515.0356774,49.228
1780037515.0417535,49.227
1780037515.0478432,49.227
1780037515.0538032,49.228
1780037515.059906,49.228
1780037515.0657895,49.228
1780037515.0718927,49.228
1780037515.0777314,49.227
1780037515.0838735,49.228
1780037515.0899289,49.227
1780037515.0958955,49.228
1780037515.1018724,49.228
1780037515.1078656,49.228
1780037515.1138458,49.227
1780037515.1197321,49.228
1780037515.1258037,49.228
1780037515.1318398,49.228
1780037515.1377196,49.227
1780037515.1438878,49.227
1780037515.14984,49.227
1780037515.155875,49.227
1780037515.1619663,49.227
1780037515.1677666,49.227
1780037515.1738575,49.226
1780037515.179896,49.226
1780037515.1858528,49.226
1780037515.1918736,49.227
1780037515.1978624,49.227
1780037515.2037623,49.227
1780037515.2098913,49.228
1780037515.2157974,49.228
1780037515.2218618,49.228
1780037515.2278616,49.227
1780037515.2338805,49.227
1780037515.2398512,49.227
1780037515.2459073,49.228
1780037515.2517762,49.227
1780037515.2578518,49.227
1780037515.2638502,49.228
1780037515.2698677,49.227
1780037515.2759116,49.228
1780037515.2818527,49.228
1780037515.2878664,49.228
1780037515.2938447,49.227
1780037515.2997687,49.227
1780037515.3059492,49.227
1780037515.311841,49.227
1780037515.3179407,49.227
1780037515.3237936,49.227
1780037515.3299003,49.227
1780037515.3359435,49.227
1780037515.341713,49.227
1780037515.3478491,49.227
1780037515.353834,49.227
1780037515.3599415,49.228
1780037515.3658502,49.228
1780037515.3718367,49.227
1780037515.377703,49.228
1780037515.383832,49.228
1780037515.3897326,49.228
1780037515.3960104,49.227
1780037515.4018884,49.227
1780037515.4079435,49.227
1780037515.4138916,49.226
1780037515.4199018,49.226
1780037515.4257722,49.226
1780037515.431895,49.226
1780037515.4378438,49.226
1780037515.4438646,49.227
1780037515.449911,49.227
1780037515.4558897,49.227
1780037515.4618266,49.227
1780037515.4676955,49.228
1780037515.473804,49.227
1780037515.4798613,49.227
1780037515.4858596,49.228
1780037515.491909,49.227
1780037515.497804,49.228
1780037515.5039132,49.228
1780037515.509789,49.228
1780037515.5157006,49.228
1780037515.5219193,49.228
1780037515.5279253,49.228
1780037515.5338895,49.228
1780037515.5398042,49.228
1780037515.5458546,49.228
1780037515.551699,49.228
1780037515.5577545,49.228
1780037515.5638518,49.227
1780037515.5698986,49.229
1780037515.5758896,49.228
1780037515.581914,49.228
1780037515.587798,49.227
1780037515.5939178,49.227
1780037515.5997214,49.227
1780037515.6058135,49.227
1780037515.6118665,49.227
1780037515.6178567,49.227
1780037515.6238444,49.227
1780037515.6298943,49.228
1780037515.6359057,49.228
1780037515.6421878,49.228
1780037515.64807,49.228
1780037515.6538742,49.228
1780037515.6597953,49.227
1780037515.6659236,49.227
1780037515.671812,49.228
1780037515.6778996,49.227
1780037515.683894,49.228
1780037515.6899629,49.228
1780037515.6960046,49.228
1780037515.7019122,49.228
1780037515.7078986,49.228
1780037515.7137675,49.228
1780037515.7198613,49.228
1780037515.7258778,49.229
1780037515.7317736,49.228
1780037515.7379122,49.228
1780037515.7439036,49.228
1780037515.749917,49.229
1780037515.7559462,49.228
1780037515.7617745,49.228
1780037515.7678585,49.227
1780037515.773902,49.228
1780037515.7798934,49.228
1780037515.7859125,49.228
1780037515.791903,49.228
1780037515.7977374,49.228
1780037515.8038213,49.228
1780037515.8098838,49.228
1780037515.8159556,49.228
1780037515.8218868,49.228
1780037515.8279011,49.228
1780037515.8338308,49.228
1780037515.8399105,49.228
1780037515.8458009,49.228
1780037515.8518908,49.228
1780037515.8578346,49.228
1780037515.8639135,49.228
1780037515.8699,49.228
1780037515.875988,49.228
1780037515.8819141,49.228
1780037515.8877394,49.228
1780037515.8938422,49.228
1780037515.8999057,49.227
1780037515.905801,49.228
1780037515.9119508,49.227
1780037515.9178584,49.227
1780037515.9239519,49.228
1780037515.929828,49.227
1780037515.9357908,49.228
1780037515.9418592,49.228
1780037515.9478703,49.228
1780037515.9539206,49.228
1780037515.9599283,49.228
1780037515.9658864,49.228
1780037515.971785,49.228
1780037515.9778728,49.228
1780037515.9839237,49.228
1780037515.9898167,49.227
1780037515.9959083,49.226
1780037516.0019088,49.226
1780037516.007856,49.226
1780037516.0138986,49.226
1780037516.019825,49.226
1780037516.0258913,49.226
1780037516.0316849,49.226
1780037516.0378823,49.227
1780037516.043861,49.227
1780037516.0499086,49.227
1780037516.055875,49.227
1780037516.0618007,49.227
1780037516.0678365,49.227
1780037516.073753,49.227
1780037516.0798128,49.227
1780037516.0858326,49.227
1780037516.0918067,49.227
1780037516.0978944,49.227
1780037516.1038764,49.227
1780037516.1099288,49.227
1780037516.1157997,49.226
1780037516.1217346,49.227
1780037516.1278658,49.227
1780037516.1339035,49.227
1780037516.13987,49.227
1780037516.145881,49.227
1780037516.1519241,49.227
1780037516.157771,49.227
1780037516.1638353,49.227
1780037516.1698833,49.227
1780037516.1758726,49.227
1780037516.1818984,49.227
1780037516.1879795,49.227
1780037516.1938221,49.227
1780037516.1999733,49.227
1780037516.205844,49.227
1780037516.211945,49.227
1780037516.217714,49.227
1780037516.2239504,49.227
1780037516.2299612,49.227
1780037516.2359967,49.227
1780037516.2419486,49.227
1780037516.2478144,49.227
1780037516.2538319,49.227
1780037516.259866,49.227
1780037516.2658322,49.227
1780037516.271918,49.227
1780037516.2778711,49.227
1780037516.2839868,49.226
1780037516.2898757,49.227
1780037516.2958739,49.226
1780037516.3019106,49.226
1780037516.307714,49.226
1780037516.3138697,49.226
1780037516.319914,49.226
1780037516.3258488,49.227
1780037516.3318768,49.227
1780037516.337848,49.227
1780037516.343738,49.227
1780037516.3498209,49.227
1780037516.3557484,49.227
1780037516.3613892,49.227
1780037516.3678992,49.227
1780037516.3739164,49.227
1780037516.3798335,49.227
1780037516.3859076,49.227
1780037516.391793,49.227
1780037516.3979154,49.227
1780037516.4038694,49.228
1780037516.4098787,49.227
1780037516.4159403,49.228
1780037516.4215887,49.239
1780037516.4268186,49.243
1780037516.432378,49.247
1780037516.4376304,49.252
1780037516.443216,50.001
1780037516.4484494,50.007
1780037516.4540226,50.01
1780037516.4592586,50.015
1780037516.464773,50.019
1780037516.470025,50.023
1780037516.4756148,50.027
1780037516.480845,50.033
1780037516.4864233,50.038
1780037516.4918516,50.041
1780037516.4972205,50.046
1780037516.5024724,50.05
1780037516.507978,50.055
1780037516.5132194,50.059
1780037516.518785,50.063
1780037516.5240476,50.068
1780037516.52962,50.071
1780037516.5348978,50.076
1780037516.5405464,50.081
1780037516.5458999,50.085
1780037516.5511603,50.089
1780037516.556386,50.094
1780037516.5620258,50.097
1780037516.5672488,50.102
1780037516.5728018,50.105
1780037516.5780592,50.11
1780037516.5835598,50.113
1780037516.588817,50.118
1780037516.594424,50.123
1780037516.5998669,50.125
1780037516.6051624,50.13
1780037516.610409,50.134
1780037516.6159637,50.138
1780037516.621199,50.143
1780037516.6267595,50.145
1780037516.6320143,50.151
1780037516.637569,50.153
1780037516.6428218,50.157
1780037516.6483696,50.162
1780037516.6536107,50.166
1780037516.6591647,50.169
1780037516.6643903,50.174
1780037516.6700213,50.177
1780037516.6752381,50.181
1780037516.6807694,50.185
1780037516.686026,50.189
1780037516.6915748,50.192
1780037516.696828,50.195
1780037516.702421,50.201
1780037516.7076688,50.202
1780037516.713165,50.207
1780037516.7184167,50.211
1780037516.723983,50.214
1780037516.7292182,50.219
1780037516.7348263,50.221
1780037516.7402675,50.226
1780037516.7456234,50.229
1780037516.7508705,50.233
1780037516.7563846,50.236
1780037516.7616286,50.239
1780037516.7671766,50.243
1780037516.7724075,50.248
1780037516.7780328,50.25
1780037516.7832546,50.254
1780037516.788824,51.001
1780037516.7942624,51.005
1780037516.7995663,51.008
1780037516.8048277,51.011
1780037516.8104427,51.015
1780037516.8158705,51.017
1780037516.821166,51.022
1780037516.8264117,51.025
1780037516.831971,51.028
1780037516.837194,51.032
1780037516.8428102,51.034
1780037516.8480637,51.038
1780037516.8536165,51.041
1780037516.8588676,51.045
1780037516.864376,51.048
1780037516.8696146,51.051
1780037516.8751652,51.055
1780037516.880426,51.059
1780037516.8861463,51.061
1780037516.8914998,51.064
1780037516.8967674,51.067
1780037516.9020183,51.071
1780037516.9075694,51.073
1780037516.912835,51.076
1780037516.91842,51.08
1780037516.9236596,51.082
1780037516.9292238,51.086
1780037516.9344752,51.088
1780037516.9400034,51.092
1780037516.9452338,51.095
1780037516.950779,51.097
1780037516.956032,51.101
1780037516.961571,51.103
1780037516.9667675,51.107
1780037516.9723883,51.11
1780037516.9776359,51.112
1780037516.9831824,51.116
1780037516.9884422,51.118
1780037516.9940188,51.121
1780037516.9992418,51.125
1780037517.004832,51.127
1780037517.010269,51.131
1780037517.0155773,51.133
1780037517.0208633,51.136
1780037517.026388,51.139
1780037517.0316327,51.141
1780037517.0371907,51.144
1780037517.0424414,51.147
1780037517.047969,51.15
1780037517.0532165,51.152
1780037517.0589476,51.154
1780037517.0643106,51.159
1780037517.069613,51.161
1780037517.0748467,51.164
1780037517.080389,51.167
1780037517.0856252,51.169
1780037517.0911741,51.172
1780037517.096395,51.175
1780037517.1020188,51.177
1780037517.1072397,51.179
1780037517.1128309,51.182
1780037517.1182702,51.186
1780037517.1235719,51.187
1780037517.1288204,51.19
1780037517.1343756,51.194
1780037517.1396172,51.195
1780037517.1451643,51.198
1780037517.1504085,51.201
1780037517.155971,51.203
1780037517.161198,51.205
1780037517.1668146,51.208
1780037517.172073,51.211
1780037517.177614,51.213
1780037517.1828485,51.216
1780037517.1883848,51.218
1780037517.1936429,51.221
1780037517.1992135,51.223
1780037517.204447,51.227
1780037517.209981,51.228
1780037517.2152092,51.231
1780037517.2207892,51.232
1780037517.2260506,51.235
1780037517.2316115,51.238
1780037517.236857,51.24
1780037517.2424254,51.243
1780037517.247665,51.244
1780037517.2531853,51.247
1780037517.2586637,51.239
1780037517.2651994,51.235
1780037517.2716691,51.234
1780037517.2775903,51.233
1780037517.2833142,51.231
1780037517.289409,51.23
1780037517.2955117,51.229
1780037517.3014953,51.226
1780037517.3075173,51.224
1780037517.3133178,51.222
1780037517.319556,51.22
1780037517.3254848,51.217
1780037517.3315554,51.214
1780037517.3375115,51.212
1780037517.34356,51.209
1780037517.3495102,51.206
1780037517.3555276,51.203
1780037517.361456,51.201
1780037517.3674977,51.198
1780037517.3732922,51.196
1780037517.3794892,51.193
1780037517.385493,51.19
1780037517.3915145,51.188
1780037517.3974805,51.186
1780037517.403458,51.183
1780037517.4094818,51.18
1780037517.4155796,51.177
1780037517.421488,51.175
1780037517.4275217,51.173
1780037517.433539,51.17
1780037517.4395227,51.168
1780037517.4455512,51.166
1780037517.4514456,51.164
1780037517.4574783,51.161
1780037517.4634454,51.158
1780037517.4696858,51.155
1780037517.475617,51.153
1780037517.4814546,51.15
1780037517.4875002,51.148
1780037517.493539,51.145
1780037517.4995046,51.143
1780037517.5055048,51.141
1780037517.511407,51.139
1780037517.517446,51.136
1780037517.5235713,51.135
1780037517.5295107,51.132
1780037517.535552,51.13
1780037517.5413644,51.128
1780037517.5475528,51.125
1780037517.5535243,51.123
1780037517.5594642,51.122
1780037517.5655162,51.119
1780037517.5713012,51.118
1780037517.577419,51.115
1780037517.5835524,51.113
1780037517.589497,51.111
1780037517.5955353,51.108
1780037517.6013167,51.107
1780037517.607582,51.105
1780037517.6135154,51.103
1780037517.619528,51.102
1780037517.6254928,51.099
1780037517.6315684,51.097
1780037517.6375206,51.096
1780037517.6435196,51.093
1780037517.6494973,51.091
1780037517.6555378,51.09
1780037517.6612859,51.088
1780037517.667552,51.086
1780037517.6735077,51.085
1780037517.6795173,51.083
1780037517.685521,51.08
1780037517.6914852,51.079
1780037517.6974847,51.077
1780037517.7035348,51.075
1780037517.7094638,51.073
1780037517.715537,51.072
1780037517.721295,51.07
1780037517.7275722,51.068
1780037517.7335072,51.067
1780037517.7395396,51.065
1780037517.7455256,51.063
1780037517.7515457,51.061
1780037517.7574754,51.058
1780037517.763525,51.056
1780037517.7695076,51.054
1780037517.7755105,51.052
1780037517.781551,51.05
1780037517.7875423,51.048
1780037517.7935133,51.047
1780037517.7995033,51.046
1780037517.8055224,51.044
1780037517.8114972,51.043
1780037517.8173428,51.04
1780037517.8235412,51.038
1780037517.8294916,51.036
1780037517.8355,51.034
1780037517.8415456,51.033
1780037517.8474796,51.031
1780037517.853539,51.029
1780037517.8595204,51.029
1780037517.8655188,51.027
1780037517.8715742,51.025
1780037517.8774896,51.024
1780037517.8835275,51.022
1780037517.8895082,51.02
1780037517.895506,51.019
1780037517.9016063,51.018
1780037517.9075809,51.016
1780037517.913504,51.015
1780037517.919466,51.014
1780037517.9255464,51.013
1780037517.9315193,51.012
1780037517.9374845,51.01
1780037517.943584,51.008
1780037517.9494472,51.006
1780037517.9555237,51.005
1780037517.9615457,51.003
1780037517.9674609,51.002
1780037517.9735217,51.0
1780037517.9795198,50.255
1780037517.985521,50.253
1780037517.991612,50.252
1780037517.9975202,50.251
1780037518.0035589,50.249
1780037518.0094342,50.248
1780037518.0155323,50.246
1780037518.0212975,50.244
1780037518.0275865,50.243
1780037518.0335746,50.241
1780037518.0395563,50.24
1780037518.0455272,50.238
1780037518.0515537,50.236
1780037518.0574653,50.235
1780037518.0635355,50.234
1780037518.069503,50.232
1780037518.075549,50.231
1780037518.0813422,50.229
1780037518.0875337,50.228
1780037518.093549,50.227
1780037518.0995378,50.226
1780037518.1055439,50.225
1780037518.1116483,50.224
1780037518.1175737,50.222
1780037518.123597,50.221
1780037518.1294456,50.219
1780037518.135572,50.218
1780037518.1413856,50.217
1780037518.1474576,50.215
1780037518.1535234,50.214
1780037518.1595242,50.212
1780037518.1655138,50.211
1780037518.171403,50.211
1780037518.1774225,50.209
1780037518.1835482,50.208
1780037518.1895127,50.206
1780037518.1955507,50.204
1780037518.2013826,50.203
1780037518.2075691,50.203
1780037518.2134902,50.201
1780037518.2195044,50.2
1780037518.2255676,50.199
1780037518.2314239,50.198
1780037518.23748,50.196
1780037518.2435834,50.195
1780037518.2495048,50.193
1780037518.2555523,50.192
1780037518.2614512,50.19
1780037518.2674963,50.189
1780037518.2735722,50.188
1780037518.2795563,50.187
1780037518.2855194,50.186
1780037518.2914758,50.186
1780037518.29747,50.184
1780037518.3035057,50.183
1780037518.309537,50.181
1780037518.315559,50.18
1780037518.321471,50.179
1780037518.3275185,50.178
1780037518.333488,50.176
1780037518.3395066,50.176
1780037518.3455284,50.174
1780037518.351486,50.173
1780037518.3574913,50.173
1780037518.3634968,50.171
1780037518.3695035,50.169
1780037518.3756092,50.168
1780037518.3814757,50.167
1780037518.38752,50.166
1780037518.3936033,50.165
1780037518.3995867,50.163
1780037518.4055684,50.162
1780037518.4114962,50.161
1780037518.417444,50.16
1780037518.4235444,50.159
1780037518.42951,50.158
1780037518.4355495,50.157
1780037518.4415143,50.155
1780037518.447583,50.155
1780037518.453292,50.153
1780037518.4595852,50.152
1780037518.4655504,50.151
1780037518.4715598,50.151
1780037518.4775522,50.15
1780037518.4833162,50.149
1780037518.4894328,50.148
1780037518.4955904,50.146
1780037518.5014644,50.146
1780037518.507558,50.144
1780037518.5133686,50.144
1780037518.5195522,50.143
1780037518.5255682,50.142
1780037518.531589,50.141
1780037518.5375552,50.141
1780037518.5433834,50.14
1780037518.549443,50.138
1780037518.5555582,50.137
1780037518.5615356,50.135
1780037518.5676012,50.134
1780037518.5734317,50.133
1780037518.5795085,50.133
1780037518.5862741,50.132
1780037518.5922782,50.131
1780037518.5981703,50.131
1780037518.6039984,50.13
1780037518.6097991,50.128
1780037518.6156323,50.127
1780037518.62149,50.126
1780037518.6275551,50.126
1780037518.633459,50.125
1780037518.6395085,50.123
1780037518.6455722,50.122
1780037518.6515865,50.122
1780037518.6575637,50.121
1780037518.6634545,50.12
1780037518.6694965,50.12
1780037518.6755433,50.119
1780037518.6814895,50.118
1780037518.6875293,50.116
1780037518.693512,50.116
1780037518.699529,50.115
1780037518.7055597,50.114
1780037518.7115946,50.114
1780037518.717617,50.113
1780037518.7234948,50.113
1780037518.7295175,50.112
1780037518.7355037,50.112
1780037518.7415264,50.111
1780037518.7475896,50.11
1780037518.7534733,50.109
1780037518.7595859,50.109
1780037518.7653935,50.108
1780037518.771293,50.107
1780037518.7775395,50.106
1780037518.7835991,50.106
1780037518.7895753,50.105
1780037518.795375,50.104
1780037518.8014479,50.104
1780037518.8076053,50.103
1780037518.813491,50.102
1780037518.8195803,50.101
1780037518.8254678,50.101
1780037518.8313882,50.1
1780037518.8374968,50.099
1780037518.8436186,50.099
1780037518.8495977,50.098
1780037518.855423,50.098
1780037518.8614607,50.097
1780037518.8675044,50.096
1780037518.873461,50.096
1780037518.8795676,50.095
1780037518.8855288,50.094
1780037518.8914413,50.093
1780037518.8975015,50.093
1780037518.903554,50.092
1780037518.9095662,50.091
1780037518.9154499,50.091
1780037518.9215212,50.09
1780037518.927533,50.089
1780037518.9335148,50.088
1780037518.9395635,50.088
1780037518.9455206,50.087
1780037518.9514997,50.086
1780037518.9575562,50.085
1780037518.9632921,50.085
1780037518.969521,50.084
1780037518.9755166,50.083
1780037518.9815185,50.083
1780037518.9873843,50.082
1780037518.993431,50.082
1780037518.999563,50.081
1780037519.0055156,50.08
1780037519.0114799,50.08
1780037519.0175998,50.08
1780037519.0233648,50.079
1780037519.0295398,50.078
1780037519.0355685,50.078
1780037519.0415578,50.077
1780037519.047433,50.077
1780037519.0534868,50.076
1780037519.0595195,50.076
1780037519.0655332,50.076
1780037519.0715976,50.074
1780037519.0775657,50.074
1780037519.08343,50.073
1780037519.089512,50.072
1780037519.0955403,50.071
1780037519.1015286,50.071
1780037519.1075056,50.07
1780037519.1135097,50.07
1780037519.1195211,50.069
1780037519.1255352,50.068
1780037519.1315527,50.067
1780037519.1376173,50.067
1780037519.143486,50.065
1780037519.149612,50.064
1780037519.1553876,50.063
1780037519.1614814,50.063
1780037519.1675296,50.063
1780037519.1735404,50.063
1780037519.1794868,50.063
1780037519.1855278,50.062
1780037519.1915135,50.062
1780037519.1974988,50.061
1780037519.2035074,50.06
1780037519.2095368,50.059
1780037519.2155218,50.059
1780037519.22156,50.059
1780037519.2275136,50.059
1780037519.2335043,50.059
1780037519.2395754,50.059
1780037519.2455862,50.059
1780037519.2515306,50.059
1780037519.257581,50.058
1780037519.2635088,50.057
1780037519.269548,50.057
1780037519.2754815,50.056
1780037519.281559,50.056
1780037519.2874923,50.055
1780037519.2935698,50.054
1780037519.299586,50.054
1780037519.3055913,50.054
1780037519.311545,50.054
1780037519.3175333,50.053
1780037519.3234684,50.053
1780037519.3295715,50.052
1780037519.3354928,50.052
1780037519.341612,50.051
1780037519.3474128,50.051
1780037519.3534882,50.051
1780037519.3595948,50.05
1780037519.3655915,50.049
1780037519.3715618,50.049
1780037519.3774083,50.049
1780037519.3834841,50.048
1780037519.3898747,50.047
1780037519.3956969,50.046
1780037519.4015505,50.046
1780037519.4075036,50.044
1780037519.4135303,50.044
1780037519.419567,50.043
1780037519.425513,50.043
1780037519.431611,50.044
1780037519.4375322,50.043
1780037519.4435341,50.043
1780037519.449521,50.042
1780037519.4554038,50.041
1780037519.4615672,50.041
1780037519.4674664,50.041
1780037519.4735863,50.04
1780037519.4793854,50.04
1780037519.4856107,50.039
1780037519.4915833,50.039
1780037519.4975615,50.039
1780037519.5035708,50.038
1780037519.5093944,50.038
1780037519.5154614,50.038
1780037519.5215843,50.038
1780037519.5275135,50.038
1780037519.533603,50.038
1780037519.5394323,50.037
1780037519.5455606,50.037
1780037519.5515528,50.036
1780037519.557586,50.036
1780037519.56359,50.036
1780037519.569489,50.035
1780037519.5754886,50.035
1780037519.5815318,50.034
1780037519.587529,50.034
1780037519.5935793,50.033
1780037519.599469,50.033
1780037519.6054916,50.033
1780037519.6115477,50.032
1780037519.6176164,50.031
1780037519.6236014,50.031
1780037519.6295128,50.03
1780037519.6355252,50.03
1780037519.6415775,50.03
1780037519.6474767,50.029
1780037519.6535509,50.029
1780037519.6595323,50.029
1780037519.6655557,50.028
1780037519.6716542,50.028
1780037519.6773667,50.028
1780037519.6835387,50.028
1780037519.6895416,50.027
1780037519.6955664,50.027
1780037519.701418,50.027
1780037519.7074873,50.027
1780037519.7134976,50.027
1780037519.7195246,50.027
1780037519.725558,50.026
1780037519.731557,50.026
1780037519.7374313,50.025
1780037519.7434857,50.025
1780037519.7495568,50.025
1780037519.7555077,50.025
1780037519.7615228,50.025
1780037519.7675042,50.024
1780037519.773578,50.024
1780037519.7795057,50.023
1780037519.7855496,50.023
1780037519.791782,50.022
1780037519.797561,50.021
1780037519.8036003,50.021
1780037519.8094738,50.02
1780037519.8155313,50.02
1780037519.8216026,50.02
1780037519.8275478,50.02
1780037519.8334203,50.02
1780037519.8395004,50.02
1780037519.8455398,50.02
1780037519.8515806,50.019
1780037519.8575401,50.019
1780037519.8635924,50.018
1780037519.8694413,50.019
1780037519.875497,50.018
1780037519.8815618,50.018
1780037519.8875313,50.018
1780037519.8935347,50.018
1780037519.8995368,50.018
1780037519.9054608,50.018
1780037519.9110816,50.016
1780037519.9170706,50.017
1780037519.9227855,50.015
1780037519.9287663,50.014
1780037519.9345284,50.014
1780037519.94051,50.013
1780037519.9463484,50.013
1780037519.9523318,50.013
1780037519.9582958,50.013
1780037519.9643085,50.013
1780037519.9703002,50.012
1780037519.9763765,50.012
1780037519.982282,50.012
1780037519.988318,50.011
1780037519.9942656,50.011
1780037520.0003402,50.011
1780037520.0061522,50.01
1780037520.0123389,50.011
1780037520.0183234,50.01
1780037520.0243626,50.011
1780037520.0303597,50.009
1780037520.0363653,50.009
1780037520.0422459,50.009
1780037520.0483277,50.008
1780037520.0542967,50.008
1780037520.0604322,50.008
1780037520.0662274,50.007
1780037520.0722837,50.008
1780037520.0783868,50.008
1780037520.084422,50.008
1780037520.0904381,50.007
1780037520.0962381,50.007
1780037520.102273,50.006
1780037520.1084113,50.006
1780037520.1142917,50.006
1780037520.1203272,50.006
1780037520.1262841,50.006
1780037520.1323988,50.006
1780037520.1383398,50.005
1780037520.1444046,50.006
1780037520.1504502,50.005
1780037520.1562824,50.005
1780037520.1623347,50.005
1780037520.1683826,50.005
1780037520.1742804,50.005
1780037520.1804721,50.004
1780037520.1862853,50.004
1780037520.19237,50.003
1780037520.1981702,50.003
1780037520.2043405,50.003
1780037520.2104256,50.003
1780037520.216393,50.003
1780037520.2223725,50.003
1780037520.2283127,50.003
1780037520.2342484,50.002
1780037520.2403204,50.003
1780037520.2463145,50.002
1780037520.2523205,50.002
1780037520.2582424,50.002
1780037520.264312,50.002
1780037520.2702782,50.002
1780037520.2763095,50.002
1780037520.2824004,50.002
1780037520.288255,50.002
1780037520.294278,50.001
1780037520.3002853,50.002
1780037520.3062851,50.002
1780037520.3123238,50.001
1780037520.3182895,50.001
1780037520.324412,50.001
1780037520.3304806,50.001
1780037520.3363209,50.001
1780037520.3423991,50.0
1780037520.3483791,50.0
1780037520.3543146,49.255
1780037520.360213,49.255
1780037520.3662603,49.255
1780037520.3723147,49.255
1780037520.378305,49.254
1780037520.3844028,49.254
1780037520.390471,49.253
1780037520.3962138,49.252
1780037520.4022777,49.252
1780037520.408397,49.252
1780037520.4143376,49.252
1780037520.4202814,49.252
1780037520.426332,49.252
1780037520.4323041,49.252
1780037520.4382741,49.252
1780037520.444387,49.252
1780037520.4505,49.252
1780037520.456292,49.252
1780037520.4624062,49.251
1780037520.4681375,49.251
1780037520.4743795,49.251
1780037520.480406,49.251
1780037520.4863915,49.251
1780037520.4923189,49.252
1780037520.498261,49.251
1780037520.5043638,49.251
1780037520.5104907,49.25
1780037520.516298,49.249
1780037520.5224154,49.249
1780037520.5282345,49.249
1780037520.5342917,49.249
1780037520.5403535,49.249
1780037520.5463653,49.248
1780037520.5523062,49.248
1780037520.5583556,49.248
1780037520.5642395,49.249
1780037520.5704281,49.248
1780037520.576304,49.247
1780037520.58232,49.247
1780037520.5883563,49.247
1780037520.594402,49.247
1780037520.6002362,49.246
1780037520.6062896,49.247
1780037520.612326,49.247
1780037520.6183288,49.247
1780037520.624281,49.247
1780037520.630391,49.247
1780037520.6363049,49.246
1780037520.6423063,49.246
1780037520.648314,49.246
1780037520.654389,49.245
1780037520.6602874,49.245
1780037520.6663082,49.245
1780037520.6721756,49.245
1780037520.678356,49.245
1780037520.6843295,49.245
1780037520.690395,49.245
1780037520.6963599,49.245
1780037520.7023826,49.244
1780037520.7082505,49.244
1780037520.714386,49.244
1780037520.7203104,49.244
1780037520.7263117,49.244
1780037520.7322636,49.244
1780037520.7383015,49.244
1780037520.7443085,49.244
1780037520.7503977,49.244
1780037520.7564168,49.244
1780037520.7622871,49.244
1780037520.7682838,49.245
1780037520.7743814,49.244
1780037520.780299,49.244
1780037520.7864358,49.244
1780037520.7922928,49.244
1780037520.7983758,49.244
1780037520.8042734,49.244
1780037520.8103518,49.244
1780037520.8163495,49.243
1780037520.8223238,49.244
1780037520.8284009,49.244
1780037520.834247,49.243
1780037520.840257,49.244
1780037520.8462994,49.244
1780037520.8523736,49.243
1780037520.858308,49.243
1780037520.8642988,49.243
1780037520.870309,49.242
1780037520.8763404,49.242
1780037520.8822973,49.241
1780037520.8883467,49.24
1780037520.8943322,49.24
1780037520.9003344,49.24
1780037520.9062583,49.241
1780037520.9122815,49.241
1780037520.9183915,49.24
1780037520.9243183,49.24
1780037520.9304726,49.239
1780037520.9363968,49.239
1780037520.942252,49.239
1780037520.9483669,49.239
1780037520.954388,49.24
1780037520.960312,49.239
1780037520.9663,49.239
1780037520.9722807,49.24
1780037520.9783108,49.24
1780037520.9842722,49.239
1780037520.9904609,49.239
1780037520.9963827,49.239
1780037521.0022693,49.239
1780037521.008378,49.238
1780037521.014225,49.238
1780037521.020297,49.238
1780037521.026363,49.239
1780037521.0322924,49.239
1780037521.038278,49.239
1780037521.0443282,49.24
1780037521.0503795,49.24
1780037521.0563223,49.24
1780037521.0622618,49.24
1780037521.0683618,49.24
1780037521.0743456,49.239
1780037521.0804243,49.239
1780037521.086231,49.239
1780037521.0923147,49.239
1780037521.0983949,49.239
1780037521.1043549,49.24
1780037521.1104374,49.239
1780037521.1162775,49.24
1780037521.122295,49.239
1780037521.1283946,49.239
1780037521.1343195,49.239
1780037521.1404507,49.239
1780037521.146315,49.238
1780037521.1524606,49.238
1780037521.1582584,49.238
1780037521.1643548,49.238
1780037521.1703486,49.238
1780037521.1764588,49.238
1780037521.1824203,49.238
1780037521.1883016,49.238
1780037521.1942866,49.238
1780037521.200327,49.238
1780037521.2063603,49.238
1780037521.2123754,49.238
1780037521.2182953,49.238
1780037521.2243805,49.237
1780037521.2302911,49.237
1780037521.2361965,49.238
1780037521.242429,49.237
1780037521.2483685,49.238
1780037521.254385,49.237
1780037521.2602878,49.237
1780037521.2663622,49.237
1780037521.272302,49.237
1780037521.278242,49.237
1780037521.2843769,49.237
1780037521.290314,49.237
1780037521.2962947,49.236
1780037521.3024523,49.236
1780037521.3083906,49.235
1780037521.3144138,49.235
1780037521.3202825,49.235
1780037521.3263369,49.235
1780037521.332391,49.236
1780037521.3383548,49.236
1780037521.3442867,49.236
1780037521.3503015,49.236
1780037521.3562915,49.235
1780037521.3624713,49.235
1780037521.3682945,49.235
1780037521.3744001,49.234
1780037521.3802986,49.234
1780037521.3863292,49.234
1780037521.3924155,49.233
1780037521.3983698,49.233
1780037521.4044068,49.234
1780037521.4103963,49.233
1780037521.4163468,49.234
1780037521.4224067,49.234
1780037521.4283283,49.234
1780037521.4344337,49.234
1780037521.4403,49.234
1780037521.4464753,49.233
1780037521.452301,49.233
1780037521.4584234,49.233
1780037521.4643562,49.233
1780037521.4703844,49.232
1780037521.4764311,49.233
1780037521.4823108,49.233
1780037521.4884074,49.233
1780037521.4942367,49.233
1780037521.500271,49.233
1780037521.5064719,49.233
1780037521.5122979,49.233
1780037521.5184052,49.233
1780037521.524292,49.232
1780037521.5303018,49.232
1780037521.536334,49.232
1780037521.542442,49.231
1780037521.54846,49.232
1780037521.5542932,49.231
1780037521.5603554,49.231
1780037521.5663314,49.231
1780037521.5722473,49.231
1780037521.5784178,49.231
1780037521.584266,49.231
1780037521.5903983,49.23
1780037521.5964124,49.231
1780037521.6021912,49.231
1780037521.6084177,49.231
1780037521.614322,49.231
1780037521.6204164,49.232
1780037521.6262891,49.232
1780037521.632291,49.232
1780037521.6383123,49.232
1780037521.6443484,49.231
1780037521.6504097,49.23
1780037521.6563888,49.231
1780037521.6622982,49.231
1780037521.668378,49.231
1780037521.67419,49.231
1780037521.6804602,49.231
1780037521.6864462,49.231
1780037521.6924462,49.231
1780037521.6982932,49.231
1780037521.7042854,49.232
1780037521.7102554,49.232
1780037521.7158623,49.231
1780037521.7218935,49.231
1780037521.7278628,49.23
1780037521.7338727,49.231
1780037521.7397523,49.231
1780037521.7458308,49.231
1780037521.751877,49.23
1780037521.7577667,49.231
1780037521.7639408,49.231
1780037521.7698762,49.231
1780037521.7764122,49.231
1780037521.7824306,49.231
1780037521.788265,49.231
1780037521.794282,49.23
1780037521.8002994,49.23
1780037521.8063064,49.23
1780037521.812452,49.231
1780037521.8182669,49.23
1780037521.8244367,49.231
1780037521.8302534,49.231
1780037521.8362224,49.231
1780037521.8423324,49.231
1780037521.8483975,49.231
1780037521.8544226,49.232
1780037521.8602395,49.232
1780037521.8662772,49.232
1780037521.8722873,49.231
1780037521.8783367,49.231
1780037521.8844814,49.232
1780037521.890383,49.231
1780037521.896281,49.231
1780037521.9024265,49.231
1780037521.9084146,49.231
1780037521.9144208,49.23
1780037521.9202912,49.23
1780037521.9263594,49.231
1780037521.9322937,49.231
1780037521.9382918,49.231
1780037521.944399,49.231
1780037521.950478,49.232
1780037521.9565058,49.231
1780037521.9624138,49.231
1780037521.96835,49.23
1780037521.974461,49.23
1780037521.9802577,49.23
1780037521.9863398,49.23
1780037521.9923584,49.23
1780037521.9983535,49.23
1780037522.0043755,49.23
1780037522.0103848,49.23
1780037522.0164335,49.229
1780037522.0223258,49.229
1780037522.0282583,49.229
1780037522.0344136,49.229
1780037522.0402863,49.229
1780037522.0464973,49.229
1780037522.052291,49.229
1780037522.058394,49.229
1780037522.0644398,49.23
1780037522.070465,49.229
1780037522.0764966,49.229
1780037522.0823085,49.229
1780037522.0883403,49.229
1780037522.094223,49.229
1780037522.1003141,49.229
1780037522.1063035,49.229
1780037522.1122956,49.229
1780037522.118517,49.229
1780037522.1242952,49.229
1780037522.1304522,49.229
1780037522.1365092,49.229
1780037522.1423826,49.229
1780037522.148364,49.229
1780037522.1544452,49.229
1780037522.1604059,49.229
1780037522.1662767,49.229
1780037522.1722887,49.23
1780037522.1783407,49.23
1780037522.1842809,49.231
1780037522.190424,49.23
1780037522.1964998,49.23
1780037522.202367,49.23
1780037522.2084017,49.23
1780037522.2142391,49.229
1780037522.2203393,49.229
1780037522.2263174,49.228
1780037522.2324219,49.229
1780037522.2382967,49.228
1780037522.244386,49.229
1780037522.2502856,49.229
1780037522.2563899,49.228
1780037522.2622688,49.229
1780037522.2684724,49.229
1780037522.274303,49.229
1780037522.2805037,49.228
1780037522.2862906,49.229
1780037522.2923794,49.229
1780037522.298379,49.228
1780037522.304322,49.229
1780037522.3103027,49.229
1780037522.3164685,49.229
1780037522.3224833,49.229
1780037522.328272,49.23
1780037522.334298,49.229
1780037522.3403573,49.229
1780037522.346255,49.229
1780037522.3524678,49.229
1780037522.358295,49.23
1780037522.3644407,49.229
1780037522.3702743,49.23
1780037522.3763103,49.23
1780037522.3823373,49.23
1780037522.3882768,49.23
1780037522.3944402,49.23
1780037522.4002967,49.23
1780037522.4063566,49.23
1780037522.4124367,49.23
1780037522.4182954,49.23
1780037522.4243476,49.231
1780037522.430434,49.23
1780037522.4364662,49.229
1780037522.4424539,49.23
1780037522.4483001,49.229
1780037522.4543703,49.229
1780037522.4604013,49.228
1780037522.4663906,49.228
1780037522.4724133,49.229
1780037522.4783692,49.229
1780037522.4842856,49.229
1780037522.4902852,49.229
1780037522.4963489,49.228
1780037522.5024958,49.228
1780037522.508299,49.228
1780037522.51446,49.229
1780037522.5203025,49.228
1780037522.526464,49.228
1780037522.5322373,49.228
1780037522.538465,49.229
1780037522.5444064,49.229
1780037522.55041,49.229
1780037522.5563748,49.229
1780037522.56233,49.229
1780037522.568381,49.23
1780037522.5744324,49.229
1780037522.5803654,49.229
1780037522.5864506,49.229
1780037522.592347,49.229
1780037522.5983765,49.229
1780037522.6043656,49.229
1780037522.6103895,49.229
1780037522.6162553,49.229
1780037522.6221602,49.229
1780037522.628384,49.228
1780037522.634404,49.228
1780037522.6403325,49.229
1780037522.6462793,49.228
1780037522.6523592,49.229
1780037522.6584344,49.229
1780037522.664326,49.229
1780037522.6704702,49.229
1780037522.676381,49.229
1780037522.6823874,49.228
1780037522.688402,49.228
1780037522.6942418,49.228
1780037522.7004662,49.228
1780037522.706369,49.228
1780037522.7124083,49.228
1780037522.718305,49.228
1780037522.7243745,49.229
1780037522.730409,49.229
1780037522.7363095,49.229
1780037522.7423475,49.229
1780037522.748454,49.229
1780037522.7543042,49.229
1780037522.760435,49.228
1780037522.7662969,49.228
1780037522.7724092,49.228
1780037522.7781887,49.228
1780037522.784388,49.228
1780037522.790403,49.228
1780037522.796461,49.227
1780037522.8024142,49.228
1780037522.8082721,49.228
1780037522.814345,49.227
1780037522.8204637,49.227
1780037522.826321,49.227
1780037522.832398,49.227
1780037522.8383677,49.227
1780037522.8444314,49.227
1780037522.8502429,49.228
1780037522.8564394,49.227
1780037522.862482,49.228
1780037522.8683157,49.228
1780037522.874354,49.228
1780037522.8803086,49.229
1780037522.8863266,49.229
1780037522.8924148,49.229
1780037522.8983002,49.229
1780037522.9043882,49.229
1780037522.9102945,49.228
1780037522.9164114,49.228
1780037522.9224372,49.229
1780037522.9283013,49.228
1780037522.9344256,49.229
1780037522.9403584,49.228
1780037522.9463947,49.228
1780037522.9524024,49.229
1780037522.9584236,49.229
1780037522.9642556,49.229
1780037522.9703443,49.229
1780037522.9762406,49.228
1780037522.9819229,49.228
1780037522.9882727,49.228
1780037522.9944618,49.227
1780037523.000363,49.226
1780037523.0064764,49.226
1780037523.0122948,49.227
1780037523.0184228,49.226
1780037523.0243907,49.227
1780037523.0303724,49.227
1780037523.03642,49.227
1780037523.0424073,49.227
1780037523.048373,49.228
1780037523.0542738,49.228
1780037523.0603352,49.227
1780037523.0664349,49.228
1780037523.0723524,49.227
1780037523.0785155,49.227
1780037523.0843546,49.227
1780037523.090482,49.227
1780037523.0963063,49.228
1780037523.1022382,49.227
1780037523.108345,49.228
1780037523.1144388,49.228
1780037523.1204221,49.228
1780037523.1263058,49.228
1780037523.1323829,49.228
1780037523.138429,49.228
1780037523.144275,49.229
1780037523.1504738,49.228
1780037523.1563935,49.228
1780037523.1624134,49.228
1780037523.1684685,49.229
1780037523.174348,49.228
1780037523.1804926,49.227
1780037523.1861968,49.227
1780037523.1924047,49.227
1780037523.198469,49.227
1780037523.2044826,49.227
1780037523.2102985,49.228
1780037523.2163136,49.228
1780037523.2223668,49.227
1780037523.2287338,49.227
1780037523.2345898,49.227
1780037523.2404923,49.226
1780037523.2462971,49.226
1780037523.2524476,49.226
1780037523.2582996,49.226
1780037523.2644274,49.226
1780037523.270433,49.226
1780037523.2764924,49.226
1780037523.2825482,49.226
1780037523.2883751,49.226
1780037523.2944436,49.227
1780037523.3002923,49.227
1780037523.3063674,49.226
1780037523.3123894,49.226
1780037523.3182783,49.226
1780037523.3245268,49.226
1780037523.3303766,49.226
1780037523.336502,49.226
1780037523.342587,49.226
1780037523.348334,49.225
1780037523.354454,49.226
1780037523.360193,49.226
1780037523.3664472,49.226
1780037523.372469,49.226
1780037523.3784485,49.227
1780037523.3842998,49.227
1780037523.3904085,49.227
1780037523.3962948,49.227
1780037523.4024222,49.227
1780037523.408327,49.227
1780037523.41446,49.227
1780037523.4202886,49.226
1780037523.4265137,49.226
1780037523.4322808,49.226
1780037523.438447,49.226
1780037523.444213,49.226
1780037523.450405,49.226
1780037523.4564798,49.226
1780037523.4625647,49.226
1780037523.4684865,49.226
1780037523.4742732,49.226
1780037523.480398,49.227
1780037523.48644,49.227
1780037523.492305,49.227
1780037523.4985096,49.227
1780037523.5043836,49.227
1780037523.5104368,49.227
1780037523.5163863,49.227
1780037523.5223882,49.227
1780037523.5284274,49.227
1780037523.5342152,49.227
1780037523.540398,49.227
1780037523.5464714,49.227
1780037523.5524116,49.227
1780037523.5583098,49.227
1780037523.564362,49.227
1780037523.5703087,49.227
1780037523.576316,49.228
1780037523.5824869,49.227
1780037523.588484,49.227
1780037523.5942953,49.227
1780037523.6004837,49.227
1780037523.6063435,49.227
1780037523.6123948,49.227
1780037523.6181996,49.227
1780037523.6243823,49.227
1780037523.6304767,49.227
1780037523.6364794,49.227
1780037523.6424608,49.227
1780037523.6482675,49.227
1780037523.654376,49.228
1780037523.6603518,49.227
1780037523.6662703,49.226
1780037523.672507,49.226
1780037523.678301,49.226
1780037523.6844923,49.226
1780037523.6903214,49.226
1780037523.6963913,49.226
1780037523.7023869,49.225
1780037523.7084692,49.226
1780037523.7144628,49.226
1780037523.7204418,49.226
1780037523.7264132,49.227
1780037523.7322905,49.226
1780037523.738361,49.227
1780037523.7443857,49.226
1780037523.7502706,49.226
1780037523.7564685,49.227
1780037523.7623234,49.227
1780037523.7683878,49.226
1780037523.7744577,49.226
1780037523.780309,49.226
1780037523.7863889,49.226
1780037523.7924201,49.227
1780037523.7983835,49.227
1780037523.8044496,49.228
1780037523.810456,49.228
1780037523.8162787,49.228
1780037523.8223712,49.228
1780037523.828319,49.228
1780037523.8344107,49.227
1780037523.840428,49.227
1780037523.8464189,49.227
1780037523.8524275,49.227
1780037523.8584502,49.227
1780037523.8643043,49.227
1780037523.8704143,49.227
1780037523.8764155,49.227
1780037523.8824193,49.227
1780037523.8884668,49.228
1780037523.8944128,49.228
1780037523.9004264,49.228
1780037523.9062955,49.227
1780037523.912377,49.228
1780037523.918391,49.228
1780037523.9243357,49.228
1780037523.9304714,49.228
1780037523.936336,49.227
1780037523.9424422,49.227
1780037523.9484143,49.227
1780037523.9543083,49.227
1780037523.9604065,49.226
1780037523.9661922,49.226
1780037523.972456,49.226
1780037523.9784718,49.227
1780037523.9844224,49.227
1780037523.990282,49.227
1780037523.9963667,49.228
1780037524.0022726,49.228
1780037524.007927,49.228
1780037524.0143876,49.227
1780037524.0204506,49.227
1780037524.0263808,49.227
1780037524.0324934,49.227
1780037524.038356,49.227
1780037524.0444393,49.228
1780037524.0502036,49.228
1780037524.0564086,49.229
1780037524.0624995,49.229
1780037524.0684004,49.228
1780037524.0744538,49.229
1780037524.080276,49.228
1780037524.0863671,49.229
1780037524.0924044,49.228
1780037524.0983808,49.228
1780037524.1044414,49.229
1780037524.1104112,49.228
1780037524.1165218,49.228
1780037524.122316,49.228
1780037524.1282656,49.228
1780037524.1344247,49.227
1780037524.1402571,49.227
1780037524.1464667,49.227
1780037524.1524065,49.227
1780037524.1584718,49.228
1780037524.1643243,49.228
1780037524.1703618,49.229
1780037524.176309,49.229
1780037524.1823192,49.229
1780037524.1884742,49.229
1780037524.19453,49.229
1780037524.2003708,49.229
1780037524.2065158,49.229
1780037524.2122858,49.229
1780037524.2184258,49.229
1780037524.2246058,49.229
1780037524.2306507,49.229
1780037524.2364767,49.23
1780037524.2425227,49.23
1780037524.2485626,49.23
1780037524.2542837,49.229
1780037524.2603364,49.229
1780037524.2663887,49.228
1780037524.2722862,49.228
1780037524.278482,49.228
1780037524.284302,49.228
1780037524.2904906,49.227
1780037524.2963154,49.228
1780037524.3024645,49.228
1780037524.3085008,49.228
1780037524.3141897,49.228
1780037524.3204257,49.228
1780037524.326391,49.228
1780037524.332414,49.228
1780037524.338331,49.228
1780037524.3444195,49.229
1780037524.350471,49.229
1780037524.3563497,49.229
1780037524.3624418,49.229
1780037524.3685427,49.228
1780037524.3744192,49.229
1780037524.3805559,49.228
1780037524.3864324,49.228
1780037524.3924217,49.228
1780037524.3982718,49.228
1780037524.4043832,49.228
1780037524.41046,49.229
1780037524.416435,49.23
1780037524.42242,49.23
1780037524.4284947,49.229
1780037524.4344676,49.229
1780037524.4402637,49.229
1780037524.4463484,49.229
1780037524.4524524,49.229
1780037524.45833,49.229
1780037524.4644747,49.229
1780037524.4703064,49.229
1780037524.476506,49.229
1780037524.4823966,49.228
1780037524.4884548,49.228
1780037524.4944096,49.228
1780037524.5004482,49.228
1780037524.5064456,49.228
1780037524.5124605,49.227
1780037524.518444,49.227
1780037524.5243003,49.227
1780037524.530354,49.227
1780037524.536409,49.227
1780037524.5423293,49.227
1780037524.5484517,49.227
1780037524.554457,49.227
1780037524.5603077,49.227
1780037524.5664756,49.228
1780037524.5723622,49.227
1780037524.5784311,49.227
1780037524.5844667,49.228
1780037524.590409,49.228
1780037524.5964286,49.229
1780037524.6024837,49.229
1780037524.6084476,49.229
1780037524.6143224,49.229
1780037524.620382,49.229
1780037524.6264813,49.229
1780037524.6323817,49.228
1780037524.6384773,49.228
1780037524.644323,49.228
1780037524.650483,49.228
1780037524.6563132,49.228
1780037524.662473,49.228
1780037524.668303,49.228
1780037524.6742685,49.228
1780037524.680508,49.228
1780037524.6864128,49.228
1780037524.69238,49.228
1780037524.6983843,49.228
1780037524.704458,49.228
1780037524.710276,49.228
1780037524.7163541,49.228
1780037524.7224684,49.228
1780037524.7283273,49.229
1780037524.7344246,49.229
1780037524.7404525,49.229
1780037524.746444,49.229
1780037524.7524827,49.229
1780037524.7583058,49.229
1780037524.764433,49.228
1780037524.7703652,49.229
1780037524.7764513,49.229
1780037524.782452,49.229
1780037524.7884724,49.229
1780037524.7944334,49.229
1780037524.8002925,49.229
1780037524.8064282,49.229
1780037524.8123882,49.229
1780037524.8183436,49.228
1780037524.8244593,49.228
1780037524.8303711,49.228
1780037524.8364587,49.228
1780037524.842395,49.228
1780037524.8484006,49.228
1780037524.8544605,49.227
1780037524.86023,49.228
1780037524.866466,49.227
1780037524.8724878,49.227
1780037524.8784726,49.227
1780037524.8844125,49.227
1780037524.89045,49.227
1780037524.896283,49.227
1780037524.9023407,49.227
1780037524.908306,49.227
1780037524.9137223,49.239
1780037524.9189715,49.24
1780037524.924405,49.245
1780037524.9296978,49.249
1780037524.934929,49.255
1780037524.9404988,50.003
1780037524.9457626,50.007
1780037524.951344,50.01
1780037524.956586,50.017
1780037524.9621456,50.021
1780037524.9673884,50.026
1780037524.9728906,50.03
1780037524.9781477,50.036
1780037524.9837012,50.038
1780037524.9889526,50.044
1780037524.9945364,50.048
1780037524.999789,50.053
1780037525.0053244,50.056
1780037525.0105712,50.061
1780037525.0161371,50.066
1780037525.0213795,50.07
1780037525.0268936,50.074
1780037525.0321457,50.079
1780037525.0377436,50.082
1780037525.0429773,50.087
1780037525.0485396,50.091
1780037525.0537891,50.095
1780037525.0593216,50.099
1780037525.0645711,50.103
1780037525.0701442,50.108
1780037525.0753856,50.112
1780037525.0809002,50.116
1780037525.0861516,50.121
1780037525.0917418,50.123
1780037525.0969748,50.128
1780037525.1025078,50.132
1780037525.1077547,50.136
1780037525.1133044,50.14
1780037525.118592,50.144
1780037525.124148,50.148
1780037525.129379,50.152
1780037525.1349087,50.156
1780037525.1401644,50.16
1780037525.1457117,50.163
1780037525.1509433,50.168
1780037525.156515,50.171
1780037525.1617644,50.175
1780037525.167351,50.179
1780037525.172595,50.183
1780037525.1780987,50.186
1780037525.1833332,50.19
1780037525.1889045,50.194
1780037525.1941507,50.198
1780037525.1997504,50.201
1780037525.2049837,50.205
1780037525.2104988,50.208
1780037525.215743,50.212
1780037525.2212925,50.216
1780037525.2265294,50.22
1780037525.2321484,50.224
1780037525.2373831,50.227
1780037525.24294,50.23
1780037525.2481892,50.235
1780037525.2536845,50.237
1780037525.2589135,50.241
1780037525.2644925,50.246
1780037525.2697418,50.248
1780037525.2753003,50.251
1780037525.2805486,50.255
1780037525.286099,51.003
1780037525.2913196,51.006
1780037525.2969034,51.008
1780037525.3021452,51.014
1780037525.3077474,51.015
1780037525.3129961,51.02
1780037525.3185143,51.023
1780037525.3237658,51.026
1780037525.3293457,51.03
1780037525.334575,51.034
1780037525.340146,51.036
1780037525.3453662,51.04
1780037525.35091,51.043
1780037525.3561802,51.045
1780037525.3618665,51.047
1780037525.3672285,51.053
1780037525.3725076,51.056
1780037525.3777647,51.059
1780037525.3833501,51.062
1780037525.3888066,51.065
1780037525.3941085,51.069
1780037525.3993511,51.072
1780037525.404924,51.073
1780037525.4101753,51.078
1780037525.4157653,51.08
1780037525.4210024,51.084
1780037525.4265018,51.087
1780037525.431755,51.09
1780037525.437313,51.093
1780037525.4425516,51.097
1780037525.448169,51.099
1780037525.4533882,51.102
1780037525.4589531,51.105
1780037525.46421,51.108
1780037525.46975,51.111
1780037525.4749827,51.114
1780037525.4804945,51.118
1780037525.4857466,51.12
1780037525.4913583,51.123
1780037525.4966097,51.126
1780037525.5020952,51.129
1780037525.5073283,51.132
1780037525.5129116,51.133
1780037525.5181584,51.138
1780037525.5237463,51.139
1780037525.529007,51.143
1780037525.5345032,51.145
1780037525.539748,51.148
1780037525.5453005,51.151
1780037525.5505283,51.155
1780037525.5561483,51.157
1780037525.5613878,51.16
1780037525.5669053,51.162
1780037525.57216,51.165
1780037525.5777051,51.167
1780037525.5829551,51.171
1780037525.5885646,51.174
1780037525.5939963,51.175
1780037525.5992978,51.178
1780037525.6045458,51.181
1780037525.610118,51.184
1780037525.6153457,51.186
1780037525.620915,51.188
1780037525.6261628,51.192
1780037525.6317508,51.194
1780037525.636986,51.197
1780037525.642517,51.199
1780037525.6477602,51.201
1780037525.6533177,51.204
1780037525.6585462,51.207
1780037525.6641712,51.209
1780037525.6693897,51.212
1780037525.6749148,51.214
1780037525.6801677,51.217
1780037525.6857195,51.219
1780037525.6910663,51.222
1780037525.696577,51.225
1780037525.7020001,51.226
1780037525.7073615,51.229
1780037525.7126129,51.232
1780037525.718109,51.234
1780037525.7233403,51.237
1780037525.7289586,51.238
1780037525.7342074,51.241
1780037525.739747,51.243
1780037525.7449796,51.246
1780037525.7510145,51.238
1780037525.757305,51.233
1780037525.763198,51.235
1780037525.769012,51.233
1780037525.7748823,51.232
1780037525.7808468,51.231
1780037525.7867649,51.229
1780037525.7928076,51.227
1780037525.7985911,51.224
1780037525.8048987,51.221
1780037525.8108525,51.219
1780037525.8170114,51.217
1780037525.822899,51.215
1780037525.8288589,51.212
1780037525.8348143,51.209
1780037525.8408625,51.206
1780037525.846805,51.204
1780037525.8528664,51.201
1780037525.8586023,51.199
1780037525.8648853,51.197
1780037525.8708649,51.195
1780037525.876978,51.192
1780037525.88295,51.189
1780037525.888802,51.187
1780037525.8948076,51.184
1780037525.9009063,51.181
1780037525.9067662,51.179
1780037525.912849,51.177
1780037525.9185922,51.175
1780037525.9249208,51.173
1780037525.930847,51.171
1780037525.936921,51.168
1780037525.942862,51.166
1780037525.948799,51.163
1780037525.9548163,51.16
1780037525.9608557,51.157
1780037525.966814,51.155
1780037525.972862,51.153
1780037525.9788501,51.151
1780037525.984851,51.149
1780037525.9908319,51.147
1780037525.996911,51.145
1780037526.0028298,51.143
1780037526.0087774,51.14
1780037526.0148158,51.138
1780037526.020846,51.136
1780037526.02678,51.133
1780037526.032852,51.131
1780037526.0387743,51.129
1780037526.0448575,51.127
1780037526.0508063,51.126
1780037526.0568967,51.123
1780037526.062819,51.122
1780037526.068852,51.12
1780037526.0748158,51.116
1780037526.0809119,51.115
1780037526.0867674,51.113
1780037526.0928001,51.111
1780037526.0988066,51.109
1780037526.1048524,51.107
1780037526.1108332,51.105
1780037526.116903,51.102
1780037526.1228275,51.101
1780037526.1288037,51.098
1780037526.1347463,51.095
1780037526.1409297,51.093
1780037526.1468048,51.09
1780037526.1528234,51.089
1780037526.158764,51.087
1780037526.1648586,51.085
1780037526.170847,51.083
1780037526.1769423,51.081
1780037526.1828804,51.079
1780037526.1888697,51.077
1780037526.1948144,51.075
1780037526.2008832,51.073
1780037526.2068396,51.071
1780037526.2128527,51.069
1780037526.2186382,51.067
1780037526.2248652,51.065
1780037526.230848,51.064
1780037526.2369473,51.061
1780037526.242893,51.06
1780037526.2488077,51.057
1780037526.2546968,51.056
1780037526.2609115,51.055
1780037526.2668219,51.053
1780037526.2728648,51.051
1780037526.278663,51.049
1780037526.2848485,51.047
1780037526.2908587,51.046
1780037526.296933,51.044
1780037526.302897,51.043
1780037526.308856,51.041
1780037526.3147576,51.039
1780037526.3208742,51.038
1780037526.3268182,51.036
1780037526.332901,51.035
1780037526.3386865,51.033
1780037526.3448973,51.032
1780037526.3509214,51.029
1780037526.3570304,51.028
1780037526.3629334,51.026
1780037526.3688548,51.023
1780037526.3747551,51.022
1780037526.3808765,51.02
1780037526.386776,51.019
1780037526.392875,51.018
1780037526.398672,51.016
1780037526.4048467,51.015
1780037526.4108655,51.014
1780037526.4170191,51.012
1780037526.4229097,51.011
1780037526.4288177,51.009
1780037526.4347177,51.008
1780037526.4408956,51.006
1780037526.4468052,51.004
1780037526.4528742,51.003
1780037526.4586334,51.001
1780037526.4648657,51.0
1780037526.470886,50.254
1780037526.4769762,50.252
1780037526.4829373,50.251
1780037526.4888551,50.25
1780037526.4947774,50.248
1780037526.5008788,50.247
1780037526.5068212,50.245
1780037526.51287,50.243
1780037526.5187168,50.242
1780037526.5248563,50.241
1780037526.5309017,50.239
1780037526.5369856,50.238
1780037526.5429454,50.237
1780037526.5488632,50.236
1780037526.5547287,50.234
1780037526.5609372,50.232
1780037526.5668514,50.231
1780037526.5728612,50.23
1780037526.578735,50.228
1780037526.5848498,50.227
1780037526.590857,50.226
1780037526.5969605,50.224
1780037526.6029425,50.223
1780037526.608752,50.222
1780037526.6148202,50.221
1780037526.620844,50.219
1780037526.6268177,50.218
1780037526.632919,50.217
1780037526.6388083,50.215
1780037526.6448364,50.214
1780037526.650874,50.213
1780037526.6569414,50.211
1780037526.6629534,50.21
1780037526.6687672,50.21
1780037526.674787,50.208
1780037526.6808755,50.206
1780037526.686869,50.205
1780037526.6928945,50.204
1780037526.6988032,50.203
1780037526.7048628,50.202
1780037526.7107785,50.201
1780037526.7168996,50.199
1780037526.722863,50.199
1780037526.7288315,50.197
1780037526.7348487,50.197
1780037526.740886,50.195
1780037526.7468224,50.194
1780037526.7528827,50.193
1780037526.7587914,50.191
1780037526.7648954,50.19
1780037526.7707226,50.189
1780037526.7768764,50.188
1780037526.7828429,50.187
1780037526.788851,50.186
1780037526.7948673,50.185
1780037526.8008013,50.184
1780037526.806707,50.183
1780037526.812922,50.182
1780037526.8187578,50.181
1780037526.8248746,50.18
1780037526.830774,50.179
1780037526.838063,50.178
1780037526.8440478,50.176
1780037526.8500137,50.176
1780037526.8559902,50.175
1780037526.862039,50.174
1780037526.8680992,50.173
1780037526.873966,50.172
1780037526.8801453,50.171
1780037526.8860333,50.171
1780037526.892152,50.169
1780037526.8981707,50.168
1780037526.903852,50.167
1780037526.910044,50.166
1780037526.9161224,50.166
1780037526.922101,50.164
1780037526.927899,50.164
1780037526.9339504,50.163
1780037526.9400861,50.162
1780037526.9460318,50.161
1780037526.9521706,50.16
1780037526.9581976,50.159
1780037526.9638562,50.158
1780037526.9703653,50.157
1780037526.976174,50.156
1780037526.9821472,50.154
1780037526.9879146,50.154
1780037526.993974,50.153
1780037527.0001686,50.152
1780037527.0060713,50.151
1780037527.0121157,50.15
1780037527.018166,50.149
1780037527.0238957,50.147
1780037527.0300095,50.147
1780037527.0360441,50.146
1780037527.042144,50.145
1780037527.0479436,50.145
1780037527.0539973,50.144
1780037527.0600164,50.143
1780037527.0660298,50.142
1780037527.0721767,50.141
1780037527.0782168,50.139
1780037527.083922,50.139
1780037527.0900133,50.137
1780037527.0961,50.136
1780037527.1020823,50.136
1780037527.1079764,50.135
1780037527.1139746,50.134
1780037527.120038,50.133
1780037527.1260312,50.131
1780037527.132126,50.131
1780037527.1382394,50.129
1780037527.143977,50.128
1780037527.1500442,50.128
1780037527.156032,50.126
1780037527.1620796,50.125
1780037527.1680448,50.125
1780037527.174045,50.124
1780037527.1801214,50.123
1780037527.1860762,50.123
1780037527.1921053,50.122
1780037527.1981928,50.12
1780037527.2040577,50.119
1780037527.2101033,50.119
1780037527.215841,50.118
1780037527.2220888,50.117
1780037527.2281113,50.116
1780037527.23412,50.116
1780037527.239889,50.115
1780037527.2459593,50.114
1780037527.2520783,50.114
1780037527.258191,50.113
1780037527.264043,50.112
1780037527.2701223,50.111
1780037527.2759068,50.111
1780037527.2821565,50.11
1780037527.2880495,50.11
1780037527.2941124,50.109
1780037527.2999904,50.109
1780037527.3059554,50.108
1780037527.312133,50.108
1780037527.3182385,50.106
1780037527.3240733,50.106
1780037527.3300674,50.105
1780037527.3359842,50.104
1780037527.342063,50.103
1780037527.3480127,50.103
1780037527.35403,50.103
1780037527.3600862,50.102
1780037527.3660827,50.102
1780037527.372061,50.101
1780037527.378126,50.1
1780037527.3840744,50.1
1780037527.390086,50.099
1780037527.3960087,50.098
1780037527.4020948,50.097
1780037527.4078958,50.097
1780037527.4141107,50.097
1780037527.4201071,50.096
1780037527.4260635,50.095
1780037527.4319966,50.094
1780037527.4381187,50.092
1780037527.4440007,50.091
1780037527.450056,50.09
1780037527.45605,50.089
1780037527.462089,50.088
1780037527.467967,50.087
1780037527.474006,50.087
1780037527.480125,50.086
1780037527.4860747,50.085
1780037527.492024,50.085
1780037527.4981697,50.084
1780037527.5040386,50.083
1780037527.5100229,50.083
1780037527.5160728,50.082
1780037527.5221577,50.081
1780037527.528003,50.081
1780037527.5340645,50.08
1780037527.5400858,50.079
1780037527.5460958,50.08
1780037527.552107,50.079
1780037527.5581918,50.078
1780037527.564141,50.078
1780037527.5700834,50.077
1780037527.5760138,50.076
1780037527.5820837,50.075
1780037527.5880551,50.075
1780037527.5940802,50.075
1780037527.5999265,50.074
1780037527.606025,50.073
1780037527.6120567,50.073
1780037527.6181505,50.072
1780037527.6241572,50.072
1780037527.629955,50.072
1780037527.6359954,50.071
1780037527.642113,50.071
1780037527.6480505,50.07
1780037527.6541703,50.07
1780037527.659976,50.07
1780037527.666086,50.069
1780037527.6720734,50.069
1780037527.6781602,50.069
1780037527.6841416,50.068
1780037527.6899767,50.068
1780037527.6959867,50.068
1780037527.7020433,50.067
1780037527.7080553,50.067
1780037527.714116,50.066
1780037527.7200077,50.065
1780037527.7260501,50.065
1780037527.7321548,50.065
1780037527.7382634,50.064
1780037527.7442322,50.064
1780037527.7500033,50.063
1780037527.7560403,50.062
1780037527.762103,50.061
1780037527.7680411,50.06
1780037527.7741039,50.06
1780037527.7800593,50.059
1780037527.7860954,50.058
1780037527.791962,50.058
1780037527.7980928,50.057
1780037527.804112,50.056
1780037527.810074,50.057
1780037527.8161018,50.055
1780037527.8219168,50.054
1780037527.828035,50.054
1780037527.8340936,50.053
1780037527.8400605,50.053
1780037527.8460975,50.053
1780037527.851994,50.052
1780037527.8581262,50.051
1780037527.864149,50.05
1780037527.8701339,50.05
1780037527.8761208,50.05
1780037527.8819423,50.049
1780037527.8880146,50.048
1780037527.894064,50.049
1780037527.9000547,50.048
1780037527.9061587,50.048
1780037527.9120429,50.047
1780037527.9180365,50.047
1780037527.924002,50.046
1780037527.9301217,50.046
1780037527.9361372,50.046
1780037527.942014,50.046
1780037527.9480305,50.045
1780037527.9541128,50.045
1780037527.9600117,50.045
1780037527.9661,50.044
1780037527.9720323,50.044
1780037527.9780948,50.043
1780037527.9840856,50.042
1780037527.9898615,50.042
1780037527.996082,50.042
1780037528.0021317,50.041
1780037528.008115,50.041
1780037528.0139558,50.04
1780037528.0199997,50.04
1780037528.0260718,50.04
1780037528.0320866,50.039
1780037528.038155,50.039
1780037528.0441682,50.038
1780037528.0499756,50.038
1780037528.0560403,50.037
1780037528.0620315,50.037
1780037528.0680718,50.036
1780037528.0740588,50.036
1780037528.0801165,50.037
1780037528.0860965,50.036
1780037528.0920343,50.035
1780037528.0980902,50.034
1780037528.1041749,50.034
1780037528.1100745,50.033
1780037528.116079,50.033
1780037528.1220922,50.033
1780037528.128105,50.032
1780037528.1340742,50.032
1780037528.140082,50.032
1780037528.1459997,50.032
1780037528.1520166,50.032
1780037528.1580443,50.031
1780037528.164056,50.03
1780037528.1700459,50.03
1780037528.1761687,50.029
1780037528.1820426,50.029
1780037528.1880937,50.028
1780037528.1938393,50.029
1780037528.2001603,50.029
1780037528.2061317,50.028
1780037528.212133,50.028
1780037528.2181122,50.028
1780037528.223906,50.028
1780037528.2299845,50.028
1780037528.2361145,50.027
1780037528.2420874,50.026
1780037528.2481153,50.026
1780037528.2540038,50.025
1780037528.2600453,50.025
1780037528.266069,50.024
1780037528.2721033,50.024
1780037528.2781298,50.023
1780037528.2840827,50.023
1780037528.2900958,50.023
1780037528.2961235,50.022
1780037528.3020315,50.022
1780037528.3080993,50.022
1780037528.313996,50.022
1780037528.320109,50.021
1780037528.325988,50.021
1780037528.332067,50.02
1780037528.3381345,50.02
1780037528.344068,50.02
1780037528.350114,50.02
1780037528.3559923,50.019
1780037528.3620343,50.019
1780037528.3680482,50.018
1780037528.3739579,50.018
1780037528.3802605,50.018
1780037528.3860803,50.018
1780037528.392132,50.018
1780037528.397992,50.017
1780037528.403851,50.017
1780037528.4101348,50.017
1780037528.4161339,50.017
1780037528.4221098,50.016
1780037528.4279473,50.017
1780037528.434026,50.017
1780037528.4400566,50.017
1780037528.4460826,50.017
1780037528.452121,50.016
1780037528.4580643,50.017
1780037528.4639523,50.016
1780037528.4700534,50.017
1780037528.4761484,50.016
1780037528.4821348,50.015
1780037528.4880066,50.015
1780037528.4940708,50.016
1780037528.500132,50.015
1780037528.5060737,50.014
1780037528.5121806,50.015
1780037528.5180738,50.014
1780037528.5240483,50.013
1780037528.5301156,50.013
1780037528.5358455,50.012
1780037528.5421379,50.013
1780037528.5481398,50.012
1780037528.5541222,50.012
1780037528.559919,50.012
1780037528.5659962,50.012
1780037528.5721915,50.011
1780037528.5780907,50.011
1780037528.5840247,50.011
1780037528.590183,50.01
1780037528.5959818,50.009
1780037528.6021066,50.009
1780037528.6080644,50.008
1780037528.6140654,50.008
1780037528.6200602,50.008
1780037528.6260686,50.008
1780037528.6319742,50.007
1780037528.6380727,50.007
1780037528.643964,50.006
1780037528.6501312,50.005
1780037528.656044,50.005
1780037528.6621528,50.005
1780037528.6679554,50.004
1780037528.6740477,50.005
1780037528.6801872,50.005
1780037528.6862175,50.004
1780037528.69202,50.004
1780037528.6980612,50.004
1780037528.7040374,50.004
1780037528.710263,50.004
1780037528.716148,50.004
1780037528.722102,50.004
1780037528.7280889,50.003
1780037528.7341008,50.003
1780037528.7398982,50.003
1780037528.7461333,50.003
1780037528.7521546,50.003
1780037528.7581608,50.003
1780037528.7641273,50.002
1780037528.7699487,50.002
1780037528.7760315,50.001
1780037528.782063,50.001
1780037528.7880893,50.001
1780037528.7941432,50.001
1780037528.8000062,50.001
1780037528.806108,50.001
1780037528.8121104,50.0
1780037528.818112,50.0
1780037528.824111,49.255
1780037528.8301075,49.255
1780037528.8361182,49.255
1780037528.8420794,49.255
1780037528.84798,49.255
1780037528.8541386,49.255
1780037528.8600762,49.255
1780037528.8661203,49.255
1780037528.8720207,49.254
1780037528.8779783,49.254
1780037528.8840482,49.254
1780037528.8902721,49.254
1780037528.8962562,49.254
1780037528.9020615,49.254
1780037528.9080443,49.253
1780037528.9140055,49.253
1780037528.9199893,49.252
1780037528.9261246,49.252
1780037528.9320712,49.252
1780037528.9381125,49.251
1780037528.9441276,49.252
1780037528.9499273,49.251
1780037528.9561324,49.251
1780037528.9621005,49.251
1780037528.9680834,49.251
1780037528.9740334,49.251
1780037528.9801052,49.252
1780037528.986081,49.251
1780037528.992099,49.25
1780037528.9981272,49.25
1780037529.0041137,49.251
1780037529.0100741,49.25
1780037529.016124,49.25
1780037529.022064,49.25
1780037529.0281177,49.25
1780037529.0341601,49.25
1780037529.0401487,49.25
1780037529.0459497,49.25
1780037529.0520558,49.25
1780037529.0579412,49.251
1780037529.0636163,49.25
1780037529.069599,49.25
1780037529.075259,49.249
1780037529.0812798,49.249
1780037529.0870693,49.248
1780037529.0930643,49.249
1780037529.0989106,49.249
1780037529.104938,49.249
1780037529.11085,49.25
1780037529.1168954,49.25
1780037529.122909,49.249
1780037529.1288462,49.248
1780037529.134884,49.248
1780037529.1409667,49.247
1780037529.1468713,49.247
1780037529.152954,49.247
1780037529.1587243,49.247
1780037529.1649528,49.247
1780037529.170861,49.247
1780037529.1769068,49.247
1780037529.182961,49.247
1780037529.1888027,49.246
1780037529.194819,49.246
1780037529.2008653,49.246
1780037529.20684,49.245
1780037529.2129414,49.246
1780037529.2188716,49.245
1780037529.2249336,49.246
1780037529.2307353,49.245
1780037529.2369351,49.245
1780037529.2429676,49.245
1780037529.2488885,49.246
1780037529.2548454,49.246
1780037529.2607577,49.246
1780037529.2668147,49.245
1780037529.2728584,49.244
1780037529.27885,49.244
1780037529.284914,49.244
1780037529.2908754,49.244
1780037529.2969751,49.244
1780037529.3030221,49.244
1780037529.3087063,49.244
1780037529.314916,49.243
1780037529.320942,49.244
1780037529.3269436,49.244
1780037529.3327806,49.244
1780037529.3388276,49.244
1780037529.3448515,49.244
1780037529.350899,49.244
1780037529.3569176,49.244
1780037529.363007,49.243
1780037529.3688197,49.243
1780037529.3749216,49.243
1780037529.3808906,49.242
1780037529.3868651,49.242
1780037529.3929079,49.242
1780037529.3989086,49.242
1780037529.4048133,49.242
1780037529.4108024,49.241
1780037529.4169805,49.241
1780037529.4230812,49.242
1780037529.428916,49.241
1780037529.434929,49.242
1780037529.4407625,49.241
1780037529.446851,49.241
1780037529.4529185,49.242
1780037529.4588907,49.241
1780037529.4648674,49.241
1780037529.470869,49.242
1780037529.476862,49.241
1780037529.482949,49.241
1780037529.4888828,49.24
1780037529.494929,49.24
1780037529.5008264,49.24
1780037529.5069096,49.24
1780037529.5127387,49.24
1780037529.5189536,49.241
1780037529.5248346,49.241
1780037529.5308702,49.241
1780037529.5368533,49.241
1780037529.5429516,49.24
1780037529.5488627,49.241
1780037529.5548646,49.24
1780037529.5608985,49.24
1780037529.5669465,49.239
1780037529.5728877,49.239
1780037529.5789337,49.239
1780037529.5847485,49.238
1780037529.5908852,49.238
1780037529.5969188,49.239
1780037529.6031234,49.238
1780037529.6090822,49.238
1780037529.6148317,49.238
1780037529.6208687,49.238
1780037529.6268644,49.238
1780037529.6328893,49.238
1780037529.638904,49.238
1780037529.6448717,49.237
1780037529.6509712,49.237
1780037529.6568062,49.237
1780037529.662866,49.236
1780037529.6688628,49.236
1780037529.674904,49.237
1780037529.6808925,49.237
1780037529.686773,49.236
1780037529.6928291,49.237
1780037529.6989026,49.237
1780037529.7048428,49.237
1780037529.7109575,49.237
1780037529.716841,49.237
1780037529.7228827,49.237
1780037529.7288709,49.237
1780037529.734663,49.237
1780037529.7408895,49.237
1780037529.7469459,49.238
1780037529.7529395,49.238
1780037529.758779,49.238
1780037529.7648294,49.237
1780037529.770898,49.237
1780037529.7768931,49.238
1780037529.782996,49.236
1780037529.7889385,49.236
1780037529.7948394,49.235
1780037529.8008904,49.235
1780037529.8066823,49.235
1780037529.8129625,49.235
1780037529.818917,49.235
1780037529.8248765,49.236
1780037529.830806,49.236
1780037529.836873,49.236
1780037529.8429103,49.235
1780037529.8489652,49.235
1780037529.8548887,49.235
1780037529.8609822,49.235
1780037529.8668282,49.235
1780037529.8729184,49.235
1780037529.87868,49.235
1780037529.8849216,49.235
1780037529.8909338,49.235
1780037529.8969245,49.236
1780037529.9029236,49.236
1780037529.908893,49.236
1780037529.9148228,49.235
1780037529.920924,49.235
1780037529.9268825,49.234
1780037529.9329383,49.234
1780037529.9388592,49.234
1780037529.9448738,49.233
1780037529.950952,49.233
1780037529.9569294,49.233
1780037529.962947,49.233
1780037529.9689145,49.233
1780037529.9749048,49.233
1780037529.980743,49.233
1780037529.9868352,49.233
1780037529.9928463,49.232
1780037529.9988408,49.233
1780037530.004923,49.233
1780037530.0108786,49.233
1780037530.016915,49.233
1780037530.0229423,49.232
1780037530.0288901,49.232
1780037530.034941,49.232
1780037530.0409174,49.232
1780037530.0469344,49.232
1780037530.0528083,49.232
1780037530.058848,49.232
1780037530.0648737,49.232
1780037530.0708916,49.232
1780037530.076976,49.232
1780037530.082914,49.232
1780037530.0888383,49.232
1780037530.0949702,49.232
1780037530.1007264,49.232
1780037530.1068926,49.231
1780037530.112959,49.231
1780037530.1189585,49.231
1780037530.124835,49.232
1780037530.130853,49.232
1780037530.13696,49.232
1780037530.1429217,49.232
1780037530.1489065,49.231
1780037530.1549985,49.231
1780037530.1608949,49.231
1780037530.166923,49.231
1780037530.1727803,49.231
1780037530.1789074,49.231
1780037530.1849518,49.231
1780037530.190969,49.23
1780037530.1968765,49.231
1780037530.20295,49.23
1780037530.208911,49.231
1780037530.21496,49.231
1780037530.2210004,49.23
1780037530.226891,49.23
1780037530.2329087,49.23
1780037530.2389486,49.23
1780037530.2448356,49.23
1780037530.250911,49.23
1780037530.256844,49.23
1780037530.2629216,49.23
1780037530.2689302,49.23
1780037530.2749133,49.23
1780037530.2809258,49.23
1780037530.286739,49.23
1780037530.292825,49.23
1780037530.299001,49.23
1780037530.3048701,49.229
1780037530.3109744,49.23
1780037530.3168705,49.229
1780037530.3228493,49.229
1780037530.3289185,49.23
1780037530.3349247,49.23
1780037530.3409183,49.23
1780037530.346936,49.229
1780037530.352943,49.229
1780037530.3588066,49.229
1780037530.364841,49.23
1780037530.3709204,49.229
1780037530.376869,49.229
1780037530.3829443,49.23
1780037530.3889265,49.23
1780037530.3948646,49.23
1780037530.4009178,49.23
1780037530.406684,49.229
1780037530.4129982,49.229
1780037530.418965,49.23
1780037530.424948,49.229
1780037530.4308407,49.23
1780037530.436837,49.23
1780037530.4428267,49.23
1780037530.4483724,49.23
1780037530.4544291,49.23
1780037530.4601853,49.23
1780037530.4661973,49.23
1780037530.471952,49.229
1780037530.4779594,49.23
1780037530.4837623,49.23
1780037530.4897635,49.231
1780037530.4956656,49.231
1780037530.5017803,49.231
1780037530.5078526,49.231
1780037530.5137877,49.232
1780037530.519692,49.232
1780037530.5257132,49.231
1780037530.5316913,49.231
1780037530.537741,49.232
1780037530.543689,49.231
1780037530.5497086,49.231
1780037530.5555632,49.231
1780037530.5617266,49.231
1780037530.5677557,49.231
1780037530.5736966,49.231
1780037530.5797305,49.231
1780037530.5856555,49.231
1780037530.5916915,49.23
1780037530.5976334,49.231
1780037530.6036296,49.23
1780037530.6098177,49.23
1780037530.6156974,49.23
1780037530.6217647,49.23
1780037530.6278572,49.23
1780037530.633629,49.23
1780037530.6397095,49.23
1780037530.6456468,49.23
1780037530.6517394,49.23
1780037530.6577108,49.23
1780037530.6637006,49.23
1780037530.669605,49.229
1780037530.675658,49.23
1780037530.6817229,49.23
1780037530.687807,49.229
1780037530.6936996,49.23
1780037530.6997776,49.229
1780037530.7056537,49.229
1780037530.7117472,49.229
1780037530.717568,49.229
1780037530.7236867,49.229
1780037530.729718,49.229
1780037530.7356706,49.229
1780037530.7416897,49.229
1780037530.7477717,49.229
1780037530.7537055,49.229
1780037530.759719,49.228
1780037530.7656262,49.228
1780037530.7717109,49.227
1780037530.7776427,49.228
1780037530.783775,49.228
1780037530.7896273,49.227
1780037530.7956839,49.228
1780037530.8017652,49.228
1780037530.8078523,49.227
1780037530.813871,49.227
1780037530.8197687,49.227
1780037530.8257327,49.227
1780037530.8315775,49.227
1780037530.8376226,49.227
1780037530.8436716,49.227
1780037530.8496695,49.226
1780037530.855777,49.226
1780037530.8616636,49.225
1780037530.8676987,49.225
1780037530.8737257,49.225
1780037530.879592,49.225
1780037530.8856707,49.224
1780037530.8916771,49.224
1780037530.8976963,49.225
1780037530.903714,49.225
1780037530.909669,49.225
1780037530.9156516,49.225
1780037530.9216447,49.225
1780037530.9277122,49.224
1780037530.9337401,49.224
1780037530.9396846,49.224
1780037530.9457428,49.224
1780037530.951654,49.224
1780037530.9577157,49.224
1780037530.9635165,49.224
1780037530.9697142,49.224
1780037530.9756951,49.225
1780037530.9817107,49.224
1780037530.9878597,49.224
1780037530.9937608,49.224
1780037530.9996617,49.225
1780037531.005661,49.224
1780037531.0124273,49.224
1780037531.0189366,49.225
1780037531.024913,49.224
1780037531.0308542,49.224
1780037531.0368943,49.225
1780037531.0429587,49.224
1780037531.0490491,49.224
1780037531.0550215,49.224
1780037531.0609095,49.225
1780037531.0669277,49.224
1780037531.0727456,49.224
1780037531.0788617,49.224
1780037531.0848846,49.224
1780037531.0909092,49.223
1780037531.096984,49.224
1780037531.1029136,49.224
1780037531.1089065,49.224
1780037531.1149201,49.224
1780037531.1209552,49.224
1780037531.1269457,49.224
1780037531.132905,49.224
1780037531.1389189,49.224
1780037531.1448815,49.224
1780037531.150913,49.225
1780037531.1568553,49.225
1780037531.162835,49.225
1780037531.1690128,49.224
1780037531.1749415,49.224
1780037531.1809106,49.223
1780037531.1869376,49.223
1780037531.1928937,49.223
1780037531.1989214,49.224
1780037531.2049193,49.224
1780037531.210948,49.224
1780037531.2169147,49.224
1780037531.2230196,49.225
1780037531.2289133,49.225
1780037531.2348032,49.225
1780037531.2408648,49.224
1780037531.2468903,49.224
1780037531.2527893,49.224
1780037531.2589421,49.224
1780037531.2648869,49.224
1780037531.2709577,49.224
1780037531.2768166,49.225
1780037531.2829125,49.225
1780037531.2888753,49.225
1780037531.294885,49.225
1780037531.3008852,49.224
1780037531.3069139,49.225
1780037531.3128984,49.225
1780037531.3187513,49.225
1780037531.3248532,49.225
1780037531.3308935,49.225
1780037531.3368785,49.225
1780037531.3430133,49.225
1780037531.3489141,49.225
1780037531.3548715,49.225
1780037531.3609564,49.225
1780037531.3668845,49.225
1780037531.3729756,49.225
1780037531.378979,49.225
1780037531.3849478,49.225
1780037531.3908644,49.226
1780037531.396898,49.226
1780037531.4029639,49.226
1780037531.4089274,49.226
1780037531.414854,49.226
1780037531.420973,49.226
1780037531.4268596,49.225
1780037531.432989,49.225
1780037531.4388552,49.225
1780037531.4449387,49.225
1780037531.450708,49.224
1780037531.4569025,49.224
1780037531.4629648,49.225
1780037531.4690237,49.225
1780037531.4749818,49.225
1780037531.4807673,49.224
1780037531.4868495,49.224
1780037531.4928558,49.224
1780037531.4989223,49.224
1780037531.504925,49.224
1780037531.5109167,49.223
1780037531.5169373,49.223
1780037531.5228028,49.223
1780037531.5288043,49.223
1780037531.5348995,49.223
1780037531.5409,49.223
1780037531.5469158,49.223
1780037531.5528922,49.224
1780037531.558919,49.224
1780037531.5647478,49.224
1780037531.5708776,49.224
1780037531.5768974,49.223
1780037531.5829184,49.223
1780037531.588938,49.223
1780037531.5949843,49.223
1780037531.6009,49.223
1780037531.6069674,49.222
1780037531.6127672,49.222
1780037531.6188757,49.222
1780037531.6249695,49.223
1780037531.6309478,49.223
1780037531.6368682,49.223
1780037531.6428895,49.223
1780037531.6487887,49.223
1780037531.6544268,49.223
1780037531.6604447,49.223
1780037531.6664112,49.223
1780037531.6724465,49.223
1780037531.6783807,49.223
1780037531.6843424,49.223
1780037531.6904767,49.224
1780037531.696383,49.223
1780037531.702102,49.224
1780037531.7080977,49.224
1780037531.7141564,49.224
1780037531.7198858,49.224
1780037531.725782,49.224
1780037531.7317197,49.224
1780037531.737666,49.223
1780037531.7437978,49.223
1780037531.7497058,49.223
1780037531.7558346,49.223
1780037531.7616599,49.223
1780037531.767809,49.224
1780037531.7738373,49.223
1780037531.779701,49.224
1780037531.7857633,49.224
1780037531.791761,49.224
1780037531.7977448,49.224
1780037531.8036113,49.224
1780037531.8097022,49.225
1780037531.8157413,49.225
1780037531.8216727,49.225
1780037531.827807,49.226
1780037531.8339021,49.225
1780037531.8396883,49.225
1780037531.8457634,49.225
1780037531.851609,49.224
1780037531.8577404,49.224
1780037531.8637385,49.224
1780037531.8696914,49.224
1780037531.8757186,49.224
1780037531.8817334,49.225
1780037531.887626,49.225
1780037531.893756,49.225
1780037531.8996522,49.225
1780037531.9057074,49.225
1780037531.9116237,49.224
1780037531.9177597,49.224
1780037531.9236693,49.224
1780037531.929769,49.224
1780037531.9356987,49.224
1780037531.9417417,49.224
1780037531.9478014,49.223
1780037531.9538648,49.224
1780037531.9598348,49.223
1780037531.9657855,49.223
1780037531.971821,49.224
1780037531.9776237,49.224
1780037531.983707,49.224
1780037531.9897687,49.224
1780037531.9956217,49.224
1780037532.001756,49.224
1780037532.007707,49.224
1780037532.0138044,49.224
1780037532.0197344,49.224
1780037532.025672,49.223
1780037532.0317068,49.222
1780037532.0377624,49.222
1780037532.043762,49.223
1780037532.0497963,49.224
1780037532.0557475,49.224
1780037532.0616696,49.224
1780037532.0677133,49.224
1780037532.073703,49.224
1780037532.0796983,49.224
1780037532.0856152,49.224
1780037532.0918126,49.224
1780037532.0976484,49.224
1780037532.1037748,49.224
1780037532.1096683,49.223
1780037532.1157293,49.223
1780037532.121552,49.223
1780037532.1277235,49.223
1780037532.1338527,49.223
1780037532.139701,49.223
1780037532.14572,49.224
1780037532.15165,49.223
1780037532.157713,49.223
1780037532.1637607,49.223
1780037532.1696765,49.223
1780037532.1757548,49.223
1780037532.1816697,49.223
1780037532.187759,49.222
1780037532.1936991,49.222
1780037532.199674,49.222
1780037532.205737,49.222
1780037532.211794,49.222
1780037532.2177763,49.222
1780037532.223663,49.222
1780037532.2297297,49.222
1780037532.2356527,49.222
1780037532.241702,49.223
1780037532.2476032,49.223
1780037532.2537427,49.222
1780037532.2596254,49.222
1780037532.2657895,49.222
1780037532.2716563,49.222
1780037532.277757,49.222
1780037532.2837136,49.222
1780037532.2897453,49.222
1780037532.2955518,49.222
1780037532.3017232,49.222
1780037532.307777,49.222
1780037532.3137567,49.222
1780037532.319739,49.222
1780037532.3256404,49.223
1780037532.3316991,49.223
1780037532.3376615,49.223
1780037532.3435965,49.223
1780037532.3498065,49.223
1780037532.3557482,49.222
1780037532.3617518,49.223
1780037532.3676805,49.222
1780037532.3736749,49.221
1780037532.379723,49.222
1780037532.3857298,49.222
1780037532.3917146,49.221
1780037532.3977768,49.222
1780037532.403745,49.222
1780037532.4096549,49.222
1780037532.4156928,49.222
1780037532.4217172,49.222
1780037532.4276175,49.222
1780037532.4337828,49.222
1780037532.4397912,49.223
1780037532.4456975,49.223
1780037532.4517837,49.223
1780037532.4576375,49.223
1780037532.4637094,49.222
1780037532.4697597,49.223
1780037532.4757516,49.223
1780037532.4817696,49.223
1780037532.4877381,49.223
1780037532.4936252,49.224
1780037532.4995987,49.224
1780037532.5057063,49.223
1780037532.5117695,49.224
1780037532.517785,49.223
1780037532.523831,49.223
1780037532.5296814,49.223
1780037532.535806,49.223
1780037532.541635,49.224
1780037532.5477557,49.224
1780037532.5538104,49.224
1780037532.5598023,49.224
1780037532.5657578,49.225
1780037532.5717177,49.225
1780037532.577708,49.225
1780037532.5835981,49.225
1780037532.5897038,49.225
1780037532.59577,49.225
1780037532.6016486,49.225
1780037532.607768,49.225
1780037532.6137366,49.226
1780037532.619686,49.225
1780037532.6258123,49.225
1780037532.6316276,49.225
1780037532.637758,49.225
1780037532.6437452,49.225
1780037532.6497185,49.225
1780037532.655725,49.225
1780037532.6617594,49.226
1780037532.6676488,49.226
1780037532.673766,49.227
1780037532.6797447,49.226
1780037532.6857786,49.226
1780037532.6916578,49.225
1780037532.697771,49.225
1780037532.703705,49.225
1780037532.7097683,49.225
1780037532.7156444,49.225
1780037532.721743,49.224
1780037532.7277226,49.224
1780037532.734082,49.224
1780037532.7401612,49.224
1780037532.7459934,49.224
1780037532.7519863,49.224
1780037532.7578151,49.224
1780037532.7637265,49.224
1780037532.769776,49.224
1780037532.775625,49.224
1780037532.7818534,49.224
1780037532.7877219,49.224
1780037532.7937844,49.224
1780037532.7998323,49.224
1780037532.8056452,49.224
1780037532.8117194,49.224
1780037532.8177295,49.224
1780037532.8237398,49.224
1780037532.8297749,49.224
1780037532.835743,49.224
1780037532.841641,49.225
1780037532.8477008,49.224
1780037532.8537383,49.224
1780037532.8597863,49.224
1780037532.8656263,49.224
1780037532.8717651,49.224
1780037532.877728,49.224
1780037532.8837974,49.224
1780037532.889641,49.224
1780037532.8957162,49.224
1780037532.9017704,49.224
1780037532.9077752,49.224
1780037532.9137626,49.225
1780037532.9198546,49.225
1780037532.9257872,49.225
1780037532.9316204,49.225
1780037532.937714,49.225
1780037532.9437609,49.224
1780037532.9496222,49.225
1780037532.955782,49.225
1780037532.9617198,49.225
1780037532.9677923,49.225
1780037532.973714,49.225
1780037532.9796705,49.225
1780037532.985767,49.225
1780037532.991728,49.225
1780037532.9977427,49.225
1780037533.0037735,49.225
1780037533.0097668,49.224
1780037533.0156994,49.225
1780037533.021703,49.225
1780037533.0277412,49.225
1780037533.0336745,49.225
1780037533.0398273,49.225
1780037533.0457804,49.225
1780037533.0517328,49.226
1780037533.0578127,49.225
1780037533.0636628,49.225
1780037533.06979,49.225
1780037533.07564,49.226
1780037533.0817313,49.226
1780037533.0877047,49.227
1780037533.093724,49.227
1780037533.0997355,49.226
1780037533.1057537,49.227
1780037533.11175,49.226
1780037533.1176426,49.227
1780037533.123713,49.227
1780037533.129714,49.228
1780037533.1356628,49.228
1780037533.1417315,49.228
1780037533.1477146,49.228
1780037533.1538208,49.228
1780037533.1597521,49.228
1780037533.1657,49.228
1780037533.1717691,49.228
1780037533.1777935,49.228
1780037533.1837552,49.228
1780037533.1897738,49.228
1780037533.1957865,49.229
1780037533.2017124,49.229
1780037533.2077303,49.229
1780037533.2137344,49.229
1780037533.2197318,49.229
1780037533.2256703,49.229
1780037533.231859,49.229
1780037533.2377362,49.229
1780037533.243768,49.229
1780037533.249761,49.228
1780037533.2557857,49.228
1780037533.26163,49.228
1780037533.2677565,49.229
1780037533.2738314,49.229
1780037533.2798576,49.229
1780037533.2858515,49.229
1780037533.291739,49.228
1780037533.2977746,49.229
1780037533.3035839,49.228
1780037533.3096857,49.228
1780037533.3157191,49.228
1780037533.3216956,49.228
1780037533.3278182,49.229
1780037533.3337157,49.228
1780037533.3397937,49.228
1780037533.345784,49.228
1780037533.351673,49.228
1780037533.3577473,49.228
1780037533.3637862,49.228
1780037533.3697565,49.229
1780037533.3757224,49.229
1780037533.3817623,49.229
1780037533.3876922,49.229
1780037533.393729,49.229
1780037533.3996627,49.229
1780037533.4054265,49.241
1780037533.4106529,49.244
1780037533.4162285,49.248
1780037533.4214764,49.253
1780037533.4270701,50.001
1780037533.432305,50.007
1780037533.4378715,50.01
1780037533.4431117,50.015
1780037533.4486241,50.019
1780037533.453878,50.025
1780037533.45947,50.028
1780037533.4647155,50.033
1780037533.4702718,50.038
1780037533.4755116,50.042
1780037533.4810247,50.046
1780037533.4862795,50.051
1780037533.49184,50.055
1780037533.49707,50.06
1780037533.502638,50.063
1780037533.5078914,50.068
1780037533.5134811,50.072
1780037533.5187297,50.077
1780037533.5242362,50.081
1780037533.5294704,50.085
1780037533.53504,50.09
1780037533.540274,50.095
1780037533.5458937,50.097
1780037533.5511215,50.102
1780037533.5566847,50.106
1780037533.56212,50.111
1780037533.567419,50.114
1780037533.5726635,50.118
1780037533.5782878,50.123
1780037533.5835261,50.126
1780037533.5890667,50.13
1780037533.5943189,50.135
1780037533.599861,50.138
1780037533.6050887,50.143
1780037533.6106644,50.146
1780037533.615915,50.151
1780037533.6214771,50.154
1780037533.6267257,50.158
1780037533.6322298,50.162
1780037533.6374714,50.166
1780037533.6430206,50.17
1780037533.6482537,50.175
1780037533.6538675,50.176
1780037533.6590862,50.182
1780037533.6646302,50.185
1780037533.6698813,50.189
1780037533.6754224,50.193
1780037533.6806653,50.196
1780037533.6862893,50.2
1780037533.6915286,50.204
1780037533.697025,50.207
1780037533.7022724,50.211
1780037533.7078736,50.215
1780037533.713096,50.219
1780037533.7186422,50.222
1780037533.7238941,50.226
1780037533.729427,50.229
1780037533.7346644,50.233
1780037533.7402387,50.237
1780037533.7454698,50.24
1780037533.7511575,50.243
1780037533.7565744,50.248
1780037533.7618384,50.25
1780037533.767069,50.254
1780037533.77265,51.001
1780037533.7778916,51.005
1780037533.7834802,51.008
1780037533.788717,51.011
1780037533.7942932,51.015
1780037533.7995188,51.018
1780037533.8050241,51.022
1780037533.8102846,51.025
1780037533.8158476,51.028
1780037533.8210847,51.032
1780037533.826632,51.036
1780037533.8318927,51.039
1780037533.8374739,51.041
1780037533.8427167,51.044
1780037533.8482835,51.048
1780037533.853519,51.052
1780037533.859068,51.055
1780037533.8643234,51.059
1780037533.8698242,51.06
1780037533.875069,51.065
1780037533.8806894,51.067
1780037533.8859324,51.071
1780037533.8914654,51.073
1780037533.8967025,51.076
1780037533.9022655,51.08
1780037533.9074907,51.083
1780037533.9130695,51.086
1780037533.9183202,51.089
1780037533.923827,51.091
1780037533.9290583,51.096
1780037533.9346762,51.099
1780037533.93993,51.101
1780037533.9454694,51.104
1780037533.9507167,51.108
1780037533.9562376,51.11
1780037533.9614735,51.113
1780037533.9670897,51.116
1780037533.9723387,51.12
1780037533.9778297,51.121
1780037533.983063,51.125
1780037533.9886818,51.128
1780037533.993931,51.131
1780037533.9994266,51.133
1780037534.004672,51.136
1780037534.010301,51.139
1780037534.0155258,51.142
1780037534.0210803,51.144
1780037534.026335,51.148
1780037534.0318413,51.15
1780037534.037081,51.153
1780037534.042692,51.156
1780037534.0481362,51.158
1780037534.0534873,51.161
1780037534.0587313,51.164
1780037534.0642416,51.167
1780037534.0694685,51.17
1780037534.0750635,51.172
1780037534.0803185,51.176
1780037534.085948,51.177
1780037534.0913649,51.18
1780037534.0966368,51.183
1780037534.1018858,51.185
1780037534.1074839,51.188
1780037534.112718,51.19
1780037534.1182764,51.193
1780037534.1235085,51.196
1780037534.1290739,51.198
1780037534.1343243,51.201
1780037534.1398292,51.203
1780037534.1450722,51.206
1780037534.150642,51.209
1780037534.1558986,51.211
1780037534.1614218,51.213
1780037534.1666641,51.216
1780037534.1722348,51.219
1780037534.1774683,51.221
1780037534.1830382,51.222
1780037534.1882865,51.227
1780037534.193878,51.228
1780037534.199111,51.231
1780037534.2046378,51.233
1780037534.2098882,51.235
1780037534.215481,51.238
1780037534.2207189,51.241
1780037534.2262876,51.243
1780037534.2315161,51.245
1780037534.2372847,51.242
1780037534.2433538,51.237
1780037534.2492964,51.234
1780037534.2554338,51.235
1780037534.2612832,51.234
1780037534.2674026,51.232
1780037534.2731996,51.231
1780037534.2793567,51.229
1780037534.2854445,51.226
1780037534.2914727,51.224
1780037534.2972848,51.222
1780037534.303332,51.219
1780037534.3093672,51.217
1780037534.3155,51.215
1780037534.321321,51.212
1780037534.3273926,51.209
1780037534.3331416,51.207
1780037534.3394165,51.205
1780037534.3453734,51.202
1780037534.351351,51.2
1780037534.3572824,51.197
1780037534.3633952,51.194
1780037534.3694787,51.192
1780037534.3754065,51.189
1780037534.381308,51.187
1780037534.3873181,51.184
1780037534.3932843,51.182
1780037534.3993545,51.179
1780037534.405312,51.176
1780037534.4113472,51.175
1780037534.417292,51.172
1780037534.4233255,51.17
1780037534.4293542,51.167
1780037534.435399,51.165
1780037534.4412217,51.163
1780037534.4473314,51.16
1780037534.4533231,51.158
1780037534.4593663,51.157
1780037534.4652724,51.155
1780037534.4712539,51.152
1780037534.477395,51.15
1780037534.4833136,51.148
1780037534.4892695,51.145
1780037534.495372,51.143
1780037534.5013728,51.141
1780037534.50735,51.139
1780037534.5133154,51.137
1780037534.5193443,51.135
1780037534.5253031,51.133
1780037534.5313063,51.132
1780037534.5374036,51.129
1780037534.5433037,51.128
1780037534.5492415,51.125
1780037534.5553448,51.123
1780037534.5615673,51.121
1780037534.5675323,51.119
1780037534.5732822,51.116
1780037534.579343,51.115
1780037534.5853167,51.113
1780037534.5913513,51.11
1780037534.5974884,51.108
1780037534.603336,51.106
1780037534.609255,51.104
1780037534.6153245,51.102
1780037534.621303,51.1
1780037534.6274173,51.098
1780037534.6332555,51.096
1780037534.6392732,51.094
1780037534.6453934,51.092
1780037534.651319,51.09
1780037534.6574733,51.089
1780037534.663284,51.087
1780037534.6691236,51.085
1780037534.6754434,51.083
1780037534.6813126,51.081
1780037534.6873503,51.079
1780037534.693308,51.077
1780037534.6992786,51.076
1780037534.7054064,51.073
1780037534.7112958,51.072
1780037534.7173808,51.07
1780037534.7234747,51.069
1780037534.7293966,51.066
1780037534.7354085,51.065
1780037534.7412937,51.063
1780037534.7472894,51.06
1780037534.7533102,51.058
1780037534.75936,51.057
1780037534.76543,51.055
1780037534.7713196,51.053
1780037534.777382,51.05
1780037534.7834587,51.049
1780037534.7893221,51.047
1780037534.7954006,51.045
1780037534.8012826,51.043
1780037534.807297,51.041
1780037534.8133004,51.039
1780037534.8192902,51.038
1780037534.8254416,51.036
1780037534.8313065,51.034
1780037534.8373542,51.032
1780037534.843436,51.031
1780037534.849449,51.028
1780037534.8554337,51.027
1780037534.8612773,51.026
1780037534.8673034,51.024
1780037534.8734744,51.022
1780037534.8793294,51.021
1780037534.8854084,51.02
1780037534.8912737,51.018
1780037534.8973372,51.016
1780037534.9033074,51.015
1780037534.9093199,51.014
1780037534.9153247,51.013
1780037534.9213014,51.011
1780037534.927272,51.009
1780037534.9334128,51.007
1780037534.939288,51.006
1780037534.9454246,51.005
1780037534.9512007,51.003
1780037534.9573421,51.002
1780037534.963458,51.001
1780037534.969302,51.0
1780037534.975366,50.254
1780037534.981382,50.253
1780037534.9872684,50.251
1780037534.9934037,50.249
1780037534.99939,50.248
1780037535.005377,50.247
1780037535.0111995,50.245
1780037535.017395,50.243
1780037535.0234158,50.243
1780037535.029365,50.242
1780037535.0353477,50.24
1780037535.0413141,50.238
1780037535.0472374,50.237
1780037535.053397,50.235
1780037535.059398,50.234
1780037535.0653822,50.233
1780037535.0712156,50.231
1780037535.0774047,50.23
1780037535.0834627,50.229
1780037535.0894368,50.227
1780037535.09541,50.226
1780037535.101265,50.225
1780037535.1073308,50.222
1780037535.11338,50.222
1780037535.1192958,50.221
1780037535.1254249,50.219
1780037535.131259,50.217
1780037535.1374435,50.216
1780037535.1434023,50.215
1780037535.14946,50.214
1780037535.1554976,50.213
1780037535.1614037,50.212
1780037535.1672676,50.211
1780037535.1733484,50.209
1780037535.1793838,50.207
1780037535.1854014,50.206
1780037535.1912143,50.205
1780037535.1973753,50.203
1780037535.203452,50.203
1780037535.2093065,50.201
1780037535.215359,50.2
1780037535.2213373,50.199
1780037535.227268,50.198
1780037535.2334797,50.197
1780037535.2393057,50.196
1780037535.2454064,50.195
1780037535.2511487,50.194
1780037535.2574432,50.193
1780037535.2634277,50.192
1780037535.2693312,50.19
1780037535.2753706,50.189
1780037535.2813768,50.187
1780037535.2872367,50.186
1780037535.2933898,50.185
1780037535.2993882,50.183
1780037535.3054428,50.182
1780037535.3111863,50.181
1780037535.317444,50.18
1780037535.3234687,50.179
1780037535.3293874,50.177
1780037535.3353977,50.177
1780037535.3413587,50.176
1780037535.3474162,50.174
1780037535.3533995,50.172
1780037535.35939,50.172
1780037535.3654046,50.171
1780037535.3712733,50.169
1780037535.377394,50.168
1780037535.383412,50.168
1780037535.389375,50.167
1780037535.3953674,50.166
1780037535.4013534,50.165
1780037535.4074147,50.164
1780037535.4134738,50.163
1780037535.4193673,50.162
1780037535.4254065,50.161
1780037535.431215,50.16
1780037535.437401,50.159
1780037535.4434597,50.158
1780037535.4494112,50.157
1780037535.4554012,50.155
1780037535.4614096,50.155
1780037535.4672906,50.154
1780037535.4734776,50.153
1780037535.4793487,50.152
1780037535.4854689,50.151
1780037535.491292,50.15
1780037535.4973512,50.148
1780037535.5034065,50.148
1780037535.509425,50.147
1780037535.5153782,50.146
1780037535.521274,50.145
1780037535.5272934,50.144
1780037535.533336,50.142
1780037535.5393076,50.141
1780037535.545421,50.14
1780037535.5513666,50.138
1780037535.5573792,50.137
1780037535.5634067,50.137
1780037535.5693648,50.135
1780037535.5753543,50.134
1780037535.5813103,50.132
1780037535.5873427,50.132
1780037535.5933785,50.131
1780037535.5993736,50.13
1780037535.605477,50.129
1780037535.611384,50.129
1780037535.617418,50.128
1780037535.6234324,50.127
1780037535.6293724,50.126
1780037535.6353528,50.126
1780037535.641309,50.125
1780037535.6473644,50.125
1780037535.6534092,50.124
1780037535.6593792,50.123
1780037535.6654835,50.122
1780037535.6712835,50.121
1780037535.6774068,50.121
1780037535.6832654,50.121
1780037535.689146,50.119
1780037535.6954088,50.119
1780037535.7013924,50.118
1780037535.7074068,50.117
1780037535.7132444,50.116
1780037535.7192895,50.115
1780037535.725394,50.114
1780037535.7312949,50.113
1780037535.7373993,50.112
1780037535.7433076,50.111
1780037535.749195,50.11
1780037535.755448,50.109
1780037535.7613199,50.108
1780037535.7674243,50.108
1780037535.7732759,50.107
1780037535.7792923,50.107
1780037535.785378,50.106
1780037535.7913096,50.104
1780037535.7975037,50.103
1780037535.8033426,50.103
1780037535.8092656,50.101
1780037535.8153496,50.1
1780037535.8213763,50.1
1780037535.8274276,50.099
1780037535.8333044,50.098
1780037535.8393483,50.098
1780037535.8453963,50.098
1780037535.8513792,50.097
1780037535.8575113,50.096
1780037535.8633223,50.095
1780037535.8692696,50.094
1780037535.8753836,50.094
1780037535.881384,50.093
1780037535.8873718,50.093
1780037535.8933105,50.092
1780037535.8994,50.092
1780037535.9054408,50.091
1780037535.9113858,50.091
1780037535.917423,50.09
1780037535.9234092,50.09
1780037535.9292667,50.089
1780037535.9354188,50.088
1780037535.9413695,50.087
1780037535.9474292,50.087
1780037535.95331,50.087
1780037535.9594002,50.087
1780037535.9654071,50.086
1780037535.971311,50.084
1780037535.977438,50.084
1780037535.9833238,50.083
1780037535.98928,50.082
1780037535.9954524,50.082
1780037536.0012126,50.08
1780037536.007391,50.08
1780037536.0133543,50.079
1780037536.0194142,50.08
1780037536.0253017,50.078
1780037536.0312855,50.078
1780037536.0373924,50.077
1780037536.0433156,50.076
1780037536.0493095,50.075
1780037536.0554643,50.075
1780037536.0612383,50.074
1780037536.0674107,50.073
1780037536.073329,50.073
1780037536.079402,50.073
1780037536.0852907,50.072
1780037536.091297,50.072
1780037536.0973728,50.071
1780037536.1033206,50.071
1780037536.1094093,50.069
1780037536.115443,50.069
1780037536.1212933,50.068
1780037536.1273663,50.068
1780037536.1334453,50.067
1780037536.1393862,50.066
1780037536.1453083,50.066
1780037536.1513202,50.065
1780037536.1574354,50.065
1780037536.163401,50.064
1780037536.169458,50.063
1780037536.1754475,50.062
1780037536.1813414,50.061
1780037536.1873748,50.06
1780037536.1934574,50.059
1780037536.1994166,50.059
1780037536.2053783,50.06
1780037536.2113895,50.059
1780037536.2173743,50.059
1780037536.223421,50.059
1780037536.2294505,50.058
1780037536.235439,50.058
1780037536.2413976,50.057
1780037536.2473688,50.057
1780037536.2533464,50.056
1780037536.2593615,50.055
1780037536.2653818,50.055
1780037536.2713795,50.055
1780037536.277256,50.055
1780037536.2833858,50.055
1780037536.2892797,50.054
1780037536.2954924,50.054
1780037536.3013039,50.053
1780037536.3074534,50.052
1780037536.3132687,50.052
1780037536.3193645,50.051
1780037536.3253853,50.051
1780037536.3314042,50.051
1780037536.3372982,50.05
1780037536.3433304,50.05
1780037536.349361,50.05
1780037536.3554397,50.049
1780037536.3613443,50.048
1780037536.3675082,50.047
1780037536.3733478,50.046
1780037536.379442,50.046
1780037536.3852758,50.045
1780037536.39144,50.045
1780037536.3973918,50.045
1780037536.4034584,50.045
1780037536.4094553,50.044
1780037536.4153628,50.043
1780037536.421294,50.042
1780037536.4275134,50.042
1780037536.4333813,50.041
1780037536.439406,50.04
1780037536.4452186,50.04
1780037536.451418,50.04
1780037536.4574752,50.04
1780037536.4635148,50.04
1780037536.4695253,50.039
1780037536.4754314,50.039
1780037536.4812863,50.038
1780037536.4877903,50.038
1780037536.493539,50.037
1780037536.4994411,50.037
1780037536.505294,50.037
1780037536.5114818,50.037
1780037536.5174336,50.037
1780037536.5234845,50.037
1780037536.5295393,50.037
1780037536.5352936,50.037
1780037536.5413287,50.036
1780037536.5474586,50.036
1780037536.5533028,50.036
1780037536.5595138,50.036
1780037536.5652874,50.036
1780037536.5714173,50.035
1780037536.577202,50.035
1780037536.5834863,50.035
1780037536.5895364,50.035
1780037536.5953987,50.035
1780037536.601366,50.035
1780037536.6073031,50.034
1780037536.6132987,50.033
1780037536.6195986,50.033
1780037536.6254451,50.033
1780037536.6314127,50.032
1780037536.6372912,50.031
1780037536.6434972,50.031
1780037536.649512,50.031
1780037536.6553829,50.03
1780037536.6613953,50.03
1780037536.667302,50.03
1780037536.6733842,50.029
1780037536.6793945,50.029
1780037536.6853268,50.028
1780037536.6914687,50.028
1780037536.697384,50.027
1780037536.7034907,50.027
1780037536.7095468,50.026
1780037536.7153544,50.026
1780037536.7214375,50.025
1780037536.7274132,50.024
1780037536.7334113,50.025
1780037536.7392323,50.025
1780037536.7452888,50.025
1780037536.751515,50.025
1780037536.7573729,50.025
1780037536.7634907,50.024
1780037536.7695398,50.024
1780037536.7752275,50.024
1780037536.7813773,50.023
1780037536.7873762,50.023
1780037536.793458,50.023
1780037536.7992804,50.023
1780037536.8052845,50.023
1780037536.811388,50.023
1780037536.8172982,50.023
1780037536.8234472,50.024
1780037536.829556,50.023
1780037536.8353095,50.022
1780037536.8414054,50.022
1780037536.8474553,50.022
1780037536.8534274,50.022
1780037536.8593829,50.022
1780037536.8653538,50.022
1780037536.8713913,50.021
1780037536.8772593,50.02
1780037536.8834662,50.02
1780037536.8895435,50.019
1780037536.895421,50.019
1780037536.9014168,50.019
1780037536.9072251,50.018
1780037536.913469,50.017
1780037536.919415,50.018
1780037536.9253912,50.018
1780037536.9312835,50.018
1780037536.9373202,50.017
1780037536.943511,50.017
1780037536.9495842,50.016
1780037536.9554563,50.016
1780037536.961439,50.016
1780037536.9673624,50.015
1780037536.9734502,50.014
1780037536.9791858,50.014
1780037536.9854069,50.014
1780037536.9913998,50.014
1780037536.997472,50.014
1780037537.003378,50.014
1780037537.009466,50.013
1780037537.0153966,50.013
1780037537.0213835,50.012
1780037537.0272896,50.012
1780037537.0334535,50.012
1780037537.0393038,50.011
1780037537.0453525,50.011
1780037537.0514657,50.011
1780037537.0574205,50.011
1780037537.0633771,50.011
1780037537.0694363,50.011
1780037537.07537,50.011
1780037537.0813737,50.01
1780037537.0872526,50.009
1780037537.0934505,50.009
1780037537.099304,50.008
1780037537.1054544,50.008
1780037537.1112685,50.008
1780037537.117491,50.008
1780037537.123413,50.008
1780037537.1295056,50.007
1780037537.1354647,50.008
1780037537.1413233,50.008
1780037537.1473901,50.007
1780037537.153436,50.007
1780037537.1592953,50.006
1780037537.1654284,50.006
1780037537.1713607,50.006
1780037537.1774414,50.006
1780037537.1833036,50.005
1780037537.1894398,50.006
1780037537.195438,50.005
1780037537.2013998,50.006
1780037537.2073846,50.006
1780037537.2132976,50.005
1780037537.219425,50.005
1780037537.2254312,50.004
1780037537.2313037,50.004
1780037537.2374318,50.005
1780037537.243299,50.004
1780037537.2494648,50.004
1780037537.2554264,50.004
1780037537.261249,50.003
1780037537.2674847,50.004
1780037537.2734807,50.004
1780037537.279449,50.003
1780037537.2853262,50.003
1780037537.291391,50.003
1780037537.297345,50.003
1780037537.3034053,50.002
1780037537.3094413,50.002
1780037537.315481,50.002
1780037537.3213851,50.002
1780037537.327445,50.002
1780037537.333364,50.001
1780037537.3393955,50.001
1780037537.3454182,50.001
1780037537.3514364,50.001
1780037537.3572724,50.001
1780037537.3633037,50.0
1780037537.3694897,50.001
1780037537.3754346,50.0
1780037537.381419,50.0
1780037537.3874485,50.0
1780037537.3933082,50.0
1780037537.399439,50.0
1780037537.4054027,50.0
1780037537.4113848,50.0
1780037537.4173884,50.0
1780037537.4234219,49.255
1780037537.4294693,49.254
1780037537.4353817,49.254
1780037537.4412816,49.254
1780037537.447521,49.254
1780037537.4533327,49.253
1780037537.4594395,49.253
1780037537.4652658,49.253
1780037537.471478,49.252
1780037537.4773927,49.252
1780037537.4833758,49.253
1780037537.48948,49.252
1780037537.4952939,49.253
1780037537.50135,49.253
1780037537.5073836,49.253
1780037537.5134168,49.252
1780037537.519425,49.252
1780037537.5254247,49.253
1780037537.5313845,49.252
1780037537.537421,49.252
1780037537.5434284,49.251
1780037537.54947,49.252
1780037537.5554297,49.252
1780037537.5614343,49.251
1780037537.5672684,49.251
1780037537.5733478,49.251
1780037537.5793676,49.251
1780037537.5853,49.251
1780037537.591438,49.251
1780037537.5973682,49.251
1780037537.6034138,49.25
1780037537.6093323,49.25
1780037537.6154075,49.249
1780037537.6213849,49.249
1780037537.6273851,49.248
1780037537.6333976,49.248
1780037537.6393008,49.248
1780037537.6452873,49.248
1780037537.6514401,49.248
1780037537.6573915,49.248
1780037537.663449,49.247
1780037537.6693096,49.247
1780037537.675255,49.247
1780037537.6814358,49.246
1780037537.6874833,49.246
1780037537.6934497,49.246
1780037537.6993158,49.246
1780037537.7053657,49.246
1780037537.7113948,49.245
1780037537.7174163,49.245
1780037537.7234294,49.245
1780037537.7294326,49.245
1780037537.7353501,49.245
1780037537.7414837,49.245
1780037537.7472293,49.244
1780037537.7535002,49.245
1780037537.7594445,49.244
1780037537.765459,49.245
1780037537.7713058,49.245
1780037537.7774343,49.245
1780037537.783392,49.245
1780037537.7893288,49.245
1780037537.7953894,49.244
1780037537.8014467,49.244
1780037537.807374,49.244
1780037537.8134093,49.244
1780037537.8194082,49.244
1780037537.8254452,49.244
1780037537.8314652,49.244
1780037537.837437,49.244
1780037537.84327,49.244
1780037537.8493953,49.244
1780037537.8553221,49.244
1780037537.8615265,49.245
1780037537.867409,49.244
1780037537.8734508,49.244
1780037537.879354,49.243
1780037537.885448,49.243
1780037537.891413,49.243
1780037537.8974504,49.243
1780037537.9034293,49.243
1780037537.9094906,49.244
1780037537.9154463,49.243
1780037537.9212701,49.243
1780037537.9273548,49.242
1780037537.9334872,49.242
1780037537.9393206,49.242
1780037537.9454741,49.241
1780037537.9513936,49.241
1780037537.95742,49.241
1780037537.9635231,49.241
1780037537.969562,49.241
1780037537.975523,49.241
1780037537.981403,49.242
1780037537.9874117,49.241
1780037537.9933803,49.241
1780037537.9993029,49.24
1780037538.005495,49.241
1780037538.0113752,49.241
1780037538.0174487,49.241
1780037538.0232756,49.241
1780037538.0295298,49.241
1780037538.0354898,49.24
1780037538.0414498,49.241
1780037538.047421,49.241
1780037538.0533032,49.24
1780037538.0593462,49.241
1780037538.0654476,49.24
1780037538.0714247,49.24
1780037538.0774243,49.24
1780037538.083432,49.24
1780037538.0894349,49.24
1780037538.0954843,49.24
1780037538.1012313,49.24
1780037538.1074204,49.24
1780037538.1134608,49.239
1780037538.1193905,49.24
1780037538.1253016,49.24
1780037538.1313365,49.24
1780037538.137461,49.239
1780037538.1433065,49.239
1780037538.1494708,49.239
1780037538.1554575,49.239
1780037538.1614134,49.239
1780037538.1674957,49.239
1780037538.1732903,49.239
1780037538.179432,49.239
1780037538.185482,49.239
1780037538.1914954,49.239
1780037538.1973965,49.239
1780037538.2034242,49.239
1780037538.2092733,49.239
1780037538.2148979,49.239
1780037538.220932,49.238
1780037538.2269385,49.238
1780037538.2329168,49.238
1780037538.2388017,49.238
1780037538.244892,49.237
1780037538.2509658,49.237
1780037538.2568882,49.237
1780037538.2626255,49.237
1780037538.2686229,49.238
1780037538.2746785,49.237
1780037538.2803771,49.237
1780037538.286254,49.237
1780037538.2922575,49.238
1780037538.298129,49.237
1780037538.304309,49.237
1780037538.3101962,49.237
1780037538.3162818,49.236
1780037538.3220932,49.237
1780037538.328272,49.237
1780037538.3342857,49.237
1780037538.3402255,49.236
1780037538.3462026,49.236
1780037538.352154,49.236
1780037538.358176,49.236
1780037538.3642213,49.237
1780037538.37022,49.236
1780037538.3762558,49.236
1780037538.382216,49.236
1780037538.3882685,49.237
1780037538.3942916,49.236
1780037538.400078,49.237
1780037538.4066088,49.236
1780037538.412403,49.236
1780037538.4183671,49.236
1780037538.4242425,49.236
1780037538.430219,49.237
1780037538.4361205,49.237
1780037538.4421911,49.237
1780037538.448285,49.237
1780037538.4543278,49.237
1780037538.4601824,49.237
1780037538.4662695,49.236
1780037538.4720988,49.236
1780037538.478215,49.236
1780037538.4842558,49.236
1780037538.4902458,49.236
1780037538.4961817,49.236
1780037538.5021904,49.236
1780037538.508261,49.236
1780037538.514299,49.235
1780037538.520236,49.235
1780037538.526308,49.235
1780037538.53223,49.234
1780037538.5382636,49.235
1780037538.544119,49.235
1780037538.550229,49.235
1780037538.5562487,49.235
1780037538.5622208,49.234
1780037538.5681846,49.235
1780037538.5742888,49.234
1780037538.5801878,49.235
1780037538.5862255,49.234
1780037538.5922284,49.234
1780037538.5982597,49.234
1780037538.6042237,49.234
1780037538.61026,49.234
1780037538.6160302,49.234
1780037538.6222389,49.234
1780037538.6282523,49.235
1780037538.6342967,49.234
1780037538.6402502,49.235
1780037538.6460762,49.235
1780037538.6521904,49.235
1780037538.6582553,49.234
1780037538.664234,49.234
1780037538.670264,49.235
1780037538.6762035,49.234
1780037538.6822646,49.234
1780037538.6881735,49.233
1780037538.6942806,49.233
1780037538.7002451,49.233
1780037538.7062535,49.233
1780037538.7122595,49.232
1780037538.7181349,49.233
1780037538.7241907,49.233
1780037538.730275,49.233
1780037538.7362382,49.233
1780037538.742274,49.233
1780037538.74826,49.233
1780037538.7542002,49.233
1780037538.7602267,49.233
1780037538.7662668,49.233
1780037538.772255,49.233
1780037538.7782702,49.233
1780037538.7842689,49.233
1780037538.7901506,49.233
1780037538.7961829,49.233
1780037538.802303,49.233
1780037538.8082626,49.233
1780037538.8142958,49.233
1780037538.8202996,49.233
1780037538.8262258,49.233
1780037538.8322432,49.233
1780037538.8382218,49.232
1780037538.844239,49.233
1780037538.8502688,49.233
1780037538.8562515,49.233
1780037538.8621545,49.233
1780037538.8682132,49.233
1780037538.874251,49.233
1780037538.880323,49.232
1780037538.8862405,49.233
1780037538.8922584,49.233
1780037538.8982296,49.233
1780037538.904242,49.233
1780037538.9100657,49.233
1780037538.9162543,49.234
1780037538.9222739,49.234
1780037538.928253,49.233
1780037538.9342413,49.233
1780037538.9401443,49.234
1780037538.946195,49.235
1780037538.9522858,49.234
1780037538.9582403,49.234
1780037538.964257,49.233
1780037538.9702575,49.233
1780037538.976266,49.233
1780037538.9820385,49.234
1780037538.988262,49.234
1780037538.9942477,49.235
1780037539.000257,49.235
1780037539.006271,49.234
1780037539.0122156,49.234
1780037539.018175,49.235
1780037539.0242412,49.234
1780037539.0302553,49.234
1780037539.0362582,49.234
1780037539.042185,49.233
1780037539.0482638,49.233
1780037539.0541189,49.233
1780037539.0602689,49.233
1780037539.0662584,49.233
1780037539.0722735,49.233
1780037539.078242,49.233
1780037539.084134,49.233
1780037539.0902297,49.233
1780037539.0962331,49.232
1780037539.102248,49.231
1780037539.1083,49.231
1780037539.1142244,49.232
1780037539.120201,49.232
1780037539.1262584,49.232
1780037539.1322703,49.231
1780037539.1382487,49.231
1780037539.1442578,49.231
1780037539.1502626,49.231
1780037539.156131,49.231
1780037539.1622198,49.231
1780037539.1682498,49.23
1780037539.174214,49.23
1780037539.1802552,49.23
1780037539.1862824,49.231
1780037539.1922154,49.231
1780037539.1982672,49.23
1780037539.20401,49.23
1780037539.2102766,49.231
1780037539.2162578,49.231
1780037539.2222536,49.231
1780037539.2281473,49.232
1780037539.234245,49.232
1780037539.2401626,49.231
1780037539.2462876,49.231
1780037539.2535787,49.231
1780037539.2593915,49.231
1780037539.2654765,49.23
1780037539.2713456,49.23
1780037539.2774603,49.231
1780037539.283453,49.231
1780037539.2894876,49.231
1780037539.2954652,49.231
1780037539.3014176,49.231
1780037539.3074105,49.232
1780037539.3134372,49.232
1780037539.319394,49.231
1780037539.3255324,49.231
1780037539.3313859,49.231
1780037539.337448,49.231
1780037539.3433719,49.231
1780037539.349479,49.23
1780037539.3552873,49.231
1780037539.3615015,49.23
1780037539.367521,49.231
1780037539.3734298,49.231
1780037539.3794274,49.23
1780037539.3852577,49.231
1780037539.3913531,49.231
1780037539.3974547,49.231
1780037539.4034429,49.231
1780037539.4094992,49.231
1780037539.4154205,49.23
1780037539.4213605,49.231
1780037539.4274259,49.23
1780037539.4334922,49.23
1780037539.4395227,49.23
1780037539.4454672,49.23
1780037539.4514594,49.231
1780037539.4572666,49.23
1780037539.463367,49.23
1780037539.469557,49.23
1780037539.4754436,49.23
1780037539.4813864,49.231
1780037539.4875026,49.231
1780037539.4933755,49.23
1780037539.4994676,49.231
1780037539.505231,49.231
1780037539.5115047,49.23
1780037539.5174685,49.23
1780037539.5234983,49.231
1780037539.5293045,49.231
1780037539.5354702,49.231
1780037539.5413957,49.231
1780037539.5474515,49.231
1780037539.5533369,49.231
1780037539.559486,49.23
1780037539.565457,49.23
1780037539.571528,49.23
1780037539.5773358,49.23
1780037539.5835052,49.23
1780037539.5895185,49.23
1780037539.5955598,49.229
1780037539.6015475,49.23
1780037539.6073868,49.23
1780037539.6134634,49.23
1780037539.6193209,49.23
1780037539.625331,49.23
1780037539.6315427,49.23
1780037539.6373584,49.229
1780037539.6434913,49.229
1780037539.649385,49.23
1780037539.6553729,49.229
1780037539.6614268,49.229
1780037539.6675181,49.229
1780037539.6734927,49.229
1780037539.6794696,49.23
1780037539.685463,49.23
1780037539.6912882,49.23
1780037539.6973479,49.23
1780037539.7034266,49.231
1780037539.7094262,49.23
1780037539.7155077,49.23
1780037539.7214782,49.23
1780037539.727391,49.23
1780037539.7334702,49.23
1780037539.7392385,49.229
1780037539.7454684,49.23
1780037539.7515407,49.23
1780037539.7575307,49.23
1780037539.7633188,49.23
1780037539.7694144,49.231
1780037539.775375,49.231
1780037539.7814531,49.23
1780037539.7874422,49.23
1780037539.7935,49.23
1780037539.7993565,49.23
1780037539.8054848,49.23
1780037539.8113003,49.23
1780037539.8174324,49.23
1780037539.8235328,49.23
1780037539.8295248,49.23
1780037539.8354516,49.23
1780037539.8414195,49.23
1780037539.8474536,49.23
1780037539.8534467,49.23
1780037539.859343,49.23
1780037539.8654807,49.229
1780037539.8713934,49.23
1780037539.877493,49.23
1780037539.8833818,49.23
1780037539.8894453,49.23
1780037539.8953052,49.23
1780037539.9014595,49.229
1780037539.9074552,49.229
1780037539.9134572,49.229
1780037539.9195006,49.229
1780037539.9252841,49.23
1780037539.931411,49.23
1780037539.9374714,49.23
1780037539.9434195,49.229
1780037539.9495013,49.23
1780037539.9554017,49.23
1780037539.9613142,49.229
1780037539.967506,49.23
1780037539.9732687,49.229
1780037539.9794183,49.23
1780037539.9855158,49.23
1780037539.991507,49.23
1780037539.9973698,49.23
1780037540.003427,49.23
1780037540.0093806,49.231
1780037540.01547,49.231
1780037540.0215292,49.23
1780037540.027488,49.23
1780037540.033441,49.231
1780037540.0394886,49.23
1780037540.045369,49.23
1780037540.0514543,49.231
1780037540.0574372,49.231
1780037540.063473,49.231
1780037540.0694773,49.231
1780037540.0755439,49.231
1780037540.081545,49.231
1780037540.0872948,49.231
1780037540.0933886,49.23
1780037540.0995562,49.23
1780037540.1054354,49.229
1780037540.1115108,49.23
1780037540.1173835,49.23
1780037540.1234899,49.23
1780037540.129232,49.23
1780037540.1355062,49.23
1780037540.1415732,49.229
1780037540.1474726,49.23
1780037540.153438,49.23
1780037540.1592839,49.229
1780037540.1653514,49.228
1780037540.1715684,49.229
1780037540.1774087,49.228
1780037540.1834779,49.228
1780037540.1894324,49.229
1780037540.1954737,49.229
1780037540.2014894,49.228
1780037540.20723,49.229
1780037540.2134905,49.229
1780037540.219465,49.229
1780037540.2254481,49.229
1780037540.2313142,49.229
1780037540.2373881,49.23
1780037540.2434845,49.23
1780037540.249447,49.23
1780037540.25552,49.23
1780037540.2615874,49.229
1780037540.2674146,49.229
1780037540.2734683,49.229
1780037540.2792985,49.228
1780037540.2854092,49.229
1780037540.291539,49.229
1780037540.297499,49.23
1780037540.3034387,49.23
1780037540.3094327,49.23
1780037540.3155463,49.23
1780037540.321603,49.23
1780037540.327545,49.23
1780037540.3334951,49.23
1780037540.3394907,49.229
1780037540.3457227,49.229
1780037540.3514166,49.229
1780037540.357448,49.229
1780037540.3634813,49.229
1780037540.3694572,49.228
1780037540.375537,49.229
1780037540.3816092,49.229
1780037540.3875754,49.229
1780037540.393305,49.229
1780037540.3994517,49.229
1780037540.4054818,49.229
1780037540.4114594,49.229
1780037540.4174638,49.23
1780037540.4233902,49.229
1780037540.429519,49.229
1780037540.4354093,49.229
1780037540.4415085,49.229
1780037540.4474633,49.229
1780037540.4535127,49.229
1780037540.4594882,49.229
1780037540.4654536,49.229
1780037540.471444,49.229
1780037540.4773033,49.229
1780037540.4834356,49.229
1780037540.489444,49.229
1780037540.4954324,49.229
1780037540.5015504,49.229
1780037540.5074987,49.229
1780037540.5134022,49.229
1780037540.5195,49.228
1780037540.5254662,49.229
1780037540.5314927,49.228
1780037540.5374234,49.229
1780037540.543451,49.229
1780037540.5493946,49.229
1780037540.5554533,49.229
1780037540.561513,49.229
1780037540.567448,49.229
1780037540.5733461,49.229
1780037540.5795138,49.229
1780037540.5853643,49.229
1780037540.591563,49.228
1780037540.5973766,49.229
1780037540.6034641,49.229
1780037540.609505,49.229
1780037540.6154978,49.229
1780037540.6215181,49.229
1780037540.6275,49.229
1780037540.6334789,49.229
1780037540.639304,49.229
1780037540.645425,49.229
1780037540.6515224,49.229
1780037540.6574676,49.228
1780037540.6635273,49.228
1780037540.6694443,49.228
1780037540.6754892,49.228
1780037540.681385,49.228
1780037540.687347,49.228
1780037540.6934438,49.228
1780037540.6995454,49.228
1780037540.7055213,49.228
1780037540.7114897,49.229
1780037540.7174544,49.229
1780037540.723438,49.228
1780037540.7293491,49.229
1780037540.735484,49.229
1780037540.7413902,49.228
1780037540.7474785,49.228
1780037540.7534893,49.228
1780037540.759407,49.228
1780037540.765486,49.228
1780037540.7713227,49.228
1780037540.7774584,49.229
1780037540.7835171,49.228
1780037540.7894537,49.228
1780037540.7954721,49.229
1780037540.8014846,49.229
1780037540.8074539,49.229
1780037540.8135157,49.229
1780037540.8194616,49.229
1780037540.8254943,49.228
1780037540.8314934,49.228
1780037540.837525,49.229
1780037540.843491,49.228
1780037540.849517,49.228
1780037540.8553114,49.229
1780037540.8615057,49.228
1780037540.867504,49.229
1780037540.8734813,49.229
1780037540.8794837,49.228
1780037540.8854418,49.228
1780037540.8914776,49.229
1780037540.897282,49.229
1780037540.9034204,49.228
1780037540.9095454,49.228
1780037540.915454,49.228
1780037540.921482,49.227
1780037540.9274967,49.227
1780037540.9334042,49.227
1780037540.9395049,49.227
1780037540.9454918,49.227
1780037540.9514961,49.227
1780037540.9575293,49.227
1780037540.9635203,49.227
1780037540.969398,49.227
1780037540.9754407,49.227
1780037540.9812834,49.228
1780037540.9873066,49.228
1780037540.9934018,49.228
1780037540.9994798,49.228
1780037541.0054169,49.228
1780037541.0115178,49.228
1780037541.0174067,49.228
1780037541.0235312,49.228
1780037541.0293424,49.228
1780037541.0355065,49.228
1780037541.0415232,49.228
1780037541.0474331,49.229
1780037541.0534174,49.229
1780037541.0594573,49.229
1780037541.0654683,49.229
1780037541.0712855,49.229
1780037541.0773966,49.229
1780037541.0835333,49.229
1780037541.089443,49.229
1780037541.095518,49.229
1780037541.1014926,49.229
1780037541.107354,49.229
1780037541.113544,49.229
1780037541.1193483,49.229
1780037541.125456,49.229
1780037541.1314943,49.229
1780037541.1375103,49.229
1780037541.1435192,49.229
1780037541.1495087,49.23
1780037541.1553051,49.229
1780037541.1614354,49.229
1780037541.1675076,49.228
1780037541.1734686,49.228
1780037541.1794193,49.228
1780037541.185492,49.227
1780037541.1913872,49.228
1780037541.1975112,49.228
1780037541.203337,49.227
1780037541.2095547,49.227
1780037541.2155323,49.228
1780037541.221546,49.228
1780037541.2276065,49.227
1780037541.2334216,49.228
1780037541.239455,49.228
1780037541.2453992,49.228
1780037541.2514343,49.228
1780037541.2575674,49.229
1780037541.2634594,49.228
1780037541.269543,49.229
1780037541.2754252,49.229
1780037541.2814913,49.229
1780037541.2875407,49.229
1780037541.2932725,49.229
1780037541.299024,49.229
1780037541.3049426,49.229
1780037541.3106363,49.229
1780037541.316523,49.229
1780037541.3224576,49.23
1780037541.3283415,49.23
1780037541.3342779,49.23
1780037541.3402383,49.23
1780037541.3462715,49.23
1780037541.3523061,49.23
1780037541.3582757,49.229
1780037541.3642962,49.229
1780037541.3701797,49.229
1780037541.3762393,49.23
1780037541.3822765,49.23
1780037541.388244,49.23
1780037541.3942802,49.231
1780037541.4002457,49.231
1780037541.4062738,49.231
1780037541.4122596,49.23
1780037541.4182112,49.23
1780037541.424319,49.23
1780037541.430283,49.23
1780037541.436318,49.231
1780037541.442263,49.231
1780037541.448257,49.231
1780037541.4540982,49.231
1780037541.4602582,49.231
1780037541.466261,49.231
1780037541.4723148,49.231
1780037541.4782715,49.232
1780037541.4842305,49.232
1780037541.490258,49.232
1780037541.4962578,49.232
1780037541.5021625,49.232
1780037541.5083144,49.232
1780037541.5142775,49.232
1780037541.5202901,49.232
1780037541.5262632,49.232
1780037541.5322275,49.231
1780037541.5383034,49.232
1780037541.544281,49.232
1780037541.550266,49.231
1780037541.5562701,49.232
1780037541.5622616,49.233
1780037541.5682352,49.232
1780037541.5742536,49.233
1780037541.580266,49.232
1780037541.5862288,49.232
1780037541.592213,49.232
1780037541.598295,49.232
1780037541.6042435,49.232
1780037541.610307,49.232
1780037541.6162376,49.232
1780037541.62227,49.232
1780037541.628085,49.231
1780037541.634272,49.231
1780037541.6402812,49.231
1780037541.6463327,49.232
1780037541.6522899,49.233
1780037541.6582026,49.233
1780037541.6642475,49.232
1780037541.670256,49.232
1780037541.676261,49.233
1780037541.6823227,49.233
1780037541.6882482,49.233
1780037541.6943297,49.233
1780037541.7002637,49.233
1780037541.7062674,49.233
1780037541.7122722,49.233
1780037541.7180738,49.234
1780037541.7242675,49.234
1780037541.730257,49.234
1780037541.7362466,49.234
1780037541.7422466,49.234
1780037541.7482471,49.233
1780037541.7541025,49.233
1780037541.760228,49.233
1780037541.7661216,49.233
1780037541.7718308,49.233
1780037541.7782662,49.233
1780037541.7842689,49.233
1780037541.7902625,49.233
1780037541.7962706,49.233
1780037541.8021321,49.233
1780037541.8082716,49.233
1780037541.814316,49.233
1780037541.8202903,49.233
1780037541.8262756,49.233
1780037541.8322725,49.232
1780037541.8382866,49.232
1780037541.8441708,49.232
1780037541.8502507,49.232
1780037541.8562691,49.232
1780037541.8622556,49.233
1780037541.8683171,49.233
1780037541.8742445,49.232
1780037541.8803046,49.233
1780037541.8862486,49.233
1780037541.8919678,49.243
1780037541.8971963,49.247
1780037541.9027753,49.251
1780037541.908024,50.0
1780037541.9135711,50.005
1780037541.9188073,50.01
1780037541.924422,50.014
1780037541.9296532,50.019
1780037541.9352093,50.022
1780037541.9404626,50.028
1780037541.9459994,50.032
1780037541.9512415,50.037
1780037541.9568107,50.041
1780037541.9620492,50.045
1780037541.9675918,50.049
1780037541.9728463,50.054
1780037541.9783487,50.058
1780037541.9835894,50.063
1780037541.9891624,50.066
1780037541.9944139,50.072
1780037542.0000124,50.075
1780037542.0052547,50.08
1780037542.010798,50.084
1780037542.0160444,50.088
1780037542.021592,50.092
1780037542.0268295,50.098
1780037542.0323553,50.101
1780037542.037584,50.105
1780037542.0431592,50.109
1780037542.0484161,50.114
1780037542.053956,50.117
1780037542.059209,50.12
1780037542.064814,50.126
1780037542.0700567,50.129
1780037542.0755577,50.133
1780037542.080817,50.138
1780037542.0863566,50.141
1780037542.09159,50.146
1780037542.0971608,50.149
1780037542.102404,50.154
1780037542.1079984,50.157
1780037542.1132452,50.161
1780037542.118766,50.165
1780037542.124006,50.169
1780037542.1295683,50.173
1780037542.134805,50.178
1780037542.1404192,50.18
1780037542.1456418,50.184
1780037542.1511707,50.188
1780037542.1564324,50.192
1780037542.1619732,50.195
1780037542.1672235,50.198
1780037542.1728363,50.204
1780037542.1782608,50.206
1780037542.1836047,50.21
1780037542.1888568,50.214
1780037542.194404,50.218
1780037542.1996322,50.221
1780037542.2051783,50.224
1780037542.21043,50.228
1780037542.216025,50.232
1780037542.2214592,50.235
1780037542.2268414,50.239
1780037542.2322543,50.243
1780037542.2375445,50.246
1780037542.242771,50.251
1780037542.2483675,50.252
1780037542.253595,51.001
1780037542.2591681,51.004
1780037542.2644217,51.007
1780037542.270011,51.011
1780037542.2752604,51.013
1780037542.2807994,51.018
1780037542.2860377,51.021
1780037542.2915564,51.024
1780037542.296816,51.028
1780037542.302354,51.03
1780037542.3075755,51.035
1780037542.3131573,51.037
1780037542.3184104,51.041
1780037542.3240073,51.044
1780037542.3292503,51.047
1780037542.3347695,51.051
1780037542.3400052,51.054
1780037542.3455698,51.057
1780037542.3508117,51.061
1780037542.356422,51.062
1780037542.3616536,51.067
1780037542.3671713,51.069
1780037542.3724232,51.073
1780037542.3779678,51.076
1780037542.3832204,51.078
1780037542.3888195,51.082
1780037542.3940637,51.085
1780037542.3995686,51.088
1780037542.4048212,51.091
1780037542.4103756,51.094
1780037542.4156053,51.098
1780037542.4212246,51.1
1780037542.4266617,51.104
1780037542.4319682,51.106
1780037542.4372234,51.109
1780037542.4428232,51.112
1780037542.4480686,51.115
1780037542.4537272,51.118
1780037542.459105,51.122
1780037542.4643707,51.123
1780037542.4695945,51.127
1780037542.4751775,51.129
1780037542.4804318,51.133
1780037542.4860165,51.135
1780037542.4912565,51.138
1780037542.4968,51.141
1780037542.5020247,51.144
1780037542.5075676,51.147
1780037542.5128255,51.15
1780037542.5183728,51.152
1780037542.523603,51.155
1780037542.5292199,51.158
1780037542.5346615,51.161
1780037542.539951,51.163
1780037542.5452034,51.166
1780037542.5507638,51.169
1780037542.555995,51.171
1780037542.5616124,51.174
1780037542.5668633,51.178
1780037542.5723646,51.178
1780037542.5776212,51.182
1780037542.5831773,51.185
1780037542.5884333,51.188
1780037542.5939648,51.19
1780037542.5992093,51.192
1780037542.604825,51.195
1780037542.6100602,51.198
1780037542.615604,51.2
1780037542.6208568,51.203
1780037542.6264043,51.205
1780037542.6316442,51.208
1780037542.6372213,51.211
1780037542.6426647,51.212
1780037542.648014,51.215
1780037542.6532578,51.218
1780037542.658773,51.22
1780037542.6640074,51.223
1780037542.6695797,51.225
1780037542.6748316,51.228
1780037542.6804285,51.229
1780037542.6856651,51.232
1780037542.6911805,51.235
1780037542.696432,51.237
1780037542.702023,51.24
1780037542.7072537,51.242
1780037542.7128155,51.245
1780037542.7180462,51.247
1780037542.7238343,51.246
1780037542.7300994,51.24
1780037542.7357302,51.235
1780037542.7416935,51.236
1780037542.747911,51.235
1780037542.7539134,51.234
1780037542.7598982,51.233
1780037542.7658916,51.231
1780037542.7718587,51.228
1780037542.777916,51.226
1780037542.7838945,51.223
1780037542.7899685,51.221
1780037542.7960198,51.218
1780037542.8018906,51.216
1780037542.807928,51.214
1780037542.8138683,51.211
1780037542.8198473,51.208
1780037542.8258703,51.206
1780037542.8318515,51.203
1780037542.8379724,51.201
1780037542.843844,51.199
1780037542.8499238,51.196
1780037542.8559723,51.193
1780037542.8618739,51.191
1780037542.8679268,51.189
1780037542.8737943,51.187
1780037542.8798788,51.184
1780037542.885848,51.181
1780037542.8918428,51.179
1780037542.8979366,51.177
1780037542.903824,51.174
1780037542.90993,51.172
1780037542.9159782,51.17
1780037542.921963,51.168
1780037542.927968,51.166
1780037542.9337647,51.163
1780037542.939833,51.161
1780037542.945941,51.159
1780037542.9518971,51.157
1780037542.957924,51.155
1780037542.9637177,51.152
1780037542.9699607,51.15
1780037542.9760118,51.147
1780037542.981924,51.146
1780037542.9879134,51.144
1780037542.9938457,51.141
1780037542.9997716,51.139
1780037543.0060275,51.136
1780037543.011891,51.135
1780037543.017954,51.132
1780037543.0236795,51.13
1780037543.0299687,51.128
1780037543.036019,51.126
1780037543.041882,51.124
1780037543.0478547,51.122
1780037543.0539317,51.12
1780037543.0598714,51.118
1780037543.0659294,51.115
1780037543.0718486,51.113
1780037543.0778694,51.111
1780037543.0839667,51.11
1780037543.0900176,51.108
1780037543.0960472,51.106
1780037543.1018028,51.104
1780037543.1078432,51.102
1780037543.1138816,51.1
1780037543.119917,51.098
1780037543.1259875,51.096
1780037543.1317809,51.094
1780037543.1378865,51.092
1780037543.1439042,51.091
1780037543.1499662,51.089
1780037543.1560006,51.087
1780037543.161858,51.084
1780037543.167838,51.082
1780037543.1739295,51.08
1780037543.179937,51.078
1780037543.185909,51.076
1780037543.1916635,51.074
1780037543.1979241,51.072
1780037543.203935,51.071
1780037543.2099302,51.07
1780037543.2159271,51.067
1780037543.2218697,51.066
1780037543.2279053,51.063
1780037543.2339125,51.061
1780037543.2398417,51.058
1780037543.2459135,51.057
1780037543.2519674,51.055
1780037543.2579625,51.053
1780037543.263886,51.052
1780037543.2699172,51.05
1780037543.275886,51.048
1780037543.2818792,51.046
1780037543.2879074,51.044
1780037543.2939513,51.043
1780037543.2998297,51.04
1780037543.3058522,51.039
1780037543.311978,51.037
1780037543.3179758,51.036
1780037543.3238592,51.034
1780037543.3309875,51.033
1780037543.3371372,51.031
1780037543.343086,51.029
1780037543.3491235,51.027
1780037543.3551028,51.025
1780037543.361148,51.023
1780037543.3668804,51.022
1780037543.3730955,51.021
1780037543.379158,51.019
1780037543.3851137,51.017
1780037543.3909903,51.016
1780037543.3971694,51.014
1780037543.403095,51.012
1780037543.4091687,51.011
1780037543.4150708,51.009
1780037543.421092,51.007
1780037543.4271064,51.006
1780037543.4330864,51.006
1780037543.4391096,51.004
1780037543.4450793,51.003
1780037543.4510238,51.002
1780037543.4566078,51.0
1780037543.462621,50.255
1780037543.4683177,50.253
1780037543.4742787,50.252
1780037543.4800637,50.251
1780037543.48605,50.25
1780037543.4918675,50.248
1780037543.4979587,50.247
1780037543.5038497,50.246
1780037543.5099185,50.245
1780037543.515965,50.243
1780037543.5220013,50.242
1780037543.5279102,50.24
1780037543.5339093,50.238
1780037543.539749,50.238
1780037543.545873,50.236
1780037543.551968,50.235
1780037543.557963,50.234
1780037543.5637984,50.232
1780037543.5699186,50.231
1780037543.5759785,50.229
1780037543.58196,50.227
1780037543.5878718,50.226
1780037543.593921,50.225
1780037543.5997431,50.223
1780037543.6058474,50.222
1780037543.6119134,50.221
1780037543.6178727,50.22
1780037543.6238198,50.219
1780037543.6298797,50.217
1780037543.63594,50.216
1780037543.641954,50.214
1780037543.6479154,50.213
1780037543.6539361,50.212
1780037543.6597006,50.21
1780037543.6659331,50.209
1780037543.6719346,50.207
1780037543.67794,50.207
1780037543.6839337,50.206
1780037543.6899333,50.205
1780037543.696003,50.203
1780037543.7020009,50.202
1780037543.707852,50.201
1780037543.7139335,50.199
1780037543.7197156,50.198
1780037543.7259963,50.197
1780037543.7319806,50.196
1780037543.737972,50.195
1780037543.743841,50.194
1780037543.7498574,50.193
1780037543.755991,50.191
1780037543.7619689,50.19
1780037543.7679033,50.188
1780037543.7739604,50.187
1780037543.780033,50.186
1780037543.7860053,50.186
1780037543.7919314,50.184
1780037543.7979422,50.183
1780037543.803765,50.182
1780037543.8098667,50.181
1780037543.8159635,50.18
1780037543.8219585,50.179
1780037543.8278918,50.177
1780037543.8339021,50.176
1780037543.8398874,50.176
1780037543.845873,50.175
1780037543.8519557,50.173
1780037543.8579285,50.173
1780037543.8639393,50.172
1780037543.8699403,50.171
1780037543.876021,50.169
1780037543.8819385,50.168
1780037543.8879056,50.166
1780037543.8939078,50.165
1780037543.8998694,50.164
1780037543.9058864,50.163
1780037543.9119074,50.162
1780037543.9178936,50.162
1780037543.923757,50.161
1780037543.9299414,50.16
1780037543.935985,50.158
1780037543.9420006,50.158
1780037543.947878,50.156
1780037543.9539104,50.154
1780037543.9599369,50.153
1780037543.9659166,50.153
1780037543.971921,50.152
1780037543.9778929,50.152
1780037543.9838521,50.15
1780037543.9899368,50.15
1780037543.995979,50.149
1780037544.0019758,50.148
1780037544.007904,50.147
1780037544.013917,50.145
1780037544.019666,50.144
1780037544.025927,50.144
1780037544.0319293,50.143
1780037544.0379,50.142
1780037544.0439565,50.141
1780037544.0499349,50.141
1780037544.0559874,50.139
1780037544.0620077,50.138
1780037544.0678997,50.137
1780037544.0739493,50.136
1780037544.079896,50.136
1780037544.0858903,50.135
1780037544.0920615,50.134
1780037544.098021,50.134
1780037544.1039433,50.132
1780037544.1099641,50.131
1780037544.1160133,50.131
1780037544.1219602,50.13
1780037544.1279044,50.129
1780037544.1339188,50.128
1780037544.1398752,50.127
1780037544.1458914,50.126
1780037544.1520312,50.127
1780037544.1580186,50.126
1780037544.1638212,50.125
1780037544.169944,50.124
1780037544.1760077,50.123
1780037544.1820202,50.122
1780037544.1878796,50.121
1780037544.1939394,50.12
1780037544.1997726,50.119
1780037544.2058709,50.119
1780037544.2119532,50.118
1780037544.2179267,50.118
1780037544.223828,50.117
1780037544.2299163,50.116
1780037544.235979,50.114
1780037544.2420263,50.114
1780037544.2479203,50.112
1780037544.2539482,50.111
1780037544.2597055,50.11
1780037544.2659998,50.11
1780037544.2719986,50.109
1780037544.2779725,50.109
1780037544.283779,50.108
1780037544.2899194,50.108
1780037544.2959843,50.107
1780037544.302024,50.105
1780037544.3078346,50.104
1780037544.3140051,50.104
1780037544.3197615,50.103
1780037544.325868,50.103
1780037544.3319025,50.102
1780037544.3379514,50.102
1780037544.3438077,50.102
1780037544.3499157,50.101
1780037544.3559992,50.1
1780037544.3620079,50.1
1780037544.3678992,50.099
1780037544.3739293,50.098
1780037544.3799574,50.097
1780037544.385973,50.096
1780037544.392,50.096
1780037544.3979995,50.096
1780037544.4038482,50.095
1780037544.4099379,50.095
1780037544.4160292,50.094
1780037544.4219496,50.093
1780037544.427847,50.092
1780037544.4339466,50.092
1780037544.4398158,50.091
1780037544.4458883,50.09
1780037544.45192,50.091
1780037544.4578974,50.09
1780037544.4638855,50.09
1780037544.4699156,50.089
1780037544.4759152,50.088
1780037544.482016,50.087
1780037544.4878876,50.087
1780037544.4939485,50.086
1780037544.499854,50.084
1780037544.5059028,50.084
1780037544.5119765,50.083
1780037544.517998,50.083
1780037544.5239122,50.082
1780037544.529964,50.083
1780037544.5361226,50.081
1780037544.541957,50.081
1780037544.5479097,50.08
1780037544.5539591,50.079
1780037544.5599184,50.078
1780037544.5659425,50.078
1780037544.5719717,50.077
1780037544.577987,50.077
1780037544.5839703,50.076
1780037544.5899892,50.076
1780037544.5959792,50.075
1780037544.6019597,50.074
1780037544.6078916,50.073
1780037544.614,50.072
1780037544.6199293,50.071
1780037544.625934,50.07
1780037544.6317277,50.07
1780037544.6379514,50.07
1780037544.643965,50.069
1780037544.65001,50.069
1780037544.656019,50.068
1780037544.6618998,50.068
1780037544.6679099,50.067
1780037544.6739385,50.066
1780037544.679925,50.066
1780037544.6859188,50.066
1780037544.6919355,50.065
1780037544.6978998,50.064
1780037544.703951,50.065
1780037544.70998,50.064
1780037544.7160034,50.063
1780037544.7219565,50.062
1780037544.7278888,50.061
1780037544.7339566,50.061
1780037544.7399166,50.06
1780037544.7459655,50.06
1780037544.751822,50.059
1780037544.7578773,50.058
1780037544.7640035,50.058
1780037544.77001,50.058
1780037544.7760553,50.057
1780037544.7818253,50.057
1780037544.7878966,50.056
1780037544.7938976,50.056
1780037544.7999165,50.055
1780037544.8059626,50.055
1780037544.811852,50.054
1780037544.817908,50.054
1780037544.8238995,50.054
1780037544.829969,50.054
1780037544.8360202,50.054
1780037544.8418489,50.053
1780037544.8479133,50.053
1780037544.8538897,50.052
1780037544.8599026,50.052
1780037544.8659592,50.051
1780037544.8718507,50.051
1780037544.877932,50.051
1780037544.8836668,50.051
1780037544.8900664,50.051
1780037544.8960876,50.05
1780037544.9018795,50.05
1780037544.9078841,50.05
1780037544.9139006,50.049
1780037544.9199169,50.048
1780037544.9259717,50.048
1780037544.9319196,50.047
1780037544.9379823,50.047
1780037544.943736,50.046
1780037544.9500048,50.046
1780037544.9560277,50.045
1780037544.9619527,50.045
1780037544.9679265,50.045
1780037544.973831,50.044
1780037544.979887,50.043
1780037544.9859474,50.043
1780037544.9919183,50.042
1780037544.9979792,50.042
1780037545.0037992,50.042
1780037545.009954,50.042
1780037545.015981,50.041
1780037545.021922,50.041
1780037545.0279286,50.04
1780037545.033813,50.04
1780037545.0398927,50.039
1780037545.045891,50.039
1780037545.051873,50.039
1780037545.0579543,50.038
1780037545.0638824,50.038
1780037545.0700161,50.037
1780037545.0760815,50.037
1780037545.0819592,50.036
1780037545.0879388,50.036
1780037545.0939302,50.035
1780037545.0999372,50.035
1780037545.1059504,50.035
1780037545.1118717,50.034
1780037545.1179392,50.034
1780037545.1239355,50.033
1780037545.1300201,50.034
1780037545.136057,50.032
1780037545.1417649,50.032
1780037545.1478913,50.032
1780037545.1539788,50.031
1780037545.1599379,50.03
1780037545.1658564,50.031
1780037545.1719103,50.031
1780037545.1778913,50.03
1780037545.1839259,50.029
1780037545.1899707,50.029
1780037545.1960661,50.028
1780037545.2018697,50.028
1780037545.2079146,50.027
1780037545.2139726,50.027
1780037545.2199628,50.027
1780037545.2259192,50.026
1780037545.2319105,50.026
1780037545.2378955,50.026
1780037545.2438474,50.026
1780037545.2499526,50.025
1780037545.2560465,50.025
1780037545.261916,50.024
1780037545.2679594,50.024
1780037545.27376,50.023
1780037545.2800136,50.023
1780037545.2859602,50.022
1780037545.2919881,50.022
1780037545.2978387,50.022
1780037545.303885,50.022
1780037545.3100169,50.022
1780037545.3161108,50.021
1780037545.3219497,50.021
1780037545.3280292,50.02
1780037545.3338435,50.02
1780037545.3399055,50.019
1780037545.3459861,50.019
1780037545.3519816,50.019
1780037545.3578634,50.019
1780037545.3639042,50.018
1780037545.3699348,50.019
1780037545.3760254,50.018
1780037545.381914,50.018
1780037545.3879702,50.018
1780037545.3938553,50.017
1780037545.399889,50.017
1780037545.4059734,50.017
1780037545.4119406,50.017
1780037545.4179182,50.017
1780037545.4239311,50.017
1780037545.429993,50.017
1780037545.4361296,50.017
1780037545.442034,50.017
1780037545.4479377,50.017
1780037545.453857,50.017
1780037545.4600065,50.016
1780037545.4657648,50.016
1780037545.471892,50.016
1780037545.477925,50.016
1780037545.4839795,50.015
1780037545.4898102,50.016
1780037545.4960082,50.015
1780037545.5019794,50.014
1780037545.5079582,50.014
1780037545.5139182,50.013
1780037545.5199769,50.013
1780037545.5258405,50.012
1780037545.5319006,50.012
1780037545.5379105,50.012
1780037545.5439253,50.012
1780037545.5498948,50.012
1780037545.55605,50.012
1780037545.5619876,50.012
1780037545.5679314,50.012
1780037545.5738916,50.012
1780037545.5800655,50.011
1780037545.585909,50.011
1780037545.5919733,50.011
1780037545.5979443,50.01
1780037545.6039007,50.011
1780037545.6099436,50.011
1780037545.6160374,50.011
1780037545.6219525,50.01
1780037545.6279554,50.01
1780037545.6339147,50.01
1780037545.639963,50.009
1780037545.6458802,50.009
1780037545.6519506,50.008
1780037545.657773,50.008
1780037545.6639047,50.008
1780037545.6699572,50.008
1780037545.6761117,50.008
1780037545.6820514,50.008
1780037545.6877966,50.008
1780037545.6938527,50.008
1780037545.6999786,50.008
1780037545.705922,50.007
1780037545.711964,50.007
1780037545.71789,50.006
1780037545.723949,50.006
1780037545.7298589,50.005
1780037545.7360168,50.005
1780037545.7420282,50.005
1780037545.7479594,50.005
1780037545.7539556,50.005
1780037545.7598512,50.005
1780037545.7658198,50.004
1780037545.772014,50.005
1780037545.777931,50.004
1780037545.7839644,50.004
1780037545.7898881,50.003
1780037545.7959595,50.003
1780037545.8019726,50.003
1780037545.8079689,50.003
1780037545.8139198,50.003
1780037545.819829,50.002
1780037545.8258762,50.003
1780037545.832044,50.002
1780037545.8379233,50.002
1780037545.8440654,50.002
1780037545.8499362,50.001
1780037545.8559918,50.001
1780037545.8619916,50.002
1780037545.8679998,50.002
1780037545.8739805,50.002
1780037545.8798933,50.002
1780037545.8859124,50.001
1780037545.8919334,50.001
1780037545.897925,50.001
1780037545.9039462,50.001
1780037545.9099362,50.0
1780037545.915928,49.255
1780037545.921938,49.255
1780037545.9277122,49.254
1780037545.9339917,49.254
1780037545.9399924,49.254
1780037545.9460177,49.254
1780037545.9518516,49.254
1780037545.9578993,49.254
1780037545.9639173,49.254
1780037545.9698918,49.253
1780037545.9759586,49.253
1780037545.9819741,49.253
1780037545.9878907,49.253
1780037545.993979,49.253
1780037545.999954,49.252
1780037546.00592,49.252
1780037546.01208,49.252
1780037546.018042,49.252
1780037546.0238423,49.252
1780037546.0298445,49.252
1780037546.0359972,49.252
1780037546.0419893,49.252
1780037546.0479171,49.252
1780037546.0539746,49.252
1780037546.0598009,49.251
1780037546.0659182,49.251
1780037546.0719554,49.251
1780037546.0779676,49.251
1780037546.0839124,49.252
1780037546.0898888,49.251
1780037546.0959406,49.251
1780037546.1019804,49.251
1780037546.107942,49.25
1780037546.1139696,49.251
1780037546.119876,49.25
1780037546.126011,49.25
1780037546.1317616,49.25
1780037546.1379972,49.249
1780037546.1440163,49.249
1780037546.1500263,49.249
1780037546.1559947,49.249
1780037546.1619835,49.249
1780037546.1678603,49.248
1780037546.1740406,49.248
1780037546.1800175,49.248
1780037546.186022,49.249
1780037546.1918905,49.248
1780037546.1979373,49.248
1780037546.203765,49.249
1780037546.210005,49.249
1780037546.215958,49.248
1780037546.2219,49.248
1780037546.2279105,49.249
1780037546.2339234,49.249
1780037546.2398558,49.248
1780037546.246185,49.248
1780037546.2520232,49.247
1780037546.2579978,49.248
1780037546.2638102,49.247
1780037546.2699084,49.247
1780037546.276012,49.246
1780037546.2820153,49.246
1780037546.2880294,49.246
1780037546.2938514,49.245
1780037546.2998955,49.244
1780037546.3059812,49.244
1780037546.3119204,49.244
1780037546.3180277,49.244
1780037546.3239474,49.244
1780037546.3300068,49.244
1780037546.3358796,49.244
1780037546.3420017,49.244
1780037546.3480194,49.244
1780037546.3539846,49.244
1780037546.359963,49.244
1780037546.3659873,49.243
1780037546.371885,49.243
1780037546.377965,49.243
1780037546.383942,49.243
1780037546.389979,49.243
1780037546.3959057,49.243
1780037546.4018269,49.243
1780037546.4079592,49.243
1780037546.4140265,49.242
1780037546.4200313,49.242
1780037546.4258993,49.242
1780037546.4319432,49.242
1780037546.437969,49.242
1780037546.4439573,49.242
1780037546.4499912,49.242
1780037546.4559577,49.242
1780037546.4618974,49.242
1780037546.4679878,49.242
1780037546.4737875,49.242
1780037546.4800253,49.242
1780037546.4859498,49.241
1780037546.491937,49.242
1780037546.4979033,49.242
1780037546.5039067,49.242
1780037546.5099955,49.243
1780037546.5159314,49.242
1780037546.5219772,49.242
1780037546.5279815,49.241
1780037546.5339367,49.241
1780037546.5400004,49.24
1780037546.5457733,49.24
1780037546.5520062,49.241
1780037546.5579681,49.24
1780037546.5639818,49.24
1780037546.5698733,49.241
1780037546.5759509,49.241
1780037546.5819004,49.24
1780037546.5880249,49.241
1780037546.5939305,49.241
1780037546.5999846,49.24
1780037546.6059024,49.24
1780037546.611993,49.24
1780037546.6177828,49.24
1780037546.6240466,49.24
1780037546.6300206,49.24
1780037546.6360435,49.24
1780037546.642013,49.24
1780037546.647827,49.24
1780037546.653868,49.239
1780037546.660046,49.239
1780037546.665938,49.239
1780037546.672001,49.239
1780037546.6779363,49.238
1780037546.6839762,49.239
1780037546.6897445,49.238
1780037546.6959937,49.238
1780037546.7019565,49.238
1780037546.708021,49.238
1780037546.714011,49.238
1780037546.7198212,49.237
1780037546.725891,49.237
1780037546.731937,49.237
1780037546.737927,49.236
1780037546.744029,49.236
1780037546.7498832,49.236
1780037546.7558942,49.235
1780037546.761943,49.235
1780037546.7679563,49.234
1780037546.7739902,49.234
1780037546.779971,49.234
1780037546.7859256,49.234
1780037546.7920094,49.235
1780037546.797933,49.234
1780037546.8040586,49.235
1780037546.809905,49.234
1780037546.81603,49.234
1780037546.8219872,49.233
1780037546.8278227,49.233
1780037546.8339646,49.233
1780037546.8399675,49.233
1780037546.8459363,49.233
1780037546.8519442,49.233
1780037546.8579342,49.233
1780037546.863982,49.234
1780037546.869883,49.233
1780037546.876043,49.233
1780037546.8820426,49.233
1780037546.8879817,49.233
1780037546.8940125,49.233
1780037546.8998246,49.232
1780037546.905901,49.232
1780037546.9119644,49.232
1780037546.9179404,49.232
1780037546.9239204,49.232
1780037546.9299474,49.232
1780037546.9358454,49.231
1780037546.941459,49.231
1780037546.9474924,49.231
1780037546.9534535,49.231
1780037546.9599495,49.231
1780037546.9659648,49.231
1780037546.9718254,49.232
1780037546.9782138,49.231
1780037546.9839733,49.232
1780037546.9899786,49.231
1780037546.99597,49.232
1780037547.0019267,49.231
1780037547.0079532,49.231
1780037547.014169,49.231
1780037547.0200763,49.231
1780037547.0260115,49.231
1780037547.031942,49.231
1780037547.0380077,49.231
1780037547.0439107,49.231
1780037547.0499592,49.231
1780037547.055927,49.231
1780037547.0619063,49.231
1780037547.0679326,49.231
1780037547.0739648,49.231
1780037547.0800087,49.231
1780037547.085802,49.231
1780037547.0919194,49.231
1780037547.0979247,49.231
1780037547.1039276,49.231
1780037547.1100237,49.231
1780037547.1159866,49.231
1780037547.1218383,49.232
1780037547.1279655,49.231
1780037547.1339533,49.231
1780037547.139999,49.231
1780037547.1459818,49.231
1780037547.151992,49.232
1780037547.157844,49.232
1780037547.16393,49.232
1780037547.1699383,49.232
1780037547.1759746,49.232
1780037547.182027,49.231
1780037547.1880193,49.231
1780037547.1939504,49.231
1780037547.199969,49.231
1780037547.2057805,49.231
1780037547.2119162,49.231
1780037547.2179592,49.231
1780037547.2240007,49.231
1780037547.2298937,49.231
1780037547.2359965,49.232
1780037547.2419991,49.231
1780037547.247926,49.231
1780037547.2539463,49.231
1780037547.259973,49.231
1780037547.2658758,49.23
1780037547.272011,49.231
1780037547.2777681,49.231
1780037547.283991,49.231
1780037547.2900136,49.231
1780037547.296039,49.232
1780037547.3021054,49.231
1780037547.3079991,49.231
1780037547.3138986,49.231
1780037547.320041,49.231
1780037547.3259351,49.23
1780037547.3320081,49.23
1780037547.3379316,49.23
1780037547.3439617,49.23
1780037547.349772,49.23
1780037547.3560452,49.23
1780037547.362067,49.229
1780037547.3679476,49.229
1780037547.3739429,49.229
1780037547.379863,49.229
1780037547.385943,49.229
1780037547.3919826,49.23
1780037547.397918,49.23
1780037547.403997,49.229
1780037547.409974,49.229
1780037547.4160123,49.229
1780037547.4220474,49.229
1780037547.4277487,49.229
1780037547.4339676,49.229
1780037547.4400241,49.229
1780037547.446015,49.229
1780037547.4518898,49.23
1780037547.457894,49.23
1780037547.4639854,49.23
1780037547.4698958,49.23
1780037547.4760807,49.23
1780037547.4821725,49.229
1780037547.4879987,49.229
1780037547.4940052,49.228
1780037547.5002627,49.228
1780037547.506245,49.228
1780037547.511939,49.228
1780037547.5179338,49.227
1780037547.523944,49.228
1780037547.5299447,49.228
1780037547.5357816,49.228
1780037547.5420346,49.228
1780037547.5479624,49.228
1780037547.5540044,49.228
1780037547.5599122,49.228
1780037547.565995,49.228
1780037547.5718634,49.228
1780037547.5779557,49.228
1780037547.5840106,49.228
1780037547.5900207,49.228
1780037547.5959494,49.228
1780037547.6020632,49.228
1780037547.6079967,49.228
1780037547.6139793,49.228
1780037547.6198974,49.228
1780037547.6259847,49.227
1780037547.6319067,49.227
1780037547.6380334,49.227
1780037547.6439075,49.227
1780037547.6499987,49.227
1780037547.656032,49.227
1780037547.6621306,49.227
1780037547.6681385,49.227
1780037547.6739562,49.227
1780037547.680022,49.227
1780037547.6858015,49.227
1780037547.691888,49.227
1780037547.69803,49.227
1780037547.7039032,49.227
1780037547.709997,49.227
1780037547.7159972,49.227
1780037547.721942,49.227
1780037547.7279713,49.227
1780037547.7340093,49.227
1780037547.7399864,49.228
1780037547.7460105,49.228
1780037547.751998,49.228
1780037547.7578669,49.229
1780037547.7638977,49.229
1780037547.7699792,49.228
1780037547.7759454,49.228
1780037547.7820354,49.228
1780037547.7880204,49.228
1780037547.7939804,49.228
1780037547.7999911,49.228
1780037547.8058364,49.227
1780037547.8119488,49.227
1780037547.8179603,49.227
1780037547.8239887,49.228
1780037547.8299873,49.228
1780037547.835987,49.228
1780037547.841983,49.228
1780037547.8477983,49.228
1780037547.853901,49.228
1780037547.8599384,49.228
1780037547.8659577,49.227
1780037547.8719952,49.228
1780037547.8779302,49.228
1780037547.8839962,49.228
1780037547.8897889,49.228
1780037547.8959956,49.228
1780037547.9019735,49.229
1780037547.9079828,49.229
1780037547.9139626,49.228
1780037547.919887,49.229
1780037547.9259286,49.229
1780037547.9322894,49.229
1780037547.9381473,49.229
1780037547.9440007,49.229
1780037547.9499164,49.228
1780037547.9560583,49.228
1780037547.961951,49.228
1780037547.9678679,49.228
1780037547.973964,49.228
1780037547.9801345,49.228
1780037547.9861472,49.227
1780037547.9919786,49.228
1780037547.9980128,49.228
1780037548.0038943,49.228
1780037548.0098743,49.228
1780037548.0159762,49.228
1780037548.021906,49.228
1780037548.0279214,49.228
1780037548.0340748,49.228
1780037548.0399096,49.228
1780037548.0459886,49.228
1780037548.0518649,49.228
1780037548.0579739,49.228
1780037548.0639594,49.228
1780037548.0700147,49.228
1780037548.0758827,49.228
1780037548.0819664,49.228
1780037548.087917,49.229
1780037548.0940225,49.229
1780037548.0999033,49.229
1780037548.1059675,49.228
1780037548.1119683,49.228
1780037548.1180558,49.228
1780037548.12389,49.228
1780037548.1299796,49.228
1780037548.135956,49.228
1780037548.1419835,49.228
1780037548.1479611,49.229
1780037548.1539578,49.229
1780037548.1599858,49.229
1780037548.165928,49.229
1780037548.1719153,49.229
1780037548.1780756,49.229
1780037548.183963,49.229
1780037548.1900337,49.229
1780037548.195931,49.229
1780037548.2019217,49.229
1780037548.2080102,49.229
1780037548.2139595,49.229
1780037548.2200766,49.23
1780037548.225987,49.23
1780037548.231942,49.23
1780037548.2378342,49.23
1780037548.2439344,49.23
1780037548.24995,49.23
1780037548.2559724,49.23
1780037548.261983,49.229
1780037548.2680054,49.229
1780037548.2739298,49.229
1780037548.2800858,49.229
1780037548.285768,49.23
1780037548.2920525,49.229
1780037548.2980304,49.23
1780037548.3040216,49.23
1780037548.3098843,49.23
1780037548.315921,49.23
1780037548.3218362,49.229
1780037548.3275247,49.229
1780037548.334006,49.229
1780037548.340069,49.229
1780037548.345966,49.229
1780037548.3519824,49.229
1780037548.3578784,49.229
1780037548.3639598,49.229
1780037548.369989,49.229
1780037548.3760064,49.229
1780037548.3820174,49.23
1780037548.3879633,49.229
1780037548.3939981,49.23
1780037548.3998144,49.23
1780037548.4059148,49.23
1780037548.4120798,49.23
1780037548.4179587,49.23
1780037548.4240263,49.23
1780037548.4299233,49.229
1780037548.4360533,49.229
1780037548.441884,49.229
1780037548.4477577,49.228
1780037548.4540322,49.228
1780037548.4600017,49.229
1780037548.466009,49.229
1780037548.4718976,49.229
1780037548.4779782,49.229
1780037548.483929,49.229
1780037548.4898467,49.229
1780037548.4960353,49.229
1780037548.5019524,49.229
1780037548.5079596,49.228
1780037548.514057,49.228
1780037548.51987,49.228
1780037548.5259893,49.228
1780037548.5319993,49.228
1780037548.5379932,49.228
1780037548.544022,49.228
1780037548.5500064,49.229
1780037548.555865,49.229
1780037548.5619578,49.23
1780037548.5679662,49.229
1780037548.5739727,49.229
1780037548.5799687,49.229
1780037548.5860162,49.229
1780037548.5919006,49.228
1780037548.5980675,49.228
1780037548.6038408,49.228
1780037548.6100175,49.228
1780037548.6159723,49.228
1780037548.6220295,49.229
1780037548.628077,49.229
1780037548.6339505,49.229
1780037548.6399925,49.229
1780037548.6458411,49.229
1780037548.651913,49.229
1780037548.6579638,49.228
1780037548.6639507,49.228
1780037548.670031,49.229
1780037548.6759808,49.228
1780037548.682033,49.228
1780037548.6880646,49.228
1780037548.6940129,49.228
1780037548.7000277,49.228
1780037548.706026,49.228
1780037548.7120147,49.228
1780037548.7179143,49.229
1780037548.7239287,49.229
1780037548.7300258,49.229
1780037548.7359452,49.228
1780037548.7421157,49.229
1780037548.7482138,49.228
1780037548.7540476,49.228
1780037548.7600312,49.228
1780037548.765943,49.228
1780037548.772004,49.228
1780037548.778011,49.228
1780037548.7840192,49.229
1780037548.790037,49.228
1780037548.7960289,49.229
1780037548.8019083,49.229
1780037548.8080318,49.229
1780037548.8139362,49.229
1780037548.8199706,49.228
1780037548.82592,49.229
1780037548.8320773,49.228
1780037548.8379567,49.228
1780037548.8440118,49.229
1780037548.8499267,49.229
1780037548.8559916,49.229
1780037548.8619308,49.229
1780037548.8680234,49.23
1780037548.874031,49.229
1780037548.8800323,49.23
1780037548.885975,49.229
1780037548.8918488,49.229
1780037548.8979547,49.229
1780037548.9039915,49.229
1780037548.9099221,49.228
1780037548.916027,49.228
1780037548.9219394,49.228
1780037548.928021,49.228
1780037548.9340456,49.228
1780037548.9398506,49.228
1780037548.946006,49.228
1780037548.952042,49.228
1780037548.9580123,49.228
1780037548.963989,49.229
1780037548.9699922,49.229
1780037548.9758143,49.23
1780037548.9819272,49.23
1780037548.9880717,49.229
1780037548.9940472,49.229
1780037548.9999235,49.229
1780037549.0060396,49.228
1780037549.0119863,49.227
1780037549.0180378,49.227
1780037549.0238621,49.227
1780037549.0299618,49.227
1780037549.035954,49.227
1780037549.0420427,49.228
1780037549.0479956,49.227
1780037549.0539956,49.227
1780037549.0599751,49.228
1780037549.0660183,49.228
1780037549.0719204,49.228
1780037549.0779717,49.227
1780037549.0839343,49.228
1780037549.0900083,49.228
1780037549.0959725,49.228
1780037549.1020072,49.229
1780037549.1079288,49.228
1780037549.113843,49.228
1780037549.1199822,49.228
1780037549.1259825,49.228
1780037549.1320212,49.229
1780037549.1379797,49.229
1780037549.1440275,49.229
1780037549.149854,49.229
1780037549.1559176,49.229
1780037549.1620224,49.229
1780037549.1679802,49.228
1780037549.1739757,49.229
1780037549.1801534,49.229
1780037549.1859837,49.229
1780037549.1920342,49.229
1780037549.1978629,49.229
1780037549.2040172,49.229
1780037549.2099597,49.229
1780037549.21597,49.229
1780037549.2220402,49.23
1780037549.228033,49.23
1780037549.2340214,49.231
1780037549.2398407,49.231
1780037549.2459214,49.231
1780037549.251957,49.231
1780037549.2579565,49.231
1780037549.2640326,49.23
1780037549.2700012,49.229
1780037549.2760208,49.23
1780037549.281889,49.23
1780037549.2878847,49.23
1780037549.293958,49.23
1780037549.2999933,49.23
1780037549.3059835,49.23
1780037549.3119776,49.23
1780037549.3180246,49.23
1780037549.3238497,49.231
1780037549.329951,49.231
1780037549.3360088,49.232
1780037549.3419924,49.231
1780037549.3479986,49.231
1780037549.3540213,49.231
1780037549.3599777,49.232
1780037549.3660069,49.231
1780037549.3718402,49.231
1780037549.3780427,49.231
1780037549.384,49.231
1780037549.3900046,49.231
1780037549.396018,49.231
1780037549.402032,49.231
1780037549.407896,49.231
1780037549.4133224,49.231
1780037549.419084,49.231
1780037549.4249482,49.231
1780037549.430869,49.23
1780037549.4367306,49.231
1780037549.4428468,49.231
1780037549.4487686,49.231
1780037549.454819,49.231
1780037549.4606512,49.231
1780037549.4668148,49.231
1780037549.4728482,49.231
1780037549.478852,49.231
1780037549.4848056,49.231
1780037549.4907792,49.231
1780037549.4967988,49.231
1780037549.5026522,49.231
1780037549.5087426,49.231
1780037549.514882,49.232
1780037549.5207837,49.232
1780037549.5268652,49.232
1780037549.532958,49.232
1780037549.5387886,49.231
1780037549.5448596,49.232
1780037549.550647,49.231
1780037549.5567596,49.231
1780037549.562753,49.231
1780037549.5687606,49.232
1780037549.5748112,49.232
1780037549.5808163,49.233
1780037549.5866385,49.233
1780037549.5928764,49.232
1780037549.5987213,49.232
1780037549.6047974,49.232
1780037549.6107697,49.232
1780037549.6168373,49.232
1780037549.622793,49.231
1780037549.6288755,49.231
1780037549.6346636,49.231
1780037549.6407647,49.231
1780037549.646853,49.231
1780037549.652932,49.231
1780037549.6589196,49.232
1780037549.6647363,49.232
1780037549.6707854,49.232
1780037549.6768498,49.232
1780037549.682793,49.232
1780037549.6888695,49.232
1780037549.6947434,49.231
1780037549.70083,49.231
1780037549.7067919,49.231
1780037549.7127788,49.231
1780037549.718818,49.231
1780037549.7248335,49.231
1780037549.7309263,49.232
1780037549.7368817,49.232
1780037549.7429008,49.232
1780037549.7487473,49.232
1780037549.7547832,49.232
1780037549.7608054,49.233
1780037549.7666829,49.233
1780037549.7728517,49.232
1780037549.7788424,49.232
1780037549.7847297,49.232
1780037549.7908618,49.232
1780037549.796772,49.232
1780037549.8028631,49.232
1780037549.8086288,49.232
1780037549.8147516,49.232
1780037549.8208003,49.232
1780037549.826832,49.233
1780037549.8328195,49.234
1780037549.83876,49.235
1780037549.8447526,49.234
1780037549.8508599,49.234
1780037549.8567657,49.235
1780037549.862747,49.235
1780037549.868727,49.235
1780037549.8748226,49.235
1780037549.8807878,49.235
1780037549.8868732,49.236
1780037549.892708,49.235
1780037549.8986025,49.235
1780037549.9048748,49.235
1780037549.9108224,49.235
1780037549.9167845,49.235
1780037549.9227746,49.235
1780037549.9287927,49.235
1780037549.9346387,49.235
1780037549.9407518,49.236
1780037549.9468563,49.236
1780037549.9527388,49.235
1780037549.958802,49.235
1780037549.9648697,49.235
1780037549.9707696,49.235
1780037549.9768057,49.234
1780037549.982655,49.234
1780037549.9888062,49.234
1780037549.9948518,49.234
1780037550.0007992,49.234
1780037550.0068016,49.234
1780037550.0128527,49.234
1780037550.0188215,49.234
1780037550.0248377,49.234
1780037550.0307488,49.234
1780037550.0369108,49.234
1780037550.0428228,49.233
1780037550.048891,49.234
1780037550.0548022,49.234
1780037550.06087,49.234
1780037550.0667002,49.234
1780037550.0728607,49.235
1780037550.0789075,49.234
1780037550.0847735,49.235
1780037550.0907958,49.235
1780037550.0967834,49.235
1780037550.102827,49.235
1780037550.1086671,49.236
1780037550.1147394,49.236
1780037550.1207833,49.236
1780037550.1267161,49.235
1780037550.1328013,49.235
1780037550.138881,49.235
1780037550.1447563,49.235
1780037550.1508453,49.235
1780037550.1566787,49.235
1780037550.1627796,49.235
1780037550.1688006,49.235
1780037550.1748285,49.235
1780037550.1808124,49.235
1780037550.1868496,49.236
1780037550.1926625,49.236
1780037550.1981258,49.235
1780037550.2040014,49.235
1780037550.2098184,49.235
1780037550.215655,49.235
1780037550.2215698,49.234
1780037550.2277033,49.235
1780037550.2335696,49.235
1780037550.239647,49.235
1780037550.2454267,49.236
1780037550.2517576,49.236
1780037550.257822,49.235
1780037550.2636476,49.236
1780037550.2696426,49.235
1780037550.2755437,49.235
1780037550.281561,49.236
1780037550.2876115,49.236
1780037550.2935307,49.236
1780037550.2997217,49.236
1780037550.3055954,49.236
1780037550.3116567,49.236
1780037550.317774,49.236
1780037550.3235924,49.236
1780037550.3295906,49.236
1780037550.3354573,49.236
1780037550.3415961,49.236
1780037550.3476074,49.236
1780037550.3536339,49.236
1780037550.3596237,49.237
1780037550.365632,49.237
1780037550.3714917,49.237
1780037550.3774872,49.237
1780037550.382814,49.251
1780037550.388138,49.255
1780037550.3935792,50.004
1780037550.39887,50.007
1780037550.4041083,50.008
1780037550.4097564,50.018
1780037550.4151886,50.022
1780037550.4205227,50.025
1780037550.425773,50.031
1780037550.4313247,50.034
1780037550.436555,50.04
1780037550.4420857,50.043
1780037550.4473448,50.048
1780037550.4529364,50.052
1780037550.4581892,50.056
1780037550.46374,50.061
1780037550.4689777,50.066
1780037550.4744885,50.07
1780037550.479717,50.075
1780037550.4853392,50.077
1780037550.4905674,50.083
1780037550.4961393,50.086
1780037550.5015821,50.091
1780037550.5068865,50.095
1780037550.512125,50.099
1780037550.5177636,50.103
1780037550.523266,50.106
1780037550.5286655,50.112
1780037550.5340302,50.116
1780037550.5393472,50.12
1780037550.5445752,50.124
1780037550.5501375,50.128
1780037550.5555892,50.132
1780037550.56095,50.136
1780037550.566379,50.14
1780037550.571688,50.144
1780037550.5769265,50.147
1780037550.5825484,50.152
1780037550.5877872,50.157
1780037550.5933392,50.159
1780037550.5985682,50.164
1780037550.604147,50.167
1780037550.6095855,50.172
1780037550.6149294,50.175
1780037550.6201699,50.178
1780037550.6257432,50.183
1780037550.631,50.185
1780037550.6366625,50.19
1780037550.6420274,50.195
1780037550.6473203,50.198
1780037550.652556,50.202
1780037550.658135,50.205
1780037550.6635928,50.209
1780037550.668926,50.212
1780037550.6741672,50.216
1780037550.6797364,50.22
1780037550.6849794,50.224
1780037550.690481,50.227
1780037550.6957164,50.231
1780037550.7013025,50.233
1780037550.7065303,50.238
1780037550.7121036,50.241
1780037550.7173562,50.245
1780037550.7229378,50.248
1780037550.7281933,50.251
1780037550.733739,51.0
1780037550.738982,51.003
1780037550.744538,51.005
1780037550.7497926,51.009
1780037550.7553341,51.013
1780037550.76056,51.017
1780037550.766143,51.019
1780037550.7715955,51.023
1780037550.776896,51.026
1780037550.78215,51.03
1780037550.7877069,51.033
1780037550.792951,51.037
1780037550.7985046,51.039
1780037550.803733,51.043
1780037550.8093145,51.045
1780037550.8145392,51.05
1780037550.8201618,51.052
1780037550.8255947,51.056
1780037550.830931,51.059
1780037550.8361835,51.061
1780037550.8417451,51.066
1780037550.846991,51.068
1780037550.8524938,51.072
1780037550.85775,51.075
1780037550.8633063,51.078
1780037550.8685372,51.08
1780037550.8741477,51.084
1780037550.8794007,51.087
1780037550.8849385,51.09
1780037550.8901837,51.093
1780037550.8956969,51.096
1780037550.9009366,51.1
1780037550.9064913,51.102
1780037550.9117253,51.107
1780037550.9173427,51.107
1780037550.922568,51.111
1780037550.9281404,51.114
1780037550.9335809,51.118
1780037550.938934,51.12
1780037550.9441829,51.122
1780037550.94974,51.126
1780037550.9549847,51.129
1780037550.960493,51.131
1780037550.965746,51.135
1780037550.971306,51.137
1780037550.9765282,51.14
1780037550.9821358,51.143
1780037550.9873974,51.146
1780037550.9929311,51.148
1780037550.998181,51.151
1780037551.0036962,51.154
1780037551.0089371,51.157
1780037551.014502,51.16
1780037551.0197337,51.163
1780037551.0253527,51.164
1780037551.030589,51.168
1780037551.0361505,51.17
1780037551.0413985,51.173
1780037551.0469365,51.176
1780037551.0521882,51.178
1780037551.0577555,51.182
1780037551.0629985,51.184
1780037551.0685487,51.186
1780037551.073803,51.189
1780037551.0793624,51.191
1780037551.0845916,51.195
1780037551.0900865,51.196
1780037551.0953472,51.199
1780037551.1009643,51.202
1780037551.1064029,51.204
1780037551.111697,51.207
1780037551.116931,51.209
1780037551.1225033,51.212
1780037551.127735,51.216
1780037551.1333578,51.216
1780037551.1385863,51.22
1780037551.1440969,51.221
1780037551.1493485,51.224
1780037551.1549444,51.227
1780037551.1601996,51.228
1780037551.1657536,51.232
1780037551.1709888,51.234
1780037551.1765354,51.236
1780037551.1817873,51.239
1780037551.1873302,51.241
1780037551.1925633,51.244
1780037551.1981368,51.246
1780037551.2033985,51.249
1780037551.208891,51.25
1780037551.214297,51.247
1780037551.2203739,51.243
1780037551.2258787,51.237
1780037551.2318113,51.237
1780037551.2380302,51.236
1780037551.2440493,51.235
1780037551.250029,51.233
1780037551.2560096,51.231
1780037551.261979,51.228
1780037551.2680705,51.226
1780037551.2739737,51.223
1780037551.280083,51.221
1780037551.2860823,51.217
1780037551.2920864,51.215
1780037551.2980757,51.212
1780037551.3040109,51.209
1780037551.3100274,51.207
1780037551.316019,51.205
1780037551.3220196,51.202
1780037551.3280735,51.199
1780037551.3339665,51.196
1780037551.340137,51.194
1780037551.3461475,51.191
1780037551.3520691,51.189
1780037551.3580155,51.187
1780037551.3639824,51.185
1780037551.369958,51.182
1780037551.3759964,51.18
1780037551.3819633,51.178
1780037551.3881447,51.175
1780037551.393906,51.173
1780037551.4000554,51.171
1780037551.4061801,51.168
1780037551.4120922,51.166
1780037551.4180863,51.163
1780037551.4238694,51.161
1780037551.4299052,51.159
1780037551.4361136,51.157
1780037551.4419978,51.154
1780037551.448069,51.152
1780037551.4538112,51.15
1780037551.4601014,51.148
1780037551.4661362,51.145
1780037551.4720018,51.144
1780037551.478013,51.142
1780037551.4840865,51.14
1780037551.4899917,51.137
1780037551.4961455,51.136
1780037551.5019732,51.133
1780037551.5080554,51.13
1780037551.514014,51.128
1780037551.5201213,51.126
1780037551.526131,51.124
1780037551.5319479,51.122
1780037551.5379567,51.12
1780037551.5440965,51.117
1780037551.5500102,51.115
1780037551.5561204,51.113
1780037551.5623708,51.111
1780037551.5683458,51.109
1780037551.5741394,51.107
1780037551.5801466,51.105
1780037551.58615,51.102
1780037551.59205,51.101
1780037551.5980136,51.098
1780037551.6040611,51.097
1780037551.6099763,51.094
1780037551.6160712,51.092
1780037551.6220253,51.091
1780037551.6280253,51.089
1780037551.6340332,51.087
1780037551.6400967,51.086
1780037551.646107,51.084
1780037551.6520133,51.082
1780037551.658021,51.08
1780037551.6640575,51.078
1780037551.669978,51.075
1780037551.6764386,51.073
1780037551.682264,51.071
1780037551.6882486,51.07
1780037551.6939952,51.068
1780037551.700078,51.067
1780037551.7061372,51.065
1780037551.712004,51.063
1780037551.7180045,51.062
1780037551.7240682,51.06
1780037551.729959,51.058
1780037551.7360556,51.056
1780037551.7418015,51.054
1780037551.7481158,51.053
1780037551.7540538,51.052
1780037551.760115,51.05
1780037551.7661264,51.047
1780037551.7720208,51.045
1780037551.7779725,51.043
1780037551.7840698,51.041
1780037551.789961,51.039
1780037551.7960427,51.038
1780037551.8020391,51.037
1780037551.8080738,51.036
1780037551.8139596,51.034
1780037551.8200676,51.033
1780037551.826116,51.03
1780037551.832095,51.029
1780037551.8380487,51.027
1780037551.8440838,51.025
1780037551.8498816,51.023
1780037551.856,51.022
1780037551.8621125,51.02
1780037551.8681219,51.019
1780037551.8739114,51.017
1780037551.880074,51.016
1780037551.8861215,51.014
1780037551.8920925,51.013
1780037551.8980405,51.011
1780037551.9040654,51.009
1780037551.9100242,51.007
1780037551.9160316,51.007
1780037551.9220424,51.006
1780037551.9280303,51.004
1780037551.933894,51.003
1780037551.9400828,51.001
1780037551.9461427,50.255
1780037551.9521236,50.254
1780037551.9580054,50.252
1780037551.9640372,50.25
1780037551.9700596,50.249
1780037551.9760578,50.247
1780037551.9820507,50.247
1780037551.9880607,50.245
1780037551.9940138,50.243
1780037552.0000277,50.241
1780037552.0061035,50.24
1780037552.0121505,50.238
1780037552.0179856,50.236
1780037552.0240214,50.234
1780037552.0300183,50.233
1780037552.036083,50.231
1780037552.042027,50.23
1780037552.04803,50.229
1780037552.0540118,50.227
1780037552.060032,50.225
1780037552.066158,50.223
1780037552.0721364,50.222
1780037552.0779867,50.22
1780037552.0840654,50.219
1780037552.0899906,50.218
1780037552.0960813,50.217
1780037552.1020353,50.215
1780037552.1080332,50.214
1780037552.1140459,50.213
1780037552.120086,50.211
1780037552.1261325,50.21
1780037552.1321406,50.209
1780037552.1379325,50.207
1780037552.1440334,50.206
1780037552.15011,50.205
1780037552.1561007,50.204
1780037552.1619334,50.203
1780037552.1680007,50.201
1780037552.1741338,50.2
1780037552.1800814,50.199
1780037552.186048,50.197
1780037552.1920862,50.196
1780037552.197881,50.195
1780037552.204001,50.194
1780037552.2100694,50.193
1780037552.2160707,50.192
1780037552.2219312,50.191
1780037552.2280095,50.19
1780037552.2340105,50.189
1780037552.240016,50.188
1780037552.246043,50.187
1780037552.2520788,50.185
1780037552.2578971,50.184
1780037552.2641025,50.183
1780037552.2700825,50.182
1780037552.2760825,50.18
1780037552.281924,50.18
1780037552.2879941,50.178
1780037552.294035,50.177
1780037552.3000727,50.177
1780037552.3060362,50.175
1780037552.312129,50.174
1780037552.317859,50.172
1780037552.3240652,50.171
1780037552.3300676,50.169
1780037552.3360763,50.169
1780037552.34187,50.168
1780037552.3480086,50.166
1780037552.3541396,50.165
1780037552.3600316,50.164
1780037552.3659706,50.163
1780037552.3720746,50.162
1780037552.3780649,50.161
1780037552.3840992,50.16
1780037552.3900254,50.158
1780037552.396075,50.158
1780037552.4019556,50.157
1780037552.4080594,50.156
1780037552.4140704,50.155
1780037552.4200838,50.154
1780037552.4259596,50.152
1780037552.4320657,50.152
1780037552.4380789,50.151
1780037552.4440634,50.15
1780037552.4500637,50.149
1780037552.4560688,50.149
1780037552.4619687,50.148
1780037552.4679933,50.147
1780037552.4741378,50.146
1780037552.4800897,50.145
1780037552.485951,50.144
1780037552.4920616,50.143
1780037552.498008,50.142
1780037552.5040748,50.14
1780037552.5100327,50.139
1780037552.5160804,50.139
1780037552.5220654,50.138
1780037552.5280101,50.136
1780037552.5340774,50.135
1780037552.5400844,50.135
1780037552.5459478,50.134
1780037552.5520813,50.133
1780037552.5579355,50.132
1780037552.5640423,50.131
1780037552.57006,50.131
1780037552.5760648,50.13
1780037552.5819645,50.129
1780037552.587906,50.128
1780037552.5940971,50.127
1780037552.6000404,50.126
1780037552.60595,50.125
1780037552.6120496,50.124
1780037552.6180978,50.123
1780037552.624084,50.122
1780037552.63007,50.121
1780037552.636081,50.12
1780037552.6420887,50.12
1780037552.6480136,50.119
1780037552.6541545,50.118
1780037552.6600733,50.117
1780037552.6659863,50.116
1780037552.6720753,50.115
1780037552.6780372,50.114
1780037552.6840873,50.113
1780037552.6901126,50.113
1780037552.6961274,50.113
1780037552.7019348,50.112
1780037552.7079804,50.111
1780037552.714079,50.11
1780037552.720069,50.11
1780037552.7260106,50.108
1780037552.7320879,50.108
1780037552.7378747,50.107
1780037552.7441225,50.106
1780037552.750076,50.106
1780037552.7560756,50.105
1780037552.7619464,50.105
1780037552.767985,50.104
1780037552.7741196,50.103
1780037552.7800632,50.103
1780037552.7860742,50.101
1780037552.7921064,50.101
1780037552.7979069,50.1
1780037552.8040082,50.099
1780037552.8100414,50.098
1780037552.8161073,50.097
1780037552.821944,50.097
1780037552.8280108,50.096
1780037552.8342285,50.095
1780037552.8401227,50.094
1780037552.8460865,50.093
1780037552.8521073,50.092
1780037552.8579316,50.091
1780037552.8640444,50.091
1780037552.8700953,50.09
1780037552.876096,50.089
1780037552.8820128,50.089
1780037552.8880353,50.089
1780037552.8941026,50.088
1780037552.9000845,50.087
1780037552.9061317,50.086
1780037552.9121046,50.086
1780037552.9179819,50.085
1780037552.9240196,50.085
1780037552.9300034,50.084
1780037552.93604,50.083
1780037552.9420185,50.083
1780037552.948055,50.083
1780037552.9540074,50.082
1780037552.960056,50.082
1780037552.9661245,50.081
1780037552.9721136,50.08
1780037552.977981,50.079
1780037552.9840379,50.079
1780037552.9900706,50.078
1780037552.9960954,50.077
1780037553.0020955,50.077
1780037553.008078,50.076
1780037553.013978,50.075
1780037553.0200489,50.074
1780037553.0260909,50.073
1780037553.032111,50.073
1780037553.037994,50.072
1780037553.044082,50.07
1780037553.049831,50.07
1780037553.0561352,50.069
1780037553.062058,50.069
1780037553.0681107,50.068
1780037553.0739365,50.068
1780037553.0800955,50.067
1780037553.0861597,50.066
1780037553.0921504,50.065
1780037553.0980484,50.064
1780037553.104113,50.064
1780037553.1098976,50.063
1780037553.1161172,50.062
1780037553.1220367,50.063
1780037553.1281009,50.062
1780037553.1339226,50.061
1780037553.1400874,50.06
1780037553.1461496,50.06
1780037553.152115,50.059
1780037553.157996,50.058
1780037553.1641152,50.058
1780037553.1699216,50.057
1780037553.1761308,50.057
1780037553.182013,50.057
1780037553.1880586,50.056
1780037553.1940014,50.056
1780037553.2001019,50.056
1780037553.2062242,50.055
1780037553.2120297,50.055
1780037553.218051,50.054
1780037553.2240982,50.054
1780037553.2299824,50.053
1780037553.2360246,50.052
1780037553.2420142,50.052
1780037553.248063,50.052
1780037553.2540352,50.052
1780037553.2601054,50.052
1780037553.2661078,50.051
1780037553.2720315,50.05
1780037553.2780404,50.049
1780037553.284104,50.049
1780037553.2900157,50.048
1780037553.296059,50.048
1780037553.3019612,50.048
1780037553.3080766,50.048
1780037553.3140762,50.048
1780037553.3201256,50.048
1780037553.3260877,50.047
1780037553.3320997,50.046
1780037553.338048,50.045
1780037553.3441682,50.044
1780037553.3499942,50.044
1780037553.3560925,50.044
1780037553.3620632,50.044
1780037553.3681118,50.044
1780037553.374064,50.044
1780037553.380137,50.043
1780037553.386119,50.042
1780037553.3920345,50.042
1780037553.3980496,50.041
1780037553.4040947,50.041
1780037553.4100502,50.04
1780037553.4161336,50.04
1780037553.4218817,50.04
1780037553.4281182,50.04
1780037553.4341364,50.04
1780037553.4401667,50.04
1780037553.4461727,50.039
1780037553.452103,50.038
1780037553.4581003,50.038
1780037553.4641633,50.038
1780037553.4700515,50.037
1780037553.4761114,50.037
1780037553.4819012,50.036
1780037553.4881437,50.037
1780037553.494057,50.037
1780037553.5000927,50.036
1780037553.5061195,50.036
1780037553.5119882,50.035
1780037553.5179846,50.035
1780037553.5241232,50.034
1780037553.5300393,50.033
1780037553.5361514,50.033
1780037553.5419822,50.032
1780037553.5480723,50.032
1780037553.5540435,50.032
1780037553.560117,50.032
1780037553.5661464,50.031
1780037553.5719867,50.032
1780037553.5779932,50.031
1780037553.5840533,50.031
1780037553.5900364,50.03
1780037553.5963721,50.03
1780037553.6020412,50.029
1780037553.6080403,50.029
1780037553.6141279,50.028
1780037553.6201613,50.029
1780037553.62623,50.028
1780037553.632008,50.028
1780037553.638036,50.028
1780037553.6440504,50.027
1780037553.6500595,50.027
1780037553.6561298,50.027
1780037553.6620412,50.027
1780037553.6681166,50.027
1780037553.6738842,50.026
1780037553.680155,50.026
1780037553.6861897,50.026
1780037553.692095,50.026
1780037553.6980743,50.025
1780037553.704035,50.025
1780037553.7099895,50.024
1780037553.7161713,50.024
1780037553.7220452,50.024
1780037553.7281075,50.023
1780037553.7339487,50.023
1780037553.7401168,50.023
1780037553.7461295,50.022
1780037553.7520368,50.022
1780037553.7580996,50.022
1780037553.7639713,50.021
1780037553.76999,50.021
1780037553.776053,50.021
1780037553.7820458,50.02
1780037553.7881675,50.02
1780037553.7940147,50.019
1780037553.8000968,50.019
1780037553.8061032,50.019
1780037553.8120928,50.019
1780037553.818099,50.019
1780037553.8240185,50.018
1780037553.8300378,50.018
1780037553.83606,50.018
1780037553.8420804,50.018
1780037553.8481033,50.017
1780037553.8540084,50.017
1780037553.8601232,50.017
1780037553.8661675,50.016
1780037553.8718734,50.016
1780037553.8781338,50.015
1780037553.884068,50.016
1780037553.8900523,50.015
1780037553.8960161,50.015
1780037553.9020429,50.015
1780037553.9080703,50.014
1780037553.9140506,50.014
1780037553.9201198,50.014
1780037553.9262125,50.014
1780037553.9320164,50.013
1780037553.9380465,50.013
1780037553.944151,50.013
1780037553.9501123,50.012
1780037553.9560773,50.012
1780037553.962086,50.012
1780037553.9681175,50.011
1780037553.974137,50.011
1780037553.9801378,50.011
1780037553.9862204,50.01
1780037553.9920468,50.01
1780037553.998078,50.01
1780037554.0040023,50.009
1780037554.0100985,50.009
1780037554.0160985,50.009
1780037554.0221148,50.009
1780037554.0279667,50.009
1780037554.033991,50.008
1780037554.0400858,50.008
1780037554.0462892,50.006
1780037554.052152,50.006
1780037554.058167,50.006
1780037554.0639544,50.005
1780037554.0700035,50.004
1780037554.0760865,50.004
1780037554.082109,50.004
1780037554.088021,50.004
1780037554.0940537,50.004
1780037554.1000907,50.004
1780037554.1061974,50.003
1780037554.112088,50.003
1780037554.1181452,50.003
1780037554.1240902,50.002
1780037554.1301072,50.002
1780037554.1359117,50.002
1780037554.142033,50.002
1780037554.1481335,50.002
1780037554.1540859,50.001
1780037554.160011,50.002
1780037554.1661134,50.001
1780037554.1720219,50.002
1780037554.178165,50.002
1780037554.1840596,50.001
1780037554.1901367,50.001
1780037554.1960049,50.0
1780037554.202102,50.001
1780037554.2080529,50.0
1780037554.2141323,50.0
1780037554.220091,50.0
1780037554.226248,49.255
1780037554.2321134,49.255
1780037554.2380185,49.254
1780037554.2439492,49.254
1780037554.2501192,49.253
1780037554.2560844,49.252
1780037554.26216,49.252
1780037554.267989,49.251
1780037554.2740924,49.251
1780037554.280077,49.252
1780037554.2861545,49.252
1780037554.2921712,49.252
1780037554.297975,49.252
1780037554.3040464,49.252
1780037554.3100975,49.251
1780037554.316074,49.251
1780037554.3221152,49.25
1780037554.3280182,49.249
1780037554.334096,49.249
1780037554.3400254,49.249
1780037554.3461058,49.248
1780037554.3520713,49.248
1780037554.3581111,49.248
1780037554.3641186,49.249
1780037554.3698993,49.248
1780037554.375982,49.249
1780037554.3821917,49.249
1780037554.3880696,49.249
1780037554.3941414,49.249
1780037554.4000752,49.249
1780037554.4061282,49.248
1780037554.4120734,49.248
1780037554.4181023,49.248
1780037554.4241128,49.248
1780037554.4300234,49.248
1780037554.43607,49.248
1780037554.4420824,49.248
1780037554.447997,49.247
1780037554.4541218,49.247
1780037554.4600985,49.247
1780037554.4661095,49.246
1780037554.472097,49.246
1780037554.4778872,49.246
1780037554.4841082,49.246
1780037554.4900877,49.245
1780037554.4961283,49.246
1780037554.5020273,49.245
1780037554.508023,49.245
1780037554.5141413,49.245
1780037554.520073,49.245
1780037554.5261574,49.244
1780037554.5321336,49.244
1780037554.5380492,49.244
1780037554.5440912,49.244
1780037554.54988,49.243
1780037554.5561223,49.243
1780037554.5620992,49.243
1780037554.568092,49.243
1780037554.57399,49.244
1780037554.5800178,49.244
1780037554.58607,49.243
1780037554.592131,49.243
1780037554.5980735,49.243
1780037554.6041787,49.242
1780037554.6100001,49.242
1780037554.6161003,49.243
1780037554.6220813,49.243
1780037554.6280513,49.243
1780037554.6340964,49.243
1780037554.6400895,49.244
1780037554.6461358,49.243
1780037554.6520517,49.243
1780037554.658047,49.243
1780037554.6641452,49.243
1780037554.6700652,49.242
1780037554.676119,49.242
1780037554.6819477,49.242
1780037554.6880457,49.241
1780037554.6940708,49.242
1780037554.7001486,49.242
1780037554.7060971,49.242
1780037554.7119985,49.242
1780037554.7180324,49.242
1780037554.724061,49.241
1780037554.7300708,49.241
1780037554.736198,49.24
1780037554.7420204,49.24
1780037554.7481449,49.24
1780037554.7541063,49.24
1780037554.7601104,49.24
1780037554.7660944,49.24
1780037554.7721212,49.24
1780037554.7781196,49.241
1780037554.7839406,49.241
1780037554.7900186,49.24
1780037554.7961802,49.24
1780037554.8020432,49.24
1780037554.8081808,49.24
1780037554.814025,49.24
1780037554.820077,49.24
1780037554.8260636,49.24
1780037554.8321223,49.241
1780037554.8381262,49.24
1780037554.84406,49.241
1780037554.850093,49.241
1780037554.8559635,49.24
1780037554.8620272,49.24
1780037554.8680985,49.24
1780037554.8740277,49.24
1780037554.8802,49.24
1780037554.88605,49.239
1780037554.8919325,49.24
1780037554.898047,49.239
1780037554.9041598,49.239
1780037554.9101493,49.239
1780037554.9160385,49.238
1780037554.9220548,49.239
1780037554.9280894,49.239
1780037554.934041,49.239
1780037554.9401307,49.239
1780037554.9460444,49.239
1780037554.9520931,49.239
1780037554.9581273,49.239
1780037554.963907,49.239
1780037554.970134,49.239
1780037554.9762218,49.238
1780037554.9821825,49.238
1780037554.988,49.239
1780037554.994077,49.239
1780037555.0001452,49.239
1780037555.006083,49.239
1780037555.012087,49.239
1780037555.0181222,49.238
1780037555.0241067,49.238
1780037555.0301023,49.237
1780037555.035881,49.237
1780037555.0421023,49.237
1780037555.048066,49.237
1780037555.0540638,49.237
1780037555.0600317,49.237
1780037555.0660582,49.237
1780037555.0720425,49.237
1780037555.0780683,49.236
1780037555.0840592,49.236
1780037555.090122,49.236
1780037555.0960321,49.236
1780037555.102099,49.236
1780037555.1081166,49.236
1780037555.1140943,49.236
1780037555.1200829,49.236
1780037555.1260936,49.236
1780037555.1320956,49.237
1780037555.1379294,49.237
1780037555.1440222,49.236
1780037555.1501098,49.235
1780037555.156037,49.235
1780037555.1621418,49.235
1780037555.1680503,49.235
1780037555.174075,49.235
1780037555.1801538,49.235
1780037555.1861062,49.235
1780037555.1920981,49.235
1780037555.198121,49.236
1780037555.2041194,49.236
1780037555.2100165,49.236
1780037555.2160118,49.236
1780037555.2220857,49.236
1780037555.228062,49.235
1780037555.234142,49.236
1780037555.2400875,49.235
1780037555.2460456,49.235
1780037555.252091,49.234
1780037555.2580955,49.235
1780037555.264071,49.234
1780037555.270119,49.234
1780037555.2761302,49.234
1780037555.281934,49.234
1780037555.288046,49.234
1780037555.2940495,49.234
1780037555.3000386,49.233
1780037555.306109,49.233
1780037555.3121371,49.233
1780037555.3180459,49.232
1780037555.3241408,49.232
1780037555.3298852,49.232
1780037555.3361073,49.232
1780037555.342153,49.233
1780037555.3481367,49.233
1780037555.35401,49.233
1780037555.3600857,49.234
1780037555.3659484,49.234
1780037555.3715847,49.233
1780037555.3781157,49.233
1780037555.384168,49.233
1780037555.3900173,49.232
1780037555.396132,49.233
1780037555.401915,49.233
1780037555.4080267,49.232
1780037555.4141643,49.233
1780037555.4201362,49.233
1780037555.4259944,49.233
1780037555.4320376,49.233
1780037555.4380114,49.233
1780037555.4441648,49.233
1780037555.4500265,49.233
1780037555.4561236,49.232
1780037555.4620705,49.232
1780037555.4681456,49.231
1780037555.47389,49.232
1780037555.4801342,49.232
1780037555.48613,49.232
1780037555.4921105,49.232
1780037555.4981298,49.232
1780037555.503939,49.231
1780037555.5100687,49.232
1780037555.5160635,49.231
1780037555.5222602,49.231
1780037555.5281434,49.231
1780037555.5340977,49.23
1780037555.540173,49.23
1780037555.546016,49.23
1780037555.5519054,49.23
1780037555.558105,49.23
1780037555.5641484,49.231
1780037555.5701056,49.23
1780037555.5760124,49.23
1780037555.582048,49.231
1780037555.5880632,49.231
1780037555.5939913,49.231
1780037555.600121,49.23
1780037555.6060631,49.231
1780037555.6120005,49.229
1780037555.6181557,49.23
1780037555.623905,49.229
1780037555.6301186,49.228
1780037555.636072,49.228
1780037555.6420789,49.229
1780037555.6480215,49.228
1780037555.6540198,49.229
1780037555.6600573,49.228
1780037555.6660752,49.228
1780037555.672147,49.228
1780037555.6782029,49.228
1780037555.6840746,49.228
1780037555.690104,49.227
1780037555.6961124,49.227
1780037555.7021294,49.228
1780037555.7081425,49.227
1780037555.7141817,49.228
1780037555.7200363,49.228
1780037555.726563,49.227
1780037555.7327168,49.227
1780037555.7388253,49.227
1780037555.7448092,49.227
1780037555.7508318,49.227
1780037555.7566466,49.227
1780037555.762746,49.227
1780037555.7688625,49.227
1780037555.7747655,49.227
1780037555.7804973,49.228
1780037555.786491,49.228
1780037555.7925525,49.227
1780037555.7983866,49.227
1780037555.8042703,49.227
1780037555.8100696,49.226
1780037555.8160427,49.226
1780037555.8221438,49.227
1780037555.8280935,49.226
1780037555.8341506,49.226
1780037555.8399973,49.226
1780037555.84616,49.226
1780037555.8522165,49.226
1780037555.8580856,49.226
1780037555.864078,49.226
1780037555.870093,49.226
1780037555.87609,49.226
1780037555.882144,49.226
1780037555.8880792,49.226
1780037555.894184,49.226
1780037555.9000654,49.226
1780037555.9061906,49.226
1780037555.9122496,49.225
1780037555.9179907,49.225
1780037555.9241047,49.225
1780037555.93007,49.226
1780037555.9361272,49.225
1780037555.9421067,49.225
1780037555.9480946,49.226
1780037555.9540436,49.225
1780037555.9600384,49.225
1780037555.9662135,49.225
1780037555.9722629,49.224
1780037555.978125,49.224
1780037555.9841433,49.224
1780037555.9900312,49.224
1780037555.9961264,49.224
1780037556.0021048,49.224
1780037556.0081544,49.224
1780037556.014114,49.225
1780037556.0201476,49.224
1780037556.0260112,49.224
1780037556.0321856,49.224
1780037556.0381174,49.223
1780037556.044194,49.223
1780037556.0501037,49.223
1780037556.0562158,49.223
1780037556.0620966,49.223
1780037556.0680997,49.224
1780037556.0738993,49.224
1780037556.0801895,49.224
1780037556.0861478,49.224
1780037556.0922608,49.224
1780037556.0981948,49.224
1780037556.1039882,49.224
1780037556.11007,49.224
1780037556.1161132,49.223
1780037556.1220977,49.223
1780037556.1281357,49.223
1780037556.1340559,49.223
1780037556.1401598,49.223
1780037556.1460352,49.223
1780037556.1521745,49.223
1780037556.158187,49.223
1780037556.1641266,49.223
1780037556.1701293,49.224
1780037556.1760397,49.223
1780037556.1820893,49.223
1780037556.1881208,49.223
1780037556.1940298,49.223
1780037556.2001777,49.223
1780037556.206073,49.223
1780037556.2121332,49.223
1780037556.2181418,49.223
1780037556.223937,49.224
1780037556.230123,49.224
1780037556.2360537,49.223
1780037556.2421596,49.224
1780037556.248075,49.224
1780037556.2540488,49.225
1780037556.260186,49.225
1780037556.2661076,49.224
1780037556.2721832,49.223
1780037556.2781408,49.224
1780037556.2841074,49.223
1780037556.290202,49.223
1780037556.2960234,49.223
1780037556.302099,49.223
1780037556.3081262,49.223
1780037556.3140976,49.223
1780037556.3201644,49.224
1780037556.3261359,49.224
1780037556.3321254,49.224
1780037556.3381548,49.224
1780037556.3440385,49.224
1780037556.3501654,49.224
1780037556.3560405,49.224
1780037556.3621612,49.224
1780037556.3680274,49.224
1780037556.3741424,49.223
1780037556.380152,49.224
1780037556.386143,49.224
1780037556.3921056,49.224
1780037556.3981154,49.224
1780037556.4041355,49.224
1780037556.4099545,49.225
1780037556.4160347,49.224
1780037556.4220877,49.224
1780037556.4280374,49.225
1780037556.4341395,49.224
1780037556.440047,49.224
1780037556.4461505,49.225
1780037556.4519827,49.224
1780037556.4581573,49.224
1780037556.4641433,49.224
1780037556.4702184,49.225
1780037556.476193,49.225
1780037556.4820082,49.225
1780037556.488039,49.226
1780037556.4941506,49.225
1780037556.5000806,49.226
1780037556.506224,49.226
1780037556.5121133,49.225
1780037556.5181231,49.225
1780037556.5241964,49.225
1780037556.5299623,49.225
1780037556.5360982,49.225
1780037556.5421922,49.225
1780037556.5481832,49.225
1780037556.554042,49.225
1780037556.5600727,49.225
1780037556.566166,49.225
1780037556.5721214,49.225
1780037556.5781128,49.225
1780037556.5842276,49.225
1780037556.590107,49.225
1780037556.5961509,49.225
1780037556.6020246,49.225
1780037556.608094,49.226
1780037556.6141438,49.225
1780037556.6201518,49.225
1780037556.6261547,49.226
1780037556.6321728,49.226
1780037556.6381345,49.225
1780037556.6442573,49.226
1780037556.6501563,49.226
1780037556.6562002,49.225
1780037556.6620812,49.225
1780037556.668179,49.226
1780037556.6740913,49.226
1780037556.6801803,49.226
1780037556.6860175,49.226
1780037556.6921027,49.226
1780037556.6980817,49.227
1780037556.7041535,49.227
1780037556.7101529,49.227
1780037556.715948,49.227
1780037556.7220542,49.227
1780037556.7281146,49.227
1780037556.734061,49.227
1780037556.740188,49.227
1780037556.7461095,49.227
1780037556.7521036,49.227
1780037556.7581644,49.227
1780037556.7639332,49.227
1780037556.7700927,49.227
1780037556.7761638,49.227
1780037556.7821255,49.227
1780037556.788108,49.227
1780037556.794123,49.227
1780037556.799962,49.227
1780037556.8060584,49.227
1780037556.8122187,49.227
1780037556.818232,49.227
1780037556.8241057,49.227
1780037556.830193,49.227
1780037556.8360198,49.227
1780037556.8421073,49.228
1780037556.8481302,49.228
1780037556.8541627,49.228
1780037556.8601363,49.229
1780037556.8661432,49.229
1780037556.8720033,49.23
1780037556.8774397,49.229
1780037556.8832858,49.23
1780037556.8892345,49.23
1780037556.8949914,49.23
1780037556.900863,49.229
1780037556.9070213,49.229
1780037556.9128745,49.229
1780037556.918984,49.229
1780037556.924755,49.229
1780037556.9309506,49.23
1780037556.9369855,49.229
1780037556.942888,49.229
1780037556.9488862,49.229
1780037556.9548576,49.23
1780037556.9609134,49.229
1780037556.9667225,49.23
1780037556.9728525,49.23
1780037556.978856,49.23
1780037556.984857,49.23
1780037556.990954,49.23
1780037556.9970186,49.23
1780037557.0028515,49.231
1780037557.0089333,49.231
1780037557.0147169,49.23
1780037557.0210526,49.23
1780037557.0268953,49.23
1780037557.032871,49.23
1780037557.038898,49.23
1780037557.0449114,49.23
1780037557.0507593,49.23
1780037557.0569553,49.23
1780037557.0628865,49.229
1780037557.0690064,49.23
1780037557.0748987,49.229
1780037557.080949,49.229
1780037557.0868623,49.228
1780037557.0929563,49.228
1780037557.0988178,49.228
1780037557.1049244,49.228
1780037557.1109834,49.228
1780037557.1171277,49.228
1780037557.1231325,49.228
1780037557.1289246,49.228
1780037557.1349509,49.229
1780037557.1407752,49.228
1780037557.1468556,49.228
1780037557.1528637,49.228
1780037557.1589077,49.228
1780037557.164967,49.228
1780037557.1709416,49.228
1780037557.1769242,49.228
1780037557.1829445,49.228
1780037557.1887317,49.228
1780037557.1949518,49.229
1780037557.2009516,49.229
1780037557.2069252,49.229
1780037557.2128823,49.23
1780037557.2188835,49.23
1780037557.2247634,49.23
1780037557.230832,49.23
1780037557.236986,49.229
1780037557.2429495,49.23
1780037557.2488458,49.229
1780037557.254966,49.229
1780037557.2608368,49.228
1780037557.2669263,49.229
1780037557.2729208,49.229
1780037557.2789195,49.229
1780037557.2849271,49.229
1780037557.290933,49.23
1780037557.296919,49.23
1780037557.302795,49.23
1780037557.3088086,49.23
1780037557.3149006,49.23
1780037557.3209007,49.229
1780037557.326969,49.228
1780037557.3328454,49.228
1780037557.3389983,49.228
1780037557.3448281,49.228
1780037557.3509212,49.228
1780037557.3569803,49.228
1780037557.3629138,49.228
1780037557.3689115,49.228
1780037557.374937,49.229
1780037557.3808987,49.229
1780037557.3868544,49.229
1780037557.3928223,49.229
1780037557.3989222,49.229
1780037557.4049513,49.229
1780037557.410991,49.228
1780037557.4169316,49.228
1780037557.4229264,49.228
1780037557.4290113,49.228
1780037557.4347746,49.227
1780037557.4412386,49.227
1780037557.4470835,49.227
1780037557.4531083,49.228
1780037557.4589086,49.228
1780037557.4648964,49.228
1780037557.4707806,49.228
1780037557.4769378,49.229
1780037557.4828405,49.228
1780037557.4889946,49.228
1780037557.4949002,49.228
1780037557.5010047,49.228
1780037557.5068886,49.228
1780037557.512941,49.228
1780037557.5187767,49.227
1780037557.5249114,49.227
1780037557.5308924,49.228
1780037557.5370085,49.227
1780037557.5429232,49.227
1780037557.548905,49.227
1780037557.5549374,49.227
1780037557.5608435,49.227
1780037557.5667932,49.227
1780037557.572945,49.227
1780037557.5788755,49.227
1780037557.5850146,49.228
1780037557.5909145,49.227
1780037557.596918,49.227
1780037557.6029792,49.228
1780037557.6087987,49.227
1780037557.614934,49.227
1780037557.620925,49.227
1780037557.6268919,49.227
1780037557.6329327,49.227
1780037557.6389015,49.227
1780037557.644775,49.227
1780037557.6508582,49.228
1780037557.6568336,49.228
1780037557.6624649,49.227
1780037557.6684432,49.228
1780037557.674384,49.227
1780037557.6804276,49.227
1780037557.686263,49.227
1780037557.6923485,49.228
1780037557.698094,49.228
1780037557.7040818,49.228
1780037557.70988,49.229
1780037557.7159138,49.229
1780037557.721973,49.229
1780037557.7277937,49.229
1780037557.733712,49.229
1780037557.7397602,49.229
1780037557.745669,49.229
1780037557.7516916,49.229
1780037557.757703,49.229
1780037557.7637897,49.229
1780037557.769658,49.229
1780037557.7757425,49.229
1780037557.7818651,49.228
1780037557.7875686,49.228
1780037557.793686,49.228
1780037557.7996929,49.228
1780037557.805689,49.228
1780037557.811697,49.228
1780037557.8177369,49.228
1780037557.8235524,49.228
1780037557.82971,49.228
1780037557.8357255,49.228
1780037557.8418431,49.227
1780037557.8477056,49.227
1780037557.8537543,49.227
1780037557.859676,49.226
1780037557.8657486,49.226
1780037557.8715785,49.226
1780037557.877786,49.227
1780037557.883706,49.226
1780037557.8897738,49.226
1780037557.8957393,49.227
1780037557.9018388,49.226
1780037557.907789,49.226
1780037557.9135747,49.227
1780037557.919641,49.227
1780037557.9257283,49.226
1780037557.9315681,49.226
1780037557.9377236,49.226
1780037557.9436471,49.226
1780037557.9498146,49.226
1780037557.9556923,49.226
1780037557.961656,49.226
1780037557.9677207,49.226
1780037557.973693,49.226
1780037557.9797666,49.226
1780037557.9857244,49.226
1780037557.991712,49.226
1780037557.9976385,49.227
1780037558.00365,49.227
1780037558.0097506,49.227
1780037558.0156326,49.227
1780037558.0217404,49.226
1780037558.0278058,49.227
1780037558.033681,49.227
1780037558.03979,49.227
1780037558.045693,49.227
1780037558.0517318,49.227
1780037558.0575576,49.227
1780037558.0636752,49.226
1780037558.0697997,49.227
1780037558.0757673,49.227
1780037558.0817144,49.227
1780037558.0877013,49.227
1780037558.0937214,49.227
1780037558.0995615,49.227
1780037558.105675,49.227
1780037558.1116917,49.226
1780037558.1176817,49.227
1780037558.1237435,49.226
1780037558.129752,49.226
1780037558.1358144,49.226
1780037558.141659,49.226
1780037558.1475759,49.226
1780037558.1537173,49.225
1780037558.159717,49.225
1780037558.165831,49.225
1780037558.1717103,49.225
1780037558.1777513,49.226
1780037558.1835701,49.226
1780037558.1897435,49.225
1780037558.195698,49.225
1780037558.20172,49.225
1780037558.2076614,49.224
1780037558.2137616,49.225
1780037558.2197123,49.224
1780037558.2257242,49.224
1780037558.2316117,49.224
1780037558.2377167,49.224
1780037558.24377,49.224
1780037558.249725,49.224
1780037558.2557793,49.225
1780037558.261811,49.225
1780037558.2677684,49.225
1780037558.273613,49.225
1780037558.2797077,49.226
1780037558.2857354,49.225
1780037558.291573,49.225
1780037558.297803,49.226
1780037558.303658,49.225
1780037558.309877,49.225
1780037558.315648,49.225
1780037558.3216867,49.224
1780037558.3277483,49.225
1780037558.3337553,49.225
1780037558.3398042,49.225
1780037558.345757,49.225
1780037558.351699,49.224
1780037558.3577025,49.225
1780037558.3637094,49.225
1780037558.3697438,49.225
1780037558.3756542,49.225
1780037558.3817904,49.225
1780037558.3877838,49.225
1780037558.3937201,49.225
1780037558.3998125,49.225
1780037558.4056947,49.225
1780037558.4117465,49.225
1780037558.4175847,49.225
1780037558.4237123,49.225
1780037558.4298916,49.226
1780037558.4358602,49.226
1780037558.4417334,49.226
1780037558.4476814,49.226
1780037558.4537265,49.226
1780037558.4596784,49.226
1780037558.4656348,49.225
1780037558.4717913,49.225
1780037558.477707,49.226
1780037558.4837494,49.226
1780037558.4897099,49.226
1780037558.4957566,49.226
1780037558.501656,49.226
1780037558.507567,49.225
1780037558.5137756,49.226
1780037558.519692,49.226
1780037558.52569,49.226
1780037558.531707,49.226
1780037558.5377402,49.227
1780037558.5435753,49.227
1780037558.5497606,49.228
1780037558.5556967,49.227
1780037558.5617166,49.228
1780037558.5677934,49.228
1780037558.5737803,49.227
1780037558.5797768,49.227
1780037558.5857868,49.227
1780037558.5916243,49.226
1780037558.5977259,49.227
1780037558.6037555,49.227
1780037558.6097367,49.226
1780037558.6157506,49.226
1780037558.6217659,49.226
1780037558.6278002,49.226
1780037558.6336195,49.226
1780037558.6396968,49.226
1780037558.6457655,49.226
1780037558.6516519,49.226
1780037558.6577814,49.227
1780037558.663661,49.227
1780037558.6698427,49.227
1780037558.6756918,49.227
1780037558.681822,49.227
1780037558.6878808,49.227
1780037558.6937268,49.227
1780037558.6997082,49.227
1780037558.7058005,49.227
1780037558.7117674,49.228
1780037558.7176979,49.228
1780037558.7237175,49.228
1780037558.7295485,49.228
1780037558.7356591,49.228
1780037558.7417543,49.228
1780037558.7478182,49.227
1780037558.753706,49.227
1780037558.759764,49.227
1780037558.765727,49.228
1780037558.771752,49.227
1780037558.7775927,49.227
1780037558.7837493,49.227
1780037558.7898617,49.227
1780037558.7958295,49.227
1780037558.8017533,49.228
1780037558.8078334,49.227
1780037558.81378,49.227
1780037558.8195674,49.227
1780037558.8256514,49.226
1780037558.8317142,49.227
1780037558.8376865,49.227
1780037558.8437517,49.227
1780037558.8497434,49.227
1780037558.8557618,49.227
1780037558.8616576,49.228
1780037558.8676393,49.224
1780037558.8734155,49.241
1780037558.8786683,49.244
1780037558.8842251,49.248
1780037558.8894682,49.253
1780037558.8950717,50.001
1780037558.9005086,50.007
1780037558.9058652,50.011
1780037558.9111025,50.016
1780037558.9166281,50.02
1780037558.9218764,50.025
1780037558.9274278,50.029
1780037558.9326677,50.035
1780037558.9382896,50.038
1780037558.943515,50.043
1780037558.9490204,50.047
1780037558.954284,50.052
1780037558.9598336,50.056
1780037558.9651434,50.061
1780037558.9706318,50.065
1780037558.9758718,50.068
1780037558.9814203,50.073
1780037558.986666,50.078
1780037558.9922261,50.082
1780037558.9974487,50.086
1780037559.0030577,50.089
1780037559.008311,50.095
1780037559.0138128,50.098
1780037559.0190513,50.103
1780037559.024631,50.107
1780037559.029876,50.111
1780037559.0354655,50.115
1780037559.0407047,50.12
1780037559.0462549,50.123
1780037559.051496,50.128
1780037559.057014,50.131
1780037559.062265,50.136
1780037559.067811,50.139
1780037559.073052,50.143
1780037559.0786695,50.148
1780037559.0839255,50.151
1780037559.0894136,50.155
1780037559.0946667,50.159
1780037559.1002283,50.163
1780037559.1054523,50.167
1780037559.1110256,50.17
1780037559.1162808,50.174
1780037559.1218708,50.178
1780037559.1271148,50.183
1780037559.1326637,50.186
1780037559.1379087,50.19
1780037559.1434178,50.194
1780037559.1486452,50.198
1780037559.1542864,50.2
1780037559.159518,50.205
1780037559.1650667,50.208
1780037559.1703193,50.212
1780037559.1758227,50.215
1780037559.1810606,50.218
1780037559.1866915,50.224
1780037559.192116,50.226
1780037559.1974285,50.23
1780037559.2026818,50.234
1780037559.2082384,50.237
1780037559.2134626,50.241
1780037559.219038,50.243
1780037559.224294,50.248
1780037559.2298782,50.251
1780037559.235125,50.255
1780037559.2406244,51.002
1780037559.2458642,51.005
1780037559.2514238,51.009
1780037559.2566428,51.014
1780037559.2622817,51.015
1780037559.2674983,51.019
1780037559.2730453,51.022
1780037559.2783053,51.026
1780037559.2838223,51.029
1780037559.289074,51.032
1780037559.2946842,51.036
1780037559.2999127,51.039
1780037559.3055012,51.042
1780037559.310929,51.046
1780037559.31622,51.048
1780037559.3214362,51.052
1780037559.3270216,51.055
1780037559.3322842,51.058
1780037559.3378665,51.061
1780037559.343113,51.065
1780037559.3486261,51.068
1780037559.3538702,51.071
1780037559.3594224,51.074
1780037559.3646603,51.079
1780037559.3702877,51.08
1780037559.37551,51.084
1780037559.381034,51.086
1780037559.3862877,51.09
1780037559.3918293,51.092
1780037559.397075,51.095
1780037559.4026814,51.099
1780037559.407916,51.101
1780037559.413432,51.104
1780037559.4186876,51.108
1780037559.4242706,51.11
1780037559.42951,51.114
1780037559.4350755,51.116
1780037559.4403276,51.12
1780037559.4458733,51.122
1780037559.4511194,51.125
1780037559.4566808,51.128
1780037559.4619184,51.131
1780037559.4674313,51.134
1780037559.4726605,51.138
1780037559.478356,51.139
1780037559.4837554,51.143
1780037559.4890292,51.145
1780037559.4942877,51.148
1780037559.4998221,51.151
1780037559.5050642,51.153
1780037559.5106356,51.157
1780037559.5158663,51.158
1780037559.5214689,51.162
1780037559.5267193,51.165
1780037559.5322187,51.167
1780037559.5374472,51.17
1780037559.5430264,51.173
1780037559.5482903,51.175
1780037559.5538814,51.178
1780037559.559128,51.181
1780037559.5646596,51.183
1780037559.5699008,51.186
1780037559.5754154,51.187
1780037559.5807645,51.192
1780037559.5862656,51.193
1780037559.5914907,51.197
1780037559.5970695,51.198
1780037559.602318,51.201
1780037559.6078293,51.204
1780037559.6130729,51.206
1780037559.6186838,51.209
1780037559.623917,51.211
1780037559.6294677,51.214
1780037559.6347165,51.217
1780037559.640227,51.219
1780037559.645453,51.222
1780037559.651037,51.224
1780037559.6562955,51.227
1780037559.6618676,51.228
1780037559.6671119,51.231
1780037559.6726747,51.234
1780037559.6779034,51.236
1780037559.6834307,51.238
1780037559.6889353,51.242
1780037559.694232,51.242
1780037559.6994586,51.245
1780037559.7052891,51.237
1780037559.7116694,51.235
1780037559.7176647,51.234
1780037559.723523,51.233
1780037559.7293277,51.231
1780037559.7353263,51.23
1780037559.7412372,51.229
1780037559.7472622,51.227
1780037559.753384,51.224
1780037559.7593465,51.222
1780037559.7652516,51.22
1780037559.7713208,51.217
1780037559.777269,51.215
1780037559.7833934,51.211
1780037559.7900245,51.209
1780037559.7965446,51.206
1780037559.8025577,51.203
1780037559.8085854,51.201
1780037559.8146029,51.198
1780037559.8205698,51.196
1780037559.826559,51.193
1780037559.8325353,51.19
1780037559.8386035,51.188
1780037559.8445268,51.185
1780037559.8505933,51.182
1780037559.856486,51.179
1780037559.8625653,51.177
1780037559.8685226,51.175
1780037559.8745315,51.172
1780037559.8805168,51.17
1780037559.8865054,51.167
1780037559.8925133,51.165
1780037559.898612,51.162
1780037559.9044902,51.16
1780037559.9106457,51.158
1780037559.9164345,51.155
1780037559.9226243,51.154
1780037559.9286191,51.152
1780037559.934595,51.15
1780037559.9404879,51.147
1780037559.9464831,51.144
1780037559.9526553,51.142
1780037559.9586248,51.14
1780037559.964531,51.137
1780037559.9705992,51.135
1780037559.9764044,51.134
1780037559.9826531,51.131
1780037559.9886396,51.129
1780037559.994595,51.127
1780037560.00047,51.125
1780037560.0064776,51.123
1780037560.0126123,51.121
1780037560.0186005,51.119
1780037560.0245209,51.116
1780037560.0306296,51.114
1780037560.0363674,51.112
1780037560.0426304,51.11
1780037560.0485978,51.108
1780037560.0545967,51.105
1780037560.0604334,51.104
1780037560.0664494,51.102
1780037560.0726058,51.099
1780037560.0786617,51.098
1780037560.0845196,51.096
1780037560.0905821,51.094
1780037560.096364,51.092
1780037560.102561,51.09
1780037560.1086245,51.088
1780037560.1145856,51.086
1780037560.1205945,51.084
1780037560.126531,51.082
1780037560.1326532,51.08
1780037560.1386142,51.078
1780037560.1445065,51.076
1780037560.1505747,51.075
1780037560.15634,51.073
1780037560.1626084,51.071
1780037560.1686187,51.07
1780037560.1746013,51.068
1780037560.180563,51.066
1780037560.1864698,51.064
1780037560.1926126,51.062
1780037560.1986232,51.06
1780037560.2045457,51.058
1780037560.2105765,51.056
1780037560.2165837,51.054
1780037560.2225847,51.052
1780037560.228592,51.05
1780037560.234581,51.049
1780037560.240601,51.047
1780037560.246514,51.045
1780037560.2525675,51.043
1780037560.2586422,51.041
1780037560.264553,51.04
1780037560.2705681,51.038
1780037560.276576,51.036
1780037560.282618,51.035
1780037560.288592,51.033
1780037560.2945828,51.032
1780037560.3004422,51.03
1780037560.306461,51.028
1780037560.3126035,51.025
1780037560.3186007,51.024
1780037560.3245673,51.022
1780037560.3306017,51.02
1780037560.3363442,51.018
1780037560.3426523,51.017
1780037560.348584,51.016
1780037560.3545403,51.015
1780037560.3604262,51.013
1780037560.366504,51.012
1780037560.3726044,51.01
1780037560.3786104,51.008
1780037560.384562,51.006
1780037560.3906007,51.005
1780037560.3963513,51.003
1780037560.4025939,51.002
1780037560.4086034,51.001
1780037560.4145858,50.255
1780037560.4205997,50.254
1780037560.426523,50.252
1780037560.43263,50.251
1780037560.4386315,50.249
1780037560.4445443,50.247
1780037560.4505858,50.246
1780037560.4563482,50.244
1780037560.462626,50.243
1780037560.46858,50.241
1780037560.4745514,50.24
1780037560.4805841,50.238
1780037560.486439,50.237
1780037560.492645,50.236
1780037560.4986484,50.234
1780037560.504511,50.233
1780037560.5105984,50.231
1780037560.5166032,50.23
1780037560.5226057,50.228
1780037560.5285885,50.227
1780037560.5345914,50.226
1780037560.5406141,50.225
1780037560.5465944,50.223
1780037560.5526633,50.221
1780037560.558621,50.221
1780037560.5645013,50.219
1780037560.5705805,50.218
1780037560.5765631,50.217
1780037560.582556,50.216
1780037560.588607,50.214
1780037560.5945797,50.213
1780037560.6004694,50.211
1780037560.6065452,50.21
1780037560.61261,50.209
1780037560.6186125,50.207
1780037560.6244943,50.206
1780037560.6305735,50.205
1780037560.6364787,50.204
1780037560.6425872,50.203
1780037560.6486008,50.202
1780037560.654579,50.201
1780037560.6606095,50.2
1780037560.66658,50.198
1780037560.672663,50.197
1780037560.6786084,50.196
1780037560.6844997,50.194
1780037560.6905718,50.193
1780037560.6965957,50.191
1780037560.702592,50.19
1780037560.7085967,50.189
1780037560.7145529,50.188
1780037560.7203882,50.187
1780037560.726467,50.186
1780037560.7326202,50.184
1780037560.7386527,50.183
1780037560.7445474,50.182
1780037560.7505684,50.181
1780037560.7566123,50.18
1780037560.762617,50.179
1780037560.768579,50.178
1780037560.7745507,50.178
1780037560.780566,50.176
1780037560.786596,50.175
1780037560.7926128,50.173
1780037560.798657,50.172
1780037560.8045144,50.171
1780037560.810552,50.17
1780037560.816652,50.169
1780037560.8226464,50.168
1780037560.828566,50.168
1780037560.8345516,50.167
1780037560.8405654,50.166
1780037560.8466187,50.165
1780037560.852668,50.164
1780037560.858572,50.163
1780037560.8645172,50.162
1780037560.870561,50.161
1780037560.8765755,50.16
1780037560.8825574,50.159
1780037560.8885992,50.158
1780037560.8946388,50.158
1780037560.9005976,50.157
1780037560.9065008,50.156
1780037560.9126093,50.155
1780037560.9186115,50.154
1780037560.9245665,50.152
1780037560.9305928,50.152
1780037560.9365523,50.15
1780037560.942603,50.15
1780037560.9486182,50.149
1780037560.9545953,50.148
1780037560.9605427,50.147
1780037560.966499,50.146
1780037560.97266,50.144
1780037560.9786339,50.144
1780037560.9845252,50.142
1780037560.990604,50.14
1780037560.9965312,50.139
1780037561.0025885,50.138
1780037561.008593,50.137
1780037561.014619,50.136
1780037561.0204582,50.135
1780037561.0265236,50.134
1780037561.0325606,50.133
1780037561.0386899,50.132
1780037561.0445344,50.132
1780037561.0506606,50.131
1780037561.0564582,50.131
1780037561.0625393,50.13
1780037561.0686262,50.129
1780037561.0745761,50.128
1780037561.0805206,50.128
1780037561.086553,50.128
1780037561.0925515,50.126
1780037561.0986905,50.125
1780037561.1045496,50.124
1780037561.1106093,50.123
1780037561.1165283,50.122
1780037561.12261,50.122
1780037561.1286297,50.121
1780037561.1345885,50.12
1780037561.1405504,50.12
1780037561.1465302,50.12
1780037561.152563,50.119
1780037561.158559,50.117
1780037561.1645548,50.116
1780037561.170657,50.115
1780037561.1765194,50.114
1780037561.1825502,50.113
1780037561.1888208,50.113
1780037561.194782,50.112
1780037561.200587,50.112
1780037561.2065768,50.111
1780037561.2125676,50.11
1780037561.2185853,50.109
1780037561.224537,50.108
1780037561.230606,50.107
1780037561.2365618,50.106
1780037561.2425895,50.105
1780037561.2484674,50.105
1780037561.2546117,50.104
1780037561.2605975,50.104
1780037561.2665687,50.103
1780037561.272648,50.102
1780037561.2786078,50.102
1780037561.2845027,50.1
1780037561.2906845,50.099
1780037561.2965624,50.099
1780037561.3026438,50.098
1780037561.3084118,50.097
1780037561.3146315,50.097
1780037561.3206148,50.096
1780037561.3266225,50.096
1780037561.3326273,50.095
1780037561.3386166,50.094
1780037561.344478,50.094
1780037561.350661,50.093
1780037561.356558,50.092
1780037561.3626094,50.092
1780037561.3684728,50.091
1780037561.374581,50.091
1780037561.3805735,50.09
1780037561.3865628,50.09
1780037561.3925886,50.089
1780037561.3984675,50.089
1780037561.404488,50.089
1780037561.410674,50.088
1780037561.4165459,50.088
1780037561.4226294,50.087
1780037561.4285097,50.086
1780037561.4345744,50.086
1780037561.440607,50.085
1780037561.4466133,50.085
1780037561.4525988,50.084
1780037561.4585123,50.083
1780037561.464549,50.082
1780037561.4706106,50.082
1780037561.4765213,50.08
1780037561.4826238,50.08
1780037561.488534,50.08
1780037561.4946146,50.079
1780037561.5006104,50.079
1780037561.506668,50.078
1780037561.5125873,50.077
1780037561.5186186,50.076
1780037561.5245972,50.075
1780037561.5304277,50.075
1780037561.5365264,50.074
1780037561.5426097,50.074
1780037561.5485892,50.073
1780037561.5546272,50.072
1780037561.560533,50.071
1780037561.5665734,50.071
1780037561.5725737,50.07
1780037561.578624,50.07
1780037561.5846224,50.069
1780037561.5905266,50.069
1780037561.5965028,50.068
1780037561.6025677,50.067
1780037561.608451,50.066
1780037561.6146336,50.065
1780037561.6205106,50.065
1780037561.6266255,50.065
1780037561.6325946,50.064
1780037561.6385887,50.064
1780037561.6445556,50.063
1780037561.6506114,50.063
1780037561.656607,50.063
1780037561.6624193,50.062
1780037561.6684744,50.061
1780037561.6746135,50.06
1780037561.6805468,50.06
1780037561.6866326,50.06
1780037561.6925044,50.059
1780037561.698411,50.059
1780037561.704642,50.058
1780037561.7106032,50.057
1780037561.7165806,50.057
1780037561.722493,50.056
1780037561.7285156,50.056
1780037561.7345772,50.056
1780037561.740537,50.055
1780037561.7466593,50.054
1780037561.7525656,50.054
1780037561.7585156,50.053
1780037561.7645936,50.052
1780037561.770705,50.051
1780037561.7766695,50.051
1780037561.7826166,50.051
1780037561.788619,50.051
1780037561.7946203,50.05
1780037561.8004928,50.05
1780037561.80664,50.049
1780037561.8125794,50.049
1780037561.8185916,50.048
1780037561.8246362,50.048
1780037561.8304207,50.046
1780037561.8366566,50.046
1780037561.8425958,50.045
1780037561.8486845,50.046
1780037561.8544807,50.045
1780037561.8605459,50.044
1780037561.8666432,50.044
1780037561.8725288,50.044
1780037561.8785336,50.043
1780037561.8846881,50.043
1780037561.8905225,50.042
1780037561.896579,50.041
1780037561.9025912,50.041
1780037561.9085763,50.04
1780037561.9145741,50.041
1780037561.9205573,50.041
1780037561.9265819,50.04
1780037561.9325368,50.039
1780037561.9384992,50.039
1780037561.944613,50.039
1780037561.9505897,50.038
1780037561.956606,50.037
1780037561.962412,50.037
1780037561.968748,50.037
1780037561.9746757,50.036
1780037561.980633,50.036
1780037561.9864812,50.036
1780037561.9925797,50.035
1780037561.9985042,50.034
1780037562.0046852,50.034
1780037562.0105486,50.033
1780037562.0166159,50.032
1780037562.0225213,50.032
1780037562.0285435,50.032
1780037562.034639,50.032
1780037562.0405715,50.032
1780037562.0465913,50.032
1780037562.052626,50.031
1780037562.0585654,50.03
1780037562.0645888,50.03
1780037562.0705757,50.029
1780037562.0766373,50.029
1780037562.0826087,50.028
1780037562.0886154,50.029
1780037562.094424,50.029
1780037562.1006663,50.028
1780037562.1065834,50.028
1780037562.1126564,50.028
1780037562.1186378,50.028
1780037562.1244392,50.027
1780037562.1305337,50.027
1780037562.1366284,50.026
1780037562.1425958,50.026
1780037562.1486268,50.026
1780037562.154568,50.025
1780037562.160577,50.025
1780037562.1663537,50.025
1780037562.1726182,50.024
1780037562.1786504,50.024
1780037562.1846154,50.023
1780037562.1906192,50.023
1780037562.196393,50.023
1780037562.2025096,50.022
1780037562.2086658,50.022
1780037562.214594,50.021
1780037562.2206147,50.021
1780037562.2264638,50.021
1780037562.2326095,50.02
1780037562.2386525,50.019
1780037562.2446601,50.019
1780037562.2507088,50.019
1780037562.2565174,50.018
1780037562.2625477,50.018
1780037562.268589,50.017
1780037562.2745917,50.016
1780037562.2806175,50.016
1780037562.2865987,50.015
1780037562.2925887,50.014
1780037562.2986176,50.014
1780037562.3044,50.014
1780037562.310644,50.013
1780037562.31657,50.013
1780037562.322591,50.013
1780037562.3285043,50.013
1780037562.3345463,50.012
1780037562.3405814,50.012
1780037562.3465474,50.012
1780037562.3526576,50.012
1780037562.3586366,50.012
1780037562.3645222,50.011
1780037562.370611,50.011
1780037562.3765767,50.011
1780037562.3826075,50.01
1780037562.3885837,50.011
1780037562.394574,50.011
1780037562.4004455,50.011
1780037562.4065392,50.011
1780037562.412648,50.01
1780037562.41864,50.01
1780037562.4245288,50.01
1780037562.4306273,50.009
1780037562.4364483,50.009
1780037562.4425642,50.008
1780037562.448624,50.008
1780037562.4546192,50.008
1780037562.4605558,50.008
1780037562.4665828,50.008
1780037562.472501,50.009
1780037562.478645,50.008
1780037562.4845946,50.009
1780037562.4906237,50.008
1780037562.496581,50.008
1780037562.5025964,50.007
1780037562.5084147,50.007
1780037562.5146146,50.007
1780037562.5205827,50.007
1780037562.5265996,50.007
1780037562.532522,50.007
1780037562.5384827,50.006
1780037562.5445268,50.005
1780037562.5507078,50.005
1780037562.5565636,50.005
1780037562.5626233,50.005
1780037562.5685217,50.005
1780037562.574626,50.005
1780037562.5806234,50.005
1780037562.586613,50.005
1780037562.5925684,50.006
1780037562.598527,50.005
1780037562.6045399,50.005
1780037562.6105995,50.005
1780037562.6165853,50.004
1780037562.6226478,50.004
1780037562.6285508,50.004
1780037562.634645,50.004
1780037562.6403887,50.004
1780037562.6466274,50.004
1780037562.6526308,50.004
1780037562.6586087,50.004
1780037562.6645858,50.003
1780037562.670628,50.003
1780037562.676503,50.002
1780037562.6826003,50.001
1780037562.6885438,50.001
1780037562.69466,50.001
1780037562.700529,50.001
1780037562.7065806,50.001
1780037562.7126615,50.001
1780037562.7185552,50.001
1780037562.724574,50.0
1780037562.7306097,50.0
1780037562.7365701,50.0
1780037562.7424574,50.0
1780037562.7485049,50.0
1780037562.7547007,50.0
1780037562.7605727,49.255
1780037562.7666707,49.254
1780037562.7725778,49.254
1780037562.7784376,49.254
1780037562.784575,49.253
1780037562.790637,49.253
1780037562.7966611,49.253
1780037562.8025615,49.253
1780037562.8085616,49.253
1780037562.8146071,49.252
1780037562.8204682,49.252
1780037562.8266757,49.252
1780037562.8325737,49.252
1780037562.8385537,49.251
1780037562.844629,49.251
1780037562.8504124,49.251
1780037562.8566449,49.251
1780037562.8626754,49.251
1780037562.8686612,49.25
1780037562.874551,49.25
1780037562.8805652,49.251
1780037562.88662,49.251
1780037562.8926196,49.251
1780037562.898666,49.25
1780037562.9046943,49.251
1780037562.9105504,49.25
1780037562.9166436,49.25
1780037562.9225154,49.25
1780037562.9285886,49.25
1780037562.934608,49.25
1780037562.940605,49.25
1780037562.9464664,49.25
1780037562.9525561,49.25
1780037562.9586422,49.249
1780037562.9646692,49.249
1780037562.970549,49.249
1780037562.9766338,49.249
1780037562.982496,49.249
1780037562.988588,49.249
1780037562.9946134,49.249
1780037563.000628,49.249
1780037563.0065722,49.249
1780037563.0125983,49.249
1780037563.0185845,49.248
1780037563.0245733,49.248
1780037563.0305927,49.247
1780037563.0366273,49.247
1780037563.0425513,49.247
1780037563.0486374,49.247
1780037563.054415,49.247
1780037563.0606663,49.247
1780037563.066605,49.246
1780037563.07268,49.246
1780037563.078729,49.246
1780037563.0844717,49.245
1780037563.0905526,49.245
1780037563.096672,49.244
1780037563.1025903,49.244
1780037563.1086504,49.244
1780037563.1147387,49.244
1780037563.1207843,49.244
1780037563.1266267,49.243
1780037563.1327038,49.243
1780037563.1388972,49.243
1780037563.144797,49.243
1780037563.1507187,49.243
1780037563.15664,49.242
1780037563.162525,49.242
1780037563.168719,49.242
1780037563.1745658,49.242
1780037563.1806502,49.242
1780037563.1865685,49.241
1780037563.192658,49.242
1780037563.1987498,49.241
1780037563.204587,49.242
1780037563.2106023,49.242
1780037563.2166498,49.242
1780037563.222655,49.242
1780037563.2284667,49.242
1780037563.2345567,49.243
1780037563.2406697,49.242
1780037563.2465913,49.242
1780037563.2526486,49.243
1780037563.2587392,49.242
1780037563.2645164,49.242
1780037563.2705855,49.241
1780037563.2765572,49.241
1780037563.282604,49.242
1780037563.2886338,49.242
1780037563.2946208,49.242
1780037563.300463,49.242
1780037563.3065393,49.242
1780037563.3126569,49.242
1780037563.3187668,49.242
1780037563.3246572,49.242
1780037563.3306403,49.242
1780037563.3365664,49.242
1780037563.3426132,49.241
1780037563.3486385,49.241
1780037563.3546329,49.241
1780037563.3606317,49.241
1780037563.3666353,49.241
1780037563.3725357,49.242
1780037563.3787007,49.241
1780037563.3846037,49.241
1780037563.39071,49.24
1780037563.3965993,49.24
1780037563.4026759,49.24
1780037563.4085479,49.24
1780037563.4146605,49.241
1780037563.4204187,49.24
1780037563.4266424,49.24
1780037563.4326804,49.24
1780037563.438793,49.239
1780037563.4447012,49.24
1780037563.4504766,49.239
1780037563.4565277,49.24
1780037563.4626982,49.239
1780037563.4685814,49.239
1780037563.4746473,49.239
1780037563.480544,49.239
1780037563.4866264,49.239
1780037563.4924834,49.239
1780037563.498629,49.239
1780037563.5046546,49.239
1780037563.5106015,49.239
1780037563.5165968,49.239
1780037563.5224814,49.238
1780037563.5285506,49.239
1780037563.5346048,49.238
1780037563.5405543,49.238
1780037563.5466664,49.238
1780037563.5525966,49.238
1780037563.55858,49.238
1780037563.5646148,49.238
1780037563.5706458,49.237
1780037563.5766122,49.238
1780037563.5826178,49.238
1780037563.5886397,49.237
1780037563.5945182,49.237
1780037563.6005456,49.237
1780037563.6066463,49.237
1780037563.6125996,49.237
1780037563.618713,49.236
1780037563.624664,49.236
1780037563.6305654,49.236
1780037563.636617,49.236
1780037563.6426318,49.236
1780037563.6487112,49.236
1780037563.654707,49.236
1780037563.6606812,49.236
1780037563.6665175,49.236
1780037563.672538,49.236
1780037563.6786778,49.235
1780037563.6847003,49.237
1780037563.6905951,49.236
1780037563.6966412,49.236
1780037563.702594,49.236
1780037563.7086205,49.235
1780037563.7146556,49.235
1780037563.720612,49.236
1780037563.7266839,49.235
1780037563.7326791,49.236
1780037563.7386153,49.236
1780037563.7444987,49.235
1780037563.75055,49.235
1780037563.75665,49.235
1780037563.7625961,49.235
1780037563.768689,49.235
1780037563.7745523,49.235
1780037563.7805924,49.235
1780037563.786685,49.234
1780037563.7927606,49.234
1780037563.7986233,49.234
1780037563.8045976,49.234
1780037563.810604,49.234
1780037563.8165781,49.235
1780037563.822575,49.234
1780037563.8286426,49.234
1780037563.8345582,49.235
1780037563.840678,49.234
1780037563.8465476,49.235
1780037563.8526216,49.234
1780037563.8586187,49.234
1780037563.8646224,49.234
1780037563.8706348,49.234
1780037563.8766348,49.234
1780037563.88266,49.234
1780037563.8885093,49.233
1780037563.8945856,49.233
1780037563.900617,49.233
1780037563.9065735,49.233
1780037563.9126914,49.233
1780037563.918636,49.233
1780037563.9246247,49.233
1780037563.9307048,49.233
1780037563.9364548,49.232
1780037563.9426813,49.232
1780037563.948591,49.231
1780037563.9552965,49.232
1780037563.9611156,49.233
1780037563.9670043,49.232
1780037563.972816,49.233
1780037563.9787233,49.232
1780037563.9846778,49.232
1780037563.9906824,49.232
1780037563.9965386,49.232
1780037564.0027118,49.232
1780037564.008534,49.232
1780037564.0146055,49.231
1780037564.0206444,49.232
1780037564.0265954,49.232
1780037564.0326104,49.232
1780037564.0386562,49.232
1780037564.0445926,49.232
1780037564.0506759,49.232
1780037564.0565732,49.231
1780037564.062689,49.232
1780037564.0685802,49.231
1780037564.0747247,49.231
1780037564.0805638,49.231
1780037564.0866182,49.232
1780037564.092652,49.231
1780037564.098692,49.231
1780037564.1047091,49.23
1780037564.1106343,49.231
1780037564.116644,49.231
1780037564.122644,49.231
1780037564.1285467,49.231
1780037564.1346805,49.231
1780037564.1405635,49.231
1780037564.1467268,49.231
1780037564.1525798,49.23
1780037564.1585605,49.23
1780037564.1646192,49.23
1780037564.1707237,49.23
1780037564.1768043,49.23
1780037564.182653,49.23
1780037564.1886132,49.231
1780037564.1945152,49.231
1780037564.2005384,49.23
1780037564.2066102,49.23
1780037564.212605,49.23
1780037564.218645,49.229
1780037564.2246823,49.229
1780037564.2305837,49.229
1780037564.2366326,49.229
1780037564.2424407,49.229
1780037564.2486386,49.229
1780037564.2546852,49.229
1780037564.2606688,49.229
1780037564.266576,49.229
1780037564.2725987,49.229
1780037564.2785242,49.229
1780037564.2846296,49.229
1780037564.2905939,49.229
1780037564.2966576,49.229
1780037564.3026242,49.228
1780037564.3086727,49.228
1780037564.314459,49.228
1780037564.3205986,49.228
1780037564.3267179,49.228
1780037564.332699,49.229
1780037564.3385642,49.229
1780037564.3445191,49.229
1780037564.3505788,49.229
1780037564.3566349,49.229
1780037564.3626168,49.229
1780037564.3686345,49.229
1780037564.3745852,49.229
1780037564.3806877,49.229
1780037564.3865066,49.229
1780037564.3926272,49.229
1780037564.3987055,49.229
1780037564.404619,49.229
1780037564.410599,49.229
1780037564.4165785,49.229
1780037564.422648,49.229
1780037564.4286647,49.228
1780037564.434614,49.228
1780037564.4406548,49.228
1780037564.4465923,49.228
1780037564.452715,49.228
1780037564.4586122,49.228
1780037564.4644809,49.227
1780037564.4706197,49.228
1780037564.4766133,49.227
1780037564.482669,49.227
1780037564.4886355,49.227
1780037564.4946434,49.227
1780037564.5004935,49.227
1780037564.506534,49.227
1780037564.5127218,49.228
1780037564.5185935,49.228
1780037564.524668,49.227
1780037564.5307133,49.227
1780037564.5365834,49.227
1780037564.5426426,49.226
1780037564.5486438,49.226
1780037564.5546224,49.226
1780037564.5606844,49.227
1780037564.5667055,49.227
1780037564.5725303,49.228
1780037564.5786483,49.228
1780037564.5847309,49.227
1780037564.5907044,49.227
1780037564.5965552,49.226
1780037564.6026702,49.226
1780037564.6085885,49.225
1780037564.614679,49.225
1780037564.620455,49.226
1780037564.626679,49.225
1780037564.6326604,49.225
1780037564.6387367,49.226
1780037564.6447651,49.225
1780037564.6505866,49.225
1780037564.6565883,49.225
1780037564.6625984,49.225
1780037564.6685345,49.224
1780037564.6747065,49.224
1780037564.6805475,49.224
1780037564.6867008,49.223
1780037564.692526,49.224
1780037564.698675,49.223
1780037564.704747,49.223
1780037564.710662,49.223
1780037564.7166626,49.223
1780037564.722622,49.223
1780037564.7286124,49.223
1780037564.7346861,49.224
1780037564.74061,49.224
1780037564.7467465,49.224
1780037564.752702,49.224
1780037564.758722,49.225
1780037564.7647865,49.224
1780037564.770532,49.224
1780037564.7766287,49.224
1780037564.782668,49.224
1780037564.78863,49.224
1780037564.7946432,49.224
1780037564.8006911,49.224
1780037564.8065062,49.224
1780037564.8125513,49.225
1780037564.818661,49.224
1780037564.8247674,49.224
1780037564.830691,49.224
1780037564.8366926,49.224
1780037564.8426178,49.224
1780037564.8486497,49.224
1780037564.8544416,49.224
1780037564.8606405,49.224
1780037564.866624,49.224
1780037564.8726206,49.225
1780037564.8785565,49.224
1780037564.8846765,49.224
1780037564.8906176,49.225
1780037564.8966472,49.225
1780037564.902566,49.225
1780037564.9086869,49.224
1780037564.9146314,49.223
1780037564.9206831,49.224
1780037564.926487,49.224
1780037564.9327166,49.225
1780037564.9386873,49.225
1780037564.9448333,49.225
1780037564.9507945,49.225
1780037564.9565659,49.226
1780037564.962588,49.225
1780037564.968649,49.225
1780037564.9745739,49.225
1780037564.9807289,49.224
1780037564.9866037,49.224
1780037564.9927285,49.224
1780037564.998606,49.225
1780037565.004674,49.224
1780037565.0106597,49.224
1780037565.0166068,49.224
1780037565.0226269,49.225
1780037565.0286314,49.224
1780037565.0348907,49.225
1780037565.040754,49.225
1780037565.0466955,49.225
1780037565.0526116,49.225
1780037565.058632,49.225
1780037565.0646935,49.224
1780037565.0707178,49.225
1780037565.0765748,49.225
1780037565.0826871,49.224
1780037565.0885108,49.224
1780037565.0946171,49.224
1780037565.1004436,49.224
1780037565.106699,49.224
1780037565.1126287,49.224
1780037565.1186306,49.224
1780037565.1246536,49.225
1780037565.130531,49.225
1780037565.1365793,49.225
1780037565.1426306,49.225
1780037565.1485279,49.225
1780037565.1547318,49.225
1780037565.1605544,49.225
1780037565.1666849,49.224
1780037565.172526,49.225
1780037565.1786263,49.225
1780037565.1846905,49.225
1780037565.190698,49.225
1780037565.1966927,49.225
1780037565.202621,49.225
1780037565.2086504,49.225
1780037565.2144904,49.225
1780037565.2205863,49.225
1780037565.2266386,49.225
1780037565.2326174,49.225
1780037565.2387524,49.224
1780037565.2445946,49.225
1780037565.2506223,49.225
1780037565.2566774,49.224
1780037565.262436,49.224
1780037565.268653,49.224
1780037565.2746866,49.224
1780037565.2806733,49.225
1780037565.2865524,49.226
1780037565.2925673,49.225
1780037565.298634,49.225
1780037565.3046114,49.225
1780037565.3105397,49.224
1780037565.316756,49.224
1780037565.3226337,49.224
1780037565.3286982,49.224
1780037565.334559,49.223
1780037565.3406208,49.223
1780037565.3466249,49.223
1780037565.3526275,49.224
1780037565.35867,49.224
1780037565.3646927,49.224
1780037565.3706808,49.225
1780037565.3764617,49.225
1780037565.3825772,49.225
1780037565.3886168,49.225
1780037565.3945925,49.225
1780037565.4006653,49.225
1780037565.4065838,49.224
1780037565.4127014,49.224
1780037565.418483,49.224
1780037565.424636,49.224
1780037565.4306734,49.225
1780037565.4366643,49.225
1780037565.4426785,49.225
1780037565.448601,49.226
1780037565.4546301,49.225
1780037565.4606807,49.226
1780037565.4666915,49.225
1780037565.4726615,49.226
1780037565.4785852,49.226
1780037565.4846928,49.226
1780037565.4906988,49.226
1780037565.4965785,49.226
1780037565.5026522,49.225
1780037565.5084128,49.226
1780037565.5146835,49.225
1780037565.520703,49.226
1780037565.5267048,49.226
1780037565.532553,49.226
1780037565.5386376,49.226
1780037565.5445337,49.226
1780037565.5501525,49.226
1780037565.5561533,49.226
1780037565.5621424,49.226
1780037565.568623,49.225
1780037565.5746953,49.225
1780037565.580584,49.225
1780037565.5866697,49.225
1780037565.5924354,49.225
1780037565.598658,49.225
1780037565.6046538,49.226
1780037565.610697,49.226
1780037565.6166773,49.226
1780037565.6225264,49.226
1780037565.628584,49.226
1780037565.6346812,49.226
1780037565.6405697,49.226
1780037565.6467738,49.226
1780037565.652632,49.226
1780037565.6586704,49.226
1780037565.6646068,49.226
1780037565.670439,49.225
1780037565.6766582,49.225
1780037565.68242,49.225
1780037565.688664,49.225
1780037565.6946592,49.225
1780037565.7007253,49.225
1780037565.7065597,49.226
1780037565.7125769,49.226
1780037565.7186613,49.226
1780037565.7246666,49.226
1780037565.730726,49.226
1780037565.736747,49.226
1780037565.7426374,49.225
1780037565.7487013,49.225
1780037565.754536,49.225
1780037565.760637,49.225
1780037565.7667007,49.226
1780037565.7727108,49.225
1780037565.778672,49.226
1780037565.784698,49.226
1780037565.7907426,49.225
1780037565.796692,49.225
1780037565.802626,49.225
1780037565.8087153,49.225
1780037565.8146203,49.224
1780037565.820678,49.225
1780037565.8266184,49.225
1780037565.8327017,49.224
1780037565.8384757,49.224
1780037565.844674,49.225
1780037565.8507547,49.225
1780037565.8566291,49.225
1780037565.862678,49.226
1780037565.8685899,49.226
1780037565.8746102,49.226
1780037565.8806605,49.227
1780037565.8865845,49.227
1780037565.8927581,49.227
1780037565.8986623,49.227
1780037565.9046733,49.227
1780037565.9107895,49.227
1780037565.9165857,49.227
1780037565.9226756,49.227
1780037565.9287176,49.227
1780037565.9346998,49.227
1780037565.9405851,49.227
1780037565.9466407,49.228
1780037565.952619,49.228
1780037565.9586267,49.228
1780037565.964599,49.227
1780037565.9706824,49.227
1780037565.9766073,49.226
1780037565.9826863,49.226
1780037565.9885814,49.225
1780037565.9947114,49.225
1780037566.00059,49.225
1780037566.0066817,49.225
1780037566.0126321,49.226
1780037566.0186408,49.226
1780037566.0247188,49.226
1780037566.0308332,49.225
1780037566.0368018,49.226
1780037566.0425892,49.226
1780037566.0486205,49.226
1780037566.054614,49.226
1780037566.060534,49.226
1780037566.0666747,49.226
1780037566.0725858,49.226
1780037566.078731,49.227
1780037566.0846443,49.227
1780037566.0906596,49.226
1780037566.0966728,49.226
1780037566.1024475,49.227
1780037566.1086762,49.226
1780037566.114624,49.228
1780037566.1206787,49.227
1780037566.1266131,49.227
1780037566.132607,49.228
1780037566.1384826,49.228
1780037566.1445527,49.227
1780037566.1507497,49.227
1780037566.1567507,49.228
1780037566.1626446,49.227
1780037566.168733,49.228
1780037566.1746254,49.227
1780037566.1806931,49.227
1780037566.1864831,49.227
1780037566.192605,49.228
1780037566.1987066,49.228
1780037566.2047043,49.228
1780037566.2106445,49.228
1780037566.2165947,49.228
1780037566.2226233,49.228
1780037566.2285962,49.228
1780037566.2345493,49.228
1780037566.2406251,49.228
1780037566.246634,49.228
1780037566.2526877,49.228
1780037566.2586741,49.228
1780037566.2647152,49.228
1780037566.2705915,49.227
1780037566.276509,49.227
1780037566.2826526,49.227
1780037566.2886095,49.226
1780037566.2946906,49.227
1780037566.3006887,49.227
1780037566.3067067,49.227
1780037566.312567,49.227
1780037566.3186312,49.227
1780037566.3246377,49.228
1780037566.3306613,49.228
1780037566.3365657,49.227
1780037566.3427036,49.228
1780037566.3486576,49.228
1780037566.3546917,49.227
1780037566.3606014,49.226
1780037566.3666563,49.227
1780037566.372663,49.227
1780037566.3786833,49.227
1780037566.3846304,49.228
1780037566.3906872,49.228
1780037566.3966613,49.228
1780037566.4025514,49.228
1780037566.408582,49.227
1780037566.4146347,49.227
1780037566.4205186,49.227
1780037566.4266844,49.228
1780037566.4326332,49.227
1780037566.4387417,49.227
1780037566.4446359,49.227
1780037566.4506269,49.226
1780037566.4566858,49.227
1780037566.4624481,49.227
1780037566.4687407,49.227
1780037566.4746492,49.226
1780037566.4806874,49.227
1780037566.4866502,49.227
1780037566.492639,49.227
1780037566.4986875,49.227
1780037566.5045664,49.227
1780037566.5105286,49.227
1780037566.516751,49.227
1780037566.522665,49.226
1780037566.5286963,49.226
1780037566.53467,49.225
1780037566.5406842,49.225
1780037566.5465534,49.225
1780037566.5526946,49.225
1780037566.5586927,49.225
1780037566.564702,49.226
1780037566.570684,49.226
1780037566.5766873,49.226
1780037566.582718,49.225
1780037566.5885305,49.226
1780037566.5946236,49.225
1780037566.600651,49.225
1780037566.6065369,49.226
1780037566.6126957,49.226
1780037566.6186383,49.226
1780037566.6247582,49.226
1780037566.6306129,49.226
1780037566.636496,49.226
1780037566.6426442,49.226
1780037566.6486757,49.226
1780037566.6547172,49.227
1780037566.660705,49.227
1780037566.6667812,49.227
1780037566.672599,49.228
1780037566.6786745,49.227
1780037566.6846838,49.227
1780037566.6906357,49.227
1780037566.6967201,49.227
1780037566.702704,49.227
1780037566.7086346,49.227
1780037566.7147274,49.227
1780037566.720646,49.227
1780037566.7266994,49.227
1780037566.7325425,49.227
1780037566.738646,49.227
1780037566.7446618,49.227
1780037566.7507722,49.227
1780037566.7568278,49.227
1780037566.7626417,49.228
1780037566.7686684,49.228
1780037566.7745805,49.227
1780037566.7805681,49.227
1780037566.786687,49.226
1780037566.7925968,49.226
1780037566.7987587,49.226
1780037566.8046653,49.226
1780037566.8106701,49.226
1780037566.8167408,49.225
1780037566.8224812,49.225
1780037566.8286283,49.225
1780037566.8346517,49.226
1780037566.84069,49.226
1780037566.8466978,49.226
1780037566.8526852,49.227
1780037566.8585265,49.227
1780037566.864631,49.227
1780037566.8707736,49.228
1780037566.876861,49.228
1780037566.8827255,49.228
1780037566.888741,49.229
1780037566.8946211,49.229
1780037566.900699,49.229
1780037566.906529,49.229
1780037566.912628,49.229
1780037566.9186928,49.229
1780037566.9246142,49.229
1780037566.9307034,49.229
1780037566.936799,49.229
1780037566.942746,49.229
1780037566.9488823,49.229
1780037566.9548378,49.229
1780037566.9606566,49.228
1780037566.9666135,49.228
1780037566.9726758,49.229
1780037566.9786048,49.229
1780037566.9847457,49.23
1780037566.9906366,49.229
1780037566.9966357,49.229
1780037567.0026653,49.228
1780037567.00847,49.228
1780037567.0146837,49.227
1780037567.0206525,49.227
1780037567.0267177,49.227
1780037567.0326264,49.227
1780037567.0386581,49.228
1780037567.0446193,49.229
1780037567.0505877,49.229
1780037567.0567539,49.228
1780037567.0627084,49.228
1780037567.0686471,49.228
1780037567.074708,49.228
1780037567.0805984,49.228
1780037567.0867476,49.228
1780037567.0925336,49.228
1780037567.098676,49.228
1780037567.1046443,49.228
1780037567.1106532,49.228
1780037567.1167028,49.229
1780037567.1226497,49.229
1780037567.128673,49.23
1780037567.134511,49.23
1780037567.140564,49.23
1780037567.146653,49.23
1780037567.1526508,49.23
1780037567.1586938,49.23
1780037567.1646452,49.23
1780037567.1707108,49.23
1780037567.1765976,49.23
1780037567.1825378,49.23
1780037567.188643,49.229
1780037567.194674,49.23
1780037567.2006438,49.23
1780037567.2066267,49.23
1780037567.2126603,49.23
1780037567.218539,49.23
1780037567.2247024,49.23
1780037567.2306628,49.231
1780037567.236665,49.23
1780037567.2426782,49.23
1780037567.2486954,49.23
1780037567.2546515,49.23
1780037567.2606928,49.229
1780037567.266613,49.229
1780037567.2726727,49.229
1780037567.2784886,49.229
1780037567.2846773,49.229
1780037567.2906616,49.229
1780037567.296744,49.229
1780037567.3027315,49.229
1780037567.3085964,49.23
1780037567.3146467,49.23
1780037567.320589,49.23
1780037567.3265839,49.23
1780037567.3326724,49.23
1780037567.338648,49.23
1780037567.3446853,49.231
1780037567.3506484,49.231
1780037567.3565617,49.231
1780037567.3618712,49.243
1780037567.3672178,49.243
1780037567.3726566,49.249
1780037567.3779814,49.253
1780037567.3832245,50.002
1780037567.3887365,50.007
1780037567.3939996,50.011
1780037567.3995988,50.015
1780037567.4048462,50.02
1780037567.4103405,50.025
1780037567.4155736,50.029
1780037567.421162,50.034
1780037567.426408,50.039
1780037567.4319956,50.041
1780037567.4372332,50.047
1780037567.4427478,50.051
1780037567.4479992,50.056
1780037567.4535425,50.06
1780037567.4587858,50.065
1780037567.4643974,50.069
1780037567.4696367,50.073
1780037567.4751985,50.077
1780037567.4804547,50.082
1780037567.4859936,50.085
1780037567.4912274,50.09
1780037567.4968028,50.095
1780037567.5022435,50.098
1780037567.5075908,50.102
1780037567.5128472,50.107
1780037567.5183518,50.111
1780037567.523583,50.115
1780037567.5291626,50.118
1780037567.5344038,50.123
1780037567.5400019,50.126
1780037567.5452387,50.131
1780037567.5507612,50.135
1780037567.5560126,50.139
1780037567.5616026,50.143
1780037567.5668373,50.148
1780037567.572409,50.151
1780037567.5776405,50.155
1780037567.5831773,50.158
1780037567.588436,50.163
1780037567.5939457,50.166
1780037567.5991752,50.171
1780037567.604761,50.175
1780037567.6100097,50.178
1780037567.615599,50.182
1780037567.6208508,50.186
1780037567.6263564,50.189
1780037567.631582,50.194
1780037567.637159,50.195
1780037567.6424072,50.201
1780037567.648005,50.203
1780037567.653236,50.208
1780037567.6587484,50.211
1780037567.6639965,50.215
1780037567.6695461,50.219
1780037567.6747847,50.223
1780037567.6804051,50.226
1780037567.685641,50.23
1780037567.6911454,50.233
1780037567.6963923,50.237
1780037567.7019825,50.24
1780037567.7072196,50.244
1780037567.712842,50.248
1780037567.718276,50.251
1780037567.7235482,50.254
1780037567.7288,51.002
1780037567.7343593,51.005
1780037567.7395835,51.009
1780037567.7451599,51.011
1780037567.7504,51.016
1780037567.7560008,51.018
1780037567.7612388,51.023
1780037567.7667542,51.025
1780037567.7720006,51.029
1780037567.7775555,51.032
1780037567.7827814,51.036
1780037567.7884064,51.038
1780037567.7936382,51.042
1780037567.7991602,51.045
1780037567.8044071,51.049
1780037567.8099976,51.051
1780037567.815396,51.055
1780037567.8207667,51.059
1780037567.8259983,51.061
1780037567.8316057,51.064
1780037567.836861,51.068
1780037567.8424103,51.071
1780037567.8476386,51.074
1780037567.8532007,51.076
1780037567.8584557,51.081
1780037567.8640015,51.083
1780037567.869238,51.087
1780037567.87476,51.089
1780037567.880009,51.092
1780037567.8855586,51.096
1780037567.890797,51.099
1780037567.8964145,51.101
1780037567.9016433,51.105
1780037567.9071515,51.107
1780037567.9124005,51.111
1780037567.9180074,51.113
1780037567.9232576,51.116
1780037567.9287727,51.12
1780037567.9340146,51.122
1780037567.9395587,51.125
1780037567.9448109,51.128
1780037567.950368,51.131
1780037567.9555979,51.134
1780037567.9611506,51.136
1780037567.9663944,51.139
1780037567.9720545,51.142
1780037567.9774742,51.145
1780037567.9827952,51.148
1780037567.9880269,51.151
1780037567.993554,51.153
1780037567.9987845,51.157
1780037568.0044124,51.159
1780037568.0096369,51.162
1780037568.0151536,51.164
1780037568.020405,51.167
1780037568.02596,51.17
1780037568.0312219,51.172
1780037568.0368001,51.176
1780037568.0420346,51.177
1780037568.0475621,51.18
1780037568.0528178,51.183
1780037568.0583649,51.185
1780037568.0635884,51.189
1780037568.0691628,51.19
1780037568.074409,51.194
1780037568.0799613,51.196
1780037568.0852,51.199
1780037568.090774,51.201
1780037568.0960145,51.204
1780037568.1016126,51.206
1780037568.106843,51.21
1780037568.1123734,51.211
1780037568.1175938,51.214
1780037568.123179,51.216
1780037568.1284306,51.219
1780037568.1340187,51.221
1780037568.1394472,51.223
1780037568.1448083,51.227
1780037568.1500351,51.229
1780037568.1556036,51.231
1780037568.1608574,51.233
1780037568.1663613,51.236
1780037568.171594,51.238
1780037568.1772158,51.24
1780037568.1824667,51.243
1780037568.1880062,51.245
1780037568.1934047,51.246
1780037568.1995983,51.239
1780037568.2049987,51.233
1780037568.211006,51.233
1780037568.2170732,51.232
1780037568.22308,51.231
1780037568.2290688,51.23
1780037568.2349968,51.228
1780037568.241041,51.226
1780037568.2470746,51.223
1780037568.253086,51.221
1780037568.2591217,51.218
1780037568.2652204,51.215
1780037568.270923,51.213
1780037568.2771468,51.21
1780037568.28314,51.207
1780037568.2891183,51.205
1780037568.2949755,51.203
1780037568.3010345,51.201
1780037568.307128,51.198
1780037568.3130453,51.195
1780037568.3191476,51.193
1780037568.3251996,51.19
1780037568.330911,51.188
1780037568.33716,51.185
1780037568.3431501,51.183
1780037568.3491576,51.18
1780037568.3549685,51.178
1780037568.3609834,51.176
1780037568.3671765,51.174
1780037568.373056,51.171
1780037568.379201,51.169
1780037568.3852334,51.166
1780037568.391113,51.163
1780037568.3971438,51.161
1780037568.403123,51.159
1780037568.4091103,51.157
1780037568.4149122,51.155
1780037568.4209685,51.153
1780037568.4271266,51.15
1780037568.4330173,51.148
1780037568.4391341,51.145
1780037568.4451745,51.142
1780037568.4508553,51.14
1780037568.4571517,51.139
1780037568.4631171,51.137
1780037568.4690766,51.134
1780037568.4749098,51.133
1780037568.480964,51.131
1780037568.4870956,51.128
1780037568.4930432,51.126
1780037568.4991274,51.124
1780037568.5051577,51.121
1780037568.511106,51.119
1780037568.5170708,51.116
1780037568.523127,51.114
1780037568.5291173,51.112
1780037568.5349956,51.11
1780037568.5411072,51.108
1780037568.5471935,51.105
1780037568.5530367,51.104
1780037568.5591693,51.102
1780037568.5651886,51.1
1780037568.5710099,51.098
1780037568.577083,51.096
1780037568.5831244,51.095
1780037568.5890768,51.092
1780037568.5951245,51.091
1780037568.6011038,51.088
1780037568.6071527,51.086
1780037568.6130972,51.084
1780037568.6191244,51.082
1780037568.6251287,51.079
1780037568.6310837,51.077
1780037568.6370912,51.075
1780037568.6430905,51.073
1780037568.649089,51.071
1780037568.655136,51.07
1780037568.6611543,51.068
1780037568.6671774,51.067
1780037568.673037,51.065
1780037568.6791186,51.062
1780037568.6851418,51.06
1780037568.691127,51.058
1780037568.697126,51.056
1780037568.7030466,51.055
1780037568.7090886,51.053
1780037568.7150652,51.051
1780037568.72105,51.05
1780037568.7271092,51.048
1780037568.7330446,51.046
1780037568.739114,51.045
1780037568.7451143,51.043
1780037568.7511132,51.041
1780037568.7570987,51.04
1780037568.7630029,51.038
1780037568.769021,51.036
1780037568.775079,51.034
1780037568.7812605,51.032
1780037568.7871337,51.03
1780037568.7930477,51.028
1780037568.799125,51.026
1780037568.8051229,51.024
1780037568.811147,51.022
1780037568.817195,51.021
1780037568.823062,51.019
1780037568.8290648,51.017
1780037568.8351533,51.016
1780037568.841105,51.014
1780037568.8472016,51.012
1780037568.8530886,51.011
1780037568.8591404,51.009
1780037568.8651786,51.007
1780037568.871169,51.006
1780037568.877163,51.004
1780037568.8831065,51.003
1780037568.8891137,51.001
1780037568.8950093,51.0
1780037568.900959,50.254
1780037568.9071531,50.252
1780037568.9130514,50.251
1780037568.9191394,50.25
1780037568.9251864,50.248
1780037568.9310224,50.247
1780037568.9370933,50.246
1780037568.9431126,50.244
1780037568.9491124,50.243
1780037568.9550714,50.241
1780037568.9611251,50.24
1780037568.9671998,50.239
1780037568.973051,50.237
1780037568.9791768,50.236
1780037568.9852345,50.235
1780037568.9910274,50.233
1780037568.9971228,50.232
1780037569.0031009,50.231
1780037569.0090783,50.229
1780037569.0150812,50.229
1780037569.0209897,50.227
1780037569.0271976,50.226
1780037569.0330994,50.225
1780037569.0391953,50.224
1780037569.0451543,50.222
1780037569.0509953,50.221
1780037569.0570998,50.22
1780037569.0631015,50.219
1780037569.0691254,50.218
1780037569.0751243,50.216
1780037569.081044,50.215
1780037569.0871904,50.214
1780037569.0930839,50.212
1780037569.0991733,50.211
1780037569.10519,50.209
1780037569.110881,50.208
1780037569.1171286,50.207
1780037569.1231458,50.206
1780037569.1291595,50.204
1780037569.135088,50.203
1780037569.140988,50.202
1780037569.147128,50.2
1780037569.1531212,50.199
1780037569.159158,50.197
1780037569.1651824,50.196
1780037569.1708858,50.195
1780037569.1771376,50.194
1780037569.1831288,50.193
1780037569.1891189,50.192
1780037569.1950607,50.191
1780037569.200977,50.19
1780037569.2071502,50.189
1780037569.2130268,50.187
1780037569.2191782,50.186
1780037569.225223,50.185
1780037569.2308586,50.184
1780037569.2371147,50.183
1780037569.2431583,50.182
1780037569.2491407,50.18
1780037569.2549422,50.179
1780037569.2609935,50.178
1780037569.2671413,50.176
1780037569.273039,50.175
1780037569.2791727,50.174
1780037569.2852302,50.173
1780037569.290913,50.172
1780037569.2971568,50.17
1780037569.3031805,50.169
1780037569.309178,50.169
1780037569.3149347,50.167
1780037569.3209915,50.166
1780037569.3271878,50.165
1780037569.3331234,50.163
1780037569.3391533,50.162
1780037569.3451946,50.161
1780037569.350892,50.16
1780037569.3571732,50.159
1780037569.3632011,50.158
1780037569.3691983,50.157
1780037569.3749878,50.157
1780037569.381033,50.156
1780037569.3871784,50.155
1780037569.393062,50.154
1780037569.3991885,50.153
1780037569.4052258,50.152
1780037569.4109259,50.15
1780037569.4171274,50.149
1780037569.423202,50.148
1780037569.4292226,50.147
1780037569.4349732,50.147
1780037569.4410384,50.146
1780037569.447156,50.145
1780037569.453114,50.144
1780037569.4591842,50.143
1780037569.4651997,50.142
1780037569.4709232,50.141
1780037569.4771292,50.141
1780037569.483096,50.14
1780037569.4890764,50.139
1780037569.4949846,50.138
1780037569.5010355,50.137
1780037569.5071561,50.136
1780037569.5130413,50.135
1780037569.5191493,50.135
1780037569.5251665,50.133
1780037569.530863,50.133
1780037569.537108,50.132
1780037569.5431688,50.131
1780037569.54916,50.13
1780037569.555098,50.13
1780037569.5610054,50.129
1780037569.567152,50.128
1780037569.5731015,50.127
1780037569.5791736,50.126
1780037569.58523,50.125
1780037569.590915,50.124
1780037569.5971148,50.124
1780037569.6031895,50.122
1780037569.6091864,50.122
1780037569.6149838,50.121
1780037569.6210163,50.121
1780037569.6271493,50.119
1780037569.6330688,50.118
1780037569.639173,50.117
1780037569.6452365,50.116
1780037569.650915,50.115
1780037569.6571195,50.114
1780037569.663178,50.112
1780037569.6691692,50.112
1780037569.6750758,50.111
1780037569.6810462,50.111
1780037569.6872146,50.11
1780037569.6930823,50.109
1780037569.6992273,50.108
1780037569.7052457,50.107
1780037569.7109673,50.106
1780037569.7170799,50.104
1780037569.7231884,50.104
1780037569.7291887,50.103
1780037569.7350423,50.102
1780037569.7410424,50.102
1780037569.7470956,50.101
1780037569.7530296,50.101
1780037569.7591672,50.1
1780037569.7652583,50.099
1780037569.7709935,50.098
1780037569.777123,50.097
1780037569.7831597,50.096
1780037569.7891366,50.096
1780037569.7950585,50.095
1780037569.8011234,50.096
1780037569.8070982,50.094
1780037569.8130822,50.094
1780037569.8192341,50.093
1780037569.825265,50.092
1780037569.8310194,50.091
1780037569.8371005,50.09
1780037569.8431745,50.089
1780037569.8491952,50.089
1780037569.85512,50.089
1780037569.8611062,50.088
1780037569.8670921,50.087
1780037569.8730078,50.087
1780037569.879225,50.087
1780037569.8852785,50.087
1780037569.8910885,50.086
1780037569.8971443,50.085
1780037569.903141,50.084
1780037569.909162,50.084
1780037569.91514,50.083
1780037569.9211175,50.082
1780037569.9269881,50.082
1780037569.9330425,50.082
1780037569.9392393,50.081
1780037569.9452717,50.08
1780037569.9511023,50.079
1780037569.9571583,50.078
1780037569.962962,50.077
1780037569.9690695,50.076
1780037569.9751318,50.076
1780037569.981187,50.076
1780037569.9870052,50.076
1780037569.9930391,50.076
1780037569.9992547,50.076
1780037570.0053165,50.075
1780037570.011134,50.075
1780037570.017144,50.074
1780037570.0229466,50.073
1780037570.0290613,50.072
1780037570.035177,50.072
1780037570.0411994,50.072
1780037570.046998,50.071
1780037570.0530407,50.07
1780037570.059226,50.07
1780037570.0652733,50.069
1780037570.0711243,50.069
1780037570.0771499,50.068
1780037570.0829642,50.067
1780037570.089072,50.067
1780037570.0951312,50.067
1780037570.1011903,50.067
1780037570.1070309,50.066
1780037570.1130517,50.066
1780037570.119152,50.065
1780037570.12525,50.064
1780037570.1311018,50.063
1780037570.1372032,50.062
1780037570.143035,50.061
1780037570.1491034,50.06
1780037570.1551766,50.06
1780037570.161157,50.06
1780037570.1671062,50.06
1780037570.1731112,50.06
1780037570.1791644,50.059
1780037570.1852825,50.058
1780037570.1911733,50.058
1780037570.1971664,50.058
1780037570.2030795,50.057
1780037570.2091281,50.056
1780037570.2151833,50.055
1780037570.2211578,50.054
1780037570.227139,50.054
1780037570.2331305,50.054
1780037570.2389915,50.054
1780037570.2452245,50.052
1780037570.2511783,50.051
1780037570.2571726,50.051
1780037570.2630568,50.05
1780037570.2691956,50.049
1780037570.2749817,50.05
1780037570.2811627,50.049
1780037570.2871444,50.048
1780037570.2931237,50.048
1780037570.2990258,50.048
1780037570.3051808,50.047
1780037570.311174,50.047
1780037570.3172038,50.047
1780037570.3231034,50.046
1780037570.3291433,50.045
1780037570.3350601,50.045
1780037570.3411372,50.045
1780037570.3471816,50.044
1780037570.3531518,50.044
1780037570.3590822,50.044
1780037570.3651652,50.043
1780037570.371096,50.043
1780037570.3771155,50.043
1780037570.383142,50.041
1780037570.3891733,50.041
1780037570.3950949,50.041
1780037570.401125,50.04
1780037570.4071536,50.04
1780037570.4131458,50.04
1780037570.4191556,50.04
1780037570.4252617,50.039
1780037570.431174,50.039
1780037570.4371355,50.039
1780037570.4431334,50.038
1780037570.449187,50.038
1780037570.4551442,50.038
1780037570.4611871,50.038
1780037570.4669273,50.037
1780037570.4731338,50.037
1780037570.4792511,50.036
1780037570.4852953,50.036
1780037570.4912336,50.036
1780037570.4971476,50.036
1780037570.5030158,50.035
1780037570.509177,50.034
1780037570.515085,50.033
1780037570.521173,50.033
1780037570.527016,50.032
1780037570.533091,50.032
1780037570.5391529,50.032
1780037570.5452416,50.031
1780037570.551233,50.031
1780037570.5569975,50.03
1780037570.5630815,50.03
1780037570.569196,50.029
1780037570.5750945,50.029
1780037570.5811615,50.029
1780037570.587056,50.029
1780037570.593106,50.029
1780037570.5991948,50.028
1780037570.6052709,50.027
1780037570.611254,50.028
1780037570.6170866,50.027
1780037570.6231167,50.026
1780037570.6291325,50.026
1780037570.6351333,50.026
1780037570.6411848,50.025
1780037570.647069,50.025
1780037570.6531456,50.025
1780037570.6590683,50.025
1780037570.6651611,50.024
1780037570.6711802,50.024
1780037570.677132,50.023
1780037570.6831543,50.023
1780037570.6891692,50.022
1780037570.6951447,50.022
1780037570.7014978,50.022
1780037570.7072232,50.021
1780037570.7131963,50.021
1780037570.7190323,50.021
1780037570.7251658,50.02
1780037570.7311754,50.02
1780037570.73714,50.02
1780037570.7431824,50.02
1780037570.7489903,50.02
1780037570.755043,50.02
1780037570.7611938,50.019
1780037570.7671366,50.019
1780037570.7731502,50.018
1780037570.77915,50.017
1780037570.785213,50.017
1780037570.7912617,50.017
1780037570.797155,50.017
1780037570.803204,50.016
1780037570.8090513,50.016
1780037570.815107,50.016
1780037570.821196,50.015
1780037570.8271198,50.015
1780037570.833159,50.015
1780037570.83909,50.015
1780037570.845115,50.015
1780037570.8511202,50.015
1780037570.8569653,50.015
1780037570.8631778,50.014
1780037570.8691328,50.015
1780037570.8751702,50.014
1780037570.881167,50.014
1780037570.8870287,50.014
1780037570.8931582,50.014
1780037570.8992307,50.013
1780037570.9053605,50.012
1780037570.9113624,50.011
1780037570.9171972,50.011
1780037570.9231899,50.011
1780037570.9291627,50.01
1780037570.9351747,50.011
1780037570.9410582,50.011
1780037570.947107,50.01
1780037570.9531343,50.01
1780037570.9590957,50.009
1780037570.965158,50.009
1780037570.9711788,50.008
1780037570.9770658,50.008
1780037570.9831662,50.008
1780037570.9891772,50.007
1780037570.9951828,50.007
1780037571.0011566,50.008
1780037571.0071583,50.008
1780037571.0129795,50.007
1780037571.0190473,50.008
1780037571.025139,50.007
1780037571.031177,50.007
1780037571.0371356,50.006
1780037571.0431828,50.006
1780037571.0490186,50.005
1780037571.0551593,50.005
1780037571.0611253,50.005
1780037571.067146,50.005
1780037571.0731308,50.005
1780037571.0791833,50.005
1780037571.0851245,50.005
1780037571.0911174,50.005
1780037571.0971022,50.005
1780037571.1031687,50.004
1780037571.1090717,50.004
1780037571.115188,50.004
1780037571.1209784,50.004
1780037571.1270678,50.004
1780037571.1331983,50.004
1780037571.139224,50.004
1780037571.1451912,50.004
1780037571.151041,50.004
1780037571.1570866,50.004
1780037571.1631896,50.003
1780037571.1691403,50.003
1780037571.1752133,50.003
1780037571.1810846,50.003
1780037571.1871555,50.003
1780037571.1929579,50.003
1780037571.1991675,50.003
1780037571.2051878,50.002
1780037571.2111692,50.002
1780037571.217143,50.001
1780037571.223023,50.001
1780037571.2290835,50.0
1780037571.2351403,50.0
1780037571.241076,50.0
1780037571.2472541,50.0
1780037571.253064,49.255
1780037571.2591805,49.254
1780037571.2651093,49.254
1780037571.271196,49.254
1780037571.2771955,49.255
1780037571.283124,49.255
1780037571.2891135,49.255
1780037571.2951846,49.255
1780037571.3011274,49.255
1780037571.3071685,49.254
1780037571.3131125,49.254
1780037571.319242,49.254
1780037571.325127,49.254
1780037571.331012,49.254
1780037571.3371422,49.254
1780037571.34318,49.254
1780037571.3491948,49.253
1780037571.3550937,49.253
1780037571.3610847,49.253
1780037571.3671248,49.253
1780037571.3730967,49.253
1780037571.3791897,49.252
1780037571.38515,49.252
1780037571.3911114,49.252
1780037571.3971858,49.252
1780037571.4029517,49.251
1780037571.4092329,49.25
1780037571.4151435,49.251
1780037571.42113,49.251
1780037571.4270794,49.251
1780037571.433119,49.251
1780037571.4391494,49.25
1780037571.4450824,49.25
1780037571.4510915,49.25
1780037571.4571817,49.249
1780037571.463121,49.248
1780037571.469183,49.248
1780037571.4749103,49.248
1780037571.4812164,49.249
1780037571.4871695,49.248
1780037571.4931622,49.248
1780037571.4989889,49.249
1780037571.5051122,49.249
1780037571.5111573,49.248
1780037571.5172384,49.248
1780037571.5230925,49.247
1780037571.5291955,49.246
1780037571.5350015,49.246
1780037571.54118,49.246
1780037571.5471559,49.246
1780037571.5531309,49.246
1780037571.5590672,49.247
1780037571.5651097,49.246
1780037571.571066,49.246
1780037571.577135,49.245
1780037571.5831292,49.245
1780037571.5891883,49.244
1780037571.59511,49.244
1780037571.601179,49.244
1780037571.6071937,49.244
1780037571.6131618,49.244
1780037571.6191866,49.244
1780037571.6252337,49.244
1780037571.6311636,49.244
1780037571.6369684,49.244
1780037571.6430418,49.245
1780037571.6492295,49.244
1780037571.655116,49.244
1780037571.661202,49.244
1780037571.6670892,49.244
1780037571.6731238,49.244
1780037571.679261,49.244
1780037571.6852646,49.243
1780037571.6912494,49.243
1780037571.6971197,49.243
1780037571.7031503,49.242
1780037571.7091887,49.242
1780037571.7151542,49.241
1780037571.72119,49.241
1780037571.7271137,49.241
1780037571.733196,49.24
1780037571.7389712,49.24
1780037571.7451644,49.24
1780037571.7511482,49.24
1780037571.7572203,49.24
1780037571.7632122,49.239
1780037571.7690158,49.239
1780037571.7750964,49.239
1780037571.781151,49.239
1780037571.7871022,49.239
1780037571.793197,49.239
1780037571.7991202,49.238
1780037571.8051457,49.238
1780037571.811164,49.238
1780037571.8171744,49.238
1780037571.823193,49.238
1780037571.8291245,49.238
1780037571.835124,49.238
1780037571.8410764,49.238
1780037571.8470988,49.238
1780037571.8531277,49.237
1780037571.8591,49.236
1780037571.8651557,49.237
1780037571.8712132,49.236
1780037571.8770978,49.236
1780037571.8832262,49.236
1780037571.8889828,49.236
1780037571.8951023,49.235
1780037571.9011254,49.235
1780037571.9071362,49.235
1780037571.91309,49.235
1780037571.9191024,49.235
1780037571.9250617,49.235
1780037571.9312036,49.236
1780037571.9371393,49.236
1780037571.9432201,49.235
1780037571.9490952,49.235
1780037571.955171,49.235
1780037571.9609644,49.235
1780037571.9671185,49.234
1780037571.9732335,49.234
1780037571.979235,49.235
1780037571.9850795,49.235
1780037571.991063,49.234
1780037571.997082,49.234
1780037572.0031598,49.234
1780037572.0091617,49.234
1780037572.0152218,49.233
1780037572.021166,49.234
1780037572.027234,49.233
1780037572.0329838,49.233
1780037572.0391524,49.233
1780037572.045161,49.233
1780037572.0512185,49.233
1780037572.0571983,49.233
1780037572.063007,49.233
1780037572.0690887,49.233
1780037572.0752456,49.233
1780037572.081138,49.233
1780037572.0871966,49.233
1780037572.0930946,49.233
1780037572.099126,49.233
1780037572.1051838,49.233
1780037572.1111896,49.232
1780037572.1171656,49.232
1780037572.1230772,49.233
1780037572.129141,49.233
1780037572.1351135,49.232
1780037572.1411016,49.233
1780037572.147176,49.232
1780037572.1531482,49.233
1780037572.1591873,49.233
1780037572.1651146,49.233
1780037572.170962,49.232
1780037572.1772172,49.233
1780037572.1832654,49.233
1780037572.189252,49.233
1780037572.1950488,49.233
1780037572.2011058,49.233
1780037572.2071948,49.233
1780037572.2131171,49.233
1780037572.2191882,49.233
1780037572.2251723,49.233
1780037572.2310631,49.233
1780037572.2372208,49.233
1780037572.243101,49.233
1780037572.2491555,49.233
1780037572.2552176,49.232
1780037572.2612324,49.233
1780037572.267062,49.233
1780037572.2731395,49.233
1780037572.2792606,49.232
1780037572.285172,49.232
1780037572.291243,49.232
1780037572.2971866,49.231
1780037572.303108,49.231
1780037572.3091657,49.23
1780037572.315138,49.23
1780037572.3211987,49.231
1780037572.327241,49.231
1780037572.3332455,49.231
1780037572.3390348,49.231
1780037572.3451989,49.231
1780037572.3513203,49.231
1780037572.3572433,49.23
1780037572.3631194,49.23
1780037572.3691864,49.23
1780037572.3750858,49.23
1780037572.3811648,49.23
1780037572.3871734,49.229
1780037572.393188,49.23
1780037572.3991847,49.23
1780037572.405233,49.231
1780037572.4112244,49.231
1780037572.417173,49.231
1780037572.423088,49.231
1780037572.429264,49.231
1780037572.4351475,49.231
1780037572.441184,49.231
1780037572.447055,49.231
1780037572.45317,49.23
1780037572.4591486,49.23
1780037572.465196,49.231
1780037572.471215,49.231
1780037572.4771187,49.231
1780037572.4831486,49.23
1780037572.4892192,49.23
1780037572.495157,49.23
1780037572.5011954,49.23
1780037572.5071712,49.23
1780037572.5131888,49.23
1780037572.5190077,49.23
1780037572.5252244,49.229
1780037572.5312479,49.229
1780037572.537179,49.229
1780037572.5432272,49.23
1780037572.5490806,49.23
1780037572.5551462,49.229
1780037572.5611508,49.229
1780037572.567115,49.229
1780037572.5732598,49.229
1780037572.579176,49.229
1780037572.5852647,49.229
1780037572.5912848,49.228
1780037572.5969956,49.228
1780037572.6031277,49.228
1780037572.6091647,49.228
1780037572.615219,49.228
1780037572.6211102,49.229
1780037572.627388,49.229
1780037572.6331983,49.229
1780037572.6391816,49.229
1780037572.6452215,49.229
1780037572.651278,49.228
1780037572.6571653,49.228
1780037572.6631875,49.228
1780037572.66902,49.228
1780037572.6751413,49.228
1780037572.6811886,49.229
1780037572.6871598,49.23
1780037572.6931918,49.23
1780037572.6991873,49.23
1780037572.7050056,49.23
1780037572.7112148,49.229
1780037572.7172163,49.23
1780037572.723247,49.229
1780037572.7291539,49.229
1780037572.7352626,49.229
1780037572.7410932,49.229
1780037572.7471952,49.229
1780037572.7531924,49.228
1780037572.7591925,49.229
1780037572.7652135,49.229
1780037572.7712722,49.229
1780037572.777198,49.229
1780037572.7831688,49.229
1780037572.7891457,49.228
1780037572.7952266,49.228
1780037572.8011644,49.228
1780037572.807239,49.227
1780037572.8130763,49.227
1780037572.8191557,49.227
1780037572.8252423,49.227
1780037572.8312957,49.226
1780037572.8372738,49.227
1780037572.8431363,49.227
1780037572.849134,49.227
1780037572.8552814,49.227
1780037572.861248,49.227
1780037572.867196,49.227
1780037572.873186,49.227
1780037572.879256,49.226
1780037572.8851273,49.226
1780037572.8910918,49.226
1780037572.897116,49.226
1780037572.9032388,49.226
1780037572.9092495,49.226
1780037572.9151766,49.226
1780037572.9211738,49.226
1780037572.9270175,49.226
1780037572.933081,49.226
1780037572.9392264,49.226
1780037572.945183,49.226
1780037572.9512582,49.225
1780037572.9572296,49.226
1780037572.9630902,49.226
1780037572.969161,49.225
1780037572.9752145,49.225
1780037572.9811945,49.225
1780037572.9872236,49.226
1780037572.99317,49.226
1780037572.9990473,49.226
1780037573.005129,49.226
1780037573.0111592,49.225
1780037573.0172343,49.226
1780037573.0231113,49.225
1780037573.029232,49.225
1780037573.0350864,49.225
1780037573.041187,49.225
1780037573.0471518,49.225
1780037573.0532231,49.225
1780037573.0591793,49.225
1780037573.0651743,49.226
1780037573.0711975,49.225
1780037573.0771854,49.225
1780037573.0831063,49.225
1780037573.0892699,49.225
1780037573.0951037,49.225
1780037573.101281,49.225
1780037573.1070924,49.226
1780037573.1131423,49.225
1780037573.119187,49.225
1780037573.125192,49.225
1780037573.1311684,49.225
1780037573.1371734,49.225
1780037573.143175,49.226
1780037573.1489837,49.225
1780037573.1551142,49.225
1780037573.1611948,49.225
1780037573.1671174,49.225
1780037573.1732168,49.226
1780037573.1791162,49.226
1780037573.1851676,49.225
1780037573.1911995,49.225
1780037573.197171,49.225
1780037573.2032256,49.226
1780037573.2091615,49.226
1780037573.2151735,49.226
1780037573.2211907,49.227
1780037573.2271078,49.227
1780037573.2332897,49.227
1780037573.2391748,49.227
1780037573.2452347,49.227
1780037573.2511683,49.226
1780037573.2570574,49.227
1780037573.263154,49.227
1780037573.269254,49.226
1780037573.275237,49.226
1780037573.2811518,49.226
1780037573.2871764,49.226
1780037573.2930536,49.226
1780037573.2990913,49.226
1780037573.3052323,49.225
1780037573.3111033,49.226
1780037573.3171935,49.225
1780037573.3232205,49.225
1780037573.329089,49.225
1780037573.3352177,49.224
1780037573.3411386,49.224
1780037573.347233,49.225
1780037573.3531609,49.225
1780037573.359145,49.225
1780037573.3650165,49.225
1780037573.3711262,49.225
1780037573.377121,49.225
1780037573.3832307,49.225
1780037573.3891246,49.224
1780037573.3952584,49.225
1780037573.4011004,49.225
1780037573.407168,49.225
1780037573.4132032,49.225
1780037573.4191852,49.225
1780037573.4252038,49.225
1780037573.4312484,49.225
1780037573.4371762,49.225
1780037573.443211,49.225
1780037573.4491465,49.225
1780037573.4552593,49.225
1780037573.4611642,49.225
1780037573.4672346,49.225
1780037573.4731355,49.225
1780037573.479216,49.225
1780037573.4849315,49.225
1780037573.4912562,49.225
1780037573.497232,49.225
1780037573.503214,49.225
1780037573.5092146,49.225
1780037573.5150235,49.225
1780037573.5211065,49.225
1780037573.5271654,49.224
1780037573.5331411,49.224
1780037573.5392497,49.225
1780037573.54514,49.224
1780037573.5511134,49.224
1780037573.557147,49.223
1780037573.5632565,49.224
1780037573.5692606,49.224
1780037573.57518,49.224
1780037573.5812135,49.224
1780037573.5870225,49.224
1780037573.5930858,49.225
1780037573.599218,49.224
1780037573.6051843,49.224
1780037573.6112182,49.224
1780037573.6172545,49.225
1780037573.623061,49.224
1780037573.6291668,49.225
1780037573.6352582,49.224
1780037573.641242,49.225
1780037573.6471872,49.225
1780037573.653182,49.226
1780037573.6590106,49.225
1780037573.6651084,49.226
1780037573.671193,49.225
1780037573.6772382,49.226
1780037573.683163,49.226
1780037573.6892264,49.226
1780037573.6951087,49.226
1780037573.7011628,49.225
1780037573.7069323,49.226
1780037573.7131886,49.226
1780037573.719174,49.226
1780037573.7252038,49.227
1780037573.7310767,49.227
1780037573.7370021,49.227
1780037573.7430663,49.227
1780037573.7492435,49.228
1780037573.7551327,49.228
1780037573.7612169,49.228
1780037573.7671134,49.228
1780037573.7731767,49.227
1780037573.779225,49.228
1780037573.785221,49.228
1780037573.791241,49.228
1780037573.7971892,49.227
1780037573.8032112,49.228
1780037573.8090148,49.228
1780037573.8151202,49.227
1780037573.82126,49.227
1780037573.8271866,49.227
1780037573.8332355,49.227
1780037573.83918,49.227
1780037573.8451927,49.227
1780037573.8511157,49.227
1780037573.8569589,49.226
1780037573.8631876,49.226
1780037573.8691885,49.226
1780037573.8752263,49.226
1780037573.8810883,49.226
1780037573.8871598,49.227
1780037573.8932505,49.226
1780037573.8991504,49.226
1780037573.90527,49.226
1780037573.911223,49.227
1780037573.9170954,49.226
1780037573.9232528,49.227
1780037573.9290001,49.226
1780037573.9351552,49.226
1780037573.9412606,49.226
1780037573.9472544,49.227
1780037573.9531593,49.226
1780037573.9591703,49.226
1780037573.9652035,49.226
1780037573.9712045,49.226
1780037573.9772553,49.226
1780037573.9832726,49.225
1780037573.9891174,49.225
1780037573.995214,49.225
1780037574.0010545,49.225
1780037574.0071547,49.225
1780037574.01317,49.225
1780037574.019243,49.226
1780037574.0251877,49.226
1780037574.0312462,49.226
1780037574.0372558,49.226
1780037574.0432181,49.226
1780037574.0491116,49.225
1780037574.0552466,49.225
1780037574.061165,49.225
1780037574.0672152,49.225
1780037574.0731266,49.224
1780037574.079226,49.224
1780037574.0849695,49.224
1780037574.0912812,49.224
1780037574.0972724,49.224
1780037574.1032362,49.224
1780037574.1092386,49.224
1780037574.1151385,49.224
1780037574.1211503,49.224
1780037574.1271796,49.224
1780037574.1331828,49.224
1780037574.1392374,49.224
1780037574.1451917,49.223
1780037574.1512585,49.223
1780037574.1572776,49.223
1780037574.163022,49.224
1780037574.1692476,49.224
1780037574.1751838,49.223
1780037574.1811838,49.223
1780037574.1871943,49.224
1780037574.1932359,49.223
1780037574.1991746,49.224
1780037574.205114,49.223
1780037574.2112844,49.223
1780037574.2174037,49.223
1780037574.2232664,49.223
1780037574.2291958,49.223
1780037574.2350976,49.223
1780037574.2411761,49.223
1780037574.2470362,49.224
1780037574.2531376,49.224
1780037574.2591634,49.223
1780037574.265167,49.224
1780037574.2711868,49.225
1780037574.277286,49.224
1780037574.2832308,49.224
1780037574.2892237,49.224
1780037574.2951324,49.224
1780037574.3012393,49.224
1780037574.3071694,49.224
1780037574.3132355,49.224
1780037574.3191273,49.224
1780037574.3251696,49.224
1780037574.3312511,49.224
1780037574.3372853,49.224
1780037574.3432524,49.225
1780037574.3491495,49.225
1780037574.3551779,49.224
1780037574.361192,49.224
1780037574.3670688,49.225
1780037574.3732321,49.224
1780037574.379306,49.224
1780037574.3852394,49.224
1780037574.3911827,49.224
1780037574.3971417,49.224
1780037574.4031875,49.225
1780037574.4092495,49.225
1780037574.4152327,49.225
1780037574.4212503,49.224
1780037574.4272363,49.224
1780037574.4331088,49.225
1780037574.439109,49.225
1780037574.4451694,49.225
1780037574.4511213,49.224
1780037574.4572453,49.224
1780037574.4632356,49.224
1780037574.4691806,49.225
1780037574.4752476,49.224
1780037574.4810526,49.224
1780037574.487189,49.225
1780037574.4931686,49.225
1780037574.4991624,49.225
1780037574.505219,49.225
1780037574.5112295,49.225
1780037574.517225,49.225
1780037574.5232174,49.225
1780037574.5291266,49.225
1780037574.5352435,49.225
1780037574.541319,49.225
1780037574.5472717,49.224
1780037574.553158,49.225
1780037574.559212,49.224
1780037574.5649624,49.225
1780037574.5712318,49.225
1780037574.5772297,49.225
1780037574.5832264,49.225
1780037574.5892193,49.225
1780037574.5950813,49.226
1780037574.6011276,49.225
1780037574.60722,49.225
1780037574.613186,49.225
1780037574.619244,49.225
1780037574.6251523,49.225
1780037574.631256,49.226
1780037574.6371276,49.225
1780037574.6430316,49.226
1780037574.6491785,49.226
1780037574.6552556,49.226
1780037574.6612494,49.225
1780037574.6671727,49.226
1780037574.6732013,49.226
1780037574.6792696,49.226
1780037574.6851518,49.226
1780037574.6912804,49.226
1780037574.6971781,49.226
1780037574.7031507,49.226
1780037574.7092435,49.225
1780037574.7151792,49.225
1780037574.7212155,49.226
1780037574.7272122,49.225
1780037574.7332344,49.226
1780037574.7392232,49.226
1780037574.7451897,49.226
1780037574.7511516,49.226
1780037574.757222,49.226
1780037574.7632027,49.226
1780037574.769195,49.226
1780037574.7751844,49.226
1780037574.7812366,49.226
1780037574.7872002,49.226
1780037574.7932427,49.226
1780037574.7991102,49.226
1780037574.8052323,49.226
1780037574.8111336,49.226
1780037574.8171847,49.226
1780037574.8231616,49.226
1780037574.829236,49.226
1780037574.8352296,49.226
1780037574.8410485,49.226
1780037574.847157,49.226
1780037574.8532267,49.227
1780037574.8591712,49.226
1780037574.8652606,49.227
1780037574.8711514,49.226
1780037574.8772256,49.226
1780037574.8832273,49.226
1780037574.889049,49.226
1780037574.8951955,49.227
1780037574.9012306,49.226
1780037574.9071956,49.227
1780037574.9132013,49.227
1780037574.9191914,49.227
1780037574.9250252,49.228
1780037574.9311588,49.227
1780037574.9371657,49.228
1780037574.9432771,49.227
1780037574.9491951,49.227
1780037574.9552696,49.228
1780037574.961195,49.227
1780037574.9672542,49.227
1780037574.9730513,49.227
1780037574.9792998,49.227
1780037574.9852216,49.227
1780037574.9912353,49.227
1780037574.9972193,49.228
1780037575.0031967,49.228
1780037575.009212,49.228
1780037575.0151896,49.228
1780037575.021143,49.228
1780037575.027158,49.228
1780037575.0331895,49.229
1780037575.0392702,49.229
1780037575.045187,49.229
1780037575.0512226,49.23
1780037575.0571394,49.23
1780037575.0629525,49.23
1780037575.0692508,49.229
1780037575.0751998,49.229
1780037575.0811875,49.23
1780037575.0871108,49.23
1780037575.09312,49.23
1780037575.0992265,49.23
1780037575.105064,49.23
1780037575.1112428,49.23
1780037575.117182,49.23
1780037575.1231475,49.23
1780037575.1292713,49.23
1780037575.1350749,49.23
1780037575.1412487,49.229
1780037575.1471846,49.229
1780037575.153248,49.229
1780037575.159254,49.23
1780037575.165244,49.23
1780037575.1710815,49.23
1780037575.1772344,49.23
1780037575.1832979,49.229
1780037575.1892583,49.229
1780037575.1952014,49.228
1780037575.2012663,49.228
1780037575.2072456,49.228
1780037575.2132745,49.228
1780037575.219096,49.228
1780037575.2252142,49.228
1780037575.2312582,49.229
1780037575.237269,49.229
1780037575.2432697,49.229
1780037575.2491903,49.229
1780037575.2551816,49.229
1780037575.261036,49.23
1780037575.2671492,49.23
1780037575.2732272,49.23
1780037575.2792563,49.229
1780037575.285258,49.23
1780037575.2911148,49.23
1780037575.297266,49.23
1780037575.3032901,49.23
1780037575.3090577,49.229
1780037575.3151805,49.229
1780037575.3211892,49.23
1780037575.3272119,49.23
1780037575.3332007,49.23
1780037575.3392396,49.231
1780037575.3450727,49.231
1780037575.3511326,49.231
1780037575.357251,49.231
1780037575.3632724,49.23
1780037575.3692048,49.23
1780037575.3752315,49.23
1780037575.3811917,49.229
1780037575.3872576,49.23
1780037575.3930278,49.229
1780037575.3991647,49.229
1780037575.405181,49.23
1780037575.4111874,49.23
1780037575.417214,49.231
1780037575.4232821,49.231
1780037575.4292314,49.232
1780037575.4352415,49.232
1780037575.4411569,49.232
1780037575.4472601,49.232
1780037575.4531574,49.232
1780037575.4592402,49.232
1780037575.4651756,49.232
1780037575.4712212,49.232
1780037575.4771895,49.232
1780037575.4832494,49.232
1780037575.4892461,49.232
1780037575.4952633,49.232
1780037575.5012512,49.232
1780037575.5071414,49.232
1780037575.5131946,49.232
1780037575.5192,49.232
1780037575.5250728,49.231
1780037575.5312743,49.232
1780037575.537182,49.231
1780037575.5432396,49.231
1780037575.549247,49.231
1780037575.5551143,49.23
1780037575.5611935,49.23
1780037575.5669866,49.23
1780037575.5732336,49.23
1780037575.579274,49.23
1780037575.585241,49.23
1780037575.591155,49.231
1780037575.5971715,49.23
1780037575.603238,49.23
1780037575.6091955,49.23
1780037575.6151845,49.23
1780037575.6212485,49.23
1780037575.6272025,49.23
1780037575.6332555,49.231
1780037575.6391025,49.231
1780037575.6452038,49.231
1780037575.6512551,49.231
1780037575.657241,49.232
1780037575.663225,49.231
1780037575.6692364,49.232
1780037575.6752436,49.232
1780037575.6810627,49.232
1780037575.6871886,49.232
1780037575.6932044,49.232
1780037575.6991165,49.232
1780037575.7052526,49.232
1780037575.7111962,49.232
1780037575.7172732,49.232
1780037575.723238,49.231
1780037575.7291298,49.231
1780037575.73522,49.231
1780037575.7411814,49.231
1780037575.747198,49.231
1780037575.7532618,49.231
1780037575.7592454,49.232
1780037575.765142,49.232
1780037575.7711918,49.233
1780037575.7772493,49.232
1780037575.7832148,49.232
1780037575.7891502,49.232
1780037575.7952464,49.232
1780037575.80118,49.232
1780037575.807239,49.231
1780037575.8131566,49.231
1780037575.8192375,49.232
1780037575.8249836,49.231
1780037575.8312464,49.232
1780037575.8371913,49.232
