timestamp,gpu_power_w
1780221692.489461,53.253
1780221692.4947371,54.021
1780221692.500305,54.012
1780221692.5055656,54.012
1780221692.511108,54.01
1780221692.5165596,54.003
1780221692.5221002,54.015
1780221692.52742,54.011
1780221692.5327244,54.009
1780221692.5381727,54.009
1780221692.5435407,54.011
1780221692.5489836,54.013
1780221692.5543442,54.009
1780221692.5598023,54.011
1780221692.5651417,54.011
1780221692.5705853,54.01
1780221692.5758994,54.008
1780221692.5811732,54.009
1780221692.586743,54.008
1780221692.5919952,54.013
1780221692.5975652,54.009
1780221692.6030025,54.011
1780221692.6084135,54.012
1780221692.6138508,54.011
1780221692.619174,54.008
1780221692.624643,54.006
1780221692.630107,54.009
1780221692.6354668,54.013
1780221692.6408,54.009
1780221692.6462467,54.01
1780221692.651704,54.011
1780221692.6570404,54.01
1780221692.662411,54.008
1780221692.6678653,54.008
1780221692.6732013,54.009
1780221692.6786485,54.012
1780221692.684,54.009
1780221692.6894588,54.008
1780221692.6947997,54.011
1780221692.7002456,54.01
1780221692.705602,54.008
1780221692.7110531,54.008
1780221692.716407,54.009
1780221692.7218573,54.01
1780221692.7271988,54.008
1780221692.7324631,54.008
1780221692.7380533,54.01
1780221692.7435696,54.006
1780221692.7489698,54.008
1780221692.7543106,54.008
1780221692.7596216,54.009
1780221692.7650816,54.011
1780221692.7704365,54.007
1780221692.776029,54.009
1780221692.7813258,54.01
1780221692.7867231,54.009
1780221692.792029,54.007
1780221692.7975054,54.004
1780221692.80296,54.007
1780221692.8083386,54.01
1780221692.813663,54.007
1780221692.819107,54.009
1780221692.8244627,54.01
1780221692.8300486,53.249
1780221692.8360362,53.248
1780221692.8417184,53.252
1780221692.847397,53.252
1780221692.8533332,53.252
1780221692.8593743,53.252
1780221692.8649395,53.252
1780221692.8704855,53.252
1780221692.8763356,53.252
1780221692.882213,53.252
1780221692.8882892,53.252
1780221692.8943036,53.252
1780221692.9002316,53.252
1780221692.906222,53.252
1780221692.912242,53.252
1780221692.9182954,53.252
1780221692.9241955,53.252
1780221692.9297726,53.252
1780221692.9355018,53.252
1780221692.9413292,53.252
1780221692.947002,53.252
1780221692.952998,53.252
1780221692.9591842,53.252
1780221692.9649935,53.251
1780221692.9711916,53.252
1780221692.976992,53.252
1780221692.983147,53.252
1780221692.9890268,53.252
1780221692.995018,53.253
1780221693.0011044,53.252
1780221693.0071435,53.252
1780221693.0131657,53.253
1780221693.0189679,53.253
1780221693.0250554,53.252
1780221693.031147,53.251
1780221693.0371861,53.253
1780221693.0430639,53.252
1780221693.0491161,53.252
1780221693.055126,53.253
1780221693.0610585,53.252
1780221693.0670629,53.253
1780221693.0731556,53.252
1780221693.079193,53.252
1780221693.0850565,53.252
1780221693.0906224,53.253
1780221693.096222,53.252
1780221693.1020148,53.252
1780221693.1079752,53.252
1780221693.1138992,53.252
1780221693.1200025,53.253
1780221693.12581,53.252
1780221693.1314201,53.252
1780221693.137083,53.253
1780221693.142862,53.253
1780221693.148774,53.252
1780221693.154667,53.252
1780221693.1607902,53.253
1780221693.1667547,53.253
1780221693.1728354,53.253
1780221693.1787167,53.253
1780221693.1847162,53.253
1780221693.1907997,53.253
1780221693.1966705,53.252
1780221693.2027705,53.253
1780221693.2087367,53.253
1780221693.214811,53.253
1780221693.220793,53.253
1780221693.2267723,53.253
1780221693.2327409,53.253
1780221693.2388177,53.253
1780221693.2447357,53.253
1780221693.2507882,53.253
1780221693.256779,53.253
1780221693.262771,53.252
1780221693.2687232,53.253
1780221693.2748373,53.253
1780221693.2807562,53.253
1780221693.2867687,53.253
1780221693.2927577,53.253
1780221693.2987247,53.253
1780221693.3048773,53.253
1780221693.3107612,53.253
1780221693.316801,53.253
1780221693.3228498,53.253
1780221693.328869,53.253
1780221693.3347511,53.253
1780221693.3408341,53.253
1780221693.3468006,53.253
1780221693.3527668,53.253
1780221693.3587718,53.253
1780221693.3647249,53.253
1780221693.3709137,53.253
1780221693.3767283,53.253
1780221693.3823504,53.253
1780221693.3879404,53.253
1780221693.3936522,53.253
1780221693.399723,53.253
1780221693.4056218,53.253
1780221693.4116735,53.253
1780221693.417625,53.253
1780221693.423549,53.253
1780221693.429225,53.253
1780221693.4349005,53.253
1780221693.4405494,53.253
1780221693.4463985,53.253
1780221693.4519813,53.253
1780221693.457626,53.253
1780221693.4633806,53.253
1780221693.4691944,53.253
1780221693.4747794,53.253
1780221693.4804213,53.253
1780221693.4859521,53.253
1780221693.4915123,53.254
1780221693.4969378,53.254
1780221693.5029714,53.253
1780221693.5088758,53.253
1780221693.5148177,53.253
1780221693.5209484,53.253
1780221693.5268133,53.253
1780221693.532887,53.254
1780221693.5388541,53.254
1780221693.5449376,53.253
1780221693.5507302,53.253
1780221693.5568728,53.253
1780221693.5627956,53.254
1780221693.5690148,53.253
1780221693.5748596,53.253
1780221693.5808542,53.254
1780221693.5863793,53.253
1780221693.5919492,53.253
1780221693.5978131,53.254
1780221693.603645,53.254
1780221693.6097639,53.254
1780221693.615711,53.253
1780221693.6216185,53.253
1780221693.6272845,53.254
1780221693.6329124,53.254
1780221693.6385698,53.253
1780221693.644486,53.253
1780221693.6500542,53.254
1780221693.6557255,53.254
1780221693.661422,53.254
1780221693.6673021,53.254
1780221693.6733315,53.254
1780221693.679355,53.253
1780221693.6853554,53.254
1780221693.6912732,53.253
1780221693.6973667,53.253
1780221693.7034025,53.254
1780221693.709306,53.253
1780221693.7148983,53.254
1780221693.7205162,53.254
1780221693.7261615,53.253
1780221693.7320557,53.254
1780221693.73771,53.253
1780221693.7433796,53.254
1780221693.7488434,53.254
1780221693.7549684,53.254
1780221693.760854,53.254
1780221693.767066,53.254
1780221693.7728434,53.254
1780221693.7789366,53.254
1780221693.7850335,53.254
1780221693.7909513,53.253
1780221693.7970176,53.254
1780221693.8030035,53.254
1780221693.8089752,53.254
1780221693.8149128,53.254
1780221693.8209753,53.254
1780221693.826904,53.254
1780221693.833102,53.254
1780221693.838923,53.254
1780221693.8449879,53.254
1780221693.8509986,53.254
1780221693.8570106,53.253
1780221693.8629534,53.254
1780221693.8690512,53.254
1780221693.8750412,53.254
1780221693.8809805,53.254
1780221693.8865495,53.254
1780221693.8922818,53.254
1780221693.8980854,53.254
1780221693.903741,53.254
1780221693.9093592,53.254
1780221693.9149904,53.254
1780221693.9206932,53.254
1780221693.9265535,53.254
1780221693.9326816,53.254
1780221693.938752,53.254
1780221693.9446037,53.254
1780221693.9501617,53.254
1780221693.9557676,53.253
1780221693.961475,53.254
1780221693.9673543,53.254
1780221693.9729533,53.254
1780221693.9785523,53.254
1780221693.984131,53.254
1780221693.98978,53.253
1780221693.9954252,53.254
1780221694.0011709,53.254
1780221694.0071585,53.254
1780221694.0129998,53.254
1780221694.019147,53.254
1780221694.0251021,53.254
1780221694.031169,53.254
1780221694.0370734,53.254
1780221694.0431662,53.254
1780221694.04899,53.254
1780221694.0551097,53.253
1780221694.0610888,53.254
1780221694.067171,53.254
1780221694.072992,53.254
1780221694.0790627,53.254
1780221694.0851061,53.254
1780221694.0911555,53.254
1780221694.0969827,53.254
1780221694.1026375,53.254
1780221694.1083121,53.254
1780221694.113808,53.254
1780221694.1193497,53.254
1780221694.1246755,53.254
1780221694.1307774,53.254
1780221694.1366205,53.254
1780221694.142634,53.254
1780221694.148735,53.254
1780221694.1547148,53.254
1780221694.1607394,53.254
1780221694.166738,53.254
1780221694.1727712,53.254
1780221694.178731,53.254
1780221694.1847322,53.254
1780221694.190725,53.255
1780221694.19681,53.254
1780221694.2027297,53.254
1780221694.208753,53.254
1780221694.2148025,53.254
1780221694.2207236,53.254
1780221694.2266545,53.255
1780221694.2322698,53.255
1780221694.2379935,53.255
1780221694.243594,53.254
1780221694.2496266,53.254
1780221694.2556279,53.255
1780221694.2617142,53.254
1780221694.2675197,53.254
1780221694.2736678,53.254
1780221694.2794664,53.255
1780221694.2850187,53.255
1780221694.2903683,53.254
1780221694.2964044,53.254
1780221694.3022482,53.254
1780221694.308346,53.255
1780221694.3143897,53.254
1780221694.3203816,53.254
1780221694.3262837,53.255
1780221694.3323998,53.254
1780221694.338694,53.254
1780221694.3443673,53.254
1780221694.3503578,53.255
1780221694.356359,53.255
1780221694.3624315,53.254
1780221694.3683753,53.255
1780221694.3739653,53.254
1780221694.3796256,53.254
1780221694.385234,53.254
1780221694.3911529,53.254
1780221694.3972654,53.254
1780221694.4032676,53.255
1780221694.4091814,53.254
1780221694.4147499,53.254
1780221694.4203808,53.255
1780221694.4261065,53.254
1780221694.43199,53.254
1780221694.4375978,53.254
1780221694.4432526,53.255
1780221694.4488115,53.255
1780221694.4548979,53.255
1780221694.460853,53.254
1780221694.4668505,53.254
1780221694.4728425,53.254
1780221694.4783819,53.254
1780221694.4840024,53.254
1780221694.4897544,53.255
1780221694.4956286,53.255
1780221694.5017252,53.255
1780221694.5076854,53.254
1780221694.5135489,53.255
1780221694.519179,53.254
1780221694.524828,53.255
1780221694.5305135,53.254
1780221694.5364342,53.254
1780221694.5420136,53.254
1780221694.5476353,53.255
1780221694.5532258,53.255
1780221694.5593314,53.255
1780221694.5653028,53.254
1780221694.5713708,53.254
1780221694.5772018,53.255
1780221694.5833,53.254
1780221694.5893688,53.255
1780221694.5953045,53.255
1780221694.601289,53.254
1780221694.6073616,53.254
1780221694.613221,53.255
1780221694.6192253,53.255
1780221694.6253543,53.254
1780221694.631352,53.254
1780221694.6373394,53.255
1780221694.6433415,53.255
1780221694.649378,53.255
1780221694.6552896,53.255
1780221694.6612964,53.255
1780221694.6674116,53.255
1780221694.6732252,53.255
1780221694.6792765,53.255
1780221694.6853602,53.255
1780221694.6913729,53.255
1780221694.6973305,53.255
1780221694.7033029,53.254
1780221694.709389,53.255
1780221694.715262,53.255
1780221694.7212446,53.255
1780221694.7268553,53.255
1780221694.7325976,53.255
1780221694.738226,53.255
1780221694.7442682,53.254
1780221694.7501616,53.254
1780221694.756281,53.255
1780221694.7621937,53.255
1780221694.7682428,53.255
1780221694.7741382,53.255
1780221694.779693,53.255
1780221694.7852845,53.255
1780221694.7910497,53.255
1780221694.7969131,53.254
1780221694.8025289,53.255
1780221694.8081756,53.255
1780221694.8137188,53.255
1780221694.8197837,53.255
1780221694.8257625,53.255
1780221694.8318467,53.255
1780221694.8377767,53.255
1780221694.8438427,53.255
1780221694.8497212,53.254
1780221694.8559077,53.255
1780221694.8618133,53.255
1780221694.8678257,53.255
1780221694.873748,53.255
1780221694.879731,53.254
1780221694.8858273,53.255
1780221694.8918705,53.255
1780221694.897834,53.255
1780221694.9038215,53.255
1780221694.909849,53.255
1780221694.9158247,53.254
1780221694.921795,53.255
1780221694.9279275,53.255
1780221694.9337368,53.255
1780221694.9398217,53.255
1780221694.9458354,53.255
1780221694.9518723,53.255
1780221694.957825,53.255
1780221694.963904,53.255
1780221694.9699235,53.255
1780221694.975753,53.255
1780221694.981334,53.255
1780221694.9868395,53.255
1780221694.992691,53.255
1780221694.998652,53.255
1780221695.0047019,53.255
1780221695.010621,53.255
1780221695.0162458,53.254
1780221695.0218873,53.255
1780221695.0276928,53.255
1780221695.0334082,53.255
1780221695.039049,53.255
1780221695.0446723,53.255
1780221695.0503159,53.255
1780221695.0563118,53.255
1780221695.06231,53.255
1780221695.0683546,53.255
1780221695.0742297,53.255
1780221695.0802906,53.255
1780221695.086344,53.255
1780221695.0922954,53.255
1780221695.098292,53.255
1780221695.104363,53.255
1780221695.1102579,53.255
1780221695.1162028,53.255
1780221695.122262,53.255
1780221695.128347,53.255
1780221695.134313,53.255
1780221695.1403315,53.255
1780221695.1463642,53.255
1780221695.1523626,53.255
1780221695.158279,53.255
1780221695.164412,53.255
1780221695.1701941,53.255
1780221695.1758432,53.255
1780221695.1814828,53.255
1780221695.1872907,53.255
1780221695.1930234,53.255
1780221695.1991725,53.255
1780221695.2051837,53.255
1780221695.2110963,53.255
1780221695.2166455,53.255
1780221695.2222686,53.255
1780221695.227999,53.255
1780221695.2339292,53.255
1780221695.2399712,53.255
1780221695.2459407,54.0
1780221695.2520156,53.255
1780221695.2579386,53.255
1780221695.2640526,53.255
1780221695.269879,53.255
1780221695.2755013,53.255
1780221695.2811198,53.255
1780221695.286937,54.0
1780221695.2927241,53.255
1780221695.2983153,53.255
1780221695.3040206,53.255
1780221695.3095226,53.255
1780221695.3150876,53.254
1780221695.320721,54.0
1780221695.326453,53.255
1780221695.3323133,53.255
1780221695.3378994,53.255
1780221695.3436103,53.255
1780221695.3491693,53.255
1780221695.3552625,53.255
1780221695.3613076,53.255
1780221695.3670905,53.255
1780221695.3731868,53.255
1780221695.3792286,54.0
1780221695.3854952,53.255
1780221695.391224,53.255
1780221695.397286,53.255
1780221695.40324,53.255
1780221695.4091566,54.0
1780221695.4152584,53.255
1780221695.421338,53.255
1780221695.4270926,53.255
1780221695.4327652,53.255
1780221695.438384,53.255
1780221695.443958,53.255
1780221695.449564,53.254
1780221695.455101,53.255
1780221695.460871,53.255
1780221695.466762,53.255
1780221695.4723806,53.255
1780221695.4779675,53.255
1780221695.483676,53.255
1780221695.4896033,53.255
1780221695.4952455,53.255
1780221695.5010839,53.255
1780221695.5066013,54.0
1780221695.5124643,54.0
1780221695.5184715,53.255
1780221695.5245843,53.255
1780221695.530393,53.255
1780221695.5365937,53.255
1780221695.5423672,53.255
1780221695.5479827,53.254
1780221695.5535285,54.0
1780221695.5593684,53.255
1780221695.5652359,53.255
1780221695.5708334,53.255
1780221695.5764296,53.255
1780221695.582083,53.255
1780221695.5880654,54.0
1780221695.594103,53.255
1780221695.600116,53.255
1780221695.6059904,53.255
1780221695.6121385,53.255
1780221695.6181471,54.0
1780221695.6241045,54.0
1780221695.630112,53.255
1780221695.6361456,53.255
1780221695.6421428,53.255
1780221695.6481366,53.255
1780221695.6541278,53.255
1780221695.660196,53.255
1780221695.6660693,53.255
1780221695.6722028,53.255
1780221695.678052,54.0
1780221695.684147,54.0
1780221695.690186,53.255
1780221695.696207,53.255
1780221695.702119,53.255
1780221695.7076914,53.255
1780221695.713358,54.0
1780221695.7190013,54.0
1780221695.7248976,54.0
1780221695.730456,53.255
1780221695.7361774,54.0
1780221695.7416706,53.255
1780221695.7472541,53.254
1780221695.752872,53.255
1780221695.7585762,54.0
1780221695.7646174,54.0
1780221695.770589,53.255
1780221695.7765696,53.255
1780221695.7825692,54.0
1780221695.7885764,53.255
1780221695.794642,54.0
1780221695.8004868,54.0
1780221695.8059747,54.0
1780221695.8115103,53.255
1780221695.8173838,54.0
1780221695.8233626,53.255
1780221695.8294787,54.0
1780221695.8353326,53.255
1780221695.8409088,54.0
1780221695.8465056,53.255
1780221695.8522053,54.0
1780221695.8581495,54.0
1780221695.8641906,53.255
1780221695.870219,54.0
1780221695.8760967,53.255
1780221695.8822584,53.255
1780221695.8882928,54.0
1780221695.894054,53.255
1780221695.899734,53.255
1780221695.90537,53.255
1780221695.910982,54.0
1780221695.9170003,54.0
1780221695.9230304,53.255
1780221695.9290457,54.0
1780221695.9349732,53.255
1780221695.9410508,53.255
1780221695.9470086,53.255
1780221695.9531426,54.0
1780221695.9589827,53.255
1780221695.9651208,54.0
1780221695.9709456,54.0
1780221695.9769425,53.255
1780221695.9830544,54.0
1780221695.9890728,53.255
1780221695.9950576,54.0
1780221696.0010839,53.255
1780221696.0071547,53.255
1780221696.01298,53.254
1780221696.01903,54.0
1780221696.0251558,54.0
1780221696.0309427,54.0
1780221696.0365922,53.255
1780221696.04222,53.255
1780221696.0478952,53.255
1780221696.0538118,53.255
1780221696.059451,53.255
1780221696.0651505,53.255
1780221696.0707083,53.255
1780221696.076688,53.255
1780221696.0826952,54.0
1780221696.0887885,53.255
1780221696.0946882,53.255
1780221696.1007998,53.255
1780221696.1066399,54.0
1780221696.1121929,54.0
1780221696.1175106,54.0
1780221696.1235363,54.0
1780221696.1294804,53.255
1780221696.1355171,53.255
1780221696.141573,54.0
1780221696.1474538,53.255
1780221696.1534026,54.0
1780221696.1589265,54.0
1780221696.1645362,53.255
1780221696.1702795,54.0
1780221696.1763675,54.0
1780221696.1823292,53.255
1780221696.1882737,54.0
1780221696.194387,54.0
1780221696.200386,53.255
1780221696.206251,53.255
1780221696.2117867,54.0
1780221696.2173197,54.0
1780221696.22316,54.0
1780221696.2291205,53.255
1780221696.2351928,53.255
1780221696.241136,54.0
1780221696.2470486,53.255
1780221696.2531118,54.0
1780221696.2591972,53.255
1780221696.265116,54.0
1780221696.2706747,53.255
1780221696.2763638,54.0
1780221696.2819026,54.0
1780221696.2879949,54.0
1780221696.2940514,53.255
1780221696.2999372,54.0
1780221696.3059661,54.0
1780221696.3119211,54.0
1780221696.3174267,54.0
1780221696.3230119,54.0
1780221696.3287652,54.0
1780221696.3348143,53.255
1780221696.340722,53.255
1780221696.346292,53.255
1780221696.3519483,54.0
1780221696.3576193,54.0
1780221696.3635242,54.0
1780221696.3690042,53.255
1780221696.3745942,54.0
1780221696.3803763,53.255
1780221696.3863528,54.0
1780221696.3924127,53.255
1780221696.3983562,53.255
1780221696.404417,54.0
1780221696.4103808,53.255
1780221696.4164739,54.0
1780221696.4223516,54.0
1780221696.428442,53.255
1780221696.4343061,53.255
1780221696.4403598,53.255
1780221696.4463909,53.255
1780221696.4524674,53.255
1780221696.4583685,54.0
1780221696.4639578,53.255
1780221696.4696445,54.0
1780221696.4751165,53.255
1780221696.480685,53.255
1780221696.4862816,54.0
1780221696.492099,54.0
1780221696.4980173,53.255
1780221696.5040898,53.255
1780221696.5099988,54.0
1780221696.515998,54.0
1780221696.5220907,53.255
1780221696.5281162,53.255
1780221696.5340364,53.255
1780221696.5401247,54.0
1780221696.5460086,53.255
1780221696.5522332,54.0
1780221696.5580585,53.255
1780221696.564107,54.0
1780221696.5700061,54.0
1780221696.5755732,53.255
1780221696.5812442,54.0
1780221696.5868962,53.255
1780221696.5928092,54.0
1780221696.5989747,53.255
1780221696.6047606,53.255
1780221696.610393,53.255
1780221696.6160579,54.0
1780221696.6217992,54.0
1780221696.6276248,53.255
1780221696.6332366,53.255
1780221696.6388824,54.0
1780221696.6444514,54.0
1780221696.6504734,53.255
1780221696.6565125,54.0
1780221696.6625798,53.255
1780221696.6684566,53.255
1780221696.674523,54.0
1780221696.6805162,53.255
1780221696.6864626,54.0
1780221696.692495,54.0
1780221696.6985776,53.255
1780221696.7044268,53.255
1780221696.7105606,54.0
1780221696.7166045,54.0
1780221696.7224627,54.0
1780221696.7280796,54.0
1780221696.7337697,54.0
1780221696.7393072,54.0
1780221696.7448635,54.0
1780221696.7502434,54.0
1780221696.7562172,54.0
1780221696.7620924,53.255
1780221696.7681925,54.0
1780221696.774137,54.0
1780221696.780096,53.255
1780221696.7861447,54.0
1780221696.7922103,53.255
1780221696.7981462,53.255
1780221696.8036683,54.0
1780221696.8093603,54.0
1780221696.8149083,53.255
1780221696.8210154,54.0
1780221696.827073,54.0
1780221696.8330097,53.255
1780221696.8389423,53.255
1780221696.8444989,54.0
1780221696.8500702,53.255
1780221696.8556838,53.255
1780221696.8613377,54.0
1780221696.8670063,54.0
1780221696.87257,54.0
1780221696.878159,54.0
1780221696.8835025,54.0
1780221696.889422,54.0
1780221696.895357,54.0
1780221696.9008956,54.0
1780221696.906625,53.255
1780221696.9121783,53.254
1780221696.9182642,54.0
1780221696.9242892,54.0
1780221696.9301126,54.0
1780221696.935737,53.255
1780221696.941352,53.255
1780221696.9470088,53.255
1780221696.9530087,54.0
1780221696.9590287,53.255
1780221696.9650936,54.0
1780221696.9709513,54.0
1780221696.9770968,54.0
1780221696.9830577,54.0
1780221696.9889665,53.255
1780221696.9946196,54.0
1780221697.0003192,53.255
1780221697.0058146,54.0
1780221697.011876,54.0
1780221697.0173848,54.0
1780221697.0231206,54.0
1780221697.0287414,54.0
1780221697.0346649,53.255
1780221697.040592,54.0
1780221697.046089,53.253
1780221697.0513206,54.022
1780221697.0565615,54.013
1780221697.0622985,54.013
1780221697.0676203,54.012
1780221697.0729303,54.01
1780221697.0783772,54.011
1780221697.0837288,54.01
1780221697.0890203,54.014
1780221697.0945492,54.01
1780221697.0999901,54.012
1780221697.1054485,54.013
1780221697.1108372,54.009
1780221697.1162212,54.009
1780221697.1216388,54.013
1780221697.126957,54.012
1780221697.1323903,54.011
1780221697.1377645,54.01
1780221697.1432002,54.009
1780221697.1485558,54.014
1780221697.1540003,54.011
1780221697.1593544,54.011
1780221697.1646104,54.012
1780221697.1701655,54.012
1780221697.1756272,54.008
1780221697.1809802,54.011
1780221697.1864324,54.011
1780221697.1917675,54.013
1780221697.1970384,54.011
1780221697.2025845,54.011
1780221697.2080371,54.011
1780221697.21337,54.011
1780221697.2186372,54.011
1780221697.2241833,54.009
1780221697.2296984,54.007
1780221697.2350023,54.013
1780221697.2404537,54.01
1780221697.2457907,54.011
1780221697.2512486,54.01
1780221697.2565966,54.011
1780221697.262044,54.01
1780221697.267418,54.009
1780221697.2728612,54.009
1780221697.2781682,54.012
1780221697.2834373,54.01
1780221697.289011,54.009
1780221697.2944636,54.011
1780221697.2997942,54.01
1780221697.3050628,54.011
1780221697.3106365,54.008
1780221697.3160787,54.01
1780221697.3213882,54.011
1780221697.3266485,54.009
1780221697.3322372,54.008
1780221697.3376913,54.01
1780221697.3430185,54.009
1780221697.3482885,54.012
1780221697.353856,54.008
1780221697.3593175,54.01
1780221697.3648098,54.011
1780221697.3701422,54.009
1780221697.375467,54.007
1780221697.3809116,54.008
1780221697.386379,53.246
1780221697.3923426,53.248
1780221697.3984697,53.253
1780221697.4043908,53.252
1780221697.4103472,53.252
1780221697.4158905,53.252
1780221697.4215758,53.252
1780221697.4272127,53.252
1780221697.4331493,53.252
1780221697.4393306,53.252
1780221697.4452085,53.252
1780221697.4512112,53.253
1780221697.4572592,53.253
1780221697.4632118,53.253
1780221697.4692774,53.253
1780221697.47522,53.252
1780221697.4811463,53.253
1780221697.4872904,53.252
1780221697.4932606,53.253
1780221697.4993148,53.253
1780221697.5052047,53.252
1780221697.5107927,53.253
1780221697.516373,53.253
1780221697.5220847,53.253
1780221697.5281088,53.253
1780221697.5340314,53.253
1780221697.5401182,53.253
1780221697.546065,53.253
1780221697.5520175,53.252
1780221697.5580957,53.253
1780221697.5640805,53.253
1780221697.5701282,53.253
1780221697.57607,53.253
1780221697.5820699,53.253
1780221697.588126,53.253
1780221697.5941951,53.253
1780221697.600038,53.253
1780221697.605617,53.253
1780221697.6112568,53.253
1780221697.6168087,53.253
1780221697.6229858,53.253
1780221697.6288154,53.253
1780221697.6344063,53.253
1780221697.6400673,53.253
1780221697.6456008,53.253
1780221697.6512127,53.252
1780221697.656748,53.253
1780221697.6625526,53.253
1780221697.6683917,53.253
1780221697.674025,53.253
1780221697.679623,53.253
1780221697.6853435,53.253
1780221697.691346,53.253
1780221697.6972504,53.253
1780221697.7033584,53.253
1780221697.7093642,53.253
1780221697.7152903,53.254
1780221697.721354,53.253
1780221697.7273748,53.253
1780221697.733368,53.253
1780221697.739207,53.253
1780221697.7453628,53.253
1780221697.751296,53.253
1780221697.7573783,53.254
1780221697.7633307,53.253
1780221697.7688963,53.253
1780221697.7745628,53.253
1780221697.7801821,53.253
1780221697.786169,53.253
1780221697.7921786,53.253
1780221697.7982354,53.253
1780221697.8040571,53.253
1780221697.8101027,53.253
1780221697.816149,53.253
1780221697.8222427,53.254
1780221697.8280978,53.254
1780221697.83415,53.253
1780221697.84023,53.253
1780221697.8461137,53.254
1780221697.8522942,53.254
1780221697.8581288,53.253
1780221697.864235,53.253
1780221697.8702376,53.253
1780221697.8761387,53.253
1780221697.8822742,53.253
1780221697.8882108,53.254
1780221697.8942835,53.253
1780221697.9001362,53.253
1780221697.905732,53.254
1780221697.9113538,53.254
1780221697.916996,53.254
1780221697.9229136,53.254
1780221697.9290721,53.254
1780221697.9350731,53.253
1780221697.940932,53.254
1780221697.946461,53.254
1780221697.9518538,53.254
1780221697.9578526,53.253
1780221697.9638524,53.254
1780221697.9697552,53.254
1780221697.9758606,53.253
1780221697.981817,53.253
1780221697.987883,53.254
1780221697.9937372,53.254
1780221697.9998786,53.254
1780221698.0058484,53.254
1780221698.011793,53.254
1780221698.017864,53.254
1780221698.0238872,53.254
1780221698.0298727,53.254
1780221698.035732,53.254
1780221698.041373,53.254
1780221698.0470376,53.253
1780221698.0526853,53.254
1780221698.0586305,53.254
1780221698.0642052,53.254
1780221698.0698495,53.253
1780221698.0754025,53.254
1780221698.08138,53.254
1780221698.087458,53.254
1780221698.0935419,53.254
1780221698.0993664,53.254
1780221698.1049888,53.254
1780221698.1106074,53.254
1780221698.1164787,53.254
1780221698.1223896,53.254
1780221698.128242,53.254
1780221698.1343818,53.254
1780221698.140297,53.254
1780221698.1463017,53.253
1780221698.152262,53.254
1780221698.1583836,53.254
1780221698.164342,53.254
1780221698.1702929,53.254
1780221698.1762836,53.254
1780221698.1823473,53.254
1780221698.1884034,53.254
1780221698.1942518,53.254
1780221698.2003927,53.254
1780221698.206196,53.254
1780221698.2118049,53.253
1780221698.2173848,53.254
1780221698.2231178,53.254
1780221698.2292116,53.254
1780221698.2351222,53.254
1780221698.241177,53.254
1780221698.2471502,53.254
1780221698.2531817,53.254
1780221698.2590754,53.254
1780221698.2651677,53.254
1780221698.2711267,53.254
1780221698.2771509,53.254
1780221698.2831979,53.254
1780221698.289158,53.254
1780221698.2952123,53.254
1780221698.3011734,53.254
1780221698.3071578,53.254
1780221698.3132544,53.254
1780221698.3192263,53.254
1780221698.3251572,53.254
1780221698.330718,53.254
1780221698.336357,53.254
1780221698.3419778,53.254
1780221698.3479238,53.254
1780221698.3540354,53.254
1780221698.3600082,53.254
1780221698.3659427,53.254
1780221698.37197,53.254
1780221698.3780744,53.254
1780221698.3840754,53.254
1780221698.3899894,53.254
1780221698.395538,53.254
1780221698.401196,53.254
1780221698.4067705,53.254
1780221698.412824,53.254
1780221698.4187768,53.254
1780221698.4248137,53.254
1780221698.4308143,53.254
1780221698.4367867,53.254
1780221698.4428027,53.254
1780221698.4489353,53.254
1780221698.4547992,53.254
1780221698.4603715,53.254
1780221698.4660215,53.254
1780221698.4716027,53.254
1780221698.4771202,53.254
1780221698.4826944,53.255
1780221698.4884756,53.254
1780221698.4943454,53.254
1780221698.500379,53.254
1780221698.506471,53.254
1780221698.5124202,53.255
1780221698.5183275,53.254
1780221698.5244875,53.254
1780221698.530554,53.254
1780221698.5363936,53.254
1780221698.5423312,53.254
1780221698.5484369,53.254
1780221698.5546012,53.254
1780221698.560344,53.254
1780221698.5659776,53.254
1780221698.5715737,53.254
1780221698.577299,53.254
1780221698.5832484,53.255
1780221698.5892746,53.255
1780221698.5953667,53.254
1780221698.6011722,53.254
1780221698.6072934,53.254
1780221698.6132774,53.254
1780221698.619378,53.254
1780221698.6251593,53.254
1780221698.6308126,53.255
1780221698.636381,53.254
1780221698.6420352,53.254
1780221698.648173,53.255
1780221698.654059,53.254
1780221698.6601608,53.254
1780221698.6660223,53.254
1780221698.6720908,53.254
1780221698.6780472,53.255
1780221698.684228,53.255
1780221698.6899633,53.254
1780221698.6956391,53.254
1780221698.701211,53.255
1780221698.7068295,53.255
1780221698.7123706,53.254
1780221698.7178848,53.254
1780221698.7237763,53.254
1780221698.7296789,53.254
1780221698.7356985,53.254
1780221698.7417994,53.255
1780221698.747809,53.255
1780221698.7537363,53.254
1780221698.7597191,53.254
1780221698.7657437,53.254
1780221698.771697,53.255
1780221698.777736,53.255
1780221698.7837567,53.255
1780221698.78981,53.254
1780221698.7956674,53.254
1780221698.8017366,53.255
1780221698.8076873,53.254
1780221698.8137739,53.254
1780221698.8197086,53.255
1780221698.8256903,53.254
1780221698.8317742,53.254
1780221698.837812,53.255
1780221698.8437395,53.254
1780221698.8497956,53.254
1780221698.855795,53.254
1780221698.8617837,53.255
1780221698.8677936,53.254
1780221698.873743,53.255
1780221698.8798716,53.255
1780221698.8857088,53.255
1780221698.8913755,53.254
1780221698.8972504,53.255
1780221698.9027815,53.254
1780221698.9086082,53.255
1780221698.9146419,53.254
1780221698.9206657,53.255
1780221698.9265406,53.255
1780221698.932683,53.255
1780221698.9386072,53.254
1780221698.9446974,53.255
1780221698.9505796,53.255
1780221698.956719,53.255
1780221698.9626539,53.255
1780221698.9685268,53.255
1780221698.9741807,53.255
1780221698.9798048,53.254
1780221698.985429,53.255
1780221698.99138,53.255
1780221698.996848,53.255
1780221699.002374,53.255
1780221699.0083373,53.255
1780221699.0141957,53.255
1780221699.0203292,53.254
1780221699.0261314,53.254
1780221699.0321865,53.254
1780221699.0382814,53.254
1780221699.044339,53.255
1780221699.0501735,53.255
1780221699.0562716,53.255
1780221699.0622845,53.255
1780221699.0682335,53.255
1780221699.0742085,53.255
1780221699.0802755,53.255
1780221699.086358,53.254
1780221699.0922668,53.255
1780221699.0982642,53.254
1780221699.104297,53.254
1780221699.1103606,53.255
1780221699.1162636,53.255
1780221699.1223118,53.254
1780221699.1283302,53.255
1780221699.1341877,53.255
1780221699.1398509,53.255
1780221699.145434,53.255
1780221699.1511877,53.255
1780221699.1569939,53.255
1780221699.1626065,53.255
1780221699.1682937,53.255
1780221699.1740375,53.255
1780221699.1799233,53.255
1780221699.1859498,53.255
1780221699.1920037,53.255
1780221699.197837,53.255
1780221699.2033715,53.254
1780221699.2089646,53.255
1780221699.2147527,53.255
1780221699.2206817,53.255
1780221699.226822,53.255
1780221699.2326038,53.255
1780221699.2382357,53.254
1780221699.243834,53.255
1780221699.249596,53.255
1780221699.2554834,53.255
1780221699.261536,53.255
1780221699.267504,53.255
1780221699.2736094,53.255
1780221699.2794356,53.255
1780221699.285101,53.255
1780221699.2907958,53.255
1780221699.2962801,53.255
1780221699.3022635,53.254
1780221699.3083725,53.255
1780221699.314403,53.255
1780221699.3202975,53.254
1780221699.3263483,53.255
1780221699.3323686,53.255
1780221699.3383777,53.255
1780221699.344358,53.255
1780221699.350414,53.254
1780221699.3564546,53.255
1780221699.3623335,53.255
1780221699.3678782,53.255
1780221699.3732796,53.255
1780221699.3792686,53.255
1780221699.385208,53.255
1780221699.391185,53.255
1780221699.3972197,53.255
1780221699.4031582,53.254
1780221699.4091918,53.255
1780221699.4152381,53.255
1780221699.421268,53.255
1780221699.4271386,53.255
1780221699.4332714,53.255
1780221699.439278,53.255
1780221699.4452097,53.255
1780221699.4512115,53.255
1780221699.4572349,53.255
1780221699.4631488,53.255
1780221699.4687219,53.254
1780221699.4742384,53.255
1780221699.4800744,53.255
1780221699.4858878,53.255
1780221699.4915552,53.255
1780221699.4971406,53.255
1780221699.5027971,53.255
1780221699.5087028,53.255
1780221699.514861,53.255
1780221699.5208704,53.255
1780221699.526834,53.255
1780221699.5327964,54.0
1780221699.5388088,53.255
1780221699.5449133,53.255
1780221699.5508246,53.255
1780221699.5569293,53.255
1780221699.5629036,53.255
1780221699.5687919,53.254
1780221699.5747948,53.255
1780221699.5809062,53.255
1780221699.586828,53.255
1780221699.5928426,53.255
1780221699.5989177,53.255
1780221699.6049035,53.255
1780221699.6107953,53.255
1780221699.616451,53.255
1780221699.622154,53.255
1780221699.6277008,53.255
1780221699.6336603,54.0
1780221699.6392624,53.255
1780221699.645002,53.255
1780221699.6505191,53.255
1780221699.6564558,53.255
1780221699.6625671,53.255
1780221699.6684198,53.255
1780221699.6744986,53.255
1780221699.6805627,53.255
1780221699.6864674,53.255
1780221699.6924512,53.255
1780221699.6979973,53.255
1780221699.7036135,53.255
1780221699.7093284,53.255
1780221699.7153556,53.255
1780221699.7213628,53.255
1780221699.727311,53.255
1780221699.733232,54.0
1780221699.7388349,53.255
1780221699.744525,53.255
1780221699.7500646,53.255
1780221699.7556822,53.255
1780221699.7613468,53.255
1780221699.7669528,53.255
1780221699.7728934,53.255
1780221699.7785058,54.0
1780221699.7842107,53.255
1780221699.789748,53.255
1780221699.7952852,53.255
1780221699.800855,53.255
1780221699.8065567,53.255
1780221699.8125167,53.255
1780221699.818571,53.255
1780221699.8245704,54.0
1780221699.830428,53.255
1780221699.8365607,53.255
1780221699.8426025,53.255
1780221699.8486924,54.0
1780221699.8545074,53.255
1780221699.859988,53.255
1780221699.865504,53.255
1780221699.8714137,54.0
1780221699.877345,54.0
1780221699.8834107,53.255
1780221699.8893902,53.255
1780221699.8953598,53.255
1780221699.9009004,53.255
1780221699.9064837,54.0
1780221699.912082,53.255
1780221699.917732,54.0
1780221699.923356,53.255
1780221699.9289746,54.0
1780221699.934528,53.255
1780221699.9400597,54.0
1780221699.9458623,53.255
1780221699.9517808,53.255
1780221699.9573524,54.0
1780221699.962964,53.255
1780221699.9686112,53.255
1780221699.974611,53.255
1780221699.9801962,53.255
1780221699.9858918,53.255
1780221699.9914358,53.255
1780221699.9976053,54.0
1780221700.0034208,54.0
1780221700.0095541,53.255
1780221700.0153925,54.0
1780221700.0215049,53.255
1780221700.0273604,53.255
1780221700.0329578,53.254
1780221700.0384767,54.0
1780221700.0442946,53.255
1780221700.0501888,53.255
1780221700.0562994,53.255
1780221700.0622685,54.0
1780221700.0681968,53.255
1780221700.0742579,54.0
1780221700.0802925,53.255
1780221700.0863552,53.255
1780221700.092201,53.255
1780221700.0983,53.255
1780221700.104379,54.0
1780221700.1103163,54.0
1780221700.1162996,54.0
1780221700.1222951,53.255
1780221700.128206,53.255
1780221700.1343288,54.0
1780221700.1403418,53.255
1780221700.1463737,53.255
1780221700.1522584,53.255
1780221700.158364,53.255
1780221700.1642854,54.0
1780221700.1702194,54.0
1780221700.1763182,54.0
1780221700.1823537,53.255
1780221700.188334,53.255
1780221700.1943624,53.255
1780221700.2002804,53.255
1780221700.2063754,53.255
1780221700.2122817,54.0
1780221700.2183657,54.0
1780221700.2243004,53.255
1780221700.2303083,54.0
1780221700.2362304,54.0
1780221700.2417977,53.255
1780221700.247369,53.255
1780221700.2531528,53.255
1780221700.2591426,54.0
1780221700.2651286,53.255
1780221700.271135,54.0
1780221700.276711,54.0
1780221700.2824051,53.255
1780221700.2879534,53.255
1780221700.293433,54.0
1780221700.2990026,53.255
1780221700.3048036,53.255
1780221700.310698,53.255
1780221700.3162904,53.255
1780221700.3220236,53.255
1780221700.3274984,53.255
1780221700.3335106,53.255
1780221700.3396091,53.255
1780221700.3454597,53.255
1780221700.3510964,53.255
1780221700.3567002,53.255
1780221700.3623743,53.255
1780221700.3683455,54.0
1780221700.3743641,53.255
1780221700.380444,53.255
1780221700.386346,53.255
1780221700.3924136,54.0
1780221700.3983288,53.255
1780221700.404402,54.0
1780221700.4103844,54.0
1780221700.4164367,53.255
1780221700.4223669,54.0
1780221700.4279046,53.255
1780221700.4336011,53.255
1780221700.4392686,54.0
1780221700.4452069,53.255
1780221700.4512637,53.255
1780221700.4572809,53.255
1780221700.4631867,54.0
1780221700.4691281,54.0
1780221700.474631,54.0
1780221700.4802315,54.0
1780221700.4859948,53.255
1780221700.492024,53.255
1780221700.4974906,54.0
1780221700.5030417,54.0
1780221700.5088537,54.0
1780221700.5149202,54.0
1780221700.5207796,54.0
1780221700.5263758,53.255
1780221700.5320497,53.255
1780221700.5376983,54.0
1780221700.5435524,54.0
1780221700.5491302,53.255
1780221700.5548563,53.255
1780221700.5603716,54.0
1780221700.565943,53.255
1780221700.5715332,54.0
1780221700.5772598,53.255
1780221700.5833094,53.255
1780221700.5892625,54.0
1780221700.5952697,54.0
1780221700.6012833,54.0
1780221700.6072342,54.0
1780221700.613337,53.255
1780221700.6192436,53.255
1780221700.6253412,54.0
1780221700.6313195,53.255
1780221700.637468,54.0
1780221700.6432807,54.0
1780221700.6493506,53.255
1780221700.6552637,53.255
1780221700.6612535,54.0
1780221700.6667678,53.255
1780221700.672429,54.0
1780221700.6780715,53.255
1780221700.6836903,53.255
1780221700.6893487,53.255
1780221700.6947892,54.0
1780221700.70099,54.0
1780221700.706981,54.0
1780221700.7129498,54.0
1780221700.7189302,54.0
1780221700.7249591,53.255
1780221700.7309804,53.255
1780221700.7369535,54.0
1780221700.742982,53.255
1780221700.7489717,53.255
1780221700.7548962,54.0
1780221700.7609715,54.0
1780221700.7669575,53.255
1780221700.7728612,54.0
1780221700.7790265,54.0
1780221700.7849739,54.0
1780221700.7909305,54.0
1780221700.796464,54.0
1780221700.8018768,54.0
1780221700.8078213,54.0
1780221700.8136806,54.0
1780221700.8192596,53.255
1780221700.82496,53.255
1780221700.8305147,53.255
1780221700.8366127,54.0
1780221700.8426642,53.255
1780221700.8484626,54.0
1780221700.8545392,54.0
1780221700.8606079,53.255
1780221700.866591,53.255
1780221700.8725748,54.0
1780221700.8786004,54.0
1780221700.884601,54.0
1780221700.8905199,53.255
1780221700.8965154,54.0
1780221700.9026947,54.0
1780221700.9084954,54.0
1780221700.9141352,54.0
1780221700.9198158,53.255
1780221700.925376,54.0
1780221700.9309003,53.255
1780221700.9364371,53.255
1780221700.942235,53.255
1780221700.948201,53.255
1780221700.953703,53.255
1780221700.9593697,53.255
1780221700.9649858,53.255
1780221700.9710352,54.0
1780221700.9770737,53.255
1780221700.98291,53.255
1780221700.988554,53.255
1780221700.9941738,54.0
1780221700.9998326,53.255
1780221701.0057518,54.0
1780221701.0119193,54.0
1780221701.017798,54.0
1780221701.0233467,53.255
1780221701.029004,54.0
1780221701.034753,54.0
1780221701.040613,54.0
1780221701.046628,54.0
1780221701.0525696,54.0
1780221701.0582075,54.0
1780221701.0638201,54.0
1780221701.0694485,54.0
1780221701.0754864,53.255
1780221701.0815544,54.0
1780221701.0874863,53.255
1780221701.0933843,53.255
1780221701.098967,53.255
1780221701.1045892,53.255
1780221701.110206,53.255
1780221701.1162422,54.0
1780221701.1223102,54.0
1780221701.1281664,54.0
1780221701.134298,54.0
1780221701.140365,54.0
1780221701.146176,53.255
1780221701.1518176,54.0
1780221701.1574185,54.0
1780221701.1630647,54.0
1780221701.1690495,54.0
1780221701.175085,53.255
1780221701.1811347,53.255
1780221701.1870177,54.0
1780221701.1931155,54.0
1780221701.1991155,53.255
1780221701.20503,54.0
1780221701.2111585,54.0
1780221701.2171636,53.255
1780221701.2229958,54.0
1780221701.2292025,54.0
1780221701.2351696,54.0
1780221701.2410111,54.0
1780221701.2466543,54.0
1780221701.2523522,54.0
1780221701.2578878,54.0
1780221701.2634602,54.0
1780221701.268808,54.0
1780221701.2748098,54.0
1780221701.280703,53.255
1780221701.2862291,54.0
1780221701.2919405,54.0
1780221701.297539,53.255
1780221701.3035986,54.0
1780221701.3096058,53.255
1780221701.3155046,53.255
1780221701.3211036,54.0
1780221701.3267293,53.255
1780221701.3323917,53.255
1780221701.3383691,54.0
1780221701.3439662,53.255
1780221701.3498456,54.0
1780221701.3553603,54.0
1780221701.3611465,53.255
1780221701.3672209,54.0
1780221701.3731477,54.0
1780221701.3792098,53.255
1780221701.3852303,54.0
1780221701.3910918,54.0
1780221701.3972447,53.255
1780221701.4032402,54.0
1780221701.4092295,54.0
1780221701.4151993,54.0
1780221701.4212036,53.255
1780221701.4271946,54.0
1780221701.433198,53.255
1780221701.4392192,53.255
1780221701.44532,54.0
1780221701.4511924,54.0
1780221701.4572783,53.255
1780221701.463201,54.0
1780221701.4691412,54.0
1780221701.4752476,54.0
1780221701.481248,54.0
1780221701.4871163,53.255
1780221701.4933007,54.0
1780221701.4992254,53.255
1780221701.5051506,54.0
1780221701.5108175,53.255
1780221701.5164745,53.255
1780221701.522007,54.0
1780221701.5275283,54.0
1780221701.5331376,53.255
1780221701.5389109,54.0
1780221701.5447805,54.0
1780221701.5509086,53.255
1780221701.5567558,54.0
1780221701.5623791,53.255
1780221701.567984,54.0
1780221701.5736635,54.0
1780221701.5796263,53.255
1780221701.5852187,54.0
1780221701.5909033,53.255
1780221701.5964363,54.0
1780221701.6023169,54.022
1780221701.6075518,54.013
1780221701.613129,54.014
1780221701.6185632,54.012
1780221701.623926,54.012
1780221701.6293852,54.012
1780221701.6347363,54.012
1780221701.639978,54.012
1780221701.64554,54.01
1780221701.650793,54.011
1780221701.656308,54.014
1780221701.6615708,54.011
1780221701.6671464,54.012
1780221701.6726065,54.012
1780221701.6779137,54.012
1780221701.683175,54.011
1780221701.688757,54.01
1780221701.694205,54.009
1780221701.6995764,54.013
1780221701.7050266,54.011
1780221701.7103553,54.011
1780221701.7156146,54.011
1780221701.7211745,54.012
1780221701.7266276,54.011
1780221701.7319837,54.009
1780221701.7374341,54.01
1780221701.7427425,54.012
1780221701.7480094,54.011
1780221701.7535872,54.01
1780221701.7590458,54.011
1780221701.7643743,54.01
1780221701.7696393,54.012
1780221701.7752252,54.009
1780221701.7806716,54.011
1780221701.7860167,54.012
1780221701.7914581,54.01
1780221701.796816,54.008
1780221701.8022656,54.009
1780221701.8076138,54.009
1780221701.8130803,54.012
1780221701.8184338,54.009
1780221701.8238735,54.01
1780221701.829285,54.011
1780221701.8347077,54.011
1780221701.8400323,54.008
1780221701.84548,54.008
1780221701.8508372,54.009
1780221701.8562844,54.012
1780221701.8616397,54.008
1780221701.8672101,54.009
1780221701.8725078,54.011
1780221701.8779337,54.01
1780221701.8832397,54.008
1780221701.8886933,54.008
1780221701.894044,54.009
1780221701.8994884,54.011
1780221701.904886,54.008
1780221701.9103396,54.009
1780221701.915609,54.01
1780221701.9208753,54.009
1780221701.9264414,54.007
1780221701.9318452,54.008
1780221701.9377298,53.247
1780221701.9434948,53.25
1780221701.9494803,53.253
1780221701.9553564,53.252
1780221701.9614816,53.252
1780221701.9674034,53.252
1780221701.973374,53.252
1780221701.9794388,53.252
1780221701.9854963,53.252
1780221701.9915116,53.252
1780221701.9974508,53.252
1780221702.003353,53.253
1780221702.0094302,53.253
1780221702.0155125,53.253
1780221702.0213344,53.253
1780221702.0269437,53.253
1780221702.032504,53.253
1780221702.038237,53.253
1780221702.0443618,53.252
1780221702.0502226,53.252
1780221702.0563078,53.253
1780221702.062319,53.253
1780221702.0682602,53.253
1780221702.0742557,53.253
1780221702.0802324,53.253
1780221702.0863447,53.253
1780221702.0922134,53.253
1780221702.0977986,53.253
1780221702.1034102,53.252
1780221702.10915,53.253
1780221702.1150126,53.253
1780221702.1210394,53.253
1780221702.1271546,53.253
1780221702.1330538,53.253
1780221702.1391292,53.253
1780221702.1450808,53.253
1780221702.1511629,53.253
1780221702.157116,53.253
1780221702.1630723,53.253
1780221702.1690454,53.253
1780221702.1751,53.253
1780221702.1811125,53.253
1780221702.187021,53.253
1780221702.1930254,53.253
1780221702.1991186,53.253
1780221702.2051592,53.253
1780221702.2110713,53.253
1780221702.2170744,53.253
1780221702.223195,53.253
1780221702.2290604,53.253
1780221702.2351081,53.253
1780221702.2410166,53.253
1780221702.2466497,53.253
1780221702.252357,53.253
1780221702.257938,53.253
1780221702.263902,53.253
1780221702.2699394,53.253
1780221702.2760031,53.253
1780221702.2818954,53.253
1780221702.2879064,53.253
1780221702.293438,53.253
1780221702.298948,53.253
1780221702.3046796,53.253
1780221702.310687,53.253
1780221702.3162696,53.253
1780221702.3219664,53.253
1780221702.3275423,53.253
1780221702.3330655,53.253
1780221702.338633,53.253
1780221702.344421,53.253
1780221702.3503108,53.253
1780221702.3563602,53.253
1780221702.3618388,53.253
1780221702.3673694,53.253
1780221702.3731987,53.253
1780221702.379117,53.253
1780221702.3852391,53.253
1780221702.391263,53.253
1780221702.397186,53.254
1780221702.4031196,53.254
1780221702.408738,53.254
1780221702.4144533,53.253
1780221702.4199908,53.253
1780221702.4260366,53.253
1780221702.4320862,53.253
1780221702.4381185,53.254
1780221702.4439492,53.253
1780221702.4499898,53.253
1780221702.4559894,53.254
1780221702.4620008,53.253
1780221702.4680052,53.253
1780221702.4740574,53.254
1780221702.4800456,53.253
1780221702.485941,53.253
1780221702.4919658,53.254
1780221702.4980657,53.253
1780221702.5041475,53.254
1780221702.5098763,53.254
1780221702.516041,53.254
1780221702.5220916,53.254
1780221702.527996,53.254
1780221702.53414,53.254
1780221702.5400665,53.254
1780221702.5462136,53.254
1780221702.5519223,53.254
1780221702.5575666,53.254
1780221702.563204,53.253
1780221702.569056,53.254
1780221702.5749788,53.254
1780221702.5807881,53.254
1780221702.586373,53.253
1780221702.5920632,53.253
1780221702.597681,53.253
1780221702.603689,53.254
1780221702.6096857,53.254
1780221702.6157525,53.254
1780221702.6216419,53.254
1780221702.6272194,53.254
1780221702.6329052,53.254
1780221702.638713,53.254
1780221702.6444438,53.254
1780221702.6500363,53.254
1780221702.6556954,53.254
1780221702.661285,53.254
1780221702.6672785,53.254
1780221702.6733067,53.254
1780221702.6793585,53.254
1780221702.6853013,53.254
1780221702.6912732,53.254
1780221702.697359,53.254
1780221702.7033544,53.254
1780221702.7092848,53.254
1780221702.7153552,53.254
1780221702.721335,53.254
1780221702.7273333,53.254
1780221702.7333357,53.254
1780221702.7393522,53.254
1780221702.7453492,53.254
1780221702.7513666,53.254
1780221702.7573497,53.254
1780221702.7633648,53.254
1780221702.7693758,53.254
1780221702.7753742,53.254
1780221702.7813497,53.254
1780221702.787363,53.254
1780221702.7933443,53.254
1780221702.7993858,53.254
1780221702.8053758,53.254
1780221702.8113928,53.254
1780221702.817275,53.254
1780221702.823391,53.254
1780221702.8293629,53.253
1780221702.8354232,53.254
1780221702.8413289,53.254
1780221702.847448,53.254
1780221702.8533497,53.254
1780221702.8593628,53.254
1780221702.865311,53.254
1780221702.8714726,53.254
1780221702.8772485,53.254
1780221702.8829553,53.254
1780221702.8885336,53.254
1780221702.8941455,53.254
1780221702.9003527,53.254
1780221702.9061766,53.254
1780221702.9122922,53.254
1780221702.918217,53.254
1780221702.9241107,53.254
1780221702.9297786,53.254
1780221702.9353523,53.254
1780221702.9410868,53.254
1780221702.9469426,53.254
1780221702.95306,53.254
1780221702.9590862,53.254
1780221702.964998,53.255
1780221702.9710264,53.254
1780221702.9771025,53.254
1780221702.9829319,53.254
1780221702.9889793,53.254
1780221702.9950109,53.254
1780221703.0011435,53.254
1780221703.0069249,53.254
1780221703.0125735,53.254
1780221703.0182376,53.254
1780221703.0237556,53.254
1780221703.0299072,53.254
1780221703.0358407,53.255
1780221703.0419052,53.254
1780221703.047762,53.254
1780221703.0533621,53.254
1780221703.0589647,53.254
1780221703.0647652,53.254
1780221703.070573,53.254
1780221703.076671,53.254
1780221703.0827117,53.254
1780221703.0886247,53.255
1780221703.0942152,53.254
1780221703.0998564,53.254
1780221703.1056237,53.254
1780221703.1113505,53.254
1780221703.1170278,53.254
1780221703.1226196,53.254
1780221703.1283445,53.254
1780221703.1343935,53.254
1780221703.1402473,53.254
1780221703.146409,53.254
1780221703.152154,53.254
1780221703.1577492,53.255
1780221703.1631374,53.255
1780221703.1691883,53.255
1780221703.1751742,53.254
1780221703.1811163,53.255
1780221703.1871295,53.255
1780221703.1931024,53.254
1780221703.1991758,53.255
1780221703.2051888,53.254
1780221703.2111235,53.255
1780221703.2171059,53.255
1780221703.223102,53.254
1780221703.2290587,53.254
1780221703.2351484,53.254
1780221703.2410998,53.254
1780221703.2471006,53.254
1780221703.2531793,53.254
1780221703.2591002,53.254
1780221703.2651954,53.255
1780221703.2712169,53.254
1780221703.277164,53.254
1780221703.283083,53.254
1780221703.2892168,53.254
1780221703.295212,53.255
1780221703.301139,53.254
1780221703.307153,53.254
1780221703.3132448,53.254
1780221703.319101,53.254
1780221703.3250651,53.254
1780221703.3311906,53.254
1780221703.337241,53.254
1780221703.3431568,53.254
1780221703.349137,53.254
1780221703.3552995,53.255
1780221703.3612282,53.255
1780221703.367224,53.255
1780221703.3731837,53.255
1780221703.379238,53.254
1780221703.3851526,53.254
1780221703.391231,53.254
1780221703.3972652,53.255
1780221703.4033055,53.254
1780221703.4091957,53.255
1780221703.4152377,53.254
1780221703.4211845,53.255
1780221703.4272401,53.255
1780221703.4332438,53.254
1780221703.4392486,53.255
1780221703.445167,53.255
1780221703.4507556,53.255
1780221703.4563615,53.254
1780221703.4620473,53.255
1780221703.4679773,53.255
1780221703.4741163,53.254
1780221703.4800565,53.255
1780221703.4860115,53.255
1780221703.4920263,53.254
1780221703.4980462,53.255
1780221703.5040991,53.255
1780221703.5099561,53.254
1780221703.5160787,53.255
1780221703.5220945,53.255
1780221703.5279212,53.255
1780221703.5341017,53.255
1780221703.5400875,53.254
1780221703.5459778,53.255
1780221703.5516121,53.255
1780221703.5572698,53.254
1780221703.563058,53.255
1780221703.5687687,53.254
1780221703.5743952,53.255
1780221703.5800548,53.254
1780221703.585622,53.255
1780221703.591201,53.254
1780221703.5967932,53.255
1780221703.6025286,53.255
1780221703.6083858,53.255
1780221703.6140313,53.255
1780221703.619647,53.255
1780221703.6253057,53.255
1780221703.6312265,53.255
1780221703.6373377,53.255
1780221703.643361,53.255
1780221703.6492453,53.255
1780221703.6548188,53.255
1780221703.6601615,53.255
1780221703.6661386,53.254
1780221703.6720872,53.255
1780221703.677632,53.255
1780221703.6832829,53.255
1780221703.688913,53.254
1780221703.694926,53.255
1780221703.7008915,53.255
1780221703.706978,53.255
1780221703.7128072,53.255
1780221703.7183802,53.255
1780221703.7240672,53.255
1780221703.7297904,53.255
1780221703.735694,53.255
1780221703.7417243,53.255
1780221703.747649,53.255
1780221703.7536962,53.255
1780221703.759605,53.255
1780221703.7657943,53.255
1780221703.7716467,53.255
1780221703.777723,53.254
1780221703.783988,53.255
1780221703.7896686,53.254
1780221703.7957706,53.255
1780221703.801786,53.255
1780221703.807794,53.255
1780221703.8137286,53.254
1780221703.8197823,53.255
1780221703.8258176,53.255
1780221703.8316743,53.255
1780221703.8377547,53.255
1780221703.8437781,53.255
1780221703.8497276,53.255
1780221703.855294,53.254
1780221703.8608973,53.255
1780221703.8666315,53.255
1780221703.8725893,53.255
1780221703.87857,53.255
1780221703.8845925,53.255
1780221703.890595,53.255
1780221703.8966384,53.255
1780221703.9026654,53.255
1780221703.9086673,53.255
1780221703.9145622,53.255
1780221703.9205658,53.255
1780221703.926155,53.255
1780221703.9317605,53.255
1780221703.9374592,54.0
1780221703.9434168,53.255
1780221703.9493403,53.255
1780221703.954933,53.255
1780221703.960584,53.255
1780221703.9661448,54.0
1780221703.9723594,53.255
1780221703.9781165,53.255
1780221703.9836767,53.255
1780221703.9893482,53.255
1780221703.9950361,53.255
1780221704.0009973,53.255
1780221704.0070643,53.255
1780221704.0129287,53.255
1780221704.0190134,54.0
1780221704.0250297,53.255
1780221704.030914,53.255
1780221704.0365984,53.255
1780221704.0422678,54.0
1780221704.0477633,53.255
1780221704.0538898,53.255
1780221704.0598485,54.0
1780221704.0657322,53.255
1780221704.0718691,54.0
1780221704.0777547,53.255
1780221704.0833852,53.255
1780221704.089084,54.0
1780221704.094692,53.255
1780221704.1006327,53.255
1780221704.1061544,53.255
1780221704.1118894,53.255
1780221704.1173592,53.255
1780221704.1229732,53.254
1780221704.128517,53.255
1780221704.1343772,54.0
1780221704.1401987,53.255
1780221704.145699,54.0
1780221704.1512897,53.255
1780221704.1570437,53.254
1780221704.163028,53.255
1780221704.169199,53.255
1780221704.1749876,53.255
1780221704.180598,53.255
1780221704.1861606,53.255
1780221704.1919289,53.255
1780221704.1979933,54.0
1780221704.2039347,53.255
1780221704.2099123,53.255
1780221704.2158318,53.255
1780221704.2213845,53.255
1780221704.2267342,53.255
1780221704.2327864,53.255
1780221704.2386093,53.255
1780221704.24423,53.255
1780221704.2498772,53.255
1780221704.255488,53.254
1780221704.2614667,53.255
1780221704.267534,53.255
1780221704.2735496,53.255
1780221704.279478,53.255
1780221704.2855136,53.255
1780221704.291531,53.255
1780221704.2976284,53.255
1780221704.303501,53.255
1780221704.3096004,53.255
1780221704.3155174,53.255
1780221704.3215568,53.254
1780221704.3275068,54.0
1780221704.333663,53.255
1780221704.3394876,54.0
1780221704.345547,53.255
1780221704.3516002,53.255
1780221704.3574855,53.255
1780221704.3635862,54.0
1780221704.3696015,53.255
1780221704.3756285,53.255
1780221704.381479,53.255
1780221704.387028,54.0
1780221704.3925486,53.255
1780221704.3984697,53.255
1780221704.4043493,53.255
1780221704.4104729,53.255
1780221704.416341,53.255
1780221704.4223611,53.255
1780221704.4283726,53.255
1780221704.4344382,53.255
1780221704.4403985,53.255
1780221704.446401,53.255
1780221704.452367,53.255
1780221704.458457,53.255
1780221704.464381,53.255
1780221704.4699297,53.255
1780221704.4756527,53.255
1780221704.4811985,53.255
1780221704.4872487,53.255
1780221704.4932785,54.0
1780221704.499331,53.255
1780221704.5052283,53.255
1780221704.5113134,53.255
1780221704.5171864,53.255
1780221704.5231733,53.255
1780221704.5291972,53.255
1780221704.5352962,53.255
1780221704.541154,53.255
1780221704.5473037,53.255
1780221704.553243,53.255
1780221704.558648,53.255
1780221704.5641558,53.255
1780221704.5701044,53.255
1780221704.5760136,53.255
1780221704.581993,53.255
1780221704.5880413,53.255
1780221704.5941565,53.255
1780221704.5999851,53.255
1780221704.6056075,53.255
1780221704.6112583,53.255
1780221704.6168153,54.0
1780221704.622826,53.255
1780221704.6288834,54.0
1780221704.6349094,54.0
1780221704.6408525,54.0
1780221704.646401,53.255
1780221704.652078,53.255
1780221704.65776,54.0
1780221704.6636527,54.0
1780221704.6693308,53.255
1780221704.6751816,53.255
1780221704.6806314,53.255
1780221704.6865165,53.255
1780221704.6920962,53.255
1780221704.6980138,54.0
1780221704.7035732,54.0
1780221704.7093537,53.255
1780221704.7153838,54.0
1780221704.7212563,53.254
1780221704.7273057,53.255
1780221704.7333667,54.0
1780221704.7392535,53.255
1780221704.7448578,53.255
1780221704.7504747,53.255
1780221704.7561834,54.0
1780221704.7620807,54.0
1780221704.7677035,53.255
1780221704.7733715,53.255
1780221704.7789035,54.0
1780221704.784977,54.0
1780221704.790921,54.0
1780221704.7970297,53.255
1780221704.8028653,53.255
1780221704.809059,53.255
1780221704.8148487,54.0
1780221704.8209374,53.255
1780221704.8269958,54.0
1780221704.8330185,53.255
1780221704.8389304,53.255
1780221704.8449228,53.255
1780221704.8503678,53.255
1780221704.8559809,53.255
1780221704.8617585,54.0
1780221704.8673353,53.255
1780221704.8729992,53.255
1780221704.878555,53.255
1780221704.8846462,54.0
1780221704.890586,54.0
1780221704.8966904,54.0
1780221704.902561,53.255
1780221704.9086561,53.255
1780221704.9145522,54.0
1780221704.9200954,53.254
1780221704.9256167,54.0
1780221704.9314582,53.255
1780221704.937368,53.255
1780221704.9429522,53.255
1780221704.948573,53.255
1780221704.9541857,53.255
1780221704.9601936,54.0
1780221704.9658,53.255
1780221704.9716375,53.255
1780221704.9771228,54.0
1780221704.9830377,54.0
1780221704.98903,53.255
1780221704.9950626,53.255
1780221705.0010073,53.255
1780221705.0071132,54.0
1780221705.0129454,53.255
1780221705.0184882,54.0
1780221705.0238605,54.0
1780221705.0299363,54.0
1780221705.0357432,53.255
1780221705.0413675,53.255
1780221705.046995,54.0
1780221705.0526335,53.255
1780221705.058644,53.255
1780221705.06462,53.255
1780221705.0706148,53.255
1780221705.0766122,53.255
1780221705.0825841,53.255
1780221705.088773,53.255
1780221705.0945544,54.0
1780221705.100689,54.0
1780221705.1066833,53.255
1780221705.1125996,54.0
1780221705.118205,53.255
1780221705.1235583,54.0
1780221705.1295388,54.0
1780221705.1354098,54.0
1780221705.1415007,53.255
1780221705.1475239,54.0
1780221705.1533923,53.255
1780221705.159397,54.0
1780221705.1649,54.0
1780221705.1704168,54.0
1780221705.1762612,53.255
1780221705.181773,54.0
1780221705.1872814,53.255
1780221705.1930249,54.0
1780221705.1991835,54.0
1780221705.2051291,53.255
1780221705.211104,53.255
1780221705.2166116,53.255
1780221705.2223058,54.0
1780221705.2279482,53.255
1780221705.233861,54.0
1780221705.2399786,54.0
1780221705.245847,53.255
1780221705.251378,54.0
1780221705.2567325,54.0
1780221705.2628305,54.0
1780221705.2686665,53.255
1780221705.274289,54.0
1780221705.279897,54.0
1780221705.2854955,53.255
1780221705.2915015,54.0
1780221705.297127,54.0
1780221705.3029776,53.255
1780221705.3085024,53.255
1780221705.3143659,54.0
1780221705.3203387,53.255
1780221705.326348,54.0
1780221705.3323562,54.0
1780221705.3383598,54.0
1780221705.344295,53.255
1780221705.3503454,54.0
1780221705.3563423,54.0
1780221705.362396,54.0
1780221705.368328,53.255
1780221705.3738563,54.0
1780221705.3795488,54.0
1780221705.3851433,53.255
1780221705.3912175,54.0
1780221705.3972368,53.255
1780221705.403062,53.255
1780221705.409178,54.0
1780221705.4152906,53.255
1780221705.4211788,54.0
1780221705.427207,54.0
1780221705.4332502,53.255
1780221705.4392471,53.255
1780221705.4451482,54.0
1780221705.4506485,53.255
1780221705.4562213,54.0
1780221705.4620326,54.0
1780221705.4679966,53.255
1780221705.4741688,54.0
1780221705.4799607,53.255
1780221705.4855206,53.255
1780221705.4910574,54.0
1780221705.4968407,54.0
1780221705.5028007,53.255
1780221705.5083501,53.255
1780221705.5139809,53.255
1780221705.51956,53.255
1780221705.5256052,53.255
1780221705.5312197,54.0
1780221705.5371356,54.0
1780221705.5426562,53.255
1780221705.5484345,53.255
1780221705.554527,54.0
1780221705.56036,54.0
1780221705.5664923,54.0
1780221705.5724661,53.255
1780221705.5784605,54.0
1780221705.5844638,53.255
1780221705.5904653,53.255
1780221705.596574,53.255
1780221705.6024015,53.255
1780221705.6085703,53.255
1780221705.6144264,54.0
1780221705.6204073,53.255
1780221705.6265,53.255
1780221705.6325538,53.255
1780221705.638479,54.0
1780221705.6445477,53.255
1780221705.6504643,54.0
1780221705.6563635,54.0
1780221705.662472,53.255
1780221705.6685145,54.0
1780221705.6743677,53.255
1780221705.6805205,54.0
1780221705.6865337,53.255
1780221705.6925051,54.0
1780221705.6986494,53.255
1780221705.7044988,53.255
1780221705.7104907,54.0
1780221705.7160296,53.255
1780221705.7216935,54.0
1780221705.7273664,54.0
1780221705.733334,54.0
1780221705.7393746,53.255
1780221705.7453716,54.0
1780221705.7513711,53.255
1780221705.7572987,54.0
1780221705.7633631,53.255
1780221705.7692807,54.0
1780221705.7748876,53.255
1780221705.780551,53.255
1780221705.7862127,53.255
1780221705.7921076,54.0
1780221705.7977145,54.0
1780221705.8034072,53.255
1780221705.8089945,54.0
1780221705.8149266,54.0
1780221705.820983,54.0
1780221705.8269148,53.255
1780221705.8330836,54.0
1780221705.8389857,53.255
1780221705.84496,53.255
1780221705.8508682,54.0
1780221705.8570247,54.0
1780221705.8629193,54.0
1780221705.8689787,54.0
1780221705.875005,53.255
1780221705.8808835,54.0
1780221705.8870218,53.255
1780221705.8930376,54.0
1780221705.8989716,54.0
1780221705.9049566,53.255
1780221705.9110494,54.0
1780221705.9169693,54.0
1780221705.922958,54.0
1780221705.9285543,53.255
1780221705.9342685,54.0
1780221705.9398773,54.0
1780221705.9458742,54.0
1780221705.9517395,53.255
1780221705.9578116,54.0
1780221705.9638548,53.255
1780221705.9698496,53.255
1780221705.9757488,53.255
1780221705.9812942,53.255
1780221705.9870028,53.255
1780221705.9927135,54.0
1780221705.998564,53.255
1780221706.004717,54.0
1780221706.0105376,54.0
1780221706.0161386,53.255
1780221706.0218022,54.0
1780221706.0275724,53.255
1780221706.0333693,53.255
1780221706.0389822,53.255
1780221706.0446665,54.0
1780221706.0501757,54.0
1780221706.056239,54.0
1780221706.0623348,54.0
1780221706.0681248,53.255
1780221706.0737681,54.0
1780221706.0793705,54.0
1780221706.0850022,53.255
1780221706.0910378,54.0
1780221706.0970643,54.0
1780221706.103126,54.0
1780221706.1090143,53.255
1780221706.1150506,53.255
1780221706.1210759,53.255
1780221706.1270268,54.0
1780221706.1332173,53.255
1780221706.1391225,53.255
1780221706.1450257,54.0
1780221706.1505525,54.0
1780221706.1560462,54.021
1780221706.1617243,54.012
1780221706.1669815,54.013
1780221706.1725433,54.011
1780221706.177799,54.01
1780221706.183362,54.012
1780221706.188796,54.01
1780221706.194157,54.012
1780221706.199604,54.01
1780221706.2049577,54.012
1780221706.2104118,54.013
1780221706.2157578,54.011
1780221706.2210155,54.009
1780221706.2265832,54.011
1780221706.232023,54.011
1780221706.237337,54.01
1780221706.24259,54.01
1780221706.248179,54.009
1780221706.253434,54.013
1780221706.258987,54.01
1780221706.2642229,54.007
1780221706.2698078,54.011
1780221706.2752476,54.011
1780221706.2806013,54.011
1780221706.286051,54.01
1780221706.2913609,54.011
1780221706.2966287,54.012
1780221706.302207,54.011
1780221706.307651,54.009
1780221706.3130069,54.011
1780221706.3184576,54.01
1780221706.323765,54.011
1780221706.3290403,54.009
1780221706.3345687,54.01
1780221706.3398533,54.011
1780221706.3454206,54.01
1780221706.3508954,54.009
1780221706.3562264,54.011
1780221706.3616726,54.01
1780221706.367048,54.011
1780221706.3725078,54.009
1780221706.3779595,54.011
1780221706.3833296,54.011
1780221706.3886328,54.01
1780221706.3940961,54.01
1780221706.3994355,54.009
1780221706.4048924,54.009
1780221706.4102027,54.012
1780221706.415473,54.009
1780221706.4210439,54.01
1780221706.4265025,54.01
1780221706.4318504,54.01
1780221706.4373019,54.009
1780221706.4426515,54.008
1780221706.448105,54.009
1780221706.453421,54.012
1780221706.4586875,54.009
1780221706.4642658,54.01
1780221706.4697182,54.009
1780221706.475064,54.01
1780221706.4805117,54.009
1780221706.486034,54.004
1780221706.4922106,53.247
1780221706.4981768,53.25
1780221706.504023,53.253
1780221706.510129,53.252
1780221706.5159955,53.252
1780221706.5219746,53.252
1780221706.5275722,53.252
1780221706.533229,53.253
1780221706.5388875,53.252
1780221706.5447927,53.252
1780221706.5509377,53.253
1780221706.556892,53.253
1780221706.5622485,53.252
1780221706.5678566,53.252
1780221706.5736666,53.253
1780221706.579638,53.252
1780221706.5856314,53.253
1780221706.5916939,53.252
1780221706.5976086,53.253
1780221706.6036904,53.252
1780221706.6095142,53.253
1780221706.6156018,53.253
1780221706.6216674,53.253
1780221706.6277056,53.253
1780221706.6337101,53.253
1780221706.6395845,53.253
1780221706.64571,53.253
1780221706.6516764,53.252
1780221706.6576245,53.252
1780221706.6636589,53.253
1780221706.6696815,53.252
1780221706.6757429,53.253
1780221706.6816452,53.253
1780221706.6872282,53.253
1780221706.692939,53.253
1780221706.6986892,53.253
1780221706.7045727,53.253
1780221706.7104943,53.253
1780221706.7165973,53.253
1780221706.7224088,53.253
1780221706.7285872,53.253
1780221706.7344263,53.253
1780221706.7400534,53.253
1780221706.745701,53.253
1780221706.7512767,53.253
1780221706.7568204,53.253
1780221706.7623756,53.253
1780221706.768188,53.253
1780221706.7739873,53.253
1780221706.779638,53.253
1780221706.785197,53.253
1780221706.7909596,53.253
1780221706.7970197,53.253
1780221706.8029974,53.253
1780221706.8089316,53.253
1780221706.8150024,53.253
1780221706.820864,53.253
1780221706.8269315,53.253
1780221706.8330576,53.253
1780221706.8389592,53.253
1780221706.8449383,53.253
1780221706.8505075,53.253
1780221706.8561397,53.253
1780221706.8618834,53.253
1780221706.867727,53.253
1780221706.8738027,53.253
1780221706.879829,53.253
1780221706.885751,53.253
1780221706.891801,53.253
1780221706.8977106,53.253
1780221706.9038131,53.253
1780221706.9097922,53.253
1780221706.9156303,53.253
1780221706.9217894,53.253
1780221706.927747,53.253
1780221706.9338577,53.253
1780221706.9397461,53.253
1780221706.9453616,53.253
1780221706.9510262,53.254
1780221706.956736,53.253
1780221706.9624572,53.253
1780221706.968165,53.253
1780221706.9737434,53.254
1780221706.9793751,53.254
1780221706.9853733,53.253
1780221706.9914496,53.254
1780221706.9974322,53.253
1780221707.003523,53.253
1780221707.0093467,53.253
1780221707.014959,53.253
1780221707.020585,53.253
1780221707.026293,53.254
1780221707.0321417,53.254
1780221707.0377495,53.253
1780221707.0433748,53.254
1780221707.048963,53.253
1780221707.0551124,53.254
1780221707.0609813,53.253
1780221707.067131,53.253
1780221707.073096,53.253
1780221707.079008,53.254
1780221707.0850937,53.253
1780221707.0910828,53.253
1780221707.0971322,53.254
1780221707.1029902,53.254
1780221707.108586,53.253
1780221707.1141927,53.254
1780221707.1197975,53.254
1780221707.1258514,53.254
1780221707.1318657,53.254
1780221707.1379194,53.254
1780221707.1438038,53.253
1780221707.1498027,53.254
1780221707.1558712,53.254
1780221707.1619277,53.254
1780221707.1677997,53.254
1780221707.1738648,53.254
1780221707.1799212,53.254
1780221707.185919,53.254
1780221707.19186,53.254
1780221707.1979332,53.254
1780221707.203919,53.254
1780221707.2097986,53.253
1780221707.2158797,53.253
1780221707.2218812,53.254
1780221707.2279747,53.254
1780221707.2339287,53.254
1780221707.2398574,53.254
1780221707.2453396,53.254
1780221707.250925,53.254
1780221707.256784,53.254
1780221707.2626994,53.254
1780221707.2682877,53.254
1780221707.2739036,53.254
1780221707.279499,53.254
1780221707.2854867,53.254
1780221707.2915592,53.254
1780221707.297604,53.254
1780221707.3035235,53.254
1780221707.3090918,53.254
1780221707.3146875,53.254
1780221707.32042,53.254
1780221707.3262117,53.254
1780221707.3318892,53.254
1780221707.3375018,53.254
1780221707.343094,53.254
1780221707.349178,53.254
1780221707.355078,53.254
1780221707.3612373,53.254
1780221707.3671494,53.254
1780221707.3731196,53.254
1780221707.3792212,53.254
1780221707.385207,53.254
1780221707.3912115,53.254
1780221707.3971403,53.254
1780221707.40325,53.254
1780221707.4091759,53.254
1780221707.415223,53.254
1780221707.42114,53.254
1780221707.4272292,53.254
1780221707.433219,53.254
1780221707.4391124,53.254
1780221707.4452145,53.254
1780221707.4512453,53.254
1780221707.457275,53.254
1780221707.4631863,53.254
1780221707.4692676,53.254
1780221707.4752512,53.254
1780221707.4811828,53.254
1780221707.4871655,53.254
1780221707.4928005,53.254
1780221707.4985137,53.254
1780221707.5040984,53.254
1780221707.5100448,53.254
1780221707.516073,53.254
1780221707.522084,53.254
1780221707.5280147,53.254
1780221707.5340292,53.254
1780221707.5401046,53.254
1780221707.5459929,53.253
1780221707.5520937,53.254
1780221707.5580835,53.254
1780221707.5640953,53.254
1780221707.5700905,53.254
1780221707.5760636,53.254
1780221707.5820613,53.254
1780221707.5881312,53.254
1780221707.593981,53.254
1780221707.5995772,53.254
1780221707.6052346,53.254
1780221707.6108458,53.254
1780221707.616831,53.254
1780221707.622409,53.254
1780221707.6280932,53.254
1780221707.6336238,53.254
1780221707.6392207,53.254
1780221707.6448631,53.254
1780221707.6506073,53.254
1780221707.6563306,53.254
1780221707.6625142,53.254
1780221707.6684935,53.254
1780221707.6744423,53.254
1780221707.680491,53.254
1780221707.6864636,53.254
1780221707.6925256,53.254
1780221707.6984167,53.255
1780221707.7044837,53.254
1780221707.7103808,53.254
1780221707.7159142,53.255
1780221707.7214136,53.254
1780221707.7273393,53.254
1780221707.7333333,53.254
1780221707.7391996,53.254
1780221707.7447886,53.254
1780221707.7502782,53.255
1780221707.75618,53.254
1780221707.7621684,53.254
1780221707.768076,53.254
1780221707.7735555,53.254
1780221707.779051,53.254
1780221707.785006,53.254
1780221707.7908735,53.254
1780221707.7964087,53.254
1780221707.8020768,53.254
1780221707.807611,53.254
1780221707.8132808,53.254
1780221707.8188953,53.254
1780221707.8246012,53.254
1780221707.830504,53.254
1780221707.836078,53.254
1780221707.841733,53.254
1780221707.8474348,53.254
1780221707.853341,53.255
1780221707.8594055,53.254
1780221707.865435,53.255
1780221707.8713605,53.255
1780221707.8768554,53.254
1780221707.882435,53.255
1780221707.8882687,53.254
1780221707.894127,53.254
1780221707.8996944,53.255
1780221707.9053335,53.255
1780221707.9109414,53.254
1780221707.91692,53.255
1780221707.9230115,53.254
1780221707.9289691,53.255
1780221707.934951,53.254
1780221707.9405255,53.254
1780221707.9461617,53.255
1780221707.951925,53.254
1780221707.9576898,53.254
1780221707.9637678,53.254
1780221707.9698322,53.255
1780221707.9758096,53.254
1780221707.9817266,53.254
1780221707.9878504,53.254
1780221707.993896,53.254
1780221707.9998307,53.255
1780221708.0058045,53.254
1780221708.0118759,53.255
1780221708.0179,53.255
1780221708.0238235,53.255
1780221708.029368,53.254
1780221708.0350077,53.255
1780221708.040587,53.255
1780221708.0466123,53.255
1780221708.052641,53.255
1780221708.0586889,53.255
1780221708.0646021,53.255
1780221708.0701602,53.254
1780221708.0757883,53.254
1780221708.0814593,53.255
1780221708.0873928,53.255
1780221708.0930111,53.254
1780221708.0986564,53.255
1780221708.1042137,53.255
1780221708.1097672,53.254
1780221708.1152918,53.255
1780221708.1211555,53.254
1780221708.1269066,53.255
1780221708.132634,53.255
1780221708.138182,53.255
1780221708.1438847,53.254
1780221708.1499639,53.255
1780221708.1558592,53.255
1780221708.1619446,53.255
1780221708.1678631,53.254
1780221708.173911,53.254
1780221708.1798697,53.255
1780221708.1859448,53.255
1780221708.1917398,53.255
1780221708.197395,53.255
1780221708.2029989,53.255
1780221708.2086377,53.254
1780221708.2147274,53.255
1780221708.2207084,53.255
1780221708.2267237,53.255
1780221708.2326243,53.255
1780221708.238676,53.255
1780221708.244653,53.255
1780221708.2507966,53.255
1780221708.2566283,53.255
1780221708.2622445,53.255
1780221708.2678432,53.254
1780221708.27353,53.254
1780221708.2795231,53.255
1780221708.2855618,53.255
1780221708.2915385,53.255
1780221708.2975051,53.255
1780221708.303494,53.254
1780221708.3095942,53.255
1780221708.3155754,53.255
1780221708.3215246,53.255
1780221708.3271132,53.255
1780221708.332747,53.255
1780221708.3383732,53.255
1780221708.3443294,53.255
1780221708.349921,53.255
1780221708.355604,53.254
1780221708.3611343,53.255
1780221708.3667674,53.254
1780221708.3723586,53.255
1780221708.3780706,53.255
1780221708.3838663,53.255
1780221708.3895164,53.255
1780221708.395194,53.255
1780221708.4007142,53.255
1780221708.4063015,53.254
1780221708.4118316,53.255
1780221708.4176724,53.255
1780221708.4234807,53.255
1780221708.429129,53.255
1780221708.434749,53.255
1780221708.4403665,53.254
1780221708.4463341,53.255
1780221708.452357,53.255
1780221708.4584,53.255
1780221708.4643817,53.255
1780221708.4703734,53.255
1780221708.4763696,53.255
1780221708.4824803,53.255
1780221708.4883735,53.255
1780221708.494439,53.255
1780221708.5003982,53.255
1780221708.5063858,53.255
1780221708.5123465,53.255
1780221708.5184991,53.255
1780221708.5243905,53.255
1780221708.5303862,53.255
1780221708.5359137,53.255
1780221708.5415936,53.255
1780221708.5472362,53.255
1780221708.5532167,53.255
1780221708.5593028,53.255
1780221708.5651665,53.255
1780221708.5706646,53.255
1780221708.5760298,54.0
1780221708.5821404,53.255
1780221708.5880177,53.255
1780221708.5940518,53.255
1780221708.6000495,53.255
1780221708.606066,53.254
1780221708.6119995,53.255
1780221708.6176152,53.255
1780221708.623282,53.255
1780221708.6287918,53.255
1780221708.6343992,53.255
1780221708.6399567,53.255
1780221708.6457515,53.255
1780221708.6515973,53.255
1780221708.6572244,53.255
1780221708.66286,53.255
1780221708.6684098,53.255
1780221708.674516,53.255
1780221708.680477,53.255
1780221708.6865141,53.255
1780221708.6924593,53.255
1780221708.6980274,53.255
1780221708.7035868,53.255
1780221708.7093768,53.255
1780221708.715192,53.255
1780221708.7213619,53.255
1780221708.7273448,53.255
1780221708.7333174,53.255
1780221708.7392507,53.255
1780221708.7453105,53.255
1780221708.7513735,53.255
1780221708.7572813,53.255
1780221708.763304,53.255
1780221708.7693596,54.0
1780221708.7753732,53.255
1780221708.7813768,53.255
1780221708.787365,53.255
1780221708.7933085,53.255
1780221708.7993128,53.255
1780221708.805291,53.255
1780221708.8113968,53.255
1780221708.8172283,53.255
1780221708.8233516,53.255
1780221708.82937,53.255
1780221708.835365,54.0
1780221708.8412473,53.255
1780221708.8469114,53.255
1780221708.8526037,53.255
1780221708.8580773,53.255
1780221708.863686,53.255
1780221708.8692255,53.255
1780221708.8750558,54.0
1780221708.8808901,53.255
1780221708.8865373,53.255
1780221708.8922086,53.255
1780221708.8977172,53.255
1780221708.9032876,53.255
1780221708.9088526,54.0
1780221708.9146621,53.255
1780221708.9205477,53.255
1780221708.9261465,53.255
1780221708.9317484,54.0
1780221708.937377,53.255
1780221708.9433548,54.0
1780221708.9489694,53.255
1780221708.954669,53.255
1780221708.9601924,53.255
1780221708.9657216,53.255
1780221708.9713326,53.255
1780221708.977056,54.0
1780221708.9829822,53.255
1780221708.9890058,53.255
1780221708.9950173,53.255
1780221709.0009358,53.255
1780221709.0070105,54.0
1780221709.0130627,54.0
1780221709.019002,53.255
1780221709.0249803,53.255
1780221709.0311232,53.255
1780221709.0369966,53.254
1780221709.0429595,54.0
1780221709.048639,53.255
1780221709.0543146,54.0
1780221709.0598357,53.255
1780221709.0653634,53.255
1780221709.0709658,53.255
1780221709.076693,53.255
1780221709.0826187,53.255
1780221709.0886092,53.255
1780221709.094703,53.255
1780221709.1006815,54.0
1780221709.106702,54.0
1780221709.1126866,53.255
1780221709.1186478,53.255
1780221709.1246083,53.255
1780221709.1301134,53.255
1780221709.1356027,53.255
1780221709.1416345,53.255
1780221709.1475017,53.255
1780221709.1534956,53.255
1780221709.159425,53.255
1780221709.1650286,53.255
1780221709.170609,53.255
1780221709.1763458,53.255
1780221709.1822095,53.255
1780221709.187832,53.255
1780221709.1934688,53.255
1780221709.1990736,53.255
1780221709.2050426,53.255
1780221709.2111228,54.0
1780221709.217164,53.255
1780221709.223112,53.255
1780221709.2286391,53.255
1780221709.2342412,54.0
1780221709.23992,53.255
1780221709.245919,54.0
1780221709.251896,53.255
1780221709.2579446,53.255
1780221709.2638032,53.255
1780221709.269943,53.255
1780221709.2759748,53.255
1780221709.2819095,53.255
1780221709.28791,54.0
1780221709.2939358,53.255
1780221709.2999334,53.255
1780221709.3058414,54.0
1780221709.3119104,53.255
1780221709.3179727,53.255
1780221709.3238726,54.0
1780221709.3294756,53.255
1780221709.3351085,53.255
1780221709.340735,53.255
1780221709.3467484,53.255
1780221709.3523283,53.255
1780221709.3579981,53.255
1780221709.3635056,53.255
1780221709.3690627,53.255
1780221709.3746378,53.255
1780221709.3804138,53.255
1780221709.3863752,53.255
1780221709.3918715,53.255
1780221709.397503,53.255
1780221709.4031434,53.255
1780221709.40922,54.0
1780221709.415236,53.255
1780221709.4211671,53.255
1780221709.4271872,53.255
1780221709.4331508,54.0
1780221709.4386778,54.0
1780221709.4442952,54.0
1780221709.4499807,53.255
1780221709.4560547,54.0
1780221709.4619973,53.255
1780221709.4679813,53.255
1780221709.4740083,53.255
1780221709.4801083,54.0
1780221709.485925,54.0
1780221709.4914603,54.0
1780221709.4971366,53.255
1780221709.5028281,54.0
1780221709.5087945,54.0
1780221709.5148513,53.255
1780221709.5207465,54.0
1780221709.5268252,53.255
1780221709.5328124,54.0
1780221709.5383308,53.255
1780221709.5438774,53.255
1780221709.549588,54.0
1780221709.555647,53.255
1780221709.561526,53.255
1780221709.5676332,53.255
1780221709.573203,53.255
1780221709.579177,54.0
1780221709.5847528,53.255
1780221709.590543,53.255
1780221709.596359,54.0
1780221709.601954,53.255
1780221709.6074386,53.255
1780221709.6133122,53.255
1780221709.6191952,53.255
1780221709.6248019,53.255
1780221709.630393,53.255
1780221709.6361353,53.255
1780221709.6420357,54.0
1780221709.6476617,54.0
1780221709.653352,53.255
1780221709.6589167,53.255
1780221709.6649108,53.255
1780221709.6708834,53.255
1780221709.6769526,53.255
1780221709.6828387,54.0
1780221709.689039,54.0
1780221709.694806,53.255
1780221709.7003806,53.255
1780221709.7059417,54.0
1780221709.711739,53.255
1780221709.7176602,54.0
1780221709.7232714,53.255
1780221709.7289147,54.0
1780221709.7345378,53.255
1780221709.7405012,54.0
1780221709.7460985,54.0
1780221709.7517612,53.255
1780221709.7573512,53.255
1780221709.7633474,53.255
1780221709.7693732,54.0
1780221709.7753565,54.0
1780221709.7813685,54.0
1780221709.787372,54.0
1780221709.7933161,53.255
1780221709.799296,53.255
1780221709.8053603,54.0
1780221709.811388,53.255
1780221709.8172812,53.255
1780221709.8234463,54.0
1780221709.8292868,54.0
1780221709.834845,53.255
1780221709.8403683,54.0
1780221709.8462887,54.0
1780221709.8520615,53.255
1780221709.857683,53.255
1780221709.8633158,53.255
1780221709.8689868,53.255
1780221709.8749506,53.255
1780221709.8805792,53.255
1780221709.8864038,53.255
1780221709.8918839,54.0
1780221709.897795,54.0
1780221709.9038086,54.0
1780221709.9098856,53.255
1780221709.915777,54.0
1780221709.921795,54.0
1780221709.9277678,54.0
1780221709.933344,53.255
1780221709.938899,54.0
1780221709.9445772,54.0
1780221709.9506085,53.255
1780221709.9561374,53.255
1780221709.9617805,54.0
1780221709.9673755,53.255
1780221709.9733872,54.0
1780221709.979,53.255
1780221709.9849079,53.255
1780221709.9903848,54.0
1780221709.9962964,54.0
1780221710.0022354,54.0
1780221710.008255,54.0
1780221710.014254,53.255
1780221710.0202487,53.255
1780221710.0261383,53.255
1780221710.0322478,54.0
1780221710.0382597,54.0
1780221710.04432,54.0
1780221710.050214,53.255
1780221710.0562189,53.255
1780221710.062228,54.0
1780221710.0681772,53.255
1780221710.0742896,53.255
1780221710.0803013,53.255
1780221710.0861955,53.255
1780221710.0916655,54.0
1780221710.0972703,54.0
1780221710.103093,54.0
1780221710.109038,54.0
1780221710.1151686,54.0
1780221710.1209204,54.0
1780221710.1266093,54.0
1780221710.1322446,53.255
1780221710.1379697,54.0
1780221710.1438134,54.0
1780221710.1494117,54.0
1780221710.1550972,54.0
1780221710.1606808,54.0
1780221710.1661816,53.254
1780221710.1717536,54.0
1780221710.177548,54.0
1780221710.1834345,53.255
1780221710.1890178,53.255
1780221710.1946387,54.0
1780221710.2002823,53.255
1780221710.2063012,54.0
1780221710.212383,54.0
1780221710.218193,54.0
1780221710.223829,54.0
1780221710.2294095,53.255
1780221710.2352068,54.0
1780221710.241032,54.0
1780221710.246693,53.255
1780221710.252356,53.255
1780221710.257915,53.255
1780221710.263974,54.0
1780221710.269943,54.0
1780221710.2759824,53.255
1780221710.2818904,53.255
1780221710.2880218,53.255
1780221710.293894,54.0
1780221710.2998574,53.255
1780221710.3059535,54.0
1780221710.3120077,54.0
1780221710.3179028,54.0
1780221710.3239763,54.0
1780221710.329914,53.255
1780221710.3360298,53.255
1780221710.3419676,53.255
1780221710.348008,54.0
1780221710.3539143,54.0
1780221710.3594904,53.255
1780221710.3650973,53.255
1780221710.3708,54.0
1780221710.376757,53.255
1780221710.3823304,54.0
1780221710.3880146,53.255
1780221710.3934755,53.255
1780221710.3995614,53.255
1780221710.4056299,54.0
1780221710.4115174,54.0
1780221710.417138,54.0
1780221710.422802,53.255
1780221710.4283743,54.0
1780221710.433888,53.255
1780221710.4394708,54.0
1780221710.4452999,53.255
1780221710.4512146,54.0
1780221710.4572885,53.255
1780221710.4631262,54.0
1780221710.4692717,54.0
1780221710.4752033,54.0
1780221710.4812787,54.0
1780221710.48718,54.0
1780221710.4927337,54.0
1780221710.4983861,54.0
1780221710.504107,54.0
1780221710.5100665,54.0
1780221710.516106,53.255
1780221710.5218966,54.0
1780221710.5275338,53.255
1780221710.533071,53.255
1780221710.5388346,54.0
1780221710.5447793,53.255
1780221710.550849,53.255
1780221710.556868,54.0
1780221710.562695,54.0
1780221710.5683808,54.0
1780221710.5739322,54.0
1780221710.579672,53.255
1780221710.585605,53.255
1780221710.591723,54.0
1780221710.5976348,54.0
1780221710.6035411,54.0
1780221710.6092088,54.0
1780221710.6149123,53.255
1780221710.6204417,53.255
1780221710.6264822,53.255
1780221710.632451,53.255
1780221710.6385763,54.0
1780221710.644487,54.0
1780221710.6504931,54.0
1780221710.6564374,53.255
1780221710.6624668,53.255
1780221710.6685486,54.0
1780221710.6745677,53.255
1780221710.6804078,53.255
1780221710.6859274,53.255
1780221710.6914268,54.0
1780221710.6972725,54.0
1780221710.7031155,54.024
1780221710.7083542,54.013
1780221710.7139719,54.014
1780221710.7194176,54.011
1780221710.724781,54.012
1780221710.7302308,54.012
1780221710.7355728,54.012
1780221710.7408254,54.012
1780221710.7463875,54.011
1780221710.7518213,54.011
1780221710.7571814,54.014
1780221710.7626421,54.011
1780221710.7679915,54.012
1780221710.7734408,54.012
1780221710.778795,54.012
1780221710.784243,54.011
1780221710.7895966,54.01
1780221710.7950473,54.009
1780221710.8003836,54.013
1780221710.8056517,54.011
1780221710.8111885,54.011
1780221710.8164506,54.012
1780221710.8220248,54.011
1780221710.82747,54.011
1780221710.8328106,54.009
1780221710.8382635,54.011
1780221710.8436184,54.013
1780221710.8490713,54.011
1780221710.8544133,54.01
1780221710.8598714,54.011
1780221710.8652186,54.011
1780221710.870676,54.012
1780221710.8760295,54.009
1780221710.8814821,54.011
1780221710.8868592,54.012
1780221710.8923035,54.01
1780221710.8976448,54.008
1780221710.9030879,54.01
1780221710.9084346,54.009
1780221710.9138954,54.012
1780221710.9192743,54.009
1780221710.924723,54.01
1780221710.9301388,54.011
1780221710.935554,54.01
1780221710.9408715,54.008
1780221710.9463296,54.008
1780221710.9516606,54.009
1780221710.9571238,54.012
1780221710.9624681,54.008
1780221710.968072,54.01
1780221710.9733663,54.011
1780221710.9787505,54.01
1780221710.9840875,54.007
1780221710.989538,54.008
1780221710.9948862,54.009
1780221711.0003352,54.011
1780221711.0056946,54.008
1780221711.0111392,54.009
1780221711.0164464,54.01
1780221711.0217156,54.009
1780221711.027291,54.008
1780221711.0328667,54.008
1780221711.0386796,53.247
1780221711.0443583,53.248
1780221711.0502274,53.253
1780221711.056296,53.252
1780221711.0623074,53.252
1780221711.0682712,53.252
1780221711.0742352,53.252
1780221711.0802648,53.253
1780221711.0862882,53.253
1780221711.092209,53.253
1780221711.0982177,53.252
1780221711.1041548,53.253
1780221711.1096346,53.253
1780221711.115257,53.253
1780221711.1209586,53.253
1780221711.1270669,53.252
1780221711.1331203,53.253
1780221711.1389954,53.252
1780221711.145052,53.253
1780221711.1511767,53.253
1780221711.1570776,53.253
1780221711.16304,53.253
1780221711.168621,53.253
1780221711.1743503,53.253
1780221711.1800258,53.253
1780221711.1858983,53.253
1780221711.1918344,53.253
1780221711.1979861,53.253
1780221711.2038665,53.252
1780221711.2099884,53.253
1780221711.215841,53.253
1780221711.2214136,53.253
1780221711.2270374,53.253
1780221711.2327147,53.253
1780221711.2386084,53.253
1780221711.2442946,53.253
1780221711.249902,53.253
1780221711.2555451,53.253
1780221711.2614615,53.253
1780221711.2675865,53.253
1780221711.2735314,53.253
1780221711.2796018,53.253
1780221711.285531,53.253
1780221711.2915244,53.253
1780221711.2975335,53.253
1780221711.3035188,53.253
1780221711.3095222,53.253
1780221711.3156343,53.253
1780221711.3215597,53.253
1780221711.3275936,53.253
1780221711.333505,53.253
1780221711.3395066,53.253
1780221711.345665,53.253
1780221711.3514745,53.253
1780221711.3575134,53.253
1780221711.3635616,53.253
1780221711.3695757,53.253
1780221711.3754632,53.253
1780221711.3815572,53.253
1780221711.3876126,53.253
1780221711.3935907,53.253
1780221711.399534,53.253
1780221711.4054885,53.253
1780221711.4111202,53.253
1780221711.4168444,53.253
1780221711.4223957,53.253
1780221711.4283788,53.253
1780221711.4343712,53.253
1780221711.440518,53.253
1780221711.4463632,53.253
1780221711.4523973,53.253
1780221711.4584548,53.253
1780221711.4644022,53.253
1780221711.4703968,53.254
1780221711.476476,53.253
1780221711.482514,53.253
1780221711.4883122,53.253
1780221711.4939194,53.253
1780221711.4994893,53.253
1780221711.5052435,53.253
1780221711.511336,53.253
1780221711.517124,53.253
1780221711.5227623,53.254
1780221711.5283766,53.253
1780221711.5340836,53.253
1780221711.539962,53.254
1780221711.5461063,53.253
1780221711.552035,53.253
1780221711.557998,53.253
1780221711.5639973,53.253
1780221711.5699308,53.254
1780221711.575461,53.253
1780221711.5810714,53.254
1780221711.5867941,53.253
1780221711.5929437,53.253
1780221711.5988557,53.253
1780221711.6049507,53.254
1780221711.6108193,53.253
1780221711.6169062,53.253
1780221711.6228504,53.254
1780221711.628763,53.253
1780221711.6344018,53.253
1780221711.6400278,53.253
1780221711.6457312,53.253
1780221711.651596,53.254
1780221711.657634,53.253
1780221711.663678,53.254
1780221711.6691904,53.254
1780221711.6747828,53.254
1780221711.6805258,53.253
1780221711.6865735,53.254
1780221711.6924326,53.254
1780221711.6979952,53.253
1780221711.7034836,53.254
1780221711.7093627,53.254
1780221711.7152991,53.254
1780221711.7212558,53.254
1780221711.72739,53.254
1780221711.73333,53.254
1780221711.7393775,53.254
1780221711.7452438,53.254
1780221711.7507632,53.254
1780221711.756448,53.254
1780221711.762037,53.254
1780221711.7681649,53.254
1780221711.7741818,53.254
1780221711.780224,53.254
1780221711.7860916,53.254
1780221711.7916722,53.254
1780221711.7972455,53.253
1780221711.802963,53.254
1780221711.8088412,53.254
1780221711.8145027,53.254
1780221711.8201244,53.254
1780221711.825627,53.254
1780221711.8312402,53.253
1780221711.8368742,53.254
1780221711.842592,53.254
1780221711.8485968,53.254
1780221711.854442,53.254
1780221711.860636,53.254
1780221711.866549,53.254
1780221711.872683,53.254
1780221711.878478,53.254
1780221711.884593,53.254
1780221711.8906364,53.254
1780221711.8965425,53.253
1780221711.902574,53.254
1780221711.9086096,53.254
1780221711.9146156,53.254
1780221711.9205203,53.254
1780221711.9266782,53.254
1780221711.9325933,53.254
1780221711.938679,53.254
1780221711.9445791,53.254
1780221711.9506192,53.254
1780221711.9566457,53.254
1780221711.9625843,53.253
1780221711.9686232,53.254
1780221711.9746268,53.254
1780221711.9806578,53.254
1780221711.9865208,53.254
1780221711.9921079,53.254
1780221711.9977858,53.254
1780221712.0034416,53.254
1780221712.0093837,53.254
1780221712.0149655,53.254
1780221712.0206096,53.254
1780221712.0262177,53.254
1780221712.0321648,53.254
1780221712.0382638,53.254
1780221712.0442948,53.254
1780221712.050202,53.254
1780221712.055781,53.254
1780221712.0613692,53.254
1780221712.0670846,53.254
1780221712.0731018,53.254
1780221712.0790322,53.254
1780221712.0851169,53.254
1780221712.091092,53.254
1780221712.0971,53.254
1780221712.10302,53.254
1780221712.1091363,53.254
1780221712.115029,53.254
1780221712.1210527,53.254
1780221712.1270175,53.254
1780221712.1331582,53.254
1780221712.139007,53.254
1780221712.1450558,53.254
1780221712.1510599,53.254
1780221712.1570423,53.254
1780221712.1630967,53.254
1780221712.1690967,53.254
1780221712.1751487,53.254
1780221712.180995,53.254
1780221712.187084,53.254
1780221712.1930935,53.254
1780221712.1991978,53.254
1780221712.204987,53.254
1780221712.211173,53.254
1780221712.217129,53.254
1780221712.223115,53.254
1780221712.229144,53.255
1780221712.2351825,53.254
1780221712.2411566,53.254
1780221712.247075,53.254
1780221712.2526546,53.254
1780221712.25828,53.254
1780221712.264008,53.254
1780221712.2698252,53.254
1780221712.2759929,53.254
1780221712.281949,53.254
1780221712.2879126,53.254
1780221712.2934287,53.254
1780221712.298966,53.254
1780221712.3048115,53.254
1780221712.3105974,53.254
1780221712.3162646,53.254
1780221712.3217976,53.254
1780221712.3275747,53.254
1780221712.3335843,53.254
1780221712.3395107,53.254
1780221712.3456583,53.254
1780221712.3514483,53.254
1780221712.3569963,53.254
1780221712.3624432,53.255
1780221712.3684347,53.254
1780221712.3744555,53.254
1780221712.3803277,53.254
1780221712.3864052,53.254
1780221712.3923833,53.254
1780221712.3983626,53.254
1780221712.404375,53.255
1780221712.410414,53.255
1780221712.416283,53.255
1780221712.422376,53.255
1780221712.4282844,53.255
1780221712.4338605,53.255
1780221712.4395926,53.254
1780221712.4452434,53.255
1780221712.451259,53.254
1780221712.4572217,53.254
1780221712.4633117,53.255
1780221712.469103,53.255
1780221712.4747179,53.255
1780221712.480394,53.254
1780221712.4858985,53.254
1780221712.4914787,53.254
1780221712.4970481,53.254
1780221712.5028563,53.254
1780221712.5088263,53.255
1780221712.5147936,53.254
1780221712.5208948,53.255
1780221712.5269177,53.255
1780221712.5328224,53.255
1780221712.5388296,53.254
1780221712.5448825,53.255
1780221712.5507858,53.255
1780221712.5563447,53.254
1780221712.5619562,53.254
1780221712.567701,53.255
1780221712.5735865,53.254
1780221712.5792096,53.255
1780221712.5848556,53.255
1780221712.590397,53.254
1780221712.5964034,53.255
1780221712.6020453,53.254
1780221712.6077018,53.255
1780221712.61327,53.254
1780221712.6192212,53.255
1780221712.6247334,53.255
1780221712.630411,53.255
1780221712.6359982,53.255
1780221712.6420724,53.254
1780221712.6481009,53.255
1780221712.654051,53.255
1780221712.6600196,53.255
1780221712.6661274,53.255
1780221712.672092,53.255
1780221712.6780596,53.255
1780221712.6840785,53.255
1780221712.690085,53.254
1780221712.6961749,53.255
1780221712.7020977,53.255
1780221712.7076442,53.254
1780221712.71335,53.255
1780221712.718868,53.255
1780221712.7249227,53.255
1780221712.730887,53.255
1780221712.736984,53.255
1780221712.742919,53.255
1780221712.748399,53.255
1780221712.7540765,53.255
1780221712.7597234,53.254
1780221712.7657545,53.255
1780221712.7718167,53.255
1780221712.7777376,53.254
1780221712.7836094,53.255
1780221712.7892451,53.255
1780221712.7948587,53.255
1780221712.8006124,53.255
1780221712.806594,53.255
1780221712.8125331,53.255
1780221712.8186119,53.255
1780221712.8245952,53.255
1780221712.8305304,53.255
1780221712.8361018,53.255
1780221712.8417609,53.255
1780221712.8472867,53.255
1780221712.852894,53.255
1780221712.858286,53.255
1780221712.8641922,53.255
1780221712.8701675,53.255
1780221712.8757052,53.255
1780221712.8813484,53.255
1780221712.886933,53.254
1780221712.8929565,53.255
1780221712.8989458,53.255
1780221712.9050512,53.254
1780221712.9109843,53.255
1780221712.9170225,53.255
1780221712.9230037,53.255
1780221712.9290261,53.255
1780221712.9349568,53.255
1780221712.9410627,53.255
1780221712.947028,53.255
1780221712.9529386,53.254
1780221712.9589927,53.255
1780221712.965075,53.255
1780221712.9708812,53.255
1780221712.977053,53.255
1780221712.983003,53.255
1780221712.9890609,53.255
1780221712.9949152,53.255
1780221713.0005846,53.255
1780221713.006256,53.255
1780221713.0117385,53.255
1780221713.0177948,53.255
1780221713.0237138,53.255
1780221713.0292974,53.255
1780221713.0348716,53.255
1780221713.0406072,53.255
1780221713.0466812,53.255
1780221713.0526521,53.254
1780221713.0586443,53.255
1780221713.0647078,53.255
1780221713.070719,53.255
1780221713.0766428,53.255
1780221713.08217,53.255
1780221713.0877602,53.255
1780221713.0934553,53.255
1780221713.099389,53.255
1780221713.105017,53.255
1780221713.1106653,53.255
1780221713.116226,53.255
1780221713.1223316,53.255
1780221713.1283295,53.255
1780221713.134309,53.255
1780221713.1402905,53.255
1780221713.1463013,53.255
1780221713.1522834,53.254
1780221713.158382,53.255
1780221713.1642015,53.255
1780221713.1703548,53.255
1780221713.176273,53.255
1780221713.1822157,53.255
1780221713.1883256,53.255
1780221713.1943665,53.255
1780221713.200281,53.255
1780221713.2062962,53.255
1780221713.2123394,53.255
1780221713.2182982,53.254
1780221713.2242818,54.0
1780221713.2303073,53.255
1780221713.236361,53.255
1780221713.2422504,53.255
1780221713.2483485,53.255
1780221713.2543547,53.255
1780221713.2603836,53.255
1780221713.2663062,53.255
1780221713.271863,53.255
1780221713.2775333,53.255
1780221713.2830691,53.255
1780221713.2891364,54.0
1780221713.2947044,53.255
1780221713.300424,53.255
1780221713.3059585,53.255
1780221713.3114452,53.255
1780221713.3171363,53.255
1780221713.3227613,53.255
1780221713.328786,53.255
1780221713.334765,53.255
1780221713.3407948,53.255
1780221713.3466678,53.255
1780221713.3522289,53.254
1780221713.3577974,53.255
1780221713.3636882,53.255
1780221713.3695145,53.255
1780221713.375645,53.255
1780221713.3815017,53.255
1780221713.3876317,53.255
1780221713.393555,53.255
1780221713.3996487,53.255
1780221713.4054615,53.255
1780221713.411099,53.255
1780221713.416679,53.254
1780221713.4224179,53.255
1780221713.4283187,53.255
1780221713.4344037,53.255
1780221713.4403841,53.255
1780221713.4463592,53.255
1780221713.4523125,53.255
1780221713.458409,53.255
1780221713.4644809,53.255
1780221713.4703577,53.255
1780221713.4763913,53.255
1780221713.4824305,53.255
1780221713.4884179,53.255
1780221713.4943874,54.0
1780221713.4999435,53.255
1780221713.5056252,53.255
1780221713.5110984,53.255
1780221713.5167344,53.255
1780221713.5222611,54.0
1780221713.5280814,53.255
1780221713.534004,53.255
1780221713.540121,53.255
1780221713.5460117,53.255
1780221713.551995,53.255
1780221713.5580027,53.255
1780221713.564074,53.255
1780221713.5699255,53.255
1780221713.5755475,53.255
1780221713.5811741,53.255
1780221713.5869102,54.0
1780221713.592854,53.255
1780221713.5989013,53.255
1780221713.604893,53.255
1780221713.6108348,53.255
1780221713.6163685,53.255
1780221713.621911,53.255
1780221713.62771,53.255
1780221713.6336498,53.255
1780221713.6392176,53.255
1780221713.6448276,53.255
1780221713.6505456,53.254
1780221713.6564593,54.0
1780221713.6620758,53.255
1780221713.667745,53.255
1780221713.6733043,53.255
1780221713.6793497,53.255
1780221713.6853383,53.255
1780221713.6913738,53.255
1780221713.6972344,53.255
1780221713.7033741,54.0
1780221713.7091815,53.255
1780221713.7152693,53.254
1780221713.7213082,54.0
1780221713.7273712,53.255
1780221713.7332528,53.255
1780221713.739279,53.255
1780221713.745372,53.255
1780221713.7512696,53.255
1780221713.757361,54.0
1780221713.7633555,53.255
1780221713.7693667,53.255
1780221713.7753046,54.0
1780221713.781218,54.0
1780221713.7867303,53.255
1780221713.7923505,53.255
1780221713.7981045,53.255
1780221713.8042188,54.0
1780221713.810072,54.0
1780221713.815667,53.255
1780221713.8211796,54.0
1780221713.8270326,54.0
1780221713.8328612,53.255
1780221713.8384645,53.255
1780221713.8440495,54.0
1780221713.8497503,53.255
1780221713.8557072,53.255
1780221713.8613677,54.0
1780221713.8670418,53.255
1780221713.8725398,53.255
1780221713.8780968,53.255
1780221713.8837392,53.255
1780221713.8894305,53.255
1780221713.8953717,53.255
1780221713.9009383,53.255
1780221713.906601,54.0
1780221713.912126,53.255
1780221713.9182112,54.0
1780221713.9242265,53.255
1780221713.9302628,53.255
1780221713.9362044,54.0
1780221713.9422607,54.0
1780221713.9481556,53.255
1780221713.9543319,53.255
1780221713.9602194,53.255
1780221713.9662378,54.0
1780221713.9721746,53.255
1780221713.9782193,53.255
1780221713.9842372,54.0
1780221713.9902802,54.0
1780221713.9962134,53.255
1780221714.00228,53.255
1780221714.0081449,54.0
1780221714.0141664,53.255
1780221714.0197742,53.255
1780221714.0254843,54.0
1780221714.0310283,54.0
1780221714.0370202,53.255
1780221714.043083,53.255
1780221714.0491755,53.255
1780221714.055004,53.255
1780221714.061138,54.0
1780221714.0669334,54.0
1780221714.0730617,53.255
1780221714.0790904,54.0
1780221714.0851233,53.255
1780221714.0910172,53.255
1780221714.0966592,54.0
1780221714.1024942,54.0
1780221714.1080637,54.0
1780221714.1138515,54.0
1780221714.1194487,54.0
1780221714.1253564,54.0
1780221714.1309469,54.0
1780221714.136743,53.255
1780221714.1427338,53.255
1780221714.1486797,53.255
1780221714.1546266,54.0
1780221714.1608043,53.255
1780221714.1666543,53.255
1780221714.172255,54.0
1780221714.1778827,53.255
1780221714.1835656,53.255
1780221714.1894674,53.255
1780221714.1950996,54.0
1780221714.2010033,54.0
1780221714.2065277,53.255
1780221714.2123668,54.0
1780221714.2183576,54.0
1780221714.2243695,54.0
1780221714.2303329,53.255
1780221714.2364237,53.255
1780221714.242271,53.255
1780221714.2482653,53.255
1780221714.2542892,54.0
1780221714.2603776,53.255
1780221714.2662587,53.255
1780221714.2718384,53.255
1780221714.2774994,53.255
1780221714.2831461,54.0
1780221714.289241,54.0
1780221714.2952285,53.255
1780221714.3010268,53.255
1780221714.306704,53.255
1780221714.312361,54.0
1780221714.3181043,54.0
1780221714.3238575,54.0
1780221714.329513,53.255
1780221714.3352046,53.255
1780221714.3407533,54.0
1780221714.3463023,53.255
1780221714.3516345,54.0
1780221714.3576336,54.0
1780221714.363573,53.255
1780221714.3695662,53.255
1780221714.3755708,53.255
1780221714.3815863,53.255
1780221714.3875017,54.0
1780221714.3937018,53.255
1780221714.3995073,53.255
1780221714.4051359,54.0
1780221714.4107747,53.255
1780221714.4163847,53.255
1780221714.4223564,54.0
1780221714.4279654,54.0
1780221714.433673,54.0
1780221714.4392328,53.255
1780221714.4452264,53.255
1780221714.4512167,53.255
1780221714.4572928,54.0
1780221714.4631846,53.255
1780221714.4693053,54.0
1780221714.4751923,54.0
1780221714.4811492,53.255
1780221714.4871807,54.0
1780221714.4932942,53.255
1780221714.499227,54.0
1780221714.5052755,54.0
1780221714.5111277,54.0
1780221714.5172355,54.0
1780221714.523268,53.255
1780221714.5293698,53.255
1780221714.5352263,53.255
1780221714.541313,53.255
1780221714.5472453,53.255
1780221714.5533757,54.0
1780221714.5592809,54.0
1780221714.5653346,54.0
1780221714.5712051,54.0
1780221714.5772142,53.255
1780221714.5827374,53.255
1780221714.588423,54.0
1780221714.5940433,54.0
1780221714.600047,54.0
1780221714.6061199,53.255
1780221714.6120481,53.255
1780221714.6179652,54.0
1780221714.6235025,53.255
1780221714.6291344,54.0
1780221714.634827,54.0
1780221714.640376,54.0
1780221714.6459398,54.0
1780221714.6517012,54.0
1780221714.657751,53.255
1780221714.663712,53.255
1780221714.6696284,54.0
1780221714.6751542,54.0
1780221714.6808362,53.255
1780221714.6866055,54.0
1780221714.6924334,54.0
1780221714.6985888,54.0
1780221714.704476,53.255
1780221714.7104342,53.255
1780221714.7160661,54.0
1780221714.7217512,54.0
1780221714.7273622,54.0
1780221714.7333066,53.255
1780221714.7393668,54.0
1780221714.745307,54.0
1780221714.7512333,54.0
1780221714.757393,53.255
1780221714.763257,53.255
1780221714.769418,53.255
1780221714.7753634,54.0
1780221714.781312,53.255
1780221714.7873442,53.255
1780221714.7934022,54.0
1780221714.799342,54.0
1780221714.8053186,54.0
1780221714.8108764,53.255
1780221714.8166132,53.255
1780221714.8222291,53.255
1780221714.828252,54.0
1780221714.8341858,54.0
1780221714.8401315,54.0
1780221714.8462071,53.255
1780221714.8522182,53.255
1780221714.858176,53.255
1780221714.8641872,54.0
1780221714.8702314,54.0
1780221714.8761556,54.0
1780221714.881668,53.255
1780221714.88731,53.255
1780221714.8930583,54.0
1780221714.89896,54.0
1780221714.9050624,53.255
1780221714.911062,54.0
1780221714.9170086,54.0
1780221714.9230146,53.255
1780221714.9290729,54.0
1780221714.9349468,53.255
1780221714.9405038,53.255
1780221714.9461105,54.0
1780221714.95187,54.0
1780221714.9578075,53.255
1780221714.9638786,53.255
1780221714.9697485,53.255
1780221714.9753678,54.0
1780221714.9809318,53.255
1780221714.98664,53.255
1780221714.9925938,54.0
1780221714.9986377,53.255
1780221715.0046535,53.255
1780221715.010565,54.0
1780221715.0166488,54.0
1780221715.0227177,54.0
1780221715.0285757,53.255
1780221715.0346606,53.255
1780221715.04075,54.0
1780221715.0466099,53.255
1780221715.0526893,54.0
1780221715.05872,54.0
1780221715.0645316,53.255
1780221715.0701885,54.0
1780221715.0757957,54.0
1780221715.0814521,53.255
1780221715.0873868,53.255
1780221715.0934615,54.0
1780221715.0995235,53.255
1780221715.1054103,53.255
1780221715.1114733,53.255
1780221715.117517,53.255
1780221715.1234522,53.255
1780221715.1296036,53.255
1780221715.1355188,53.255
1780221715.1413832,53.255
1780221715.1469584,53.255
1780221715.1525612,54.0
1780221715.1583824,53.255
1780221715.1643038,53.255
1780221715.170337,54.0
1780221715.1762984,54.0
1780221715.1822982,53.255
1780221715.188371,54.0
1780221715.194371,53.255
1780221715.20029,53.255
1780221715.2063713,54.0
1780221715.212273,54.0
1780221715.2182496,54.0
1780221715.2243752,54.0
1780221715.2303638,54.0
1780221715.2363598,54.0
1780221715.2423985,54.0
1780221715.248138,53.25
1780221715.2533696,54.016
1780221715.2589872,54.013
1780221715.2644424,54.012
1780221715.2697556,54.01
1780221715.275272,54.001
1780221715.2806346,54.014
1780221715.2860632,54.01
1780221715.2913747,54.012
1780221715.296633,54.011
1780221715.3021457,54.011
1780221715.307405,54.012
1780221715.3130012,54.011
1780221715.318457,54.009
1780221715.323871,54.01
1780221715.3299408,54.008
1780221715.335308,54.012
1780221715.3406212,54.01
1780221715.3460696,54.01
1780221715.3514276,54.014
1780221715.3568685,54.011
1780221715.3622198,54.011
1780221715.3676636,54.011
1780221715.3730407,54.012
1780221715.3784816,54.011
1780221715.383846,54.009
1780221715.389285,54.01
1780221715.394603,54.013
1780221715.3998926,54.011
1780221715.4054399,54.011
1780221715.4108872,54.011
1780221715.4162428,54.011
1780221715.4216907,54.01
1780221715.42706,54.009
1780221715.4324965,54.01
1780221715.4378586,54.013
1780221715.4433155,54.011
1780221715.4486704,54.01
1780221715.454119,54.01
1780221715.459473,54.011
1780221715.4649193,54.011
1780221715.4702842,54.008
1780221715.475734,54.01
1780221715.4810746,54.011
1780221715.4865305,54.01
1780221715.4918847,54.009
1780221715.497338,54.01
1780221715.5026424,54.009
1780221715.5079103,54.012
1780221715.5135207,54.008
1780221715.5189657,54.01
1780221715.5243006,54.011
1780221715.529745,54.009
1780221715.5350897,54.008
1780221715.54054,54.009
1780221715.5458562,54.009
1780221715.5511303,54.012
1780221715.5567048,54.008
1780221715.5621562,54.009
1780221715.5674977,54.011
1780221715.5727646,54.009
1780221715.578314,54.007
1780221715.5837657,54.008
1780221715.5892706,53.246
1780221715.5952914,53.248
1780221715.6014602,53.253
1780221715.6073349,53.252
1780221715.6135201,53.252
1780221715.6193357,53.253
1780221715.6252239,53.252
1780221715.6312299,53.252
1780221715.6373596,53.252
1780221715.6433628,53.253
1780221715.6492124,53.253
1780221715.6553202,53.253
1780221715.6611931,53.253
1780221715.6673596,53.253
1780221715.6733773,53.253
1780221715.6792338,53.253
1780221715.6853614,53.253
1780221715.6913567,53.252
1780221715.6973672,53.253
1780221715.703314,53.252
1780221715.7093196,53.253
1780221715.715344,53.253
1780221715.7213192,53.253
1780221715.7272348,53.253
1780221715.7333665,53.253
1780221715.7393606,53.253
1780221715.7452116,53.253
1780221715.75082,53.253
1780221715.7565181,53.253
1780221715.7622108,53.253
1780221715.76819,53.253
1780221715.7740557,53.253
1780221715.7801259,53.253
1780221715.78618,53.253
1780221715.7922304,53.253
1780221715.7980871,53.253
1780221715.8041847,53.253
1780221715.8101664,53.253
1780221715.8161173,53.253
1780221715.82205,53.252
1780221715.8281314,53.253
1780221715.8342564,53.253
1780221715.8402464,53.253
1780221715.846095,53.253
1780221715.852163,53.253
1780221715.8582041,53.253
1780221715.8642974,53.253
1780221715.8700995,53.253
1780221715.875691,53.253
1780221715.881349,53.253
1780221715.886992,53.253
1780221715.892938,53.253
1780221715.89902,53.253
1780221715.9050436,53.253
1780221715.9109528,53.253
1780221715.916546,53.253
1780221715.922186,53.253
1780221715.9279153,53.253
1780221715.9338555,53.253
1780221715.9397535,53.253
1780221715.9458704,53.253
1780221715.9518065,53.253
1780221715.957218,53.253
1780221715.9628606,53.253
1780221715.96864,53.253
1780221715.9746463,53.253
1780221715.9806323,53.253
1780221715.9865232,53.253
1780221715.9926224,53.253
1780221715.998711,53.253
1780221716.004562,53.253
1780221716.0101693,53.253
1780221716.0157518,53.253
1780221716.0214813,53.253
1780221716.027549,53.254
1780221716.0333796,53.254
1780221716.039519,53.253
1780221716.0454338,53.254
1780221716.0513995,53.253
1780221716.057519,53.254
1780221716.063461,53.253
1780221716.0694878,53.253
1780221716.0753598,53.253
1780221716.08152,53.253
1780221716.0874426,53.254
1780221716.093508,53.253
1780221716.0994618,53.253
1780221716.105462,53.253
1780221716.1114995,53.253
1780221716.117385,53.253
1780221716.1235034,53.254
1780221716.1295009,53.254
1780221716.1355705,53.253
1780221716.1414242,53.254
1780221716.1470258,53.254
1780221716.1527019,53.254
1780221716.1584296,53.253
1780221716.164149,53.253
1780221716.169841,53.254
1780221716.1754544,53.254
1780221716.181118,53.254
1780221716.187169,53.254
1780221716.1930902,53.254
1780221716.1991384,53.254
1780221716.2051604,53.253
1780221716.210999,53.254
1780221716.2166085,53.253
1780221716.2222352,53.254
1780221716.2279503,53.254
1780221716.233896,53.254
1780221716.2394562,53.254
1780221716.2450929,53.253
1780221716.250755,53.253
1780221716.2566097,53.254
1780221716.2627761,53.254
1780221716.2687716,53.254
1780221716.274628,53.253
1780221716.2802858,53.254
1780221716.2860298,53.254
1780221716.291762,53.254
1780221716.2976017,53.254
1780221716.3035917,53.254
1780221716.3095744,53.254
1780221716.315588,53.253
1780221716.321658,53.254
1780221716.3274944,53.254
1780221716.3331354,53.254
1780221716.339011,53.254
1780221716.344485,53.254
1780221716.3503325,53.254
1780221716.356361,53.254
1780221716.3623788,53.254
1780221716.3683517,53.254
1780221716.374311,53.254
1780221716.3803413,53.254
1780221716.385872,53.254
1780221716.3914557,53.254
1780221716.397183,53.254
1780221716.4032488,53.254
1780221716.4090996,53.254
1780221716.4151883,53.254
1780221716.4211822,53.254
1780221716.4272969,53.254
1780221716.4331129,53.254
1780221716.4391675,53.254
1780221716.445198,53.254
1780221716.45129,53.254
1780221716.457302,53.254
1780221716.4632227,53.254
1780221716.4692953,53.254
1780221716.4752784,53.254
1780221716.4812195,53.254
1780221716.4872184,53.254
1780221716.493344,53.254
1780221716.4991448,53.254
1780221716.505283,53.254
1780221716.511308,53.254
1780221716.5173557,53.254
1780221716.5231068,53.254
1780221716.5287905,53.254
1780221716.5344272,53.254
1780221716.5399168,53.254
1780221716.5454905,53.254
1780221716.5509372,53.254
1780221716.5568993,53.254
1780221716.5629044,53.254
1780221716.5687573,53.254
1780221716.574911,53.254
1780221716.5808518,53.254
1780221716.5869374,53.254
1780221716.5928016,53.254
1780221716.5989215,53.254
1780221716.604834,53.254
1780221716.6108398,53.254
1780221716.6168084,53.254
1780221716.6229243,53.254
1780221716.6289496,53.254
1780221716.6348848,53.254
1780221716.640933,53.254
1780221716.6468544,53.254
1780221716.652958,53.254
1780221716.658845,53.254
1780221716.6644554,53.254
1780221716.6701155,53.254
1780221716.6756616,53.254
1780221716.6816974,53.254
1780221716.6877365,53.254
1780221716.693733,53.254
1780221716.6996763,53.254
1780221716.7052672,53.254
1780221716.7108388,53.254
1780221716.7165568,53.254
1780221716.72241,53.254
1780221716.7280447,53.254
1780221716.733709,53.254
1780221716.7392116,53.254
1780221716.7448385,53.254
1780221716.7504404,53.255
1780221716.7561948,53.254
1780221716.7621918,53.254
1780221716.7680647,53.254
1780221716.7742112,53.254
1780221716.7801988,53.254
1780221716.786224,53.254
1780221716.792076,53.255
1780221716.7982311,53.254
1780221716.8041337,53.254
1780221716.8101616,53.254
1780221716.8162136,53.254
1780221716.8222291,53.254
1780221716.8281574,53.254
1780221716.834124,53.254
1780221716.8402965,53.254
1780221716.8462014,53.255
1780221716.852211,53.254
1780221716.8581417,53.255
1780221716.8642821,53.254
1780221716.8700376,53.255
1780221716.876215,53.254
1780221716.8821635,53.255
1780221716.8882906,53.254
1780221716.8941636,53.254
1780221716.9001393,53.254
1780221716.9056795,53.254
1780221716.911218,53.254
1780221716.9171097,53.255
1780221716.9229715,53.254
1780221716.9290962,53.254
1780221716.9348896,53.254
1780221716.9405694,53.255
1780221716.9463062,53.254
1780221716.9520273,53.255
1780221716.957891,53.254
1780221716.9637175,53.254
1780221716.969377,53.254
1780221716.9750097,53.255
1780221716.9806724,53.255
1780221716.9866552,53.254
1780221716.9926744,53.254
1780221716.9986677,53.254
1780221717.0046096,53.255
1780221717.010657,53.255
1780221717.0166519,53.254
1780221717.0227242,53.254
1780221717.0286698,53.254
1780221717.0346808,53.254
1780221717.0407205,53.254
1780221717.0461025,53.255
1780221717.0516913,53.255
1780221717.057407,53.254
1780221717.063463,53.255
1780221717.0693529,53.255
1780221717.0749526,53.254
1780221717.0805619,53.255
1780221717.0863523,53.255
1780221717.092258,53.255
1780221717.0982366,53.255
1780221717.1043,53.254
1780221717.1103358,53.254
1780221717.1162498,53.255
1780221717.1222992,53.254
1780221717.1283686,53.254
1780221717.1343195,53.254
1780221717.140276,53.255
1780221717.1462996,53.255
1780221717.1523886,53.255
1780221717.1582346,53.255
1780221717.1637688,53.254
1780221717.1694655,53.254
1780221717.17504,53.254
1780221717.1811142,53.255
1780221717.1871946,53.255
1780221717.1931517,53.255
1780221717.1990397,53.254
1780221717.2051663,53.255
1780221717.2111225,53.255
1780221717.217207,53.255
1780221717.2230682,53.255
1780221717.2291667,53.255
1780221717.2351544,53.255
1780221717.2411213,53.254
1780221717.2470548,53.254
1780221717.2532976,53.255
1780221717.2590137,53.254
1780221717.264694,53.255
1780221717.2703035,53.255
1780221717.2759662,53.254
1780221717.2819989,53.255
1780221717.2879379,53.255
1780221717.2940226,53.255
1780221717.2998807,53.255
1780221717.3059058,53.254
1780221717.312005,53.255
1780221717.3180375,53.255
1780221717.3238914,53.255
1780221717.329513,53.255
1780221717.335118,53.255
1780221717.3407862,53.254
1780221717.3466759,53.255
1780221717.3528209,53.254
1780221717.3588421,53.255
1780221717.364728,53.255
1780221717.3703396,53.254
1780221717.3760552,53.255
1780221717.381798,53.255
1780221717.3875172,53.255
1780221717.3935976,53.255
1780221717.3996437,53.255
1780221717.405592,53.254
1780221717.411586,53.255
1780221717.4176245,53.255
1780221717.423656,53.255
1780221717.4295907,53.255
1780221717.4351654,53.255
1780221717.4410872,53.255
1780221717.4468262,53.255
1780221717.4523973,53.255
1780221717.4579825,53.255
1780221717.4636521,53.255
1780221717.4692101,53.255
1780221717.4752846,53.255
1780221717.4812853,53.255
1780221717.4873335,53.255
1780221717.493224,53.255
1780221717.4992244,53.255
1780221717.5052893,53.254
1780221717.5113668,53.255
1780221717.5172317,53.255
1780221717.523305,53.255
1780221717.529336,53.255
1780221717.535167,53.255
1780221717.5412877,53.255
1780221717.5472517,53.255
1780221717.55335,53.255
1780221717.5591938,53.255
1780221717.5646703,53.255
1780221717.5701582,53.255
1780221717.5754983,53.255
1780221717.58109,53.255
1780221717.5868394,53.255
1780221717.5929275,53.255
1780221717.5987766,53.255
1780221717.604368,53.254
1780221717.6100125,53.255
1780221717.6157084,53.255
1780221717.6216333,53.255
1780221717.6277092,53.255
1780221717.6336699,53.255
1780221717.6396756,53.255
1780221717.6457286,53.255
1780221717.65174,53.255
1780221717.6577432,53.255
1780221717.6636448,53.255
1780221717.6696622,53.255
1780221717.675789,53.255
1780221717.681714,53.255
1780221717.6876972,53.255
1780221717.6937973,53.255
1780221717.6996713,53.255
1780221717.70562,53.255
1780221717.7117655,53.255
1780221717.7177694,53.255
1780221717.7237363,53.255
1780221717.7297382,53.255
1780221717.7357368,53.255
1780221717.7411604,53.255
1780221717.7467453,53.255
1780221717.7525322,53.255
1780221717.7585845,53.255
1780221717.7644303,53.255
1780221717.7700443,53.255
1780221717.775646,53.255
1780221717.7814035,53.255
1780221717.7873542,53.255
1780221717.7933636,53.255
1780221717.799379,53.255
1780221717.8053687,53.255
1780221717.8113625,53.255
1780221717.8169138,53.255
1780221717.822624,53.255
1780221717.8282168,53.255
1780221717.834168,53.255
1780221717.8402245,53.255
1780221717.8462586,53.255
1780221717.8521323,53.255
1780221717.8582625,53.255
1780221717.8640711,53.255
1780221717.8697095,53.255
1780221717.875314,53.255
1780221717.8810878,53.255
1780221717.8868525,53.255
1780221717.892978,53.255
1780221717.8989937,53.255
1780221717.9049947,53.255
1780221717.9109228,54.0
1780221717.9170256,53.255
1780221717.9230309,53.255
1780221717.92896,53.255
1780221717.9349864,53.255
1780221717.9409852,54.0
1780221717.9471138,53.255
1780221717.9529998,53.255
1780221717.958601,53.255
1780221717.9644666,53.255
1780221717.9700174,53.255
1780221717.9757898,54.0
1780221717.9814034,53.255
1780221717.987305,53.255
1780221717.9929268,53.255
1780221717.9986503,53.255
1780221718.0046728,53.255
1780221718.0107346,54.0
1780221718.0165858,53.255
1780221718.022726,53.255
1780221718.0285327,53.255
1780221718.0340886,53.255
1780221718.0395398,53.255
1780221718.0454857,53.255
1780221718.0514631,53.255
1780221718.057423,53.255
1780221718.0635316,53.255
1780221718.069419,53.255
1780221718.0753572,53.255
1780221718.0810552,53.255
1780221718.0869381,53.255
1780221718.0925462,53.255
1780221718.0981953,53.255
1780221718.1038287,53.255
1780221718.1094866,53.255
1780221718.115131,53.255
1780221718.121154,53.255
1780221718.1271021,53.255
1780221718.133078,54.0
1780221718.139051,53.255
1780221718.1450865,53.255
1780221718.1511621,53.255
1780221718.1569872,53.255
1780221718.1631641,53.255
1780221718.1690214,53.255
1780221718.1752558,54.0
1780221718.181098,53.255
1780221718.1872098,53.255
1780221718.193048,53.255
1780221718.1990883,53.255
1780221718.2050698,53.255
1780221718.2106104,53.255
1780221718.216218,53.255
1780221718.2218995,53.255
1780221718.227955,54.0
1780221718.2338796,53.254
1780221718.2399902,54.0
1780221718.245978,53.255
1780221718.252008,53.255
1780221718.2578769,53.255
1780221718.2640254,53.255
1780221718.2700014,53.255
1780221718.2759845,54.0
1780221718.2819664,53.255
1780221718.2880123,53.255
1780221718.2939177,53.255
1780221718.2994728,53.255
1780221718.3048685,54.0
1780221718.310818,53.255
1780221718.3168201,54.0
1780221718.3227837,54.0
1780221718.3288038,53.255
1780221718.3348012,53.255
1780221718.3407524,53.255
1780221718.3468785,53.255
1780221718.3527076,53.255
1780221718.358355,54.0
1780221718.3639772,53.255
1780221718.3696184,53.255
1780221718.375562,54.0
1780221718.3811672,53.255
1780221718.3870137,53.255
1780221718.3925986,53.255
1780221718.3983762,53.255
1780221718.4043765,54.0
1780221718.410467,53.255
1780221718.416379,54.0
1780221718.4224458,53.255
1780221718.4282923,53.255
1780221718.434402,53.255
1780221718.4403625,54.0
1780221718.446456,54.0
1780221718.4523394,54.0
1780221718.4583862,53.255
1780221718.464534,53.255
1780221718.47042,54.0
1780221718.4763966,54.0
1780221718.4820096,54.0
1780221718.487874,53.255
1780221718.493411,53.255
1780221718.4992304,54.0
1780221718.5048108,54.0
1780221718.5107315,54.0
1780221718.5163448,54.0
1780221718.5220885,53.255
1780221718.5280437,53.255
1780221718.5340264,53.255
1780221718.5400307,53.255
1780221718.5461352,53.255
1780221718.551976,53.255
1780221718.5575871,54.0
1780221718.5632215,54.0
1780221718.5688965,53.255
1780221718.574808,54.0
1780221718.5804157,53.255
1780221718.5861504,53.255
1780221718.5917153,53.255
1780221718.5977035,54.0
1780221718.6036646,53.255
1780221718.6097171,54.0
1780221718.615629,54.0
1780221718.6217766,54.0
1780221718.6275935,53.255
1780221718.633228,53.255
1780221718.6387563,53.255
1780221718.644577,53.255
1780221718.6503897,54.0
1780221718.6560688,53.255
1780221718.6617088,53.255
1780221718.66732,53.255
1780221718.6732872,54.0
1780221718.6788728,53.255
1780221718.6847618,53.255
1780221718.6903188,53.255
1780221718.6961553,53.255
1780221718.7021291,54.0
1780221718.7082174,53.255
1780221718.7141087,53.255
1780221718.7201886,53.255
1780221718.7260547,54.0
1780221718.731626,54.0
1780221718.7369866,54.0
1780221718.7430904,53.255
1780221718.7488956,54.0
1780221718.7544796,53.255
1780221718.7601178,53.255
1780221718.765717,53.255
1780221718.7717378,54.0
1780221718.7773452,54.0
1780221718.7832131,53.255
1780221718.7887251,54.0
1780221718.794635,54.0
1780221718.8005233,53.255
1780221718.8065321,54.0
1780221718.812603,53.255
1780221718.8186064,54.0
1780221718.824555,53.255
1780221718.8300786,53.255
1780221718.8357265,54.0
1780221718.841554,53.255
1780221718.847356,53.255
1780221718.8529382,53.255
1780221718.8585722,54.0
1780221718.8641891,54.0
1780221718.8701591,54.0
1780221718.875758,54.0
1780221718.881785,53.255
1780221718.8873508,53.255
1780221718.8930762,53.255
1780221718.8989685,53.255
1780221718.9050906,54.0
1780221718.9110005,53.255
1780221718.9170318,54.0
1780221718.9229872,54.0
1780221718.9290326,54.0
1780221718.9350219,54.0
1780221718.941128,54.0
1780221718.946996,54.0
1780221718.9530954,54.0
1780221718.9589164,53.255
1780221718.9649217,54.0
1780221718.9710674,53.255
1780221718.977078,54.0
1780221718.982985,54.0
1780221718.9890552,54.0
1780221718.9949942,53.255
1780221719.0010579,54.0
1780221719.0070174,54.0
1780221719.0131176,53.255
1780221719.0189617,54.0
1780221719.0245976,54.0
1780221719.030264,54.0
1780221719.0360274,53.255
1780221719.0417817,54.0
1780221719.0478141,53.255
1780221719.0539417,54.0
1780221719.0597353,54.0
1780221719.0653296,53.255
1780221719.0709012,54.0
1780221719.076744,54.0
1780221719.082635,54.0
1780221719.088766,53.255
1780221719.0946374,54.0
1780221719.1002111,53.255
1780221719.1057823,54.0
1780221719.1115334,53.255
1780221719.1175222,54.0
1780221719.1234562,54.0
1780221719.1295528,54.0
1780221719.1355143,54.0
1780221719.1414962,54.0
1780221719.1476011,54.0
1780221719.1533964,54.0
1780221719.1590383,53.255
1780221719.1646512,53.255
1780221719.1703904,54.0
1780221719.1762853,54.0
1780221719.1818736,54.0
1780221719.1875713,54.0
1780221719.1931164,53.255
1780221719.1991565,53.255
1780221719.2051423,54.0
1780221719.2111988,53.255
1780221719.217097,53.255
1780221719.2231321,53.255
1780221719.2290995,54.0
1780221719.2351027,54.0
1780221719.241106,54.0
1780221719.2472513,53.255
1780221719.253049,53.255
1780221719.25857,54.0
1780221719.2640932,54.0
1780221719.2700615,53.255
1780221719.2759461,53.255
1780221719.2820342,53.255
1780221719.287891,54.0
1780221719.293465,53.255
1780221719.299109,53.255
1780221719.3047664,54.0
1780221719.3107371,53.255
1780221719.31636,53.255
1780221719.322253,53.255
1780221719.3277624,54.0
1780221719.3335588,54.0
1780221719.3396537,53.255
1780221719.3455389,54.0
1780221719.3515763,54.0
1780221719.3576367,54.0
1780221719.36352,54.0
1780221719.3696065,54.0
1780221719.375623,53.255
1780221719.3816133,54.0
1780221719.3875318,53.255
1780221719.393091,53.255
1780221719.3986049,53.255
1780221719.4043517,54.0
1780221719.4099715,54.0
1780221719.4158204,54.0
1780221719.4213784,53.255
1780221719.4272346,53.255
1780221719.4332373,53.255
1780221719.4392734,54.0
1780221719.4452147,54.0
1780221719.4513538,53.255
1780221719.457181,53.255
1780221719.4632084,54.0
1780221719.469216,54.0
1780221719.4753802,54.0
1780221719.4811592,53.255
1780221719.4873364,53.255
1780221719.49316,53.255
1780221719.4991736,53.255
1780221719.505243,54.0
1780221719.5113122,54.0
1780221719.5172298,54.0
1780221719.5232854,54.0
1780221719.529256,54.0
1780221719.53531,54.0
1780221719.541248,54.0
1780221719.5473661,54.0
1780221719.553233,53.255
1780221719.558798,54.0
1780221719.564431,54.0
1780221719.5701118,54.0
1780221719.576093,54.0
1780221719.582095,54.0
1780221719.5879738,54.0
1780221719.5936432,54.0
1780221719.5992932,53.255
1780221719.6050913,53.255
1780221719.6108375,53.255
1780221719.616465,54.0
1780221719.6223078,54.0
1780221719.6278136,53.255
1780221719.633777,54.0
1780221719.6397998,54.0
1780221719.6455953,53.255
1780221719.6512537,53.255
1780221719.6569173,54.0
1780221719.6624727,53.255
1780221719.6684968,54.0
1780221719.674091,54.0
1780221719.6799738,54.0
1780221719.6855063,54.0
1780221719.6913607,53.255
1780221719.6972492,53.255
1780221719.7032208,54.0
1780221719.7093601,54.0
1780221719.7153614,53.255
1780221719.7212594,53.255
1780221719.7273924,53.255
1780221719.7333567,53.255
1780221719.7392142,54.0
1780221719.745359,54.0
1780221719.7513638,53.255
1780221719.7572966,54.0
1780221719.763367,54.0
1780221719.7693744,54.0
1780221719.7754066,54.0
1780221719.7813723,54.0
1780221719.7874448,53.255
1780221719.7933395,53.255
1780221719.7987936,53.254
1780221719.803997,54.022
1780221719.8092356,54.013
1780221719.8147776,54.013
1780221719.820038,54.012
1780221719.825627,54.009
1780221719.831075,54.011
1780221719.8364174,54.011
1780221719.8416615,54.014
1780221719.8472438,54.01
1780221719.8527045,54.012
1780221719.8582277,54.013
1780221719.8635263,54.012
1780221719.8688369,54.009
1780221719.8742943,54.01
1780221719.8796515,54.011
1780221719.8851035,54.013
1780221719.8904777,54.009
1780221719.895918,54.011
1780221719.9013696,54.013
1780221719.9067578,54.011
1780221719.91208,54.007
1780221719.9175131,54.011
1780221719.9228735,54.01
1780221719.928339,54.013
1780221719.933689,54.009
1780221719.939134,54.011
1780221719.9445906,54.012
1780221719.9499643,54.011
1780221719.9552872,54.009
1780221719.9607441,54.009
1780221719.966094,54.01
1780221719.9715362,54.013
1780221719.9768865,54.009
1780221719.9823442,54.011
1780221719.9876907,54.011
1780221719.9931383,54.011
1780221719.9984944,54.008
1780221720.003945,54.008
1780221720.00929,54.009
1780221720.014746,54.011
1780221720.020089,54.009
1780221720.0253541,54.009
1780221720.0309086,54.01
1780221720.03636,54.01
1780221720.0417008,54.009
1780221720.0471535,54.008
1780221720.0525143,54.009
1780221720.0579755,54.012
1780221720.063319,54.008
1780221720.0687523,54.008
1780221720.0741525,54.01
1780221720.079596,54.009
1780221720.0849156,54.009
1780221720.0901852,54.008
1780221720.0957212,54.009
1780221720.100988,54.011
1780221720.1065314,54.009
1780221720.1119812,54.007
1780221720.1173437,54.009
1780221720.1227837,54.009
1780221720.128151,54.009
1780221720.1337116,54.005
1780221720.1394496,53.247
1780221720.145244,53.25
1780221720.151132,53.253
1780221720.1571813,53.252
1780221720.1630387,53.253
1780221720.1686115,53.252
1780221720.174265,53.253
1780221720.1799862,53.252
1780221720.1858215,53.252
1780221720.1914568,53.252
1780221720.1970997,53.252
1780221720.2027085,53.253
1780221720.2088268,53.253
1780221720.214623,53.253
1780221720.220315,53.253
1780221720.2261682,53.252
1780221720.231735,53.253
1780221720.2374384,53.253
1780221720.2435448,53.253
1780221720.2496228,53.253
1780221720.2554073,53.253
1780221720.261584,53.253
1780221720.2676296,53.253
1780221720.2735744,53.252
1780221720.2795892,53.253
1780221720.285496,53.253
1780221720.2915788,53.253
1780221720.2975936,53.253
1780221720.303509,53.252
1780221720.3095787,53.253
1780221720.315588,53.253
1780221720.3215904,53.253
1780221720.3275676,53.253
1780221720.3335054,53.253
1780221720.3391328,53.253
1780221720.3447778,53.253
1780221720.350413,53.253
1780221720.3563495,53.253
1780221720.3624506,53.253
1780221720.3683822,53.253
1780221720.3738043,53.253
1780221720.3793955,53.253
1780221720.3852,53.253
1780221720.3912294,53.253
1780221720.3971784,53.253
1780221720.4030728,53.252
1780221720.4092343,53.253
1780221720.4153366,53.253
1780221720.4211292,53.253
1780221720.4271636,53.253
1780221720.4332309,53.253
1780221720.439231,53.253
1780221720.445305,53.253
1780221720.4511843,53.253
1780221720.457293,53.253
1780221720.4632802,53.253
1780221720.4692035,53.253
1780221720.475245,53.253
1780221720.4812193,53.253
1780221720.4872797,53.253
1780221720.4931893,53.253
1780221720.4991922,53.253
1780221720.5052414,53.253
1780221720.5113583,53.253
1780221720.5171974,53.253
1780221720.5231786,53.253
1780221720.5292857,53.253
1780221720.5352771,53.253
1780221720.5411143,53.253
1780221720.547283,53.253
1780221720.5533645,53.253
1780221720.559139,53.253
1780221720.5652392,53.254
1780221720.5711744,53.254
1780221720.5767663,53.254
1780221720.5825639,53.253
1780221720.5881155,53.253
1780221720.5940533,53.253
1780221720.6001856,53.253
1780221720.6061575,53.254
1780221720.612073,53.253
1780221720.6180716,53.253
1780221720.6241276,53.253
1780221720.6300843,53.253
1780221720.6360607,53.254
1780221720.6421459,53.253
1780221720.6481667,53.253
1780221720.6540575,53.253
1780221720.6596391,53.253
1780221720.665283,53.253
1780221720.6710165,53.253
1780221720.6769645,53.253
1780221720.6828818,53.254
1780221720.6889791,53.254
1780221720.694898,53.253
1780221720.7008936,53.254
1780221720.7068732,53.254
1780221720.7124963,53.253
1780221720.7183793,53.253
1780221720.7239337,53.253
1780221720.7297277,53.254
1780221720.7357175,53.253
1780221720.7417965,53.253
1780221720.7476876,53.254
1780221720.7532694,53.254
1780221720.7588668,53.253
1780221720.7645094,53.253
1780221720.7708397,53.254
1780221720.7765453,53.254
1780221720.7826095,53.254
1780221720.7884645,53.254
1780221720.7945373,53.254
1780221720.8005388,53.254
1780221720.8066354,53.254
1780221720.8126612,53.253
1780221720.8185325,53.254
1780221720.8246045,53.254
1780221720.8305745,53.253
1780221720.8366756,53.254
1780221720.8425157,53.254
1780221720.8486152,53.254
1780221720.8546033,53.254
1780221720.8605156,53.254
1780221720.8666358,53.254
1780221720.8725955,53.254
1780221720.8786767,53.254
1780221720.8845193,53.254
1780221720.8901448,53.253
1780221720.895761,53.254
1780221720.901406,53.254
1780221720.9073513,53.254
1780221720.9133909,53.254
1780221720.9193866,53.254
1780221720.9254146,53.254
1780221720.9313433,53.254
1780221720.9375024,53.254
1780221720.9434137,53.254
1780221720.9493768,53.254
1780221720.9549527,53.254
1780221720.9606135,53.254
1780221720.9663503,53.254
1780221720.9723103,53.254
1780221720.9782333,53.254
1780221720.9843338,53.254
1780221720.9901223,53.254
1780221720.9962575,53.253
1780221721.0021787,53.254
1780221721.0083585,53.254
1780221721.0142334,53.254
1780221721.0201955,53.254
1780221721.0262823,53.254
1780221721.0322587,53.254
1780221721.0383496,53.254
1780221721.044192,53.254
1780221721.0503006,53.254
1780221721.0563138,53.254
1780221721.0622623,53.254
1780221721.0683033,53.254
1780221721.0742924,53.254
1780221721.0803416,53.254
1780221721.0861797,53.254
1780221721.0923069,53.254
1780221721.0982745,53.254
1780221721.104354,53.254
1780221721.110334,53.254
1780221721.1162782,53.254
1780221721.1223347,53.254
1780221721.12827,53.254
1780221721.1343093,53.254
1780221721.1403055,53.254
1780221721.1463823,53.254
1780221721.1523345,53.254
1780221721.1583161,53.254
1780221721.1643333,53.254
1780221721.1703682,53.255
1780221721.1763678,53.254
1780221721.1823146,53.254
1780221721.188368,53.254
1780221721.19426,53.254
1780221721.2003376,53.254
1780221721.2063134,53.254
1780221721.2123494,53.254
1780221721.21835,53.254
1780221721.224303,53.254
1780221721.2303355,53.254
1780221721.236396,53.254
1780221721.2422812,53.255
1780221721.2482767,53.254
1780221721.2538497,53.254
1780221721.2593992,53.254
1780221721.2652068,53.254
1780221721.2711644,53.254
1780221721.2771719,53.254
1780221721.2830787,53.254
1780221721.2890937,53.254
1780221721.2951767,53.254
1780221721.3012414,53.254
1780221721.3070366,53.254
1780221721.3131793,53.254
1780221721.319215,53.254
1780221721.325188,53.254
1780221721.3310769,53.255
1780221721.3372438,53.255
1780221721.3432007,53.254
1780221721.3491147,53.254
1780221721.3550854,53.255
1780221721.361241,53.254
1780221721.3673177,53.255
1780221721.3731031,53.254
1780221721.378742,53.254
1780221721.3843784,53.254
1780221721.389948,53.255
1780221721.3959663,53.254
1780221721.4019938,53.254
1780221721.4080653,53.254
1780221721.4138994,53.254
1780221721.419545,53.254
1780221721.4252038,53.254
1780221721.4308772,53.255
1780221721.4368615,53.254
1780221721.4427629,53.255
1780221721.4488826,53.254
1780221721.4547575,53.255
1780221721.460888,53.254
1780221721.4667985,53.255
1780221721.4728816,53.254
1780221721.478697,53.254
1780221721.4843724,53.255
1780221721.4899597,53.254
1780221721.4956987,53.255
1780221721.5016866,53.255
1780221721.5076063,53.255
1780221721.513694,53.254
1780221721.5195296,53.254
1780221721.5251844,53.254
1780221721.5308,53.255
1780221721.5365472,53.254
1780221721.5424385,53.254
1780221721.5483763,53.255
1780221721.554568,53.255
1780221721.5605185,53.254
1780221721.566499,53.254
1780221721.5724456,53.254
1780221721.578516,53.255
1780221721.5843778,53.254
1780221721.590033,53.254
1780221721.5955904,53.255
1780221721.6013567,53.255
1780221721.6072397,53.254
1780221721.613253,53.255
1780221721.6193304,53.255
1780221721.6253352,53.255
1780221721.631235,53.255
1780221721.6373277,53.254
1780221721.6433814,53.255
1780221721.6492975,53.255
1780221721.6552167,53.255
1780221721.6613367,53.255
1780221721.6673691,53.254
1780221721.673304,53.255
1780221721.6793103,53.254
1780221721.6853306,53.254
1780221721.6912699,53.255
1780221721.6973312,53.255
1780221721.7033637,53.255
1780221721.7093782,53.255
1780221721.7153394,53.254
1780221721.721306,53.255
1780221721.7269275,53.255
1780221721.7328324,53.255
1780221721.7383673,53.255
1780221721.7440875,53.255
1780221721.7502232,53.255
1780221721.7561123,53.254
1780221721.7621546,53.255
1780221721.7681427,53.255
1780221721.7742002,53.255
1780221721.780042,53.255
1780221721.7856743,53.255
1780221721.79138,53.255
1780221721.7970092,53.255
1780221721.8029366,53.255
1780221721.808959,53.254
1780221721.8149776,53.255
1780221721.820905,53.254
1780221721.827029,53.255
1780221721.8330233,53.255
1780221721.8390837,53.255
1780221721.844939,53.255
1780221721.8510096,53.255
1780221721.8570373,53.255
1780221721.8629668,53.255
1780221721.8690102,53.255
1780221721.8750856,53.255
1780221721.8809323,53.255
1780221721.8864856,53.255
1780221721.8918428,53.255
1780221721.897943,53.255
1780221721.9037216,53.255
1780221721.9097745,53.255
1780221721.9158657,53.255
1780221721.9218285,53.255
1780221721.927775,53.255
1780221721.9333744,53.255
1780221721.9390411,53.255
1780221721.9446096,53.255
1780221721.9505794,53.254
1780221721.9560935,53.255
1780221721.961833,53.255
1780221721.9673755,53.255
1780221721.9729924,53.255
1780221721.9786627,53.255
1780221721.984238,53.255
1780221721.9902992,53.255
1780221721.9962883,53.255
1780221722.0023708,53.255
1780221722.0082393,53.255
1780221722.013799,53.255
1780221722.0194674,53.254
1780221722.0252137,53.255
1780221722.03102,53.255
1780221722.037103,53.255
1780221722.0431368,53.255
1780221722.0489507,53.255
1780221722.0545487,53.255
1780221722.0601559,53.255
1780221722.0659277,53.255
1780221722.071837,53.255
1780221722.0778432,53.255
1780221722.0838873,53.255
1780221722.089963,53.255
1780221722.0958974,53.255
1780221722.1019099,53.255
1780221722.107939,53.255
1780221722.113815,53.255
1780221722.1199114,53.254
1780221722.1259534,53.255
1780221722.1319802,53.255
1780221722.137944,53.255
1780221722.1438947,53.255
1780221722.1498895,53.255
1780221722.155924,53.255
1780221722.1619043,53.255
1780221722.1679883,53.255
1780221722.173856,53.255
1780221722.1798275,53.255
1780221722.185406,53.255
1780221722.1910787,53.255
1780221722.1966348,53.255
1780221722.2022917,53.255
1780221722.2079744,53.255
1780221722.2134898,53.255
1780221722.2190566,53.255
1780221722.2245896,54.0
1780221722.2304072,53.255
1780221722.2362242,53.255
1780221722.2418866,53.255
1780221722.24749,53.255
1780221722.2531648,53.255
1780221722.259083,53.255
1780221722.2652345,53.255
1780221722.2711535,53.255
1780221722.2771106,53.255
1780221722.2826831,53.255
1780221722.2883427,53.255
1780221722.2940025,53.255
1780221722.2999473,53.255
1780221722.3055186,53.255
1780221722.3111885,53.255
1780221722.3167825,53.255
1780221722.322738,53.255
1780221722.3283575,53.255
1780221722.3342566,53.255
1780221722.3398564,53.255
1780221722.3456206,53.255
1780221722.351564,53.254
1780221722.3576896,54.0
1780221722.3635325,53.255
1780221722.3696854,53.255
1780221722.3754756,53.255
1780221722.3811226,53.255
1780221722.386739,53.255
1780221722.3925333,53.255
1780221722.3982875,53.255
1780221722.4039288,53.255
1780221722.4095762,53.255
1780221722.4151766,53.255
1780221722.4212146,53.255
1780221722.4272566,53.255
1780221722.4332602,53.255
1780221722.439243,53.255
1780221722.4452283,53.255
1780221722.4511921,53.255
1780221722.4573126,53.255
1780221722.463208,54.0
1780221722.469309,53.255
1780221722.4752398,53.255
1780221722.4812267,53.255
1780221722.4872582,53.255
1780221722.4933183,53.255
1780221722.499139,53.255
1780221722.5047429,53.255
1780221722.510408,53.255
1780221722.516055,54.0
1780221722.521947,53.255
1780221722.5275934,54.0
1780221722.5333028,53.255
1780221722.538989,53.255
1780221722.544791,53.255
1780221722.5503633,53.255
1780221722.556034,53.255
1780221722.5615888,53.255
1780221722.5672374,54.0
1780221722.5729043,53.255
1780221722.578446,53.255
1780221722.5844014,53.254
1780221722.5904346,53.255
1780221722.5965652,53.255
1780221722.6024845,53.255
1780221722.6085072,53.255
1780221722.6145236,54.0
1780221722.6205351,53.255
1780221722.626454,53.255
1780221722.632524,53.255
1780221722.6383743,54.0
1780221722.6440232,53.255
1780221722.6498015,53.255
1780221722.655481,53.255
1780221722.6612017,53.255
1780221722.6673646,53.255
1780221722.6733565,53.255
1780221722.6793056,53.255
1780221722.685358,54.0
1780221722.6913717,53.255
1780221722.6973877,54.0
1780221722.7032928,54.0
1780221722.7093844,54.0
1780221722.7152567,53.255
1780221722.72131,54.0
1780221722.7273774,53.255
1780221722.7334068,54.0
1780221722.7392845,53.255
1780221722.7448606,53.255
1780221722.7505128,53.255
1780221722.7563293,54.0
1780221722.7620554,53.255
1780221722.767691,53.255
1780221722.7733343,53.255
1780221722.778959,53.255
1780221722.7844908,53.254
1780221722.7900605,54.0
1780221722.7957895,53.255
1780221722.8017411,53.255
1780221722.8073363,54.0
1780221722.8131728,53.255
1780221722.8188365,53.255
1780221722.8245828,54.0
1780221722.8306236,53.255
1780221722.836712,54.0
1780221722.8424823,53.255
1780221722.848048,53.255
1780221722.853555,54.0
1780221722.8594408,53.255
1780221722.865345,54.0
1780221722.8714468,53.255
1780221722.8772912,53.255
1780221722.88336,53.254
1780221722.8893895,53.255
1780221722.8954232,54.0
1780221722.9013739,53.255
1780221722.9073582,53.255
1780221722.9134107,53.255
1780221722.9194214,53.255
1780221722.9253764,54.0
1780221722.930921,53.255
1780221722.9366517,53.255
1780221722.9421625,54.0
1780221722.9482737,53.255
1780221722.9542994,54.0
1780221722.960259,53.255
1780221722.9662483,53.255
1780221722.9723408,54.0
1780221722.9781954,53.255
1780221722.984157,53.255
1780221722.9902906,54.0
1780221722.9963279,54.0
1780221723.002231,53.255
1780221723.0078027,53.255
1780221723.0134978,54.0
1780221723.0192232,54.0
1780221723.0250385,54.0
1780221723.0306258,54.0
1780221723.0363483,54.0
1780221723.0418894,53.255
1780221723.0478792,53.255
1780221723.0539536,54.0
1780221723.0598717,54.0
1780221723.0658646,53.255
1780221723.0719247,53.255
1780221723.0778258,53.255
1780221723.0833871,53.255
1780221723.0889485,54.0
1780221723.0947227,54.0
1780221723.1006334,53.255
1780221723.1062543,54.0
1780221723.111881,53.255
1780221723.1175592,53.255
1780221723.123443,54.0
1780221723.129472,53.255
1780221723.1355486,53.255
1780221723.1414442,54.0
1780221723.1475785,53.255
1780221723.1535537,54.0
1780221723.1595452,53.255
1780221723.1655188,53.255
1780221723.171557,53.255
1780221723.1774714,53.255
1780221723.183472,54.0
1780221723.1895626,53.255
1780221723.1956227,53.255
1780221723.2014656,53.255
1780221723.2076006,54.0
1780221723.2134657,53.255
1780221723.2196035,54.0
1780221723.2255607,53.255
1780221723.2316377,53.255
1780221723.2374725,54.0
1780221723.2434857,54.0
1780221723.2490203,53.255
1780221723.2546995,53.255
1780221723.260301,53.255
1780221723.2658925,53.255
1780221723.2715676,53.255
1780221723.2771149,54.0
1780221723.2826452,53.255
1780221723.2882693,54.0
1780221723.2940383,54.0
1780221723.2999516,54.0
1780221723.306021,53.255
1780221723.3119843,54.0
1780221723.3180354,54.0
1780221723.3239508,53.255
1780221723.3301177,53.255
1780221723.3359,53.255
1780221723.341537,54.0
1780221723.3471117,53.255
1780221723.3528922,53.255
1780221723.3587556,53.255
1780221723.3643765,53.255
1780221723.3700697,53.255
1780221723.37555,53.255
1780221723.3816164,53.255
1780221723.3876119,54.0
1780221723.3936586,53.255
1780221723.399565,53.255
1780221723.405612,54.0
1780221723.4115658,54.0
1780221723.4175625,53.255
1780221723.4236221,54.0
1780221723.42965,53.255
1780221723.4356115,54.0
1780221723.441633,53.255
1780221723.4476168,53.255
1780221723.4537146,54.0
1780221723.459647,53.255
1780221723.4656909,53.255
1780221723.4716027,54.0
1780221723.4771724,53.255
1780221723.4827638,53.255
1780221723.4885032,53.255
1780221723.4943893,54.0
1780221723.5004473,53.255
1780221723.5064886,53.255
1780221723.5123837,54.0
1780221723.5184505,54.0
1780221723.524534,53.255
1780221723.5304976,53.255
1780221723.5365164,53.255
1780221723.5425205,54.0
1780221723.5483994,53.255
1780221723.55446,54.0
1780221723.5600536,53.255
1780221723.5659673,53.255
1780221723.5714736,54.0
1780221723.5773654,53.255
1780221723.583355,54.0
1780221723.5893743,54.0
1780221723.5953093,53.255
1780221723.6013134,54.0
1780221723.6073544,53.255
1780221723.6132948,54.0
1780221723.6188705,54.0
1780221723.6247585,54.0
1780221723.6303499,53.255
1780221723.636139,54.0
1780221723.6420937,54.0
1780221723.6481175,53.255
1780221723.6540694,54.0
1780221723.660211,53.255
1780221723.6660738,53.255
1780221723.672129,54.0
1780221723.6781087,54.0
1780221723.6841881,54.0
1780221723.6900566,54.0
1780221723.6962445,54.0
1780221723.7020082,53.255
1780221723.7076595,53.255
1780221723.7132692,53.255
1780221723.7190802,53.255
1780221723.7248402,53.255
1780221723.73051,54.0
1780221723.7361555,54.0
1780221723.741717,53.255
1780221723.7477078,53.255
1780221723.7533464,54.0
1780221723.7592127,53.255
1780221723.764965,53.255
1780221723.7706616,53.255
1780221723.7765133,53.255
1780221723.7825692,53.255
1780221723.7885807,54.0
1780221723.7946813,53.255
1780221723.8005524,54.0
1780221723.806127,54.0
1780221723.8118072,54.0
1780221723.8175192,54.0
1780221723.8233619,54.0
1780221723.8289912,54.0
1780221723.8348122,54.0
1780221723.8403277,54.0
1780221723.8461792,53.255
1780221723.8517497,54.0
1780221723.8574538,54.0
1780221723.8630962,53.255
1780221723.8691316,53.255
1780221723.8748999,54.0
1780221723.8805106,53.255
1780221723.886055,54.0
1780221723.8918252,53.255
1780221723.8977413,53.255
1780221723.9038346,53.255
1780221723.9098082,53.255
1780221723.9157891,53.255
1780221723.9218042,54.0
1780221723.9278474,53.255
1780221723.9337053,53.255
1780221723.9393692,54.0
1780221723.94506,54.0
1780221723.9508317,54.0
1780221723.9565737,54.0
1780221723.9626937,54.0
1780221723.9686968,53.255
1780221723.9745595,54.0
1780221723.9806635,53.255
1780221723.986755,54.0
1780221723.9925425,54.0
1780221723.9982054,54.0
1780221724.0038793,54.0
1780221724.009379,53.255
1780221724.0149863,53.255
1780221724.0205457,54.0
1780221724.0263288,54.0
1780221724.0322611,53.255
1780221724.03781,53.255
1780221724.0434263,54.0
1780221724.0490236,53.255
1780221724.0551481,54.0
1780221724.0611331,53.255
1780221724.0670366,54.0
1780221724.0730484,54.0
1780221724.0790663,54.0
1780221724.0845652,54.0
1780221724.0901399,54.0
1780221724.0959265,53.255
1780221724.1019576,54.0
1780221724.1077735,54.0
1780221724.1133878,53.255
1780221724.11893,54.0
1780221724.1247487,53.255
1780221724.1306732,53.255
1780221724.136735,53.255
1780221724.1426597,53.255
1780221724.1482427,53.255
1780221724.1537921,54.0
1780221724.1595533,53.255
1780221724.1655164,54.0
1780221724.1715434,53.255
1780221724.177519,53.255
1780221724.1836183,54.0
1780221724.189484,53.255
1780221724.1955538,54.0
1780221724.2014587,53.255
1780221724.2075248,54.0
1780221724.213523,53.255
1780221724.2196178,53.255
1780221724.2254992,53.255
1780221724.2315915,54.0
1780221724.2374392,53.255
1780221724.2430773,54.0
1780221724.2486675,54.0
1780221724.2543716,54.0
1780221724.2603347,54.0
1780221724.2663636,54.0
1780221724.272375,54.0
1780221724.278345,54.0
1780221724.284253,54.0
1780221724.2897868,54.0
1780221724.2953658,54.0
1780221724.3011553,53.255
1780221724.3072903,54.0
1780221724.3131888,53.255
1780221724.3192213,54.0
1780221724.3252027,53.255
1780221724.3311856,54.0
1780221724.3372025,54.0
1780221724.3432689,53.255
1780221724.3491971,54.002
1780221724.354526,54.002
1780221724.359864,54.001
1780221724.3650727,54.005
1780221724.370832,54.011
1780221724.3761842,53.251
1780221724.3815002,53.255
1780221724.3869746,53.249
1780221724.392352,54.003
1780221724.3977578,54.011
1780221724.4030912,54.013
1780221724.4085207,54.009
1780221724.4138203,54.011
1780221724.4190862,54.009
1780221724.4246986,54.007
1780221724.4302013,54.007
1780221724.435645,54.009
1780221724.4409738,54.007
1780221724.4463081,54.01
1780221724.451768,54.008
1780221724.457097,54.009
1780221724.4625392,54.007
1780221724.4678776,54.007
1780221724.473135,54.011
1780221724.4786615,54.008
1780221724.4839077,54.006
1780221724.489517,54.01
1780221724.494964,54.008
1780221724.500291,54.008
1780221724.505522,54.007
1780221724.5111132,54.008
1780221724.5165725,54.01
1780221724.5219133,54.008
1780221724.5271754,54.007
1780221724.5327313,54.008
1780221724.5381737,54.006
1780221724.5435328,54.009
1780221724.5489867,54.007
1780221724.5543296,54.008
1780221724.5598445,54.009
1780221724.565141,54.008
1780221724.5705864,54.006
1780221724.5759451,54.008
1780221724.581388,54.008
1780221724.5867462,54.008
1780221724.5921907,54.007
1780221724.5975096,54.008
1780221724.6027958,54.005
1780221724.6083767,54.008
1780221724.6138196,54.006
1780221724.6191745,54.008
1780221724.6246238,54.008
1780221724.6299345,54.008
1780221724.635208,54.006
1780221724.6407156,54.007
1780221724.6459837,54.009
1780221724.6515744,54.007
1780221724.6570156,54.002
1780221724.662431,54.009
1780221724.6678612,54.007
1780221724.6731458,54.008
1780221724.6784225,54.006
1780221724.6839254,54.007
1780221724.6891918,54.008
1780221724.6947896,54.007
1780221724.700235,54.006
1780221724.7056053,54.007
1780221724.711141,53.242
1780221724.7164872,53.243
1780221724.7227318,53.249
1780221724.7285259,53.248
1780221724.7346144,53.248
1780221724.7406812,53.248
1780221724.7465582,53.248
1780221724.752602,53.248
1780221724.7586281,53.248
1780221724.7646224,53.248
1780221724.7704825,53.248
1780221724.7760842,53.248
1780221724.781742,53.249
1780221724.7873979,53.249
1780221724.793292,53.249
1780221724.7993882,53.249
1780221724.8053916,53.249
1780221724.811373,53.249
1780221724.8173947,53.249
1780221724.823373,53.249
1780221724.8294063,53.249
1780221724.8353853,53.249
1780221724.8413494,53.249
1780221724.8474467,53.249
1780221724.8533924,53.249
1780221724.859499,53.249
1780221724.8653562,53.249
1780221724.8709621,53.249
1780221724.8768091,53.249
1780221724.8824985,53.249
1780221724.8880646,53.249
1780221724.8937788,53.249
1780221724.8993647,53.25
1780221724.905017,53.249
1780221724.91101,53.249
1780221724.917069,53.25
1780221724.9230456,53.249
1780221724.929108,53.249
1780221724.9350731,53.249
1780221724.940999,53.25
1780221724.946508,53.249
1780221724.9522336,53.249
1780221724.9578433,53.249
1780221724.963828,53.249
1780221724.969848,53.249
1780221724.9757977,53.25
1780221724.9818988,53.25
1780221724.9878178,53.25
1780221724.9938924,53.25
1780221724.999896,53.25
1780221725.0057776,53.25
1780221725.0119464,53.25
1780221725.0178716,53.25
1780221725.0239344,53.25
1780221725.029773,53.25
1780221725.035396,53.25
1780221725.0411057,53.25
1780221725.046824,53.25
1780221725.0525997,53.25
1780221725.058693,53.25
1780221725.0647705,53.25
1780221725.0706415,53.25
1780221725.0766807,53.25
1780221725.0826705,53.25
1780221725.088772,53.25
1780221725.094553,53.25
1780221725.1002479,53.25
1780221725.105817,53.25
1780221725.1115322,53.25
1780221725.1175861,53.25
1780221725.1234586,53.25
1780221725.129066,53.25
1780221725.1347344,53.25
1780221725.1403623,53.251
1780221725.1461768,53.251
1780221725.1518836,53.251
1780221725.157483,53.251
1780221725.163116,53.251
1780221725.1690583,53.251
1780221725.1752002,53.25
1780221725.18113,53.251
1780221725.1872325,53.251
1780221725.1931267,53.251
1780221725.1991324,53.25
1780221725.2051456,53.251
1780221725.211175,53.251
1780221725.217149,53.251
1780221725.2231739,53.251
1780221725.2291675,53.251
1780221725.235127,53.251
1780221725.2410843,53.25
1780221725.247178,53.251
1780221725.253227,53.251
1780221725.2590673,53.251
1780221725.2651796,53.251
1780221725.2711859,53.251
1780221725.2772386,53.251
1780221725.2832205,53.251
1780221725.2891755,53.251
1780221725.2952638,53.251
1780221725.3011575,53.251
1780221725.3071816,53.25
1780221725.3131433,53.251
1780221725.319258,53.251
1780221725.325218,53.251
1780221725.331103,53.251
1780221725.337239,53.251
1780221725.3432093,53.251
1780221725.3493376,53.251
1780221725.3551414,53.251
1780221725.3607461,53.251
1780221725.3663669,53.251
1780221725.3719668,53.251
1780221725.3779426,53.251
1780221725.38405,53.251
1780221725.3900628,53.251
1780221725.395988,53.251
1780221725.4015522,53.251
1780221725.4072084,53.251
1780221725.4130168,53.251
1780221725.4188855,53.251
1780221725.4248016,53.252
1780221725.4308803,53.251
1780221725.4367614,53.252
1780221725.4429142,53.252
1780221725.4487894,53.252
1780221725.4543726,53.252
1780221725.4600732,53.251
1780221725.4656467,53.252
1780221725.4716523,53.251
1780221725.477597,53.252
1780221725.4836912,53.252
1780221725.489614,53.251
1780221725.4956267,53.252
1780221725.5016837,53.252
1780221725.507683,53.252
1780221725.513636,53.252
1780221725.519676,53.252
1780221725.5257072,53.251
1780221725.531642,53.252
1780221725.537622,53.251
1780221725.5432284,53.252
1780221725.5489557,53.252
1780221725.5545914,53.252
1780221725.5604827,53.252
1780221725.5664558,53.252
1780221725.5725937,53.252
1780221725.5783746,53.252
1780221725.5845125,53.252
1780221725.5905776,53.252
1780221725.5964453,53.252
1780221725.602375,53.252
1780221725.6080658,53.252
1780221725.6136994,53.252
1780221725.6193447,53.252
1780221725.6252606,53.252
1780221725.6314373,53.252
1780221725.6372707,53.252
1780221725.6433764,53.252
1780221725.6492994,53.252
1780221725.6553688,53.252
1780221725.6613657,53.252
1780221725.6673164,53.252
1780221725.6732328,53.252
1780221725.6793907,53.252
1780221725.685357,53.252
1780221725.6912863,53.252
1780221725.697404,53.252
1780221725.703299,53.252
1780221725.709364,53.252
1780221725.7153163,53.252
1780221725.7214024,53.252
1780221725.7273207,53.252
1780221725.733367,53.253
1780221725.7392383,53.253
1780221725.7453918,53.253
1780221725.751371,53.252
1780221725.7572975,53.252
1780221725.7633998,53.253
1780221725.7692938,53.252
1780221725.7754178,53.253
1780221725.7813327,53.253
1780221725.7874787,53.253
1780221725.7933645,53.252
1780221725.7993686,53.253
1780221725.8053806,53.253
1780221725.811415,53.253
1780221725.81741,53.253
1780221725.823359,53.253
1780221725.8293977,53.252
1780221725.8353562,53.252
1780221725.8415096,53.253
1780221725.8473577,53.252
1780221725.85349,53.253
1780221725.8593626,53.253
1780221725.8653853,53.253
1780221725.8713434,53.253
1780221725.877489,53.253
1780221725.8833568,53.253
1780221725.8893774,53.253
1780221725.895446,53.253
1780221725.9013705,53.252
1780221725.9072697,53.253
1780221725.9129958,53.253
1780221725.918641,53.253
1780221725.9242477,53.253
1780221725.9301376,53.253
1780221725.9358242,53.253
1780221725.9413598,53.253
1780221725.9471073,53.253
1780221725.9530342,53.253
1780221725.9585555,53.253
1780221725.9642627,53.253
1780221725.9700165,53.253
1780221725.975829,53.253
1780221725.9813972,53.253
1780221725.9870896,53.253
1780221725.9926462,53.253
1780221725.998586,53.253
1780221726.0047119,53.253
1780221726.010703,53.253
1780221726.0166528,53.253
1780221726.0226076,53.253
1780221726.0286875,53.253
1780221726.0346847,53.253
1780221726.0406802,53.253
1780221726.0467105,53.253
1780221726.052739,53.253
1780221726.058622,53.253
1780221726.0646644,53.253
1780221726.0706677,53.253
1780221726.076763,53.253
1780221726.0826712,53.253
1780221726.088729,53.253
1780221726.094718,53.253
1780221726.100673,53.253
1780221726.1066232,53.253
1780221726.1122668,53.253
1780221726.1181872,53.253
1780221726.1237674,53.253
1780221726.129528,53.253
1780221726.1355307,53.253
1780221726.1415644,53.253
1780221726.1475425,53.253
1780221726.153521,53.253
1780221726.1595907,53.253
1780221726.1655009,53.253
1780221726.1715367,53.253
1780221726.1775496,53.253
1780221726.183586,53.253
1780221726.189482,53.253
1780221726.1955996,53.254
1780221726.2015643,53.253
1780221726.2076395,53.253
1780221726.2135015,53.254
1780221726.2196465,53.253
1780221726.2254367,53.253
1780221726.2310832,53.253
1780221726.2366753,53.253
1780221726.2424068,53.254
1780221726.2483556,53.253
1780221726.2543297,53.254
1780221726.2603502,53.253
1780221726.266376,53.253
1780221726.2723835,53.253
1780221726.2783785,53.253
1780221726.2843988,53.253
1780221726.2902937,53.254
1780221726.296301,53.253
1780221726.3023863,53.254
1780221726.30841,53.253
1780221726.314284,53.253
1780221726.32036,53.253
1780221726.3263893,53.254
1780221726.3324032,53.253
1780221726.3383088,53.254
1780221726.3439221,53.253
1780221726.349588,53.254
1780221726.3551154,53.253
1780221726.3612115,53.254
1780221726.3670998,53.254
1780221726.3726707,53.254
1780221726.3783064,53.254
1780221726.384005,53.254
1780221726.3900335,53.254
1780221726.3960059,53.253
1780221726.4021857,53.254
1780221726.4080305,53.254
1780221726.4140713,53.253
1780221726.419986,53.254
1780221726.4255607,53.254
1780221726.4311426,53.254
1780221726.437049,53.254
1780221726.4427545,53.254
1780221726.4483683,53.254
1780221726.4540336,53.254
1780221726.459556,53.254
1780221726.4657419,53.254
1780221726.4716296,53.254
1780221726.4777021,53.254
1780221726.4835238,53.254
1780221726.4891763,53.253
1780221726.4947455,53.253
1780221726.5004714,53.254
1780221726.506423,53.253
1780221726.5124955,53.254
1780221726.5185313,53.254
1780221726.5243917,53.254
1780221726.530346,53.254
1780221726.5364964,53.254
1780221726.542537,53.254
1780221726.5483844,53.254
1780221726.554411,53.254
1780221726.5604537,53.254
1780221726.565984,53.254
1780221726.571569,53.254
1780221726.5773087,53.254
1780221726.5833657,53.254
1780221726.5893023,53.254
1780221726.595281,53.254
1780221726.6012802,53.254
1780221726.607405,53.254
1780221726.6133032,53.254
1780221726.6193066,53.254
1780221726.6253662,53.254
1780221726.6313753,53.254
1780221726.6373537,53.254
1780221726.6433895,53.254
1780221726.6493762,53.254
1780221726.6552744,53.254
1780221726.6613543,53.254
1780221726.667319,53.254
1780221726.6733863,53.254
1780221726.6793046,53.254
1780221726.684847,53.254
1780221726.690552,53.254
1780221726.6961477,53.254
1780221726.7021718,53.254
1780221726.7081618,53.254
1780221726.7142031,53.254
1780221726.7200603,53.254
1780221726.7256515,53.254
1780221726.7311366,53.254
1780221726.7370288,53.254
1780221726.7429686,53.254
1780221726.7490165,53.254
1780221726.7549636,53.254
1780221726.7609637,53.254
1780221726.7669067,53.254
1780221726.7730744,53.254
1780221726.7788436,53.254
1780221726.7845259,53.254
1780221726.790078,53.254
1780221726.7958717,53.254
1780221726.8017242,53.254
1780221726.807802,53.254
1780221726.8138137,53.254
1780221726.8197122,53.254
1780221726.8256974,53.254
1780221726.8318121,53.254
1780221726.8379357,53.254
1780221726.8437197,53.254
1780221726.8497748,53.254
1780221726.8552995,53.254
1780221726.8608274,53.254
1780221726.8665402,53.254
1780221726.872161,53.254
1780221726.8779168,53.254
1780221726.8834004,53.254
1780221726.8893528,53.254
1780221726.8953817,53.254
1780221726.9015138,53.254
1780221726.9073749,53.254
1780221726.9135191,53.255
1780221726.9194698,53.254
1780221726.925451,53.254
1780221726.9314463,53.254
1780221726.9374552,53.254
1780221726.9435163,53.254
1780221726.9493554,53.254
1780221726.95552,53.254
1780221726.9614968,53.254
1780221726.967565,53.255
1780221726.9734588,53.254
1780221726.9795933,53.254
1780221726.9853718,53.254
1780221726.9909244,53.255
1780221726.996312,53.254
1780221727.0023851,53.254
1780221727.0081673,53.254
1780221727.0138001,53.254
1780221727.019414,53.254
1780221727.0250905,53.254
1780221727.0311162,53.255
1780221727.037081,53.255
1780221727.0431092,53.254
1780221727.049052,53.254
1780221727.0550606,53.254
1780221727.0610874,53.255
1780221727.0671322,53.255
1780221727.0730608,53.255
1780221727.0791116,53.255
1780221727.0851598,53.254
1780221727.0910983,53.254
1780221727.0971496,53.255
1780221727.1031759,53.254
1780221727.109138,53.255
1780221727.1150873,53.254
1780221727.1211169,53.254
1780221727.1271746,53.254
1780221727.133066,53.255
1780221727.1386764,53.255
1780221727.144365,53.254
1780221727.1499195,53.254
1780221727.1554573,53.254
1780221727.161078,53.255
1780221727.1667912,53.255
1780221727.1726897,53.255
1780221727.1782844,53.255
1780221727.1839297,53.254
1780221727.1895401,53.255
1780221727.195483,53.255
1780221727.2011032,53.254
1780221727.2068481,53.254
1780221727.212394,53.255
1780221727.2183535,53.255
1780221727.2243574,53.254
1780221727.2304363,53.255
1780221727.2363582,53.255
1780221727.2419095,53.255
1780221727.247595,53.255
1780221727.2531772,53.255
1780221727.2591853,53.255
1780221727.2652056,53.255
1780221727.271262,53.255
1780221727.2770987,53.254
1780221727.2827277,53.255
1780221727.288436,53.255
1780221727.2941399,53.255
1780221727.2998989,53.255
1780221727.3054745,53.255
1780221727.3112044,53.255
1780221727.316839,53.254
1780221727.3228447,53.254
1780221727.3288329,53.255
1780221727.3347802,53.255
1780221727.3408225,53.254
1780221727.3468564,53.254
1780221727.3527453,53.255
1780221727.3587132,53.254
1780221727.3648007,53.255
1780221727.370837,53.255
1780221727.3767893,53.254
1780221727.382366,53.255
1780221727.3880239,53.255
1780221727.3937485,53.255
1780221727.3995478,53.255
1780221727.4051986,53.255
1780221727.4111238,53.255
1780221727.4166293,53.254
1780221727.42234,53.255
1780221727.4284408,53.255
1780221727.4344852,53.255
1780221727.4404075,53.255
1780221727.446013,53.255
1780221727.451632,53.255
1780221727.457231,53.254
1780221727.463284,53.255
1780221727.469286,53.254
1780221727.4753404,53.255
1780221727.481188,53.255
1780221727.4873462,53.255
1780221727.493312,53.255
1780221727.499343,53.255
1780221727.5052881,53.255
1780221727.5113652,53.255
1780221727.517265,53.255
1780221727.5227969,53.254
1780221727.5283642,53.255
1780221727.53418,53.255
1780221727.5400307,53.255
1780221727.545653,53.255
1780221727.5512853,53.255
1780221727.556868,53.254
1780221727.5628848,53.255
1780221727.5688837,53.255
1780221727.575003,53.255
1780221727.5807943,53.255
1780221727.5869603,53.255
1780221727.5929446,53.255
1780221727.5988982,53.255
1780221727.604932,53.255
1780221727.610927,53.255
1780221727.6168823,53.255
1780221727.6228652,53.254
1780221727.628873,53.255
1780221727.6350088,53.255
1780221727.6409488,53.255
1780221727.6469543,53.255
1780221727.6529377,53.255
1780221727.6590636,53.255
1780221727.6649265,53.255
1780221727.67103,53.255
1780221727.6768804,53.255
1780221727.68289,53.255
1780221727.6889966,53.254
1780221727.6950538,53.255
1780221727.7008724,53.255
1780221727.7064655,53.255
1780221727.712209,53.255
1780221727.7176735,53.255
1780221727.7232263,53.255
1780221727.7288043,53.255
1780221727.734674,53.255
1780221727.7405381,53.255
1780221727.74658,53.255
1780221727.7525153,53.255
1780221727.7585928,53.255
1780221727.7645724,53.255
1780221727.7706172,53.255
1780221727.7765503,53.255
1780221727.7821076,53.255
1780221727.7877696,53.255
1780221727.7934792,53.255
1780221727.7993715,53.255
1780221727.804942,53.255
1780221727.810851,53.255
1780221727.8163679,53.255
1780221727.8222656,53.254
1780221727.828207,53.255
1780221727.8342113,53.255
1780221727.8401747,53.255
1780221727.8461988,53.255
1780221727.8521955,53.255
1780221727.8581614,53.255
1780221727.8642235,53.255
1780221727.870259,53.255
1780221727.8761523,53.255
1780221727.8822887,53.255
1780221727.8881433,53.254
1780221727.8942394,53.255
1780221727.9002407,53.255
1780221727.9063184,53.255
1780221727.9122293,53.255
1780221727.9182434,53.255
1780221727.9242384,53.255
1780221727.9303393,53.255
1780221727.9362383,53.255
1780221727.9423153,53.255
1780221727.948174,53.255
1780221727.9541974,53.254
1780221727.960291,53.255
1780221727.966339,53.255
1780221727.9722404,53.255
1780221727.9777887,53.255
1780221727.983438,53.255
1780221727.988997,53.255
1780221727.9950924,54.0
1780221728.0011327,53.255
1780221728.0071447,53.255
1780221728.0130267,53.255
1780221728.0186062,53.255
1780221728.0243104,53.255
1780221728.0299513,54.0
1780221728.0359666,53.255
1780221728.041931,53.255
1780221728.047863,53.255
1780221728.0539138,53.254
1780221728.0599318,53.255
1780221728.0659761,54.0
1780221728.0718892,53.255
1780221728.0779533,53.255
1780221728.0838532,53.255
1780221728.089422,53.255
1780221728.0949967,53.255
1780221728.1007771,53.255
1780221728.1066778,53.255
1780221728.112756,53.255
1780221728.1187088,53.255
1780221728.124755,53.255
1780221728.1306658,53.255
1780221728.1367588,53.255
1780221728.1426427,53.255
1780221728.1482675,53.255
1780221728.1538332,53.255
1780221728.1595895,54.0
1780221728.1654515,53.255
1780221728.1715894,53.255
1780221728.1775715,53.255
1780221728.1834052,54.0
1780221728.1890554,53.255
1780221728.1945915,54.0
1780221728.2004018,53.255
1780221728.2063184,53.255
1780221728.2123756,53.255
1780221728.2183301,53.255
1780221728.2243664,54.0
1780221728.2303774,54.0
1780221728.2363958,53.255
1780221728.242318,53.255
1780221728.2478623,53.255
1780221728.253494,54.0
1780221728.2592776,54.0
1780221728.265107,53.255
1780221728.271291,53.255
1780221728.277095,53.255
1780221728.2827082,53.255
1780221728.2883396,53.255
1780221728.294123,53.255
1780221728.299923,53.255
1780221728.3055685,53.255
1780221728.31123,54.0
1780221728.31685,54.0
1780221728.3228319,53.255
1780221728.3287954,53.255
1780221728.3348565,53.255
1780221728.3407524,53.255
1780221728.3462791,53.255
1780221728.3518362,53.255
1780221728.357608,53.255
1780221728.3636212,53.255
1780221728.369638,53.255
1780221728.3756392,54.0
1780221728.3816571,53.255
1780221728.387637,53.255
1780221728.3937063,54.0
1780221728.3996344,53.255
1780221728.4057155,53.255
1780221728.4116006,53.255
1780221728.417613,54.0
1780221728.4236152,54.0
1780221728.429706,53.255
1780221728.4355757,53.255
1780221728.4417448,54.0
1780221728.447525,53.255
1780221728.453105,53.255
1780221728.4584682,53.255
1780221728.464495,53.255
1780221728.4703946,53.255
1780221728.4763997,53.255
1780221728.4824786,54.0
1780221728.4884098,53.255
1780221728.4943786,54.0
1780221728.5005453,54.0
1780221728.5063875,53.255
1780221728.5120354,54.0
1780221728.5176718,53.255
1780221728.5233448,53.255
1780221728.5292678,54.0
1780221728.53536,53.255
1780221728.5413914,54.0
1780221728.5472589,54.0
1780221728.5532396,54.0
1780221728.5587447,54.0
1780221728.564348,54.0
1780221728.570109,54.0
1780221728.5761325,54.0
1780221728.5820746,54.0
1780221728.5876062,53.255
1780221728.5932212,54.0
1780221728.5990148,53.255
1780221728.6048615,54.0
1780221728.6110039,53.255
1780221728.616862,54.0
1780221728.622837,53.255
1780221728.6289535,54.0
1780221728.6349766,54.0
1780221728.6408355,53.255
1780221728.646943,53.255
1780221728.6529572,54.0
1780221728.6589763,54.0
1780221728.664942,54.0
1780221728.670948,53.255
1780221728.6769388,54.0
1780221728.6830068,54.0
1780221728.6889238,53.255
1780221728.6949809,54.0
1780221728.70092,53.255
1780221728.7070208,53.255
1780221728.7129185,53.255
1780221728.7185137,53.255
1780221728.7241619,54.0
1780221728.7299728,53.255
1780221728.735755,53.255
1780221728.7417982,53.255
1780221728.7477849,53.255
1780221728.753743,53.255
1780221728.7597456,54.0
1780221728.7658517,53.255
1780221728.7717657,54.0
1780221728.777364,54.0
1780221728.7830064,53.255
1780221728.788619,53.255
1780221728.7945938,54.0
1780221728.8001897,53.255
1780221728.8060784,53.255
1780221728.811599,53.255
1780221728.817388,53.255
1780221728.823423,54.0
1780221728.8294616,53.255
1780221728.835452,53.255
1780221728.8414853,53.255
1780221728.8473446,53.255
1780221728.8534567,53.254
1780221728.8594782,53.255
1780221728.865491,54.0
1780221728.8714662,53.255
1780221728.8774421,53.255
1780221728.8833103,54.0
1780221728.8894503,53.255
1780221728.8955042,53.255
1780221728.9014108,53.255
1780221728.9074996,54.0
1780221728.9135113,54.0
1780221728.9193835,54.0
1780221728.9253566,54.022
1780221728.9307663,54.012
1780221728.9360905,54.014
1780221728.9413486,54.012
1780221728.9469044,54.012
1780221728.9523652,54.011
1780221728.9577124,54.012
1780221728.9629588,54.012
1780221728.9685214,54.01
1780221728.973967,54.011
1780221728.9792905,54.013
1780221728.9845586,54.01
1780221728.9901388,54.012
1780221728.9955912,54.011
1780221729.0009253,54.012
1780221729.006376,54.011
1780221729.011736,54.01
1780221729.0171843,54.01
1780221729.0225382,54.014
1780221729.0277944,54.011
1780221729.0333452,54.011
1780221729.0388103,54.005
1780221729.044293,54.009
1780221729.0496428,54.01
1780221729.0549574,54.011
1780221729.0604076,54.011
1780221729.0657218,54.012
1780221729.071011,54.009
1780221729.0766542,54.011
1780221729.0820541,54.011
1780221729.0873697,54.011
1780221729.0928166,54.01
1780221729.0981822,54.007
1780221729.1036234,54.004
1780221729.1090014,54.011
1780221729.1144507,54.009
1780221729.1197367,54.01
1780221729.125021,54.011
1780221729.13058,54.01
1780221729.1360404,54.009
1780221729.1414423,54.01
1780221729.1468725,54.009
1780221729.1522064,54.009
1780221729.1576793,54.007
1780221729.1629972,54.01
1780221729.1685898,54.011
1780221729.1738567,54.009
1780221729.1792922,54.009
1780221729.1845918,54.01
1780221729.1898599,54.009
1780221729.1953914,54.011
1780221729.2008727,54.009
1780221729.2063532,54.01
1780221729.2117062,54.011
1780221729.2170148,54.009
1780221729.2224722,54.009
1780221729.2278223,54.009
1780221729.2332711,54.009
1780221729.2386255,54.011
1780221729.2440794,54.008
1780221729.2494333,54.009
1780221729.254883,54.009
1780221729.2603402,53.249
1780221729.265809,53.249
1780221729.2714128,53.253
1780221729.277292,53.252
1780221729.2832139,53.252
1780221729.2891457,53.252
1780221729.2952063,53.252
1780221729.3006904,53.253
1780221729.306383,53.252
1780221729.3120518,53.253
1780221729.3180919,53.253
1780221729.3240447,53.253
1780221729.3300223,53.252
1780221729.3359098,53.253
1780221729.3420641,53.252
1780221729.3481078,53.253
1780221729.3538878,53.253
1780221729.3595824,53.253
1780221729.3653,53.253
1780221729.3710806,53.253
1780221729.3767276,53.253
1780221729.3823776,53.253
1780221729.3879702,53.253
1780221729.3935988,53.253
1780221729.3990467,53.253
1780221729.4046946,53.253
1780221729.410482,53.253
1780221729.4164424,53.253
1780221729.4224193,53.252
1780221729.4283695,53.252
1780221729.434401,53.253
1780221729.440511,53.253
1780221729.4463458,53.253
1780221729.4524624,53.253
1780221729.4584384,53.253
1780221729.464485,53.253
1780221729.470486,53.253
1780221729.4764154,53.253
1780221729.4825554,53.253
1780221729.4883637,53.253
1780221729.4944358,53.252
1780221729.5004365,53.253
1780221729.5065434,53.253
1780221729.512495,53.253
1780221729.5184145,53.253
1780221729.5239265,53.253
1780221729.5296197,53.253
1780221729.535364,53.253
1780221729.5412686,53.253
1780221729.547319,53.253
1780221729.5533729,53.253
1780221729.5592656,53.252
1780221729.5652945,53.253
1780221729.5713437,53.253
1780221729.577361,53.253
1780221729.5832956,53.253
1780221729.5892293,53.253
1780221729.5948563,53.253
1780221729.6004922,53.253
1780221729.6061318,53.253
1780221729.612055,53.253
1780221729.6181917,53.253
1780221729.6241379,53.253
1780221729.6295276,53.254
1780221729.6351678,53.253
1780221729.6409051,53.253
1780221729.6469193,53.253
1780221729.652925,53.253
1780221729.6589599,53.253
1780221729.6649675,53.253
1780221729.6710153,53.253
1780221729.6768482,53.253
1780221729.6828873,53.253
1780221729.6889622,53.253
1780221729.6950285,53.254
1780221729.700796,53.254
1780221729.7069657,53.254
1780221729.7130356,53.253
1780221729.7188451,53.253
1780221729.725006,53.253
1780221729.7309144,53.253
1780221729.7370574,53.253
1780221729.743024,53.253
1780221729.7489269,53.253
1780221729.7550282,53.254
1780221729.7609906,53.253
1780221729.7670486,53.253
1780221729.772904,53.254
1780221729.7785442,53.253
1780221729.7841692,53.254
1780221729.7897942,53.253
1780221729.795753,53.253
1780221729.8018475,53.253
1780221729.807845,53.254
1780221729.8137734,53.254
1780221729.8193645,53.253
1780221729.824991,53.254
1780221729.830736,53.254
1780221729.8366904,53.253
1780221729.842641,53.253
1780221729.8486636,53.254
1780221729.8545907,53.254
1780221729.860504,53.254
1780221729.866661,53.253
1780221729.8726802,53.253
1780221729.8785632,53.254
1780221729.884157,53.254
1780221729.8898091,53.253
1780221729.8955286,53.253
1780221729.9014723,53.254
1780221729.9073894,53.254
1780221729.9135365,53.254
1780221729.9193857,53.254
1780221729.9254608,53.254
1780221729.9313543,53.254
1780221729.9374588,53.254
1780221729.9434733,53.254
1780221729.9493685,53.254
1780221729.9555097,53.254
1780221729.961455,53.254
1780221729.9675493,53.254
1780221729.9734452,53.254
1780221729.9794827,53.254
1780221729.9854503,53.254
1780221729.991586,53.254
1780221729.9974463,53.254
1780221730.0035293,53.254
1780221730.0095372,53.254
1780221730.0154018,53.254
1780221730.0209806,53.253
1780221730.026619,53.254
1780221730.0323482,53.254
1780221730.038292,53.254
1780221730.0442595,53.254
1780221730.0503538,53.254
1780221730.0563467,53.254
1780221730.0622752,53.254
1780221730.0683658,53.254
1780221730.0743413,53.254
1780221730.0803401,53.254
1780221730.0862384,53.253
1780221730.0923297,53.254
1780221730.0983934,53.254
1780221730.1042886,53.254
1780221730.1098866,53.254
1780221730.1155236,53.254
1780221730.1210985,53.253
1780221730.127197,53.254
1780221730.13315,53.254
1780221730.139212,53.254
1780221730.1450422,53.254
1780221730.1506786,53.254
1780221730.1563642,53.254
1780221730.1620839,53.254
1780221730.167979,53.254
1780221730.1738992,53.254
1780221730.1800303,53.254
1780221730.1859934,53.253
1780221730.192105,53.254
1780221730.1979077,53.254
1780221730.204002,53.254
1780221730.2098422,53.254
1780221730.2158902,53.254
1780221730.2220025,53.254
1780221730.2280715,53.254
1780221730.2338486,53.254
1780221730.239954,53.254
1780221730.2460325,53.254
1780221730.251992,53.254
1780221730.258033,53.254
1780221730.2639873,53.254
1780221730.2700362,53.254
1780221730.2759163,53.254
1780221730.2819295,53.254
1780221730.2875602,53.254
1780221730.2931972,53.255
1780221730.2988765,53.254
1780221730.304803,53.254
1780221730.3108268,53.254
1780221730.3167524,53.254
1780221730.32277,53.254
1780221730.3288207,53.255
1780221730.33494,53.254
1780221730.3407288,53.254
1780221730.3463595,53.254
1780221730.3520217,53.254
1780221730.3577342,53.254
1780221730.363647,53.254
1780221730.3696146,53.254
1780221730.3757422,53.254
1780221730.381588,53.254
1780221730.3876643,53.254
1780221730.3936636,53.254
1780221730.3997192,53.254
1780221730.405558,53.254
1780221730.411194,53.254
1780221730.4168234,53.254
1780221730.4225218,53.254
1780221730.4285762,53.254
1780221730.434409,53.254
1780221730.4405384,53.254
1780221730.446361,53.254
1780221730.4524503,53.254
1780221730.4584486,53.254
1780221730.4645696,53.254
1780221730.4703376,53.254
1780221730.4764345,53.254
1780221730.4824479,53.254
1780221730.4885852,53.254
1780221730.4943337,53.254
1780221730.5005064,53.254
1780221730.5064998,53.254
1780221730.5124443,53.255
1780221730.5183797,53.254
1780221730.524448,53.254
1780221730.5305388,53.254
1780221730.5364783,53.255
1780221730.5424342,53.254
1780221730.5484622,53.254
1780221730.5539665,53.255
1780221730.5595403,53.255
1780221730.5653532,53.255
1780221730.571344,53.254
1780221730.5772953,53.254
1780221730.5832543,53.254
1780221730.589318,53.254
1780221730.5953767,53.255
1780221730.6012938,53.254
1780221730.6068683,53.254
1780221730.612483,53.255
1780221730.6181686,53.254
1780221730.6240706,53.254
1780221730.630221,53.255
1780221730.6361687,53.254
1780221730.6421754,53.254
1780221730.6480794,53.254
1780221730.6536896,53.255
1780221730.6594274,53.255
1780221730.6650686,53.255
1780221730.6709378,53.254
1780221730.6769924,53.254
1780221730.6829526,53.254
1780221730.6888998,53.254
1780221730.694508,53.254
1780221730.7002172,53.254
1780221730.705736,53.255
1780221730.7117257,53.254
1780221730.7177722,53.255
1780221730.7237992,53.254
1780221730.7297115,53.254
1780221730.7357519,53.254
1780221730.7417994,53.254
1780221730.7477965,53.254
1780221730.7537613,53.255
1780221730.759781,53.254
1780221730.7658331,53.254
1780221730.7717962,53.255
1780221730.7778242,53.255
1780221730.7838125,53.255
1780221730.7898853,53.255
1780221730.795813,53.255
1780221730.801857,53.254
1780221730.807789,53.254
1780221730.8137808,53.254
1780221730.8197641,53.255
1780221730.8258834,53.255
1780221730.8319283,53.254
1780221730.837797,53.255
1780221730.8438592,53.255
1780221730.8499074,53.255
1780221730.8558576,53.255
1780221730.8618414,53.255
1780221730.8679006,53.255
1780221730.8737473,53.254
1780221730.8792922,53.255
1780221730.8846574,53.255
1780221730.8907259,53.255
1780221730.8965218,53.254
1780221730.90261,53.255
1780221730.908721,53.254
1780221730.9146142,53.254
1780221730.92058,53.255
1780221730.9262435,53.255
1780221730.9321105,53.255
1780221730.9377508,53.255
1780221730.9434125,53.255
1780221730.9490042,53.255
1780221730.9546661,53.255
1780221730.9603298,53.255
1780221730.9662547,53.255
1780221730.9723637,53.255
1780221730.9782126,53.255
1780221730.984198,53.255
1780221730.9902842,53.255
1780221730.996376,53.255
1780221731.0021894,53.255
1780221731.0082285,53.254
1780221731.0142822,53.255
1780221731.020371,53.255
1780221731.0262303,53.255
1780221731.0322895,53.255
1780221731.0383565,53.254
1780221731.0442853,53.255
1780221731.050308,53.255
1780221731.0563004,53.255
1780221731.062371,53.255
1780221731.0683033,53.255
1780221731.0738115,53.255
1780221731.0795,53.255
1780221731.085184,53.255
1780221731.0910637,53.255
1780221731.0971186,53.255
1780221731.103224,53.255
1780221731.1090074,53.255
1780221731.1146486,53.255
1780221731.1202698,53.255
1780221731.1259646,53.255
1780221731.1319184,53.255
1780221731.1374993,53.255
1780221731.1431105,53.255
1780221731.1488223,53.255
1780221731.1546717,53.255
1780221731.160306,53.255
1780221731.1660511,53.255
1780221731.1715214,53.255
1780221731.1770244,53.255
1780221731.1823657,53.255
1780221731.1884708,53.254
1780221731.194242,53.255
1780221731.1999166,53.255
1780221731.2055957,53.255
1780221731.2111537,53.254
1780221731.2172885,53.255
1780221731.2232037,53.255
1780221731.229259,53.255
1780221731.2351024,53.255
1780221731.240707,53.255
1780221731.246347,53.255
1780221731.2521117,53.255
1780221731.2578466,53.255
1780221731.2639806,53.255
1780221731.270013,53.255
1780221731.2759976,54.0
1780221731.281925,53.255
1780221731.2880473,53.255
1780221731.2940521,53.255
1780221731.2999954,53.255
1780221731.3059695,53.255
1780221731.3121452,53.255
1780221731.3181045,53.255
1780221731.3240545,53.255
1780221731.3300745,53.255
1780221731.336055,53.255
1780221731.341995,53.255
1780221731.3479762,53.255
1780221731.353584,53.255
1780221731.3595288,53.255
1780221731.36515,53.255
1780221731.3708887,53.255
1780221731.3768947,53.254
1780221731.382953,53.255
1780221731.3888292,53.255
1780221731.394901,53.255
1780221731.4007514,53.255
1780221731.40639,53.255
1780221731.4120007,53.255
1780221731.4177752,53.255
1780221731.423619,53.255
1780221731.4296734,53.255
1780221731.4356813,53.255
1780221731.4416387,53.255
1780221731.447624,54.0
1780221731.4532573,53.255
1780221731.459113,53.255
1780221731.4646847,53.255
1780221731.4704392,53.255
1780221731.4765024,53.254
1780221731.482546,53.255
1780221731.48845,53.255
1780221731.4940512,53.255
1780221731.4999313,53.255
1780221731.5054333,53.255
1780221731.5112936,53.255
1780221731.517287,53.255
1780221731.5233643,53.255
1780221731.5291939,53.255
1780221731.5353546,53.255
1780221731.541288,53.255
1780221731.5473928,53.255
1780221731.5532794,53.255
1780221731.559359,53.255
1780221731.5652227,53.255
1780221731.5712178,53.255
1780221731.5768359,53.255
1780221731.5824807,53.255
1780221731.5880451,53.255
1780221731.5936832,54.0
1780221731.5993652,53.255
1780221731.6048856,54.0
1780221731.6104648,53.255
1780221731.6160367,53.255
1780221731.6217952,53.255
1780221731.6277237,53.255
1780221731.6332872,53.255
1780221731.6388726,53.255
1780221731.6446223,53.255
1780221731.6505265,53.255
1780221731.6565728,53.255
1780221731.662608,53.255
1780221731.6685781,53.255
1780221731.6745718,53.255
1780221731.6805997,54.0
1780221731.686635,53.255
1780221731.6925051,53.255
1780221731.6986642,53.255
1780221731.7045295,53.255
1780221731.7105892,53.255
1780221731.7165534,53.255
1780221731.7226098,53.255
1780221731.7285697,54.0
1780221731.7341204,53.255
1780221731.739728,54.0
1780221731.745475,53.255
1780221731.7513824,53.255
1780221731.7574074,53.255
1780221731.7635074,53.255
1780221731.7693799,54.0
1780221731.7753649,53.255
1780221731.7814186,53.255
1780221731.7872927,53.255
1780221731.7934067,54.0
1780221731.7994251,53.255
1780221731.8053894,53.255
1780221731.811347,53.255
1780221731.8174338,53.255
1780221731.8234644,53.255
1780221731.8293839,53.255
1780221731.8349106,53.255
1780221731.8405855,54.0
1780221731.8463175,54.0
1780221731.8522844,53.255
1780221731.858255,53.255
1780221731.8643177,53.255
1780221731.8701696,53.255
1780221731.8762705,53.255
1780221731.8823285,54.0
1780221731.888214,54.0
1780221731.8942428,53.255
1780221731.900307,54.0
1780221731.9062772,54.0
1780221731.9122202,53.255
1780221731.9178352,53.255
1780221731.9235659,53.255
1780221731.9290843,53.255
1780221731.935053,53.255
1780221731.9410114,53.255
1780221731.9471931,53.255
1780221731.9530993,54.0
1780221731.9591439,53.255
1780221731.9650354,53.255
1780221731.9710178,53.255
1780221731.9766343,53.255
1780221731.982275,53.255
1780221731.9879313,53.255
1780221731.9939044,53.255
1780221731.9999127,53.255
1780221732.0059462,54.0
1780221732.0118587,54.0
1780221732.0174718,53.255
1780221732.0232089,53.255
1780221732.0287478,53.255
1780221732.034725,53.255
1780221732.0406992,53.254
1780221732.0468318,54.0
1780221732.052696,53.255
1780221732.0587766,53.255
1780221732.064646,54.0
1780221732.0707924,54.0
1780221732.07673,53.255
1780221732.0827782,54.0
1780221732.088708,53.255
1780221732.094286,53.255
1780221732.0999742,53.255
1780221732.1054718,54.0
1780221732.111551,54.0
1780221732.1176,54.0
1780221732.1236272,53.255
1780221732.1295178,53.255
1780221732.1355848,53.255
1780221732.14156,53.255
1780221732.1474588,54.0
1780221732.1535773,53.255
1780221732.1596131,54.0
1780221732.1655521,54.0
1780221732.171627,54.0
1780221732.1776175,53.255
1780221732.1836638,53.255
1780221732.1895523,53.255
1780221732.1956487,53.255
1780221732.2015269,53.255
1780221732.2071216,53.255
1780221732.2126522,54.0
1780221732.2185056,53.255
1780221732.2243123,54.0
1780221732.2299252,53.255
1780221732.2355397,53.255
1780221732.2411616,53.255
1780221732.2471573,54.0
1780221732.2527816,53.255
1780221732.2586033,54.0
1780221732.2641885,54.0
1780221732.2700155,53.255
1780221732.2760112,54.0
1780221732.2820683,54.0
1780221732.288021,53.255
1780221732.2940464,54.0
1780221732.2999015,54.0
1780221732.3055172,54.0
1780221732.310872,54.0
1780221732.3168788,54.0
1780221732.32276,54.0
1780221732.328785,53.255
1780221732.3348505,53.255
1780221732.3407948,53.255
1780221732.3468719,54.0
1780221732.3529427,53.255
1780221732.3587134,53.255
1780221732.3643653,53.255
1780221732.3699684,53.255
1780221732.3757286,54.0
1780221732.38156,54.0
1780221732.3877134,53.255
1780221732.3936756,53.255
1780221732.3995547,54.0
1780221732.405658,54.0
1780221732.4112387,54.0
1780221732.4171672,54.0
1780221732.4227812,54.0
1780221732.4285204,54.0
1780221732.4344711,53.255
1780221732.44039,53.255
1780221732.4463935,54.0
1780221732.4525883,53.255
1780221732.4583888,53.255
1780221732.4640322,53.255
1780221732.4696503,53.255
1780221732.4753158,53.255
1780221732.481236,54.0
1780221732.486852,53.255
1780221732.4925504,54.0
1780221732.4981163,54.0
1780221732.504089,54.0
1780221732.5101242,54.0
1780221732.5161626,53.255
1780221732.522087,54.0
1780221732.528183,53.255
1780221732.534039,53.255
1780221732.5396225,53.255
1780221732.5451934,54.0
1780221732.5509467,53.255
1780221732.5568724,53.255
1780221732.5628831,53.255
1780221732.5689416,54.0
1780221732.5749,53.255
1780221732.5809543,54.0
1780221732.586986,53.255
1780221732.592852,54.0
1780221732.5988567,53.255
1780221732.6048791,54.0
1780221732.610391,54.0
1780221732.615907,54.0
1780221732.6217453,53.255
1780221732.6278055,53.255
1780221732.6337852,54.0
1780221732.639734,53.255
1780221732.6453168,53.255
1780221732.651267,54.0
1780221732.6567907,54.0
1780221732.6626296,54.0
1780221732.6684473,53.255
1780221732.6741004,53.255
1780221732.6796265,54.0
1780221732.685408,54.0
1780221732.6913083,53.255
1780221732.6969292,54.0
1780221732.7025554,53.255
1780221732.7081943,53.255
1780221732.7141657,54.0
1780221732.7202728,53.255
1780221732.726261,53.255
1780221732.7320907,54.0
1780221732.7376356,53.255
1780221732.743191,54.0
1780221732.749072,54.0
1780221732.7550073,53.255
1780221732.761084,54.0
1780221732.7669384,53.255
1780221732.772532,53.255
1780221732.778098,54.0
1780221732.7838368,53.255
1780221732.7897859,54.0
1780221732.79538,53.255
1780221732.8010204,53.255
1780221732.8066008,53.255
1780221732.8125992,54.0
1780221732.8186498,53.255
1780221732.8246336,53.255
1780221732.8306074,54.0
1780221732.8366737,54.0
1780221732.842648,53.255
1780221732.8485513,53.255
1780221732.854628,53.255
1780221732.86068,53.255
1780221732.8665535,53.255
1780221732.8727424,54.0
1780221732.878745,54.0
1780221732.8845286,54.0
1780221732.8902001,53.255
1780221732.8958557,53.255
1780221732.9014158,54.0
1780221732.9074023,53.255
1780221732.9135034,53.255
1780221732.9195335,54.0
1780221732.925376,54.0
1780221732.931521,54.0
1780221732.937412,54.0
1780221732.9436448,54.0
1780221732.949469,53.255
1780221732.955601,53.255
1780221732.9614317,53.255
1780221732.9669504,53.255
1780221732.9726238,53.255
1780221732.9783628,54.0
1780221732.9842873,54.0
1780221732.9903738,53.255
1780221732.9963567,53.255
1780221733.0022113,53.255
1780221733.0078566,54.0
1780221733.0135481,54.0
1780221733.0191705,54.0
1780221733.0250573,54.0
1780221733.0311427,53.255
1780221733.0370572,53.255
1780221733.0431476,54.0
1780221733.0491872,53.255
1780221733.055162,54.0
1780221733.0610652,54.0
1780221733.066602,54.0
1780221733.072118,53.255
1780221733.077861,54.0
1780221733.0839384,53.255
1780221733.0900002,53.255
1780221733.095806,53.255
1780221733.1020133,54.0
1780221733.1079807,54.0
1780221733.113951,54.0
1780221733.1199539,54.0
1780221733.1260087,54.0
1780221733.1319594,54.0
1780221733.1379323,54.0
1780221733.1439674,54.0
1780221733.1500573,54.0
1780221733.1559317,54.0
1780221733.1620605,53.255
1780221733.1679099,53.255
1780221733.1735034,53.255
1780221733.1790597,53.255
1780221733.1848342,54.0
1780221733.1907651,54.0
1780221733.1963537,54.0
1780221733.2021985,54.0
1780221733.2078354,53.255
1780221733.2136302,54.0
1780221733.2196527,53.255
1780221733.2255785,54.0
1780221733.2315578,54.0
1780221733.2376194,53.255
1780221733.2437418,54.0
1780221733.249603,54.0
1780221733.2556434,54.0
1780221733.2616668,53.255
1780221733.2675676,54.0
1780221733.273105,53.255
1780221733.2787015,54.0
1780221733.284286,54.0
1780221733.2899768,54.0
1780221733.2956572,54.0
1780221733.3011708,53.255
1780221733.306746,53.255
1780221733.3122892,54.0
1780221733.318085,53.255
1780221733.3239849,53.255
1780221733.3296316,53.255
1780221733.3354707,53.255
1780221733.3410933,54.0
1780221733.3468068,54.0
1780221733.3529277,53.255
1780221733.3587196,53.255
1780221733.3643792,54.0
1780221733.370023,54.0
1780221733.3757799,54.0
1780221733.3815744,54.0
1780221733.3876257,53.255
1780221733.3937352,54.0
1780221733.3995829,54.0
1780221733.4051547,53.255
1780221733.4107318,54.0
1780221733.4165046,54.0
1780221733.4224937,54.0
1780221733.428555,54.0
1780221733.4344137,54.0
1780221733.4399729,53.255
1780221733.4455552,54.0
1780221733.45137,54.0
1780221733.4572144,54.0
1780221733.4633582,54.0
1780221733.4692137,54.0
1780221733.4752455,54.019
1780221733.4806144,54.013
1780221733.485939,54.012
1780221733.4911995,54.011
1780221733.496745,54.011
1780221733.5019999,54.012
1780221733.507558,54.012
1780221733.5129848,54.009
1780221733.5183804,54.011
1780221733.5238113,54.011
1780221733.529182,54.002
1780221733.534675,54.008
1780221733.5399883,54.012
1780221733.545431,54.013
1780221733.5508003,54.01
1780221733.5562391,54.012
1780221733.561603,54.013
1780221733.5670397,54.011
1780221733.5723803,54.009
1780221733.5778365,54.012
1780221733.5831425,54.009
1780221733.5883875,54.012
1780221733.594005,54.01
1780221733.5994546,54.011
1780221733.604745,54.012
1780221733.6100101,54.011
1780221733.6155891,54.009
1780221733.6208599,54.01
1780221733.6264186,54.01
1780221733.6319098,54.013
1780221733.6372178,54.009
1780221733.6426697,54.011
1780221733.6480715,54.012
1780221733.6535048,54.011
1780221733.658814,54.009
1780221733.6642687,54.009
1780221733.6696203,54.01
1780221733.6750689,54.012
1780221733.6804352,54.009
1780221733.6858864,54.01
1780221733.6912355,54.011
1780221733.6966846,54.011
1780221733.70204,54.009
1780221733.707479,54.008
1780221733.712833,54.009
1780221733.718101,54.011
1780221733.7236423,54.008
1780221733.7291,54.009
1780221733.7344482,54.011
1780221733.739905,54.01
1780221733.7452137,54.009
1780221733.750486,54.008
1780221733.7560642,54.009
1780221733.761506,54.011
1780221733.766826,54.008
1780221733.7720919,54.007
1780221733.7777526,54.01
1780221733.783158,54.009
1780221733.7884774,54.009
1780221733.7939255,54.008
1780221733.799289,54.009
1780221733.8047352,54.011
1780221733.810239,53.249
1780221733.8164365,53.249
1780221733.8222425,53.253
1780221733.8283625,53.252
1780221733.8342192,53.253
1780221733.8402228,53.252
1780221733.846248,53.252
1780221733.851719,53.253
1780221733.857374,53.253
1780221733.863058,53.253
1780221733.869123,53.253
1780221733.8749828,53.253
1780221733.8810496,53.252
1780221733.8869658,53.253
1780221733.8930953,53.253
1780221733.899072,53.253
1780221733.9049459,53.253
1780221733.9111257,53.253
1780221733.91713,53.253
1780221733.923135,53.253
1780221733.9290574,53.252
1780221733.9350793,53.253
1780221733.9411213,53.253
1780221733.9470713,53.253
1780221733.9529874,53.253
1780221733.9591815,53.252
1780221733.9651728,53.253
1780221733.9709861,53.253
1780221733.9771967,53.253
1780221733.9829986,53.253
1780221733.989197,53.253
1780221733.9951363,53.253
1780221734.001048,53.253
1780221734.007138,53.253
1780221734.0130963,53.253
1780221734.0192144,53.253
1780221734.025042,53.253
1780221734.0306768,53.253
1780221734.0363507,53.253
1780221734.0419476,53.253
1780221734.0479243,53.253
1780221734.053965,53.253
1780221734.0600395,53.253
1780221734.0657785,53.253
1780221734.0714662,53.253
1780221734.077067,53.253
1780221734.082763,53.253
1780221734.088788,53.253
1780221734.094742,53.253
1780221734.1007442,53.253
1780221734.1067638,53.253
1780221734.112634,53.254
1780221734.1187003,53.253
1780221734.1248155,53.253
1780221734.1306207,53.253
1780221734.136697,53.253
1780221734.1427462,53.253
1780221734.148216,53.253
1780221734.153907,53.253
1780221734.1595316,53.253
1780221734.1656075,53.253
1780221734.1715646,53.253
1780221734.177568,53.253
1780221734.1835034,53.253
1780221734.1896257,53.253
1780221734.1956124,53.253
1780221734.2015016,53.253
1780221734.2076836,53.254
1780221734.2136228,53.253
1780221734.2196922,53.253
1780221734.2254953,53.254
1780221734.2316148,53.253
1780221734.237665,53.253
1780221734.2436113,53.253
1780221734.2495673,53.254
1780221734.2552094,53.254
1780221734.261061,53.253
1780221734.2665932,53.253
1780221734.272349,53.254
1780221734.2779694,53.253
1780221734.283593,53.254
1780221734.2892554,53.253
1780221734.295164,53.254
1780221734.301315,53.253
1780221734.3072412,53.254
1780221734.313356,53.254
1780221734.319166,53.254
1780221734.3247917,53.253
1780221734.3306658,53.254
1780221734.3362503,53.254
1780221734.3419776,53.253
1780221734.3480709,53.253
1780221734.3540895,53.253
1780221734.359979,53.253
1780221734.3655932,53.253
1780221734.371181,53.253
1780221734.3769202,53.254
1780221734.3829288,53.253
1780221734.3888123,53.253
1780221734.394903,53.254
1780221734.4008522,53.253
1780221734.4069066,53.253
1780221734.4128451,53.254
1780221734.4184015,53.253
1780221734.424135,53.253
1780221734.42964,53.254
1780221734.4356718,53.254
1780221734.4416022,53.253
1780221734.4477656,53.254
1780221734.4536674,53.254
1780221734.459659,53.254
1780221734.4657578,53.254
1780221734.4717069,53.254
1780221734.4776676,53.254
1780221734.4832807,53.254
1780221734.489202,53.254
1780221734.4947941,53.254
1780221734.5004292,53.254
1780221734.506059,53.253
1780221734.511689,53.254
1780221734.5172932,53.254
1780221734.5232759,53.254
1780221734.5286984,53.254
1780221734.534255,53.254
1780221734.5401173,53.254
1780221734.5461535,53.254
1780221734.55218,53.254
1780221734.558201,53.254
1780221734.5641139,53.254
1780221734.5702207,53.254
1780221734.576159,53.254
1780221734.5822058,53.254
1780221734.5881257,53.254
1780221734.5941298,53.254
1780221734.6001985,53.254
1780221734.6061108,53.253
1780221734.6121645,53.254
1780221734.6182306,53.254
1780221734.624176,53.254
1780221734.6301167,53.254
1780221734.6357045,53.254
1780221734.6413836,53.254
1780221734.647152,53.254
1780221734.6528575,53.254
1780221734.658944,53.254
1780221734.665005,53.254
1780221734.6710098,53.254
1780221734.676895,53.254
1780221734.6829865,53.254
1780221734.6889951,53.254
1780221734.6949167,53.254
1780221734.700915,53.254
1780221734.7069902,53.254
1780221734.7130437,53.254
1780221734.7188895,53.254
1780221734.724974,53.254
1780221734.73102,53.254
1780221734.7370386,53.254
1780221734.7429218,53.254
1780221734.7490737,53.254
1780221734.7550673,53.254
1780221734.76094,53.254
1780221734.766952,53.254
1780221734.7725956,53.254
1780221734.7782052,53.254
1780221734.7838438,53.254
1780221734.789785,53.254
1780221734.7958522,53.254
1780221734.8017879,53.254
1780221734.8079531,53.254
1780221734.8137932,53.254
1780221734.8199189,53.254
1780221734.8258126,53.254
1780221734.831789,53.254
1780221734.8373442,53.254
1780221734.8429174,53.254
1780221734.8487186,53.254
1780221734.8546374,53.254
1780221734.8601718,53.254
1780221734.865855,53.254
1780221734.8713815,53.254
1780221734.8774583,53.254
1780221734.8834314,53.254
1780221734.8895555,53.254
1780221734.8954208,53.254
1780221734.9010074,53.254
1780221734.9063497,53.254
1780221734.9123447,53.254
1780221734.9182231,53.254
1780221734.9242754,53.254
1780221734.9303055,53.254
1780221734.9362655,53.254
1780221734.942253,53.255
1780221734.9483545,53.254
1780221734.9543355,53.254
1780221734.9602664,53.254
1780221734.9663014,53.254
1780221734.9722981,53.255
1780221734.9783728,53.254
1780221734.984288,53.254
1780221734.9902887,53.254
1780221734.9963343,53.254
1780221735.0022476,53.254
1780221735.0083373,53.254
1780221735.014351,53.254
1780221735.020364,53.254
1780221735.0262942,53.255
1780221735.0318382,53.254
1780221735.0375094,53.254
1780221735.0431726,53.254
1780221735.0491045,53.254
1780221735.0547006,53.254
1780221735.060358,53.254
1780221735.0659463,53.255
1780221735.0719295,53.255
1780221735.0780003,53.254
1780221735.0840027,53.254
1780221735.0898778,53.255
1780221735.0954723,53.254
1780221735.1011233,53.254
1780221735.1068256,53.255
1780221735.112796,53.254
1780221735.1187248,53.254
1780221735.1247618,53.254
1780221735.1307743,53.255
1780221735.1368747,53.254
1780221735.1428032,53.255
1780221735.1488287,53.254
1780221735.154676,53.255
1780221735.1607313,53.254
1780221735.1667974,53.254
1780221735.1728456,53.254
1780221735.1786318,53.254
1780221735.1843884,53.254
1780221735.1899867,53.255
1780221735.1955688,53.255
1780221735.2015877,53.254
1780221735.2075644,53.254
1780221735.2137063,53.254
1780221735.2195356,53.254
1780221735.225575,53.254
1780221735.231609,53.254
1780221735.237725,53.255
1780221735.2437143,53.255
1780221735.2496276,53.255
1780221735.255743,53.254
1780221735.2615614,53.254
1780221735.2675762,53.254
1780221735.2736363,53.255
1780221735.2796912,53.254
1780221735.2855048,53.255
1780221735.2915988,53.254
1780221735.2975912,53.254
1780221735.303751,53.254
1780221735.3096023,53.255
1780221735.3156748,53.255
1780221735.321691,53.255
1780221735.3275788,53.254
1780221735.3331738,53.254
1780221735.3386996,53.255
1780221735.3445365,53.255
1780221735.3504345,53.255
1780221735.3564343,53.254
1780221735.3624432,53.254
1780221735.3685236,53.255
1780221735.3745172,53.255
1780221735.3804467,53.255
1780221735.386527,53.255
1780221735.3923779,53.254
1780221735.3984587,53.254
1780221735.4044168,53.255
1780221735.4106066,53.254
1780221735.4165049,53.254
1780221735.4224098,53.255
1780221735.4279933,53.254
1780221735.4337037,53.254
1780221735.4393666,53.255
1780221735.445235,53.255
1780221735.4513826,53.254
1780221735.4572134,53.255
1780221735.4632716,53.254
1780221735.4693122,53.255
1780221735.4753969,53.255
1780221735.4812293,53.254
1780221735.487292,53.255
1780221735.493361,53.255
1780221735.49937,53.255
1780221735.505277,53.255
1780221735.5113144,53.255
1780221735.5173488,53.255
1780221735.5233486,53.255
1780221735.5293043,53.255
1780221735.5349023,53.255
1780221735.5406337,53.255
1780221735.5462658,53.255
1780221735.5520597,53.255
1780221735.558184,53.255
1780221735.5640962,53.254
1780221735.5701292,53.255
1780221735.5761235,53.255
1780221735.5821934,53.255
1780221735.588056,53.255
1780221735.5936565,53.255
1780221735.599396,53.255
1780221735.6050045,53.255
1780221735.6109228,53.255
1780221735.6165087,53.255
1780221735.622175,53.255
1780221735.627774,53.255
1780221735.6337838,53.255
1780221735.6398242,53.255
1780221735.6458576,53.255
1780221735.6516793,53.255
1780221735.6571796,53.254
1780221735.662751,53.254
1780221735.6686606,53.255
1780221735.6744626,53.255
1780221735.6801398,53.255
1780221735.6858404,53.255
1780221735.691414,53.255
1780221735.6973753,53.254
1780221735.7033997,53.255
1780221735.709507,53.255
1780221735.715354,53.255
1780221735.7214065,53.255
1780221735.7273903,53.255
1780221735.73336,53.255
1780221735.7393858,53.255
1780221735.7454615,53.255
1780221735.751338,53.255
1780221735.7573586,53.255
1780221735.7629182,53.254
1780221735.7685854,53.255
1780221735.774139,53.255
1780221735.779728,53.255
1780221735.7853656,53.255
1780221735.790957,53.255
1780221735.7969365,53.254
1780221735.803053,53.255
1780221735.8090544,53.255
1780221735.814979,53.255
1780221735.8210406,53.255
1780221735.8270915,53.255
1780221735.8325448,53.255
1780221735.8381307,53.255
1780221735.8439848,53.255
1780221735.8498745,53.255
1780221735.8558578,53.255
1780221735.8618844,53.255
1780221735.8679285,53.255
1780221735.873894,53.255
1780221735.879895,53.255
1780221735.8858821,53.254
1780221735.8918734,54.0
1780221735.8979256,53.255
1780221735.9039369,53.255
1780221735.909924,53.255
1780221735.9158597,53.255
1780221735.9214015,53.255
1780221735.9270437,53.255
1780221735.9333954,53.255
1780221735.938974,53.255
1780221735.9446774,53.255
1780221735.950756,53.255
1780221735.9565954,53.255
1780221735.9627223,53.255
1780221735.9687703,53.255
1780221735.9746985,53.255
1780221735.980719,53.255
1780221735.9867077,53.255
1780221735.9926937,53.255
1780221735.9986074,53.255
1780221736.0047252,53.255
1780221736.0107653,53.255
1780221736.016663,53.255
1780221736.0227115,53.255
1780221736.0288446,53.255
1780221736.0348125,53.255
1780221736.0406544,53.255
1780221736.04628,53.255
1780221736.0519776,53.255
1780221736.0574267,53.255
1780221736.0630965,53.255
1780221736.068693,53.255
1780221736.0744038,53.255
1780221736.0802414,53.255
1780221736.086376,53.255
1780221736.0923622,54.0
1780221736.0984688,53.255
1780221736.1043277,53.255
1780221736.1103728,53.255
1780221736.1162562,53.255
1780221736.121905,53.255
1780221736.1275382,53.255
1780221736.1333036,53.255
1780221736.139234,53.255
1780221736.1451886,53.255
1780221736.1512601,54.0
1780221736.1571646,53.255
1780221736.1631584,53.255
1780221736.169207,53.255
1780221736.17529,53.255
1780221736.181169,53.255
1780221736.18674,53.255
1780221736.192381,54.0
1780221736.1980798,53.255
1780221736.204065,53.255
1780221736.2100623,53.255
1780221736.215977,53.255
1780221736.2219565,53.255
1780221736.2279725,53.255
1780221736.2340667,53.255
1780221736.2400773,53.255
1780221736.245974,53.255
1780221736.2520273,53.255
1780221736.2580166,53.255
1780221736.2639763,54.0
1780221736.270079,53.255
1780221736.2760615,53.255
1780221736.2820017,53.255
1780221736.287512,53.255
1780221736.2932255,53.254
1780221736.2989054,53.255
1780221736.304842,53.255
1780221736.3103995,54.0
1780221736.316335,53.255
1780221736.3218508,53.255
1780221736.3276606,53.255
1780221736.3336992,53.255
1780221736.339655,53.255
1780221736.3456647,53.255
1780221736.3516681,53.255
1780221736.3576736,54.0
1780221736.3635857,53.255
1780221736.3692255,53.255
1780221736.375158,53.255
1780221736.3807554,53.255
1780221736.3863955,53.255
1780221736.3919828,53.255
1780221736.3976865,53.255
1780221736.4032397,54.0
1780221736.408855,53.255
1780221736.4145164,53.255
1780221736.4200463,53.255
1780221736.425592,53.255
1780221736.431212,54.0
1780221736.4369218,53.255
1780221736.442866,53.255
1780221736.4483767,53.255
1780221736.4541028,53.255
1780221736.4596329,53.255
1780221736.4657,54.0
1780221736.4712894,54.0
1780221736.4772062,53.255
1780221736.4827962,53.255
1780221736.4885335,53.255
1780221736.4945552,53.255
1780221736.5005088,53.255
1780221736.506523,53.255
1780221736.5125427,53.255
1780221736.5184839,54.0
1780221736.5244412,53.255
1780221736.5305777,54.0
1780221736.5366104,53.255
1780221736.5425558,53.255
1780221736.5485492,53.255
1780221736.5545623,53.255
1780221736.5605085,53.255
1780221736.5665455,54.0
1780221736.5726714,53.255
1780221736.5785315,53.255
1780221736.584546,53.255
1780221736.5904775,54.0
1780221736.5960333,54.0
1780221736.6016452,54.0
1780221736.6073647,54.0
1780221736.6133754,53.255
1780221736.619373,53.255
1780221736.6253633,53.255
1780221736.631355,53.255
1780221736.6374624,53.255
1780221736.6433194,53.255
1780221736.6494358,54.0
1780221736.6553662,53.255
1780221736.6614182,53.255
1780221736.667376,54.0
1780221736.6734786,53.255
1780221736.6793365,53.255
1780221736.6849318,54.0
1780221736.6905634,53.255
1780221736.696338,54.0
1780221736.7021391,53.255
1780221736.7077665,53.255
1780221736.7134326,53.255
1780221736.7190056,53.255
1780221736.7244751,53.255
1780221736.7300994,54.0
1780221736.7358682,53.255
1780221736.7417774,53.255
1780221736.7478597,53.255
1780221736.7537754,53.255
1780221736.759832,53.255
1780221736.7657602,53.255
1780221736.7719004,53.255
1780221736.7776983,53.255
1780221736.783367,54.0
1780221736.7890267,54.0
1780221736.794751,53.255
1780221736.800514,54.0
1780221736.806219,53.255
1780221736.8118978,53.255
1780221736.817389,53.255
1780221736.8234248,53.255
1780221736.8295028,53.255
1780221736.835533,53.255
1780221736.841415,53.255
1780221736.8469799,53.255
1780221736.8527093,53.255
1780221736.8582344,53.255
1780221736.8642573,54.0
1780221736.8703291,53.255
1780221736.8763437,53.255
1780221736.8822622,54.0
1780221736.8882823,54.0
1780221736.8943553,54.0
1780221736.9002028,54.0
1780221736.9058406,53.255
1780221736.9115164,53.255
1780221736.9170794,53.255
1780221736.9226112,54.0
1780221736.9279726,54.0
1780221736.9339907,54.0
1780221736.9398746,54.0
1780221736.9454892,53.255
1780221736.9511364,53.255
1780221736.9567297,53.255
1780221736.9627438,54.0
1780221736.9687502,53.255
1780221736.97479,53.255
1780221736.9806693,54.0
1780221736.9867568,53.255
1780221736.992772,53.255
1780221736.9986498,54.0
1780221737.004763,53.255
1780221737.0107965,53.255
1780221737.016651,53.255
1780221737.0227082,54.0
1780221737.0287607,54.0
1780221737.034863,53.255
1780221737.0407104,54.0
1780221737.0467923,54.0
1780221737.0526848,53.255
1780221737.0587003,53.255
1780221737.0646892,53.255
1780221737.070826,54.0
1780221737.0766656,53.255
1780221737.082269,53.255
1780221737.0879996,54.0
1780221737.0937617,54.0
1780221737.0995138,53.255
1780221737.1056669,53.255
1780221737.1114557,53.255
1780221737.1171036,53.255
1780221737.1227026,53.255
1780221737.1284018,54.0
1780221737.1343088,53.255
1780221737.1399472,53.255
1780221737.145795,53.255
1780221737.151308,53.255
1780221737.1571825,53.255
1780221737.1631737,53.255
1780221737.1692786,53.255
1780221737.175159,53.255
1780221737.1812408,53.255
1780221737.1871738,54.0
1780221737.1931803,54.0
1780221737.1992464,54.0
1780221737.2053027,53.255
1780221737.2112734,54.0
1780221737.2172456,54.0
1780221737.2231748,53.255
1780221737.2293668,54.0
1780221737.2352378,53.255
1780221737.2413466,53.255
1780221737.2471948,53.255
1780221737.2527733,53.255
1780221737.2583644,53.255
1780221737.2640836,54.0
1780221737.2700245,54.0
1780221737.2760284,53.255
1780221737.2819889,53.255
1780221737.288055,54.0
1780221737.2939582,54.0
1780221737.3002145,53.255
1780221737.3060071,54.0
1780221737.3120327,53.255
1780221737.3180685,53.255
1780221737.3240385,53.255
1780221737.3299618,54.0
1780221737.335489,53.255
1780221737.3412182,53.255
1780221737.3468416,53.255
1780221737.3528812,53.255
1780221737.3589227,53.255
1780221737.3648336,54.0
1780221737.3704665,54.0
1780221737.3761663,53.255
1780221737.3817265,53.255
1780221737.387721,54.0
1780221737.3936872,53.255
1780221737.399791,54.0
1780221737.4056516,53.255
1780221737.4117982,54.0
1780221737.4176097,54.0
1780221737.423246,53.255
1780221737.428769,54.0
1780221737.434581,54.0
1780221737.4403992,53.255
1780221737.4460661,53.255
1780221737.4516819,53.255
1780221737.457306,53.255
1780221737.4633608,54.0
1780221737.4693465,53.255
1780221737.4754064,53.255
1780221737.481314,54.0
1780221737.4873626,54.0
1780221737.4933786,54.0
1780221737.499235,54.0
1780221737.5048842,53.255
1780221737.510588,53.255
1780221737.5161297,53.255
1780221737.5221198,54.0
1780221737.5277357,54.0
1780221737.5336053,53.255
1780221737.5392354,53.255
1780221737.5450096,53.255
1780221737.550983,54.0
1780221737.5568767,53.255
1780221737.562949,53.255
1780221737.5690205,53.255
1780221737.5749648,54.0
1780221737.580484,54.0
1780221737.5861409,53.255
1780221737.591711,54.0
1780221737.5977015,54.0
1780221737.6038413,53.255
1780221737.609767,54.0
1780221737.615724,54.0
1780221737.6212893,54.0
1780221737.6268885,53.255
1780221737.6325128,53.255
1780221737.6381776,53.255
1780221737.6440067,53.255
1780221737.6495163,54.0
1780221737.6553915,54.0
1780221737.6609704,54.0
1780221737.666874,54.0
1780221737.6724877,54.0
1780221737.678226,54.0
1780221737.684155,54.0
1780221737.6902454,53.255
1780221737.6962402,54.0
1780221737.7022948,54.0
1780221737.708218,54.0
1780221737.7142193,54.0
1780221737.7202287,54.0
1780221737.726289,54.0
1780221737.7322202,54.0
1780221737.738262,54.0
1780221737.7441962,53.255
1780221737.749758,54.0
1780221737.755368,53.255
1780221737.7611203,54.0
1780221737.7670965,54.0
1780221737.7730482,54.0
1780221737.7790406,54.0
1780221737.7849536,54.0
1780221737.7905443,53.255
1780221737.796205,54.0
1780221737.8017795,53.255
1780221737.8079183,54.0
1780221737.8138995,53.255
1780221737.8197465,54.0
1780221737.825894,54.0
1780221737.8318906,53.255
1780221737.8379424,54.0
1780221737.8438826,53.255
1780221737.8499317,54.0
1780221737.8558671,53.255
1780221737.8618736,54.0
1780221737.8674378,54.0
1780221737.8733618,54.0
1780221737.8788826,53.255
1780221737.8847098,53.255
1780221737.8906446,53.255
1780221737.8965719,54.0
1780221737.9022746,53.255
1780221737.9081676,54.0
1780221737.9136908,54.0
1780221737.9194634,53.255
1780221737.9249823,54.0
1780221737.930676,53.255
1780221737.9363315,54.0
1780221737.9423475,53.255
1780221737.94836,54.0
1780221737.9542887,54.0
1780221737.9602165,54.0
1780221737.9657943,54.0
1780221737.9713748,54.0
1780221737.977107,54.0
1780221737.983203,53.255
1780221737.9890714,53.255
1780221737.9951985,54.0
1780221738.0012267,54.0
1780221738.0070112,53.255
1780221738.0126731,54.0
1780221738.0183296,54.0
