timestamp,gpu_power_w
1780221505.0038853,53.252
1780221505.0092301,54.018
1780221505.014557,54.009
1780221505.0200052,54.012
1780221505.0253513,54.007
1780221505.030594,54.011
1780221505.0361655,54.01
1780221505.0416203,54.008
1780221505.0469627,54.012
1780221505.0522118,54.007
1780221505.05772,54.008
1780221505.0629733,54.007
1780221505.0685802,54.007
1780221505.0740201,54.007
1780221505.0793867,54.008
1780221505.0848448,54.011
1780221505.090173,54.007
1780221505.0954247,54.008
1780221505.1009421,54.007
1780221505.1061893,54.008
1780221505.111799,54.007
1780221505.1172314,54.009
1780221505.1226,54.009
1780221505.1280167,54.007
1780221505.1333945,54.007
1780221505.1386328,54.007
1780221505.1441963,54.007
1780221505.1496477,54.007
1780221505.1550007,54.011
1780221505.1602576,54.005
1780221505.165861,54.007
1780221505.1712883,54.005
1780221505.1766124,54.007
1780221505.182055,54.007
1780221505.1874166,54.007
1780221505.1928563,54.012
1780221505.1981945,54.005
1780221505.2034407,54.007
1780221505.2089744,54.006
1780221505.2142148,54.007
1780221505.2198203,54.006
1780221505.22508,54.006
1780221505.2306163,54.009
1780221505.235868,54.006
1780221505.2414246,54.006
1780221505.2466848,54.007
1780221505.2521808,54.006
1780221505.2574458,54.006
1780221505.2630243,54.007
1780221505.2682817,54.008
1780221505.273834,54.006
1780221505.279081,54.011
1780221505.2846472,54.005
1780221505.290106,54.006
1780221505.2954178,54.009
1780221505.3006713,53.247
1780221505.306704,53.248
1780221505.3125203,53.248
1780221505.318423,53.253
1780221505.324429,53.251
1780221505.3305516,53.252
1780221505.3363388,53.252
1780221505.3419762,53.252
1780221505.3479984,53.252
1780221505.3535655,53.252
1780221505.3593469,53.252
1780221505.3653045,53.251
1780221505.3711517,53.252
1780221505.376839,53.252
1780221505.3828702,53.252
1780221505.3887327,53.252
1780221505.3943307,53.252
1780221505.4001238,53.252
1780221505.4060724,53.252
1780221505.411991,53.252
1780221505.4176095,53.253
1780221505.4233396,53.252
1780221505.4288123,53.252
1780221505.434983,53.252
1780221505.4408655,53.252
1780221505.4468913,53.252
1780221505.4528651,53.252
1780221505.4588327,53.252
1780221505.4649103,53.252
1780221505.4709916,53.252
1780221505.476816,53.252
1780221505.482803,53.252
1780221505.488831,53.252
1780221505.4949281,53.252
1780221505.5008447,53.252
1780221505.5068526,53.252
1780221505.5129275,53.252
1780221505.518954,53.252
1780221505.524937,53.252
1780221505.5309641,53.252
1780221505.536939,53.252
1780221505.5429788,53.252
1780221505.5488975,53.253
1780221505.5548415,53.252
1780221505.560447,53.252
1780221505.5663562,53.252
1780221505.5719557,53.253
1780221505.5777242,53.252
1780221505.583738,53.253
1780221505.5896027,53.253
1780221505.5952313,53.252
1780221505.6009877,53.253
1780221505.6067483,53.252
1780221505.6125886,53.253
1780221505.6185958,53.252
1780221505.6246014,53.252
1780221505.6305163,53.253
1780221505.6365879,53.253
1780221505.6425238,53.253
1780221505.648563,53.253
1780221505.6545076,53.253
1780221505.6605825,53.253
1780221505.6666977,53.252
1780221505.672426,53.253
1780221505.6781335,53.253
1780221505.6841161,53.253
1780221505.6899476,53.253
1780221505.695509,53.253
1780221505.7013948,53.253
1780221505.7073421,53.253
1780221505.713346,53.253
1780221505.7193751,53.253
1780221505.7254155,53.252
1780221505.731394,53.253
1780221505.737299,53.253
1780221505.7433708,53.253
1780221505.7494292,53.253
1780221505.755378,53.253
1780221505.7613573,53.253
1780221505.7673874,53.252
1780221505.7734554,53.253
1780221505.7793572,53.253
1780221505.785375,53.253
1780221505.791478,53.253
1780221505.797405,53.253
1780221505.803374,53.253
1780221505.809364,53.253
1780221505.8153996,53.253
1780221505.821416,53.253
1780221505.8273885,53.253
1780221505.8333418,53.253
1780221505.8393881,53.253
1780221505.845402,53.253
1780221505.8512635,53.254
1780221505.856878,53.253
1780221505.8626742,53.253
1780221505.8683617,53.253
1780221505.8742537,53.253
1780221505.8802018,53.253
1780221505.8861618,53.253
1780221505.8916202,53.253
1780221505.8972049,53.253
1780221505.9030297,53.253
1780221505.9090285,53.254
1780221505.9150794,53.253
1780221505.9210389,53.253
1780221505.9270043,53.252
1780221505.933172,53.253
1780221505.938988,53.253
1780221505.9445443,53.253
1780221505.9501033,53.253
1780221505.9558938,53.253
1780221505.9618742,53.253
1780221505.9678664,53.253
1780221505.9738605,53.254
1780221505.9798706,53.253
1780221505.9859068,53.253
1780221505.9918807,53.254
1780221505.997818,53.253
1780221506.0039208,53.253
1780221506.0098794,53.254
1780221506.0158591,53.253
1780221506.021879,53.254
1780221506.0277855,53.253
1780221506.0338228,53.254
1780221506.0398161,53.253
1780221506.0458758,53.254
1780221506.0518517,53.254
1780221506.0578213,53.254
1780221506.0633671,53.254
1780221506.069058,53.253
1780221506.0748608,53.254
1780221506.080768,53.253
1780221506.0866754,53.254
1780221506.0927188,53.254
1780221506.0987494,53.253
1780221506.104756,53.253
1780221506.1106122,53.253
1780221506.1167011,53.254
1780221506.1227582,53.253
1780221506.128653,53.253
1780221506.1347437,53.254
1780221506.1407351,53.254
1780221506.1466286,53.254
1780221506.1526847,53.254
1780221506.1587577,53.253
1780221506.1647341,53.254
1780221506.1707368,53.253
1780221506.1766891,53.254
1780221506.1827009,53.254
1780221506.188768,53.253
1780221506.1946719,53.254
1780221506.2006927,53.254
1780221506.2067544,53.254
1780221506.2127712,53.254
1780221506.2187543,53.254
1780221506.22478,53.254
1780221506.2307491,53.253
1780221506.2367115,53.254
1780221506.242753,53.254
1780221506.248813,53.254
1780221506.2548304,53.254
1780221506.2607527,53.254
1780221506.266814,53.254
1780221506.2727916,53.254
1780221506.2787414,53.254
1780221506.2847686,53.254
1780221506.2907357,53.253
1780221506.2967627,53.254
1780221506.3027866,53.254
1780221506.3086293,53.253
1780221506.3147662,53.254
1780221506.3207607,53.254
1780221506.3267708,53.254
1780221506.3327837,53.253
1780221506.33876,53.254
1780221506.3447645,53.254
1780221506.350792,53.254
1780221506.3566806,53.254
1780221506.3627527,53.254
1780221506.368798,53.254
1780221506.3748345,53.254
1780221506.3807626,53.254
1780221506.3867886,53.254
1780221506.3927794,53.253
1780221506.3988411,53.254
1780221506.4047828,53.254
1780221506.410887,53.254
1780221506.4168868,53.254
1780221506.4228063,53.254
1780221506.428882,53.254
1780221506.4348702,53.254
1780221506.4408026,53.254
1780221506.4469025,53.254
1780221506.4527757,53.253
1780221506.458854,53.254
1780221506.4648302,53.254
1780221506.4707966,53.254
1780221506.476842,53.254
1780221506.4829044,53.254
1780221506.4888725,53.254
1780221506.4947622,53.254
1780221506.5008857,53.254
1780221506.5068817,53.254
1780221506.5128872,53.254
1780221506.5187967,53.254
1780221506.524903,53.254
1780221506.5307763,53.254
1780221506.5368438,53.254
1780221506.5428905,53.254
1780221506.5488005,53.254
1780221506.554771,53.254
1780221506.560898,53.254
1780221506.5667245,53.254
1780221506.572774,53.254
1780221506.5789623,53.254
1780221506.584837,53.254
1780221506.5908282,53.254
1780221506.5968165,53.254
1780221506.6027124,53.254
1780221506.608415,53.254
1780221506.6143475,53.254
1780221506.6200895,53.254
1780221506.6257145,53.254
1780221506.6316373,53.254
1780221506.6376858,53.254
1780221506.6437275,53.254
1780221506.649655,53.254
1780221506.6556237,53.254
1780221506.6611698,53.255
1780221506.6667962,53.254
1780221506.6725326,53.254
1780221506.6784809,53.254
1780221506.684569,53.254
1780221506.690516,53.254
1780221506.6964672,53.254
1780221506.7019145,53.254
1780221506.7075603,53.254
1780221506.7133303,53.254
1780221506.719372,53.254
1780221506.7252805,53.254
1780221506.7313652,53.255
1780221506.7372324,53.254
1780221506.7428045,53.254
1780221506.7483296,53.254
1780221506.7541265,53.254
1780221506.7600753,53.255
1780221506.7661207,53.254
1780221506.7721357,53.255
1780221506.7780683,53.253
1780221506.7841263,53.255
1780221506.7901187,53.255
1780221506.795997,53.254
1780221506.8021748,53.255
1780221506.8081677,53.255
1780221506.814163,53.255
1780221506.8202322,53.254
1780221506.826141,53.254
1780221506.8321745,53.254
1780221506.83817,53.254
1780221506.8439243,53.255
1780221506.8502202,53.254
1780221506.856071,53.254
1780221506.8619251,53.254
1780221506.8676884,53.255
1780221506.8732958,53.255
1780221506.8790312,53.254
1780221506.8849843,53.254
1780221506.8909853,53.254
1780221506.8969848,53.254
1780221506.9029632,53.254
1780221506.9089966,53.255
1780221506.9149156,53.254
1780221506.9209116,53.254
1780221506.9270482,53.255
1780221506.9328566,53.255
1780221506.9385056,53.254
1780221506.9441075,53.254
1780221506.9497688,53.255
1780221506.955807,53.254
1780221506.9617128,53.254
1780221506.9678543,53.255
1780221506.9737244,53.255
1780221506.9797077,53.254
1780221506.9858744,53.255
1780221506.991764,53.254
1780221506.9977822,53.254
1780221507.003734,53.254
1780221507.0098858,53.254
1780221507.0157535,53.255
1780221507.0217752,53.254
1780221507.0276852,53.255
1780221507.0338228,53.255
1780221507.039753,53.254
1780221507.0458055,53.255
1780221507.0518618,53.255
1780221507.0578718,53.255
1780221507.0637984,53.254
1780221507.069873,53.255
1780221507.0757551,53.255
1780221507.0817194,53.255
1780221507.0879016,53.255
1780221507.0936847,53.255
1780221507.09979,53.255
1780221507.1058397,53.254
1780221507.1117566,53.255
1780221507.1172986,53.255
1780221507.1229959,53.255
1780221507.128794,53.255
1780221507.1346052,53.255
1780221507.1405687,53.254
1780221507.1465771,53.254
1780221507.1525571,53.255
1780221507.1585798,53.255
1780221507.1646557,53.255
1780221507.17066,53.255
1780221507.1767366,53.255
1780221507.1825898,53.255
1780221507.1886,53.255
1780221507.1946983,53.254
1780221507.200709,53.255
1780221507.2067149,53.254
1780221507.2127829,53.255
1780221507.2187357,53.255
1780221507.2245936,53.254
1780221507.2307239,53.255
1780221507.236555,53.255
1780221507.2422545,53.254
1780221507.24815,53.254
1780221507.2538142,53.255
1780221507.259412,53.255
1780221507.2654402,53.255
1780221507.2714274,53.255
1780221507.2773788,53.255
1780221507.2830343,53.255
1780221507.2889457,53.254
1780221507.2946308,53.255
1780221507.3002055,53.255
1780221507.3061783,53.255
1780221507.31233,53.255
1780221507.3181753,53.255
1780221507.324265,53.255
1780221507.3303,53.254
1780221507.3362868,53.255
1780221507.3422763,53.255
1780221507.348317,53.255
1780221507.3542395,53.255
1780221507.3603766,53.255
1780221507.3662755,53.255
1780221507.3723075,53.255
1780221507.378378,53.255
1780221507.3842957,53.255
1780221507.3902926,53.254
1780221507.3963106,53.255
1780221507.402289,53.255
1780221507.408344,53.255
1780221507.4143827,53.255
1780221507.4203036,53.255
1780221507.4263084,53.255
1780221507.432405,53.254
1780221507.4384303,53.255
1780221507.444383,53.255
1780221507.450359,53.255
1780221507.4562097,53.255
1780221507.4622834,53.255
1780221507.46834,53.255
1780221507.474315,53.255
1780221507.480282,53.255
1780221507.4858568,53.255
1780221507.4914591,53.255
1780221507.497069,53.255
1780221507.5031705,54.0
1780221507.5091546,53.255
1780221507.5151484,53.255
1780221507.521132,53.255
1780221507.5272632,53.255
1780221507.5331075,53.255
1780221507.5386837,53.255
1780221507.5441952,53.255
1780221507.5500517,53.255
1780221507.5560381,53.255
1780221507.5619836,53.255
1780221507.5679777,53.255
1780221507.5739064,53.255
1780221507.5794165,54.0
1780221507.5849655,53.255
1780221507.5908062,53.255
1780221507.596681,53.254
1780221507.6028411,53.255
1780221507.6087892,53.255
1780221507.614755,53.255
1780221507.620244,53.255
1780221507.625871,53.255
1780221507.6316044,53.255
1780221507.637602,53.254
1780221507.6435628,53.255
1780221507.6495388,53.255
1780221507.655588,53.255
1780221507.661617,53.255
1780221507.66761,54.0
1780221507.673539,53.255
1780221507.6796365,53.255
1780221507.685633,53.255
1780221507.691611,53.255
1780221507.697525,53.254
1780221507.703695,53.255
1780221507.7095451,53.255
1780221507.7151573,53.255
1780221507.7206852,54.0
1780221507.7265313,53.255
1780221507.7323675,53.255
1780221507.737921,53.255
1780221507.7433183,53.255
1780221507.749231,53.255
1780221507.7552464,53.255
1780221507.7612169,53.255
1780221507.7672098,53.255
1780221507.7733402,53.255
1780221507.7792277,53.254
1780221507.7853096,54.0
1780221507.7913287,53.255
1780221507.7971518,53.255
1780221507.803176,53.255
1780221507.8092296,53.255
1780221507.8152292,53.255
1780221507.8212845,53.254
1780221507.827216,54.0
1780221507.833298,54.0
1780221507.839304,53.255
1780221507.8453567,53.255
1780221507.8512192,53.255
1780221507.857203,53.255
1780221507.8632145,53.254
1780221507.869168,53.255
1780221507.875308,53.255
1780221507.8812828,53.255
1780221507.8870723,54.021
1780221507.8923264,54.011
1780221507.8981142,54.014
1780221507.903406,54.009
1780221507.9086678,54.01
1780221507.9139273,54.011
1780221507.9195137,54.009
1780221507.9247746,54.014
1780221507.9303267,54.008
1780221507.9355783,54.009
1780221507.9411197,54.008
1780221507.9463577,54.009
1780221507.9519289,54.01
1780221507.9572074,54.009
1780221507.9626982,54.014
1780221507.967946,54.008
1780221507.9735525,54.009
1780221507.9789844,54.009
1780221507.9843457,54.009
1780221507.9897912,54.008
1780221507.9951067,54.008
1780221508.00037,54.011
1780221508.0059807,54.009
1780221508.0114038,54.008
1780221508.0168147,54.008
1780221508.0222242,54.008
1780221508.0275676,54.008
1780221508.0330026,54.012
1780221508.0383744,54.008
1780221508.043809,54.008
1780221508.0491667,54.007
1780221508.0544145,54.008
1780221508.0599637,54.009
1780221508.0652242,54.008
1780221508.0707533,54.013
1780221508.0760062,54.007
1780221508.0815287,54.008
1780221508.0867941,54.007
1780221508.0923758,54.007
1780221508.097638,54.008
1780221508.103186,54.007
1780221508.108633,54.011
1780221508.1139822,54.007
1780221508.1192336,54.007
1780221508.1247358,54.007
1780221508.1299868,54.007
1780221508.1355486,54.007
1780221508.140801,54.01
1780221508.1464002,54.01
1780221508.1518395,54.007
1780221508.1571925,54.012
1780221508.162449,54.006
1780221508.1680093,54.007
1780221508.1734598,54.01
1780221508.1789331,53.252
1780221508.1851215,53.246
1780221508.191168,53.25
1780221508.1970487,53.251
1780221508.2029407,53.25
1780221508.2090878,53.25
1780221508.2150211,53.251
1780221508.2210832,53.25
1780221508.226926,53.251
1780221508.233035,53.251
1780221508.239055,53.251
1780221508.2449863,53.251
1780221508.2509086,53.251
1780221508.2565732,53.25
1780221508.2622454,53.25
1780221508.2678483,53.251
1780221508.273821,53.251
1780221508.2798474,53.251
1780221508.285811,53.251
1780221508.2917523,53.251
1780221508.2973757,53.251
1780221508.3034093,53.251
1780221508.3089578,53.251
1780221508.3145895,53.251
1780221508.320693,53.251
1780221508.3266416,53.251
1780221508.3325772,53.251
1780221508.3386352,53.251
1780221508.34472,53.251
1780221508.3505917,53.251
1780221508.3565335,53.251
1780221508.3625343,53.25
1780221508.3687155,53.251
1780221508.3746643,53.251
1780221508.380658,53.251
1780221508.3866806,53.251
1780221508.392703,53.251
1780221508.3987086,53.251
1780221508.404712,53.251
1780221508.4106724,53.251
1780221508.4166462,53.251
1780221508.4225392,53.251
1780221508.428698,53.251
1780221508.4346452,53.251
1780221508.4406734,53.252
1780221508.4467385,53.252
1780221508.4527318,53.252
1780221508.4586987,53.251
1780221508.4646695,53.251
1780221508.470739,53.252
1780221508.4767258,53.252
1780221508.4826825,53.251
1780221508.4886627,53.252
1780221508.4947197,53.252
1780221508.5006483,53.252
1780221508.5066824,53.252
1780221508.5126088,53.252
1780221508.5187323,53.252
1780221508.5246646,53.251
1780221508.530608,53.252
1780221508.5362952,53.252
1780221508.5422812,53.251
1780221508.5481424,53.252
1780221508.5537164,53.252
1780221508.5595465,53.252
1780221508.5655818,53.252
1780221508.571539,53.252
1780221508.577499,53.252
1780221508.5835223,53.251
1780221508.5894406,53.252
1780221508.5949948,53.252
1780221508.6007376,53.252
1780221508.6063797,53.252
1780221508.6123505,53.252
1780221508.6183815,53.252
1780221508.6243556,53.251
1780221508.6303728,53.252
1780221508.6362944,53.252
1780221508.642363,53.252
1780221508.6483538,53.252
1780221508.6543074,53.252
1780221508.6603527,53.252
1780221508.6663356,53.252
1780221508.6722457,53.252
1780221508.6779175,53.252
1780221508.6837635,53.252
1780221508.6891818,53.252
1780221508.695153,53.252
1780221508.7011049,53.252
1780221508.707096,53.252
1780221508.7132032,53.252
1780221508.719193,53.252
1780221508.7251596,53.252
1780221508.7313113,53.252
1780221508.7371595,53.252
1780221508.7432635,53.252
1780221508.7491999,53.252
1780221508.7551956,53.253
1780221508.76121,53.252
1780221508.7672338,53.253
1780221508.7731462,53.252
1780221508.7792156,53.253
1780221508.7851977,53.252
1780221508.7913675,53.253
1780221508.797151,53.252
1780221508.8032336,53.253
1780221508.809122,53.253
1780221508.8151374,53.252
1780221508.8207374,53.252
1780221508.8266377,53.252
1780221508.8322697,53.253
1780221508.8380415,53.252
1780221508.8440757,53.252
1780221508.8500578,53.253
1780221508.856047,53.253
1780221508.8620248,53.253
1780221508.868064,53.252
1780221508.873986,53.253
1780221508.8800879,53.252
1780221508.8860216,53.252
1780221508.8920755,53.253
1780221508.8980353,53.253
1780221508.903988,53.252
1780221508.9100642,53.253
1780221508.9160035,53.253
1780221508.9220457,53.253
1780221508.9280703,53.253
1780221508.9340563,53.253
1780221508.9400532,53.253
1780221508.946103,53.253
1780221508.9520035,53.253
1780221508.9575505,53.253
1780221508.9634545,53.252
1780221508.969098,53.252
1780221508.9749198,53.253
1780221508.9809644,53.253
1780221508.986828,53.253
1780221508.9929385,53.253
1780221508.9988837,53.253
1780221509.0048645,53.253
1780221509.0108864,53.253
1780221509.0169272,53.253
1780221509.022922,53.253
1780221509.0289729,53.253
1780221509.0349755,53.253
1780221509.0408916,53.253
1780221509.0469627,53.253
1780221509.0528166,53.253
1780221509.058944,53.253
1780221509.064838,53.253
1780221509.0708451,53.253
1780221509.0769415,53.253
1780221509.082976,53.253
1780221509.088936,53.252
1780221509.0949802,53.253
1780221509.1009715,53.253
1780221509.106893,53.253
1780221509.1129575,53.253
1780221509.1189823,53.253
1780221509.1249523,53.253
1780221509.13086,53.253
1780221509.136927,53.254
1780221509.1429641,53.253
1780221509.1488526,53.253
1780221509.154339,53.254
1780221509.1598978,53.253
1780221509.1657267,53.253
1780221509.1717205,53.253
1780221509.177699,53.254
1780221509.1836858,53.253
1780221509.189636,53.253
1780221509.1956606,53.253
1780221509.2012095,53.253
1780221509.2068286,53.253
1780221509.2126098,53.253
1780221509.2185798,53.253
1780221509.2243865,53.253
1780221509.23,53.253
1780221509.235544,53.254
1780221509.2413507,53.253
1780221509.2474022,53.253
1780221509.2533028,53.253
1780221509.2593555,53.253
1780221509.265366,53.253
1780221509.2714283,53.253
1780221509.2773874,53.254
1780221509.2833486,53.253
1780221509.289409,53.254
1780221509.2953684,53.254
1780221509.3013935,53.254
1780221509.3073733,53.254
1780221509.313284,53.253
1780221509.3193924,53.253
1780221509.325437,53.253
1780221509.331344,53.253
1780221509.3367698,53.254
1780221509.3423998,53.254
1780221509.348229,53.253
1780221509.3542233,53.253
1780221509.3601046,53.254
1780221509.3662083,53.253
1780221509.3721485,53.253
1780221509.3781562,53.254
1780221509.3842156,53.254
1780221509.3901007,53.253
1780221509.3961718,53.254
1780221509.4022646,53.254
1780221509.4082294,53.254
1780221509.4142652,53.253
1780221509.420223,53.254
1780221509.4262047,53.254
1780221509.432242,53.254
1780221509.4380896,53.254
1780221509.4442644,53.254
1780221509.450199,53.254
1780221509.4562263,53.254
1780221509.462268,53.254
1780221509.468177,53.254
1780221509.4741318,53.253
1780221509.4803119,53.254
1780221509.4861834,53.254
1780221509.492142,53.254
1780221509.498388,53.254
1780221509.5041037,53.254
1780221509.5101895,53.254
1780221509.5162814,53.253
1780221509.5221722,53.254
1780221509.527768,53.254
1780221509.533658,53.254
1780221509.5394015,53.254
1780221509.5450976,53.254
1780221509.5510223,53.254
1780221509.5570643,53.254
1780221509.5631788,53.254
1780221509.5690422,53.254
1780221509.5745797,53.254
1780221509.5802674,53.254
1780221509.5858908,53.254
1780221509.5918121,53.254
1780221509.5978384,53.253
1780221509.6039076,53.254
1780221509.609808,53.254
1780221509.615791,53.254
1780221509.621342,53.254
1780221509.626859,53.254
1780221509.6327262,53.254
1780221509.638736,53.253
1780221509.6446986,53.254
1780221509.6507447,53.254
1780221509.6565797,53.254
1780221509.662069,53.254
1780221509.6677063,53.254
1780221509.6735742,53.254
1780221509.6795208,53.254
1780221509.6854339,53.254
1780221509.6914403,53.254
1780221509.6974447,53.253
1780221509.7035215,53.254
1780221509.7094593,53.254
1780221509.7154799,53.254
1780221509.7215047,53.254
1780221509.727524,53.254
1780221509.7334867,53.254
1780221509.7394655,53.254
1780221509.7455688,53.254
1780221509.7515252,53.254
1780221509.7574787,53.254
1780221509.76347,53.254
1780221509.7693787,53.254
1780221509.7754416,53.254
1780221509.781478,53.254
1780221509.7873986,53.254
1780221509.7930102,53.254
1780221509.798637,53.254
1780221509.8041904,53.254
1780221509.8102782,53.254
1780221509.8162992,53.254
1780221509.8223796,53.254
1780221509.828297,53.254
1780221509.83377,53.254
1780221509.839387,53.254
1780221509.8450096,53.254
1780221509.8512337,53.254
1780221509.85706,53.254
1780221509.8627172,53.254
1780221509.8683026,53.254
1780221509.8740325,53.255
1780221509.8800118,53.254
1780221509.8858147,53.254
1780221509.8920124,53.254
1780221509.8979363,53.254
1780221509.9040592,53.254
1780221509.9099417,53.254
1780221509.9159358,53.254
1780221509.9219058,53.254
1780221509.9280312,53.255
1780221509.9339128,53.254
1780221509.9400008,53.254
1780221509.9459524,53.255
1780221509.951967,53.254
1780221509.9579601,53.254
1780221509.9640424,53.254
1780221509.970027,53.255
1780221509.975981,53.254
1780221509.9820201,53.254
1780221509.987812,53.254
1780221509.9940333,53.254
1780221509.9999397,53.254
1780221510.0060103,53.254
1780221510.011939,53.255
1780221510.017921,53.255
1780221510.0234528,53.254
1780221510.028917,53.254
1780221510.0348275,53.254
1780221510.0407565,53.254
1780221510.046718,53.254
1780221510.0528185,53.255
1780221510.0588045,53.254
1780221510.0647106,53.254
1780221510.0708208,53.255
1780221510.0768464,53.254
1780221510.0826974,53.254
1780221510.088885,53.255
1780221510.0949085,53.255
1780221510.1008549,53.254
1780221510.1068923,53.254
1780221510.1128829,53.255
1780221510.1187828,53.254
1780221510.1247864,53.255
1780221510.130772,53.255
1780221510.1367188,53.255
1780221510.1423573,53.254
1780221510.1479754,53.254
1780221510.15364,53.254
1780221510.1596684,53.255
1780221510.1656134,53.254
1780221510.1716378,53.255
1780221510.1775846,53.255
1780221510.1836576,53.255
1780221510.1896732,53.254
1780221510.1955812,53.254
1780221510.2016673,53.255
1780221510.207655,53.254
1780221510.2136946,53.255
1780221510.2196987,53.254
1780221510.2256496,53.254
1780221510.23178,53.255
1780221510.237632,53.255
1780221510.2435994,53.254
1780221510.249215,53.254
1780221510.2549527,53.255
1780221510.2604964,53.255
1780221510.266377,53.255
1780221510.2724812,53.254
1780221510.278437,53.255
1780221510.284365,53.254
1780221510.2904606,53.254
1780221510.2964292,53.255
1780221510.3025064,53.255
1780221510.3085442,53.255
1780221510.3145256,53.255
1780221510.3205166,53.254
1780221510.326471,53.255
1780221510.3324442,53.254
1780221510.3386405,53.255
1780221510.3445091,53.254
1780221510.3505394,53.255
1780221510.3565621,53.255
1780221510.3625,53.255
1780221510.3684587,53.254
1780221510.3746078,53.255
1780221510.3805718,53.255
1780221510.3865397,53.255
1780221510.392526,53.254
1780221510.3985982,53.254
1780221510.4043896,53.255
1780221510.4100173,53.255
1780221510.415558,53.255
1780221510.4214177,53.255
1780221510.4272265,53.254
1780221510.4328148,53.255
1780221510.4382415,53.255
1780221510.4441595,53.255
1780221510.4500935,53.255
1780221510.4561677,53.254
1780221510.4621124,53.255
1780221510.4680684,53.254
1780221510.4741054,53.254
1780221510.4801183,53.255
1780221510.486187,53.254
1780221510.492086,53.255
1780221510.4982271,53.255
1780221510.5042403,53.255
1780221510.5101268,53.255
1780221510.5161772,53.254
1780221510.5221593,53.255
1780221510.5280955,53.255
1780221510.5337348,53.255
1780221510.5397112,53.255
1780221510.5456574,53.255
1780221510.551206,53.255
1780221510.5568995,53.254
1780221510.5629768,53.255
1780221510.568899,53.254
1780221510.5750191,53.255
1780221510.5810468,53.255
1780221510.5870452,53.255
1780221510.593043,53.255
1780221510.5989501,53.254
1780221510.6050992,53.255
1780221510.611004,53.255
1780221510.6169813,53.255
1780221510.6233394,53.255
1780221510.6290329,53.255
1780221510.6350102,53.255
1780221510.6410847,53.255
1780221510.64705,53.255
1780221510.6530805,53.255
1780221510.6590972,53.254
1780221510.665081,53.255
1780221510.6710384,53.255
1780221510.6770253,53.255
1780221510.6830068,53.255
1780221510.6885054,53.255
1780221510.6941333,53.255
1780221510.6998477,53.254
1780221510.7059019,53.255
1780221510.7118144,53.255
1780221510.7177093,53.255
1780221510.7238166,53.255
1780221510.729867,53.255
1780221510.7357879,53.255
1780221510.741801,53.255
1780221510.747835,53.255
1780221510.7537205,53.255
1780221510.7598917,53.255
1780221510.7657566,54.02
1780221510.7711527,54.011
1780221510.7764583,54.014
1780221510.7817173,54.008
1780221510.7872756,54.009
1780221510.7927327,54.012
1780221510.798083,54.009
1780221510.8033364,54.013
1780221510.8088908,54.008
1780221510.8143368,54.009
1780221510.8196487,54.008
1780221510.8248878,54.009
1780221510.8304927,54.009
1780221510.8357298,54.009
1780221510.841249,54.014
1780221510.846522,54.008
1780221510.852106,54.008
1780221510.857544,54.008
1780221510.862902,54.008
1780221510.8683462,54.008
1780221510.8737185,54.008
1780221510.8791575,54.011
1780221510.8845186,54.008
1780221510.8899539,54.008
1780221510.8952663,54.008
1780221510.900499,54.008
1780221510.9060948,54.008
1780221510.9113476,54.011
1780221510.9169319,54.009
1780221510.9222224,54.008
1780221510.9277227,54.008
1780221510.9329631,54.008
1780221510.9385488,54.009
1780221510.9439797,54.008
1780221510.9493206,54.012
1780221510.9545765,54.006
1780221510.9601338,54.007
1780221510.9653878,54.007
1780221510.9709322,54.007
1780221510.9761882,54.007
1780221510.9817688,54.008
1780221510.9872525,54.011
1780221510.9925325,54.007
1780221510.9977818,54.007
1780221511.0033402,54.007
1780221511.0085742,54.007
1780221511.0141053,54.007
1780221511.0193608,54.009
1780221511.0249562,54.01
1780221511.030212,54.007
1780221511.0357587,54.011
1780221511.0410092,54.006
1780221511.0465755,54.007
1780221511.0520353,54.011
1780221511.0574956,53.249
1780221511.063529,53.248
1780221511.0696318,53.25
1780221511.075574,53.253
1780221511.0815485,53.252
1780221511.0875177,53.253
1780221511.0935528,53.253
1780221511.0995584,53.252
1780221511.1055024,53.253
1780221511.1114852,53.252
1780221511.1175416,53.253
1780221511.1236498,53.253
1780221511.1296253,53.253
1780221511.135699,53.252
1780221511.1416473,53.252
1780221511.147609,53.253
1780221511.1535854,53.253
1780221511.1596208,53.253
1780221511.165601,53.253
1780221511.1715724,53.253
1780221511.1776235,53.253
1780221511.183525,53.253
1780221511.1895611,53.253
1780221511.1954877,53.253
1780221511.2011395,53.253
1780221511.2067528,53.253
1780221511.2124233,53.253
1780221511.2184186,53.253
1780221511.2243755,53.253
1780221511.2303157,53.253
1780221511.236351,53.253
1780221511.2423978,53.252
1780221511.2484334,53.253
1780221511.254327,53.253
1780221511.2603312,53.253
1780221511.2663593,53.253
1780221511.27239,53.253
1780221511.2783644,53.253
1780221511.284365,53.253
1780221511.290414,53.253
1780221511.2964072,53.253
1780221511.30246,53.252
1780221511.3084517,53.253
1780221511.3144872,53.253
1780221511.320512,53.253
1780221511.3263834,53.253
1780221511.331996,53.253
1780221511.3379142,53.253
1780221511.3436775,53.253
1780221511.349394,53.253
1780221511.3552427,53.253
1780221511.36134,53.253
1780221511.367156,53.253
1780221511.3727272,53.253
1780221511.378479,53.253
1780221511.3841784,53.253
1780221511.390114,53.253
1780221511.3961587,53.253
1780221511.4020016,53.253
1780221511.4075768,53.254
1780221511.4132226,53.253
1780221511.418918,53.253
1780221511.4249196,53.253
1780221511.4310012,53.253
1780221511.436732,53.253
1780221511.4423933,53.253
1780221511.4481044,53.254
1780221511.4538033,53.254
1780221511.4596515,53.253
1780221511.4656878,53.254
1780221511.4716995,53.253
1780221511.477631,53.253
1780221511.483669,53.253
1780221511.4896238,53.254
1780221511.4956079,53.254
1780221511.5016897,53.253
1780221511.5076325,53.254
1780221511.5135725,53.254
1780221511.5196505,53.253
1780221511.5252936,53.253
1780221511.5308712,53.254
1780221511.536609,53.254
1780221511.5424657,53.253
1780221511.5483756,53.254
1780221511.5539575,53.254
1780221511.5597749,53.254
1780221511.56543,53.253
1780221511.5713813,53.254
1780221511.577384,53.254
1780221511.5832436,53.253
1780221511.5887249,53.254
1780221511.5943308,53.254
1780221511.6001637,53.253
1780221511.6061568,53.254
1780221511.6120543,53.254
1780221511.6175787,53.254
1780221511.6233358,53.254
1780221511.6288524,53.254
1780221511.6349692,53.254
1780221511.6409912,53.254
1780221511.6468794,53.254
1780221511.6529741,53.254
1780221511.6589677,53.254
1780221511.664988,53.253
1780221511.6710129,53.254
1780221511.6769447,53.254
1780221511.6830661,53.254
1780221511.6889462,53.254
1780221511.6949842,53.254
1780221511.7009885,53.254
1780221511.7069342,53.253
1780221511.712539,53.254
1780221511.718417,53.254
1780221511.7240574,53.254
1780221511.7297215,53.254
1780221511.7358072,53.254
1780221511.7417507,53.254
1780221511.747828,53.254
1780221511.7538157,53.254
1780221511.7599201,53.254
1780221511.765886,53.253
1780221511.7718723,53.254
1780221511.7778144,53.254
1780221511.783863,53.254
1780221511.7897975,53.254
1780221511.7957945,53.254
1780221511.8018186,53.254
1780221511.8077157,53.254
1780221511.813819,53.254
1780221511.819899,53.254
1780221511.825832,53.253
1780221511.8317828,53.254
1780221511.8378227,53.254
1780221511.8437226,53.254
1780221511.8498714,53.254
1780221511.8558462,53.254
1780221511.8618555,53.254
1780221511.8678439,53.254
1780221511.8738139,53.254
1780221511.8798537,53.254
1780221511.8858323,53.254
1780221511.891718,53.254
1780221511.897824,53.254
1780221511.9038224,53.254
1780221511.9098284,53.254
1780221511.915903,53.254
1780221511.921834,53.254
1780221511.9278517,53.253
1780221511.9338992,53.254
1780221511.9398148,53.254
1780221511.9459314,53.254
1780221511.9518332,53.254
1780221511.9578435,53.254
1780221511.9638562,53.254
1780221511.969868,53.254
1780221511.975793,53.254
1780221511.981315,53.254
1780221511.9870205,53.254
1780221511.9926035,53.254
1780221511.9987073,53.254
1780221512.0046825,53.254
1780221512.0106816,53.254
1780221512.0166588,53.254
1780221512.0227284,53.254
1780221512.0286243,53.253
1780221512.0347755,53.254
1780221512.0407274,53.254
1780221512.0466697,53.254
1780221512.052708,53.254
1780221512.058711,53.254
1780221512.0646832,53.254
1780221512.070623,53.254
1780221512.076748,53.255
1780221512.0827656,53.254
1780221512.0886672,53.254
1780221512.0947359,53.255
1780221512.1007354,53.254
1780221512.1067173,53.254
1780221512.1127484,53.254
1780221512.1187592,53.254
1780221512.124781,53.254
1780221512.1306522,53.254
1780221512.1367981,53.255
1780221512.1427803,53.255
1780221512.1486888,53.254
1780221512.1545732,53.255
1780221512.1607757,53.254
1780221512.166752,53.254
1780221512.172713,53.254
1780221512.1787927,53.255
1780221512.1847174,53.254
1780221512.1907136,53.254
1780221512.196817,53.255
1780221512.2026126,53.254
1780221512.2082255,53.254
1780221512.213813,53.254
1780221512.219592,53.255
1780221512.2255723,53.254
1780221512.2315893,53.254
1780221512.2376173,53.254
1780221512.2436006,53.254
1780221512.2496367,53.254
1780221512.255622,53.254
1780221512.2615902,53.254
1780221512.2675295,53.255
1780221512.2735333,53.254
1780221512.2796586,53.254
1780221512.2855291,53.254
1780221512.2915356,53.254
1780221512.2975194,53.255
1780221512.3035352,53.255
1780221512.309469,53.254
1780221512.315582,53.254
1780221512.3215342,53.254
1780221512.327459,53.254
1780221512.333621,53.254
1780221512.3396316,53.254
1780221512.3455253,53.254
1780221512.351582,53.255
1780221512.3575997,53.255
1780221512.3635573,53.254
1780221512.3696291,53.254
1780221512.37559,53.255
1780221512.3815985,53.255
1780221512.3875864,53.255
1780221512.3935475,53.254
1780221512.3995347,53.255
1780221512.4056203,53.254
1780221512.4115822,53.255
1780221512.4176211,53.255
1780221512.4236288,53.255
1780221512.4296181,53.255
1780221512.435678,53.254
1780221512.4416702,53.255
1780221512.4476273,53.255
1780221512.4536898,53.254
1780221512.4595108,53.255
1780221512.4656498,53.255
1780221512.4716442,53.255
1780221512.4775865,53.255
1780221512.4837174,53.254
1780221512.4898582,53.255
1780221512.4955986,53.254
1780221512.5017252,53.254
1780221512.5076237,53.255
1780221512.5135872,53.255
1780221512.5196178,53.255
1780221512.525521,53.254
1780221512.5316453,53.255
1780221512.5376244,53.254
1780221512.5435739,53.255
1780221512.5496588,53.255
1780221512.555653,53.255
1780221512.5616693,53.255
1780221512.567685,53.255
1780221512.573673,53.255
1780221512.5796516,53.255
1780221512.585678,53.255
1780221512.591579,53.255
1780221512.5976355,53.254
1780221512.6036806,53.255
1780221512.609658,53.255
1780221512.6157339,53.254
1780221512.6217573,53.255
1780221512.6276922,53.255
1780221512.6337204,53.255
1780221512.6397173,53.254
1780221512.645686,53.255
1780221512.6517274,53.255
1780221512.6576428,53.255
1780221512.6631005,53.255
1780221512.6687386,53.255
1780221512.6745734,53.255
1780221512.680552,53.254
1780221512.686478,53.255
1780221512.6925323,53.255
1780221512.6985118,53.254
1780221512.7045765,53.255
1780221512.7105927,53.255
1780221512.7165318,53.255
1780221512.7225356,53.255
1780221512.7284672,53.255
1780221512.734534,53.255
1780221512.7405524,53.254
1780221512.746541,53.255
1780221512.7524853,53.255
1780221512.7585702,53.255
1780221512.7645025,53.255
1780221512.7705462,53.255
1780221512.7765934,53.255
1780221512.7825696,53.255
1780221512.7884846,53.255
1780221512.7945883,53.255
1780221512.8005195,53.254
1780221512.806565,53.255
1780221512.8125663,53.255
1780221512.818606,53.255
1780221512.8245494,53.255
1780221512.830549,53.255
1780221512.8364902,53.255
1780221512.8425245,53.254
1780221512.848525,53.255
1780221512.8544836,53.255
1780221512.8605525,53.255
1780221512.8665419,53.255
1780221512.8725386,53.255
1780221512.8786116,53.255
1780221512.8845558,53.255
1780221512.890505,53.255
1780221512.8966591,53.255
1780221512.9024966,53.255
1780221512.9085963,54.0
1780221512.9145842,53.255
1780221512.9205856,53.255
1780221512.926613,53.255
1780221512.932555,53.255
1780221512.9385228,53.255
1780221512.9441087,53.255
1780221512.949801,53.255
1780221512.9553638,53.255
1780221512.9614081,53.255
1780221512.9674187,53.255
1780221512.973407,53.255
1780221512.9793637,53.255
1780221512.9853816,53.254
1780221512.9913342,54.0
1780221512.997377,53.255
1780221513.0034928,53.255
1780221513.0094078,53.255
1780221513.015389,53.255
1780221513.021445,53.255
1780221513.027354,53.254
1780221513.0334535,53.255
1780221513.0394468,53.255
1780221513.045343,53.255
1780221513.0509403,54.0
1780221513.0564735,53.255
1780221513.0621865,53.255
1780221513.0683646,53.254
1780221513.074277,54.0
1780221513.080231,53.255
1780221513.0861647,53.255
1780221513.0921702,53.255
1780221513.0981617,53.255
1780221513.1042051,53.255
1780221513.110222,53.255
1780221513.1162255,54.0
1780221513.122253,53.255
1780221513.1282287,53.254
1780221513.134252,53.255
1780221513.1402826,53.255
1780221513.1462672,53.255
1780221513.1523328,53.255
1780221513.1582642,53.255
1780221513.164224,53.255
1780221513.170299,53.255
1780221513.1762056,53.255
1780221513.1821797,53.255
1780221513.1878252,53.255
1780221513.1935847,54.0
1780221513.1992168,53.255
1780221513.2050433,53.255
1780221513.2110467,53.255
1780221513.2170887,54.0
1780221513.2230496,53.255
1780221513.2291026,53.255
1780221513.2349834,54.0
1780221513.2410634,53.255
1780221513.2470276,53.255
1780221513.2530055,53.255
1780221513.259194,53.255
1780221513.2651517,53.255
1780221513.2711396,53.254
1780221513.2771533,53.255
1780221513.283038,53.255
1780221513.2886388,53.255
1780221513.2942455,53.255
1780221513.299812,53.255
1780221513.3058233,53.255
1780221513.311351,53.255
1780221513.3167958,54.0
1780221513.3227527,53.255
1780221513.328656,53.255
1780221513.3346226,53.255
1780221513.3407426,54.0
1780221513.346655,53.255
1780221513.3526685,53.254
1780221513.3586352,53.255
1780221513.364795,53.255
1780221513.3706973,53.255
1780221513.376771,54.0
1780221513.38273,53.255
1780221513.3886955,53.255
1780221513.3947213,53.255
1780221513.4007673,53.255
1780221513.406648,53.255
1780221513.4127424,53.255
1780221513.418804,54.0
1780221513.424739,53.255
1780221513.4307094,53.255
1780221513.4367259,53.255
1780221513.442824,53.255
1780221513.4487085,53.255
1780221513.4547627,53.255
1780221513.4607427,53.255
1780221513.4667182,54.0
1780221513.4728708,54.0
1780221513.478679,53.255
1780221513.484794,53.255
1780221513.4907186,53.255
1780221513.4967504,53.254
1780221513.5027783,54.0
1780221513.508708,53.255
1780221513.5142968,53.255
1780221513.5199137,53.255
1780221513.5256395,53.255
1780221513.53144,53.255
1780221513.5370421,53.255
1780221513.5424562,53.255
1780221513.5483294,54.0
1780221513.554329,54.0
1780221513.560369,53.255
1780221513.5663183,53.255
1780221513.5724142,53.255
1780221513.5782866,53.255
1780221513.5844133,54.0
1780221513.590484,53.255
1780221513.5963871,53.255
1780221513.6024387,53.255
1780221513.6084177,54.0
1780221513.6143124,53.255
1780221513.6203573,53.254
1780221513.6263673,54.0
1780221513.6323864,54.0
1780221513.6384246,53.255
1780221513.6443715,54.018
1780221513.649714,54.011
1780221513.655023,54.014
1780221513.6602712,54.009
1780221513.6658404,54.009
1780221513.6713011,54.012
1780221513.676646,54.009
1780221513.6818986,54.014
1780221513.687456,54.009
1780221513.6927066,54.009
1780221513.6982496,54.008
1780221513.7034953,54.01
1780221513.7090516,54.01
1780221513.7143009,54.01
1780221513.719813,54.014
1780221513.7250621,54.008
1780221513.730641,54.008
1780221513.7359073,54.008
1780221513.7414649,54.009
1780221513.7469258,54.008
1780221513.7522821,54.009
1780221513.7577198,54.012
1780221513.7630787,54.008
1780221513.7685156,54.008
1780221513.7738333,54.009
1780221513.7790608,54.008
1780221513.7846932,54.008
1780221513.79014,54.011
1780221513.7954988,54.009
1780221513.8009236,54.009
1780221513.8062906,54.008
1780221513.8115377,54.009
1780221513.8170865,54.008
1780221513.822346,54.007
1780221513.8279004,54.012
1780221513.833152,54.007
1780221513.8387086,54.007
1780221513.844151,54.006
1780221513.8494997,54.008
1780221513.8547454,54.008
1780221513.8603137,54.008
1780221513.8657565,54.013
1780221513.8711002,54.006
1780221513.8763475,54.008
1780221513.8818977,54.007
1780221513.887138,54.008
1780221513.89267,54.007
1780221513.897916,54.008
1780221513.90351,54.01
1780221513.9087658,54.007
1780221513.9142778,54.011
1780221513.9195359,54.007
1780221513.925139,54.007
1780221513.9305854,54.012
1780221513.936161,53.251
1780221513.9422982,53.245
1780221513.948192,53.247
1780221513.9539921,53.251
1780221513.9600542,53.25
1780221513.9655173,53.251
1780221513.971069,53.25
1780221513.9769444,53.25
1780221513.9828925,53.251
1780221513.988882,53.25
1780221513.9943516,53.25
1780221514.0001132,53.251
1780221514.005648,53.251
1780221514.0117784,53.25
1780221514.0178468,53.25
1780221514.023698,53.251
1780221514.0297928,53.25
1780221514.0357656,53.251
1780221514.0418062,53.25
1780221514.0478013,53.251
1780221514.0536816,53.251
1780221514.059851,53.251
1780221514.0657847,53.251
1780221514.0717196,53.251
1780221514.077236,53.251
1780221514.083035,53.25
1780221514.088811,53.251
1780221514.0945756,53.251
1780221514.1005735,53.251
1780221514.1064823,53.251
1780221514.112547,53.251
1780221514.118552,53.251
1780221514.1245613,53.251
1780221514.1306136,53.251
1780221514.1364982,53.251
1780221514.1426842,53.25
1780221514.1485314,53.252
1780221514.1540818,53.251
1780221514.1597455,53.252
1780221514.165582,53.251
1780221514.1714354,53.251
1780221514.177417,53.251
1780221514.1834996,53.251
1780221514.189444,53.251
1780221514.1953924,53.251
1780221514.2014542,53.251
1780221514.207334,53.252
1780221514.2134264,53.251
1780221514.2194247,53.251
1780221514.2253401,53.251
1780221514.2314165,53.251
1780221514.2373958,53.252
1780221514.2434194,53.25
1780221514.249409,53.252
1780221514.2553732,53.252
1780221514.2614539,53.252
1780221514.2674122,53.252
1780221514.273377,53.251
1780221514.2794554,53.251
1780221514.285458,53.251
1780221514.2913435,53.252
1780221514.2968793,53.252
1780221514.3026075,53.251
1780221514.308195,53.252
1780221514.3143446,53.252
1780221514.3202379,53.252
1780221514.3262694,53.252
1780221514.332283,53.252
1780221514.3383586,53.252
1780221514.344331,53.251
1780221514.3503506,53.252
1780221514.356293,53.252
1780221514.3622797,53.252
1780221514.368452,53.252
1780221514.3742352,53.252
1780221514.3803465,53.252
1780221514.3863015,53.252
1780221514.3923068,53.252
1780221514.3982897,53.252
1780221514.4042058,53.252
1780221514.4102051,53.252
1780221514.4162514,53.252
1780221514.422213,53.252
1780221514.4282858,53.252
1780221514.4342651,53.252
1780221514.4402776,53.252
1780221514.4462712,53.252
1780221514.4522645,53.252
1780221514.4583545,53.252
1780221514.4643192,53.252
1780221514.470161,53.253
1780221514.4762957,53.252
1780221514.4822524,53.252
1780221514.4882793,53.252
1780221514.4943488,53.252
1780221514.5002403,53.252
1780221514.5062642,53.252
1780221514.5122905,53.253
1780221514.5183153,53.252
1780221514.5243719,53.252
1780221514.5303645,53.253
1780221514.536261,53.252
1780221514.5424137,53.253
1780221514.5482638,53.252
1780221514.5542083,53.253
1780221514.5597446,53.252
1780221514.5653675,53.252
1780221514.5710433,53.253
1780221514.577229,53.252
1780221514.5831223,53.253
1780221514.5891356,53.252
1780221514.5951905,53.253
1780221514.6011343,53.253
1780221514.6071737,53.252
1780221514.6132512,53.253
1780221514.6191463,53.252
1780221514.625144,53.253
1780221514.631165,53.253
1780221514.6371543,53.253
1780221514.6431754,53.253
1780221514.6490898,53.252
1780221514.6551454,53.253
1780221514.6611784,53.253
1780221514.6670587,53.253
1780221514.6725593,53.253
1780221514.6781242,53.253
1780221514.6839843,53.253
1780221514.6899548,53.252
1780221514.6959207,53.253
1780221514.7019491,53.253
1780221514.7079167,53.252
1780221514.7139657,53.253
1780221514.7199252,53.253
1780221514.7259133,53.253
1780221514.73201,53.253
1780221514.737947,53.253
1780221514.7440064,53.253
1780221514.7499666,53.252
1780221514.7559812,53.253
1780221514.761996,53.253
1780221514.7679667,53.253
1780221514.7739403,53.253
1780221514.7799733,53.253
1780221514.7860186,53.253
1780221514.7919278,53.253
1780221514.7979856,53.253
1780221514.8040226,53.253
1780221514.8100412,53.252
1780221514.8160524,53.253
1780221514.8220341,53.253
1780221514.8280869,53.253
1780221514.8342478,53.253
1780221514.8399916,53.253
1780221514.8460495,53.253
1780221514.8520966,53.252
1780221514.858074,53.253
1780221514.8641107,53.253
1780221514.8699923,53.253
1780221514.8754478,53.254
1780221514.8809822,53.253
1780221514.88694,53.253
1780221514.8928962,53.253
1780221514.8988075,53.253
1780221514.9048681,53.253
1780221514.9108422,53.253
1780221514.9168174,53.253
1780221514.9228518,53.253
1780221514.9287817,53.253
1780221514.9349775,53.253
1780221514.94087,53.253
1780221514.946884,53.253
1780221514.9529145,53.253
1780221514.958877,53.253
1780221514.9649122,53.253
1780221514.9707866,53.253
1780221514.9766967,53.253
1780221514.982848,53.253
1780221514.9888053,53.253
1780221514.9948738,53.253
1780221515.0008447,53.254
1780221515.0068116,53.253
1780221515.012863,53.252
1780221515.0188768,53.254
1780221515.024829,53.254
1780221515.0303535,53.253
1780221515.0359056,53.253
1780221515.0416818,53.254
1780221515.0477226,53.253
1780221515.0537965,53.253
1780221515.059788,53.254
1780221515.0656939,53.254
1780221515.0717149,53.253
1780221515.0777397,53.254
1780221515.0837674,53.254
1780221515.089629,53.254
1780221515.095673,53.253
1780221515.1017578,53.253
1780221515.107811,53.253
1780221515.1136546,53.254
1780221515.1190917,53.254
1780221515.1247067,53.254
1780221515.1305532,53.253
1780221515.1365423,53.254
1780221515.1424599,53.254
1780221515.148555,53.254
1780221515.154492,53.253
1780221515.1604815,53.254
1780221515.1665695,53.254
1780221515.1724052,53.254
1780221515.1785436,53.254
1780221515.1845357,53.253
1780221515.190456,53.253
1780221515.1965995,53.253
1780221515.202569,53.253
1780221515.208563,53.253
1780221515.2146113,53.254
1780221515.2204149,53.254
1780221515.2265491,53.254
1780221515.2325203,53.253
1780221515.2385337,53.254
1780221515.2445698,53.254
1780221515.250626,53.254
1780221515.256635,53.253
1780221515.2625678,53.254
1780221515.2684953,53.254
1780221515.2745755,53.254
1780221515.280628,53.254
1780221515.2866228,53.254
1780221515.2925425,53.254
1780221515.2985375,53.253
1780221515.304534,53.254
1780221515.3105483,53.254
1780221515.316085,53.254
1780221515.3217294,53.254
1780221515.3273947,53.254
1780221515.3334422,53.254
1780221515.3393018,53.253
1780221515.3454084,53.254
1780221515.351378,53.254
1780221515.3573408,53.254
1780221515.3627758,53.254
1780221515.3683815,53.254
1780221515.3742557,53.254
1780221515.3802185,53.254
1780221515.386127,53.254
1780221515.392208,53.254
1780221515.3981998,53.253
1780221515.4042175,53.254
1780221515.4102044,53.254
1780221515.4161482,53.254
1780221515.4221742,53.254
1780221515.428304,53.254
1780221515.4342325,53.254
1780221515.4402542,53.254
1780221515.4462082,53.254
1780221515.452301,53.254
1780221515.458214,53.254
1780221515.4641478,53.254
1780221515.4702563,53.254
1780221515.4761546,53.254
1780221515.481786,53.254
1780221515.4873343,53.254
1780221515.4930468,53.254
1780221515.4990659,53.254
1780221515.5050232,53.254
1780221515.5111368,53.254
1780221515.5169861,53.254
1780221515.5229957,53.254
1780221515.52907,53.254
1780221515.5350058,53.254
1780221515.5410004,53.253
1780221515.547102,53.254
1780221515.5529828,53.254
1780221515.5589397,53.254
1780221515.5651605,53.254
1780221515.5710833,53.254
1780221515.5770173,53.254
1780221515.5830703,53.254
1780221515.5889876,53.254
1780221515.5945597,53.254
1780221515.6003091,53.254
1780221515.6061113,53.255
1780221515.6119828,53.254
1780221515.61789,53.254
1780221515.6239228,53.254
1780221515.6298625,53.255
1780221515.6358407,53.254
1780221515.6413753,53.254
1780221515.6470973,53.254
1780221515.6527426,53.254
1780221515.658701,53.254
1780221515.6647308,53.254
1780221515.670749,53.254
1780221515.6767159,53.254
1780221515.6826718,53.254
1780221515.6886578,53.255
1780221515.6946564,53.255
1780221515.7006783,53.254
1780221515.7066662,53.254
1780221515.7127097,53.255
1780221515.7186894,53.254
1780221515.7246778,53.254
1780221515.7306905,53.255
1780221515.7366395,53.254
1780221515.7427485,53.254
1780221515.7487419,53.255
1780221515.7547874,53.254
1780221515.7607422,53.254
1780221515.7667794,53.254
1780221515.772691,53.255
1780221515.778641,53.254
1780221515.7842996,53.254
1780221515.7900429,53.255
1780221515.7957637,53.254
1780221515.8015554,53.254
1780221515.8075871,53.254
1780221515.8136017,53.255
1780221515.8195064,53.254
1780221515.8250756,53.254
1780221515.8308196,53.255
1780221515.8365648,53.254
1780221515.8423398,53.254
1780221515.8483675,53.254
1780221515.8543944,53.254
1780221515.8603818,53.255
1780221515.86637,53.254
1780221515.8723655,53.255
1780221515.878374,53.255
1780221515.8843606,53.254
1780221515.8903577,53.254
1780221515.8958273,53.255
1780221515.9014192,53.255
1780221515.9071252,53.254
1780221515.913146,53.255
1780221515.9191566,53.254
1780221515.9251502,53.254
1780221515.9312224,53.254
1780221515.9372106,53.255
1780221515.943197,53.255
1780221515.9491503,53.254
1780221515.9552152,53.255
1780221515.9611692,53.255
1780221515.9672036,53.255
1780221515.973235,53.255
1780221515.9792585,53.254
1780221515.9852357,53.254
1780221515.991298,53.254
1780221515.9971814,53.255
1780221516.0032263,53.255
1780221516.0092578,53.254
1780221516.0150623,53.255
1780221516.0206187,53.254
1780221516.02618,53.255
1780221516.031979,53.254
1780221516.0379882,53.255
1780221516.0439913,53.255
1780221516.0500295,53.255
1780221516.055932,53.255
1780221516.0620477,53.255
1780221516.0679524,53.254
1780221516.0739996,53.255
1780221516.0800629,53.255
1780221516.0860221,53.255
1780221516.09196,53.254
1780221516.0980966,53.255
1780221516.1040072,53.255
1780221516.1100068,53.255
1780221516.1159785,53.255
1780221516.1219933,53.255
1780221516.1275635,53.255
1780221516.1331046,53.254
1780221516.1389122,53.255
1780221516.1447632,53.254
1780221516.1503458,53.255
1780221516.1559477,53.254
1780221516.1616697,53.255
1780221516.1676726,53.255
1780221516.173666,53.254
1780221516.1796668,53.255
1780221516.185587,53.255
1780221516.1916852,53.255
1780221516.19765,53.255
1780221516.2036316,53.255
1780221516.209673,53.254
1780221516.2157624,53.254
1780221516.22169,53.255
1780221516.2277205,53.255
1780221516.2335875,53.255
1780221516.2395294,53.255
1780221516.2456477,53.255
1780221516.2516272,53.254
1780221516.2579517,53.255
1780221516.2636323,53.255
1780221516.2697341,53.254
1780221516.275668,53.255
1780221516.281177,53.255
1780221516.2866504,53.255
1780221516.2925165,53.255
1780221516.298545,53.255
1780221516.3045158,53.255
1780221516.3105152,53.255
1780221516.316468,53.255
1780221516.3219461,53.255
1780221516.3274963,53.255
1780221516.3332312,53.255
1780221516.3392742,53.254
1780221516.3453436,53.255
1780221516.351314,53.255
1780221516.357253,53.255
1780221516.3628201,54.0
1780221516.3683693,53.255
1780221516.3741164,53.255
1780221516.3797023,53.254
1780221516.3852723,53.255
1780221516.390942,53.255
1780221516.396924,53.255
1780221516.402969,53.255
1780221516.4088697,53.255
1780221516.4148576,53.255
1780221516.420866,53.254
1780221516.4268517,53.255
1780221516.432457,53.255
1780221516.4379847,53.255
1780221516.4437146,53.255
1780221516.449691,53.255
1780221516.4552555,53.255
1780221516.4608448,53.254
1780221516.4665332,53.255
1780221516.4725153,53.255
1780221516.4785378,53.255
1780221516.4845529,53.255
1780221516.4905605,53.255
1780221516.4966059,53.255
1780221516.5026107,53.254
1780221516.508654,53.255
1780221516.5145705,53.255
1780221516.5205076,53.255
1780221516.5265207,54.021
1780221516.531887,54.01
1780221516.5372329,54.014
1780221516.542659,54.008
1780221516.548015,54.009
1780221516.553463,54.012
1780221516.5588272,54.009
1780221516.5642607,54.013
1780221516.5696466,54.008
1780221516.575084,54.008
1780221516.580411,54.008
1780221516.5856493,54.008
1780221516.5912187,54.01
1780221516.5964632,54.009
1780221516.6020255,54.014
1780221516.6072876,54.008
1780221516.6127932,54.008
1780221516.6180453,54.008
1780221516.6236484,54.008
1780221516.6290936,54.008
1780221516.6344497,54.008
1780221516.6398833,54.009
1780221516.6452553,54.008
1780221516.650687,54.008
1780221516.6560063,54.008
1780221516.6612282,54.008
1780221516.6668205,54.008
1780221516.67206,54.011
1780221516.6776774,54.009
1780221516.6830955,54.008
1780221516.6884077,54.008
1780221516.693655,54.008
1780221516.699218,54.007
1780221516.704481,54.006
1780221516.7100854,54.012
1780221516.715515,54.006
1780221516.7208688,54.007
1780221516.726125,54.006
1780221516.7316709,54.008
1780221516.7369204,54.008
1780221516.7424836,54.007
1780221516.7479265,54.013
1780221516.7532697,54.006
1780221516.758523,54.006
1780221516.7640707,54.007
1780221516.769309,54.008
1780221516.7748365,54.007
1780221516.7800922,54.007
1780221516.7856429,54.01
1780221516.7908914,54.007
1780221516.7964895,54.01
1780221516.8017457,54.007
1780221516.807314,54.007
1780221516.8127756,54.012
1780221516.8181396,53.249
1780221516.8244956,53.247
1780221516.8303673,53.246
1780221516.836297,53.251
1780221516.8423653,53.251
1780221516.848251,53.252
1780221516.8543499,53.251
1780221516.8603482,53.251
1780221516.8662808,53.251
1780221516.8722343,53.251
1780221516.8778524,53.251
1780221516.8835864,53.25
1780221516.8891969,53.251
1780221516.8951297,53.251
1780221516.901127,53.251
1780221516.90714,53.252
1780221516.9130836,53.251
1780221516.9191132,53.251
1780221516.9252176,53.251
1780221516.9309783,53.252
1780221516.9366446,53.251
1780221516.9423347,53.251
1780221516.948098,53.252
1780221516.953999,53.252
1780221516.9599984,53.252
1780221516.9660125,53.252
1780221516.9718874,53.252
1780221516.977927,53.252
1780221516.9839468,53.251
1780221516.990063,53.252
1780221516.9958124,53.252
1780221517.0018644,53.252
1780221517.0079381,53.252
1780221517.0140016,53.252
1780221517.019886,53.251
1780221517.02595,53.251
1780221517.0319865,53.252
1780221517.037996,53.252
1780221517.043884,53.252
1780221517.0499723,53.252
1780221517.0560448,53.252
1780221517.061925,53.252
1780221517.0679998,53.252
1780221517.073984,53.252
1780221517.07993,53.252
1780221517.0859811,53.251
1780221517.0920095,53.252
1780221517.0980346,53.252
1780221517.103907,53.252
1780221517.109839,53.252
1780221517.1154656,53.252
1780221517.1212075,53.252
1780221517.1269138,53.252
1780221517.132861,53.252
1780221517.1388187,53.252
1780221517.1447017,53.252
1780221517.1502404,53.252
1780221517.1558383,53.252
1780221517.1616518,53.252
1780221517.1676333,53.252
1780221517.1735613,53.252
1780221517.1796196,53.252
1780221517.1856008,53.251
1780221517.191633,53.252
1780221517.1975546,53.252
1780221517.2031133,53.252
1780221517.2087216,53.252
1780221517.2143946,53.252
1780221517.2204418,53.252
1780221517.2264466,53.251
1780221517.2324615,53.253
1780221517.2384145,53.253
1780221517.244414,53.252
1780221517.250554,53.253
1780221517.2563925,53.253
1780221517.262414,53.253
1780221517.268472,53.252
1780221517.2744105,53.253
1780221517.280473,53.252
1780221517.286394,53.252
1780221517.292467,53.253
1780221517.2984233,53.253
1780221517.30438,53.252
1780221517.3105004,53.253
1780221517.3163748,53.252
1780221517.3224084,53.253
1780221517.328428,53.252
1780221517.3344314,53.253
1780221517.3405025,53.252
1780221517.346496,53.252
1780221517.3524542,53.253
1780221517.3583748,53.253
1780221517.364484,53.253
1780221517.3705015,53.252
1780221517.3764641,53.253
1780221517.3823876,53.253
1780221517.3884814,53.252
1780221517.394431,53.253
1780221517.3999527,53.253
1780221517.4056816,53.253
1780221517.4113693,53.253
1780221517.4173443,53.253
1780221517.4233408,53.253
1780221517.4292254,53.252
1780221517.435392,53.253
1780221517.441362,53.253
1780221517.4473145,53.253
1780221517.4532435,53.253
1780221517.4593642,53.253
1780221517.4652853,53.253
1780221517.4713593,53.253
1780221517.4773524,53.253
1780221517.4833364,53.253
1780221517.489375,53.252
1780221517.4953747,53.253
1780221517.5013552,53.253
1780221517.5072703,53.253
1780221517.5133822,53.253
1780221517.5193684,53.253
1780221517.5252805,53.253
1780221517.5313137,53.252
1780221517.5373707,53.253
1780221517.5432901,53.253
1780221517.5492582,53.253
1780221517.5548065,53.254
1780221517.560382,53.253
1780221517.566193,53.253
1780221517.5721674,53.253
1780221517.5781672,53.253
1780221517.5841453,53.253
1780221517.5901015,53.252
1780221517.5961328,53.253
1780221517.6021001,53.253
1780221517.6080713,53.253
1780221517.6141763,53.254
1780221517.6201534,53.253
1780221517.6261268,53.253
1780221517.6321878,53.253
1780221517.6381161,53.253
1780221517.6441686,53.253
1780221517.650176,53.253
1780221517.6561434,53.254
1780221517.6621678,53.254
1780221517.6681635,53.253
1780221517.674239,53.253
1780221517.6801722,53.254
1780221517.686218,53.253
1780221517.692254,53.253
1780221517.6982946,53.254
1780221517.704229,53.253
1780221517.7102222,53.253
1780221517.7162566,53.254
1780221517.7223468,53.253
1780221517.7281573,53.254
1780221517.734203,53.253
1780221517.7402246,53.254
1780221517.746121,53.253
1780221517.7521162,53.253
1780221517.7576203,53.254
1780221517.7632189,53.253
1780221517.7690613,53.254
1780221517.7749941,53.254
1780221517.7810223,53.254
1780221517.7870052,53.254
1780221517.7929463,53.253
1780221517.798988,53.254
1780221517.8049982,53.253
1780221517.810903,53.253
1780221517.8170068,53.254
1780221517.8230186,53.253
1780221517.8290029,53.254
1780221517.8349862,53.253
1780221517.8410127,53.254
1780221517.847028,53.254
1780221517.8530445,53.254
1780221517.8588915,53.254
1780221517.8645139,53.253
1780221517.8699846,53.254
1780221517.8757846,53.253
1780221517.8818097,53.253
1780221517.887782,53.254
1780221517.893379,53.254
1780221517.899036,53.254
1780221517.9047256,53.254
1780221517.9106936,53.254
1780221517.9166238,53.253
1780221517.9226577,53.254
1780221517.9287295,53.254
1780221517.9345956,53.254
1780221517.9401505,53.254
1780221517.9457252,53.254
1780221517.9513829,53.254
1780221517.9574513,53.254
1780221517.9633667,53.254
1780221517.968907,53.254
1780221517.9746509,53.254
1780221517.9802563,53.254
1780221517.9863892,53.254
1780221517.9922922,53.254
1780221517.9982736,53.254
1780221518.0043402,53.254
1780221518.010331,53.254
1780221518.0162807,53.254
1780221518.0223403,53.254
1780221518.0282314,53.254
1780221518.0344343,53.254
1780221518.040333,53.254
1780221518.0463693,53.254
1780221518.0522761,53.254
1780221518.058253,53.254
1780221518.0643845,53.254
1780221518.070287,53.254
1780221518.076253,53.254
1780221518.0823143,53.254
1780221518.088273,53.254
1780221518.0942192,53.254
1780221518.100377,53.254
1780221518.1063063,53.254
1780221518.1122243,53.254
1780221518.1180706,53.253
1780221518.12381,53.254
1780221518.1295183,53.254
1780221518.1351163,53.254
1780221518.140627,53.254
1780221518.1461287,53.254
1780221518.151928,53.254
1780221518.1578567,53.254
1780221518.1639173,53.254
1780221518.1699395,53.254
1780221518.1758242,53.254
1780221518.1819694,53.254
1780221518.187955,53.254
1780221518.193957,53.254
1780221518.2000217,53.254
1780221518.2059863,53.254
1780221518.2119126,53.254
1780221518.2180033,53.254
1780221518.2238598,53.254
1780221518.2299597,53.255
1780221518.235921,53.254
1780221518.241937,53.254
1780221518.2480009,53.254
1780221518.25393,53.254
1780221518.2599905,53.254
1780221518.2660136,53.254
1780221518.2718897,53.254
1780221518.277903,53.254
1780221518.2840097,53.254
1780221518.28991,53.254
1780221518.295963,53.254
1780221518.302026,53.254
1780221518.3079455,53.254
1780221518.3139405,53.254
1780221518.3199794,53.254
1780221518.3259919,53.254
1780221518.3319733,53.254
1780221518.3379822,53.254
1780221518.3439772,53.254
1780221518.349999,53.254
1780221518.3559377,53.254
1780221518.361988,53.254
1780221518.3680308,53.254
1780221518.373992,53.254
1780221518.3800435,53.254
1780221518.3860686,53.255
1780221518.3920135,53.254
1780221518.398032,53.255
1780221518.4040601,53.254
1780221518.4099894,53.254
1780221518.416062,53.254
1780221518.4219856,53.254
1780221518.427427,53.254
1780221518.4330235,53.255
1780221518.4388576,53.255
1780221518.4448853,53.254
1780221518.450829,53.254
1780221518.4568737,53.254
1780221518.4627533,53.254
1780221518.4683478,53.255
1780221518.4739192,53.254
1780221518.4796662,53.254
1780221518.485647,53.254
1780221518.4916503,53.254
1780221518.497664,53.254
1780221518.5036016,53.254
1780221518.5091178,53.254
1780221518.5147462,53.254
1780221518.5204418,53.255
1780221518.5264096,53.254
1780221518.531985,53.254
1780221518.5376847,53.254
1780221518.5433369,53.254
1780221518.5491514,53.254
1780221518.554741,53.255
1780221518.560413,53.255
1780221518.5660636,53.254
1780221518.5720925,53.255
1780221518.5780778,53.254
1780221518.583955,53.254
1780221518.589875,53.255
1780221518.5960932,53.254
1780221518.6020093,53.255
1780221518.6080225,53.254
1780221518.6140387,53.254
1780221518.6200328,53.255
1780221518.626025,53.254
1780221518.632113,53.255
1780221518.6380098,53.255
1780221518.6441023,53.254
1780221518.6500826,53.255
1780221518.6560566,53.255
1780221518.6620932,53.255
1780221518.6681304,53.254
1780221518.6741147,53.255
1780221518.680094,53.255
1780221518.686154,53.255
1780221518.6920092,53.255
1780221518.6981535,53.255
1780221518.7041016,53.255
1780221518.7101262,53.254
1780221518.7161703,53.255
1780221518.722081,53.254
1780221518.727506,53.254
1780221518.732898,53.255
1780221518.7390013,53.254
1780221518.7449102,53.255
1780221518.750911,53.254
1780221518.756976,53.255
1780221518.7628822,53.255
1780221518.7688832,53.254
1780221518.7749743,53.255
1780221518.780824,53.255
1780221518.7864661,53.254
1780221518.7919788,53.255
1780221518.7977784,53.254
1780221518.803689,53.255
1780221518.8092797,53.255
1780221518.814746,53.255
1780221518.8205132,53.254
1780221518.8265297,53.254
1780221518.8325613,53.255
1780221518.8386264,53.255
1780221518.844554,53.254
1780221518.85059,53.254
1780221518.8565748,53.255
1780221518.8625453,53.255
1780221518.8685532,53.255
1780221518.8746583,53.255
1780221518.880528,53.254
1780221518.8866363,53.255
1780221518.8926084,53.254
1780221518.8986466,53.255
1780221518.9045777,53.254
1780221518.9106364,53.255
1780221518.9163857,53.255
1780221518.9225879,53.255
1780221518.9285614,53.255
1780221518.9345362,53.255
1780221518.9404721,53.255
1780221518.946532,53.255
1780221518.952512,53.254
1780221518.9585035,53.255
1780221518.9646866,53.255
1780221518.970547,53.254
1780221518.9761286,53.255
1780221518.9815617,53.255
1780221518.9874084,53.255
1780221518.9933748,53.254
1780221518.998881,53.255
1780221519.0043478,53.255
1780221519.010264,53.255
1780221519.0162969,53.255
1780221519.0222466,53.255
1780221519.0282798,53.255
1780221519.034211,53.255
1780221519.039646,53.255
1780221519.0451999,53.255
1780221519.0509393,53.255
1780221519.0569966,53.254
1780221519.0630293,53.255
1780221519.0690222,53.255
1780221519.0749574,53.255
1780221519.080965,53.255
1780221519.0869672,53.255
1780221519.0930269,53.255
1780221519.099054,53.255
1780221519.1050491,53.255
1780221519.1110857,53.255
1780221519.1170397,53.254
1780221519.1230774,53.255
1780221519.1290972,53.255
1780221519.1350946,53.255
1780221519.1410973,53.255
1780221519.147013,53.255
1780221519.1530302,53.255
1780221519.1590443,53.254
1780221519.16493,53.255
1780221519.170569,53.255
1780221519.176112,53.255
1780221519.1818194,53.255
1780221519.1878037,53.255
1780221519.19336,53.255
1780221519.1989355,53.254
1780221519.204648,53.255
1780221519.2105708,53.255
1780221519.2162085,53.255
1780221519.2218528,53.255
1780221519.2274516,53.255
1780221519.233373,53.255
1780221519.2389815,53.255
1780221519.2443602,53.255
1780221519.250293,53.255
1780221519.256248,53.255
1780221519.262332,53.255
1780221519.268246,53.255
1780221519.273797,53.255
1780221519.2793746,53.255
1780221519.2851005,53.255
1780221519.2910702,53.255
1780221519.2966113,53.255
1780221519.3021767,53.254
1780221519.307915,54.0
1780221519.3138487,53.255
1780221519.319969,53.255
1780221519.3260033,53.255
1780221519.3319001,53.255
1780221519.3378763,53.255
1780221519.3439054,53.254
1780221519.3499596,53.255
1780221519.3559773,53.255
1780221519.3619423,53.255
1780221519.367883,53.255
1780221519.3739266,53.255
1780221519.37987,53.255
1780221519.3859475,53.255
1780221519.3919854,53.255
1780221519.3979473,53.255
1780221519.4037762,53.255
1780221519.4090157,54.017
1780221519.4145792,54.01
1780221519.4198275,54.012
1780221519.4253697,54.009
1780221519.4306018,54.013
1780221519.436191,54.011
1780221519.441443,54.009
1780221519.4469855,54.014
1780221519.4522347,54.008
1780221519.4577508,54.008
1780221519.4630044,54.007
1780221519.4685519,54.009
1780221519.4738011,54.008
1780221519.4794173,54.009
1780221519.4848619,54.013
1780221519.4902005,54.008
1780221519.4954498,54.009
1780221519.5009649,54.009
1780221519.506208,54.009
1780221519.5118337,54.008
1780221519.5172617,54.005
1780221519.522617,54.012
1780221519.527853,54.008
1780221519.533419,54.008
1780221519.5386477,54.009
1780221519.5442207,54.008
1780221519.5494704,54.008
1780221519.5550253,54.01
1780221519.5602863,54.007
1780221519.565836,54.008
1780221519.5710797,54.007
1780221519.576643,54.007
1780221519.5820951,54.007
1780221519.5875762,54.009
1780221519.5929284,54.013
1780221519.5982423,54.006
1780221519.6036756,54.008
1780221519.6089878,54.006
1780221519.6142344,54.008
1780221519.6198552,54.007
1780221519.6251104,54.007
1780221519.6306841,54.013
1780221519.6361694,54.005
1780221519.6415648,54.007
1780221519.646943,54.008
1780221519.6522377,54.007
1780221519.6574996,54.007
1780221519.6630342,54.007
1780221519.668296,54.01
1780221519.6738596,54.007
1780221519.6791081,54.011
1780221519.684673,54.008
1780221519.690119,54.006
1780221519.6954782,54.012
1780221519.7010765,53.254
1780221519.7070863,53.249
1780221519.712804,53.248
1780221519.7183342,53.253
1780221519.724397,53.253
1780221519.729912,53.253
1780221519.7355785,53.253
1780221519.7413673,53.253
1780221519.747207,53.253
1780221519.7531264,53.253
1780221519.7588172,53.253
1780221519.7644808,53.253
1780221519.7700164,53.253
1780221519.7760909,53.253
1780221519.7820766,53.253
1780221519.78805,53.253
1780221519.794045,53.253
1780221519.799976,53.253
1780221519.8055942,53.252
1780221519.8111446,53.253
1780221519.8169358,53.253
1780221519.82289,53.253
1780221519.8289309,53.253
1780221519.834772,53.253
1780221519.840442,53.253
1780221519.8461583,53.252
1780221519.8517702,53.253
1780221519.8576016,53.253
1780221519.8637488,53.253
1780221519.8696613,53.253
1780221519.8755605,53.253
1780221519.881283,53.253
1780221519.8872864,53.253
1780221519.8929026,53.253
1780221519.8986263,53.253
1780221519.9044855,53.253
1780221519.910451,53.253
1780221519.9164538,53.253
1780221519.922476,53.253
1780221519.928615,53.253
1780221519.9346352,53.253
1780221519.9406917,53.253
1780221519.9464839,53.253
1780221519.9525921,53.254
1780221519.9585516,53.253
1780221519.9646173,53.253
1780221519.9705157,53.254
1780221519.9767628,53.253
1780221519.9825368,53.253
1780221519.9885592,53.253
1780221519.9945788,53.254
1780221520.0004609,53.253
1780221520.0066,53.253
1780221520.0124311,53.253
1780221520.0181746,53.253
1780221520.0240357,53.253
1780221520.0297928,53.254
1780221520.0356603,53.254
1780221520.0413504,53.254
1780221520.0473664,53.253
1780221520.0533705,53.253
1780221520.059384,53.253
1780221520.0653732,53.253
1780221520.0713508,53.254
1780221520.0773191,53.254
1780221520.082849,53.253
1780221520.0884073,53.253
1780221520.0941906,53.254
1780221520.1002145,53.253
1780221520.1061718,53.253
1780221520.1122198,53.254
1780221520.1181996,53.254
1780221520.1242104,53.254
1780221520.1301515,53.253
1780221520.1362007,53.254
1780221520.142154,53.254
1780221520.1483035,53.253
1780221520.1541226,53.254
1780221520.1601782,53.254
1780221520.1661694,53.254
1780221520.1721008,53.254
1780221520.1781735,53.254
1780221520.184131,53.254
1780221520.1902702,53.254
1780221520.1963456,53.253
1780221520.2023032,53.254
1780221520.2082016,53.253
1780221520.214307,53.254
1780221520.220238,53.254
1780221520.2262604,53.254
1780221520.232143,53.254
1780221520.2382429,53.254
1780221520.2442422,53.254
1780221520.2501514,53.254
1780221520.2562492,53.254
1780221520.262245,53.254
1780221520.2682495,53.253
1780221520.274286,53.254
1780221520.2801738,53.254
1780221520.2863095,53.254
1780221520.2922158,53.254
1780221520.2977643,53.254
1780221520.303481,53.254
1780221520.3091574,53.254
1780221520.3151283,53.254
1780221520.3210936,53.254
1780221520.3271093,53.254
1780221520.3330767,53.254
1780221520.3390663,53.254
1780221520.3451316,53.254
1780221520.3509624,53.254
1780221520.357152,53.254
1780221520.36309,53.254
1780221520.3690746,53.253
1780221520.375101,53.254
1780221520.380992,53.254
1780221520.3871624,53.254
1780221520.3930566,53.254
1780221520.3990164,53.254
1780221520.4049819,53.254
1780221520.4110513,53.254
1780221520.416952,53.254
1780221520.4226143,53.254
1780221520.4282749,53.254
1780221520.4337814,53.254
1780221520.4399016,53.254
1780221520.4459012,53.254
1780221520.4519544,53.254
1780221520.4579425,53.254
1780221520.4638817,53.254
1780221520.469968,53.253
1780221520.475903,53.254
1780221520.4819212,53.254
1780221520.4879682,53.254
1780221520.4939418,53.254
1780221520.4998517,53.254
1780221520.5059674,53.254
1780221520.511938,53.254
1780221520.5179286,53.254
1780221520.5239234,53.254
1780221520.5298414,53.253
1780221520.5358918,53.254
1780221520.5419717,53.254
1780221520.5479627,53.254
1780221520.553965,53.254
1780221520.5599499,53.254
1780221520.5658908,53.254
1780221520.571928,53.254
1780221520.577858,53.254
1780221520.5834975,53.254
1780221520.5893555,53.254
1780221520.5950785,53.254
1780221520.6008313,53.254
1780221520.6067224,53.254
1780221520.612681,53.254
1780221520.6187606,53.255
1780221520.6248677,53.254
1780221520.6306465,53.254
1780221520.6362717,53.254
1780221520.6418862,53.254
1780221520.647626,53.254
1780221520.65355,53.254
1780221520.6595333,53.254
1780221520.6655407,53.255
1780221520.6716115,53.254
1780221520.677611,53.254
1780221520.683545,53.254
1780221520.6895459,53.254
1780221520.6955872,53.254
1780221520.7015424,53.254
1780221520.7075188,53.254
1780221520.713598,53.254
1780221520.7195046,53.254
1780221520.7255623,53.254
1780221520.7315454,53.254
1780221520.7375581,53.255
1780221520.7435293,53.254
1780221520.7495375,53.254
1780221520.7555444,53.254
1780221520.7615223,53.255
1780221520.7675533,53.254
1780221520.7736533,53.254
1780221520.779572,53.254
1780221520.785153,53.255
1780221520.7908437,53.254
1780221520.796597,53.254
1780221520.8024566,53.255
1780221520.8085024,53.254
1780221520.814446,53.254
1780221520.8204954,53.254
1780221520.8264945,53.255
1780221520.832478,53.254
1780221520.8383923,53.255
1780221520.8444993,53.254
1780221520.850442,53.255
1780221520.8564012,53.254
1780221520.8624864,53.255
1780221520.868407,53.254
1780221520.8745456,53.253
1780221520.8804765,53.255
1780221520.886355,53.255
1780221520.8924992,53.254
1780221520.8984785,53.255
1780221520.90452,53.254
1780221520.9103825,53.254
1780221520.9160304,53.254
1780221520.9216142,53.255
1780221520.9272492,53.254
1780221520.933284,53.254
1780221520.9393034,53.254
1780221520.9452884,53.255
1780221520.9512951,53.254
1780221520.9572644,53.254
1780221520.963272,53.255
1780221520.9693148,53.255
1780221520.9751887,53.254
1780221520.9807842,53.255
1780221520.986285,53.255
1780221520.9921181,53.254
1780221520.998069,53.254
1780221521.0040617,53.255
1780221521.0101154,53.255
1780221521.016051,53.254
1780221521.0215633,53.255
1780221521.027201,53.255
1780221521.0329216,53.255
1780221521.0389588,53.255
1780221521.044889,53.255
1780221521.0508904,53.254
1780221521.056884,53.254
1780221521.0629532,53.255
1780221521.0689144,53.255
1780221521.0749316,53.255
1780221521.0809188,53.255
1780221521.0869184,53.255
1780221521.092925,53.255
1780221521.098923,53.254
1780221521.104858,53.255
1780221521.110922,53.255
1780221521.1169257,53.255
1780221521.1228025,53.255
1780221521.1283872,53.254
1780221521.133867,53.255
1780221521.1396558,53.254
1780221521.145615,53.255
1780221521.1513453,53.255
1780221521.1572764,53.255
1780221521.1630626,53.255
1780221521.1687493,53.255
1780221521.174478,53.255
1780221521.18046,53.254
1780221521.1866188,53.254
1780221521.1925573,53.255
1780221521.1984634,53.255
1780221521.2045205,53.255
1780221521.2105663,53.255
1780221521.2165077,53.255
1780221521.2224762,53.254
1780221521.2284608,53.255
1780221521.2345533,53.255
1780221521.2406,53.254
1780221521.246538,53.255
1780221521.2520144,53.255
1780221521.257559,53.255
1780221521.2634063,53.255
1780221521.2693617,53.255
1780221521.2752655,53.255
1780221521.2809536,53.254
1780221521.286548,53.255
1780221521.2921674,53.254
1780221521.298232,53.255
1780221521.3042595,53.255
1780221521.3103037,53.255
1780221521.316149,53.255
1780221521.3222213,53.254
1780221521.3282924,53.255
1780221521.334099,53.255
1780221521.3397005,53.255
1780221521.3453686,53.255
1780221521.3510711,53.255
1780221521.3571212,53.255
1780221521.3630228,53.254
1780221521.369053,53.255
1780221521.374949,53.255
1780221521.3809812,53.255
1780221521.3868933,53.255
1780221521.3930192,53.255
1780221521.3990026,53.255
1780221521.404983,53.255
1780221521.4110258,53.255
1780221521.4169347,53.255
1780221521.4230952,53.254
1780221521.429089,53.255
1780221521.4349463,53.255
1780221521.4409497,53.255
1780221521.4471142,53.255
1780221521.4530294,53.255
1780221521.459044,53.255
1780221521.465053,53.254
1780221521.4710689,53.255
1780221521.4770355,53.255
1780221521.48311,53.255
1780221521.4889894,53.255
1780221521.4951115,53.255
1780221521.5010164,53.255
1780221521.507099,53.255
1780221521.5131273,53.255
1780221521.5189626,53.255
1780221521.525028,53.254
1780221521.5310607,53.255
1780221521.5370352,53.255
1780221521.5425994,53.255
1780221521.5481818,53.255
1780221521.5539618,53.255
1780221521.5597742,53.255
1780221521.5658894,53.254
1780221521.5718899,53.255
1780221521.5778635,54.0
1780221521.583941,53.255
1780221521.5898883,53.255
1780221521.5953453,53.255
1780221521.6009722,53.255
1780221521.6066966,53.254
1780221521.6126862,53.255
1780221521.6186733,53.255
1780221521.6246922,53.255
1780221521.6307037,53.255
1780221521.6367667,53.255
1780221521.6427126,53.255
1780221521.6486921,53.255
1780221521.6547139,53.255
1780221521.6607485,53.255
1780221521.6667275,53.255
1780221521.672633,53.255
1780221521.678764,53.255
1780221521.6847312,53.255
1780221521.6907272,53.255
1780221521.6966689,53.255
1780221521.7026536,53.255
1780221521.7087116,53.254
1780221521.7147522,53.255
1780221521.720646,53.255
1780221521.7267582,53.255
1780221521.7327516,53.255
1780221521.7387397,53.255
1780221521.7447226,53.255
1780221521.750829,53.255
1780221521.756926,53.255
1780221521.762674,53.255
1780221521.768674,53.255
1780221521.7746243,54.0
1780221521.7802467,53.255
1780221521.7859106,53.255
1780221521.791504,53.255
1780221521.7976203,53.255
1780221521.8035564,53.255
1780221521.8095136,53.255
1780221521.8154814,53.255
1780221521.821536,53.255
1780221521.827089,53.255
1780221521.8326778,53.255
1780221521.8383875,54.0
1780221521.8443604,53.255
1780221521.8503618,53.255
1780221521.85636,53.255
1780221521.8623407,53.255
1780221521.868486,53.255
1780221521.8743703,53.255
1780221521.8803382,53.255
1780221521.8864846,53.255
1780221521.8923137,53.255
1780221521.8979013,54.0
1780221521.9033992,53.255
1780221521.9092546,53.255
1780221521.9152856,53.255
1780221521.9212291,54.0
1780221521.9272506,53.255
1780221521.9331708,53.255
1780221521.9387062,53.255
1780221521.9442563,53.255
1780221521.9499562,53.255
1780221521.9559288,53.255
1780221521.9620867,53.255
1780221521.9679997,53.255
1780221521.9739745,53.255
1780221521.9799879,54.0
1780221521.9859917,53.255
1780221521.9919848,53.255
1780221521.9980428,53.255
1780221522.0040467,54.0
1780221522.0099766,54.0
1780221522.0160546,53.254
1780221522.022078,54.0
1780221522.028053,53.255
1780221522.034038,54.0
1780221522.0400586,53.255
1780221522.0460248,53.255
1780221522.0519652,53.255
1780221522.0580018,53.255
1780221522.0640004,53.255
1780221522.0700417,53.255
1780221522.0760856,53.255
1780221522.0820582,53.255
1780221522.0880792,53.255
1780221522.0940602,53.255
1780221522.0995407,53.254
1780221522.1051397,53.255
1780221522.1108286,53.255
1780221522.117052,53.255
1780221522.1226742,54.0
1780221522.1283708,54.0
1780221522.1339653,53.255
1780221522.1396475,53.255
1780221522.14577,53.255
1780221522.1516953,53.255
1780221522.1576471,53.255
1780221522.1636388,54.0
1780221522.1692216,53.255
1780221522.174874,53.255
1780221522.1805487,53.255
1780221522.1864567,53.255
1780221522.1924174,53.255
1780221522.198072,54.0
1780221522.2040474,53.255
1780221522.2099838,53.255
1780221522.2154553,53.255
1780221522.2211778,53.254
1780221522.2273424,54.0
1780221522.233239,53.255
1780221522.2393177,53.255
1780221522.2453814,54.0
1780221522.2512856,53.255
1780221522.257248,53.255
1780221522.2632709,53.255
1780221522.2693982,53.255
1780221522.27525,54.0
1780221522.2812877,53.255
1780221522.2872064,54.019
1780221522.2926269,54.01
1780221522.2981453,54.014
1780221522.3034346,54.009
1780221522.308749,54.011
1780221522.314004,54.011
1780221522.319561,54.009
1780221522.3248131,54.014
1780221522.3303633,54.008
1780221522.3356104,54.008
1780221522.341121,54.008
1780221522.346361,54.009
1780221522.3519783,54.009
1780221522.35722,54.01
1780221522.3627756,54.014
1780221522.3680224,54.009
1780221522.3735738,54.009
1780221522.3788345,54.009
1780221522.384375,54.009
1780221522.3896313,54.008
1780221522.395189,54.005
1780221522.40062,54.009
1780221522.4060068,54.009
1780221522.4114325,54.008
1780221522.4167948,54.008
1780221522.4220252,54.008
1780221522.4276037,54.008
1780221522.432839,54.012
1780221522.4384148,54.008
1780221522.443651,54.008
1780221522.449214,54.007
1780221522.4544816,54.008
1780221522.4600043,54.009
1780221522.4652483,54.009
1780221522.4707716,54.012
1780221522.4760208,54.007
1780221522.4815648,54.007
1780221522.4868252,54.007
1780221522.4924266,54.007
1780221522.4978738,54.008
1780221522.503231,54.008
1780221522.508695,54.01
1780221522.51403,54.006
1780221522.5192804,54.008
1780221522.5247786,54.008
1780221522.5300133,54.008
1780221522.535591,54.007
1780221522.5408418,54.01
1780221522.546446,54.01
1780221522.5518875,54.007
1780221522.5572317,54.011
1780221522.5624862,54.006
1780221522.5680752,54.005
1780221522.5735364,54.011
1780221522.5789843,53.25
1780221522.5850785,53.249
1780221522.5910995,53.252
1780221522.5969775,53.253
1780221522.6026018,53.252
1780221522.608165,53.253
1780221522.6139164,53.253
1780221522.6197677,53.253
1780221522.6258187,53.253
1780221522.6317773,53.253
1780221522.637379,53.253
1780221522.643264,53.252
1780221522.64886,53.253
1780221522.6546502,53.253
1780221522.6607313,53.253
1780221522.6666503,53.253
1780221522.6726177,53.253
1780221522.678643,53.253
1780221522.6847157,53.253
1780221522.6907701,53.253
1780221522.6965148,53.253
1780221522.702153,53.253
1780221522.7078142,53.253
1780221522.7134948,53.253
1780221522.7194197,53.253
1780221522.725478,53.253
1780221522.7313457,53.254
1780221522.7370565,53.253
1780221522.7426596,53.252
1780221522.7482865,53.253
1780221522.7542565,53.254
1780221522.7603326,53.253
1780221522.7662568,53.253
1780221522.7721875,53.253
1780221522.7782164,53.253
1780221522.7842715,53.253
1780221522.7903647,53.254
1780221522.7962248,53.253
1780221522.8022022,53.253
1780221522.8076997,53.254
1780221522.8132567,53.253
1780221522.8190997,53.253
1780221522.825197,53.253
1780221522.8311388,53.253
1780221522.8369684,53.253
1780221522.8430436,53.253
1780221522.849199,53.254
1780221522.8551393,53.253
1780221522.8611603,53.254
1780221522.8671112,53.254
1780221522.8731475,53.254
1780221522.8791788,53.254
1780221522.8851404,53.253
1780221522.8911266,53.253
1780221522.8971581,53.254
1780221522.903133,53.253
1780221522.9092243,53.254
1780221522.9150298,53.254
1780221522.9206092,53.254
1780221522.9261432,53.253
1780221522.931967,53.254
1780221522.9379272,53.254
1780221522.9440637,53.253
1780221522.9499137,53.254
1780221522.9554527,53.254
1780221522.9611397,53.254
1780221522.966771,53.254
1780221522.9728293,53.254
1780221522.9787767,53.254
1780221522.9847856,53.253
1780221522.990721,53.254
1780221522.9967854,53.254
1780221523.002698,53.254
1780221523.0087125,53.254
1780221523.0147588,53.254
1780221523.0207663,53.254
1780221523.0267277,53.254
1780221523.0327106,53.254
1780221523.0387115,53.253
1780221523.0447662,53.253
1780221523.0507314,53.254
1780221523.0566363,53.254
1780221523.0623653,53.254
1780221523.0683537,53.254
1780221523.07391,53.254
1780221523.0796251,53.254
1780221523.0855474,53.253
1780221523.0910964,53.254
1780221523.096768,53.254
1780221523.1023974,53.254
1780221523.1084309,53.254
1780221523.1144137,53.254
1780221523.120383,53.254
1780221523.1263173,53.253
1780221523.1323888,53.254
1780221523.138427,53.254
1780221523.1443899,53.253
1780221523.1503758,53.254
1780221523.1564686,53.254
1780221523.162366,53.254
1780221523.1684403,53.254
1780221523.1744494,53.254
1780221523.1804037,53.254
1780221523.1864243,53.253
1780221523.1924016,53.254
1780221523.1978886,53.254
1780221523.203661,53.254
1780221523.209504,53.254
1780221523.215291,53.254
1780221523.2212687,53.254
1780221523.2272713,53.254
1780221523.2332613,53.254
1780221523.2392771,53.254
1780221523.24526,53.253
1780221523.2512925,53.254
1780221523.2572603,53.254
1780221523.2631357,53.254
1780221523.269239,53.254
1780221523.275203,53.254
1780221523.281296,53.254
1780221523.287211,53.253
1780221523.2931597,53.254
1780221523.29925,53.254
1780221523.3052711,53.254
1780221523.3112159,53.254
1780221523.3171766,53.254
1780221523.3232222,53.254
1780221523.3292015,53.254
1780221523.3352678,53.254
1780221523.34117,53.254
1780221523.347332,53.254
1780221523.3532848,53.254
1780221523.3592181,53.254
1780221523.3652372,53.254
1780221523.3712358,53.254
1780221523.3773377,53.254
1780221523.383275,53.254
1780221523.3892682,53.254
1780221523.395303,53.254
1780221523.4013517,53.254
1780221523.4073696,53.254
1780221523.4133449,53.255
1780221523.4193833,53.254
1780221523.4253154,53.254
1780221523.4313455,53.254
1780221523.43736,53.254
1780221523.443367,53.254
1780221523.449274,53.254
1780221523.4553373,53.254
1780221523.4613824,53.254
1780221523.4672523,53.254
1780221523.4728224,53.255
1780221523.4783175,53.254
1780221523.48409,53.254
1780221523.4901347,53.254
1780221523.4960403,53.254
1780221523.5015726,53.254
1780221523.5072942,53.254
1780221523.5128822,53.254
1780221523.518997,53.255
1780221523.5249183,53.254
1780221523.53089,53.255
1780221523.5369766,53.254
1780221523.5429494,53.255
1780221523.5489202,53.254
1780221523.5550616,53.254
1780221523.56101,53.255
1780221523.5669527,53.254
1780221523.5730293,53.254
1780221523.5790076,53.255
1780221523.5849373,53.254
1780221523.5908775,53.254
1780221523.5969949,53.255
1780221523.6030533,53.254
1780221523.6088836,53.254
1780221523.6144364,53.254
1780221523.6199281,53.254
1780221523.6257482,53.254
1780221523.631791,53.254
1780221523.6377366,53.254
1780221523.6432784,53.254
1780221523.6488888,53.254
1780221523.6545155,53.255
1780221523.6606846,53.254
1780221523.6666043,53.254
1780221523.6726775,53.255
1780221523.678675,53.254
1780221523.684572,53.254
1780221523.6905248,53.254
1780221523.696676,53.254
1780221523.7025354,53.254
1780221523.7085218,53.254
1780221523.7146626,53.254
1780221523.7206545,53.254
1780221523.7265646,53.254
1780221523.7323012,53.254
1780221523.7381253,53.255
1780221523.7437823,53.255
1780221523.749361,53.254
1780221523.7554264,53.255
1780221523.7614431,53.255
1780221523.767494,53.254
1780221523.7735636,53.254
1780221523.7793727,53.254
1780221523.7854407,53.255
1780221523.791333,53.254
1780221523.79693,53.255
1780221523.8023896,53.255
1780221523.8082154,53.255
1780221523.8142593,53.255
1780221523.8201737,53.254
1780221523.82619,53.255
1780221523.8322217,53.254
1780221523.838265,53.255
1780221523.844152,53.255
1780221523.8503,53.254
1780221523.8562934,53.255
1780221523.8621619,53.255
1780221523.8682723,53.255
1780221523.8742535,53.254
1780221523.879694,53.255
1780221523.8853076,53.254
1780221523.8909774,53.255
1780221523.8971438,53.254
1780221523.9030209,53.255
1780221523.909,53.254
1780221523.9151196,53.254
1780221523.921012,53.255
1780221523.9270098,53.255
1780221523.932617,53.254
1780221523.9382885,53.255
1780221523.9439242,53.255
1780221523.9499393,53.255
1780221523.955811,53.254
1780221523.9619546,53.255
1780221523.9678094,53.255
1780221523.9738462,53.255
1780221523.979333,53.255
1780221523.9849489,53.255
1780221523.9908385,53.255
1780221523.996758,53.254
1780221524.0026789,53.255
1780221524.00885,53.254
1780221524.0146759,53.255
1780221524.0202055,53.255
1780221524.0257423,53.255
1780221524.0314605,53.255
1780221524.0375035,53.254
1780221524.043058,53.255
1780221524.0488057,53.255
1780221524.0543902,53.255
1780221524.060184,53.255
1780221524.0664408,53.255
1780221524.072249,53.254
1780221524.078402,53.255
1780221524.0843272,53.255
1780221524.09024,53.255
1780221524.096319,53.254
1780221524.1023495,53.255
1780221524.108288,53.255
1780221524.1138568,53.255
1780221524.1194022,53.255
1780221524.1251938,53.255
1780221524.131124,53.255
1780221524.137116,53.254
1780221524.1432326,53.255
1780221524.1490412,53.255
1780221524.154682,53.255
1780221524.1602137,53.255
1780221524.165959,53.255
1780221524.1720765,53.255
1780221524.1779444,53.254
1780221524.1840084,53.255
1780221524.1898882,53.255
1780221524.1958725,53.255
1780221524.202035,53.255
1780221524.2079144,53.255
1780221524.213876,53.255
1780221524.2195601,53.254
1780221524.225144,53.255
1780221524.2308285,53.255
1780221524.236845,53.255
1780221524.2427921,53.255
1780221524.24888,53.255
1780221524.2548366,53.255
1780221524.2608187,53.255
1780221524.2667375,53.255
1780221524.2728386,53.255
1780221524.2787673,53.255
1780221524.2847445,53.255
1780221524.2903378,53.255
1780221524.2960324,53.255
1780221524.3016493,53.254
1780221524.3076737,53.255
1780221524.3135097,53.255
1780221524.3191724,53.255
1780221524.3250003,53.255
1780221524.3306754,53.255
1780221524.3363822,53.255
1780221524.342389,53.255
1780221524.3485065,53.255
1780221524.3543918,53.255
1780221524.3603778,53.255
1780221524.3663683,53.255
1780221524.3723629,53.255
1780221524.3783982,53.255
1780221524.3844023,53.254
1780221524.389956,53.255
1780221524.3956416,53.255
1780221524.4012308,53.255
1780221524.4072127,53.255
1780221524.4132051,53.255
1780221524.41918,53.255
1780221524.425336,53.255
1780221524.4311574,53.255
1780221524.4367435,53.255
1780221524.4423358,53.255
1780221524.447979,53.255
1780221524.454044,54.0
1780221524.4600096,53.255
1780221524.4659853,53.255
1780221524.4721518,53.255
1780221524.47798,53.255
1780221524.4840105,53.254
1780221524.4900386,53.255
1780221524.4960518,53.255
1780221524.5021067,53.255
1780221524.50818,53.255
1780221524.5140758,53.255
1780221524.5201185,53.255
1780221524.525998,53.255
1780221524.5321264,53.255
1780221524.538022,53.255
1780221524.544021,53.255
1780221524.549588,54.0
1780221524.5551329,54.0
1780221524.5608165,53.255
1780221524.5668395,53.254
1780221524.5729601,53.255
1780221524.5788956,53.255
1780221524.5848322,53.255
1780221524.590815,53.255
1780221524.5968332,53.255
1780221524.602864,53.255
1780221524.6088943,53.255
1780221524.6148822,53.255
1780221524.6209185,53.255
1780221524.6268682,53.255
1780221524.6330106,53.255
1780221524.6389117,54.0
1780221524.644962,53.255
1780221524.6509423,53.255
1780221524.6569877,53.255
1780221524.662948,53.255
1780221524.6689193,53.255
1780221524.6748703,54.0
1780221524.6808646,53.255
1780221524.6864371,53.255
1780221524.692147,54.0
1780221524.697809,53.255
1780221524.7037284,53.255
1780221524.7097318,53.255
1780221524.7157385,53.255
1780221524.7216935,53.255
1780221524.72775,53.255
1780221524.7337408,54.0
1780221524.7397997,53.255
1780221524.7457857,53.255
1780221524.751727,53.255
1780221524.7578208,53.255
1780221524.7638388,53.255
1780221524.7697668,53.255
1780221524.7758133,53.255
1780221524.7817695,54.0
1780221524.7877502,53.255
1780221524.7937138,53.255
1780221524.7997344,53.255
1780221524.805302,53.255
1780221524.81091,53.254
1780221524.8166096,54.0
1780221524.8224723,53.255
1780221524.8281043,53.255
1780221524.8336473,53.255
1780221524.839383,53.255
1780221524.845335,53.255
1780221524.8513327,53.254
1780221524.8574593,53.255
1780221524.8633392,54.0
1780221524.8693984,53.255
1780221524.875399,53.255
1780221524.881467,54.0
1780221524.8873744,53.255
1780221524.8933392,53.254
1780221524.8994033,53.255
1780221524.905316,54.0
1780221524.9113839,53.255
1780221524.9173741,53.255
1780221524.9228916,54.0
1780221524.9285176,54.0
1780221524.9341333,53.254
1780221524.9401212,54.0
1780221524.945708,53.255
1780221524.9512138,54.0
1780221524.9569554,53.255
1780221524.9629602,53.255
1780221524.9689996,53.255
1780221524.975022,53.255
1780221524.980563,54.0
1780221524.9860375,54.0
1780221524.9918222,53.255
1780221524.997895,53.255
1780221525.003826,53.255
1780221525.0097458,54.0
1780221525.0159295,53.254
1780221525.0218983,53.255
1780221525.027877,53.255
1780221525.0338328,54.0
1780221525.0398424,54.0
1780221525.04584,53.255
1780221525.05187,53.255
1780221525.0578644,53.255
1780221525.0638776,54.0
1780221525.069871,53.255
1780221525.0759337,54.0
1780221525.081672,54.0
1780221525.0879474,54.0
1780221525.093764,53.255
1780221525.0998108,53.255
1780221525.105824,53.255
1780221525.1118956,53.255
1780221525.1178722,53.254
1780221525.1238692,54.0
1780221525.1299133,53.255
1780221525.1358688,54.0
1780221525.141408,53.255
1780221525.1469412,54.0
1780221525.1527436,53.255
1780221525.1586607,54.0
1780221525.1640477,54.018
1780221525.16931,54.011
1780221525.1745858,54.014
1780221525.180066,54.008
1780221525.185303,54.012
1780221525.1909463,54.012
1780221525.1963806,54.009
1780221525.2017374,54.013
1780221525.2069855,54.008
1780221525.2125397,54.009
1780221525.2177913,54.008
1780221525.2233412,54.01
1780221525.2285898,54.009
1780221525.2341452,54.009
1780221525.239412,54.014
1780221525.2449465,54.008
1780221525.2501988,54.009
1780221525.2557657,54.008
1780221525.261002,54.009
1780221525.2665677,54.008
1780221525.2720134,54.01
1780221525.2773578,54.012
1780221525.2825832,54.008
1780221525.2881644,54.008
1780221525.2933986,54.009
1780221525.2989376,54.008
1780221525.304186,54.008
1780221525.3097854,54.011
1780221525.3152254,54.007
1780221525.320596,54.008
1780221525.326025,54.007
1780221525.3313901,54.008
1780221525.3366408,54.009
1780221525.3421915,54.008
1780221525.3474488,54.013
1780221525.3530068,54.007
1780221525.3584473,54.008
1780221525.363758,54.007
1780221525.3689954,54.008
1780221525.3745584,54.008
1780221525.3798134,54.007
1780221525.385413,54.012
1780221525.390848,54.007
1780221525.3961945,54.008
1780221525.4014525,54.008
1780221525.406994,54.007
1780221525.412267,54.008
1780221525.4177988,54.009
1780221525.4230552,54.009
1780221525.4286075,54.007
1780221525.433862,54.012
1780221525.4394205,54.007
1780221525.4446836,54.006
1780221525.4502323,54.011
1780221525.455676,53.25
1780221525.4612465,53.248
1780221525.4673047,53.249
1780221525.4732733,53.254
1780221525.4792678,53.252
1780221525.485246,53.253
1780221525.4911776,53.253
1780221525.4973173,53.253
1780221525.5031905,53.253
1780221525.5091712,53.253
1780221525.5151825,53.253
1780221525.5212812,53.253
1780221525.5273361,53.253
1780221525.5333138,53.253
1780221525.5392423,53.252
1780221525.5452552,53.253
1780221525.5511868,53.253
1780221525.5573585,53.253
1780221525.5632205,53.253
1780221525.5691435,53.253
1780221525.5747666,53.253
1780221525.5804837,53.253
1780221525.5861773,53.253
1780221525.5920637,53.253
1780221525.59802,53.253
1780221525.6042855,53.253
1780221525.6100137,53.253
1780221525.6155198,53.253
1780221525.6211116,53.253
1780221525.6268516,53.253
1780221525.6329355,53.253
1780221525.6387682,53.253
1780221525.6447706,53.253
1780221525.6508245,53.254
1780221525.656883,53.253
1780221525.6628745,53.253
1780221525.6689832,53.253
1780221525.6748252,53.254
1780221525.680878,53.253
1780221525.686865,53.254
1780221525.6929426,53.253
1780221525.6988175,53.254
1780221525.7043676,53.253
1780221525.7099833,53.254
1780221525.7156363,53.254
1780221525.7212617,53.253
1780221525.7268252,53.254
1780221525.7325675,53.253
1780221525.7385235,53.253
1780221525.7445047,53.254
1780221525.7504227,53.253
1780221525.7564476,53.253
1780221525.762564,53.253
1780221525.768643,53.253
1780221525.7745879,53.254
1780221525.7804363,53.253
1780221525.7865677,53.254
1780221525.7925735,53.254
1780221525.7985857,53.254
1780221525.804423,53.254
1780221525.8105514,53.253
1780221525.816562,53.253
1780221525.8225713,53.253
1780221525.8285666,53.254
1780221525.8344758,53.254
1780221525.8406003,53.253
1780221525.8465645,53.254
1780221525.8524463,53.253
1780221525.8580358,53.254
1780221525.863816,53.254
1780221525.8695314,53.253
1780221525.8753858,53.254
1780221525.8813567,53.253
1780221525.8873026,53.253
1780221525.8933837,53.254
1780221525.8993814,53.254
1780221525.905265,53.254
1780221525.9113457,53.254
1780221525.917352,53.254
1780221525.9233658,53.254
1780221525.9293346,53.254
1780221525.9352458,53.254
1780221525.941385,53.253
1780221525.9474018,53.254
1780221525.9532862,53.254
1780221525.9592955,53.254
1780221525.9653435,53.254
1780221525.9713738,53.254
1780221525.977344,53.254
1780221525.9833524,53.254
1780221525.9894068,53.254
1780221525.995379,53.254
1780221526.0013611,53.254
1780221526.0073879,53.254
1780221526.0133615,53.254
1780221526.0194013,53.254
1780221526.025374,53.254
1780221526.0313687,53.254
1780221526.037376,53.254
1780221526.0433621,53.254
1780221526.049375,53.254
1780221526.0553677,53.254
1780221526.06084,53.254
1780221526.0662525,53.254
1780221526.072287,53.254
1780221526.0782588,53.254
1780221526.0841148,53.254
1780221526.0902495,53.254
1780221526.0962732,53.254
1780221526.1022584,53.253
1780221526.1081948,53.254
1780221526.1142077,53.254
1780221526.1202457,53.254
1780221526.1262665,53.254
1780221526.1321838,53.254
1780221526.138294,53.254
1780221526.144252,53.254
1780221526.1501787,53.254
1780221526.1561959,53.254
1780221526.162278,53.253
1780221526.1681316,53.254
1780221526.1742105,53.254
1780221526.1802473,53.254
1780221526.1862023,53.254
1780221526.1921175,53.254
1780221526.1978002,53.254
1780221526.2038033,53.253
1780221526.2093847,53.254
1780221526.2150629,53.254
1780221526.2210422,53.254
1780221526.2271533,53.254
1780221526.2330577,53.254
1780221526.2391138,53.254
1780221526.2451222,53.254
1780221526.2510965,53.254
1780221526.2571142,53.254
1780221526.2630432,53.253
1780221526.269068,53.254
1780221526.2750676,53.254
1780221526.2810912,53.254
1780221526.2870603,53.254
1780221526.2931097,53.254
1780221526.2990422,53.254
1780221526.305061,53.254
1780221526.311041,53.254
1780221526.3166037,53.254
1780221526.322347,53.254
1780221526.3281271,53.254
1780221526.3339531,53.254
1780221526.3398552,53.254
1780221526.3458192,53.254
1780221526.351956,53.254
1780221526.3579376,53.254
1780221526.3638406,53.254
1780221526.369362,53.254
1780221526.3748393,53.254
1780221526.3806608,53.254
1780221526.386807,53.254
1780221526.3926647,53.254
1780221526.3982112,53.254
1780221526.4038963,53.254
1780221526.4093778,53.254
1780221526.4155707,53.255
1780221526.4215386,53.254
1780221526.4274063,53.254
1780221526.433574,53.255
1780221526.4395273,53.254
1780221526.4455366,53.254
1780221526.4515574,53.255
1780221526.45749,53.254
1780221526.463605,53.254
1780221526.4696212,53.255
1780221526.4755373,53.254
1780221526.4815674,53.254
1780221526.4875858,53.254
1780221526.4935265,53.254
1780221526.499605,53.255
1780221526.5055432,53.254
1780221526.511025,53.255
1780221526.5166328,53.255
1780221526.5223756,53.254
1780221526.528376,53.255
1780221526.534358,53.255
1780221526.5403433,53.254
1780221526.5463746,53.254
1780221526.5523815,53.254
1780221526.5583284,53.254
1780221526.5638697,53.254
1780221526.5693986,53.255
1780221526.5752351,53.254
1780221526.5812612,53.255
1780221526.5871494,53.254
1780221526.593244,53.255
1780221526.5992687,53.255
1780221526.6051843,53.254
1780221526.6112292,53.255
1780221526.617289,53.254
1780221526.6231585,53.255
1780221526.6291642,53.254
1780221526.635256,53.255
1780221526.6411605,53.254
1780221526.6471398,53.255
1780221526.6526897,53.255
1780221526.658231,53.255
1780221526.6640735,53.254
1780221526.6701407,53.254
1780221526.6759844,53.255
1780221526.682081,53.254
1780221526.6879416,53.254
1780221526.694026,53.255
1780221526.700027,53.255
1780221526.705993,53.254
1780221526.7120323,53.255
1780221526.7180884,53.254
1780221526.724088,53.255
1780221526.730037,53.254
1780221526.7361226,53.255
1780221526.7420707,53.255
1780221526.7481086,53.255
1780221526.753958,53.255
1780221526.760094,53.254
1780221526.766053,53.254
1780221526.772034,53.255
1780221526.7781038,53.255
1780221526.7839794,53.254
1780221526.790217,53.254
1780221526.7961037,53.255
1780221526.8019962,53.255
1780221526.8079624,53.255
1780221526.8141105,53.255
1780221526.8201184,53.255
1780221526.8260162,53.254
1780221526.8316102,53.254
1780221526.837258,53.255
1780221526.8429146,53.255
1780221526.8488836,53.255
1780221526.8549201,53.255
1780221526.8609164,53.255
1780221526.8669267,53.255
1780221526.8728514,53.254
1780221526.8789487,53.255
1780221526.884827,53.255
1780221526.890846,53.255
1780221526.896315,53.255
1780221526.9018438,53.255
1780221526.907694,53.254
1780221526.9137416,53.254
1780221526.919691,53.255
1780221526.9257228,53.255
1780221526.9316392,53.255
1780221526.9372144,53.255
1780221526.9426806,53.255
1780221526.9484947,53.254
1780221526.954528,53.255
1780221526.9605157,53.255
1780221526.9665143,53.255
1780221526.9725075,53.254
1780221526.9784336,53.255
1780221526.9845514,53.255
1780221526.990451,53.255
1780221526.9965012,53.255
1780221527.0025272,53.255
1780221527.0085664,53.255
1780221527.014653,53.254
1780221527.020589,53.255
1780221527.0266678,53.255
1780221527.032411,53.255
1780221527.0383742,53.255
1780221527.0440242,53.255
1780221527.0496516,53.255
1780221527.055399,53.254
1780221527.0613928,53.254
1780221527.067368,53.255
1780221527.0733697,53.255
1780221527.079303,53.255
1780221527.0853894,53.255
1780221527.0913684,53.255
1780221527.0973535,53.255
1780221527.1034286,53.255
1780221527.1092901,53.255
1780221527.114774,53.255
1780221527.1201909,53.255
1780221527.1261904,53.255
1780221527.1321242,53.255
1780221527.1381547,53.255
1780221527.1442251,53.255
1780221527.1502712,53.255
1780221527.1561074,53.254
1780221527.1621985,53.255
1780221527.1681287,53.255
1780221527.1741037,53.255
1780221527.1802888,53.255
1780221527.1861105,54.0
1780221527.1917279,53.255
1780221527.197724,53.254
1780221527.2033548,54.0
1780221527.2090805,53.255
1780221527.2150106,53.255
1780221527.2210407,53.255
1780221527.227073,53.255
1780221527.2330108,53.255
1780221527.2390268,53.254
1780221527.244939,53.255
1780221527.250925,53.255
1780221527.2569747,53.255
1780221527.2629833,53.255
1780221527.2689602,53.255
1780221527.2744935,53.255
1780221527.2800896,53.254
1780221527.2859032,53.255
1780221527.291813,53.255
1780221527.2977662,53.255
1780221527.3032532,53.255
1780221527.3089275,53.255
1780221527.314598,53.255
1780221527.3206098,53.254
1780221527.326679,53.255
1780221527.332638,53.255
1780221527.3385773,53.255
1780221527.3440945,53.255
1780221527.3497322,53.255
1780221527.3553896,53.255
1780221527.36139,53.255
1780221527.3675032,53.255
1780221527.3734546,53.255
1780221527.3793814,53.255
1780221527.3849454,53.255
1780221527.39054,53.255
1780221527.396181,53.255
1780221527.4022226,53.254
1780221527.4083166,53.255
1780221527.414258,53.255
1780221527.4202175,53.255
1780221527.4256935,53.255
1780221527.4313622,53.255
1780221527.4370055,53.255
1780221527.44305,53.255
1780221527.4491339,53.255
1780221527.4550753,53.255
1780221527.4610803,53.255
1780221527.4670258,54.0
1780221527.4730477,53.255
1780221527.4791172,53.255
1780221527.4850435,53.255
1780221527.4911802,53.255
1780221527.4971235,53.255
1780221527.5030797,53.255
1780221527.5090964,53.255
1780221527.5150988,53.255
1780221527.5211136,53.255
1780221527.5271497,53.255
1780221527.5331175,54.0
1780221527.5390537,53.255
1780221527.5447202,53.255
1780221527.5502648,54.0
1780221527.5559535,53.255
1780221527.5619452,53.255
1780221527.5679755,53.255
1780221527.5738635,53.255
1780221527.579869,53.255
1780221527.5854638,53.254
1780221527.5910876,53.255
1780221527.5967255,53.255
1780221527.6027884,54.0
1780221527.6088006,53.255
1780221527.6147559,54.0
1780221527.6207407,53.255
1780221527.626816,53.255
1780221527.6327405,53.255
1780221527.638186,53.255
1780221527.6438215,54.0
1780221527.6496277,53.255
1780221527.655551,53.255
1780221527.6615412,53.255
1780221527.6675298,53.255
1780221527.6735015,53.255
1780221527.6790738,53.255
1780221527.6846287,53.255
1780221527.6902843,53.255
1780221527.6962943,53.255
1780221527.7018502,53.255
1780221527.707436,53.254
1780221527.7132018,54.0
1780221527.719046,53.255
1780221527.7246573,53.255
1780221527.7302308,53.255
1780221527.7360222,54.0
1780221527.7419686,53.255
1780221527.747385,53.255
1780221527.7528267,54.0
1780221527.7588115,53.255
1780221527.7647545,54.0
1780221527.7707546,53.255
1780221527.776859,53.255
1780221527.7827125,53.255
1780221527.788716,53.254
1780221527.794813,53.255
1780221527.800801,54.0
1780221527.8067071,53.255
1780221527.8128026,53.255
1780221527.818839,54.0
1780221527.8247864,53.255
1780221527.830732,53.255
1780221527.8367038,54.0
1780221527.8427162,53.255
1780221527.8487945,53.255
1780221527.8547873,54.0
1780221527.8602803,53.255
1780221527.865882,53.255
1780221527.8715572,53.255
1780221527.8775952,54.0
1780221527.883084,54.0
1780221527.8886347,53.255
1780221527.8944585,53.255
1780221527.9004638,54.0
1780221527.9063559,53.255
1780221527.9124827,53.255
1780221527.9184053,54.0
1780221527.92448,53.255
1780221527.9305363,53.255
1780221527.936451,54.0
1780221527.9425042,53.255
1780221527.9484158,53.255
1780221527.9540179,53.255
1780221527.9595654,54.0
1780221527.9652796,54.0
1780221527.9713342,53.255
1780221527.9772668,54.0
1780221527.983209,54.0
1780221527.9892113,53.255
1780221527.995217,53.255
1780221528.0011697,54.0
1780221528.006738,54.0
1780221528.0123148,53.255
1780221528.018039,53.255
1780221528.0235183,53.255
1780221528.0291674,53.255
1780221528.0347478,53.255
1780221528.0401683,54.019
1780221528.045494,54.011
1780221528.050754,54.013
1780221528.0562956,54.009
1780221528.0615287,54.013
1780221528.0671167,54.011
1780221528.0723674,54.009
1780221528.07792,54.014
1780221528.083169,54.008
1780221528.0886853,54.009
1780221528.0939386,54.008
1780221528.0995176,54.009
1780221528.1047697,54.009
1780221528.1103358,54.009
1780221528.115784,54.013
1780221528.1211362,54.008
1780221528.1263814,54.009
1780221528.1319356,54.009
1780221528.1371813,54.009
1780221528.1427655,54.008
1780221528.148189,54.011
1780221528.153553,54.011
1780221528.1587894,54.009
1780221528.1643035,54.009
1780221528.1695347,54.009
1780221528.175155,54.008
1780221528.1805985,54.008
1780221528.185922,54.012
1780221528.1911786,54.007
1780221528.1967683,54.008
1780221528.2020097,54.007
1780221528.2075555,54.009
1780221528.2128043,54.008
1780221528.2184355,54.008
1780221528.2238617,54.013
1780221528.2291732,54.007
1780221528.2344203,54.008
1780221528.239928,54.007
1780221528.2451706,54.008
1780221528.2507467,54.007
1780221528.2560003,54.008
1780221528.2615397,54.011
1780221528.266791,54.007
1780221528.2723596,54.007
1780221528.2776122,54.008
1780221528.2831852,54.008
1780221528.28844,54.007
1780221528.293982,54.009
1780221528.299236,54.008
1780221528.3047879,54.007
1780221528.3100324,54.012
1780221528.3155963,54.006
1780221528.3208637,54.007
1780221528.3264036,54.011
1780221528.3316545,53.248
1780221528.3375943,53.249
1780221528.343237,53.25
1780221528.3493893,53.253
1780221528.3553593,53.253
1780221528.361454,53.253
1780221528.3673894,53.253
1780221528.3734024,53.253
1780221528.3792999,53.253
1780221528.3849592,53.253
1780221528.3908823,53.253
1780221528.3964686,53.252
1780221528.4021735,53.253
1780221528.4082675,53.253
1780221528.4141598,53.252
1780221528.4201586,53.253
1780221528.4256563,53.253
1780221528.4313948,53.253
1780221528.4370139,53.253
1780221528.4430375,53.253
1780221528.4490306,53.253
1780221528.4550269,53.252
1780221528.4610565,53.253
1780221528.4670343,53.253
1780221528.473088,53.253
1780221528.4789908,53.253
1780221528.4849036,53.253
1780221528.4905775,53.253
1780221528.4966044,53.253
1780221528.502179,53.253
1780221528.507943,53.253
1780221528.5137918,53.253
1780221528.5198345,53.253
1780221528.5257473,53.253
1780221528.5318296,53.253
1780221528.537878,53.254
1780221528.5439196,53.253
1780221528.5499358,53.253
1780221528.5557954,53.253
1780221528.561929,53.254
1780221528.567855,53.253
1780221528.5738957,53.253
1780221528.5797637,53.254
1780221528.5853024,53.253
1780221528.590967,53.253
1780221528.5966797,53.253
1780221528.6026778,53.254
1780221528.6087701,53.254
1780221528.6145623,53.253
1780221528.620172,53.254
1780221528.6257887,53.254
1780221528.6314209,53.254
1780221528.6370623,53.253
1780221528.6426518,53.253
1780221528.648379,53.254
1780221528.6543078,53.253
1780221528.6602619,53.253
1780221528.6662245,53.253
1780221528.6717315,53.254
1780221528.6775086,53.253
1780221528.6831748,53.254
1780221528.6891465,53.254
1780221528.695026,53.253
1780221528.7010345,53.254
1780221528.7065628,53.254
1780221528.7123358,53.253
1780221528.7179754,53.254
1780221528.7239785,53.254
1780221528.7299395,53.254
1780221528.735946,53.253
1780221528.7419407,53.254
1780221528.7479126,53.254
1780221528.7539358,53.253
1780221528.7599754,53.254
1780221528.7658741,53.254
1780221528.7719731,53.254
1780221528.7779264,53.254
1780221528.7838402,53.254
1780221528.789888,53.254
1780221528.7958646,53.253
1780221528.8020575,53.254
1780221528.8077927,53.254
1780221528.8133812,53.254
1780221528.81917,53.253
1780221528.8248549,53.254
1780221528.8307388,53.254
1780221528.8367136,53.253
1780221528.8427339,53.254
1780221528.848727,53.254
1780221528.8547766,53.254
1780221528.8607302,53.254
1780221528.8667276,53.254
1780221528.8727696,53.254
1780221528.8788037,53.254
1780221528.8848038,53.254
1780221528.890633,53.254
1780221528.8962982,53.254
1780221528.9017966,53.254
1780221528.907554,53.254
1780221528.9135711,53.254
1780221528.9196005,53.254
1780221528.925598,53.254
1780221528.931582,53.254
1780221528.9375854,53.253
1780221528.9434986,53.254
1780221528.9491525,53.254
1780221528.9548182,53.254
1780221528.9605286,53.254
1780221528.9664166,53.254
1780221528.9724073,53.254
1780221528.9784455,53.254
1780221528.9843607,53.254
1780221528.9903886,53.254
1780221528.9964108,53.254
1780221529.0022862,53.254
1780221529.0078657,53.254
1780221529.0134952,53.254
1780221529.019257,53.254
1780221529.0253036,53.254
1780221529.0312011,53.254
1780221529.0371306,53.254
1780221529.0426726,53.254
1780221529.0482378,53.254
1780221529.054048,53.254
1780221529.0600245,53.254
1780221529.0660098,53.254
1780221529.0719862,53.254
1780221529.0780203,53.253
1780221529.0840542,53.254
1780221529.090002,53.254
1780221529.0960002,53.254
1780221529.1020815,53.254
1780221529.1079454,53.254
1780221529.1136312,53.254
1780221529.119544,53.254
1780221529.1251879,53.255
1780221529.1308665,53.254
1780221529.1369233,53.254
1780221529.1428447,53.254
1780221529.1488647,53.254
1780221529.154884,53.254
1780221529.1608973,53.254
1780221529.1668208,53.254
1780221529.1729076,53.254
1780221529.1788204,53.254
1780221529.1843138,53.254
1780221529.1899114,53.254
1780221529.195678,53.254
1780221529.2017472,53.254
1780221529.2078114,53.254
1780221529.2135594,53.254
1780221529.2191224,53.254
1780221529.224502,53.254
1780221529.2304997,53.254
1780221529.2365284,53.254
1780221529.2425241,53.254
1780221529.2484946,53.254
1780221529.2544131,53.255
1780221529.2604887,53.253
1780221529.2665632,53.254
1780221529.2724855,53.254
1780221529.278533,53.254
1780221529.2845726,53.255
1780221529.2904253,53.255
1780221529.296589,53.254
1780221529.302502,53.254
1780221529.308426,53.254
1780221529.3145328,53.254
1780221529.320456,53.254
1780221529.3264852,53.254
1780221529.3325248,53.254
1780221529.3385575,53.254
1780221529.344671,53.255
1780221529.35043,53.254
1780221529.356507,53.254
1780221529.3625534,53.254
1780221529.368504,53.254
1780221529.3740056,53.255
1780221529.3796673,53.254
1780221529.3854291,53.255
1780221529.391414,53.255
1780221529.397311,53.254
1780221529.4033587,53.254
1780221529.4093738,53.255
1780221529.4153311,53.254
1780221529.4213092,53.254
1780221529.42676,53.255
1780221529.4323614,53.254
1780221529.4382012,53.255
1780221529.444145,53.255
1780221529.4501843,53.254
1780221529.456179,53.254
1780221529.462083,53.254
1780221529.4676323,53.255
1780221529.473331,53.255
1780221529.4789596,53.254
1780221529.485018,53.254
1780221529.4910736,53.255
1780221529.4969444,53.255
1780221529.5029492,53.254
1780221529.509064,53.255
1780221529.5149574,53.254
1780221529.5209224,53.255
1780221529.5270717,53.255
1780221529.5328472,53.255
1780221529.5385563,53.254
1780221529.5445673,53.254
1780221529.550156,53.255
1780221529.555815,53.254
1780221529.5618205,53.254
1780221529.567854,53.255
1780221529.5738204,53.254
1780221529.579819,53.255
1780221529.5858269,53.254
1780221529.5918028,53.254
1780221529.5978506,53.255
1780221529.6037097,53.255
1780221529.6092305,53.255
1780221529.6148217,53.255
1780221529.6206436,53.255
1780221529.6266198,53.255
1780221529.6326437,53.255
1780221529.638658,53.255
1780221529.6445558,53.254
1780221529.6505647,53.255
1780221529.6566875,53.254
1780221529.6625395,53.254
1780221529.66871,53.255
1780221529.6746821,53.255
1780221529.680673,53.255
1780221529.6867008,53.254
1780221529.6926847,53.255
1780221529.698701,53.254
1780221529.7046778,53.255
1780221529.7105558,53.255
1780221529.71671,53.255
1780221529.72265,53.255
1780221529.728649,53.255
1780221529.734762,53.255
1780221529.7406173,53.255
1780221529.7460713,53.255
1780221529.7514625,53.255
1780221529.7574148,53.255
1780221529.7634614,53.254
1780221529.769387,53.255
1780221529.775567,53.255
1780221529.7815604,53.254
1780221529.7875605,53.254
1780221529.7935991,53.254
1780221529.7995853,53.255
1780221529.805463,53.255
1780221529.8114948,53.255
1780221529.8175232,53.255
1780221529.8234684,53.255
1780221529.8294792,53.254
1780221529.8355207,53.255
1780221529.8414538,53.255
1780221529.8474147,53.255
1780221529.853442,53.255
1780221529.85944,53.255
1780221529.8654017,53.255
1780221529.8714256,53.255
1780221529.8774183,53.255
1780221529.8834622,53.255
1780221529.8894987,53.254
1780221529.895441,53.255
1780221529.9014242,53.254
1780221529.9070442,53.255
1780221529.9127436,53.255
1780221529.9183645,53.255
1780221529.9242723,53.255
1780221529.9303122,53.254
1780221529.9363766,53.255
1780221529.9422855,53.255
1780221529.9483018,53.255
1780221529.9542594,53.255
1780221529.9603329,53.255
1780221529.9663296,53.255
1780221529.9723635,53.255
1780221529.9782045,53.255
1780221529.9837976,53.255
1780221529.989402,53.255
1780221529.994976,53.255
1780221530.0012326,53.255
1780221530.007213,53.255
1780221530.0131922,53.255
1780221530.0192404,53.255
1780221530.0252361,53.255
1780221530.0311663,53.254
1780221530.03719,53.255
1780221530.0431063,53.255
1780221530.0491743,53.255
1780221530.055211,53.255
1780221530.0611203,53.255
1780221530.0672019,54.0
1780221530.0731976,53.254
1780221530.0791438,53.255
1780221530.0852482,53.255
1780221530.0912232,53.255
1780221530.0971794,53.255
1780221530.1031716,53.255
1780221530.109182,53.255
1780221530.115176,53.255
1780221530.121238,53.255
1780221530.1271498,53.255
1780221530.1331515,53.254
1780221530.1392744,53.255
1780221530.1451619,53.255
1780221530.1512039,53.255
1780221530.1571603,53.255
1780221530.163142,53.255
1780221530.1686656,53.255
1780221530.1742618,53.254
1780221530.180068,53.255
1780221530.1859527,53.255
1780221530.1919544,53.255
1780221530.1981096,53.255
1780221530.2038946,53.255
1780221530.2099526,53.255
1780221530.2160347,53.254
1780221530.2219698,53.255
1780221530.2275126,53.255
1780221530.2331288,53.255
1780221530.2389178,53.255
1780221530.2448006,53.255
1780221530.2508068,53.255
1780221530.2567987,53.254
1780221530.2627978,53.255
1780221530.2683358,53.255
1780221530.2739625,53.255
1780221530.279738,53.255
1780221530.2856421,53.255
1780221530.291612,53.255
1780221530.297635,53.254
1780221530.3035533,53.255
1780221530.3091185,53.255
1780221530.3148248,53.255
1780221530.3205812,53.255
1780221530.326427,53.255
1780221530.3323925,53.255
1780221530.3384156,53.254
1780221530.3443656,53.255
1780221530.349966,53.255
1780221530.3557422,53.255
1780221530.3614976,54.0
1780221530.3672116,53.255
1780221530.3732216,53.255
1780221530.379328,53.254
1780221530.38532,54.0
1780221530.3912377,53.255
1780221530.3972912,53.255
1780221530.4032905,53.255
1780221530.409257,53.255
1780221530.415247,53.255
1780221530.4212224,53.255
1780221530.4272642,53.255
1780221530.4333792,53.255
1780221530.4393785,53.255
1780221530.4453967,54.0
1780221530.451242,53.255
1780221530.4572368,54.0
1780221530.4632976,53.255
1780221530.469229,54.0
1780221530.4753284,53.255
1780221530.4812975,53.254
1780221530.4872525,54.0
1780221530.4933305,53.255
1780221530.4993424,53.255
1780221530.5052788,53.255
1780221530.5113347,53.255
1780221530.5172954,54.0
1780221530.5233095,53.255
1780221530.529386,53.255
1780221530.5352898,54.0
1780221530.540761,54.0
1780221530.5463078,54.0
1780221530.5521774,54.0
1780221530.5580816,53.255
1780221530.5637064,53.255
1780221530.5692606,53.255
1780221530.574938,53.255
1780221530.5810087,53.255
1780221530.586764,54.0
1780221530.5930133,53.255
1780221530.5988803,53.255
1780221530.604914,54.0
1780221530.6109686,54.0
1780221530.6168656,53.255
1780221530.6228867,53.254
1780221530.62896,54.0
1780221530.634996,53.255
1780221530.6408908,53.255
1780221530.646959,54.0
1780221530.6530197,53.255
1780221530.6589215,53.255
1780221530.6649668,53.254
1780221530.6709583,54.0
1780221530.6769366,53.255
1780221530.683025,53.255
1780221530.6889753,54.0
1780221530.694939,54.0
1780221530.701123,53.255
1780221530.7069998,53.255
1780221530.7130373,54.0
1780221530.7189386,53.255
1780221530.7249947,53.255
1780221530.7310548,54.0
1780221530.7370312,54.0
1780221530.7429638,53.255
1780221530.7490058,53.255
1780221530.7544594,53.255
1780221530.7600043,53.255
1780221530.7658005,53.255
1780221530.771797,54.0
1780221530.7772868,53.255
1780221530.782806,54.0
1780221530.7885425,53.255
1780221530.7945626,54.0
1780221530.8001132,53.255
1780221530.8057146,53.255
1780221530.8114407,54.0
1780221530.8173697,53.255
1780221530.8229356,53.255
1780221530.8285146,53.254
1780221530.834169,53.255
1780221530.8401737,53.255
1780221530.8457656,53.255
1780221530.8513744,53.255
1780221530.8569918,53.255
1780221530.8629339,53.255
1780221530.8685424,53.255
1780221530.873934,54.0
1780221530.8798041,54.0
1780221530.88579,53.255
1780221530.8918335,53.255
1780221530.8977933,53.255
1780221530.9038758,53.255
1780221530.9097142,54.0
1780221530.9151762,54.019
1780221530.920489,54.011
1780221530.9257445,54.013
1780221530.9312794,54.008
1780221530.9365122,54.012
1780221530.9420996,54.012
1780221530.9473488,54.008
1780221530.9529011,54.014
1780221530.9581504,54.008
1780221530.9637082,54.009
1780221530.9689643,54.008
1780221530.9744601,54.01
1780221530.9797087,54.009
1780221530.9853256,54.009
1780221530.9907994,54.014
1780221530.9960759,54.008
1780221531.0013332,54.009
1780221531.0069172,54.008
1780221531.012146,54.009
1780221531.01772,54.008
1780221531.0229595,54.01
1780221531.0285304,54.012
1780221531.03376,54.008
1780221531.039284,54.008
1780221531.0445063,54.009
1780221531.050094,54.008
1780221531.0553415,54.008
1780221531.0609083,54.01
1780221531.0661616,54.007
1780221531.071768,54.008
1780221531.0771914,54.007
1780221531.0825548,54.008
1780221531.0878,54.009
1780221531.0933506,54.008
1780221531.0986018,54.013
1780221531.1041784,54.007
1780221531.1096103,54.008
1780221531.114953,54.007
1780221531.1201925,54.008
1780221531.1257153,54.007
1780221531.130967,54.007
1780221531.1365712,54.012
1780221531.1418219,54.007
1780221531.1473525,54.008
1780221531.1526115,54.008
1780221531.1581278,54.008
1780221531.16339,54.007
1780221531.1689613,54.009
1780221531.1742194,54.009
1780221531.179772,54.006
1780221531.1850188,54.013
1780221531.1905804,54.007
1780221531.1958432,54.006
1780221531.2013872,54.011
1780221531.206754,53.25
1780221531.2123668,53.248
1780221531.2187057,53.249
1780221531.2244024,53.253
1780221531.2304275,53.252
1780221531.2363665,53.253
1780221531.2423303,53.253
1780221531.2483711,53.253
1780221531.2543685,53.253
1780221531.260308,53.253
1780221531.2659042,53.253
1780221531.27165,53.253
1780221531.2773411,53.253
1780221531.2832544,53.253
1780221531.2892118,53.253
1780221531.295104,53.253
1780221531.3007638,53.253
1780221531.3066924,53.253
1780221531.3122954,53.253
1780221531.317961,53.253
1780221531.3240402,53.253
1780221531.3299494,53.253
1780221531.335939,53.253
1780221531.3414845,53.253
1780221531.3472152,53.253
1780221531.3528361,53.253
1780221531.3588097,53.253
1780221531.3648005,53.253
1780221531.3707964,53.253
1780221531.376805,53.253
1780221531.3827887,53.253
1780221531.3888757,53.253
1780221531.394783,53.253
1780221531.4007378,53.253
1780221531.4067628,53.253
1780221531.412842,53.253
1780221531.418875,53.253
1780221531.4248626,53.253
1780221531.430856,53.252
1780221531.4368558,53.253
1780221531.4428477,53.253
1780221531.4488676,53.253
1780221531.45484,53.253
1780221531.460857,53.253
1780221531.4669015,53.253
1780221531.4727783,53.253
1780221531.4788573,53.253
1780221531.4847572,53.253
1780221531.4903793,53.253
1780221531.4958751,53.254
1780221531.5016017,53.253
1780221531.5077412,53.253
1780221531.5136032,53.253
1780221531.519649,53.253
1780221531.5256388,53.253
1780221531.53171,53.253
1780221531.537629,53.254
1780221531.5435245,53.253
1780221531.5492444,53.253
1780221531.5552528,53.254
1780221531.56087,53.254
1780221531.5665956,53.253
1780221531.5724463,53.253
1780221531.5784411,53.253
1780221531.5840375,53.253
1780221531.5897217,53.253
1780221531.5955174,53.254
1780221531.6013052,53.254
1780221531.6073895,53.254
1780221531.6133292,53.253
1780221531.6192405,53.254
1780221531.625293,53.253
1780221531.6313782,53.253
1780221531.6373494,53.254
1780221531.643262,53.254
1780221531.649294,53.254
1780221531.655371,53.254
1780221531.6612117,53.254
1780221531.6672776,53.254
1780221531.67335,53.253
1780221531.6793962,53.254
1780221531.6852775,53.254
1780221531.691224,53.253
1780221531.6967409,53.254
1780221531.7023332,53.254
1780221531.7081594,53.254
1780221531.7141466,53.254
1780221531.7200665,53.254
1780221531.726095,53.254
1780221531.7321186,53.253
1780221531.7381132,53.254
1780221531.7440681,53.254
1780221531.7496464,53.254
1780221531.7551665,53.253
1780221531.760919,53.254
1780221531.7670026,53.254
1780221531.7729604,53.253
1780221531.7789469,53.254
1780221531.7849545,53.254
1780221531.7909942,53.254
1780221531.7969806,53.254
1780221531.802883,53.254
1780221531.8090048,53.254
1780221531.8149202,53.253
1780221531.8205385,53.254
1780221531.826225,53.254
1780221531.831856,53.254
1780221531.8376982,53.254
1780221531.8438904,53.254
1780221531.8497438,53.254
1780221531.8557317,53.254
1780221531.8618166,53.254
1780221531.867819,53.254
1780221531.8737931,53.253
1780221531.879813,53.254
1780221531.8858082,53.254
1780221531.8918302,53.254
1780221531.897856,53.254
1780221531.9037635,53.254
1780221531.9098463,53.254
1780221531.9158187,53.254
1780221531.921796,53.254
1780221531.927806,53.254
1780221531.9338496,53.253
1780221531.9397614,53.254
1780221531.945821,53.254
1780221531.9517994,53.254
1780221531.9577687,53.254
1780221531.9637563,53.254
1780221531.969838,53.254
1780221531.975855,53.254
1780221531.9816847,53.254
1780221531.987384,53.254
1780221531.9933722,53.254
1780221531.9990535,53.254
1780221532.0047407,53.254
1780221532.0106735,53.254
1780221532.0167122,53.254
1780221532.0225883,53.254
1780221532.0286932,53.254
1780221532.0346224,53.253
1780221532.0406547,53.254
1780221532.0466413,53.254
1780221532.052601,53.254
1780221532.0586383,53.254
1780221532.0641239,53.254
1780221532.0697262,53.254
1780221532.0753648,53.253
1780221532.0814717,53.254
1780221532.087581,53.254
1780221532.0934787,53.254
1780221532.099526,53.254
1780221532.105537,53.254
1780221532.1114829,53.254
1780221532.1173754,53.254
1780221532.123549,53.255
1780221532.129493,53.254
1780221532.1354516,53.254
1780221532.1408713,53.255
1780221532.1464808,53.254
1780221532.15233,53.254
1780221532.1582868,53.254
1780221532.1642895,53.254
1780221532.1702833,53.254
1780221532.1762288,53.254
1780221532.1822267,53.255
1780221532.1882854,53.254
1780221532.194252,53.254
1780221532.2004254,53.255
1780221532.206248,53.254
1780221532.2122967,53.254
1780221532.218337,53.254
1780221532.2243252,53.254
1780221532.230282,53.254
1780221532.2362916,53.254
1780221532.2423344,53.254
1780221532.2483866,53.254
1780221532.2543497,53.254
1780221532.2603602,53.254
1780221532.2663665,53.255
1780221532.2722673,53.254
1780221532.2782989,53.253
1780221532.2843387,53.255
1780221532.2902758,53.254
1780221532.2963936,53.254
1780221532.3023431,53.255
1780221532.3082614,53.254
1780221532.3143847,53.255
1780221532.3203602,53.254
1780221532.3263535,53.255
1780221532.3323417,53.254
1780221532.3382728,53.253
1780221532.3443193,53.255
1780221532.3503366,53.255
1780221532.3563921,53.255
1780221532.362375,53.255
1780221532.3684068,53.255
1780221532.3743784,53.254
1780221532.3803563,53.254
1780221532.386372,53.254
1780221532.392421,53.254
1780221532.398364,53.254
1780221532.404327,53.255
1780221532.4098203,53.254
1780221532.4154942,53.255
1780221532.4212384,53.254
1780221532.4272864,53.255
1780221532.4331582,53.255
1780221532.4391005,53.255
1780221532.4451678,53.255
1780221532.4511545,53.255
1780221532.4571803,53.254
1780221532.4633033,53.254
1780221532.4691803,53.255
1780221532.475109,53.255
1780221532.481243,53.254
1780221532.4871838,53.255
1780221532.4930878,53.255
1780221532.4992166,53.254
1780221532.5051575,53.255
1780221532.5110848,53.254
1780221532.5171528,53.255
1780221532.5232885,53.254
1780221532.5290897,53.255
1780221532.534733,53.255
1780221532.540388,53.255
1780221532.5459318,53.255
1780221532.5520573,53.254
1780221532.5580025,53.255
1780221532.5640597,53.255
1780221532.5700881,53.255
1780221532.575968,53.254
1780221532.5819526,53.254
1780221532.5881112,53.255
1780221532.594011,53.255
1780221532.599963,53.254
1780221532.606122,53.255
1780221532.6119936,53.255
1780221532.6179714,53.254
1780221532.6241484,53.254
1780221532.6299412,53.255
1780221532.6356409,53.255
1780221532.641564,53.254
1780221532.6472862,53.255
1780221532.6529264,53.255
1780221532.6588187,53.254
1780221532.6648626,53.254
1780221532.6709292,53.255
1780221532.67688,53.255
1780221532.6828227,53.255
1780221532.6883173,53.255
1780221532.6939363,53.255
1780221532.6995852,53.255
1780221532.7056062,53.254
1780221532.7117307,53.255
1780221532.7176003,53.255
1780221532.7235749,53.255
1780221532.729159,53.255
1780221532.7347171,53.255
1780221532.7404673,53.255
1780221532.7465394,53.254
1780221532.7524397,53.255
1780221532.758532,53.255
1780221532.7644258,53.255
1780221532.7700021,53.255
1780221532.7755284,53.255
1780221532.7813683,53.255
1780221532.787313,53.254
1780221532.7932465,53.255
1780221532.7994058,53.255
1780221532.8053143,53.254
1780221532.8113296,53.255
1780221532.81733,53.255
1780221532.8232994,53.255
1780221532.829331,53.255
1780221532.8353512,53.255
1780221532.8413672,53.255
1780221532.8473349,53.254
1780221532.8533847,53.255
1780221532.8593166,53.255
1780221532.865295,53.255
1780221532.8711984,53.255
1780221532.8768122,53.255
1780221532.8824668,53.255
1780221532.8881779,53.254
1780221532.8942292,53.255
1780221532.900172,53.255
1780221532.906229,53.255
1780221532.9120302,53.255
1780221532.9182189,53.255
1780221532.9241168,53.255
1780221532.9297268,53.254
1780221532.9352553,53.255
1780221532.9409645,53.255
1780221532.9469886,53.255
1780221532.9528835,53.255
1780221532.958936,53.255
1780221532.9649556,53.255
1780221532.9709754,53.255
1780221532.9770236,53.255
1780221532.9829125,53.255
1780221532.9889407,53.254
1780221532.9949954,53.255
1780221533.0009058,53.255
1780221533.0069444,53.255
1780221533.0129514,53.255
1780221533.0189602,53.255
1780221533.0249524,54.0
1780221533.031041,53.255
1780221533.0369632,53.255
1780221533.0430312,53.255
1780221533.0490568,53.255
1780221533.054982,54.0
1780221533.0610502,53.255
1780221533.066947,53.255
1780221533.0729883,53.255
1780221533.079064,53.255
1780221533.0849507,53.255
1780221533.0904944,53.255
1780221533.0960104,53.255
1780221533.101758,53.255
1780221533.1080391,53.255
1780221533.1137857,53.255
1780221533.1198454,53.255
1780221533.1257687,53.255
1780221533.1317346,53.254
1780221533.1378837,53.255
1780221533.1438265,53.255
1780221533.1498337,53.255
1780221533.1557949,53.255
1780221533.161728,53.255
1780221533.1678338,53.255
1780221533.173859,53.255
1780221533.179807,53.255
1780221533.1858313,53.255
1780221533.191883,53.255
1780221533.1977477,53.255
1780221533.2038736,53.255
1780221533.2098954,53.255
1780221533.2158265,53.255
1780221533.221928,53.255
1780221533.2277567,53.255
1780221533.2338471,53.254
1780221533.2398686,53.255
1780221533.2458122,53.255
1780221533.2518692,53.255
1780221533.2578347,53.255
1780221533.2638018,53.255
1780221533.269901,54.0
1780221533.2759156,53.255
1780221533.281879,54.0
1780221533.2878895,53.255
1780221533.2939217,53.255
1780221533.2996647,53.255
1780221533.3059626,53.255
1780221533.3118777,53.255
1780221533.317844,53.255
1780221533.3239064,53.255
1780221533.329829,53.255
1780221533.3358235,53.254
1780221533.3417852,53.255
1780221533.3479533,54.0
1780221533.3538532,53.255
1780221533.359376,53.255
1780221533.3648489,54.0
1780221533.3707316,53.255
1780221533.3766906,53.255
1780221533.382213,53.255
1780221533.3876762,53.255
1780221533.3935237,53.255
1780221533.399527,54.0
1780221533.4054968,53.255
1780221533.4115746,53.255
1780221533.4174464,53.255
1780221533.4230268,54.0
1780221533.428562,53.255
1780221533.4344113,53.255
1780221533.440379,54.0
1780221533.446375,53.255
1780221533.4523604,54.0
1780221533.458292,53.255
1780221533.46374,54.0
1780221533.4692953,53.255
1780221533.4750872,53.255
1780221533.481211,53.255
1780221533.4871628,54.0
1780221533.4930804,53.255
1780221533.4991474,53.255
1780221533.5050464,54.0
1780221533.5111854,54.0
1780221533.5171497,53.255
1780221533.523148,53.255
1780221533.5291617,53.255
1780221533.535153,53.255
1780221533.5411687,53.254
1780221533.5471783,54.0
1780221533.553219,53.255
1780221533.559216,53.255
1780221533.5652053,54.0
1780221533.5711145,53.255
1780221533.5771203,53.255
1780221533.5831063,53.255
1780221533.5891187,53.255
1780221533.5946736,53.255
1780221533.600222,53.255
1780221533.605908,53.255
1780221533.611928,54.0
1780221533.6175077,54.0
1780221533.623104,53.254
1780221533.6287332,53.255
1780221533.6346798,53.255
1780221533.6403418,54.0
1780221533.645962,53.255
1780221533.6515892,53.255
1780221533.6574743,53.255
1780221533.6630914,53.255
1780221533.668455,54.0
1780221533.6743743,53.255
1780221533.6798608,53.255
1780221533.6854455,53.255
1780221533.6912045,54.0
1780221533.697211,53.255
1780221533.703237,53.255
1780221533.7091935,54.0
1780221533.7146695,53.255
1780221533.7202978,54.0
1780221533.7260275,53.254
1780221533.7319765,53.255
1780221533.7375274,53.255
1780221533.7430587,53.255
1780221533.7487462,53.255
1780221533.7547405,54.0
1780221533.7608151,53.255
1780221533.766837,54.0
1780221533.7728176,53.255
1780221533.7788517,53.255
1780221533.7848945,54.0
