timestamp,gpu_power_w
1780413898.1006162,53.249
1780413898.1062975,54.017
1780413898.111556,54.007
1780413898.1171062,54.011
1780413898.122544,54.007
1780413898.1279037,54.01
1780413898.1333516,54.007
1780413898.1387157,54.007
1780413898.1441863,54.013
1780413898.1495068,54.006
1780413898.154757,54.007
1780413898.1603115,54.006
1780413898.1655502,54.007
1780413898.171101,54.006
1780413898.1763391,54.008
1780413898.1819103,54.009
1780413898.1873472,54.007
1780413898.192705,54.006
1780413898.198157,54.007
1780413898.203507,54.006
1780413898.208954,54.007
1780413898.2143025,54.011
1780413898.2195606,54.006
1780413898.2251098,54.006
1780413898.230546,54.005
1780413898.235918,54.006
1780413898.2413533,54.006
1780413898.2467265,54.007
1780413898.2521784,54.011
1780413898.2574923,54.006
1780413898.2627342,54.006
1780413898.2682927,54.007
1780413898.2735307,54.006
1780413898.2790632,54.006
1780413898.284308,54.008
1780413898.2899106,54.008
1780413898.2953947,54.006
1780413898.300705,54.006
1780413898.3059494,54.006
1780413898.311504,54.007
1780413898.3167577,54.006
1780413898.3222685,54.011
1780413898.3275254,54.005
1780413898.3330624,54.005
1780413898.3383164,54.005
1780413898.3439152,54.006
1780413898.349365,54.006
1780413898.3547335,54.005
1780413898.3601818,54.008
1780413898.365512,54.005
1780413898.3709416,54.01
1780413898.37632,54.007
1780413898.3817604,54.006
1780413898.387115,54.011
1780413898.3927312,53.251
1780413898.398453,53.247
1780413898.4040964,53.247
1780413898.4101481,53.253
1780413898.4161322,53.251
1780413898.4221096,53.252
1780413898.4280953,53.252
1780413898.4340644,53.252
1780413898.4400392,53.252
1780413898.4456062,53.252
1780413898.4512603,53.252
1780413898.4568632,53.251
1780413898.4629319,53.252
1780413898.4688816,53.252
1780413898.4748654,53.252
1780413898.48095,53.252
1780413898.486804,53.252
1780413898.4928367,53.252
1780413898.4988523,53.252
1780413898.5049117,53.252
1780413898.510828,53.252
1780413898.516813,53.251
1780413898.5227916,53.252
1780413898.5288153,53.252
1780413898.534894,53.252
1780413898.5408556,53.252
1780413898.5469558,53.252
1780413898.5529528,53.252
1780413898.558773,53.252
1780413898.5649507,53.252
1780413898.5708992,53.252
1780413898.5769737,53.251
1780413898.5828671,53.252
1780413898.5887465,53.252
1780413898.5948455,53.252
1780413898.6008568,53.252
1780413898.606961,53.252
1780413898.6129203,53.252
1780413898.6188047,53.252
1780413898.6249337,53.252
1780413898.6309173,53.252
1780413898.6369624,53.252
1780413898.6427696,53.252
1780413898.6484385,53.252
1780413898.6540375,53.252
1780413898.659752,53.253
1780413898.6656933,53.253
1780413898.6717765,53.252
1780413898.6776614,53.252
1780413898.6835392,53.252
1780413898.6892152,53.252
1780413898.6948934,53.252
1780413898.7006004,53.253
1780413898.706436,53.253
1780413898.7124755,53.253
1780413898.7185986,53.252
1780413898.7245412,53.253
1780413898.7303963,53.253
1780413898.7366078,53.252
1780413898.7425122,53.253
1780413898.7485256,53.252
1780413898.7544901,53.252
1780413898.7605667,53.253
1780413898.7664504,53.253
1780413898.7725155,53.253
1780413898.7785063,53.253
1780413898.784428,53.253
1780413898.7904813,53.253
1780413898.7964454,53.252
1780413898.8024445,53.253
1780413898.8085043,53.253
1780413898.814461,53.253
1780413898.820444,53.253
1780413898.8264077,53.253
1780413898.8324292,53.253
1780413898.8385243,53.252
1780413898.8443878,53.253
1780413898.8500283,53.253
1780413898.856004,53.253
1780413898.8617177,53.253
1780413898.8673863,53.253
1780413898.8733094,53.253
1780413898.8792868,53.253
1780413898.8852253,53.253
1780413898.8907542,53.253
1780413898.8964577,53.253
1780413898.9020247,53.253
1780413898.9080703,53.253
1780413898.9140468,53.253
1780413898.9195464,53.253
1780413898.9251862,53.253
1780413898.9307902,53.253
1780413898.936818,53.253
1780413898.9423275,53.253
1780413898.9478366,53.253
1780413898.9536545,53.253
1780413898.959688,53.253
1780413898.9656034,53.253
1780413898.9712164,53.253
1780413898.9768572,53.253
1780413898.9824524,53.253
1780413898.9885304,53.253
1780413898.994498,53.253
1780413899.0005167,53.253
1780413899.0065238,53.253
1780413899.0125468,53.253
1780413899.0185559,53.253
1780413899.0245485,53.253
1780413899.030516,53.253
1780413899.0364645,53.253
1780413899.0425005,53.254
1780413899.0485566,53.253
1780413899.0544982,53.253
1780413899.0605345,53.253
1780413899.0664663,53.253
1780413899.0724695,53.254
1780413899.0784667,53.253
1780413899.0839741,53.254
1780413899.0896409,53.253
1780413899.09541,53.253
1780413899.101285,53.253
1780413899.107214,53.253
1780413899.113225,53.253
1780413899.119264,53.252
1780413899.1253328,53.253
1780413899.1312244,53.253
1780413899.136796,53.253
1780413899.1422973,53.253
1780413899.1480787,53.253
1780413899.15414,53.253
1780413899.160143,53.253
1780413899.1661842,53.254
1780413899.1720672,53.253
1780413899.1781945,53.254
1780413899.1841474,53.254
1780413899.190042,53.254
1780413899.196158,53.254
1780413899.20215,53.254
1780413899.2081106,53.253
1780413899.2140572,53.254
1780413899.220147,53.254
1780413899.225499,53.254
1780413899.2311692,53.254
1780413899.23691,53.254
1780413899.2428925,53.253
1780413899.2488875,53.254
1780413899.254882,53.254
1780413899.2608745,53.254
1780413899.2667465,53.254
1780413899.272925,53.254
1780413899.2788336,53.254
1780413899.2849545,53.254
1780413899.2908843,53.254
1780413899.2968383,53.253
1780413899.302864,53.254
1780413899.3088756,53.254
1780413899.314935,53.254
1780413899.320748,53.254
1780413899.3269107,53.254
1780413899.3328884,53.254
1780413899.3388524,53.253
1780413899.3449717,53.253
1780413899.3508582,53.254
1780413899.356367,53.254
1780413899.3620183,53.254
1780413899.3677135,53.254
1780413899.3738298,53.254
1780413899.3797305,53.254
1780413899.385786,53.253
1780413899.3916428,53.254
1780413899.3977506,53.254
1780413899.4036932,53.254
1780413899.4095433,53.254
1780413899.4151804,53.254
1780413899.4208415,53.254
1780413899.4265878,53.253
1780413899.432539,53.254
1780413899.4385397,53.254
1780413899.4445407,53.254
1780413899.4504664,53.254
1780413899.456492,53.254
1780413899.4625618,53.254
1780413899.4685347,53.254
1780413899.474585,53.254
1780413899.480516,53.254
1780413899.4864936,53.253
1780413899.4925144,53.254
1780413899.498434,53.254
1780413899.5045433,53.254
1780413899.5104694,53.254
1780413899.5160654,53.254
1780413899.5220077,53.254
1780413899.5276148,53.254
1780413899.5333374,53.254
1780413899.5393572,53.254
1780413899.5453906,53.254
1780413899.5511997,53.254
1780413899.5573392,53.254
1780413899.5633237,53.254
1780413899.5692682,53.254
1780413899.5753431,53.254
1780413899.5813606,53.254
1780413899.5873134,53.253
1780413899.5933359,53.254
1780413899.5992405,53.254
1780413899.605377,53.254
1780413899.611384,53.254
1780413899.617259,53.254
1780413899.6233532,53.254
1780413899.629414,53.254
1780413899.6352966,53.254
1780413899.641365,53.254
1780413899.647221,53.254
1780413899.6528175,53.254
1780413899.6584682,53.254
1780413899.664181,53.254
1780413899.6701481,53.254
1780413899.6760845,53.254
1780413899.6820626,53.254
1780413899.688097,53.254
1780413899.6940804,53.254
1780413899.7000363,53.254
1780413899.7060378,53.254
1780413899.7121332,53.254
1780413899.718088,53.254
1780413899.724139,53.254
1780413899.7300756,53.254
1780413899.7360497,53.254
1780413899.7415602,53.254
1780413899.7473083,53.254
1780413899.7530513,53.255
1780413899.759057,53.254
1780413899.764968,53.254
1780413899.77089,53.254
1780413899.7770119,53.254
1780413899.7829716,53.254
1780413899.7888546,53.254
1780413899.7949462,53.254
1780413899.801033,53.254
1780413899.8069074,53.254
1780413899.8129003,53.255
1780413899.819017,53.254
1780413899.82498,53.255
1780413899.8310208,53.254
1780413899.8369577,53.254
1780413899.8429823,53.254
1780413899.849019,53.254
1780413899.8548598,53.254
1780413899.8609674,53.254
1780413899.8669527,53.254
1780413899.8730128,53.254
1780413899.8789442,53.255
1780413899.884939,53.255
1780413899.8909311,53.254
1780413899.8969612,53.254
1780413899.9028938,53.254
1780413899.908913,53.254
1780413899.9149184,53.255
1780413899.9208438,53.254
1780413899.9270313,53.254
1780413899.9329453,53.254
1780413899.938842,53.255
1780413899.944941,53.254
1780413899.95089,53.254
1780413899.957096,53.254
1780413899.9629366,53.254
1780413899.9689784,53.254
1780413899.9749656,53.255
1780413899.9809668,53.254
1780413899.98696,53.255
1780413899.992917,53.254
1780413899.9988663,53.254
1780413900.0049438,53.255
1780413900.0109472,53.254
1780413900.0168142,53.254
1780413900.0228982,53.254
1780413900.0289347,53.254
1780413900.0349534,53.254
1780413900.0409114,53.255
1780413900.046893,53.255
1780413900.052939,53.254
1780413900.0589166,53.255
1780413900.0649185,53.255
1780413900.0709739,53.254
1780413900.0770133,53.255
1780413900.0827563,53.255
1780413900.0888748,53.255
1780413900.0948253,53.254
1780413900.1008174,53.255
1780413900.1068523,53.255
1780413900.112942,53.255
1780413900.1188319,53.255
1780413900.124907,53.255
1780413900.1308427,53.255
1780413900.1369047,53.255
1780413900.1429067,53.254
1780413900.1489804,53.255
1780413900.1549463,53.254
1780413900.1609967,53.255
1780413900.1669927,53.254
1780413900.1729715,53.255
1780413900.1789968,53.255
1780413900.1849642,53.255
1780413900.1908457,53.254
1780413900.196891,53.254
1780413900.202971,53.255
1780413900.2089603,53.255
1780413900.214843,53.255
1780413900.2203062,53.255
1780413900.2259321,53.255
1780413900.231792,53.255
1780413900.2377703,53.255
1780413900.2436419,53.254
1780413900.2497983,53.254
1780413900.2556975,53.254
1780413900.261692,53.255
1780413900.2677057,53.255
1780413900.273623,53.255
1780413900.2797813,53.255
1780413900.285788,53.255
1780413900.2917097,53.254
1780413900.297772,53.254
1780413900.3038146,53.255
1780413900.3097417,53.254
1780413900.3156111,53.255
1780413900.3215487,53.255
1780413900.327831,53.255
1780413900.333625,53.255
1780413900.3396842,53.255
1780413900.3457828,53.255
1780413900.351595,53.255
1780413900.3577347,53.254
1780413900.3637269,53.255
1780413900.3695974,53.255
1780413900.375676,53.255
1780413900.381821,53.255
1780413900.3876152,53.255
1780413900.3932486,53.255
1780413900.3989692,53.254
1780413900.4046547,53.255
1780413900.410592,53.255
1780413900.4165647,53.255
1780413900.4226184,53.255
1780413900.4284396,53.255
1780413900.4344974,53.255
1780413900.4400537,53.254
1780413900.4456654,53.254
1780413900.4513152,53.255
1780413900.457322,53.255
1780413900.463383,53.255
1780413900.4693725,53.255
1780413900.475345,53.254
1780413900.4812677,53.254
1780413900.4872568,53.255
1780413900.493405,53.255
1780413900.4992626,53.255
1780413900.505287,53.255
1780413900.5112646,53.255
1780413900.5168393,53.255
1780413900.5224154,53.254
1780413900.5281994,53.255
1780413900.5341325,53.255
1780413900.5400362,53.255
1780413900.5456073,53.255
1780413900.5511887,53.255
1780413900.5569708,53.255
1780413900.5628698,53.254
1780413900.5689137,53.255
1780413900.5748603,53.255
1780413900.5808482,53.255
1780413900.5864215,53.255
1780413900.591949,53.255
1780413900.5977077,53.255
1780413900.6036677,53.255
1780413900.6097326,53.255
1780413900.6157897,53.255
1780413900.6216877,53.255
1780413900.6271865,54.0
1780413900.632715,53.255
1780413900.6385455,53.255
1780413900.6445,53.254
1780413900.6505334,53.255
1780413900.6566243,53.255
1780413900.662455,53.254
1780413900.6679525,53.255
1780413900.6735454,53.255
1780413900.6793692,53.255
1780413900.6854103,53.255
1780413900.6913056,53.255
1780413900.69735,53.255
1780413900.7032423,53.255
1780413900.7087407,53.255
1780413900.7142422,53.255
1780413900.7201438,53.255
1780413900.726132,53.255
1780413900.7321308,53.255
1780413900.738236,53.255
1780413900.7440631,53.255
1780413900.7495718,53.255
1780413900.7550783,53.255
1780413900.7609718,54.0
1780413900.7669983,53.255
1780413900.7729988,53.255
1780413900.7789836,53.255
1780413900.7848597,53.255
1780413900.7904453,53.255
1780413900.7959628,53.255
1780413900.8017697,53.255
1780413900.8078148,53.255
1780413900.8137133,53.255
1780413900.8197417,53.255
1780413900.8256388,53.255
1780413900.8312328,53.255
1780413900.8367534,53.255
1780413900.842568,53.255
1780413900.8485487,53.255
1780413900.854484,53.255
1780413900.86053,53.255
1780413900.8664408,53.255
1780413900.8725665,53.255
1780413900.8785498,53.255
1780413900.8845232,53.255
1780413900.8905854,53.255
1780413900.896546,53.255
1780413900.9024072,53.255
1780413900.9085417,53.254
1780413900.9145036,53.255
1780413900.9199524,53.255
1780413900.9255004,53.255
1780413900.9313517,53.255
1780413900.9373102,53.255
1780413900.9432611,53.255
1780413900.9488862,53.254
1780413900.954521,53.255
1780413900.960153,54.0
1780413900.9661877,53.255
1780413900.9720566,54.005
1780413900.9774487,54.008
1780413900.9829311,54.014
1780413900.9882474,54.008
1780413900.9935763,54.009
1780413900.9990318,54.013
1780413901.0043652,54.008
1780413901.009601,54.011
1780413901.0151687,54.01
1780413901.0206153,54.009
1780413901.02597,54.008
1780413901.0314305,54.007
1780413901.0368667,54.01
1780413901.0422487,54.009
1780413901.0475242,54.013
1780413901.0527806,54.007
1780413901.0583668,54.008
1780413901.0638163,54.008
1780413901.0691597,54.008
1780413901.0746145,54.008
1780413901.0799203,54.009
1780413901.0851984,54.011
1780413901.0908096,54.005
1780413901.0962272,54.009
1780413901.1015477,54.008
1780413901.106785,54.009
1780413901.1123564,54.008
1780413901.1176124,54.01
1780413901.1231706,54.01
1780413901.1286087,54.008
1780413901.133949,54.008
1780413901.1392055,54.008
1780413901.1447413,54.007
1780413901.1500006,54.007
1780413901.155553,54.011
1780413901.1608076,54.006
1780413901.1663783,54.008
1780413901.1718037,54.006
1780413901.177155,54.008
1780413901.1824021,54.007
1780413901.187964,54.008
1780413901.1932278,54.012
1780413901.198737,54.007
1780413901.2039995,54.005
1780413901.2096863,54.007
1780413901.215041,54.008
1780413901.2203698,54.007
1780413901.2256176,54.008
1780413901.2311685,54.01
1780413901.236424,54.006
1780413901.2419255,54.011
1780413901.2471876,54.006
1780413901.2527819,54.007
1780413901.258232,54.01
1780413901.2637315,53.253
1780413901.2691483,53.249
1780413901.2749555,53.248
1780413901.2805414,53.254
1780413901.2864852,53.253
1780413901.2919984,53.253
1780413901.2976365,53.253
1780413901.3033772,53.253
1780413901.3093734,53.253
1780413901.3153825,53.253
1780413901.3213959,53.253
1780413901.327377,53.252
1780413901.3333955,53.253
1780413901.3392596,53.253
1780413901.3453856,53.253
1780413901.3513134,53.253
1780413901.3571942,53.253
1780413901.3632627,53.253
1780413901.369328,53.253
1780413901.375347,53.253
1780413901.381411,53.253
1780413901.3873594,53.252
1780413901.3933768,53.253
1780413901.399377,53.253
1780413901.4053693,53.253
1780413901.4112804,53.253
1780413901.417341,53.254
1780413901.4232516,53.253
1780413901.4292967,53.253
1780413901.4353585,53.253
1780413901.4414043,53.253
1780413901.4473855,53.253
1780413901.4533844,53.253
1780413901.4593825,53.254
1780413901.4653814,53.253
1780413901.4713178,53.253
1780413901.4772193,53.254
1780413901.4829094,53.254
1780413901.4888856,53.253
1780413901.494543,53.253
1780413901.5001795,53.253
1780413901.5061147,53.253
1780413901.5122616,53.253
1780413901.5183241,53.254
1780413901.5242023,53.253
1780413901.5301793,53.254
1780413901.5362184,53.253
1780413901.5421584,53.254
1780413901.5481877,53.253
1780413901.5541291,53.253
1780413901.5602098,53.253
1780413901.5661392,53.253
1780413901.5722585,53.254
1780413901.5781267,53.254
1780413901.5840516,53.253
1780413901.5896776,53.253
1780413901.595329,53.253
1780413901.6010401,53.253
1780413901.6069582,53.253
1780413901.613044,53.254
1780413901.6188471,53.254
1780413901.624882,53.254
1780413901.631025,53.254
1780413901.6370413,53.254
1780413901.6430376,53.254
1780413901.649003,53.253
1780413901.6549664,53.254
1780413901.660936,53.254
1780413901.6669388,53.253
1780413901.6729302,53.254
1780413901.6788747,53.253
1780413901.6848974,53.254
1780413901.6910064,53.254
1780413901.6970491,53.254
1780413901.7030337,53.254
1780413901.7090487,53.253
1780413901.7148867,53.254
1780413901.7209992,53.254
1780413901.7269063,53.253
1780413901.7329204,53.254
1780413901.7389138,53.254
1780413901.7450097,53.254
1780413901.7509403,53.254
1780413901.756821,53.254
1780413901.7625136,53.254
1780413901.768217,53.253
1780413901.7738204,53.254
1780413901.7798011,53.254
1780413901.785793,53.254
1780413901.7917516,53.254
1780413901.7976346,53.254
1780413901.8033462,53.254
1780413901.8093367,53.254
1780413901.8152702,53.254
1780413901.8208554,53.254
1780413901.8265715,53.254
1780413901.8325136,53.254
1780413901.8380651,53.254
1780413901.844002,53.254
1780413901.8496022,53.254
1780413901.8554096,53.254
1780413901.8613775,53.254
1780413901.8673768,53.253
1780413901.8733168,53.254
1780413901.8793468,53.254
1780413901.8853467,53.254
1780413901.8913105,53.254
1780413901.8973408,53.254
1780413901.9033122,53.254
1780413901.9093642,53.253
1780413901.9153602,53.254
1780413901.921278,53.254
1780413901.927371,53.254
1780413901.933384,53.254
1780413901.9392834,53.254
1780413901.9453838,53.254
1780413901.951347,53.254
1780413901.9573894,53.254
1780413901.9633763,53.254
1780413901.969435,53.253
1780413901.9754136,53.254
1780413901.9814477,53.254
1780413901.9873624,53.254
1780413901.9933913,53.254
1780413901.999387,53.254
1780413902.0052624,53.254
1780413902.0109463,53.254
1780413902.0165493,53.255
1780413902.022097,53.254
1780413902.028192,53.254
1780413902.0341763,53.254
1780413902.0401735,53.254
1780413902.046059,53.254
1780413902.051753,53.254
1780413902.0572631,53.254
1780413902.0629375,53.254
1780413902.0689542,53.255
1780413902.075002,53.255
1780413902.080954,53.254
1780413902.0869377,53.254
1780413902.0930104,53.254
1780413902.099024,53.255
1780413902.1049826,53.254
1780413902.1110182,53.254
1780413902.1168537,53.254
1780413902.122469,53.254
1780413902.1280434,53.254
1780413902.133759,53.254
1780413902.1397424,53.255
1780413902.1456068,53.254
1780413902.151345,53.254
1780413902.1573503,53.254
1780413902.1633027,53.254
1780413902.1689093,53.254
1780413902.1745872,53.254
1780413902.180588,53.254
1780413902.1865368,53.254
1780413902.1926098,53.254
1780413902.1984773,53.254
1780413902.2045512,53.254
1780413902.2105567,53.254
1780413902.2165616,53.254
1780413902.2225838,53.254
1780413902.228516,53.255
1780413902.2345698,53.253
1780413902.240548,53.254
1780413902.2465544,53.254
1780413902.25256,53.254
1780413902.2585356,53.255
1780413902.2644413,53.255
1780413902.2705262,53.254
1780413902.2765944,53.254
1780413902.2826688,53.254
1780413902.2884068,53.254
1780413902.2940822,53.254
1780413902.2995932,53.255
1780413902.305353,53.254
1780413902.311362,53.254
1780413902.3173413,53.254
1780413902.322933,53.254
1780413902.3287852,53.254
1780413902.3342826,53.254
1780413902.3401828,53.255
1780413902.346117,53.254
1780413902.3522556,53.254
1780413902.3583105,53.255
1780413902.364249,53.254
1780413902.3702564,53.254
1780413902.3761914,53.254
1780413902.3822036,53.254
1780413902.3882036,53.254
1780413902.3941944,53.254
1780413902.400072,53.255
1780413902.4061778,53.254
1780413902.4122128,53.254
1780413902.418032,53.254
1780413902.4242175,53.255
1780413902.4301612,53.254
1780413902.4362452,53.254
1780413902.4421434,53.254
1780413902.4481566,53.254
1780413902.4542146,53.255
1780413902.4602034,53.255
1780413902.4661982,53.255
1780413902.4722064,53.254
1780413902.478218,53.255
1780413902.4841022,53.255
1780413902.4896367,53.254
1780413902.4952648,53.254
1780413902.5009198,53.255
1780413902.50705,53.255
1780413902.512954,53.255
1780413902.518952,53.255
1780413902.5250475,53.254
1780413902.5310302,53.254
1780413902.5370307,53.254
1780413902.5430112,53.254
1780413902.5490372,53.255
1780413902.555028,53.254
1780413902.5610352,53.255
1780413902.567027,53.255
1780413902.573014,53.255
1780413902.5790613,53.254
1780413902.5849628,53.255
1780413902.591056,53.255
1780413902.5970032,53.254
1780413902.602969,53.255
1780413902.6090183,53.255
1780413902.6149197,53.255
1780413902.6210127,53.255
1780413902.6269991,53.255
1780413902.6329753,53.255
1780413902.6389527,53.254
1780413902.6450043,53.255
1780413902.6509786,53.255
1780413902.6569564,53.255
1780413902.6628163,53.255
1780413902.668955,53.255
1780413902.674979,53.255
1780413902.680981,53.255
1780413902.6869688,53.255
1780413902.6929975,53.255
1780413902.6989605,53.254
1780413902.7049844,53.255
1780413902.7109752,53.254
1780413902.7170064,53.254
1780413902.723022,53.255
1780413902.7289236,53.255
1780413902.7350042,53.255
1780413902.741006,53.255
1780413902.74695,53.255
1780413902.7530575,53.255
1780413902.7589505,53.254
1780413902.7650032,53.255
1780413902.7710295,53.255
1780413902.77697,53.255
1780413902.7830164,53.255
1780413902.7890112,53.255
1780413902.7950206,53.255
1780413902.801023,53.254
1780413902.8069983,53.255
1780413902.8129957,53.255
1780413902.8190267,53.255
1780413902.8249223,53.255
1780413902.8310182,53.255
1780413902.8369503,53.255
1780413902.842909,53.255
1780413902.849044,53.255
1780413902.8550284,53.255
1780413902.8610573,53.254
1780413902.867027,53.255
1780413902.873037,53.255
1780413902.879058,53.255
1780413902.8850083,53.255
1780413902.8910046,53.255
1780413902.897089,53.255
1780413902.9029593,53.254
1780413902.9090416,53.255
1780413902.9150224,53.255
1780413902.9208975,53.255
1780413902.9264398,53.255
1780413902.9319737,53.255
1780413902.9377944,53.255
1780413902.943751,53.254
1780413902.9497247,53.255
1780413902.9557812,53.255
1780413902.9617372,53.254
1780413902.96774,53.255
1780413902.9738045,53.255
1780413902.979664,53.255
1780413902.985806,53.255
1780413902.9918036,53.255
1780413902.997828,53.255
1780413903.003848,53.255
1780413903.009851,53.255
1780413903.0158434,53.255
1780413903.0218315,53.255
1780413903.0277028,53.255
1780413903.0338414,53.255
1780413903.0397654,53.255
1780413903.0458035,53.255
1780413903.0518007,53.255
1780413903.0579464,53.255
1780413903.0638657,53.254
1780413903.0698192,54.0
1780413903.0757852,53.255
1780413903.0817595,53.255
1780413903.0878341,53.255
1780413903.0938182,53.255
1780413903.0997355,53.255
1780413903.1058502,53.255
1780413903.1118374,53.255
1780413903.117863,53.255
1780413903.1238096,53.255
1780413903.1296647,53.255
1780413903.1358538,53.255
1780413903.1418025,53.255
1780413903.1477633,53.255
1780413903.1538785,53.255
1780413903.1597846,53.255
1780413903.165756,53.254
1780413903.1718574,53.255
1780413903.1777265,53.255
1780413903.1832504,53.255
1780413903.1888297,53.255
1780413903.1946208,53.255
1780413903.200582,53.255
1780413903.2065306,53.254
1780413903.2126248,53.255
1780413903.2185004,53.255
1780413903.2245727,53.255
1780413903.2304869,54.0
1780413903.2365024,53.255
1780413903.242581,53.255
1780413903.2485497,53.254
1780413903.2545154,53.255
1780413903.2605667,53.255
1780413903.266511,53.255
1780413903.272546,53.255
1780413903.2785153,53.255
1780413903.284572,53.255
1780413903.2906349,53.255
1780413903.2966423,53.255
1780413903.3026264,53.255
1780413903.3085713,53.254
1780413903.314622,53.255
1780413903.3205876,53.255
1780413903.3265626,53.255
1780413903.3326623,54.0
1780413903.3386192,53.255
1780413903.344598,54.0
1780413903.3505535,53.255
1780413903.356594,53.255
1780413903.362585,53.255
1780413903.3685257,53.255
1780413903.3740478,53.255
1780413903.3796375,53.255
1780413903.3854144,54.0
1780413903.3913445,53.255
1780413903.3974366,53.255
1780413903.4033368,53.255
1780413903.4092712,53.255
1780413903.414871,53.255
1780413903.4204102,53.255
1780413903.4261746,53.255
1780413903.4321542,53.254
1780413903.438313,53.255
1780413903.4442089,53.255
1780413903.4501455,53.255
1780413903.4556262,54.0
1780413903.4611545,53.255
1780413903.4670167,53.255
1780413903.47304,53.255
1780413903.4790149,53.255
1780413903.4850614,54.0
1780413903.4909165,53.255
1780413903.4963727,54.0
1780413903.5020115,53.255
1780413903.5077617,54.0
1780413903.5138133,53.255
1780413903.5197763,53.255
1780413903.5257876,53.255
1780413903.5316947,53.255
1780413903.5372713,54.0
1780413903.542776,53.255
1780413903.548638,53.255
1780413903.554614,54.0
1780413903.5605617,54.0
1780413903.5666242,53.255
1780413903.572536,53.255
1780413903.5780544,54.0
1780413903.5835862,53.255
1780413903.5894396,53.255
1780413903.595428,53.255
1780413903.6013424,53.255
1780413903.6074104,53.255
1780413903.613309,53.255
1780413903.618892,54.0
1780413903.6243675,53.255
1780413903.6302092,54.0
1780413903.636219,53.255
1780413903.6430411,53.255
1780413903.648612,54.0
1780413903.6541512,53.254
1780413903.6602628,53.255
1780413903.666258,53.255
1780413903.672181,53.255
1780413903.6782377,54.0
1780413903.6842532,53.255
1780413903.6900802,54.0
1780413903.6957812,53.254
1780413903.7013383,54.0
1780413903.7070265,54.0
1780413903.7129989,53.255
1780413903.7192729,54.0
1780413903.7248905,53.255
1780413903.730902,53.255
1780413903.7370307,53.254
1780413903.7429955,53.255
1780413903.7489216,53.255
1780413903.7550273,53.255
1780413903.7610114,54.0
1780413903.7669678,54.0
1780413903.7730005,53.255
1780413903.779079,54.0
1780413903.7850313,54.0
1780413903.7909455,54.0
1780413903.7969527,53.255
1780413903.8024752,54.0
1780413903.8080208,53.255
1780413903.8138819,53.255
1780413903.8197176,53.255
1780413903.825826,53.255
1780413903.8317952,53.255
1780413903.8377295,53.255
1780413903.8430943,54.019
1780413903.8484077,54.01
1780413903.8538828,54.013
1780413903.859249,54.006
1780413903.864727,54.011
1780413903.8700273,54.012
1780413903.8754616,54.009
1780413903.8808138,54.013
1780413903.886074,54.008
1780413903.8916326,54.008
1780413903.8970723,54.007
1780413903.9023798,54.009
1780413903.907622,54.006
1780413903.913303,54.009
1780413903.918713,54.014
1780413903.9240212,54.008
1780413903.9292498,54.009
1780413903.9348211,54.008
1780413903.940062,54.009
1780413903.9456189,54.008
1780413903.9508698,54.009
1780413903.9564364,54.011
1780413903.961872,54.009
1780413903.9672234,54.007
1780413903.9726608,54.008
1780413903.9780202,54.008
1780413903.983468,54.008
1780413903.988768,54.012
1780413903.9940243,54.007
1780413903.999635,54.008
1780413904.0050814,54.007
1780413904.0104237,54.009
1780413904.0158536,54.007
1780413904.0212429,54.008
1780413904.0267003,54.013
1780413904.0321608,54.006
1780413904.0381272,54.008
1780413904.04351,54.008
1780413904.0488195,54.008
1780413904.0540843,54.008
1780413904.059618,54.008
1780413904.0648823,54.008
1780413904.0704334,54.007
1780413904.0758758,54.008
1780413904.0812275,54.007
1780413904.086474,54.006
1780413904.0920198,54.008
1780413904.0972772,54.011
1780413904.102829,54.009
1780413904.1080315,54.008
1780413904.1136553,54.012
1780413904.1190946,54.006
1780413904.1243877,54.007
1780413904.129644,54.01
1780413904.135335,53.246
1780413904.1415944,53.25
1780413904.1475167,53.239
1780413904.1532977,53.243
1780413904.1593704,53.246
1780413904.1655009,53.247
1780413904.1715117,53.246
1780413904.177419,53.246
1780413904.183433,53.247
1780413904.1893668,53.246
1780413904.1954348,53.247
1780413904.20146,53.247
1780413904.207384,53.246
1780413904.2132664,53.247
1780413904.2188137,53.247
1780413904.224472,53.247
1780413904.2301104,53.247
1780413904.2357705,53.247
1780413904.241749,53.247
1780413904.247383,53.247
1780413904.2530596,53.247
1780413904.2589855,53.247
1780413904.265096,53.247
1780413904.271062,53.247
1780413904.2769623,53.247
1780413904.2830276,53.248
1780413904.2890093,53.247
1780413904.295057,53.247
1780413904.3010178,53.248
1780413904.3070278,53.248
1780413904.3130152,53.248
1780413904.3190265,53.247
1780413904.3249075,53.248
1780413904.331026,53.248
1780413904.3369977,53.248
1780413904.343015,53.248
1780413904.3489985,53.248
1780413904.3550193,53.248
1780413904.360996,53.247
1780413904.3670213,53.248
1780413904.373044,53.248
1780413904.3790026,53.248
1780413904.3850384,53.248
1780413904.3910434,53.248
1780413904.3970408,53.248
1780413904.4030201,53.248
1780413904.4090464,53.249
1780413904.4150398,53.248
1780413904.4210672,53.248
1780413904.4270713,53.248
1780413904.4329748,53.248
1780413904.4389105,53.248
1780413904.445113,53.248
1780413904.4510455,53.248
1780413904.457068,53.248
1780413904.4630408,53.248
1780413904.4690242,53.248
1780413904.4750388,53.248
1780413904.4810507,53.248
1780413904.4870129,53.249
1780413904.4929523,53.248
1780413904.4984934,53.249
1780413904.5040555,53.249
1780413904.5098026,53.249
1780413904.5157914,53.249
1780413904.521824,53.248
1780413904.5278463,53.249
1780413904.533802,53.249
1780413904.5399046,53.249
1780413904.5458164,53.249
1780413904.5518339,53.249
1780413904.5579453,53.249
1780413904.5637603,53.248
1780413904.5698044,53.249
1780413904.5758288,53.249
1780413904.581789,53.249
1780413904.587795,53.249
1780413904.593856,53.249
1780413904.5998523,53.249
1780413904.6058066,53.249
1780413904.6116958,53.25
1780413904.6173623,53.249
1780413904.6233718,53.249
1780413904.6289144,53.25
1780413904.6346235,53.249
1780413904.6405954,53.249
1780413904.6466527,53.25
1780413904.6526139,53.25
1780413904.658594,53.25
1780413904.6645825,53.25
1780413904.6705434,53.25
1780413904.6765618,53.25
1780413904.6820333,53.249
1780413904.687405,53.25
1780413904.693397,53.25
1780413904.6994479,53.25
1780413904.7054057,53.25
1780413904.7114372,53.25
1780413904.7173836,53.25
1780413904.723433,53.249
1780413904.7294157,53.25
1780413904.7353265,53.25
1780413904.740959,53.25
1780413904.7469711,53.25
1780413904.7525494,53.25
1780413904.758295,53.25
1780413904.7642515,53.249
1780413904.7702553,53.25
1780413904.7762423,53.25
1780413904.7822592,53.25
1780413904.7880971,53.25
1780413904.7942345,53.25
1780413904.8002956,53.25
1780413904.8061948,53.25
1780413904.8121247,53.25
1780413904.8181393,53.25
1780413904.8241994,53.25
1780413904.8302388,53.25
1780413904.836222,53.25
1780413904.842147,53.25
1780413904.848075,53.25
1780413904.854269,53.25
1780413904.8601959,53.25
1780413904.8661997,53.25
1780413904.872261,53.251
1780413904.8782933,53.251
1780413904.884244,53.25
1780413904.890231,53.251
1780413904.896203,53.251
1780413904.902276,53.25
1780413904.9082844,53.251
1780413904.9142635,53.251
1780413904.9202294,53.251
1780413904.9262657,53.251
1780413904.9322002,53.251
1780413904.9382625,53.25
1780413904.9442687,53.25
1780413904.9502516,53.251
1780413904.956172,53.251
1780413904.9617274,53.25
1780413904.967279,53.251
1780413904.9730334,53.251
1780413904.9790518,53.251
1780413904.9850209,53.25
1780413904.9910886,53.251
1780413904.9970467,53.251
1780413905.0030816,53.251
1780413905.0090098,53.251
1780413905.0149655,53.251
1780413905.020497,53.251
1780413905.0260954,53.251
1780413905.0318623,53.251
1780413905.0378413,53.251
1780413905.0438488,53.251
1780413905.049741,53.252
1780413905.0557923,53.251
1780413905.0618818,53.251
1780413905.0678282,53.252
1780413905.0738533,53.251
1780413905.0798213,53.251
1780413905.0858293,53.25
1780413905.0918987,53.251
1780413905.0979233,53.251
1780413905.103836,53.252
1780413905.1098807,53.252
1780413905.1158624,53.252
1780413905.1218815,53.251
1780413905.127746,53.251
1780413905.1338623,53.252
1780413905.1399832,53.251
1780413905.1458795,53.251
1780413905.1518304,53.252
1780413905.157955,53.251
1780413905.163747,53.251
1780413905.1698637,53.252
1780413905.1758397,53.252
1780413905.1818655,53.252
1780413905.1878161,53.251
1780413905.1937678,53.252
1780413905.199811,53.252
1780413905.2058609,53.252
1780413905.2117584,53.252
1780413905.2172709,53.251
1780413905.2230504,53.252
1780413905.2286797,53.252
1780413905.2347107,53.252
1780413905.2405553,53.252
1780413905.246582,53.252
1780413905.2520404,53.252
1780413905.2576926,53.252
1780413905.2634761,53.252
1780413905.269429,53.252
1780413905.2753909,53.252
1780413905.2813807,53.252
1780413905.2874281,53.251
1780413905.2934437,53.252
1780413905.2993765,53.252
1780413905.3054168,53.252
1780413905.3113465,53.252
1780413905.3172786,53.252
1780413905.322995,53.252
1780413905.3290355,53.252
1780413905.3345613,53.252
1780413905.3401742,53.252
1780413905.3462565,53.252
1780413905.3522537,53.252
1780413905.3583105,53.252
1780413905.3643048,53.252
1780413905.3702195,53.252
1780413905.3762174,53.252
1780413905.382225,53.252
1780413905.3881466,53.252
1780413905.3937044,53.252
1780413905.3994071,53.252
1780413905.4050295,53.252
1780413905.4110277,53.252
1780413905.417053,53.252
1780413905.4230611,53.252
1780413905.4289315,53.252
1780413905.4350533,53.252
1780413905.4409657,53.252
1780413905.447053,53.253
1780413905.4531033,53.253
1780413905.4590693,53.252
1780413905.4650989,53.252
1780413905.4710195,53.252
1780413905.477038,53.252
1780413905.4831367,53.252
1780413905.4889653,53.252
1780413905.4945123,53.252
1780413905.500049,53.252
1780413905.505804,53.252
1780413905.5117836,53.253
1780413905.5178459,53.252
1780413905.523757,53.253
1780413905.5298357,53.252
1780413905.5358362,53.252
1780413905.5418015,53.253
1780413905.54732,53.253
1780413905.5528839,53.253
1780413905.5586479,53.253
1780413905.5647433,53.252
1780413905.5706637,53.252
1780413905.5767252,53.253
1780413905.5827246,53.253
1780413905.5886598,53.253
1780413905.594948,53.253
1780413905.6006742,53.252
1780413905.6066098,53.253
1780413905.612615,53.253
1780413905.618709,53.253
1780413905.624588,53.253
1780413905.630624,53.253
1780413905.636714,53.253
1780413905.6426687,53.253
1780413905.648668,53.253
1780413905.6546335,53.253
1780413905.6607275,53.253
1780413905.6665542,53.253
1780413905.672586,53.253
1780413905.67871,53.253
1780413905.6846058,53.253
1780413905.6905682,53.253
1780413905.6965337,53.253
1780413905.7026656,53.253
1780413905.7086256,53.253
1780413905.7146504,53.253
1780413905.7207553,53.253
1780413905.7264879,53.253
1780413905.7321064,53.253
1780413905.7376916,53.253
1780413905.7434196,53.253
1780413905.7494648,53.253
1780413905.755336,53.253
1780413905.7614837,53.253
1780413905.7674038,53.253
1780413905.7733402,53.252
1780413905.7795005,53.253
1780413905.785439,53.253
1780413905.7914321,53.253
1780413905.7975178,53.254
1780413905.8034654,53.253
1780413905.809462,53.253
1780413905.8154488,53.253
1780413905.8213735,53.253
1780413905.827476,53.253
1780413905.8334138,53.253
1780413905.8393612,53.253
1780413905.8453174,53.253
1780413905.8513708,53.254
1780413905.8573751,53.253
1780413905.8634045,53.253
1780413905.8694308,53.253
1780413905.8753805,53.253
1780413905.8813808,53.254
1780413905.8868847,53.253
1780413905.8926728,53.253
1780413905.8984632,53.253
1780413905.9041739,53.253
1780413905.9102569,53.253
1780413905.9161916,53.253
1780413905.922278,53.253
1780413905.928111,53.253
1780413905.9341943,53.254
1780413905.9402173,53.254
1780413905.9461565,53.254
1780413905.951762,53.253
1780413905.9573648,53.253
1780413905.963044,53.253
1780413905.968985,53.253
1780413905.9749815,53.253
1780413905.9809098,53.253
1780413905.987186,53.253
1780413905.993018,53.254
1780413905.9990497,53.254
1780413906.0050664,53.253
1780413906.0109658,53.254
1780413906.0164964,53.254
1780413906.0219753,53.254
1780413906.0278,53.253
1780413906.033893,53.254
1780413906.0398204,53.253
1780413906.0459137,53.253
1780413906.0517375,53.253
1780413906.057242,53.254
1780413906.0626578,53.254
1780413906.0686092,53.254
1780413906.074681,53.254
1780413906.0806983,53.254
1780413906.0866532,53.254
1780413906.0926168,53.253
1780413906.0986524,53.253
1780413906.1046124,53.255
1780413906.1106389,53.254
1780413906.116646,53.253
1780413906.122588,53.253
1780413906.1285264,53.254
1780413906.1347547,53.254
1780413906.1406121,53.255
1780413906.1466727,53.254
1780413906.1526864,53.254
1780413906.1586478,53.254
1780413906.1646597,53.254
1780413906.170666,53.254
1780413906.1766233,53.254
1780413906.1826112,53.253
1780413906.188728,53.254
1780413906.1945198,53.254
1780413906.2001486,53.254
1780413906.2056952,53.254
1780413906.211484,53.254
1780413906.2173862,53.254
1780413906.2234852,53.253
1780413906.2295449,53.254
1780413906.2354524,53.254
1780413906.241417,53.254
1780413906.2474656,53.254
1780413906.2533805,53.254
1780413906.258928,53.254
1780413906.2645648,53.253
1780413906.2704067,53.254
1780413906.2763178,53.254
1780413906.2822633,53.253
1780413906.288287,53.254
1780413906.294197,53.255
1780413906.299762,53.254
1780413906.3053007,53.254
1780413906.3111637,53.254
1780413906.317044,53.254
1780413906.3231,53.254
1780413906.3290448,53.254
1780413906.335065,53.254
1780413906.341187,53.254
1780413906.3470752,53.253
1780413906.3531492,53.254
1780413906.3591206,53.254
1780413906.3650467,53.254
1780413906.371052,53.254
1780413906.3770385,53.254
1780413906.3830035,53.254
1780413906.3889608,53.254
1780413906.3949459,53.254
1780413906.401028,53.254
1780413906.4070344,53.254
1780413906.4130843,53.254
1780413906.4190013,53.254
1780413906.4250371,53.254
1780413906.4311514,53.254
1780413906.437064,53.254
1780413906.4430687,53.254
1780413906.4490886,53.253
1780413906.455101,53.254
1780413906.4610891,53.254
1780413906.4670622,53.254
1780413906.4730532,53.254
1780413906.4791038,53.254
1780413906.485047,53.254
1780413906.4910553,53.254
1780413906.497052,53.254
1780413906.5030293,53.254
1780413906.5090501,53.254
1780413906.5150757,53.254
1780413906.521044,53.254
1780413906.5270889,53.254
1780413906.533054,53.254
1780413906.5390725,53.254
1780413906.5450885,53.254
1780413906.5511327,53.253
1780413906.5570688,53.254
1780413906.5630498,53.254
1780413906.569066,53.254
1780413906.5750716,53.255
1780413906.5810575,53.254
1780413906.5870075,53.254
1780413906.5930345,53.254
1780413906.5991328,53.254
1780413906.6050463,53.254
1780413906.6110187,53.254
1780413906.6165397,53.255
1780413906.6221323,53.255
1780413906.6277812,53.254
1780413906.633822,53.254
1780413906.6399121,53.254
1780413906.6460633,53.254
1780413906.6517994,53.254
1780413906.6578956,53.255
1780413906.6637602,53.255
1780413906.669381,53.254
1780413906.674972,53.254
1780413906.6807432,53.254
1780413906.6866117,53.254
1780413906.6921918,53.254
1780413906.6979852,53.255
1780413906.7037046,53.254
1780413906.709458,53.254
1780413906.7153113,53.249
1780413906.7207077,54.014
1780413906.7260876,54.01
1780413906.7315588,54.008
1780413906.7370143,54.006
1780413906.742356,54.013
1780413906.7476797,54.008
1780413906.7529304,54.007
1780413906.7584922,54.013
1780413906.7639163,54.008
1780413906.7692354,54.009
1780413906.774512,54.008
1780413906.780093,54.009
1780413906.7855403,54.008
1780413906.7908802,54.01
1780413906.7963278,54.006
1780413906.8017044,54.008
1780413906.8071413,54.006
1780413906.8124936,54.008
1780413906.8179364,54.009
1780413906.8232722,54.007
1780413906.8285186,54.013
1780413906.8340917,54.007
1780413906.8395169,54.008
1780413906.8448873,54.007
1780413906.850315,54.007
1780413906.8556652,54.007
1780413906.8609297,54.007
1780413906.8664837,54.011
1780413906.8719242,54.007
1780413906.8772638,54.007
1780413906.882518,54.008
1780413906.888028,54.007
1780413906.8933012,54.007
1780413906.898821,54.011
1780413906.9040813,54.005
1780413906.9096901,54.007
1780413906.9151235,54.005
1780413906.9204776,54.007
1780413906.9257255,54.007
1780413906.9312701,54.007
1780413906.9367344,54.011
1780413906.9420788,54.006
1780413906.9473166,54.006
1780413906.9528813,54.007
1780413906.9581115,54.007
1780413906.9636433,54.006
1780413906.9688926,54.007
1780413906.9744983,54.009
1780413906.979928,54.006
1780413906.985241,54.011
1780413906.9905016,54.006
1780413906.9961004,54.006
1780413907.0015445,54.009
1780413907.0068927,53.251
1780413907.0127127,53.249
1780413907.0184987,53.249
1780413907.0241504,53.253
1780413907.0297937,53.251
1780413907.0359266,53.252
1780413907.0419328,53.252
1780413907.0478992,53.252
1780413907.0538838,53.253
1780413907.0598266,53.253
1780413907.0658846,53.252
1780413907.0718122,53.253
1780413907.0778415,53.252
1780413907.083804,53.252
1780413907.0897946,53.252
1780413907.0958037,53.253
1780413907.101813,53.253
1780413907.1078067,53.253
1780413907.1139047,53.253
1780413907.1199665,53.253
1780413907.125941,53.253
1780413907.1318033,53.252
1780413907.137852,53.253
1780413907.1438987,53.253
1780413907.1498544,53.252
1780413907.1558325,53.253
1780413907.1618962,53.253
1780413907.1677456,53.253
1780413907.1739097,53.253
1780413907.1798859,53.253
1780413907.1858783,53.253
1780413907.191877,53.253
1780413907.1978579,53.253
1780413907.2038765,53.253
1780413907.2099016,53.253
1780413907.2158315,53.254
1780413907.2219064,53.253
1780413907.2278705,53.253
1780413907.233738,53.253
1780413907.239934,53.253
1780413907.2459042,53.253
1780413907.2518342,53.253
1780413907.2580657,53.254
1780413907.2638357,53.253
1780413907.2698176,53.253
1780413907.2759113,53.253
1780413907.2819183,53.253
1780413907.28783,53.253
1780413907.2938886,53.253
1780413907.2999063,53.253
1780413907.3057668,53.253
1780413907.3119268,53.253
1780413907.3177185,53.253
1780413907.323953,53.253
1780413907.3297493,53.253
1780413907.3353684,53.253
1780413907.3409028,53.253
1780413907.3465614,53.253
1780413907.3526447,53.254
1780413907.3584998,53.254
1780413907.3641212,53.253
1780413907.3697314,53.253
1780413907.3755481,53.253
1780413907.3815055,53.253
1780413907.3874462,53.253
1780413907.3934999,53.253
1780413907.399404,53.253
1780413907.4054449,53.253
1780413907.4114826,53.253
1780413907.4174411,53.253
1780413907.423476,53.253
1780413907.4293563,53.254
1780413907.4353905,53.252
1780413907.4414015,53.253
1780413907.4469762,53.253
1780413907.4527028,53.253
1780413907.4585853,53.253
1780413907.4642544,53.253
1780413907.4703333,53.253
1780413907.476297,53.253
1780413907.4822326,53.253
1780413907.488292,53.253
1780413907.4942303,53.253
1780413907.5002563,53.254
1780413907.5062523,53.253
1780413907.5122645,53.254
1780413907.518198,53.253
1780413907.5242643,53.254
1780413907.530118,53.253
1780413907.5357928,53.253
1780413907.5414152,53.253
1780413907.5471117,53.253
1780413907.5530326,53.254
1780413907.5590622,53.253
1780413907.5650108,53.253
1780413907.5706,53.253
1780413907.576475,53.253
1780413907.5820358,53.254
1780413907.5878448,53.254
1780413907.5938451,53.253
1780413907.5999603,53.254
1780413907.6058784,53.254
1780413907.611874,53.254
1780413907.6178854,53.253
1780413907.623865,53.254
1780413907.6298318,53.254
1780413907.6357474,53.253
1780413907.6418433,53.254
1780413907.6477985,53.254
1780413907.653892,53.254
1780413907.6599305,53.254
1780413907.6658106,53.254
1780413907.671922,53.254
1780413907.6778426,53.253
1780413907.6838055,53.254
1780413907.6898625,53.253
1780413907.6957633,53.254
1780413907.7012837,53.254
1780413907.706854,53.254
1780413907.712654,53.254
1780413907.718675,53.254
1780413907.7245731,53.254
1780413907.730126,53.254
1780413907.735849,53.254
1780413907.7413821,53.254
1780413907.7474601,53.254
1780413907.7535512,53.254
1780413907.7593884,53.254
1780413907.765488,53.254
1780413907.771449,53.254
1780413907.7774727,53.253
1780413907.7835448,53.254
1780413907.789431,53.254
1780413907.7954571,53.253
1780413907.8014567,53.254
1780413907.8074157,53.254
1780413907.8129265,53.254
1780413907.8184795,53.254
1780413907.8242545,53.254
1780413907.8303032,53.254
1780413907.8362777,53.254
1780413907.8421934,53.254
1780413907.8483043,53.254
1780413907.854399,53.254
1780413907.860377,53.254
1780413907.866304,53.254
1780413907.8722417,53.254
1780413907.8782809,53.253
1780413907.8843071,53.254
1780413907.8902493,53.254
1780413907.8962495,53.254
1780413907.9022653,53.254
1780413907.9082453,53.254
1780413907.9142787,53.254
1780413907.9202023,53.254
1780413907.926254,53.254
1780413907.9322104,53.254
1780413907.938299,53.253
1780413907.9442315,53.254
1780413907.9501905,53.254
1780413907.9562144,53.254
1780413907.9622893,53.254
1780413907.968259,53.254
1780413907.9743009,53.254
1780413907.9803126,53.254
1780413907.98629,53.254
1780413907.992224,53.254
1780413907.9982598,53.254
1780413908.0036776,53.254
1780413908.0092893,53.254
1780413908.0150712,53.254
1780413908.0210412,53.254
1780413908.0265956,53.254
1780413908.0321887,53.254
1780413908.037791,53.254
1780413908.0437925,53.254
1780413908.0499063,53.255
1780413908.0558019,53.254
1780413908.061794,53.254
1780413908.0678093,53.255
1780413908.0739412,53.255
1780413908.079863,53.254
1780413908.0858428,53.254
1780413908.0918558,53.254
1780413908.0978405,53.254
1780413908.1039498,53.254
1780413908.1099687,53.255
1780413908.1159043,53.254
1780413908.121924,53.254
1780413908.127867,53.254
1780413908.1338627,53.254
1780413908.1397748,53.254
1780413908.1453395,53.255
1780413908.1509185,53.255
1780413908.1567614,53.254
1780413908.1626983,53.254
1780413908.1686301,53.255
1780413908.1746786,53.254
1780413908.1807187,53.254
1780413908.18658,53.254
1780413908.1926897,53.254
1780413908.1986253,53.254
1780413908.2046747,53.254
1780413908.2106194,53.255
1780413908.2166176,53.254
1780413908.222726,53.254
1780413908.2285254,53.254
1780413908.2342153,53.255
1780413908.2398818,53.254
1780413908.2456393,53.255
1780413908.2514744,53.254
1780413908.2575521,53.254
1780413908.263536,53.254
1780413908.2695053,53.255
1780413908.2755375,53.254
1780413908.2814114,53.254
1780413908.2874546,53.255
1780413908.293477,53.254
1780413908.2994401,53.254
1780413908.3054838,53.254
1780413908.3114665,53.255
1780413908.3175237,53.254
1780413908.323498,53.254
1780413908.3294194,53.254
1780413908.3354871,53.254
1780413908.341453,53.254
1780413908.3473682,53.254
1780413908.353504,53.254
1780413908.3594635,53.254
1780413908.3654785,53.254
1780413908.371544,53.255
1780413908.3774967,53.255
1780413908.3835053,53.254
1780413908.3894937,53.254
1780413908.3954551,53.254
1780413908.401474,53.254
1780413908.4074767,53.255
1780413908.4134872,53.255
1780413908.4195054,53.254
1780413908.4254625,53.254
1780413908.4309516,53.254
1780413908.4365795,53.255
1780413908.4421878,53.255
1780413908.448269,53.255
1780413908.4541771,53.255
1780413908.4603505,53.255
1780413908.4662957,53.255
1780413908.472336,53.255
1780413908.478259,53.255
1780413908.484203,53.254
1780413908.489804,53.255
1780413908.4953039,53.255
1780413908.5010262,53.255
1780413908.5070539,53.254
1780413908.5130446,53.255
1780413908.5190523,53.255
1780413908.525069,53.255
1780413908.5310035,54.0
1780413908.5370224,53.255
1780413908.5430477,53.254
1780413908.5490503,53.255
1780413908.5550172,53.254
1780413908.5610347,53.255
1780413908.5670524,53.253
1780413908.5730333,53.255
1780413908.5790882,53.255
1780413908.5849752,53.254
1780413908.5911844,53.255
1780413908.5971608,53.255
1780413908.6030896,53.254
1780413908.6092181,53.254
1780413908.6151981,53.255
1780413908.6211486,53.254
1780413908.6270795,53.254
1780413908.6328785,53.255
1780413908.6392314,53.255
1780413908.6450052,53.255
1780413908.6506696,53.254
1780413908.656234,53.255
1780413908.6618333,53.255
1780413908.6680064,53.255
1780413908.6738532,53.255
1780413908.6799426,53.255
1780413908.6859145,53.255
1780413908.6919463,53.255
1780413908.6979232,53.255
1780413908.7038078,53.254
1780413908.7098665,53.254
1780413908.71602,53.255
1780413908.721791,53.255
1780413908.7278967,53.255
1780413908.733856,53.255
1780413908.7398548,53.255
1780413908.7458541,53.255
1780413908.7519007,53.254
1780413908.757923,53.254
1780413908.7638729,53.255
1780413908.7699037,53.255
1780413908.7758794,53.255
1780413908.7818384,53.255
1780413908.787856,53.254
1780413908.7939212,53.255
1780413908.7999678,53.255
1780413908.805872,53.255
1780413908.8118367,53.254
1780413908.817953,53.255
1780413908.8237865,53.255
1780413908.829405,53.255
1780413908.8349452,53.255
1780413908.8407214,53.255
1780413908.8466127,53.255
1780413908.8521361,53.255
1780413908.8575897,53.255
1780413908.8635209,53.255
1780413908.869485,53.255
1780413908.875482,53.255
1780413908.8815885,53.255
1780413908.8874319,53.255
1780413908.8929486,53.254
1780413908.8983996,53.255
1780413908.9043386,53.255
1780413908.910255,53.255
1780413908.915867,53.255
1780413908.921414,53.255
1780413908.9270582,53.255
1780413908.9331234,53.255
1780413908.9389164,53.255
1780413908.9451768,53.255
1780413908.9510133,53.255
1780413908.957099,53.255
1780413908.9631383,53.255
1780413908.9690394,53.255
1780413908.9750762,53.254
1780413908.98119,53.255
1780413908.987056,53.255
1780413908.9930043,53.255
1780413908.999086,53.255
1780413909.0051224,53.255
1780413909.0110924,53.255
1780413909.0172005,53.254
1780413909.0230699,53.255
1780413909.0291448,53.255
1780413909.035146,53.255
1780413909.04096,53.255
1780413909.0471954,53.255
1780413909.0530322,53.255
1780413909.059034,53.255
1780413909.0649955,53.255
1780413909.0705817,54.0
1780413909.0761259,53.255
1780413909.0819569,53.255
1780413909.087892,54.0
1780413909.093923,53.255
1780413909.100005,53.255
1780413909.105858,53.255
1780413909.1118388,53.255
1780413909.1177979,53.255
1780413909.123326,54.0
1780413909.1289802,53.255
1780413909.134755,53.255
1780413909.140703,53.254
1780413909.1467652,53.255
1780413909.1526802,53.255
1780413909.1582303,53.255
1780413909.1639004,53.255
1780413909.1695454,53.255
1780413909.175483,53.255
1780413909.1814814,53.254
1780413909.1874335,53.255
1780413909.1935227,53.255
1780413909.1994874,53.255
1780413909.2054603,54.0
1780413909.2109442,53.255
1780413909.2166026,53.255
1780413909.2223864,53.254
1780413909.2281883,53.255
1780413909.2342968,53.255
1780413909.24031,53.255
1780413909.2462513,54.0
1780413909.25232,54.0
1780413909.2583845,53.255
1780413909.264243,53.255
1780413909.2703004,53.255
1780413909.2762752,53.255
1780413909.2822392,53.254
1780413909.2883456,53.255
1780413909.2942224,54.0
1780413909.299803,53.255
1780413909.3053887,53.255
1780413909.3111813,53.255
1780413909.3170125,53.255
1780413909.3230608,53.254
1780413909.329162,54.0
1780413909.3349936,54.0
1780413909.341069,53.255
1780413909.3471966,54.0
1780413909.3532517,53.255
1780413909.359081,53.255
1780413909.3652341,53.255
1780413909.3711596,53.255
1780413909.3771694,53.255
1780413909.3830736,53.255
1780413909.388976,53.255
1780413909.3950922,53.255
1780413909.4010408,54.0
1780413909.407132,53.255
1780413909.4130309,53.255
1780413909.4191391,54.0
1780413909.4250002,54.0
1780413909.4306202,54.0
1780413909.4361393,53.255
1780413909.4418836,54.0
1780413909.4478486,53.255
1780413909.4538798,54.0
1780413909.459826,53.255
1780413909.4659028,54.0
1780413909.471836,54.0
1780413909.477772,53.255
1780413909.4837642,53.255
1780413909.4899092,53.255
1780413909.4958808,54.0
1780413909.5019224,54.0
1780413909.5077865,54.0
1780413909.5133429,54.0
1780413909.5188792,53.255
1780413909.524717,53.255
1780413909.530631,53.255
1780413909.5367177,54.0
1780413909.5426133,54.0
1780413909.5486128,53.255
1780413909.55477,54.0
1780413909.560681,54.0
1780413909.5666687,54.0
1780413909.5725732,53.255
1780413909.5787,54.0
1780413909.584154,53.255
1780413909.5897548,53.255
1780413909.5954545,54.017
1780413909.6008236,54.011
1780413909.6061168,54.014
1780413909.6114101,54.006
1780413909.6169608,54.008
1780413909.6224263,54.014
1780413909.6277323,54.008
1780413909.632979,54.012
1780413909.6385603,54.01
1780413909.6440017,54.009
1780413909.6493268,54.008
1780413909.6545904,54.009
1780413909.6601324,54.007
1780413909.6653821,54.009
1780413909.6708994,54.012
1780413909.676157,54.006
1780413909.6816952,54.008
1780413909.6869454,54.007
1780413909.6925044,54.008
1780413909.6977568,54.008
1780413909.703364,54.009
1780413909.7088141,54.012
1780413909.7141325,54.008
1780413909.7193756,54.008
1780413909.7249484,54.006
1780413909.7304401,54.007
1780413909.735742,54.008
1780413909.7411814,54.01
1780413909.7465327,54.01
1780413909.751791,54.008
1780413909.7572782,54.008
1780413909.7625294,54.008
1780413909.768126,54.008
1780413909.7733932,54.008
1780413909.778878,54.012
1780413909.784135,54.005
1780413909.7896895,54.007
1780413909.7949412,54.007
1780413909.80049,54.007
1780413909.8057423,54.007
1780413909.8113503,54.008
1780413909.8168018,54.011
1780413909.822134,54.007
1780413909.8273723,54.007
1780413909.8329422,54.008
1780413909.838374,54.007
1780413909.8436968,54.007
1780413909.848939,54.011
1780413909.8545504,54.009
1780413909.8599865,54.007
1780413909.8653753,54.012
1780413909.8708096,54.006
1780413909.8761404,54.007
1780413909.8815932,54.009
1780413909.887108,53.246
1780413909.8933764,53.249
1780413909.8990622,53.248
1780413909.9051993,53.253
1780413909.911247,53.252
1780413909.917123,53.252
1780413909.9230444,53.252
1780413909.9291763,53.252
1780413909.9350376,53.253
1780413909.9410505,53.253
1780413909.947103,53.252
1780413909.9530954,53.252
1780413909.9590976,53.252
1780413909.965107,53.253
1780413909.971112,53.252
1780413909.9772356,53.252
1780413909.9831877,53.253
1780413909.9890528,53.253
1780413909.9950428,53.253
1780413910.0011618,53.253
1780413910.007141,53.253
1780413910.0130417,53.253
1780413910.0191207,53.253
1780413910.0250828,53.253
1780413910.031088,53.252
1780413910.037114,53.253
1780413910.043076,53.253
1780413910.0490735,53.253
1780413910.055188,53.253
1780413910.0611908,53.253
1780413910.0670228,53.253
1780413910.0730083,53.253
1780413910.079093,53.253
1780413910.0850215,53.252
1780413910.0910435,53.252
1780413910.0972226,53.253
1780413910.103003,53.253
1780413910.1090314,53.253
1780413910.115158,53.253
1780413910.1210337,53.253
1780413910.1271467,53.253
1780413910.133067,53.252
1780413910.1390917,53.253
1780413910.1451845,53.253
1780413910.1511004,53.252
1780413910.1571004,53.253
1780413910.163167,53.253
1780413910.1691701,53.253
1780413910.1750464,53.253
1780413910.181028,53.253
1780413910.1866477,53.253
1780413910.1926653,53.252
1780413910.198217,53.253
1780413910.2039206,53.253
1780413910.2099786,53.253
1780413910.215883,53.253
1780413910.2218308,53.253
1780413910.227442,53.253
1780413910.233107,53.253
1780413910.238772,53.253
1780413910.2447033,53.253
1780413910.2507632,53.253
1780413910.2567055,53.253
1780413910.2626545,53.253
1780413910.2687275,53.253
1780413910.274803,53.253
1780413910.280749,53.253
1780413910.2866137,53.253
1780413910.2926424,53.253
1780413910.2987802,53.253
1780413910.3047369,53.253
1780413910.3107574,53.253
1780413910.3166158,53.254
1780413910.3227167,53.253
1780413910.3287287,53.253
1780413910.3346362,53.253
1780413910.3407085,53.253
1780413910.346602,53.253
1780413910.3526769,53.253
1780413910.3588448,53.254
1780413910.3647883,53.253
1780413910.3707256,53.254
1780413910.3766632,53.254
1780413910.3827593,53.253
1780413910.3887744,53.253
1780413910.3947186,53.253
1780413910.4007957,53.254
1780413910.4067616,53.254
1780413910.4127758,53.253
1780413910.4186573,53.254
1780413910.4242516,53.253
1780413910.4299207,53.254
1780413910.435643,53.254
1780413910.4415734,53.254
1780413910.4474952,53.254
1780413910.4535549,53.253
1780413910.459541,53.253
1780413910.4654913,53.253
1780413910.471508,53.254
1780413910.477555,53.254
1780413910.4835002,53.254
1780413910.4895723,53.253
1780413910.4955187,53.253
1780413910.50153,53.254
1780413910.507428,53.253
1780413910.5130267,53.253
1780413910.5185385,53.254
1780413910.5243006,53.253
1780413910.5302894,53.253
1780413910.536281,53.254
1780413910.5423076,53.254
1780413910.548279,53.254
1780413910.5543485,53.253
1780413910.560188,53.254
1780413910.5658593,53.254
1780413910.5715692,53.254
1780413910.5772812,53.254
1780413910.5831072,53.254
1780413910.5890832,53.254
1780413910.5951552,53.254
1780413910.6010752,53.254
1780413910.6070986,53.253
1780413910.6130664,53.253
1780413910.6191483,53.254
1780413910.6250436,53.254
1780413910.631061,53.254
1780413910.637198,53.254
1780413910.643126,53.254
1780413910.6491165,53.254
1780413910.6551445,53.253
1780413910.6611571,53.254
1780413910.667043,53.254
1780413910.6730568,53.253
1780413910.6785111,53.254
1780413910.684063,53.254
1780413910.689927,53.254
1780413910.6959374,53.254
1780413910.701794,53.254
1780413910.7074776,53.254
1780413910.7131877,53.254
1780413910.7187078,53.254
1780413910.7247841,53.254
1780413910.7307515,53.254
1780413910.7367523,53.254
1780413910.7427623,53.254
1780413910.7486916,53.254
1780413910.7546952,53.253
1780413910.7607076,53.254
1780413910.7667181,53.254
1780413910.772735,53.254
1780413910.778677,53.254
1780413910.7846782,53.254
1780413910.7907243,53.254
1780413910.7967834,53.254
1780413910.8027716,53.254
1780413910.808574,53.254
1780413910.8142512,53.254
1780413910.8197415,53.254
1780413910.8255014,53.254
1780413910.831552,53.254
1780413910.8374968,53.254
1780413910.84355,53.254
1780413910.8494754,53.254
1780413910.8556204,53.253
1780413910.8615894,53.254
1780413910.8675308,53.254
1780413910.8735404,53.254
1780413910.879556,53.254
1780413910.8854647,53.254
1780413910.890969,53.254
1780413910.896592,53.254
1780413910.9022949,53.254
1780413910.9083395,53.254
1780413910.914331,53.254
1780413910.920249,53.254
1780413910.9262974,53.254
1780413910.932356,53.254
1780413910.9383574,53.254
1780413910.9443083,53.254
1780413910.950318,53.254
1780413910.9563403,53.253
1780413910.9623735,53.254
1780413910.9683323,53.254
1780413910.9743474,53.254
1780413910.980367,53.255
1780413910.9863193,53.254
1780413910.992357,53.254
1780413910.9983351,53.254
1780413911.0043104,53.254
1780413911.0102842,53.254
1780413911.0163713,53.254
1780413911.022375,53.254
1780413911.028298,53.254
1780413911.0343316,53.254
1780413911.0403373,53.255
1780413911.0463223,53.254
1780413911.0522773,53.254
1780413911.0582702,53.253
1780413911.0642533,53.254
1780413911.0702531,53.254
1780413911.0762079,53.254
1780413911.0823622,53.255
1780413911.0883613,53.254
1780413911.0943155,53.254
1780413911.100333,53.254
1780413911.1063216,53.255
1780413911.1124794,53.255
1780413911.118304,53.254
1780413911.1244013,53.254
1780413911.130357,53.254
1780413911.1363692,53.254
1780413911.142346,53.255
1780413911.1484258,53.255
1780413911.154296,53.254
1780413911.1603053,53.254
1780413911.1663728,53.254
1780413911.1723595,53.254
1780413911.178261,53.254
1780413911.1837292,53.255
1780413911.1893194,53.255
1780413911.1951766,53.254
1780413911.2011588,53.254
1780413911.2070253,53.254
1780413911.2125895,53.255
1780413911.218134,53.255
1780413911.2238157,53.254
1780413911.2302754,53.254
1780413911.235883,53.255
1780413911.2414813,53.254
1780413911.2470243,53.254
1780413911.2526808,53.254
1780413911.2587535,53.255
1780413911.2646732,53.255
1780413911.270704,53.254
1780413911.2767878,53.254
1780413911.2827747,53.255
1780413911.2887354,53.255
1780413911.2947571,53.254
1780413911.3007305,53.254
1780413911.3067439,53.254
1780413911.3127193,53.255
1780413911.3187575,53.254
1780413911.3247445,53.255
1780413911.330762,53.255
1780413911.3367603,53.255
1780413911.3427017,53.254
1780413911.3487465,53.255
1780413911.3547835,53.255
1780413911.3606796,53.255
1780413911.3667424,53.255
1780413911.3727286,53.255
1780413911.3786972,53.254
1780413911.3846972,53.255
1780413911.3908446,53.255
1780413911.3967922,53.255
1780413911.4028335,53.254
1780413911.4088514,53.254
1780413911.4148045,53.255
1780413911.4208143,53.255
1780413911.426515,53.255
1780413911.432251,53.255
1780413911.4378343,53.255
1780413911.4435232,53.254
1780413911.4495254,53.254
1780413911.4555562,53.255
1780413911.4615915,53.254
1780413911.4675016,53.255
1780413911.473516,53.255
1780413911.4796214,53.255
1780413911.4855258,53.255
1780413911.4916267,53.255
1780413911.4975514,53.255
1780413911.5036077,53.254
1780413911.5095816,53.255
1780413911.515602,53.254
1780413911.5215833,53.254
1780413911.5275378,53.255
1780413911.5335832,53.255
1780413911.5396037,53.255
1780413911.5455196,53.254
1780413911.5515237,53.255
1780413911.557712,53.255
1780413911.5634582,53.255
1780413911.568938,53.255
1780413911.5745497,53.255
1780413911.5804238,53.255
1780413911.586378,53.254
1780413911.5922883,53.255
1780413911.598351,53.255
1780413911.6043215,53.254
1780413911.6103346,53.254
1780413911.616411,53.255
1780413911.6222413,53.255
1780413911.6283815,53.255
1780413911.6343684,53.255
1780413911.6403022,53.255
1780413911.6464033,53.254
1780413911.6523519,53.255
1780413911.658394,53.255
1780413911.664379,53.255
1780413911.670307,53.255
1780413911.6763968,53.255
1780413911.6822872,53.255
1780413911.6879036,53.254
1780413911.693413,53.255
1780413911.6991,53.254
1780413911.7051656,53.255
1780413911.7110968,53.255
1780413911.717193,53.255
1780413911.7231784,53.255
1780413911.729036,53.255
1780413911.7351127,53.255
1780413911.7412162,53.255
1780413911.7472112,53.254
1780413911.7531867,53.255
1780413911.7591767,53.255
1780413911.7651865,53.254
1780413911.771177,53.255
1780413911.7771056,53.255
1780413911.7830675,53.255
1780413911.7887232,53.254
1780413911.7942698,53.255
1780413911.7999763,53.255
1780413911.8059382,53.255
1780413911.8120236,54.0
1780413911.8180256,53.255
1780413911.8239388,53.255
1780413911.83001,53.254
1780413911.835994,53.255
1780413911.8418765,53.255
1780413911.8479934,53.255
1780413911.8538847,54.0
1780413911.859926,53.255
1780413911.8660023,53.255
1780413911.8719928,53.255
1780413911.8780036,53.255
1780413911.883964,53.255
1780413911.8899577,53.254
1780413911.8960388,53.255
1780413911.9019485,53.255
1780413911.9080207,53.255
1780413911.913955,53.255
1780413911.9200034,53.255
1780413911.925945,53.255
1780413911.9319215,53.254
1780413911.9379575,53.255
1780413911.9439273,53.255
1780413911.949905,53.255
1780413911.9558783,53.255
1780413911.9618537,53.255
1780413911.9679315,53.255
1780413911.973924,53.255
1780413911.9799447,54.0
1780413911.9859462,53.255
1780413911.991937,53.254
1780413911.9979758,53.255
1780413912.0039647,53.255
1780413912.0100074,53.255
1780413912.016041,54.0
1780413912.0220318,53.255
1780413912.027929,53.255
1780413912.0338893,53.255
1780413912.039993,53.255
1780413912.0460093,53.255
1780413912.0519214,53.255
1780413912.057416,53.255
1780413912.0629425,54.0
1780413912.068729,54.0
1780413912.074619,53.255
1780413912.0807607,53.255
1780413912.0867193,53.255
1780413912.092782,54.0
1780413912.0986702,54.0
1780413912.104774,54.0
1780413912.1107075,54.0
1780413912.116701,54.0
1780413912.1227708,53.255
1780413912.1287475,53.255
1780413912.1346364,53.254
1780413912.140813,53.255
1780413912.1466765,53.255
1780413912.1527464,53.255
1780413912.1587253,54.0
1780413912.1647196,53.255
1780413912.1702468,53.255
1780413912.1758537,53.254
1780413912.1816804,53.255
1780413912.187468,53.255
1780413912.193078,53.255
1780413912.1986203,53.255
1780413912.2044086,53.255
1780413912.2103453,54.0
1780413912.2162924,53.254
1780413912.222426,53.255
1780413912.228255,53.255
1780413912.233831,54.0
1780413912.2394054,53.255
1780413912.245234,53.255
1780413912.2511134,53.255
1780413912.2570462,53.255
1780413912.2631915,53.255
1780413912.2690558,53.255
1780413912.2746375,53.255
1780413912.2802138,53.255
1780413912.2860146,53.255
1780413912.2919521,53.255
1780413912.2979283,53.254
1780413912.3040428,53.255
1780413912.309878,53.255
1780413912.3154612,53.255
1780413912.321038,54.0
1780413912.3268242,53.255
1780413912.3327177,53.255
1780413912.3381956,53.255
1780413912.3437562,54.0
1780413912.349544,54.0
1780413912.3555367,53.255
1780413912.3615952,53.255
1780413912.3676155,53.255
1780413912.373564,54.0
1780413912.3794441,53.255
1780413912.3855932,53.255
1780413912.3915334,54.0
1780413912.3975446,53.255
1780413912.4030502,54.0
1780413912.4085376,53.255
1780413912.4143627,54.0
1780413912.4203782,53.255
1780413912.4261663,53.255
1780413912.4324098,53.255
1780413912.438308,53.255
1780413912.4443345,53.255
1780413912.4503279,54.0
1780413912.4562337,53.255
1780413912.4624083,54.0
1780413912.4681735,54.017
1780413912.473414,54.005
1780413912.4789956,54.008
1780413912.4842298,54.011
1780413912.4897768,54.008
1780413912.4950283,54.011
1780413912.5007849,54.009
1780413912.5060818,54.009
1780413912.511377,54.014
1780413912.5166316,54.008
1780413912.522184,54.008
1780413912.527429,54.008
1780413912.5329854,54.008
1780413912.5382428,54.008
1780413912.5437548,54.008
1780413912.54902,54.011
1780413912.554604,54.008
1780413912.5600276,54.008
1780413912.5653985,54.009
1780413912.5706465,54.008
1780413912.5761948,54.008
1780413912.581442,54.013
1780413912.587012,54.007
1780413912.592446,54.008
1780413912.5978,54.007
1780413912.6030576,54.008
1780413912.6086032,54.009
1780413912.6140351,54.009
1780413912.6193826,54.013
1780413912.6248379,54.008
1780413912.6301804,54.008
1780413912.635449,54.008
1780413912.6409812,54.008
1780413912.6462383,54.008
1780413912.6517465,54.008
1780413912.657006,54.008
1780413912.6626005,54.008
1780413912.6680453,54.007
1780413912.6733737,54.008
1780413912.67869,54.009
1780413912.6841881,54.008
1780413912.689449,54.013
1780413912.6949937,54.006
1780413912.7002528,54.008
1780413912.70579,54.006
1780413912.7110293,54.008
1780413912.7165918,54.007
1780413912.7218392,54.007
1780413912.727397,54.011
1780413912.7326472,54.006
1780413912.7381463,54.01
1780413912.743407,54.007
1780413912.7490022,54.007
1780413912.7544694,54.012
1780413912.7599194,53.25
1780413912.7660165,53.25
1780413912.772024,53.25
1780413912.778041,53.254
1780413912.7840044,53.252
1780413912.7900233,53.253
1780413912.796025,53.253
1780413912.8020296,53.253
1780413912.807961,53.253
1780413912.813815,53.253
1780413912.8195348,53.253
1780413912.8254757,53.253
1780413912.8310914,53.253
1780413912.8367817,53.253
1780413912.8427606,53.253
1780413912.8488388,53.253
1780413912.8548582,53.253
1780413912.8608036,53.253
1780413912.8667417,53.254
1780413912.8728087,53.253
1780413912.8787649,53.253
1780413912.8848076,53.253
1780413912.8907404,53.253
1780413912.8967628,53.253
1780413912.9028025,53.253
1780413912.908791,53.253
1780413912.9148514,53.253
1780413912.9207497,53.253
1780413912.9267683,53.254
1780413912.9328072,53.253
1780413912.9387555,53.253
1780413912.944741,53.253
1780413912.9506817,53.253
1780413912.9567058,53.253
1780413912.9622808,53.253
1780413912.9680617,53.254
1780413912.9737077,53.253
1780413912.9795706,53.253
1780413912.9855907,53.253
1780413912.991468,53.253
1780413912.9971259,53.253
1780413913.002775,53.253
1780413913.0082867,53.254
1780413913.0144405,53.253
1780413913.0203638,53.253
1780413913.0263884,53.253
1780413913.0323036,53.253
1780413913.0379243,53.253
1780413913.0436277,53.253
1780413913.049254,53.253
1780413913.0552118,53.253
1780413913.0611854,53.253
1780413913.0671551,53.254
1780413913.0731277,53.254
1780413913.079208,53.253
1780413913.085189,53.253
1780413913.0912313,53.254
1780413913.0972104,53.254
1780413913.103385,53.254
1780413913.109157,53.254
1780413913.1150796,53.254
1780413913.1206121,53.254
1780413913.1262925,53.253
1780413913.131978,53.254
1780413913.1379688,53.254
1780413913.144028,53.253
1780413913.1500018,53.254
1780413913.1559472,53.254
1780413913.1619298,53.254
1780413913.1680381,53.254
1780413913.1740482,53.254
1780413913.1799676,53.254
1780413913.1859553,53.253
1780413913.1920328,53.254
1780413913.197998,53.254
1780413913.2039292,53.254
1780413913.209975,53.254
1780413913.2160265,53.254
1780413913.2219484,53.254
1780413913.2279723,53.254
1780413913.2340317,53.254
1780413913.2400367,53.254
1780413913.2459137,53.253
1780413913.2518687,53.254
1780413913.2574983,53.254
1780413913.2631547,53.254
1780413913.2689006,53.254
1780413913.2747064,53.254
1780413913.2808635,53.254
1780413913.286786,53.254
1780413913.2927163,53.254
1780413913.2982345,53.254
1780413913.3039494,53.254
1780413913.3094802,53.254
1780413913.3156629,53.254
1780413913.3216045,53.254
1780413913.3275774,53.254
1780413913.3336504,53.254
1780413913.339526,53.254
1780413913.3456228,53.253
1780413913.3515084,53.254
1780413913.35705,53.254
1780413913.3627677,53.254
1780413913.368372,53.254
1780413913.3744876,53.254
1780413913.3804173,53.254
1780413913.3864026,53.254
1780413913.3923712,53.254
1780413913.3983364,53.254
1780413913.4043417,53.254
1780413913.410225,53.254
1780413913.4163582,53.254
1780413913.422389,53.254
1780413913.428333,53.254
1780413913.4342563,53.254
1780413913.4402905,53.254
1780413913.4463608,53.253
1780413913.4522858,53.254
1780413913.4583411,53.254
1780413913.4643128,53.254
1780413913.4703367,53.255
1780413913.476421,53.254
1780413913.482354,53.254
1780413913.4883776,53.254
1780413913.4945092,53.254
1780413913.500427,53.254
1780413913.5063674,53.253
1780413913.5123863,53.254
1780413913.5183816,53.254
1780413913.5243738,53.254
1780413913.5303943,53.254
1780413913.5362928,53.254
1780413913.542437,53.254
1780413913.5483813,53.254
1780413913.5542896,53.254
1780413913.55993,53.254
1780413913.565595,53.254
1780413913.571074,53.254
1780413913.577209,53.254
1780413913.5832865,53.254
1780413913.589239,53.254
1780413913.5952065,53.254
1780413913.601189,53.254
1780413913.6071799,53.253
1780413913.6132357,53.254
1780413913.6191583,53.254
1780413913.6252677,53.254
1780413913.631156,53.255
1780413913.6366842,53.254
1780413913.6423254,53.254
1780413913.6479619,53.254
1780413913.6540468,53.254
1780413913.6600213,53.254
1780413913.666038,53.254
1780413913.67189,53.255
1780413913.6779737,53.255
1780413913.6840513,53.254
1780413913.6900315,53.254
1780413913.6960173,53.255
1780413913.7019956,53.254
1780413913.7079794,53.254
1780413913.7140355,53.254
1780413913.7199948,53.254
1780413913.7260547,53.255
1780413913.7320023,53.255
1780413913.737959,53.254
1780413913.743975,53.254
1780413913.74994,53.254
1780413913.755856,53.255
1780413913.7614775,53.254
1780413913.7671585,53.255
1780413913.7727222,53.255
1780413913.7788138,53.254
1780413913.7847095,53.254
1780413913.7907498,53.255
1780413913.796814,53.255
1780413913.802851,53.255
1780413913.8088012,53.254
1780413913.8147912,53.254
1780413913.8208022,53.255
1780413913.8268442,53.254
1780413913.8328433,53.255
1780413913.8387818,53.255
1780413913.8448195,53.255
1780413913.8508358,53.254
1780413913.856805,53.254
1780413913.8627832,53.254
1780413913.8687136,53.254
1780413913.8747609,53.254
1780413913.8808038,53.255
1780413913.886808,53.255
1780413913.8927736,53.255
1780413913.8987274,53.255
1780413913.904328,53.254
1780413913.9100437,53.254
1780413913.9157112,53.255
1780413913.921593,53.254
1780413913.9275956,53.254
1780413913.9335787,53.254
1780413913.9395785,53.254
1780413913.9456203,53.255
1780413913.951646,53.254
1780413913.9576228,53.254
1780413913.9636445,53.254
1780413913.969531,53.254
1780413913.9756017,53.255
1780413913.9815824,53.254
1780413913.9876213,53.255
1780413913.9935858,53.255
1780413913.9995427,53.255
1780413914.005594,53.255
1780413914.0115485,53.254
1780413914.017048,53.255
1780413914.0226452,53.255
1780413914.0283275,53.255
1780413914.0344799,53.255
1780413914.040485,53.254
1780413914.0463932,53.255
1780413914.0523622,53.254
1780413914.0584548,53.255
1780413914.0643668,53.255
1780413914.0703285,53.255
1780413914.0757227,53.255
1780413914.0814152,53.255
1780413914.087206,53.254
1780413914.093123,53.254
1780413914.099323,53.255
1780413914.1051967,53.255
1780413914.111134,53.254
1780413914.1166315,53.255
1780413914.1222296,53.254
1780413914.1279998,53.255
1780413914.1340754,53.255
1780413914.1400285,53.255
1780413914.1460097,53.255
1780413914.151911,53.254
1780413914.1580594,53.255
1780413914.1639695,53.255
1780413914.1699576,53.255
1780413914.176058,53.255
1780413914.18207,53.255
1780413914.1880312,53.255
1780413914.19407,53.254
1780413914.1999981,53.255
1780413914.206031,53.255
1780413914.2120526,53.255
1780413914.2179437,53.255
1780413914.2240448,53.255
1780413914.2299223,53.255
1780413914.2359374,53.255
1780413914.2420194,53.255
1780413914.2480273,53.255
1780413914.25405,53.254
1780413914.260046,53.255
1780413914.2660298,53.255
1780413914.2720518,53.255
1780413914.2780159,53.255
1780413914.2840345,53.255
1780413914.289977,53.255
1780413914.295982,53.254
1780413914.3019998,53.255
1780413914.308055,53.254
1780413914.3139563,53.255
1780413914.3200393,53.255
1780413914.326014,53.255
1780413914.3319838,53.255
1780413914.3380005,54.0
1780413914.3440492,53.255
1780413914.3500545,53.255
1780413914.355998,53.255
1780413914.3620465,53.255
1780413914.3680322,53.255
1780413914.3740268,53.255
1780413914.3799684,53.255
1780413914.3860168,53.255
1780413914.3919778,53.255
1780413914.3980267,53.255
1780413914.4040217,53.255
1780413914.4100897,53.255
1780413914.4159799,53.254
1780413914.4220536,53.255
1780413914.4280238,53.255
1780413914.4338887,53.255
1780413914.440029,53.255
1780413914.4460442,53.255
1780413914.451948,53.255
1780413914.4580348,53.254
1780413914.4639363,53.255
1780413914.4700098,53.255
1780413914.4759462,53.254
1780413914.4819016,53.255
1780413914.4880126,53.255
1780413914.4939501,53.255
1780413914.4998856,53.255
1780413914.505942,53.255
1780413914.511932,53.255
1780413914.5180337,53.254
1780413914.5240164,53.255
1780413914.529942,53.255
1780413914.5355403,53.255
1780413914.541214,53.255
1780413914.5468554,53.255
1780413914.5527623,53.255
1780413914.5587742,53.254
1780413914.5647328,54.0
1780413914.570338,53.255
1780413914.5760415,53.255
1780413914.5817928,54.0
1780413914.5875573,54.0
1780413914.5930717,54.0
1780413914.5985765,53.255
1780413914.6043186,54.0
1780413914.6102245,53.255
1780413914.6158154,53.255
1780413914.6214762,53.255
1780413914.6271577,53.255
1780413914.6332061,53.255
1780413914.6391907,53.255
1780413914.6451771,54.0
1780413914.6506963,53.255
1780413914.6562073,53.255
1780413914.6619806,53.255
1780413914.6680617,54.0
1780413914.6739779,53.255
1780413914.67993,53.255
1780413914.6860108,54.0
1780413914.691935,54.0
1780413914.698056,53.255
1780413914.7039304,53.254
1780413914.7100062,53.255
1780413914.7160065,53.255
1780413914.7219772,53.255
1780413914.7279477,54.0
1780413914.7340004,53.255
1780413914.7400546,53.255
1780413914.746018,53.255
1780413914.7520294,53.255
1780413914.7580597,53.255
1780413914.7640643,53.254
1780413914.7700965,53.255
1780413914.7760465,53.255
1780413914.7820652,53.255
1780413914.7880476,53.255
1780413914.7940137,53.255
1780413914.8000648,54.0
1780413914.8060427,53.254
1780413914.812054,53.255
1780413914.8179865,54.0
1780413914.8239439,53.255
1780413914.8299425,53.255
1780413914.83595,53.255
1780413914.8419647,53.255
1780413914.8479662,53.255
1780413914.8536053,53.255
1780413914.8594387,53.255
1780413914.865044,53.255
1780413914.870726,53.255
1780413914.8768275,53.255
1780413914.8827822,53.255
1780413914.8887672,53.254
1780413914.8942566,53.255
1780413914.8999527,53.255
1780413914.905553,53.255
1780413914.9115152,54.0
1780413914.917617,53.255
1780413914.9235325,53.255
1780413914.9295638,53.255
1780413914.9355707,53.255
1780413914.9411166,53.255
1780413914.9466455,53.255
1780413914.9523292,53.255
1780413914.9583614,53.255
1780413914.9638822,53.255
1780413914.9694145,53.255
1780413914.975226,53.255
1780413914.9811707,53.255
1780413914.9871316,53.255
1780413914.9931438,53.255
1780413914.9994798,53.255
1780413915.005214,53.255
1780413915.011239,53.255
1780413915.0171916,53.255
1780413915.0232708,53.255
1780413915.0292308,53.254
1780413915.035219,53.255
1780413915.0412185,53.255
1780413915.047258,53.255
1780413915.053238,54.0
1780413915.0593207,53.255
1780413915.065154,53.255
1780413915.0706575,53.254
1780413915.0762558,53.255
1780413915.0820122,53.255
1780413915.0880315,53.255
1780413915.094008,53.255
1780413915.1000473,54.0
1780413915.1059942,53.255
1780413915.1120276,53.254
1780413915.1180604,54.0
1780413915.1240244,54.0
1780413915.1300287,53.255
1780413915.1360276,54.0
1780413915.1419513,53.255
1780413915.148036,53.255
1780413915.1540074,53.255
1780413915.1600213,53.255
1780413915.166025,54.0
1780413915.1720364,54.0
1780413915.1780193,53.255
1780413915.1840808,53.255
1780413915.1900473,54.0
1780413915.195919,53.255
1780413915.2019575,53.255
1780413915.2075157,54.0
1780413915.2130616,53.255
1780413915.2187526,53.255
1780413915.224742,54.0
1780413915.230361,54.0
1780413915.235956,53.255
1780413915.2415583,53.255
1780413915.2476594,53.255
1780413915.253585,54.0
1780413915.25961,54.0
1780413915.2655506,54.0
1780413915.271672,54.0
1780413915.2776983,53.255
1780413915.2835927,53.255
1780413915.2895703,53.255
1780413915.295529,53.255
1780413915.3016026,54.0
1780413915.3075798,54.0
1780413915.313619,54.0
1780413915.3196886,54.0
1780413915.3256714,53.255
1780413915.3316855,53.255
1780413915.3375874,53.255
1780413915.342918,54.017
1780413915.3482533,54.009
1780413915.353706,54.012
1780413915.3590424,54.009
1780413915.3642774,54.013
1780413915.369862,54.011
1780413915.3752952,54.009
1780413915.3806534,54.014
1780413915.3860888,54.008
1780413915.3914468,54.009
1780413915.3966918,54.009
1780413915.4022465,54.009
1780413915.4074924,54.009
1780413915.4130464,54.009
1780413915.4183004,54.01
1780413915.4238596,54.008
1780413915.4292932,54.008
1780413915.4346085,54.009
1780413915.4398441,54.009
1780413915.4454656,54.008
1780413915.4508953,54.013
1780413915.456259,54.007
1780413915.461696,54.008
1780413915.4670014,54.007
1780413915.4722488,54.008
1780413915.4778762,54.008
1780413915.4833095,54.007
1780413915.4886553,54.013
1780413915.4939058,54.007
1780413915.4993925,54.008
1780413915.5046494,54.008
1780413915.5102034,54.008
1780413915.5154757,54.008
1780413915.5210357,54.01
1780413915.5262976,54.007
1780413915.5318682,54.008
1780413915.5372994,54.006
1780413915.542631,54.008
1780413915.5478828,54.008
1780413915.5533984,54.008
1780413915.5586648,54.013
1780413915.56424,54.006
1780413915.5694778,54.008
1780413915.5750446,54.007
1780413915.5802813,54.008
1780413915.5858018,54.007
1780413915.591065,54.009
1780413915.5966582,54.01
1780413915.6021,54.007
1780413915.6074405,54.012
1780413915.6126935,54.006
1780413915.618262,54.007
1780413915.6237097,54.01
1780413915.6290672,53.253
1780413915.6345983,53.248
1780413915.6403515,53.25
1780413915.6460285,53.254
1780413915.6519597,53.252
1780413915.657967,53.253
1780413915.663978,53.253
1780413915.6695182,53.252
1780413915.6750443,53.253
1780413915.6808558,53.253
1780413915.6868646,53.253
1780413915.6928687,53.252
1780413915.6988785,53.253
1780413915.7048512,53.253
1780413915.7108622,53.253
1780413915.7167919,53.253
1780413915.7227123,53.253
1780413915.7283692,53.253
1780413915.7340825,53.252
1780413915.7397072,53.253
1780413915.7455928,53.253
1780413915.7516565,53.253
1780413915.757671,53.253
1780413915.7635999,53.253
1780413915.7691305,53.253
1780413915.7747395,53.253
1780413915.7804272,53.253
1780413915.786472,53.253
1780413915.7924209,53.252
1780413915.7984579,53.253
1780413915.8043814,53.253
1780413915.810414,53.253
1780413915.8163798,53.254
1780413915.8223324,53.253
1780413915.8279867,53.253
1780413915.834011,53.252
1780413915.8395243,53.253
1780413915.8452115,53.253
1780413915.85134,53.253
1780413915.8572278,53.253
1780413915.8631792,53.253
1780413915.868709,53.253
1780413915.8742812,53.253
1780413915.8800447,53.253
1780413915.8860688,53.253
1780413915.8920455,53.253
1780413915.8979602,53.253
1780413915.9040482,53.253
1780413915.9100423,53.253
1780413915.9160433,53.253
1780413915.922017,53.253
1780413915.9280095,53.253
1780413915.934079,53.253
1780413915.9399965,53.253
1780413915.9458928,53.253
1780413915.951568,53.253
1780413915.9573636,53.254
1780413915.9629638,53.254
1780413915.9688501,53.253
1780413915.9747965,53.253
1780413915.9808137,53.253
1780413915.9868436,53.253
1780413915.9928274,53.254
1780413915.998867,53.254
1780413916.0048,53.254
1780413916.010319,53.254
1780413916.0159488,53.253
1780413916.0215795,53.253
1780413916.02767,53.254
1780413916.0336246,53.253
1780413916.0396745,53.253
1780413916.04563,53.254
1780413916.0517035,53.253
1780413916.0576909,53.254
1780413916.0635908,53.254
1780413916.0695796,53.254
1780413916.0756147,53.253
1780413916.081613,53.253
1780413916.0876272,53.254
1780413916.0936162,53.254
1780413916.0995996,53.254
1780413916.1056402,53.253
1780413916.1116464,53.253
1780413916.117654,53.254
1780413916.123468,53.254
1780413916.129129,53.253
1780413916.1347244,53.253
1780413916.1404705,53.254
1780413916.1463299,53.254
1780413916.152475,53.254
1780413916.158499,53.253
1780413916.1644182,53.254
1780413916.170461,53.253
1780413916.1763637,53.254
1780413916.1819322,53.254
1780413916.1875226,53.254
1780413916.1932492,53.254
1780413916.199214,53.254
1780413916.2051773,53.254
1780413916.2107263,53.254
1780413916.2163868,53.254
1780413916.222007,53.254
1780413916.228036,53.254
1780413916.23411,53.254
1780413916.2399871,53.254
1780413916.2460601,53.254
1780413916.2520437,53.254
1780413916.258113,53.253
1780413916.2640574,53.254
1780413916.270036,53.254
1780413916.2760704,53.254
1780413916.2820818,53.254
1780413916.2880955,53.254
1780413916.294024,53.254
1780413916.2999833,53.254
1780413916.3059206,53.254
1780413916.3119695,53.254
1780413916.3180208,53.254
1780413916.3238482,53.254
1780413916.330009,53.254
1780413916.3360107,53.254
1780413916.3419995,53.254
1780413916.3480036,53.254
1780413916.3539863,53.254
1780413916.3600342,53.254
1780413916.3660853,53.254
1780413916.3720174,53.254
1780413916.3779943,53.254
1780413916.383898,53.254
1780413916.390122,53.254
1780413916.3960044,53.254
1780413916.402044,53.254
1780413916.4080794,53.254
1780413916.4139807,53.254
1780413916.4200182,53.254
1780413916.4260767,53.254
1780413916.432052,53.254
1780413916.4381242,53.254
1780413916.4440355,53.255
1780413916.4500704,53.254
1780413916.4560573,53.254
1780413916.4620745,53.254
1780413916.468016,53.254
1780413916.4740613,53.254
1780413916.4800289,53.253
1780413916.486047,53.254
1780413916.492026,53.254
1780413916.4980392,53.254
1780413916.5039814,53.254
1780413916.5094724,53.254
1780413916.515078,53.254
1780413916.520861,53.253
1780413916.5269077,53.254
1780413916.5329092,53.254
1780413916.5389159,53.254
1780413916.5448585,53.255
1780413916.5508587,53.254
1780413916.5568721,53.254
1780413916.5629098,53.254
1780413916.5688252,53.254
1780413916.574854,53.254
1780413916.5808277,53.254
1780413916.5868526,53.254
1780413916.592824,53.254
1780413916.5988858,53.254
1780413916.6048608,53.255
1780413916.610853,53.255
1780413916.6168332,53.255
1780413916.6228483,53.254
1780413916.6287677,53.254
1780413916.6343234,53.254
1780413916.6400409,53.254
1780413916.6457398,53.255
1780413916.6516583,53.254
1780413916.6577814,53.254
1780413916.663637,53.254
1780413916.6696136,53.255
1780413916.675716,53.254
1780413916.6815777,53.254
1780413916.6871305,53.254
1780413916.6927335,53.254
1780413916.6983907,53.254
1780413916.7044325,53.254
1780413916.7105432,53.254
1780413916.7163117,53.254
1780413916.7218678,53.254
1780413916.72741,53.254
1780413916.7332053,53.255
1780413916.7393334,53.254
1780413916.7451947,53.254
1780413916.7512863,53.254
1780413916.757251,53.255
1780413916.7633018,53.254
1780413916.7692034,53.254
1780413916.7752502,53.255
1780413916.781307,53.255
1780413916.7872782,53.255
1780413916.7932174,53.255
1780413916.7993424,53.255
1780413916.805256,53.254
1780413916.8112352,53.254
1780413916.8172247,53.255
1780413916.823304,53.253
1780413916.8291912,53.255
1780413916.8352172,53.254
1780413916.8412318,53.254
1780413916.8472438,53.255
1780413916.8532352,53.254
1780413916.8592439,53.254
1780413916.8651793,53.254
1780413916.8713133,53.254
1780413916.8771942,53.254
1780413916.883202,53.254
1780413916.8892202,53.255
1780413916.8951857,53.255
1780413916.900761,53.254
1780413916.9063578,53.254
1780413916.9120395,53.254
1780413916.9181442,53.254
1780413916.9239607,53.254
1780413916.929423,53.255
1780413916.9350157,53.255
1780413916.9408414,53.254
1780413916.9468582,53.255
1780413916.95279,53.254
1780413916.9588287,53.254
1780413916.9647815,53.253
1780413916.970824,53.255
1780413916.9768536,53.255
1780413916.9828947,53.255
1780413916.9888947,53.255
1780413916.9948719,53.255
1780413917.0008214,53.255
1780413917.0068457,53.254
1780413917.0128968,53.255
1780413917.0188754,53.254
1780413917.024811,53.255
1780413917.0307567,53.255
1780413917.036848,53.255
1780413917.0428586,53.254
1780413917.0489025,53.255
1780413917.054885,53.255
1780413917.0608053,53.255
1780413917.0668197,53.254
1780413917.0723233,54.0
1780413917.077895,53.255
1780413917.083525,53.255
1780413917.089555,53.255
1780413917.0957093,53.255
1780413917.101669,53.255
1780413917.107665,53.254
1780413917.1136808,53.255
1780413917.1196508,53.255
1780413917.1256564,53.255
1780413917.1316981,53.255
1780413917.1376705,53.255
1780413917.143627,53.255
1780413917.1495645,53.254
1780413917.1557405,53.255
1780413917.1617112,53.255
1780413917.1675608,53.255
1780413917.1730494,53.255
1780413917.1786644,53.255
1780413917.184501,53.255
1780413917.1904535,53.254
1780413917.196381,53.255
1780413917.2025013,53.255
1780413917.208388,53.255
1780413917.213914,53.255
1780413917.2195425,53.255
1780413917.2253065,53.255
1780413917.231281,53.255
1780413917.23728,53.255
1780413917.243223,53.255
1780413917.2491887,53.254
1780413917.2553313,53.255
1780413917.2612083,53.255
1780413917.267256,53.255
1780413917.273283,53.255
1780413917.2792997,53.255
1780413917.2852685,53.255
1780413917.2912052,53.254
1780413917.2967136,53.255
1780413917.3023188,53.255
1780413917.3079863,53.255
1780413917.3140569,53.255
1780413917.3199427,53.255
1780413917.3256407,53.255
1780413917.3315558,53.254
1780413917.337183,53.255
1780413917.3429427,53.255
1780413917.3489199,53.255
1780413917.3549273,53.255
1780413917.3608763,53.255
1780413917.3668296,53.255
1780413917.3728147,53.255
1780413917.378911,53.255
1780413917.384824,53.255
1780413917.390813,53.255
1780413917.396921,53.255
1780413917.4027991,53.255
1780413917.4083254,53.255
1780413917.4139702,53.255
1780413917.4196494,53.255
1780413917.4255986,53.255
1780413917.4311197,53.255
1780413917.43685,54.0
1780413917.4424317,53.255
1780413917.4483664,53.255
1780413917.4544587,53.255
1780413917.460476,53.255
1780413917.4664543,53.255
1780413917.4724677,53.255
1780413917.478418,53.255
1780413917.4843915,53.255
1780413917.489978,53.255
1780413917.4955711,53.254
1780413917.5012178,54.0
1780413917.507162,53.255
1780413917.5128012,53.255
1780413917.5184727,53.255
1780413917.5240557,53.255
1780413917.5300443,53.255
1780413917.5360253,53.255
1780413917.5415077,53.255
1780413917.5470119,54.0
1780413917.5529437,53.255
1780413917.5588968,53.255
1780413917.5648208,53.255
1780413917.570799,54.0
1780413917.5762887,53.255
1780413917.5816028,53.255
1780413917.5876453,53.255
1780413917.593138,53.255
1780413917.5986252,53.255
1780413917.6044586,53.255
1780413917.6103787,54.0
1780413917.6164088,54.0
1780413917.622453,53.255
1780413917.628457,53.255
1780413917.6344182,53.255
1780413917.6403913,53.254
1780413917.6463594,53.255
1780413917.6525123,53.255
1780413917.6584375,53.255
1780413917.6643567,54.0
1780413917.6703994,53.255
1780413917.6764004,54.0
1780413917.6825445,53.255
1780413917.6884453,54.0
1780413917.694417,53.255
1780413917.7003386,53.255
1780413917.7057824,53.255
1780413917.7114782,53.255
1780413917.7173958,53.255
1780413917.7232587,53.255
1780413917.7293305,53.255
1780413917.7352753,53.255
1780413917.741281,53.255
1780413917.747242,53.255
1780413917.753287,53.255
1780413917.7592607,53.255
1780413917.7652411,54.0
1780413917.7713335,53.255
1780413917.777187,53.255
1780413917.7826853,53.255
1780413917.7880619,54.0
1780413917.7940927,53.255
1780413917.8000302,53.255
1780413917.8056195,53.255
1780413917.8111966,53.255
1780413917.816829,54.0
1780413917.8228705,53.255
1780413917.8289323,53.255
1780413917.8348825,54.0
1780413917.84088,53.255
1780413917.8468356,53.255
1780413917.8529532,53.255
1780413917.85877,53.255
1780413917.8648317,53.254
1780413917.870888,53.255
1780413917.8768551,53.255
1780413917.8828342,54.0
1780413917.8888795,54.0
1780413917.8948,53.255
1780413917.900865,54.0
1780413917.906897,53.255
1780413917.9128678,53.255
1780413917.9188173,53.255
1780413917.9248948,53.255
1780413917.9306912,53.255
1780413917.9363294,54.0
1780413917.942035,53.255
1780413917.947638,53.254
1780413917.953695,53.255
1780413917.9596138,53.255
1780413917.9656098,53.255
1780413917.971614,54.0
1780413917.9775763,53.255
1780413917.9836295,53.255
1780413917.989699,53.255
1780413917.9955976,53.255
1780413918.0017285,53.255
1780413918.0075922,53.255
1780413918.013192,54.0
1780413918.0186532,53.255
1780413918.024462,53.255
1780413918.0304823,53.255
1780413918.0364573,53.255
1780413918.042585,53.255
1780413918.0484433,53.255
1780413918.054513,53.255
1780413918.0604386,54.0
1780413918.0665123,53.255
1780413918.072418,54.0
1780413918.0784144,53.255
1780413918.0845265,54.0
1780413918.0904925,53.254
1780413918.0965676,53.255
1780413918.102416,53.255
1780413918.1079738,54.0
1780413918.1135375,53.255
1780413918.1193125,53.255
1780413918.1252458,53.255
1780413918.1312575,53.254
1780413918.1372993,53.255
1780413918.1431808,54.0
1780413918.1493251,54.0
1780413918.1553445,54.0
1780413918.1613116,54.0
1780413918.167275,54.0
1780413918.1733284,53.255
1780413918.1792305,54.0
1780413918.1852684,53.255
1780413918.1912951,53.255
1780413918.1973083,54.0
1780413918.2032857,53.255
1780413918.209333,54.0
1780413918.215216,53.249
1780413918.220576,54.013
1780413918.2259095,54.012
1780413918.231357,54.01
1780413918.2366884,54.009
1780413918.241934,54.014
1780413918.2475047,54.008
1780413918.2527575,54.01
1780413918.2583134,54.012
1780413918.2637486,54.009
1780413918.269093,54.008
1780413918.2745423,54.009
1780413918.2799075,54.008
1780413918.2853525,54.009
1780413918.290703,54.013
1780413918.295963,54.007
1780413918.3015137,54.008
1780413918.3069572,54.007
1780413918.312311,54.008
1780413918.3177514,54.008
1780413918.3231332,54.009
1780413918.328584,54.012
1780413918.3339167,54.008
1780413918.339356,54.008
1780413918.344715,54.008
1780413918.3499672,54.008
1780413918.3555124,54.008
1780413918.3609498,54.011
1780413918.3663213,54.009
1780413918.3717651,54.008
1780413918.3770938,54.007
1780413918.3823543,54.009
1780413918.3878946,54.009
1780413918.3931463,54.008
1780413918.3987145,54.013
1780413918.4041612,54.007
1780413918.4094925,54.008
1780413918.414745,54.008
1780413918.4202864,54.008
1780413918.4255376,54.007
1780413918.4311035,54.007
1780413918.4365447,54.009
1780413918.441922,54.007
1780413918.4473743,54.007
1780413918.4527013,54.008
1780413918.457951,54.008
1780413918.4635057,54.007
1780413918.4687572,54.012
1780413918.474308,54.007
1780413918.4795663,54.006
1780413918.485122,54.013
1780413918.4905558,54.007
1780413918.4958558,54.009
1780413918.5011137,54.009
1780413918.5069478,53.247
1780413918.5128922,53.249
1780413918.5188255,53.253
1780413918.5249112,53.253
1780413918.5309327,53.253
1780413918.5368838,53.253
1780413918.5428426,53.253
1780413918.5490024,53.253
1780413918.5549424,53.253
1780413918.5607927,53.253
1780413918.5669994,53.253
1780413918.5728648,53.253
1780413918.578959,53.253
1780413918.5849628,53.253
1780413918.5909688,53.253
1780413918.5969458,53.253
1780413918.6028419,53.253
1780413918.6088786,53.252
1780413918.6148782,53.253
1780413918.620857,53.254
1780413918.6268864,53.253
1780413918.6328678,53.253
1780413918.639058,53.253
1780413918.6447804,53.253
1780413918.6509268,53.253
1780413918.656945,53.253
1780413918.6629837,53.253
1780413918.668936,53.252
1780413918.67494,53.253
1780413918.6809013,53.253
1780413918.686954,53.253
1780413918.6929104,53.254
1780413918.6988583,53.254
1780413918.7049322,53.253
1780413918.710807,53.253
1780413918.7169251,53.253
1780413918.722763,53.253
1780413918.7288592,53.253
1780413918.7350314,53.253
1780413918.740975,53.253
1780413918.7471974,53.253
1780413918.753046,53.254
1780413918.7589982,53.254
1780413918.7649477,53.254
1780413918.7710097,53.253
1780413918.7768738,53.253
1780413918.782928,53.254
1780413918.7888331,53.253
1780413918.7948694,53.254
1780413918.80093,53.253
1780413918.8068612,53.254
1780413918.8128395,53.254
1780413918.8187919,53.253
1780413918.8244445,53.254
1780413918.8300452,53.253
1780413918.8356807,53.254
1780413918.8417103,53.254
1780413918.8477204,53.253
1780413918.8537474,53.254
1780413918.8597188,53.254
1780413918.8657055,53.254
1780413918.8717263,53.254
1780413918.877611,53.254
1780413918.8831542,53.253
1780413918.8888724,53.253
1780413918.894392,53.254
1780413918.9004638,53.254
1780413918.9065287,53.253
1780413918.9124777,53.254
1780413918.9185028,53.254
1780413918.9244738,53.254
1780413918.9304368,53.253
1780413918.936406,53.254
1780413918.9424086,53.254
1780413918.9484932,53.254
1780413918.9544628,53.255
1780413918.960401,53.254
1780413918.9665103,53.254
1780413918.972473,53.254
1780413918.9784477,53.254
1780413918.9844697,53.254
1780413918.990395,53.254
1780413918.9960012,53.254
1780413919.0014458,53.254
1780413919.0072727,53.254
1780413919.0132828,53.254
1780413919.0192754,53.254
1780413919.0253828,53.254
1780413919.0312166,53.254
1780413919.0368176,53.254
1780413919.042305,53.254
1780413919.0480547,53.254
1780413919.0540502,53.254
1780413919.0599964,53.254
1780413919.0656033,53.254
1780413919.0712464,53.254
1780413919.0767856,53.254
1780413919.082946,53.254
1780413919.0888228,53.254
1780413919.094958,53.254
1780413919.100987,53.254
1780413919.1069362,53.254
1780413919.1129365,53.253
1780413919.1190078,53.254
1780413919.124987,53.254
1780413919.130895,53.254
1780413919.136904,53.254
1780413919.1428854,53.254
1780413919.1489973,53.254
1780413919.154914,53.254
1780413919.160842,53.254
1780413919.166978,53.254
1780413919.1728182,53.253
1780413919.1789625,53.254
1780413919.184903,53.254
1780413919.1908956,53.254
1780413919.1968489,53.254
1780413919.2028067,53.254
1780413919.2088552,53.254
1780413919.2148838,53.254
1780413919.2208412,53.254
1780413919.2269232,53.254
1780413919.2327774,53.254
1780413919.2383325,53.254
1780413919.2438967,53.254
1780413919.2497134,53.254
1780413919.2557034,53.254
1780413919.261617,53.254
1780413919.2671387,53.254
1780413919.2728918,53.254
1780413919.2784445,53.254
1780413919.28452,53.254
1780413919.290581,53.254
1780413919.2964177,53.254
1780413919.3024726,53.254
1780413919.3086042,53.254
1780413919.314515,53.253
1780413919.320483,53.254
1780413919.326487,53.254
1780413919.3325267,53.254
1780413919.3385057,53.255
1780413919.3444455,53.254
1780413919.3505511,53.254
1780413919.356489,53.254
1780413919.3625076,53.254
1780413919.368467,53.254
1780413919.374453,53.254
1780413919.3804498,53.254
1780413919.38597,53.254
1780413919.3915772,53.254
1780413919.39727,53.254
1780413919.4033349,53.254
1780413919.409375,53.254
1780413919.4153736,53.253
1780413919.4213827,53.254
1780413919.4273257,53.254
1780413919.4333243,53.254
1780413919.439311,53.255
1780413919.4453144,53.255
1780413919.451359,53.255
1780413919.4572666,53.254
1780413919.4632583,53.254
1780413919.4693675,53.254
1780413919.475235,53.254
1780413919.4812367,53.254
1780413919.4873397,53.254
1780413919.4932213,53.254
1780413919.4993312,53.255
1780413919.5052931,53.255
1780413919.5113428,53.254
1780413919.517319,53.254
1780413919.5231974,53.254
1780413919.5292838,53.255
1780413919.5352662,53.254
1780413919.541292,53.254
1780413919.5473428,53.255
1780413919.5533226,53.255
1780413919.5592782,53.254
1780413919.5652602,53.254
1780413919.5712984,53.254
1780413919.5772157,53.254
1780413919.5832407,53.255
1780413919.588717,53.254
1780413919.5944436,53.254
1780413919.6001923,53.255
1780413919.6061509,53.255
1780413919.612201,53.255
1780413919.618125,53.254
1780413919.6240816,53.255
1780413919.6301954,53.254
1780413919.6360657,53.254
1780413919.6420135,53.255
1780413919.6481357,53.254
1780413919.6541312,53.254
1780413919.660049,53.254
1780413919.6660624,53.254
1780413919.6721463,53.254
1780413919.6781075,53.254
1780413919.6840994,53.254
1780413919.6901288,53.254
1780413919.6960845,53.255
1780413919.7020879,53.255
1780413919.7080753,53.254
1780413919.7140625,53.254
1780413919.7200358,53.254
1780413919.726104,53.255
1780413919.7320113,53.255
1780413919.7380946,53.255
1780413919.7440522,53.255
1780413919.7500672,53.255
1780413919.7561088,53.255
1780413919.7620697,53.254
1780413919.7681224,53.255
1780413919.7741187,53.255
1780413919.780116,53.254
1780413919.7861125,53.255
1780413919.792089,53.255
1780413919.7981086,53.255
1780413919.80412,53.255
1780413919.8099802,53.255
1780413919.8155525,53.255
1780413919.8210812,53.254
1780413919.8269434,53.255
1780413919.832846,53.255
1780413919.8389437,53.254
1780413919.8448732,53.255
1780413919.8507946,53.255
1780413919.8563807,53.254
1780413919.8619769,53.254
1780413919.8677022,53.255
1780413919.8736384,53.255
1780413919.8792284,53.254
1780413919.8848064,53.254
1780413919.8905444,53.255
1780413919.896441,53.255
1780413919.9019592,53.255
1780413919.9073865,53.255
1780413919.9133036,53.255
1780413919.919243,53.254
1780413919.9253137,53.255
1780413919.9311998,53.255
1780413919.9373457,53.255
1780413919.9432526,53.255
1780413919.948686,53.255
1780413919.9543262,53.255
1780413919.9601803,53.255
1780413919.966148,53.255
1780413919.9720876,53.255
1780413919.9782205,53.255
1780413919.9840868,53.254
1780413919.9901674,53.255
1780413919.9961092,53.254
1780413920.002152,53.255
1780413920.0080764,53.255
1780413920.0141432,53.255
1780413920.0202234,53.255
1780413920.026039,53.255
1780413920.0321527,53.255
1780413920.0381105,53.255
1780413920.0440936,53.255
1780413920.0500321,53.255
1780413920.056175,53.255
1780413920.0621448,53.255
1780413920.068099,54.0
1780413920.0741112,53.254
1780413920.0800357,53.255
1780413920.086075,53.253
1780413920.0920415,53.255
1780413920.0980499,53.255
1780413920.1040149,53.255
1780413920.110112,53.255
1780413920.1161008,53.255
1780413920.122148,53.255
1780413920.128126,53.254
1780413920.1341596,53.255
1780413920.1401405,53.255
1780413920.1460204,53.255
1780413920.151944,53.255
1780413920.1580977,53.255
1780413920.1639986,53.255
1780413920.170163,53.255
1780413920.1761217,54.0
1780413920.182127,53.255
1780413920.187982,53.255
1780413920.1936035,53.255
1780413920.1990669,53.255
1780413920.2049296,53.255
1780413920.2108567,53.254
1780413920.216447,53.254
1780413920.222061,53.255
1780413920.2276435,53.255
1780413920.233592,53.255
1780413920.2398033,53.254
1780413920.2456667,53.255
1780413920.2517645,53.255
1780413920.2576993,53.255
1780413920.2636628,54.0
1780413920.2696807,53.254
1780413920.2757177,53.255
1780413920.2816372,53.255
1780413920.2877219,53.255
1780413920.2937498,53.255
1780413920.2996798,53.255
1780413920.3057282,53.255
1780413920.311725,53.255
1780413920.3176906,53.255
1780413920.3237581,53.255
1780413920.3297343,53.255
1780413920.3356848,53.255
1780413920.3417025,53.255
1780413920.3477395,53.255
1780413920.3536592,53.255
1780413920.3597574,53.255
1780413920.3657916,53.255
1780413920.3716996,53.254
1780413920.3777993,53.255
1780413920.3836591,53.255
1780413920.3898323,53.255
1780413920.395757,53.255
1780413920.4017274,53.255
1780413920.4076905,53.255
1780413920.413676,53.254
1780413920.41964,53.255
1780413920.425156,53.255
1780413920.430766,53.255
1780413920.4365578,53.255
1780413920.4425087,53.255
1780413920.448417,53.255
1780413920.4540045,53.254
1780413920.4596574,53.255
1780413920.465399,53.255
1780413920.4713583,53.255
1780413920.4773264,53.255
1780413920.483333,53.255
1780413920.4892924,53.255
1780413920.495348,53.255
1780413920.501258,53.255
1780413920.5072563,54.0
1780413920.5132844,53.255
1780413920.5192993,53.255
1780413920.5252612,53.255
1780413920.531332,53.255
1780413920.537289,53.255
1780413920.5433109,54.0
1780413920.5492811,53.255
1780413920.5553048,53.255
1780413920.5613325,53.255
1780413920.5673401,53.255
1780413920.57331,53.255
1780413920.5793746,54.0
1780413920.5853627,53.255
1780413920.5913532,53.255
1780413920.597221,53.255
1780413920.6033168,53.255
1780413920.609229,53.255
1780413920.6152775,53.255
1780413920.6207924,54.0
1780413920.6263244,53.255
1780413920.6320658,53.255
1780413920.63835,53.255
1780413920.6440732,53.255
1780413920.6502314,53.255
1780413920.6560533,53.255
1780413920.6615145,53.255
1780413920.6670322,53.255
1780413920.673038,54.0
1780413920.6790032,53.255
1780413920.6849575,53.255
1780413920.6909642,53.255
1780413920.6968975,53.255
1780413920.702322,54.0
1780413920.7079413,54.0
1780413920.7138443,53.255
1780413920.7198365,53.255
1780413920.7257802,54.0
1780413920.7317958,54.0
1780413920.737634,54.0
1780413920.7431324,54.0
1780413920.74878,53.255
1780413920.754605,54.0
1780413920.7605624,53.255
1780413920.7665741,53.255
1780413920.7725778,53.255
1780413920.7784941,53.255
1780413920.7845607,54.0
1780413920.790464,53.255
1780413920.7964754,53.255
1780413920.8025095,53.255
1780413920.8084705,54.0
1780413920.8145108,54.0
1780413920.8205168,53.255
1780413920.8265638,53.255
1780413920.8325322,54.0
1780413920.838584,53.255
1780413920.844521,54.0
1780413920.8505287,54.0
1780413920.8564775,54.0
1780413920.8624842,53.255
1780413920.8685665,53.255
1780413920.8745337,53.255
1780413920.8804855,53.255
1780413920.885969,54.0
1780413920.8916361,54.0
1780413920.8973114,53.255
1780413920.9032965,53.255
1780413920.9092705,53.255
1780413920.9153829,53.255
1780413920.9213,53.255
1780413920.9267783,54.0
1780413920.9323845,54.0
1780413920.9380453,54.0
1780413920.9436877,53.254
1780413920.9492803,53.255
1780413920.954939,53.255
1780413920.9609492,53.255
1780413920.9669635,54.0
1780413920.973017,53.255
1780413920.978889,53.255
1780413920.9844477,53.254
1780413920.9900365,54.0
1780413920.9957194,54.0
1780413921.0017412,53.255
1780413921.0077298,54.0
1780413921.0136504,53.255
1780413921.0197668,53.255
1780413921.0256379,53.255
1780413921.0316436,53.255
1780413921.0376728,53.255
1780413921.0437808,54.0
1780413921.0497406,54.0
1780413921.0557003,54.0
1780413921.0616486,54.0
1780413921.0676334,54.0
1780413921.073712,53.255
1780413921.0797212,53.255
1780413921.085587,53.255
1780413921.0909953,54.019
1780413921.0963655,54.011
1780413921.101814,54.013
1780413921.1071577,54.008
1780413921.1123922,54.012
1780413921.1179712,54.012
1780413921.1234114,54.009
1780413921.1287544,54.014
1780413921.1340146,54.008
1780413921.1395564,54.009
1780413921.144813,54.009
1780413921.1503685,54.009
1780413921.155846,54.008
1780413921.1611226,54.008
1780413921.1663885,54.011
1780413921.1719732,54.008
1780413921.1774187,54.008
1780413921.1827412,54.009
1780413921.187994,54.009
1780413921.1935673,54.009
1780413921.198814,54.013
1780413921.2043805,54.007
1780413921.209817,54.008
1780413921.215165,54.007
1780413921.220406,54.008
1780413921.2259693,54.008
1780413921.2314034,54.007
1780413921.2367725,54.014
1780413921.242213,54.007
1780413921.24756,54.008
1780413921.2528133,54.008
1780413921.258314,54.008
1780413921.2635887,54.008
1780413921.269149,54.009
1780413921.2744045,54.007
1780413921.279998,54.008
1780413921.2854362,54.006
1780413921.2907748,54.008
1780413921.2962167,54.009
1780413921.3015506,54.007
1780413921.3068051,54.013
1780413921.312356,54.006
1780413921.317605,54.007
1780413921.3231661,54.007
1780413921.3284035,54.008
1780413921.333961,54.007
1780413921.3392086,54.008
1780413921.3447592,54.01
1780413921.3500133,54.007
1780413921.3555639,54.011
1780413921.3608239,54.007
1780413921.3663816,54.007
1780413921.3718362,54.011
1780413921.3772993,53.254
1780413921.3827927,53.249
1780413921.3886285,53.249
1780413921.3941996,53.254
1780413921.4000533,53.253
1780413921.4055548,53.253
1780413921.4111066,53.253
1780413921.4169142,53.253
1780413921.4230087,53.253
1780413921.429002,53.253
1780413921.4349542,53.253
1780413921.4410021,53.252
1780413921.4469564,53.253
1780413921.4529471,53.253
1780413921.458956,53.253
1780413921.4649475,53.253
1780413921.470931,53.254
1780413921.4770334,53.254
1780413921.483041,53.253
1780413921.4890118,53.253
1780413921.494881,53.253
1780413921.50103,53.252
1780413921.5069942,53.253
1780413921.5128832,53.253
1780413921.5190244,53.253
1780413921.5250194,53.254
1780413921.5309649,53.254
1780413921.5370286,53.253
1780413921.5428944,53.253
1780413921.5487666,53.253
1780413921.5544796,53.253
1780413921.5600607,53.253
1780413921.5655994,53.254
1780413921.57177,53.254
1780413921.5777423,53.254
1780413921.583661,53.253
1780413921.5896478,53.253
1780413921.5955927,53.254
1780413921.6012468,53.253
1780413921.606806,53.253
1780413921.612542,53.253
1780413921.618519,53.253
1780413921.6245623,53.254
1780413921.6304462,53.254
1780413921.6365492,53.253
1780413921.6425142,53.253
1780413921.648605,53.254
1780413921.6545358,53.253
1780413921.660546,53.253
1780413921.6665876,53.254
1780413921.6725488,53.254
1780413921.6785927,53.253
1780413921.68455,53.254
1780413921.6904745,53.253
1780413921.696086,53.254
1780413921.7020292,53.253
1780413921.7076523,53.254
1780413921.7132912,53.254
1780413921.7193527,53.254
1780413921.7253115,53.254
1780413921.7308772,53.254
1780413921.7365203,53.254
1780413921.74219,53.253
1780413921.7481596,53.253
1780413921.7541463,53.253
1780413921.7602081,53.254
1780413921.7661083,53.254
1780413921.7720814,53.254
1780413921.778219,53.254
1780413921.784152,53.253
1780413921.7901235,53.254
1780413921.7960882,53.254
1780413921.8022192,53.253
1780413921.8081267,53.254
1780413921.8140163,53.254
1780413921.820078,53.254
1780413921.826108,53.254
1780413921.8321266,53.254
1780413921.838214,53.254
1780413921.8441405,53.254
1780413921.8501556,53.254
1780413921.856161,53.254
1780413921.8621461,53.253
1780413921.8681922,53.254
1780413921.8740282,53.254
1780413921.8801925,53.254
1780413921.8861504,53.254
1780413921.8920205,53.254
1780413921.897686,53.254
1780413921.9033625,53.254
1780413921.9090395,53.254
1780413921.9149451,53.254
1780413921.920919,53.254
1780413921.9269753,53.254
1780413921.9329107,53.254
1780413921.9384568,53.254
1780413921.944034,53.253
1780413921.9497254,53.254
1780413921.955782,53.254
1780413921.9617574,53.254
1780413921.9677336,53.254
1780413921.9737344,53.254
1780413921.9797883,53.254
1780413921.9857557,53.255
1780413921.9917622,53.254
1780413921.9977763,53.254
1780413922.0037506,53.254
1780413922.009722,53.254
1780413922.0152278,53.254
1780413922.0209718,53.254
1780413922.026753,53.254
1780413922.0325308,53.254
1780413922.038597,53.254
1780413922.044602,53.254
1780413922.0505164,53.254
1780413922.0565696,53.254
1780413922.0624702,53.253
1780413922.0684698,53.255
1780413922.0745616,53.254
1780413922.0805259,53.254
1780413922.0865252,53.254
1780413922.092597,53.254
1780413922.0985894,53.254
1780413922.1045659,53.254
1780413922.110535,53.254
1780413922.1165202,53.254
1780413922.1225915,53.254
1780413922.12844,53.254
1780413922.1346166,53.254
1780413922.1405554,53.254
1780413922.1465468,53.254
1780413922.152481,53.254
1780413922.158086,53.254
1780413922.1637564,53.253
1780413922.1694672,53.254
1780413922.175319,53.254
1780413922.1813827,53.254
1780413922.187375,53.254
1780413922.1933444,53.254
1780413922.1993976,53.254
1780413922.2053092,53.254
1780413922.210801,53.254
1780413922.2164032,53.254
1780413922.2220457,53.254
1780413922.2282019,53.255
1780413922.2342706,53.254
1780413922.2401278,53.254
1780413922.2460504,53.254
1780413922.2521338,53.254
1780413922.2582989,53.254
1780413922.264197,53.254
1780413922.2701566,53.254
1780413922.2761352,53.254
1780413922.28226,53.254
1780413922.2882218,53.255
1780413922.2940862,53.254
1780413922.3001628,53.254
1780413922.306101,53.254
1780413922.3117118,53.255
1780413922.3173418,53.254
1780413922.3229306,53.254
1780413922.3290362,53.254
1780413922.3349507,53.254
1780413922.3410304,53.254
1780413922.3469286,53.254
1780413922.3529506,53.255
1780413922.3590329,53.254
1780413922.3649244,53.254
1780413922.3709538,53.255
1780413922.376956,53.254
1780413922.3829672,53.255
1780413922.389008,53.255
1780413922.394985,53.255
1780413922.400962,53.255
1780413922.4069502,53.254
1780413922.41291,53.254
1780413922.4183903,53.254
1780413922.4241648,53.254
1780413922.4298844,53.255
1780413922.4358459,53.255
1780413922.441799,53.255
1780413922.4476736,53.254
1780413922.4537635,53.255
1780413922.4598186,53.254
1780413922.4657133,53.255
1780413922.4712305,53.255
1780413922.4767218,53.255
1780413922.4825182,53.255
1780413922.4885988,53.255
1780413922.494421,53.254
1780413922.5000694,53.254
1780413922.505839,53.254
1780413922.511295,53.254
1780413922.5174274,53.255
1780413922.5233269,53.254
1780413922.529311,53.255
1780413922.535402,53.254
1780413922.541411,53.254
1780413922.547387,53.254
1780413922.5533803,53.255
1780413922.559352,53.255
1780413922.565337,53.254
1780413922.5713985,53.255
1780413922.577307,53.254
1780413922.583412,53.254
1780413922.5894153,53.254
1780413922.5952864,53.254
1780413922.6013684,53.254
1780413922.6072865,53.254
1780413922.6132956,53.255
1780413922.619306,53.254
1780413922.6253598,53.254
1780413922.6313925,53.255
1780413922.6373713,53.255
1780413922.6433618,53.255
1780413922.6493392,53.254
1780413922.6553366,53.255
1780413922.6613853,53.255
1780413922.6673226,53.255
1780413922.673343,53.255
1780413922.6793954,53.254
1780413922.6853883,53.255
1780413922.691391,53.255
1780413922.6973817,53.255
1780413922.703291,53.255
1780413922.7093322,53.254
1780413922.7153046,53.255
1780413922.7213423,53.255
1780413922.7273648,53.255
1780413922.7333903,53.255
1780413922.7393851,53.255
1780413922.7453284,53.255
1780413922.7513983,53.254
1780413922.7574055,53.255
1780413922.7633147,53.255
1780413922.7694027,53.255
1780413922.7752979,53.255
1780413922.7814238,53.255
1780413922.7873697,53.255
1780413922.7933214,53.255
1780413922.7993884,53.255
1780413922.8053622,53.255
1780413922.8113482,53.254
1780413922.8173015,53.255
1780413922.823417,53.255
1780413922.8293252,53.255
1780413922.8349395,53.255
1780413922.8404746,53.255
1780413922.846146,53.255
1780413922.852093,53.255
1780413922.8575869,54.0
1780413922.8630762,53.255
1780413922.8688898,53.255
1780413922.8748665,53.254
1780413922.8810337,53.255
1780413922.8869553,53.255
1780413922.892928,53.255
1780413922.8989522,54.0
1780413922.9049478,53.255
1780413922.9108725,53.255
1780413922.9164715,53.254
1780413922.9220214,53.255
1780413922.927634,53.255
1780413922.9336796,53.255
1780413922.9396737,53.255
1780413922.9457774,53.255
1780413922.9518008,53.255
1780413922.9577644,53.255
1780413922.9636915,53.255
1780413922.9696798,53.255
1780413922.9758234,53.254
1780413922.9818063,53.255
1780413922.9877973,53.255
1780413922.993771,53.255
1780413922.9997618,53.255
1780413923.0058012,53.255
1780413923.0117488,53.255
1780413923.0177324,53.254
1780413923.023279,53.255
1780413923.028932,53.255
1780413923.0344856,53.255
1780413923.0406113,53.255
1780413923.0465574,53.255
1780413923.0524735,53.255
1780413923.0585735,53.254
1780413923.064482,53.255
1780413923.0700886,54.0
1780413923.0756972,53.255
1780413923.0814877,53.255
1780413923.087352,53.255
1780413923.0933545,53.255
1780413923.0994427,53.255
1780413923.105431,53.254
1780413923.111399,53.255
1780413923.11738,53.255
1780413923.1232548,53.255
1780413923.12943,53.255
1780413923.1353528,53.255
1780413923.1413386,53.255
1780413923.1474135,53.255
1780413923.1533017,53.255
1780413923.1592877,53.254
1780413923.1654365,53.255
1780413923.171386,53.255
1780413923.1773705,53.255
1780413923.1834056,53.255
1780413923.1893718,53.255
1780413923.1953206,53.255
1780413923.2013943,53.254
1780413923.2072697,53.255
1780413923.2129645,53.255
1780413923.2189343,53.255
1780413923.2246864,53.255
1780413923.2303941,53.255
1780413923.2361672,53.255
1780413923.2421846,53.254
1780413923.2482257,53.255
1780413923.254228,53.255
1780413923.2600584,53.255
1780413923.265634,53.255
1780413923.2712052,53.255
1780413923.276985,53.255
1780413923.2830591,53.255
1780413923.2889743,54.0
1780413923.295026,53.255
1780413923.3010097,53.255
1780413923.3069673,53.255
1780413923.3130312,53.255
1780413923.3189335,53.255
1780413923.325036,54.0
1780413923.331083,53.255
1780413923.337027,53.255
1780413923.342951,53.255
1780413923.3490386,53.255
1780413923.3550432,53.255
1780413923.3609853,53.255
1780413923.3667665,53.255
1780413923.3730252,53.255
1780413923.3790216,53.255
1780413923.384976,53.255
1780413923.3910573,53.255
1780413923.3968992,53.255
1780413923.402959,53.254
1780413923.4090023,53.255
1780413923.4148965,54.0
1780413923.4209723,54.0
1780413923.4269397,53.255
1780413923.432925,54.0
1780413923.4384396,53.255
1780413923.4438503,53.254
1780413923.4498608,53.255
1780413923.455775,53.255
1780413923.4617193,53.255
1780413923.4678094,54.0
1780413923.4737723,53.255
1780413923.4797528,54.0
1780413923.4857852,53.254
1780413923.4916632,53.255
1780413923.49729,53.255
1780413923.503054,53.255
1780413923.5087955,54.0
1780413923.514623,53.255
1780413923.5206082,53.255
1780413923.5266147,53.255
1780413923.532559,53.255
1780413923.5384932,53.255
1780413923.5441053,53.255
1780413923.5498042,54.0
1780413923.555435,54.0
1780413923.5613458,53.255
1780413923.5673532,53.255
1780413923.5734682,53.255
1780413923.5793371,54.0
1780413923.5849473,53.255
1780413923.5907693,54.0
1780413923.5964866,53.255
1780413923.602142,54.0
1780413923.6081436,53.255
1780413923.6142862,53.255
1780413923.6201656,53.255
1780413923.6261473,53.255
1780413923.6321108,54.0
1780413923.638099,54.0
1780413923.6441305,54.0
1780413923.650144,53.255
1780413923.6560857,54.0
1780413923.6621673,53.255
1780413923.668173,53.254
1780413923.674183,53.255
1780413923.6801913,54.0
1780413923.6862597,53.255
1780413923.6921685,54.0
1780413923.698211,53.255
1780413923.7042224,53.255
1780413923.7100763,53.254
1780413923.7162013,53.255
1780413923.7221277,53.255
1780413923.7280715,53.255
1780413923.7336705,54.0
1780413923.7392075,53.255
1780413923.7450438,53.255
1780413923.751019,53.255
1780413923.7570055,54.0
1780413923.7630827,53.255
1780413923.7689135,53.255
1780413923.774407,54.0
1780413923.77997,54.0
1780413923.7858365,54.0
1780413923.7919588,53.255
1780413923.797827,53.255
1780413923.8037083,53.255
1780413923.8097825,53.255
1780413923.8152702,54.0
1780413923.8207846,54.0
1780413923.826557,54.0
1780413923.8325946,53.255
1780413923.8386312,54.0
1780413923.8445525,53.255
1780413923.8505707,53.255
1780413923.856077,54.0
1780413923.86161,54.0
1780413923.8674128,53.255
1780413923.8732874,53.255
1780413923.879374,54.0
1780413923.885333,54.0
1780413923.891258,53.255
1780413923.8969033,54.0
1780413923.9024632,53.255
1780413923.9082434,53.255
1780413923.9140687,53.255
1780413923.9202554,53.255
1780413923.9261777,54.0
1780413923.9321327,53.255
1780413923.938164,53.255
1780413923.944069,54.0
1780413923.9501684,54.0
1780413923.9561267,54.003
1780413923.961491,54.011
1780413923.9668148,54.013
1780413923.9720693,54.008
1780413923.9776292,54.009
1780413923.9830897,54.014
1780413923.9884207,54.008
1780413923.9936595,54.011
1780413923.9992292,54.01
1780413924.0046608,54.009
1780413924.0100293,54.008
1780413924.0154634,54.009
1780413924.0208352,54.009
1780413924.0262666,54.009
1780413924.0315807,54.013
1780413924.036835,54.007
1780413924.042426,54.008
1780413924.0478635,54.008
1780413924.0532126,54.008
1780413924.0584617,54.008
1780413924.0640304,54.009
1780413924.0694704,54.012
1780413924.0748303,54.008
1780413924.080082,54.008
1780413924.0855856,54.009
1780413924.0908267,54.008
1780413924.0963962,54.008
1780413924.1016414,54.01
1780413924.1072268,54.009
1780413924.1124272,54.008
1780413924.1180372,54.008
1780413924.1234663,54.008
1780413924.128882,54.008
1780413924.1343036,54.008
1780413924.1395802,54.012
1780413924.14484,54.007
1780413924.150435,54.007
1780413924.1558676,54.007
1780413924.1612067,54.007
1780413924.1664557,54.007
1780413924.172033,54.008
1780413924.1774745,54.011
1780413924.1828136,54.007
1780413924.1880653,54.007
1780413924.1936092,54.008
1780413924.1988528,54.007
1780413924.2043765,54.007
1780413924.2096293,54.01
1780413924.2152228,54.009
1780413924.2204788,54.007
1780413924.226016,54.012
1780413924.2314763,54.006
1780413924.2368207,54.006
1780413924.2422671,54.009
1780413924.2477746,53.246
1780413924.253697,53.249
1780413924.2597404,53.251
1780413924.2656665,53.254
1780413924.2717738,53.253
1780413924.2778256,53.253
1780413924.2838557,53.253
1780413924.2897398,53.252
1780413924.2957003,53.253
1780413924.3013773,53.253
1780413924.3070452,53.253
1780413924.312643,53.253
1780413924.3186438,53.253
1780413924.3246288,53.253
1780413924.3306544,53.253
1780413924.3365743,53.253
1780413924.3426557,53.253
1780413924.348549,53.253
1780413924.3545725,53.254
1780413924.360634,53.253
1780413924.3666742,53.253
1780413924.3726394,53.253
1780413924.3786478,53.253
1780413924.3846936,53.253
1780413924.390664,53.252
1780413924.3966,53.253
1780413924.4025307,53.253
1780413924.4085631,53.253
1780413924.414524,53.253
1780413924.4206843,53.253
1780413924.4267254,53.254
1780413924.432649,53.253
1780413924.4386415,53.253
1780413924.444573,53.253
1780413924.4505413,53.253
1780413924.4565322,53.254
1780413924.4625583,53.253
1780413924.468545,53.253
1780413924.4745843,53.254
1780413924.4805074,53.253
1780413924.4862008,53.253
1780413924.4921446,53.253
1780413924.497793,53.253
1780413924.5035062,53.253
1780413924.5093467,53.254
1780413924.5154138,53.253
1780413924.5213299,53.254
1780413924.5274024,53.253
1780413924.5334444,53.254
1780413924.5395308,53.254
1780413924.5455222,53.254
1780413924.5514612,53.253
1780413924.5574584,53.254
1780413924.5634038,53.253
1780413924.569338,53.254
1780413924.5753465,53.254
1780413924.5813732,53.253
1780413924.5868676,53.254
1780413924.592495,53.253
1780413924.5981748,53.253
1780413924.6042423,53.253
1780413924.6101403,53.253
1780413924.6161592,53.253
1780413924.6221917,53.253
1780413924.628191,53.253
1780413924.6342816,53.254
1780413924.6403317,53.254
1780413924.646208,53.254
1780413924.6521888,53.253
1780413924.658217,53.253
1780413924.6642704,53.253
1780413924.6702359,53.253
1780413924.6762173,53.254
1780413924.6822069,53.254
1780413924.688246,53.254
1780413924.6942186,53.254
1780413924.7001462,53.254
1780413924.7061806,53.254
1780413924.7122324,53.253
1780413924.7182112,53.254
1780413924.7241857,53.254
1780413924.730089,53.254
1780413924.735623,53.254
1780413924.741194,53.254
1780413924.7469985,53.254
1780413924.7529795,53.254
1780413924.7589512,53.254
1780413924.7649255,53.254
1780413924.7709997,53.253
1780413924.7770689,53.254
1780413924.7828958,53.254
1780413924.7890038,53.254
1780413924.7950325,53.254
1780413924.8010454,53.254
1780413924.8070595,53.254
1780413924.813037,53.254
1780413924.818938,53.254
1780413924.8250175,53.254
1780413924.830925,53.254
1780413924.8364747,53.254
1780413924.8420599,53.254
1780413924.8478262,53.254
1780413924.8537893,53.255
1780413924.8597445,53.254
1780413924.8652794,53.254
1780413924.870801,53.254
1780413924.8765023,53.254
1780413924.8820946,53.254
1780413924.8877115,53.254
1780413924.8933718,53.254
1780413924.8994458,53.254
1780413924.9054682,53.254
1780413924.9112644,53.254
1780413924.917351,53.255
1780413924.9229023,53.254
1780413924.9283428,53.254
1780413924.9341717,53.254
1780413924.940221,53.254
1780413924.946195,53.254
1780413924.952278,53.254
1780413924.9581804,53.254
1780413924.964214,53.254
1780413924.9702005,53.254
1780413924.9762964,53.254
1780413924.9821844,53.254
1780413924.9882605,53.254
1780413924.9941494,53.254
1780413925.0002112,53.254
1780413925.0061793,53.254
1780413925.0122585,53.254
1780413925.0181944,53.254
1780413925.0241942,53.254
1780413925.0301359,53.254
1780413925.0361907,53.254
1780413925.0421546,53.254
1780413925.047723,53.254
1780413925.0533104,53.254
1780413925.0590274,53.254
1780413925.0649824,53.254
1780413925.0709198,53.255
1780413925.077035,53.254
1780413925.0829945,53.254
1780413925.0890617,53.254
1780413925.0950322,53.254
1780413925.10106,53.255
1780413925.107004,53.254
1780413925.1130416,53.255
1780413925.1190095,53.254
1780413925.1250565,53.255
1780413925.1309848,53.254
1780413925.137024,53.254
1780413925.1429622,53.255
1780413925.1484804,53.254
1780413925.1542034,53.254
1780413925.1599214,53.254
1780413925.1658535,53.255
1780413925.1718717,53.255
1780413925.1778967,53.254
1780413925.1838748,53.255
1780413925.1898422,53.255
1780413925.1958575,53.254
1780413925.2017584,53.255
1780413925.2077746,53.254
1780413925.213836,53.254
1780413925.219861,53.254
1780413925.2258186,53.254
1780413925.2318017,53.255
1780413925.2378314,53.254
1780413925.2438583,53.255
1780413925.2497823,53.255
1780413925.2558146,53.254
1780413925.261857,53.255
1780413925.2677639,53.255
1780413925.2733407,53.255
1780413925.2789803,53.254
1780413925.2846572,53.254
1780413925.290681,53.255
1780413925.296685,53.255
1780413925.3025537,53.255
1780413925.3086133,53.255
1780413925.3147285,53.254
1780413925.3205633,53.255
1780413925.326654,53.255
1780413925.332717,53.255
1780413925.3386493,53.254
1780413925.3446302,53.254
1780413925.3506126,53.255
1780413925.356674,53.254
1780413925.3627033,53.255
1780413925.3686218,53.255
1780413925.3747191,53.255
1780413925.3806505,53.254
1780413925.386616,53.254
1780413925.392629,53.254
1780413925.398546,53.254
1780413925.404127,53.254
1780413925.4098365,53.254
1780413925.415498,53.255
1780413925.4213793,53.255
1780413925.427545,53.254
1780413925.4333167,53.254
1780413925.438885,53.254
1780413925.4444356,53.255
1780413925.4502168,53.255
1780413925.4562433,53.254
1780413925.4621499,53.255
1780413925.468358,53.254
1780413925.4740636,53.255
1780413925.480253,53.254
1780413925.4862065,53.255
1780413925.4921572,53.254
1780413925.4982097,53.254
1780413925.5041385,53.255
1780413925.5101728,53.255
1780413925.5161486,53.255
1780413925.5222774,53.254
1780413925.528258,53.255
1780413925.5342426,53.255
1780413925.5401516,53.254
1780413925.5457041,53.255
1780413925.5512292,53.255
1780413925.5570307,53.255
1780413925.5630543,53.255
1780413925.5689647,53.255
1780413925.5750382,53.255
1780413925.581054,53.254
1780413925.5870218,53.255
1780413925.5930302,53.255
1780413925.5990517,53.254
1780413925.605032,53.255
1780413925.6110408,53.255
1780413925.6169958,53.255
1780413925.623,53.254
1780413925.6289861,53.255
1780413925.635065,53.255
1780413925.6410296,53.255
1780413925.6470156,53.255
1780413925.6530013,53.255
1780413925.6585338,53.255
1780413925.664119,53.254
1780413925.6698604,53.255
1780413925.6758068,53.254
1780413925.6817613,53.255
1780413925.6872134,53.255
1780413925.6928139,53.255
1780413925.698644,53.255
1780413925.704621,53.255
1780413925.7105417,53.255
1780413925.7165866,53.255
1780413925.722665,53.254
1780413925.7285857,53.255
1780413925.734551,53.255
1780413925.7406735,53.255
1780413925.7466102,54.0
1780413925.7526119,53.255
1780413925.758682,53.255
1780413925.76459,53.254
1780413925.7705762,53.255
1780413925.7766218,53.255
1780413925.7826097,53.255
1780413925.7884936,53.255
1780413925.794603,53.255
1780413925.8005836,53.255
1780413925.8066432,53.255
1780413925.81268,53.255
1780413925.818666,53.255
1780413925.8246703,53.254
1780413925.8306572,53.255
1780413925.8366137,53.255
1780413925.842657,53.255
1780413925.8486514,53.255
1780413925.854642,53.255
1780413925.8606331,53.255
1780413925.866574,53.255
1780413925.872655,53.255
1780413925.8787296,53.255
1780413925.8846107,53.255
1780413925.890037,53.255
1780413925.8955588,53.255
1780413925.9014995,53.255
1780413925.907448,53.255
1780413925.9133694,53.255
1780413925.9194975,53.255
1780413925.9253962,53.255
1780413925.9309025,53.255
1780413925.9365065,53.255
1780413925.9422398,54.0
1780413925.9482443,53.255
1780413925.9541397,53.255
1780413925.9596953,53.255
1780413925.9654315,53.255
1780413925.97103,53.255
1780413925.9770784,53.255
1780413925.9830325,53.255
1780413925.9890516,53.255
1780413925.9950619,53.255
1780413926.0010228,53.255
1780413926.0070255,53.254
1780413926.013059,53.255
1780413926.0188951,53.255
1780413926.0249996,53.255
1780413926.03104,53.255
1780413926.0369606,53.255
1780413926.0430253,53.255
1780413926.04905,53.254
1780413926.0549164,53.255
1780413926.0610151,53.255
1780413926.0670075,53.255
1780413926.0730522,53.255
1780413926.0790398,53.255
1780413926.0850272,53.255
1780413926.0909011,53.255
1780413926.097009,53.255
1780413926.102935,54.0
1780413926.109072,53.255
1780413926.115013,53.255
1780413926.1210427,54.0
1780413926.1270247,53.255
1780413926.133034,54.0
1780413926.1390634,53.255
1780413926.1450284,53.255
1780413926.1510382,53.255
1780413926.1569986,54.0
1780413926.1630332,53.255
1780413926.1689959,53.255
1780413926.1750302,54.0
1780413926.1810334,53.255
1780413926.1870298,54.0
1780413926.193011,53.254
1780413926.1985188,53.255
1780413926.204118,53.255
1780413926.2098007,53.255
1780413926.2158241,54.0
1780413926.221696,53.255
1780413926.2274072,53.255
1780413926.233162,53.254
1780413926.2389433,53.255
1780413926.2447398,53.255
1780413926.2506862,53.255
1780413926.2567294,53.255
1780413926.262573,53.255
1780413926.2687058,53.255
1780413926.2745836,53.255
1780413926.280955,53.255
1780413926.286461,53.255
1780413926.2926433,54.0
1780413926.298593,54.0
1780413926.304555,54.0
1780413926.3105428,54.0
1780413926.3166554,53.255
1780413926.3226604,53.255
1780413926.328675,53.255
1780413926.3346262,53.255
1780413926.3407106,53.255
1780413926.346642,53.255
1780413926.3526626,53.255
1780413926.3586931,53.255
1780413926.3646276,53.255
1780413926.3705828,53.255
1780413926.3766541,53.255
1780413926.382576,54.0
1780413926.3880968,53.255
1780413926.3936253,53.255
1780413926.3994071,53.255
1780413926.4054003,53.255
1780413926.411056,53.255
1780413926.4169855,53.255
1780413926.4226398,54.0
1780413926.4282217,53.255
1780413926.4341915,53.255
1780413926.4402232,53.255
1780413926.44622,53.255
1780413926.4522028,53.255
1780413926.4582412,53.254
1780413926.464256,53.255
1780413926.4702582,53.255
1780413926.4763181,53.255
1780413926.482261,54.0
1780413926.4882648,53.255
1780413926.494284,53.255
1780413926.5002718,53.255
1780413926.506193,53.255
1780413926.5122325,53.255
1780413926.5182185,53.255
1780413926.524226,53.255
1780413926.5302463,53.255
1780413926.5362592,53.255
1780413926.5422564,54.0
1780413926.5482576,53.255
1780413926.554219,53.255
1780413926.5602736,53.254
1780413926.5662909,53.255
1780413926.5722477,53.255
1780413926.5782626,53.255
1780413926.58431,54.0
1780413926.5903249,53.255
1780413926.5962923,53.255
1780413926.6021638,53.254
1780413926.6082165,53.255
1780413926.6142323,53.255
1780413926.620273,54.0
1780413926.626261,53.255
1780413926.6322198,53.255
1780413926.6382637,53.255
1780413926.644306,53.255
1780413926.6503077,54.0
1780413926.656326,54.0
1780413926.6623132,53.254
1780413926.6682994,53.255
1780413926.6742384,53.255
1780413926.6802108,53.255
1780413926.6861844,53.255
1780413926.69217,53.255
1780413926.697704,54.0
1780413926.7032871,53.255
1780413926.7090673,53.255
1780413926.7150445,53.255
1780413926.7210195,53.255
1780413926.7270098,54.0
1780413926.7330196,54.0
1780413926.7390225,54.0
1780413926.7450657,53.255
1780413926.7510278,54.0
1780413926.7570693,54.0
1780413926.7630315,53.255
1780413926.76904,54.0
1780413926.7750292,53.255
1780413926.7811575,53.255
1780413926.7869816,53.255
1780413926.7930381,53.255
1780413926.7990007,53.255
1780413926.8049831,53.254
1780413926.8110478,53.255
1780413926.817012,53.255
1780413926.82305,53.255
