timestamp,gpu_power_w
1780036571.0081618,32.105
1780036571.0138955,32.089
1780036571.0197787,32.105
1780036571.024948,32.116
1780036571.0302918,32.127
1780036571.0358453,32.139
1780036571.041496,32.151
1780036571.0475209,32.163
1780036571.0531182,32.173
1780036571.0586586,32.185
1780036571.0643153,32.198
1780036571.070191,32.21
1780036571.07625,32.223
1780036571.0821295,32.233
1780036571.0873926,32.246
1780036571.092754,33.001
1780036571.0981908,33.015
1780036571.1036208,33.035
1780036571.1089323,33.039
1780036571.1143014,33.044
1780036571.1195054,33.046
1780036571.12515,33.048
1780036571.1305354,33.046
1780036571.135978,33.048
1780036571.1413348,33.05
1780036571.14673,33.051
1780036571.152109,33.052
1780036571.15749,33.05
1780036571.1626925,33.051
1780036571.1683025,33.051
1780036571.1735008,33.053
1780036571.1790886,33.049
1780036571.184269,33.051
1780036571.1899064,33.052
1780036571.1951027,33.052
1780036571.2007658,33.054
1780036571.2061312,33.05
1780036571.2114823,33.051
1780036571.2166822,33.052
1780036571.2223327,33.053
1780036571.2277071,33.05
1780036571.2331326,33.051
1780036571.2385066,33.051
1780036571.243884,33.052
1780036571.2490885,33.052
1780036571.2546968,33.05
1780036571.2598715,33.05
1780036571.2655027,33.051
1780036571.2707086,33.052
1780036571.276288,33.049
1780036571.2814634,33.05
1780036571.287105,33.051
1780036571.292304,33.051
1780036571.2980657,33.053
1780036571.3033416,33.049
1780036571.3087437,33.05
1780036571.314112,33.051
1780036571.3195295,33.051
1780036571.3249044,33.048
1780036571.330328,33.049
1780036571.3357036,33.05
1780036571.3411202,33.051
1780036571.3465164,33.05
1780036571.3518825,33.048
1780036571.3570573,33.049
1780036571.3627052,33.05
1780036571.367904,33.051
1780036571.3734827,33.047
1780036571.3786569,33.048
1780036571.384304,33.049
1780036571.389501,33.05
1780036571.3951762,33.052
1780036571.4005349,33.047
1780036571.4059052,33.048
1780036571.4111016,33.049
1780036571.4167235,33.049
1780036571.4221005,33.046
1780036571.4275289,33.047
1780036571.4329,33.048
1780036571.4383304,33.048
1780036571.443713,33.048
1780036571.4490676,33.046
1780036571.4542441,33.047
1780036571.4598916,33.047
1780036571.465093,33.048
1780036571.4706683,33.045
1780036571.4758427,33.046
1780036571.4814875,33.046
1780036571.4866858,33.047
1780036571.4923658,33.048
1780036571.4982772,33.045
1780036571.5034454,33.046
1780036571.5090756,33.046
1780036571.5142856,33.047
1780036571.5198812,33.044
1780036571.525057,33.045
1780036571.5307055,33.045
1780036571.5359051,33.046
1780036571.541497,33.045
1780036571.5466564,33.044
1780036571.552302,33.045
1780036571.5574977,33.046
1780036571.5631442,33.047
1780036571.5685666,33.043
1780036571.573919,33.045
1780036571.5793107,33.046
1780036571.5847142,33.046
1780036571.589913,33.043
1780036571.5955045,33.044
1780036571.6007082,33.045
1780036571.606307,33.045
1780036571.6115065,33.047
1780036571.617095,33.043
1780036571.6222794,33.044
1780036571.6279058,33.045
1780036571.6331031,33.046
1780036571.6388311,33.044
1780036571.64423,33.045
1780036571.6495504,33.047
1780036571.6549318,33.05
1780036571.660333,33.053
1780036571.6657066,33.05
1780036571.6710908,33.051
1780036571.6763046,33.052
1780036571.6819036,33.052
1780036571.6870992,33.049
1780036571.6926622,33.05
1780036571.697834,33.051
1780036571.7035456,33.051
1780036571.7089643,33.053
1780036571.7143173,33.049
1780036571.7195067,33.05
1780036571.7251105,33.051
1780036571.7303555,33.052
1780036571.7359529,33.05
1780036571.7412975,33.05
1780036571.746735,33.05
1780036571.7521138,33.051
1780036571.7574995,33.052
1780036571.7626998,33.049
1780036571.76829,33.05
1780036571.7734842,33.051
1780036571.7790935,33.052
1780036571.784295,33.049
1780036571.789875,33.05
1780036571.7950478,33.051
1780036571.8007615,33.052
1780036571.8061366,33.053
1780036571.8114982,33.049
1780036571.816681,33.05
1780036571.8223033,33.051
1780036571.827509,33.052
1780036571.8331034,33.049
1780036571.8382587,33.049
1780036571.8439074,33.05
1780036571.849102,33.05
1780036571.8547482,33.051
1780036571.8601665,33.048
1780036571.8655043,33.049
1780036571.8707225,33.049
1780036571.876415,33.05
1780036571.8817484,33.047
1780036571.887103,33.048
1780036571.8923006,33.049
1780036571.8980155,33.049
1780036571.9033556,33.05
1780036571.908707,33.047
1780036571.9138908,33.048
1780036571.9195123,33.049
1780036571.9247136,33.049
1780036571.9302983,33.049
1780036571.9354782,33.047
1780036571.941115,33.048
1780036571.946357,33.048
1780036571.9519472,33.049
1780036571.957341,33.046
1780036571.962697,33.047
1780036571.967896,33.047
1780036571.9736776,33.048
1780036571.979015,33.046
1780036571.984391,33.045
1780036571.989762,33.046
1780036571.9951053,33.047
1780036572.0003426,33.048
1780036572.005907,33.044
1780036572.0111222,33.045
1780036572.0168586,33.046
1780036572.0222554,33.047
1780036572.0277154,33.048
1780036572.0329866,33.043
1780036572.0383496,33.043
1780036572.0437274,33.044
1780036572.0491433,33.045
1780036572.0545316,33.041
1780036572.0599563,33.042
1780036572.0653305,33.043
1780036572.0707145,33.044
1780036572.075926,33.045
1780036572.0815153,33.041
1780036572.086702,33.042
1780036572.092308,33.043
1780036572.097509,33.044
1780036572.1031067,33.04
1780036572.1082966,33.041
1780036572.1139042,33.042
1780036572.1191008,33.042
1780036572.1247158,33.043
1780036572.1301565,33.039
1780036572.135564,33.04
1780036572.1409502,33.041
1780036572.1463113,33.041
1780036572.1515074,33.038
1780036572.157116,33.039
1780036572.1623163,33.04
1780036572.1679149,33.04
1780036572.1731176,33.042
1780036572.1787248,33.038
1780036572.1839,33.039
1780036572.1895373,33.039
1780036572.1949184,33.04
1780036572.2003145,33.037
1780036572.2054744,33.038
1780036572.2111154,33.039
1780036572.216514,33.039
1780036572.221994,33.04
1780036572.2273762,33.036
1780036572.2327166,33.037
1780036572.2379303,33.038
1780036572.2435493,33.039
1780036572.2489486,33.035
1780036572.2542896,33.037
1780036572.2594645,33.038
1780036572.2651076,33.038
1780036572.2703097,33.039
1780036572.275887,33.035
1780036572.281063,33.036
1780036572.2866948,33.037
1780036572.2919338,33.037
1780036572.2975156,33.036
1780036572.3026853,33.035
1780036572.3083615,33.035
1780036572.3137403,33.036
1780036572.3191347,33.037
1780036572.324515,33.033
1780036572.3299096,33.034
1780036572.3354306,33.035
1780036572.3409727,33.035
1780036572.3467393,33.032
1780036572.3519132,33.032
1780036572.3575296,33.033
1780036572.3629117,33.034
1780036572.3683422,33.035
1780036572.3737192,33.032
1780036572.3790877,33.033
1780036572.384449,33.034
1780036572.390003,33.033
1780036572.395939,33.03
1780036572.4011157,33.031
1780036572.4067578,33.032
1780036572.4121325,33.033
1780036572.4175215,33.034
1780036572.422718,33.03
1780036572.4283547,33.031
1780036572.4337823,33.032
1780036572.439126,33.032
1780036572.44452,33.029
1780036572.449904,33.03
1780036572.4550774,33.031
1780036572.4607208,33.032
1780036572.4661274,33.033
1780036572.4715087,33.029
1780036572.476691,33.03
1780036572.4823122,33.031
1780036572.4875114,33.032
1780036572.493095,33.031
1780036572.4982846,33.029
1780036572.503912,33.03
1780036572.5091083,33.03
1780036572.5147188,33.032
1780036572.519891,33.029
1780036572.5254996,33.029
1780036572.530697,33.03
1780036572.5363166,33.031
1780036572.5415308,33.028
1780036572.5471194,33.028
1780036572.5523195,33.029
1780036572.5579257,33.03
1780036572.563164,33.031
1780036572.56872,33.028
1780036572.5739143,33.029
1780036572.5795245,33.03
1780036572.58471,33.03
1780036572.5904,33.031
1780036572.595749,33.028
1780036572.6011562,33.029
1780036572.6065161,33.03
1780036572.61194,33.031
1780036572.6173227,33.027
1780036572.622725,33.028
1780036572.6279209,33.029
1780036572.6335485,33.03
1780036572.638931,33.029
1780036572.6442788,33.027
1780036572.6494539,33.028
1780036572.655163,33.028
1780036572.6605506,33.029
1780036572.6659093,33.026
1780036572.6710846,33.028
1780036572.6767323,33.028
1780036572.6819317,33.029
1780036572.6876047,33.03
1780036572.6929605,33.026
1780036572.6982985,33.027
1780036572.7035391,33.028
1780036572.7091486,33.029
1780036572.7145596,33.025
1780036572.7199497,33.026
1780036572.7253354,33.027
1780036572.7307231,33.028
1780036572.735925,33.029
1780036572.7416008,33.026
1780036572.746957,33.027
1780036572.7523437,33.027
1780036572.7577262,33.028
1780036572.7631135,33.025
1780036572.7682934,33.026
1780036572.7739377,33.027
1780036572.7791336,33.027
1780036572.7847965,33.029
1780036572.790153,33.025
1780036572.7955658,33.026
1780036572.8009417,33.027
1780036572.8063426,33.027
1780036572.8117254,33.024
1780036572.8171446,33.025
1780036572.8225372,33.026
1780036572.8279583,33.027
1780036572.833341,33.029
1780036572.8387187,33.024
1780036572.843882,33.025
1780036572.8495374,33.026
1780036572.854777,33.027
1780036572.8603258,33.024
1780036572.8655183,33.025
1780036572.8711298,33.025
1780036572.8763795,33.026
1780036572.881967,33.027
1780036572.8873425,33.024
1780036572.8927176,33.025
1780036572.8979192,33.025
1780036572.9035625,33.026
1780036572.908927,33.023
1780036572.9142919,33.024
1780036572.9194937,33.025
1780036572.9251416,33.025
1780036572.9303665,33.027
1780036572.935994,33.023
1780036572.941365,33.025
1780036572.9467292,33.026
1780036572.951929,33.026
1780036572.9575138,33.023
1780036572.962675,33.024
1780036572.9683268,33.025
1780036572.973495,33.025
1780036572.9791074,33.027
1780036572.9842863,33.022
1780036572.9898918,33.022
1780036572.9952419,33.023
1780036573.001039,33.024
1780036573.0066957,33.021
1780036573.0119061,33.021
1780036573.0175204,33.022
1780036573.0227191,33.023
1780036573.0283413,33.024
1780036573.0337193,33.02
1780036573.0391166,33.021
1780036573.044408,33.022
1780036573.0499637,33.023
1780036573.0553558,33.019
1780036573.0607173,33.02
1780036573.065892,33.022
1780036573.0715475,33.022
1780036573.0769374,33.024
1780036573.0823224,33.02
1780036573.087498,33.021
1780036573.093143,33.022
1780036573.0985386,33.022
1780036573.1039762,33.023
1780036573.1093261,33.02
1780036573.1147592,33.021
1780036573.1201332,33.022
1780036573.1255352,33.023
1780036573.130732,33.019
1780036573.136362,33.02
1780036573.1417396,33.021
1780036573.1471245,33.022
1780036573.1523335,33.02
1780036573.1578932,33.019
1780036573.163084,33.02
1780036573.1687503,33.02
1780036573.174125,33.022
1780036573.1795127,33.018
1780036573.184689,33.019
1780036573.1903121,33.02
1780036573.1955094,33.021
1780036573.201202,33.023
1780036573.2065995,33.019
1780036573.2119715,33.02
1780036573.217353,33.022
1780036573.222726,33.023
1780036573.2278988,33.019
1780036573.2336926,33.021
1780036573.239035,33.022
1780036573.2443986,33.023
1780036573.249792,33.025
1780036573.2551422,33.023
1780036573.2605515,33.025
1780036573.2659092,33.025
1780036573.2711098,33.027
1780036573.2767055,33.026
1780036573.281881,33.03
1780036573.2875326,33.032
1780036573.292733,33.035
1780036573.2984123,33.039
1780036573.30377,33.035
1780036573.3091388,33.036
1780036573.3143404,33.037
1780036573.3199332,33.038
1780036573.3251276,33.035
1780036573.330765,33.036
1780036573.3361423,33.037
1780036573.3415353,33.037
1780036573.3467464,33.038
1780036573.3523235,33.035
1780036573.357524,33.036
1780036573.363133,33.037
1780036573.3683786,33.038
1780036573.3739228,33.034
1780036573.3791108,33.036
1780036573.3847392,33.037
1780036573.3899417,33.037
1780036573.3956022,33.039
1780036573.4009643,33.035
1780036573.406322,33.036
1780036573.411521,33.036
1780036573.417145,33.037
1780036573.422534,33.033
1780036573.4279575,33.035
1780036573.4333344,33.035
1780036573.4387417,33.036
1780036573.4439397,33.038
1780036573.4494996,33.034
1780036573.4546616,33.035
1780036573.4603791,33.035
1780036573.4657516,33.036
1780036573.4711258,33.032
1780036573.476306,33.033
1780036573.48192,33.034
1780036573.487117,33.034
1780036573.4927661,33.035
1780036573.49819,33.032
1780036573.5035279,33.033
1780036573.508745,33.034
1780036573.5143673,33.035
1780036573.5197608,33.031
1780036573.525124,33.032
1780036573.5303006,33.033
1780036573.5360131,33.034
1780036573.5413742,33.035
1780036573.5467377,33.031
1780036573.5519145,33.033
1780036573.5575354,33.033
1780036573.5627372,33.034
1780036573.5683324,33.033
1780036573.5734978,33.032
1780036573.5791306,33.032
1780036573.5845401,33.033
1780036573.590651,33.034
1780036573.5959516,33.03
1780036573.6011398,33.031
1780036573.6067452,33.032
1780036573.6119492,33.033
1780036573.617521,33.032
1780036573.6227324,33.03
1780036573.628341,33.03
1780036573.6335423,33.031
1780036573.6391435,33.032
1780036573.644535,33.029
1780036573.6499188,33.03
1780036573.6551225,33.03
1780036573.6607645,33.031
1780036573.666149,33.03
1780036573.6716638,33.028
1780036573.6778507,33.028
1780036573.6838484,33.029
1780036573.6896021,33.03
1780036573.6949902,33.027
1780036573.700327,33.028
1780036573.705536,33.028
1780036573.7111557,33.029
1780036573.716552,33.026
1780036573.721925,33.027
1780036573.7271237,33.028
1780036573.732741,33.028
1780036573.737948,33.029
1780036573.7435043,33.025
1780036573.7486799,33.026
1780036573.7543128,33.027
1780036573.7595112,33.027
1780036573.7651274,33.027
1780036573.770293,33.025
1780036573.7760103,33.026
1780036573.7813716,33.027
1780036573.786769,33.028
1780036573.7921412,33.024
1780036573.7975414,33.025
1780036573.802741,33.026
1780036573.8084807,33.026
1780036573.8138442,33.026
1780036573.8194525,33.024
1780036573.825468,33.025
1780036573.8311496,33.025
1780036573.8366044,33.026
1780036573.8419523,33.022
1780036573.8473492,33.022
1780036573.852736,33.023
1780036573.8579643,33.024
1780036573.8637269,33.024
1780036573.868999,33.021
1780036573.8743572,33.022
1780036573.8797433,33.022
1780036573.8851368,33.023
1780036573.8903368,33.019
1780036573.8960483,33.02
1780036573.9013922,33.021
1780036573.9067373,33.022
1780036573.9119377,33.023
1780036573.9175525,33.019
1780036573.9229357,33.02
1780036573.9283597,33.021
1780036573.9337516,33.022
1780036573.9391303,33.018
1780036573.9443116,33.019
1780036573.9499552,33.02
1780036573.9551513,33.021
1780036573.960807,33.022
1780036573.9662,33.018
1780036573.9715497,33.019
1780036573.9769948,33.019
1780036573.9823642,33.02
1780036573.9877453,33.017
1780036573.993123,33.018
1780036573.998373,33.019
1780036574.0039861,33.02
1780036574.009385,33.021
1780036574.0146966,33.017
1780036574.019875,33.018
1780036574.0255773,33.019
1780036574.0309556,33.02
1780036574.0362997,33.018
1780036574.0414584,33.016
1780036574.0471952,33.017
1780036574.0525813,33.018
1780036574.0579257,33.019
1780036574.0631194,33.016
1780036574.0687113,33.016
1780036574.073911,33.017
1780036574.0795248,33.018
1780036574.0847466,33.018
1780036574.0903394,33.016
1780036574.0955586,33.017
1780036574.1011372,33.017
1780036574.1063426,33.018
1780036574.1119168,33.015
1780036574.1170945,33.016
1780036574.1227922,33.017
1780036574.1281693,33.017
1780036574.133624,33.019
1780036574.1389763,33.015
1780036574.144325,33.016
1780036574.1495655,33.017
1780036574.1551642,33.018
1780036574.160574,33.014
1780036574.1659644,33.015
1780036574.1713486,33.016
1780036574.176743,33.017
1780036574.1819823,33.018
1780036574.1875434,33.014
1780036574.1927307,33.015
1780036574.198347,33.016
1780036574.2035549,33.017
1780036574.2091374,33.012
1780036574.2143173,32.253
1780036574.2199202,33.002
1780036574.2250946,33.013
1780036574.2307558,33.023
1780036574.235993,33.035
1780036574.241597,33.044
1780036574.2470315,33.057
1780036574.2523737,33.066
1780036574.2581103,33.078
1780036574.263915,33.09
1780036574.2691824,33.1
1780036574.2745707,33.111
1780036574.2800052,33.121
1780036574.286188,33.135
1780036574.2920551,33.146
1780036574.2973912,33.158
1780036574.3027723,33.174
1780036574.3081622,33.179
1780036574.3135438,33.183
1780036574.3187504,33.185
1780036574.3243628,33.186
1780036574.3297477,33.183
1780036574.3351147,33.183
1780036574.3403192,33.184
1780036574.345949,33.184
1780036574.351185,33.185
1780036574.356753,33.181
1780036574.3619401,33.182
1780036574.3675413,33.182
1780036574.372784,33.182
1780036574.3783605,33.178
1780036574.3835313,33.179
1780036574.3891842,33.18
1780036574.3945777,33.181
1780036574.3999903,33.182
1780036574.4053998,33.178
1780036574.410796,33.178
1780036574.4161797,33.179
1780036574.4215481,33.18
1780036574.4267259,33.176
1780036574.4323432,33.177
1780036574.437543,33.178
1780036574.443153,33.178
1780036574.4483702,33.18
1780036574.4539497,33.175
1780036574.4591382,33.176
1780036574.4647942,33.177
1780036574.4701874,33.179
1780036574.4756193,33.175
1780036574.4809675,33.176
1780036574.4863575,33.177
1780036574.491562,33.179
1780036574.4971488,33.18
1780036574.5025475,33.176
1780036574.5079584,33.177
1780036574.513157,33.178
1780036574.5187738,33.18
1780036574.5241482,33.176
1780036574.5295115,33.177
1780036574.5347102,33.178
1780036574.5403514,33.179
1780036574.5455928,33.181
1780036574.5511353,33.177
1780036574.5564358,33.178
1780036574.561968,33.179
1780036574.5674877,33.181
1780036574.572762,33.177
1780036574.5779567,33.178
1780036574.5835779,33.179
1780036574.5889623,33.18
1780036574.594343,33.182
1780036574.5995224,33.178
1780036574.6051419,33.179
1780036574.610384,33.18
1780036574.616052,33.181
1780036574.6213899,33.178
1780036574.6267269,33.179
1780036574.6319277,33.18
1780036574.6375465,33.181
1780036574.6427872,33.183
1780036574.6484358,33.178
1780036574.6538177,33.178
1780036574.6592386,33.178
1780036574.6646564,33.178
1780036574.669961,33.174
1780036574.6754565,33.175
1780036574.6811666,33.175
1780036574.6867983,33.175
1780036574.692197,33.176
1780036574.6976235,33.171
1780036574.7030501,33.172
1780036574.7085063,33.172
1780036574.7138577,33.172
1780036574.719172,33.166
1780036574.7245545,33.167
1780036574.729955,33.167
1780036574.735158,33.167
1780036574.740799,33.168
1780036574.7462156,33.164
1780036574.7515619,33.164
1780036574.756949,33.164
1780036574.762357,33.165
1780036574.767557,33.161
1780036574.7731397,33.161
1780036574.7783597,33.162
1780036574.783956,33.162
1780036574.7891622,33.163
1780036574.7948575,33.158
1780036574.8006144,33.158
1780036574.8062503,33.159
1780036574.8115456,33.159
1780036574.8170056,33.154
1780036574.8226247,33.154
1780036574.8284733,33.154
1780036574.833799,33.155
1780036574.8392158,33.156
1780036574.8446293,33.151
1780036574.8502858,33.151
1780036574.8563442,33.152
1780036574.8620327,33.152
1780036574.8674083,33.147
1780036574.8728426,33.148
1780036574.8782659,33.148
1780036574.8836286,33.148
1780036574.8890162,33.144
1780036574.8943503,33.144
1780036574.8995976,33.144
1780036574.9052403,33.144
1780036574.9106588,33.145
1780036574.9160087,33.141
1780036574.921424,33.142
1780036574.9267883,33.142
1780036574.9322314,33.143
1780036574.9375772,33.142
1780036574.9433262,33.139
1780036574.949137,33.14
1780036574.9543905,33.14
1780036574.959769,33.141
1780036574.9651973,33.136
1780036574.9707444,33.137
1780036574.976446,33.138
1780036574.9820251,33.138
1780036574.9874165,33.134
1780036574.9927337,33.135
1780036574.998034,33.135
1780036575.0037255,33.134
1780036575.009678,33.136
1780036575.0150437,33.131
1780036575.0204303,33.131
1780036575.0261104,33.131
1780036575.03192,33.132
1780036575.0371573,33.128
1780036575.0425732,33.129
1780036575.047996,33.129
1780036575.0534613,33.129
1780036575.0588653,33.131
1780036575.0642273,33.126
1780036575.0695567,33.127
1780036575.0748737,33.127
1780036575.0804896,33.127
1780036575.086393,33.124
1780036575.0918303,33.125
1780036575.0972383,33.125
1780036575.1026568,33.126
1780036575.1080716,33.126
1780036575.1134138,33.123
1780036575.1187737,33.123
1780036575.124223,33.123
1780036575.1296341,33.124
1780036575.13502,33.12
1780036575.140394,33.12
1780036575.1457746,33.121
1780036575.1511972,33.121
1780036575.1566663,33.12
1780036575.1620016,33.118
1780036575.1674268,33.119
1780036575.1727774,33.119
1780036575.1782227,33.119
1780036575.1835656,33.114
1780036575.18878,33.115
1780036575.1943767,33.115
1780036575.19977,33.116
1780036575.2052238,33.117
1780036575.2105913,33.112
1780036575.2160945,33.113
1780036575.2214715,33.113
1780036575.226808,33.114
1780036575.2322254,33.11
1780036575.2375886,33.11
1780036575.2430043,33.111
1780036575.248428,33.111
1780036575.2538564,33.113
1780036575.259161,33.108
1780036575.2643566,33.108
1780036575.2699723,33.109
1780036575.2751756,33.109
1780036575.2807384,33.105
1780036575.2859123,33.106
1780036575.2915635,33.107
1780036575.2967622,33.107
1780036575.3024495,33.108
1780036575.3078604,33.104
1780036575.3132255,33.104
1780036575.3189194,33.105
1780036575.3248858,33.105
1780036575.3301635,33.101
1780036575.3354378,33.101
1780036575.340745,33.102
1780036575.3459737,33.102
1780036575.3515744,33.103
1780036575.3570032,33.099
1780036575.3623857,33.099
1780036575.3678083,33.099
1780036575.3732264,33.1
1780036575.3786306,33.095
1780036575.384277,33.096
1780036575.3901618,33.097
1780036575.3954132,33.097
1780036575.400822,33.098
1780036575.4062686,33.093
1780036575.4119015,33.094
1780036575.4177763,33.094
1780036575.4230115,33.095
1780036575.4283295,33.09
1780036575.4336364,33.091
1780036575.439505,33.091
1780036575.4454153,33.092
1780036575.4506757,33.092
1780036575.4560986,33.089
1780036575.4614687,33.089
1780036575.4670932,33.09
1780036575.4729867,33.09
1780036575.478254,33.087
1780036575.483667,33.088
1780036575.4890807,33.089
1780036575.4944305,33.089
1780036575.4998617,33.089
1780036575.5051856,33.088
1780036575.5105963,33.089
1780036575.516012,33.089
1780036575.521468,33.09
1780036575.5267932,33.087
1780036575.5322268,33.088
1780036575.5375865,33.089
1780036575.5430071,33.09
1780036575.5484824,33.091
1780036575.5538101,33.089
1780036575.5591605,33.09
1780036575.5643704,33.09
1780036575.5699704,33.091
1780036575.5751672,33.089
1780036575.5807295,33.09
1780036575.5859308,33.091
1780036575.591548,33.091
1780036575.5967526,33.089
1780036575.6023517,33.091
1780036575.607525,33.094
1780036575.6131656,33.097
1780036575.618379,33.1
1780036575.623932,33.098
1780036575.6291068,33.099
1780036575.6347587,33.099
1780036575.639958,33.1
1780036575.6455386,33.099
1780036575.6507053,33.097
1780036575.6564176,33.097
1780036575.6617937,33.098
1780036575.6671865,33.098
1780036575.672572,33.095
1780036575.6779633,33.095
1780036575.6833742,33.096
1780036575.6887646,33.096
1780036575.6939683,33.093
1780036575.6995654,33.093
1780036575.704771,33.093
1780036575.7103868,33.094
1780036575.715771,33.095
1780036575.7211614,33.092
1780036575.726353,33.092
1780036575.7319663,33.093
1780036575.7372284,33.093
1780036575.7428746,33.094
1780036575.7482107,33.09
1780036575.753577,33.091
1780036575.7588203,33.091
1780036575.7644324,33.092
1780036575.7698135,33.088
1780036575.7752068,33.089
1780036575.7806025,33.089
1780036575.785971,33.089
1780036575.7911777,33.089
1780036575.796775,33.087
1780036575.8019497,33.087
1780036575.8075926,33.087
1780036575.812969,33.088
1780036575.818322,33.084
1780036575.8234959,33.086
1780036575.8292086,33.086
1780036575.8345904,33.086
1780036575.8400354,33.088
1780036575.845401,33.083
1780036575.8507621,33.084
1780036575.8559601,33.084
1780036575.8615816,33.085
1780036575.8669586,33.082
1780036575.872408,33.083
1780036575.8777843,33.083
1780036575.883156,33.084
1780036575.8883681,33.085
1780036575.8939795,33.081
1780036575.8991795,33.081
1780036575.9047668,33.082
1780036575.9100068,33.082
1780036575.915581,33.079
1780036575.9207656,33.08
1780036575.9263706,33.08
1780036575.9315786,33.081
1780036575.937262,33.082
1780036575.942603,33.078
1780036575.948005,33.079
1780036575.9533546,33.079
1780036575.9587476,33.08
1780036575.9639184,33.076
1780036575.9696405,33.078
1780036575.9750109,33.078
1780036575.980406,33.079
1780036575.985798,33.08
1780036575.9911885,33.076
1780036575.9965208,33.077
1780036576.0020096,33.077
1780036576.0075452,33.078
1780036576.0128129,33.074
1780036576.0181878,33.075
1780036576.0235815,33.076
1780036576.0288253,33.076
1780036576.0344138,33.077
1780036576.0397973,33.073
1780036576.045178,33.074
1780036576.0505822,33.075
1780036576.0560532,33.075
1780036576.0614161,33.072
1780036576.0667372,33.073
1780036576.071935,33.074
1780036576.077571,33.074
1780036576.0828104,33.075
1780036576.0883734,33.071
1780036576.0935621,33.072
1780036576.0991998,33.073
1780036576.104589,33.073
1780036576.1099524,33.071
1780036576.1151133,33.07
1780036576.1208158,33.071
1780036576.1261866,33.071
1780036576.131646,33.072
1780036576.1370254,33.069
1780036576.142357,33.07
1780036576.1475744,33.071
1780036576.1531885,33.071
1780036576.158601,33.068
1780036576.1639442,33.069
1780036576.1691458,33.07
1780036576.1747723,33.07
1780036576.1800168,33.071
1780036576.1855707,33.067
1780036576.1907597,33.068
1780036576.1963863,33.068
1780036576.2017837,33.069
1780036576.2071693,33.068
1780036576.212391,33.067
1780036576.218022,33.068
1780036576.223407,33.068
1780036576.2287824,33.069
1780036576.2339792,33.066
1780036576.2395637,33.067
1780036576.244764,33.067
1780036576.250381,33.068
1780036576.255587,33.066
1780036576.261154,33.065
1780036576.2663188,33.065
1780036576.2719617,33.066
1780036576.2771626,33.067
1780036576.2827764,33.063
1780036576.2879524,33.064
1780036576.2935898,33.065
1780036576.2987897,33.066
1780036576.3044431,33.068
1780036576.3098073,33.063
1780036576.315166,33.064
1780036576.3203802,33.065
1780036576.3259988,33.065
1780036576.3313825,33.062
1780036576.3368,33.063
1780036576.3421862,33.064
1780036576.347587,33.064
1780036576.352793,33.065
1780036576.358369,33.062
1780036576.3635702,33.062
1780036576.369205,33.063
1780036576.3745883,33.064
1780036576.3799636,33.06
1780036576.385144,33.062
1780036576.3907654,33.062
1780036576.3959641,33.063
1780036576.4016542,33.065
1780036576.407012,33.061
1780036576.4123964,33.061
1780036576.4177825,33.062
1780036576.42317,33.062
1780036576.4283848,33.059
1780036576.4340017,33.06
1780036576.4393833,33.061
1780036576.4447937,33.062
1780036576.4499934,33.064
1780036576.455632,33.059
1780036576.4609835,33.06
1780036576.4663749,33.06
1780036576.4715734,33.061
1780036576.4771585,33.058
1780036576.482348,33.059
1780036576.4879844,33.059
1780036576.4931927,33.06
1780036576.4988196,33.061
1780036576.5042138,33.057
1780036576.5096161,33.058
1780036576.5149965,33.059
1780036576.5204043,33.059
1780036576.525779,33.056
1780036576.5311747,33.057
1780036576.536391,33.058
1780036576.541979,33.058
1780036576.5472412,33.06
1780036576.5528069,33.056
1780036576.5581803,33.057
1780036576.5636458,33.057
1780036576.5690784,33.058
1780036576.5744076,33.056
1780036576.579882,33.057
1780036576.5852134,33.058
1780036576.5906332,33.059
1780036576.5960138,33.06
1780036576.6014392,33.058
1780036576.6068237,33.059
1780036576.6122572,33.06
1780036576.6175878,33.06
1780036576.6230326,33.058
1780036576.6285,33.059
1780036576.6338859,33.06
1780036576.6392329,33.061
1780036576.6446497,33.062
1780036576.6499777,33.061
1780036576.6552305,33.065
1780036576.66084,33.067
1780036576.6662858,33.07
1780036576.6715784,33.069
1780036576.6768374,33.07
1780036576.682447,33.071
1780036576.687881,33.071
1780036576.6933327,33.073
1780036576.6986454,33.07
1780036576.7039905,33.071
1780036576.709236,33.072
1780036576.714845,33.072
1780036576.720247,33.07
1780036576.7256749,33.071
1780036576.73105,33.072
1780036576.7364047,33.072
1780036576.7418358,33.074
1780036576.7472448,33.071
1780036576.752691,33.073
1780036576.7580004,33.073
1780036576.7633963,33.074
1780036576.76882,33.072
1780036576.774286,33.073
1780036576.7796538,33.074
1780036576.7850447,33.075
1780036576.7903895,33.076
1780036576.795638,33.076
1780036576.801234,33.078
1780036576.8066828,33.081
1780036576.8120558,33.084
1780036576.817446,33.083
1780036576.8228757,33.084
1780036576.8282912,33.085
1780036576.83365,33.085
1780036576.8390813,33.087
1780036576.8444011,33.084
1780036576.8497941,33.085
1780036576.8552423,33.086
1780036576.8606908,33.087
1780036576.8660314,33.084
1780036576.8714516,33.085
1780036576.8767788,33.086
1780036576.8820221,33.087
1780036576.8876905,33.088
1780036576.8930812,33.086
1780036576.8984325,33.086
1780036576.9038541,33.087
1780036576.9091969,33.088
1780036576.9146416,33.086
1780036576.9200923,33.087
1780036576.9254925,33.088
1780036576.930809,33.088
1780036576.9362006,33.09
1780036576.9416265,33.087
1780036576.947093,33.088
1780036576.9524503,33.088
1780036576.957866,33.089
1780036576.9631886,33.087
1780036576.9686306,33.088
1780036576.9740336,33.089
1780036576.9794915,33.089
1780036576.9849296,33.09
1780036576.9902499,33.088
1780036576.9956012,33.089
1780036577.001033,33.09
1780036577.006459,33.09
1780036577.0118837,33.089
1780036577.017243,33.089
1780036577.02263,33.09
1780036577.028039,33.091
1780036577.0334918,33.092
1780036577.0388482,33.089
1780036577.0442567,33.09
1780036577.0496078,33.091
1780036577.05504,33.091
1780036577.060454,33.089
1780036577.0658848,33.09
1780036577.071258,33.091
1780036577.0766487,33.091
1780036577.082093,33.093
1780036577.0874934,33.09
1780036577.0928586,33.091
1780036577.0982466,33.091
1780036577.103602,33.092
1780036577.1089954,33.09
1780036577.1144571,33.091
1780036577.119887,33.091
1780036577.125226,33.092
1780036577.1306887,33.093
1780036577.136052,33.091
1780036577.1414728,33.092
1780036577.1468346,33.092
1780036577.1522949,33.093
1780036577.1576235,33.09
1780036577.1630552,33.091
1780036577.1684127,33.092
1780036577.173836,33.093
1780036577.179331,33.094
1780036577.1846924,33.092
1780036577.1900487,33.092
1780036577.1954882,33.093
1780036577.2008338,33.094
1780036577.206295,33.092
1780036577.211689,33.092
1780036577.217097,33.093
1780036577.2224069,33.094
1780036577.2278078,33.095
1780036577.2332466,33.092
1780036577.238695,33.093
1780036577.2440624,33.094
1780036577.2494552,33.095
1780036577.254799,33.092
1780036577.260043,33.093
1780036577.2656555,33.094
1780036577.2710953,33.094
1780036577.276497,33.096
1780036577.2818398,33.093
1780036577.2872267,33.094
1780036577.292693,33.095
1780036577.2981012,33.096
1780036577.3035088,33.094
1780036577.3088555,33.094
1780036577.3142772,33.095
1780036577.319653,33.096
1780036577.3251007,33.097
1780036577.330449,33.094
1780036577.3358576,33.094
1780036577.341189,33.095
1780036577.3464072,33.096
1780036577.3520243,33.093
1780036577.3574934,33.094
1780036577.3628612,33.095
1780036577.3682523,33.096
1780036577.3737047,33.097
1780036577.3790977,33.094
1780036577.3844512,33.095
1780036577.3898962,33.096
1780036577.3951972,33.097
1780036577.400606,33.083
1780036577.40628,33.083
1780036577.4120085,33.092
1780036577.4174864,33.104
1780036577.4228783,33.113
1780036577.4282596,33.125
1780036577.4335856,33.134
1780036577.4391384,33.146
1780036577.444798,33.156
1780036577.4506865,33.169
1780036577.456515,33.178
1780036577.4618294,33.19
1780036577.4672132,33.199
1780036577.4726415,33.21
1780036577.4780586,33.22
1780036577.4834719,33.232
1780036577.4888184,33.243
1780036577.4942174,34.001
1780036577.49956,34.008
1780036577.5047698,34.009
1780036577.510429,34.009
1780036577.515894,34.01
1780036577.5212202,34.007
1780036577.5266101,34.008
1780036577.5320358,34.009
1780036577.5375006,34.011
1780036577.542864,34.008
1780036577.5482545,34.009
1780036577.5536022,34.01
1780036577.5588365,34.01
1780036577.5644555,34.011
1780036577.5698981,34.008
1780036577.5752645,34.008
1780036577.580657,34.008
1780036577.5860484,34.009
1780036577.5915,34.006
1780036577.5968857,34.006
1780036577.6022677,34.006
1780036577.6075747,34.006
1780036577.612817,34.007
1780036577.6185374,34.004
1780036577.6239011,34.004
1780036577.6292412,34.004
1780036577.6346624,34.004
1780036577.6399806,34.002
1780036577.6452258,34.002
1780036577.6508842,34.002
1780036577.656303,34.002
1780036577.6616828,34.003
1780036577.6670456,34.0
1780036577.6724389,34.0
1780036577.6779003,34.001
1780036577.6832554,34.002
1780036577.6887038,34.0
1780036577.694027,34.001
1780036577.6994257,34.002
1780036577.704844,34.003
1780036577.7103024,34.001
1780036577.7156425,34.002
1780036577.721065,34.003
1780036577.7264214,34.004
1780036577.731844,34.005
1780036577.7372591,34.003
1780036577.7426589,34.004
1780036577.747997,34.005
1780036577.753168,34.006
1780036577.7588086,34.004
1780036577.764246,34.005
1780036577.7696626,34.006
1780036577.7751033,34.007
1780036577.780431,34.008
1780036577.7858238,34.008
1780036577.7912266,34.011
1780036577.796699,34.015
1780036577.802043,34.018
1780036577.8074667,34.017
1780036577.8128517,34.018
1780036577.818274,34.019
1780036577.8236704,34.02
1780036577.8290973,34.02
1780036577.8344824,34.018
1780036577.8398626,34.018
1780036577.8452017,34.018
1780036577.850646,34.019
1780036577.8561187,34.016
1780036577.8615065,34.016
1780036577.8668194,34.017
1780036577.8722126,34.017
1780036577.877701,34.016
1780036577.8831046,34.015
1780036577.8884501,34.015
1780036577.89387,34.016
1780036577.8991952,34.017
1780036577.904649,34.014
1780036577.9100559,34.015
1780036577.9155061,34.015
1780036577.9208322,34.016
1780036577.9262643,34.013
1780036577.9316075,34.014
1780036577.9368584,34.015
1780036577.9424632,34.015
1780036577.9479787,34.016
1780036577.9532914,34.013
1780036577.958679,34.013
1780036577.964055,34.014
1780036577.9695053,34.015
1780036577.9748456,34.012
1780036577.9802685,34.013
1780036577.98561,34.013
1780036577.9908648,34.014
1780036577.9965403,34.014
1780036578.0019062,34.011
1780036578.0072708,34.012
1780036578.0126622,34.013
1780036578.0180104,34.013
1780036578.0234501,34.011
1780036578.0289083,34.011
1780036578.0343082,34.012
1780036578.0396316,34.012
1780036578.0450277,34.011
1780036578.0504444,34.01
1780036578.0559065,34.011
1780036578.0612633,34.011
1780036578.0666738,34.011
1780036578.0720224,34.008
1780036578.0774555,34.009
1780036578.0828707,34.01
1780036578.088301,34.01
1780036578.093653,34.009
1780036578.0991123,34.007
1780036578.1044984,34.008
1780036578.1102686,34.008
1780036578.1160583,34.009
1780036578.121388,34.003
1780036578.1266704,34.003
1780036578.1320288,34.004
1780036578.1374128,34.004
1780036578.142756,34.0
1780036578.1479173,34.0
1780036578.1536524,34.0
1780036578.158997,34.0
1780036578.164432,34.001
1780036578.1698608,33.253
1780036578.1752021,33.253
1780036578.1804173,33.253
1780036578.1860228,33.253
1780036578.1911974,33.25
1780036578.1967711,33.25
1780036578.2019389,33.251
1780036578.207648,33.251
1780036578.2130125,33.252
1780036578.2184021,33.247
1780036578.2235763,33.248
1780036578.2292106,33.248
1780036578.234381,33.249
1780036578.2399962,33.245
1780036578.2451558,33.245
1780036578.2508183,33.246
1780036578.2559664,33.246
1780036578.2616556,33.246
1780036578.267062,33.242
1780036578.2723944,33.242
1780036578.2775714,33.242
1780036578.2832272,33.242
1780036578.2886055,33.239
1780036578.2939804,33.239
1780036578.299149,33.24
1780036578.3048484,33.24
1780036578.3102689,33.24
1780036578.3156207,33.236
1780036578.3208032,33.236
1780036578.3264568,33.237
1780036578.3318326,33.237
1780036578.337202,33.234
1780036578.34236,33.233
1780036578.3479779,33.233
1780036578.353172,33.234
1780036578.3588517,33.234
1780036578.3642323,33.23
1780036578.3695972,33.23
1780036578.3748019,33.23
1780036578.3804333,33.23
1780036578.3858082,33.226
1780036578.3911712,33.226
1780036578.3963473,33.227
1780036578.4019985,33.227
1780036578.4071689,33.227
1780036578.4127836,33.223
1780036578.4179525,33.223
1780036578.42368,33.224
1780036578.429048,33.224
1780036578.4343936,33.223
1780036578.4395738,33.22
1780036578.4451869,33.22
1780036578.4503634,33.22
1780036578.4560356,33.221
1780036578.4614089,33.216
1780036578.466801,33.217
1780036578.4719968,33.217
1780036578.4776511,33.217
1780036578.48303,33.215
1780036578.4883895,33.214
1780036578.4935577,33.214
1780036578.4992547,33.215
1780036578.504603,33.215
1780036578.5099971,33.211
1780036578.515166,33.211
1780036578.5208323,33.212
1780036578.5262094,33.212
1780036578.5316837,33.214
1780036578.5370464,33.209
1780036578.5424075,33.209
1780036578.5476482,33.21
1780036578.5532537,33.21
1780036578.5586445,33.206
1780036578.5640404,33.206
1780036578.5694187,33.207
1780036578.574811,33.208
1780036578.580008,33.208
1780036578.5855992,33.204
1780036578.5907724,33.205
1780036578.5964336,33.205
1780036578.6018171,33.206
1780036578.6071906,33.202
1780036578.612375,33.202
1780036578.6180353,33.203
1780036578.623416,33.203
1780036578.6288736,33.204
1780036578.6342368,33.199
1780036578.6396475,33.2
1780036578.6450164,33.2
1780036578.650444,33.201
1780036578.6557906,33.197
1780036578.6612177,33.197
1780036578.6664064,33.198
1780036578.6720402,33.198
1780036578.677417,33.199
1780036578.682793,33.195
1780036578.6879647,33.195
1780036578.693584,33.196
1780036578.6988218,33.197
1780036578.7044234,33.193
1780036578.7096164,33.193
1780036578.715236,33.194
1780036578.7206144,33.195
1780036578.726035,33.195
1780036578.7314603,33.191
1780036578.7368066,33.192
1780036578.7420118,33.193
1780036578.7476242,33.193
1780036578.7528112,33.189
1780036578.7583928,33.19
1780036578.763595,33.191
1780036578.769211,33.191
1780036578.7744257,33.192
1780036578.7799885,33.187
1780036578.7851627,33.188
1780036578.7909563,33.188
1780036578.7963657,33.188
1780036578.802059,33.183
1780036578.807736,33.183
1780036578.8138013,33.185
1780036578.8191535,33.185
1780036578.8246446,33.186
1780036578.8298507,33.179
1780036578.8352072,33.18
1780036578.8404672,33.18
1780036578.846084,33.182
1780036578.8515124,33.178
1780036578.856865,33.179
1780036578.862334,33.18
1780036578.867644,33.181
1780036578.8730383,33.183
1780036578.8784754,33.177
1780036578.8839216,33.177
1780036578.8895104,33.178
1780036578.8954542,33.179
1780036578.9012148,33.176
1780036578.906399,33.177
1780036578.91202,33.178
1780036578.9171932,33.179
1780036578.922883,33.18
1780036578.9282477,33.176
1780036578.933612,33.176
1780036578.9388144,33.177
1780036578.944472,33.178
1780036578.9498854,33.174
1780036578.9552534,33.175
1780036578.9606347,33.176
1780036578.9660294,33.177
1780036578.9712653,33.178
1780036578.9768524,33.174
1780036578.982246,33.175
1780036578.9876492,33.176
1780036578.9930253,33.177
1780036578.9984076,33.173
1780036579.00361,33.174
1780036579.0092194,33.175
1780036579.0144475,33.175
1780036579.0201283,33.177
1780036579.0254738,33.173
1780036579.0308375,33.173
1780036579.036225,33.174
1780036579.0416653,33.175
1780036579.047076,33.171
1780036579.0524404,33.172
1780036579.0578215,33.173
1780036579.0632412,33.173
1780036579.0684705,33.174
1780036579.0740383,33.17
1780036579.0794237,33.171
1780036579.0848463,33.172
1780036579.0902617,33.172
1780036579.0956368,33.168
1780036579.1010306,33.169
1780036579.1064136,33.169
1780036579.1116076,33.17
1780036579.117295,33.171
1780036579.1226828,33.167
1780036579.1280096,33.168
1780036579.1335196,33.168
1780036579.1397235,33.169
1780036579.1450663,33.164
1780036579.1509252,33.165
1780036579.1562622,33.165
1780036579.1616747,33.166
1780036579.167128,33.167
1780036579.172575,33.161
1780036579.1779928,33.162
1780036579.1836948,33.161
1780036579.1894305,33.162
1780036579.1947737,33.157
1780036579.2004964,33.157
1780036579.2062724,33.157
1780036579.2121165,33.158
1780036579.2174737,33.155
1780036579.2228198,33.155
1780036579.2280166,33.158
1780036579.23364,33.161
1780036579.2390277,33.163
1780036579.2444305,33.16
1780036579.249624,33.161
1780036579.255225,33.162
1780036579.2604625,33.163
1780036579.2661242,33.164
1780036579.2714698,33.16
1780036579.2768328,33.16
1780036579.2822719,33.161
1780036579.2876868,33.162
1780036579.2931545,33.158
1780036579.2987175,33.159
1780036579.3044543,33.16
1780036579.3098447,33.161
1780036579.315344,33.163
1780036579.3214066,33.157
1780036579.3273807,33.158
1780036579.3327162,33.159
1780036579.3380954,33.16
1780036579.3435233,33.155
1780036579.3491359,33.156
1780036579.3550477,33.156
1780036579.3602822,33.157
1780036579.36567,33.154
1780036579.3711472,33.153
1780036579.3765018,33.154
1780036579.3825285,33.154
1780036579.3885565,33.155
1780036579.393929,33.151
1780036579.3992796,33.151
1780036579.4050367,33.152
1780036579.4108293,33.152
1780036579.416157,33.147
1780036579.422108,33.148
1780036579.4274747,33.149
1780036579.4328659,33.15
1780036579.4383554,33.15
1780036579.4436889,33.146
1780036579.4493713,33.149
1780036579.454959,33.151
1780036579.4605691,33.153
1780036579.466478,33.149
1780036579.4725761,33.15
1780036579.4785466,33.151
1780036579.4839199,33.152
1780036579.4892864,33.148
1780036579.4950042,33.147
1780036579.5008066,33.148
1780036579.506046,33.148
1780036579.5112708,33.149
1780036579.5168514,33.144
1780036579.5223377,33.144
1780036579.5279202,33.145
1780036579.533833,33.146
1780036579.5390754,33.142
1780036579.5444176,33.142
1780036579.5497386,33.143
1780036579.5555015,33.144
1780036579.561399,33.145
1780036579.56667,33.14
1780036579.572069,33.141
1780036579.5775294,33.141
1780036579.5828917,33.142
1780036579.5883152,33.138
1780036579.5936306,33.139
1780036579.5989296,33.14
1780036579.6045635,33.141
1780036579.6098742,33.142
1780036579.6152651,33.136
1780036579.6207323,33.137
1780036579.6263435,33.138
1780036579.632235,33.139
1780036579.6374767,33.134
1780036579.6428359,33.135
1780036579.648279,33.136
1780036579.6539483,33.136
1780036579.6598473,33.138
1780036579.6650798,33.133
1780036579.670448,33.133
1780036579.6758804,33.134
1780036579.6812985,33.134
1780036579.6867216,33.131
1780036579.6921206,33.131
1780036579.6974895,33.132
1780036579.7028785,33.132
1780036579.7083519,33.133
1780036579.713975,33.129
1780036579.7198648,33.13
1780036579.7257912,33.131
1780036579.7317553,33.132
1780036579.7371197,33.127
1780036579.7425244,33.127
1780036579.7482002,33.128
1780036579.7539778,33.129
1780036579.7593393,33.13
1780036579.7646735,33.124
1780036579.770078,33.125
1780036579.775535,33.126
1780036579.780891,33.127
1780036579.78632,33.123
1780036579.7916534,33.124
1780036579.7970665,33.125
1780036579.802493,33.125
1780036579.8079379,33.127
1780036579.8132606,33.122
1780036579.818656,33.123
1780036579.8240473,33.124
1780036579.829478,33.125
1780036579.8350902,33.121
1780036579.8409185,33.122
1780036579.8463356,33.123
1780036579.8516965,33.123
1780036579.8571281,33.125
1780036579.8625035,33.12
1780036579.8678904,33.121
1780036579.8732467,33.122
1780036579.8784876,33.123
1780036579.884057,33.119
1780036579.889538,33.12
1780036579.8951528,33.121
1780036579.9010487,33.121
1780036579.906299,33.123
1780036579.9116855,33.117
1780036579.9171405,33.118
1780036579.9225044,33.119
1780036579.927931,33.12
1780036579.9332533,33.116
1780036579.9386573,33.116
1780036579.9440858,33.116
1780036579.9495392,33.118
1780036579.9548879,33.118
1780036579.9603188,33.114
1780036579.9656441,33.115
1780036579.9712646,33.115
1780036579.9768095,33.115
1780036579.9825125,33.114
1780036579.987893,33.112
1780036579.993235,33.112
1780036579.9985344,33.113
1780036580.0040443,33.113
1780036580.0096362,33.108
1780036580.0153606,33.108
1780036580.0210998,33.108
1780036580.0269685,33.109
1780036580.0323007,33.104
1780036580.0376177,33.105
1780036580.0427895,33.106
1780036580.0484838,33.107
1780036580.0539,33.108
1780036580.0592315,33.104
1780036580.0645363,33.105
1780036580.0702946,33.106
1780036580.0762203,33.107
1780036580.0814924,33.104
1780036580.086818,33.103
1780036580.0923772,33.104
1780036580.0979252,33.104
1780036580.1037269,33.105
1780036580.1090868,33.1
1780036580.1145375,33.101
1780036580.1199415,33.102
1780036580.1252964,33.102
1780036580.1307452,33.102
1780036580.136093,33.1
1780036580.1415212,33.1
1780036580.1469061,33.101
1780036580.152352,33.102
1780036580.1576416,33.098
1780036580.1630516,33.099
1780036580.168448,33.099
1780036580.1737275,33.099
1780036580.1794946,33.1
1780036580.1852636,33.096
1780036580.1914682,33.097
1780036580.1974018,33.098
1780036580.2026925,33.099
1780036580.2080863,33.094
1780036580.2135403,33.096
1780036580.219145,33.096
1780036580.2250516,33.098
1780036580.2303007,33.094
1780036580.235641,33.094
1780036580.241134,33.094
1780036580.246729,33.094
1780036580.252563,33.095
1780036580.2579067,33.091
1780036580.2632964,33.092
1780036580.2687473,33.093
1780036580.2741013,33.093
1780036580.2795403,33.092
1780036580.2848494,33.09
1780036580.2902505,33.091
1780036580.295686,33.092
1780036580.3011382,33.093
1780036580.3064713,33.089
1780036580.3119018,33.09
1780036580.317269,33.091
1780036580.322691,33.092
1780036580.3281696,33.093
1780036580.333549,33.089
1780036580.3391547,33.09
1780036580.3450532,33.091
1780036580.3503025,33.092
1780036580.355644,33.087
1780036580.3611522,33.088
1780036580.366744,33.089
1780036580.3725567,33.09
1780036580.3779142,33.091
1780036580.3832858,33.087
1780036580.388745,33.088
1780036580.3943484,33.089
1780036580.4002733,33.09
1780036580.4055312,33.085
1780036580.4109406,33.086
1780036580.4163623,33.087
1780036580.4216943,33.088
1780036580.4271686,33.089
1780036580.4324741,33.084
1780036580.4378514,33.085
1780036580.4432812,33.086
1780036580.4487436,33.087
1780036580.454318,33.083
1780036580.4601681,33.084
1780036580.4654949,33.086
1780036580.4708972,33.087
1780036580.4763646,33.089
1780036580.4819462,33.083
1780036580.4878275,33.084
1780036580.4930897,33.085
1780036580.4984827,33.086
1780036580.5039456,33.081
1780036580.5095372,33.082
1780036580.5154269,33.084
1780036580.5206904,33.085
1780036580.526095,33.086
1780036580.5315406,33.08
1780036580.5371366,33.08
1780036580.5430267,33.081
1780036580.5483139,33.082
1780036580.5536845,33.076
1780036580.5591455,33.077
1780036580.564518,33.077
1780036580.5705976,33.077
1780036580.576565,33.079
1780036580.5819316,33.073
1780036580.5872998,33.074
1780036580.5930161,33.075
1780036580.5988579,33.076
1780036580.6040878,33.067
1780036580.6094828,33.057
1780036580.6148462,33.061
1780036580.620032,33.072
1780036580.6259644,33.084
1780036580.6319518,33.096
1780036580.637966,33.107
1780036580.6438944,33.116
1780036580.6494014,33.128
1780036580.6550121,33.139
1780036580.660559,33.146
1780036580.6661851,33.156
1780036580.6718347,33.167
1780036580.6773572,33.174
1780036580.6827679,33.186
1780036580.6881692,33.196
1780036580.6935334,33.215
1780036580.698934,33.23
1780036580.7042978,33.232
1780036580.709763,33.236
1780036580.7150738,33.237
1780036580.720486,33.238
1780036580.7258835,33.234
1780036580.7312856,33.235
1780036580.7366567,33.235
1780036580.7420754,33.235
1780036580.7475111,33.234
1780036580.7528899,33.232
1780036580.7583761,33.232
1780036580.7639945,33.232
1780036580.7698882,33.232
1780036580.7751756,33.228
1780036580.7805002,33.229
1780036580.7858875,33.229
1780036580.7912872,33.23
1780036580.796674,33.227
1780036580.802036,33.226
1780036580.807209,33.227
1780036580.812868,33.228
1780036580.8180556,33.228
1780036580.8236284,33.225
1780036580.8288033,33.226
1780036580.8344557,33.226
1780036580.8396523,33.227
1780036580.8452175,33.227
1780036580.850395,33.224
1780036580.8560529,33.225
1780036580.8612525,33.225
1780036580.8668544,33.226
1780036580.8720486,33.222
1780036580.8776343,33.223
1780036580.8828313,33.224
1780036580.8884585,33.224
1780036580.8936977,33.221
1780036580.8992746,33.221
1780036580.9047472,33.222
1780036580.910368,33.223
1780036580.9163315,33.225
1780036580.9223437,33.22
1780036580.9282646,33.221
1780036580.9334977,33.222
1780036580.938883,33.223
1780036580.9443743,33.219
1780036580.94999,33.219
1780036580.955901,33.22
1780036580.9611378,33.221
1780036580.9665933,33.222
1780036580.9719563,33.217
1780036580.9773448,33.218
1780036580.983013,33.218
1780036580.9888482,33.22
1780036580.994162,33.215
1780036580.9995544,33.216
1780036581.0049188,33.216
1780036581.0103703,33.217
1780036581.0157082,33.217
1780036581.0211105,33.214
1780036581.0264678,33.215
1780036581.031897,33.215
1780036581.0373328,33.217
1780036581.042753,33.212
1780036581.0483675,33.213
1780036581.054306,33.214
1780036581.0595698,33.215
1780036581.0648787,33.212
1780036581.0703738,33.211
1780036581.0759628,33.212
1780036581.081878,33.213
1780036581.0871406,33.215
1780036581.092512,33.209
1780036581.0979567,33.21
1780036581.103308,33.211
1780036581.1087544,33.212
1780036581.1140623,33.208
1780036581.1194856,33.209
1780036581.1248884,33.209
1780036581.1310713,33.21
1780036581.1369677,33.212
1780036581.1423545,33.207
1780036581.1477215,33.208
1780036581.153413,33.208
1780036581.1591902,33.209
1780036581.1644504,33.205
1780036581.1696942,33.206
1780036581.1753762,33.207
1780036581.1807508,33.208
1780036581.18617,33.21
1780036581.1915212,33.207
1780036581.1968646,33.208
1780036581.2021077,33.209
1780036581.207716,33.21
1780036581.21315,33.208
1780036581.218521,33.209
1780036581.2239132,33.209
1780036581.2293003,33.21
1780036581.234752,33.209
1780036581.2401013,33.21
1780036581.2455547,33.211
1780036581.250862,33.212
1780036581.2562633,33.214
1780036581.2616737,33.211
1780036581.266867,33.212
1780036581.2724524,33.213
1780036581.2776554,33.214
1780036581.2832606,33.211
1780036581.2884388,33.212
1780036581.294052,33.214
1780036581.2992258,33.214
1780036581.3049023,33.215
1780036581.3103294,33.212
1780036581.3156698,33.212
1780036581.3210647,33.213
1780036581.326455,33.214
1780036581.3316517,33.21
1780036581.337226,33.21
1780036581.3424585,33.211
1780036581.3481083,33.211
1780036581.3534985,33.213
1780036581.3588326,33.209
1780036581.364011,33.21
1780036581.369647,33.21
1780036581.3748496,33.211
1780036581.3804462,33.208
1780036581.3856218,33.209
1780036581.3912923,33.209
1780036581.3966682,33.21
1780036581.4020748,33.212
1780036581.4075139,33.208
1780036581.412905,33.208
1780036581.4183016,33.209
1780036581.4236712,33.21
1780036581.429052,33.206
1780036581.4346237,33.207
1780036581.440238,33.208
1780036581.446093,33.209
1780036581.4513633,33.211
1780036581.456695,33.206
1780036581.4620552,33.207
1780036581.467298,33.207
1780036581.472882,33.208
1780036581.4782572,33.205
1780036581.4836903,33.206
1780036581.4890623,33.206
1780036581.4945042,33.207
1780036581.499884,33.208
1780036581.5052328,33.204
1780036581.5104005,33.205
1780036581.5160453,33.206
1780036581.521237,33.206
1780036581.5268357,33.201
1780036581.5320158,33.201
1780036581.537654,33.202
1780036581.5428536,33.203
1780036581.5484824,33.204
1780036581.553861,33.2
1780036581.5592375,33.201
1780036581.564438,33.201
1780036581.5701265,33.202
1780036581.5754607,33.198
1780036581.5808208,33.198
1780036581.5859947,33.199
1780036581.5917082,33.2
1780036581.5971234,33.201
1780036581.60247,33.197
1780036581.607658,33.198
1780036581.6132498,33.199
1780036581.618454,33.2
1780036581.6240556,33.198
1780036581.6292162,33.197
1780036581.6348672,33.198
1780036581.6400654,33.199
1780036581.6456993,33.2
1780036581.6511178,33.197
1780036581.6564713,33.198
1780036581.661867,33.198
1780036581.6672857,33.199
1780036581.6726706,33.196
1780036581.6780572,33.196
1780036581.6832566,33.197
1780036581.6888804,33.198
1780036581.6942582,33.199
1780036581.699649,33.195
1780036581.7048242,33.196
1780036581.71046,33.197
1780036581.7156608,33.198
1780036581.7212613,33.197
1780036581.7264462,33.195
1780036581.7320683,33.195
1780036581.7372646,33.196
1780036581.742887,33.197
1780036581.7482612,33.194
1780036581.7536492,33.195
1780036581.758846,33.196
1780036581.7644808,33.196
1780036581.7698638,33.194
1780036581.7752366,33.194
1780036581.7803988,33.195
1780036581.786111,33.195
1780036581.7914662,33.197
1780036581.7968338,33.193
1780036581.8020072,33.194
1780036581.8077192,33.195
1780036581.8130913,33.195
1780036581.8185446,33.196
1780036581.8239074,33.192
1780036581.8292637,33.193
1780036581.8345032,33.193
1780036581.8401,33.194
1780036581.8454964,33.191
1780036581.8508987,33.192
1780036581.8562922,33.192
1780036581.861648,33.193
1780036581.8668678,33.193
1780036581.8724313,33.19
1780036581.8776073,33.192
1780036581.8832574,33.192
1780036581.8884451,33.193
1780036581.8940344,33.189
1780036581.8992088,33.19
1780036581.9048655,33.191
1780036581.910063,33.192
1780036581.9157462,33.193
1780036581.9210975,33.189
1780036581.9264686,33.189
1780036581.9316669,33.19
1780036581.9372985,33.191
1780036581.9426727,33.188
1780036581.9480872,33.188
1780036581.9534593,33.189
1780036581.9589012,33.19
1780036581.9643006,33.192
1780036581.969679,33.188
1780036581.975066,33.189
1780036581.9804802,33.189
1780036581.9858596,33.19
1780036581.9912608,33.186
1780036581.99643,33.187
1780036582.0020752,33.187
1780036582.0072834,33.188
1780036582.012927,33.189
1780036582.0183012,33.185
1780036582.023675,33.186
1780036582.0289135,33.186
1780036582.0345058,33.187
1780036582.0398962,33.184
1780036582.0452962,33.185
1780036582.0506766,33.186
1780036582.0560675,33.187
1780036582.061309,33.189
1780036582.0668907,33.184
1780036582.0720744,33.185
1780036582.077684,33.185
1780036582.08307,33.187
1780036582.0884461,33.183
1780036582.0936272,33.184
1780036582.099257,33.185
1780036582.1044536,33.185
1780036582.1100998,33.187
1780036582.1156516,33.183
1780036582.121033,33.183
1780036582.1270294,33.184
1780036582.1323202,33.185
1780036582.1376493,33.181
1780036582.1428132,33.182
1780036582.1484752,33.183
1780036582.1536837,33.183
1780036582.1593,33.184
1780036582.1647224,33.18
1780036582.1701834,33.181
1780036582.1755152,33.182
1780036582.1808727,33.183
1780036582.186068,33.179
1780036582.1916504,33.18
1780036582.19685,33.181
1780036582.2024727,33.181
1780036582.2076726,33.183
1780036582.213291,33.178
1780036582.218684,33.179
1780036582.2241085,33.18
1780036582.2294984,33.181
1780036582.2348218,33.177
1780036582.2399833,33.178
1780036582.2456696,33.179
1780036582.2508745,33.18
1780036582.2565107,33.181
1780036582.2618923,33.177
1780036582.2672818,33.178
1780036582.2727232,33.179
1780036582.2780762,33.18
1780036582.2832994,33.176
1780036582.2888405,33.177
1780036582.294039,33.177
1780036582.2996762,33.178
1780036582.3049164,33.18
1780036582.3104742,33.176
1780036582.3156607,33.177
1780036582.3212607,33.177
1780036582.3264606,33.178
1780036582.3320394,33.176
1780036582.3371942,33.176
1780036582.3428981,33.176
1780036582.348066,33.177
1780036582.3537297,33.178
1780036582.3591304,33.175
1780036582.3644695,33.176
1780036582.3696766,33.177
1780036582.3753045,33.177
1780036582.38069,33.174
1780036582.386055,33.174
1780036582.3912244,33.175
1780036582.3969443,33.176
1780036582.4023113,33.177
1780036582.4076717,33.174
1780036582.4128418,33.175
1780036582.418468,33.175
1780036582.4236717,33.175
1780036582.4292784,33.175
1780036582.4344528,33.172
1780036582.4400675,33.174
1780036582.445235,33.174
1780036582.4508781,33.175
1780036582.4560733,33.171
1780036582.461655,33.172
1780036582.466829,33.172
1780036582.4724922,33.172
1780036582.4778721,33.17
1780036582.4832187,33.168
1780036582.4883902,33.169
1780036582.4941099,33.169
1780036582.4994752,33.169
1780036582.5048254,33.166
1780036582.5099952,33.166
1780036582.5157056,33.166
1780036582.5210848,33.166
1780036582.526531,33.167
1780036582.5318818,33.163
1780036582.537256,33.163
1780036582.5424447,33.164
1780036582.548041,33.165
1780036582.5532362,33.162
1780036582.558893,33.163
1780036582.564283,33.164
1780036582.56971,33.164
1780036582.575092,33.164
1780036582.5804493,33.162
1780036582.5856237,33.163
1780036582.5912874,33.163
1780036582.5964825,33.164
1780036582.602047,33.161
1780036582.6072252,33.162
1780036582.6128745,33.163
1780036582.6180713,33.163
1780036582.6237395,33.165
1780036582.6291149,33.159
1780036582.6345177,33.16
1780036582.639895,33.161
1780036582.6452827,33.162
1780036582.6504765,33.158
1780036582.6560977,33.159
1780036582.6614707,33.16
1780036582.6669095,33.161
1780036582.6723087,33.163
1780036582.677692,33.158
1780036582.6828616,33.158
1780036582.6885,33.159
1780036582.6938872,33.161
1780036582.6992996,33.157
1780036582.7044837,33.158
1780036582.710099,33.158
1780036582.715479,33.159
1780036582.7208738,33.161
1780036582.7260692,33.157
1780036582.7316792,33.157
1780036582.7368813,33.158
1780036582.7424815,33.159
1780036582.7476718,33.155
1780036582.7532434,33.156
1780036582.7584412,33.157
1780036582.7640767,33.158
1780036582.7693307,33.159
1780036582.7748563,33.155
1780036582.7800443,33.157
1780036582.785821,33.158
1780036582.791233,33.158
1780036582.7967837,33.153
1780036582.8025084,33.154
1780036582.807911,33.156
1780036582.813346,33.156
1780036582.8187668,33.158
1780036582.8240933,33.153
1780036582.8294873,33.153
1780036582.8348722,33.154
1780036582.84011,33.154
1780036582.845702,33.152
1780036582.8514793,33.15
1780036582.8572571,33.15
1780036582.8625047,33.15
1780036582.8678827,33.151
1780036582.8732922,33.146
1780036582.8785303,33.146
1780036582.8844047,33.146
1780036582.8903844,33.147
1780036582.8960557,33.142
1780036582.9015355,33.143
1780036582.9072857,33.142
1780036582.913205,33.143
1780036582.9189384,33.144
1780036582.9243116,33.139
1780036582.9296901,33.139
1780036582.9350004,33.14
1780036582.9405797,33.142
1780036582.945944,33.137
1780036582.9513285,33.138
1780036582.9567106,33.139
1780036582.9621348,33.139
1780036582.9675817,33.141
1780036582.9731941,33.135
1780036582.9791121,33.136
1780036582.9843729,33.137
1780036582.9897304,33.137
1780036582.9951432,33.133
1780036583.0005126,33.133
1780036583.0066237,33.134
1780036583.0126557,33.135
1780036583.017944,33.133
1780036583.0233388,33.131
1780036583.0290809,33.132
1780036583.0354457,33.131
1780036583.0413702,33.132
1780036583.0467665,33.127
1780036583.0521388,33.128
1780036583.057583,33.129
1780036583.0629387,33.129
1780036583.068335,33.126
1780036583.073704,33.126
1780036583.0791347,33.127
1780036583.0845454,33.127
1780036583.089977,33.128
1780036583.0953279,33.124
1780036583.100728,33.125
1780036583.1061308,33.125
1780036583.1115808,33.126
1780036583.1170018,33.126
1780036583.1223528,33.123
1780036583.1277025,33.123
1780036583.1331291,33.124
1780036583.1385434,33.124
1780036583.1439512,33.12
1780036583.1494074,33.121
1780036583.1555371,33.121
1780036583.161443,33.122
1780036583.1667333,33.119
1780036583.1720936,33.119
1780036583.1775756,33.12
1780036583.183286,33.12
1780036583.1891685,33.122
1780036583.1952682,33.116
1780036583.2011244,33.117
1780036583.2065039,33.117
1780036583.2120483,33.118
1780036583.217742,33.113
1780036583.2231297,33.114
1780036583.2284985,33.114
1780036583.233781,33.114
1780036583.2394333,33.116
1780036583.2447631,33.112
1780036583.2501671,33.113
1780036583.2555318,33.114
1780036583.26095,33.115
1780036583.2663882,33.112
1780036583.2719908,33.113
1780036583.2778988,33.114
1780036583.2831333,33.116
1780036583.2885237,33.118
1780036583.2939854,33.113
1780036583.299362,33.114
1780036583.3047428,33.116
1780036583.3101075,33.117
1780036583.3154938,33.114
1780036583.3208966,33.115
1780036583.3260946,33.116
1780036583.3316905,33.117
1780036583.3369288,33.119
1780036583.3424997,33.115
1780036583.3476827,33.117
1780036583.3533008,33.118
1780036583.358555,33.119
1780036583.3641913,33.12
1780036583.3695288,33.116
1780036583.3749406,33.117
1780036583.3803165,33.119
1780036583.3857553,33.12
1780036583.3911374,33.116
1780036583.396538,33.118
1780036583.4018927,33.119
1780036583.4073517,33.12
1780036583.4127617,33.122
1780036583.4181156,33.118
1780036583.4235058,33.119
1780036583.4289372,33.12
1780036583.4343154,33.122
1780036583.4396887,33.119
1780036583.4448879,33.12
1780036583.4505413,33.121
1780036583.455955,33.122
1780036583.4613535,33.124
1780036583.4667413,33.12
1780036583.4724276,33.121
1780036583.4783456,33.123
1780036583.4836087,33.124
1780036583.4889195,33.12
1780036583.4943862,33.121
1780036583.500014,33.122
1780036583.5059283,33.123
1780036583.511188,33.126
1780036583.516504,33.12
1780036583.5219502,33.122
1780036583.52736,33.123
1780036583.5327826,33.124
1780036583.5381336,33.122
1780036583.5435474,33.121
1780036583.548942,33.122
1780036583.554403,33.123
1780036583.5597503,33.125
1780036583.5651512,33.121
1780036583.5705247,33.122
1780036583.5759466,33.123
1780036583.581373,33.124
1780036583.586754,33.123
1780036583.5923805,33.121
1780036583.5983288,33.122
1780036583.603605,33.123
1780036583.608968,33.125
1780036583.6143482,33.121
1780036583.6200185,33.122
1780036583.6259406,33.123
1780036583.6312027,33.124
1780036583.6365893,33.125
1780036583.6419742,33.121
1780036583.6473827,33.122
1780036583.6530802,33.124
1780036583.658886,33.125
1780036583.6645525,33.121
1780036583.6703928,33.122
1780036583.6764538,33.123
1780036583.6823995,33.124
1780036583.688051,33.119
1780036583.6935306,33.12
1780036583.6996078,33.121
1780036583.7049675,33.122
1780036583.7103584,33.122
1780036583.7157192,33.117
1780036583.721111,33.118
1780036583.7265193,33.118
1780036583.7319002,33.119
1780036583.737246,33.115
1780036583.7424223,33.116
1780036583.7481165,33.117
1780036583.7534862,33.118
1780036583.7589607,33.119
1780036583.7643523,33.115
1780036583.7696958,33.116
1780036583.7751389,33.117
1780036583.78053,33.118
1780036583.785913,33.115
1780036583.7913008,33.116
1780036583.7964787,33.117
1780036583.8020844,33.118
1780036583.807298,33.119
1780036583.8128815,33.104
1780036583.8180635,33.105
1780036583.8236706,33.114
1780036583.8288438,33.125
1780036583.8344514,33.134
1780036583.8399014,33.145
1780036583.8456461,33.156
1780036583.8515303,33.165
1780036583.8567557,33.177
1780036583.8621063,33.187
1780036583.867635,33.198
1780036583.8732986,33.207
1780036583.8792355,33.218
1780036583.8851771,33.231
1780036583.8911326,33.242
1780036583.8969142,33.253
1780036583.9023418,34.019
1780036583.9078047,34.025
1780036583.9131968,34.027
1780036583.9185321,34.029
1780036583.9239993,34.03
1780036583.9293885,34.031
1780036583.9347847,34.029
1780036583.9401612,34.03
1780036583.9455922,34.032
1780036583.9509609,34.033
1780036583.956357,34.031
1780036583.9617035,34.032
1780036583.966948,34.032
1780036583.9725678,34.033
1780036583.9779923,34.03
1780036583.9833758,34.03
1780036583.9887576,34.031
1780036583.9941552,34.031
1780036583.9995923,34.032
1780036584.0049434,34.028
1780036584.0103958,34.029
1780036584.015725,34.03
1780036584.0211217,34.03
1780036584.02654,34.028
1780036584.0319998,34.028
1780036584.0373702,34.029
1780036584.042756,34.029
1780036584.0481853,34.03
1780036584.0535803,34.027
1780036584.0589666,34.028
1780036584.064398,34.028
1780036584.0697672,34.029
1780036584.0751567,34.026
1780036584.080571,34.027
1780036584.085995,34.027
1780036584.0913427,34.027
1780036584.096763,34.026
1780036584.102096,34.028
1780036584.1073444,34.03
1780036584.1129565,34.033
1780036584.1184063,34.036
1780036584.1237278,34.034
1780036584.1291597,34.035
1780036584.1344967,34.035
1780036584.1397412,34.036
1780036584.1453717,34.033
1780036584.1507952,34.034
1780036584.1561522,34.034
1780036584.16155,34.034
1780036584.1669126,34.035
1780036584.172347,34.034
1780036584.1777573,34.037
1780036584.183226,34.039
1780036584.1885214,34.041
1780036584.193918,34.04
1780036584.199397,34.041
1780036584.2048035,34.041
1780036584.2102306,34.042
1780036584.2155728,34.043
1780036584.2209103,34.039
1780036584.2263532,34.04
1780036584.2317715,34.04
1780036584.2372272,34.041
1780036584.242555,34.038
1780036584.2479646,34.038
1780036584.253315,34.039
1780036584.2587457,34.039
1780036584.2642431,34.04
1780036584.2696042,34.037
1780036584.2749298,34.037
1780036584.2803233,34.037
1780036584.285746,34.038
1780036584.2911987,34.035
1780036584.296557,34.036
1780036584.3019671,34.036
1780036584.3073158,34.036
1780036584.3127532,34.034
1780036584.318159,34.034
1780036584.3235984,34.035
1780036584.3289611,34.035
1780036584.33437,34.035
1780036584.3396978,34.032
1780036584.344942,34.033
1780036584.3505726,34.033
1780036584.3559985,34.033
1780036584.3613718,34.031
1780036584.3667653,34.031
1780036584.372138,34.032
1780036584.377606,34.032
1780036584.3829331,34.033
1780036584.3884015,34.032
1780036584.393721,34.034
1780036584.3991551,34.037
1780036584.404547,34.039
1780036584.410006,34.038
1780036584.4153981,34.038
1780036584.4207695,34.039
1780036584.4261088,34.04
1780036584.4313574,34.039
1780036584.4369562,34.037
1780036584.4424095,34.038
1780036584.4477599,34.038
1780036584.453176,34.038
1780036584.458542,34.036
1780036584.464003,34.036
1780036584.4693666,34.037
1780036584.4748068,34.037
1780036584.480198,34.037
1780036584.485584,34.035
1780036584.4909637,34.035
1780036584.4964175,34.036
1780036584.501766,34.036
1780036584.5071723,34.034
1780036584.5125196,34.035
1780036584.517744,34.035
1780036584.523371,34.035
1780036584.5288012,34.033
1780036584.534157,34.036
1780036584.5395646,34.038
1780036584.5449536,34.04
1780036584.5504053,34.044
1780036584.5557625,34.041
1780036584.5612278,34.041
1780036584.5665164,34.042
1780036584.5719197,34.043
1780036584.5773485,34.04
1780036584.5828187,34.04
1780036584.5881844,34.041
1780036584.5935724,34.041
1780036584.5990262,34.042
1780036584.6044178,34.039
1780036584.60978,34.039
1780036584.615203,34.039
1780036584.6205657,34.039
1780036584.625975,34.037
1780036584.6313875,34.037
1780036584.636808,34.038
1780036584.6421456,34.038
1780036584.6476097,34.036
1780036584.6529136,34.036
1780036584.6583233,34.036
1780036584.663738,34.036
1780036584.6692266,34.036
1780036584.6745625,34.032
1780036584.679971,34.033
1780036584.6853204,34.033
1780036584.6907537,34.033
1780036584.6961596,34.032
1780036584.7016032,34.031
1780036584.7069633,34.031
1780036584.7123804,34.031
1780036584.7177575,34.032
1780036584.7232351,34.028
1780036584.7285583,34.029
1780036584.7340045,34.03
1780036584.7393365,34.03
1780036584.74474,34.028
1780036584.7501566,34.028
1780036584.7556055,34.028
1780036584.7609472,34.028
1780036584.766374,34.029
1780036584.771715,34.026
1780036584.776959,34.026
1780036584.782583,34.026
1780036584.7880054,34.026
1780036584.7933724,34.024
1780036584.7987669,34.024
1780036584.8041492,34.024
1780036584.8096159,34.025
1780036584.8149838,34.025
1780036584.820402,34.024
1780036584.8257387,34.026
1780036584.8311362,34.029
1780036584.836565,34.031
1780036584.8420143,34.03
1780036584.8473918,34.03
1780036584.8527744,34.031
1780036584.8581216,34.032
1780036584.8635476,34.033
1780036584.8689663,34.029
1780036584.8744187,34.03
1780036584.8797672,34.03
1780036584.8851771,34.03
1780036584.8904982,34.028
1780036584.8957503,34.031
1780036584.901376,34.033
1780036584.906807,34.035
1780036584.9122007,34.038
1780036584.9175618,34.035
1780036584.9230187,34.035
1780036584.9284177,34.036
1780036584.9337451,34.037
1780036584.9391737,34.033
1780036584.9445522,34.034
1780036584.949975,34.034
1780036584.955381,34.034
1780036584.960806,34.033
1780036584.9661527,34.032
1780036584.9715774,34.032
1780036584.976928,34.032
1780036584.9823604,34.032
1780036584.987766,34.029
1780036584.9932332,34.03
1780036584.9985416,34.03
1780036585.0039358,34.03
1780036585.0094259,34.031
1780036585.0148153,34.028
1780036585.0201752,34.028
1780036585.0255725,34.029
1780036585.0309138,34.029
1780036585.036401,34.026
1780036585.0417721,34.027
1780036585.0472424,34.027
1780036585.0525858,34.027
1780036585.0579789,34.025
1780036585.0633254,34.025
1780036585.0687582,34.025
1780036585.0742977,34.025
1780036585.0802417,34.026
1780036585.0856178,34.023
1780036585.0909278,34.023
1780036585.0963228,34.024
1780036585.1017647,34.024
1780036585.107233,34.021
1780036585.1125746,34.022
1780036585.1179807,34.022
1780036585.1233287,34.022
1780036585.1287565,34.023
1780036585.134162,34.019
1780036585.1396189,34.02
1780036585.144967,34.02
1780036585.1503873,34.021
1780036585.155677,34.018
1780036585.1609242,34.018
1780036585.1665761,34.019
1780036585.1720161,34.019
1780036585.1773653,34.019
1780036585.1827743,34.019
1780036585.1881638,34.021
1780036585.1936095,34.023
1780036585.198971,34.025
1780036585.204385,34.024
1780036585.2097616,34.024
1780036585.2151825,34.025
1780036585.220555,34.025
1780036585.226018,34.025
1780036585.2313662,34.023
1780036585.2367773,34.024
1780036585.2421231,34.024
1780036585.2473671,34.024
1780036585.252954,34.021
1780036585.2584205,34.022
1780036585.2637765,34.022
1780036585.2691848,34.023
1780036585.2746356,34.024
1780036585.28002,34.022
1780036585.28538,34.025
1780036585.2908113,34.027
1780036585.296122,34.029
1780036585.301534,34.028
1780036585.3069665,34.028
1780036585.3124187,34.029
1780036585.3177834,34.029
1780036585.323174,34.027
1780036585.3285275,34.027
1780036585.333962,34.028
1780036585.3393981,34.028
1780036585.3448176,34.028
1780036585.3501637,34.026
1780036585.355583,34.026
1780036585.3609743,34.026
1780036585.3664253,34.027
1780036585.371777,34.025
1780036585.3772237,34.025
1780036585.3825574,34.026
1780036585.3879936,34.026
1780036585.3933876,34.026
1780036585.3988128,34.023
1780036585.404172,34.024
1780036585.4095805,34.025
1780036585.4148993,34.025
1780036585.4201431,34.022
1780036585.4257407,34.023
1780036585.4312344,34.023
1780036585.436585,34.024
1780036585.4419858,34.024
1780036585.447353,34.023
1780036585.4528134,34.026
1780036585.458167,34.028
1780036585.4636223,34.031
1780036585.4689343,34.029
1780036585.4741735,34.03
1780036585.4797735,34.03
1780036585.4852216,34.031
1780036585.49058,34.032
1780036585.495976,34.028
1780036585.5013258,34.029
1780036585.5065694,34.029
1780036585.5121598,34.029
1780036585.517624,34.027
1780036585.522985,34.027
1780036585.528371,34.028
1780036585.5337765,34.028
1780036585.5392227,34.028
1780036585.5445726,34.025
1780036585.5500245,34.026
1780036585.555355,34.026
1780036585.560754,34.027
1780036585.5661678,34.024
1780036585.5716295,34.024
1780036585.5769749,34.025
1780036585.5823872,34.025
1780036585.5878122,34.026
1780036585.5932271,34.022
1780036585.5985818,34.023
1780036585.6040277,34.023
1780036585.609417,34.023
1780036585.6147873,34.022
1780036585.620179,34.025
1780036585.6256196,34.027
1780036585.631001,34.029
1780036585.6364226,34.028
1780036585.6417444,34.029
1780036585.647144,34.029
1780036585.6525788,34.03
1780036585.6580262,34.031
1780036585.6633728,34.028
1780036585.668787,34.028
1780036585.6741185,34.029
1780036585.6793616,34.029
1780036585.6849658,34.026
1780036585.690429,34.026
1780036585.695756,34.027
1780036585.701185,34.027
1780036585.7065098,34.027
1780036585.7117658,34.024
1780036585.7173753,34.025
1780036585.7228258,34.025
1780036585.728134,34.025
1780036585.7335505,34.023
1780036585.738962,34.024
1780036585.744427,34.024
1780036585.749775,34.024
1780036585.7551894,34.025
1780036585.760529,34.022
1780036585.7657723,34.023
1780036585.771388,34.023
1780036585.77682,34.023
1780036585.7821596,34.02
1780036585.7875907,34.021
1780036585.7929423,34.021
1780036585.7983718,34.022
1780036585.8037972,34.022
1780036585.8092275,34.022
1780036585.814538,34.024
1780036585.819931,34.027
1780036585.8253744,34.029
1780036585.8308249,34.027
1780036585.8362355,34.028
1780036585.8415902,34.028
1780036585.8469388,34.028
1780036585.8523695,34.029
1780036585.8577917,34.026
1780036585.86324,34.027
1780036585.8685975,34.027
1780036585.8739927,34.028
1780036585.8793342,34.025
1780036585.8847725,34.025
1780036585.8902657,34.026
1780036585.8956304,34.026
1780036585.9010289,34.027
1780036585.9063833,34.026
1780036585.911784,34.028
1780036585.9172297,34.03
1780036585.9225903,34.032
1780036585.9279845,34.031
1780036585.9333305,34.032
1780036585.9387605,34.033
1780036585.944184,34.033
1780036585.9496207,34.03
1780036585.9549742,34.031
1780036585.9603913,34.032
1780036585.9657114,34.032
1780036585.9709437,34.033
1780036585.9765775,34.029
1780036585.98203,34.029
1780036585.987342,34.03
1780036585.9927359,34.03
1780036585.9981604,34.029
1780036586.003629,34.028
1780036586.0089884,34.028
1780036586.0143988,34.029
1780036586.0197368,34.029
1780036586.024981,34.026
1780036586.0305734,34.026
1780036586.036026,34.027
1780036586.0414026,34.027
1780036586.0467868,34.025
1780036586.052135,34.025
1780036586.0573812,34.026
1780036586.0629885,34.026
1780036586.0684328,34.026
1780036586.0737443,34.024
1780036586.0791345,34.024
1780036586.0845776,34.025
1780036586.0900283,34.025
1780036586.095372,34.022
1780036586.1007948,34.023
1780036586.106141,34.024
1780036586.1113791,34.024
1780036586.116996,34.024
1780036586.1224277,34.024
1780036586.1277864,34.026
1780036586.1331944,34.028
1780036586.1385264,34.03
1780036586.1437736,34.029
1780036586.1494262,34.03
1780036586.154831,34.031
1780036586.1601622,34.031
1780036586.1655734,34.032
1780036586.1709745,34.029
1780036586.1764364,34.03
1780036586.1818051,34.03
1780036586.1872241,34.03
1780036586.1925328,34.027
1780036586.1977885,34.028
1780036586.2033858,34.028
1780036586.2088337,34.028
1780036586.2142296,34.03
1780036586.2195942,34.026
1780036586.2249131,34.027
1780036586.230157,34.027
1780036586.235779,34.027
1780036586.2411847,34.025
1780036586.2465715,34.025
1780036586.2519531,34.026
1780036586.2573698,34.026
1780036586.2628357,34.026
1780036586.268169,34.024
1780036586.2736347,34.024
1780036586.2789385,34.025
1780036586.2843475,34.025
1780036586.289766,34.022
1780036586.2952425,34.023
1780036586.3005881,34.023
1780036586.3059998,34.023
1780036586.3114548,34.024
1780036586.316833,34.021
1780036586.3221915,34.021
1780036586.3276296,34.022
1780036586.3329968,34.022
1780036586.3383937,34.019
1780036586.3437998,34.019
1780036586.3492272,34.019
1780036586.3545954,34.019
1780036586.360032,34.02
1780036586.3653405,34.017
1780036586.3707576,34.017
1780036586.376181,34.018
1780036586.381629,34.018
1780036586.3869948,34.015
1780036586.3924012,34.016
1780036586.3978148,34.016
1780036586.4032378,34.016
1780036586.4086697,34.017
1780036586.4140332,34.014
1780036586.419388,34.014
1780036586.4247997,34.014
1780036586.43018,34.014
1780036586.435638,34.012
1780036586.4410188,34.012
1780036586.446441,34.013
1780036586.45175,34.013
1780036586.4571476,34.013
1780036586.462542,34.01
1780036586.4680223,34.011
1780036586.473379,34.011
1780036586.478801,34.011
1780036586.4841127,34.008
1780036586.489357,34.009
1780036586.4949875,34.009
1780036586.5004394,34.009
1780036586.5058265,34.01
1780036586.5111787,34.007
1780036586.5165384,34.007
1780036586.5217862,34.008
1780036586.527377,34.008
1780036586.5328383,34.005
1780036586.5381951,34.006
1780036586.5436254,34.007
1780036586.5489728,34.007
1780036586.5544415,34.008
1780036586.559785,34.005
1780036586.5651965,34.005
1780036586.5705519,34.006
1780036586.5759783,34.006
1780036586.5813968,34.003
1780036586.5868387,34.004
1780036586.5921862,34.004
1780036586.5982006,34.004
1780036586.603584,34.003
1780036586.6089427,34.002
1780036586.6141903,34.003
1780036586.6198027,34.003
1780036586.6252363,34.003
1780036586.630567,34.0
1780036586.6359684,34.0
1780036586.641398,34.001
1780036586.6468399,34.001
1780036586.652353,34.002
1780036586.6576605,33.254
1780036586.6629796,33.255
1780036586.6684134,33.255
1780036586.6738138,33.255
1780036586.6792347,33.252
1780036586.684641,33.253
1780036586.6900039,33.253
1780036586.695367,33.253
1780036586.7007985,33.253
1780036586.7061663,33.251
1780036586.7116406,33.252
1780036586.7169504,33.252
1780036586.7223465,33.253
1780036586.7277544,33.25
1780036586.733235,33.251
1780036586.738578,33.251
1780036586.744005,33.251
1780036586.7494125,33.252
1780036586.7548244,33.249
1780036586.7601721,33.25
1780036586.7656448,33.25
1780036586.7709863,33.251
1780036586.7764015,33.248
1780036586.7818174,33.248
1780036586.7872372,33.249
1780036586.7926016,33.249
1780036586.7980323,33.248
1780036586.8033843,33.246
1780036586.8088088,33.247
1780036586.8141916,33.248
1780036586.8196352,33.248
1780036586.8249967,33.245
1780036586.8304071,33.246
1780036586.835754,33.247
1780036586.8411849,33.247
1780036586.846657,33.247
1780036586.8520472,33.244
1780036586.8574188,33.244
1780036586.862799,33.245
1780036586.868145,33.245
1780036586.8735883,33.242
1780036586.8790433,33.242
1780036586.8844478,33.243
1780036586.8897588,33.243
1780036586.895153,33.243
1780036586.9005594,33.241
1780036586.9060407,33.242
1780036586.9114063,33.242
1780036586.9168375,33.242
1780036586.9221632,33.24
1780036586.9276152,33.24
1780036586.932987,33.241
1780036586.9384456,33.241
1780036586.9438667,33.242
1780036586.9492087,33.239
1780036586.9545665,33.24
1780036586.9599924,33.241
1780036586.9653988,33.241
1780036586.9708443,33.226
1780036586.9764373,33.224
1780036586.9821868,33.229
1780036586.9876065,33.24
1780036586.9929922,33.249
1780036586.9984457,34.004
1780036587.0040348,34.014
1780036587.0098982,34.023
1780036587.015192,34.034
1780036587.0206044,34.042
1780036587.0260472,34.053
1780036587.0316396,34.064
1780036587.0376012,34.074
1780036587.043111,34.084
1780036587.048582,34.095
1780036587.0542881,34.104
1780036587.0596032,34.12
1780036587.0650249,34.135
1780036587.0704198,34.137
1780036587.0758362,34.14
1780036587.0812485,34.141
1780036587.086605,34.142
1780036587.0920098,34.139
1780036587.0973618,34.139
1780036587.1027873,34.139
1780036587.1082263,34.139
1780036587.1136384,34.135
1780036587.1189919,34.136
1780036587.1243868,34.136
1780036587.1297998,34.136
1780036587.1352475,34.137
1780036587.140589,34.134
1780036587.1460462,34.135
1780036587.151377,34.135
1780036587.1568086,34.135
1780036587.1621823,34.132
1780036587.1676433,34.133
1780036587.1730103,34.133
1780036587.178402,34.133
1780036587.1837668,34.134
1780036587.1889973,34.131
1780036587.1946166,34.131
1780036587.2000413,34.131
1780036587.205409,34.131
1780036587.210805,34.128
1780036587.2162294,34.128
1780036587.221649,34.127
1780036587.227008,34.127
1780036587.2324584,34.127
1780036587.2377734,34.123
1780036587.2432272,34.123
1780036587.2486062,34.122
1780036587.2540505,34.122
1780036587.2593977,34.119
1780036587.2648127,34.119
1780036587.270162,34.118
1780036587.2756014,34.118
1780036587.2810445,34.118
1780036587.2864482,34.115
1780036587.2918034,34.114
1780036587.2972155,34.114
1780036587.302588,34.114
1780036587.3080466,34.111
1780036587.3133922,34.111
1780036587.3188477,34.11
1780036587.3241556,34.11
1780036587.3296316,34.107
1780036587.3349972,34.107
1780036587.3404531,34.107
1780036587.345804,34.106
1780036587.3512096,34.107
1780036587.356552,34.103
1780036587.3617954,34.103
1780036587.3674111,34.103
1780036587.372844,34.102
1780036587.3781972,34.099
1780036587.3836114,34.099
1780036587.3889952,34.099
1780036587.3944428,34.099
1780036587.3998055,34.099
1780036587.4052439,34.096
1780036587.410577,34.096
1780036587.4159718,34.095
1780036587.4213996,34.095
1780036587.4268486,34.092
1780036587.432243,34.092
1780036587.4376163,34.092
1780036587.442958,34.092
1780036587.4482,34.091
1780036587.4538057,34.089
1780036587.4592507,34.089
1780036587.464597,34.089
1780036587.4700158,34.089
1780036587.4754035,34.085
1780036587.4808545,34.085
1780036587.486199,34.085
1780036587.4916487,34.085
1780036587.4970202,34.084
1780036587.5024357,34.082
1780036587.5077999,34.081
1780036587.51325,34.081
1780036587.5185957,34.081
1780036587.5240176,34.078
1780036587.5293486,34.078
1780036587.534592,34.077
1780036587.5402377,34.077
1780036587.5456524,34.074
1780036587.5509741,34.075
1780036587.5564144,34.075
1780036587.5617497,34.074
1780036587.5669842,34.075
1780036587.572586,34.071
1780036587.5780475,34.072
1780036587.5833614,34.072
1780036587.5887632,34.071
1780036587.5941827,34.069
1780036587.5996172,34.069
1780036587.60499,34.069
1780036587.610419,34.069
1780036587.61584,34.069
1780036587.621228,34.066
1780036587.6265454,34.066
1780036587.6318042,34.066
1780036587.6374183,34.066
1780036587.642811,34.063
1780036587.6482244,34.063
1780036587.653649,34.063
1780036587.6590106,34.063
1780036587.6644611,34.061
1780036587.6697664,34.063
1780036587.6751635,34.065
1780036587.6806085,34.067
1780036587.6860523,34.069
1780036587.6914017,34.067
1780036587.696816,34.067
1780036587.7021742,34.067
1780036587.707602,34.067
1780036587.713011,34.063
1780036587.718457,34.064
1780036587.7238204,34.064
1780036587.7292116,34.064
1780036587.734564,34.064
1780036587.7400026,34.061
1780036587.7454333,34.061
1780036587.7508516,34.061
1780036587.7561789,34.06
1780036587.761596,34.057
1780036587.7670481,34.057
1780036587.7724538,34.057
1780036587.777814,34.057
1780036587.7832232,34.058
1780036587.7886024,34.054
1780036587.7940216,34.054
1780036587.79938,34.054
1780036587.804851,34.054
1780036587.8102632,34.051
1780036587.8156242,34.051
1780036587.8209598,34.05
1780036587.8262312,34.05
1780036587.8318815,34.051
1780036587.8372588,34.049
1780036587.842579,34.051
1780036587.8479722,34.053
1780036587.8533866,34.055
1780036587.858855,34.053
1780036587.8642235,34.054
1780036587.8696232,34.053
1780036587.8749645,34.053
1780036587.8802304,34.05
1780036587.885803,34.05
1780036587.8912585,34.05
1780036587.8966186,34.05
1780036587.902025,34.05
1780036587.9073598,34.047
1780036587.9126065,34.047
1780036587.918197,34.047
1780036587.9236596,34.047
1780036587.92898,34.044
1780036587.9343753,34.044
1780036587.9397922,34.044
1780036587.9452567,34.044
1780036587.9506118,34.044
1780036587.956022,34.041
1780036587.961368,34.041
1780036587.966602,34.041
1780036587.9722247,34.041
1780036587.9776537,34.038
1780036587.9830184,34.038
1780036587.9884288,34.038
1780036587.9937816,34.038
1780036587.999226,34.038
1780036588.0046165,34.035
1780036588.0100584,34.035
1780036588.0153978,34.035
1780036588.0207899,34.034
1780036588.026184,34.031
1780036588.0316548,34.031
1780036588.0370178,34.031
1780036588.0424616,34.031
1780036588.0478163,34.032
1780036588.053235,34.03
1780036588.0586069,34.032
1780036588.064057,34.034
1780036588.0694075,34.036
1780036588.0748222,34.035
1780036588.080204,34.035
1780036588.0856414,34.035
1780036588.091003,34.035
1780036588.0964239,34.036
1780036588.1017818,34.032
1780036588.1071637,34.032
1780036588.1126072,34.032
1780036588.1180577,34.032
1780036588.1234047,34.027
1780036588.1288645,34.028
1780036588.1341798,34.028
1780036588.1396298,34.027
1780036588.1450946,34.028
1780036588.1504607,34.023
1780036588.1559293,34.023
1780036588.161818,34.023
1780036588.1672108,34.023
1780036588.1725435,34.017
1780036588.1780264,34.017
1780036588.1836958,34.016
1780036588.1895993,34.016
1780036588.1948628,34.014
1780036588.200236,34.011
1780036588.2056563,34.01
1780036588.2112732,34.01
1780036588.2171857,34.011
1780036588.2225282,34.005
1780036588.2282798,34.004
1780036588.2338278,34.003
1780036588.2394125,34.002
1780036588.24489,33.253
1780036588.2508688,33.254
1780036588.256759,33.254
1780036588.2620087,33.253
1780036588.2673616,33.254
1780036588.2726564,33.248
1780036588.2785034,33.248
1780036588.2844062,33.248
1780036588.289666,33.248
1780036588.2949822,33.242
1780036588.3004243,33.243
1780036588.3060977,33.242
1780036588.3119733,33.242
1780036588.3172102,33.243
1780036588.3225882,33.237
1780036588.328016,33.238
1780036588.3334491,33.238
1780036588.3388658,33.238
1780036588.3441951,33.232
1780036588.3496094,33.233
1780036588.3550136,33.233
1780036588.360562,33.233
1780036588.3661008,33.234
1780036588.3718112,33.229
1780036588.3772285,33.229
1780036588.3825736,33.229
1780036588.3878984,33.229
1780036588.393395,33.225
1780036588.3991277,33.225
1780036588.405503,33.225
1780036588.411467,33.225
1780036588.4168484,33.221
1780036588.4221976,33.221
1780036588.4279346,33.221
1780036588.4337456,33.221
1780036588.4389734,33.222
1780036588.4442255,33.217
1780036588.449808,33.218
1780036588.455547,33.218
1780036588.4613564,33.218
1780036588.4666202,33.212
1780036588.4720402,33.213
1780036588.4774325,33.213
1780036588.4829445,33.213
1780036588.4885442,33.214
1780036588.4944506,33.208
1780036588.5003996,33.209
1780036588.5057251,33.208
1780036588.5112572,33.208
1780036588.51705,33.205
1780036588.5224302,33.205
1780036588.5277946,33.206
1780036588.5332284,33.206
1780036588.5386968,33.207
1780036588.5440197,33.202
1780036588.5494146,33.202
1780036588.5547934,33.202
1780036588.5602021,33.203
1780036588.5655913,33.199
1780036588.5709913,33.199
1780036588.5763702,33.199
1780036588.5817666,33.199
1780036588.586964,33.2
1780036588.5925624,33.195
1780036588.597765,33.196
1780036588.6033635,33.195
1780036588.6085548,33.196
1780036588.6141381,33.191
1780036588.6193008,33.192
1780036588.6249406,33.192
1780036588.630136,33.192
1780036588.6358418,33.193
1780036588.6411996,33.188
1780036588.6466162,33.188
1780036588.6520157,33.188
1780036588.6573708,33.188
1780036588.6625645,33.184
1780036588.66815,33.184
1780036588.6733599,33.185
1780036588.678966,33.185
1780036588.684198,33.185
1780036588.689786,33.18
1780036588.6950288,33.181
1780036588.7007582,33.181
1780036588.7060206,33.181
1780036588.7113686,33.176
1780036588.7165315,33.177
1780036588.7221818,33.177
1780036588.7275684,33.177
1780036588.7330387,33.178
1780036588.7384198,33.174
1780036588.7437778,33.174
1780036588.7489798,33.174
1780036588.7545931,33.174
1780036588.7599716,33.171
1780036588.7653303,33.171
1780036588.7705307,33.171
1780036588.7761683,33.171
1780036588.7813787,33.172
1780036588.7869284,33.167
1780036588.7921042,33.168
1780036588.7978697,33.168
1780036588.8032138,33.168
1780036588.8085537,33.165
1780036588.813709,33.165
1780036588.8194366,33.165
1780036588.8248065,33.165
1780036588.8301592,33.166
1780036588.8353667,33.162
1780036588.840943,33.162
1780036588.8461423,33.162
1780036588.8517568,33.162
1780036588.8569598,33.158
1780036588.86253,33.159
1780036588.8677292,33.159
1780036588.8733873,33.159
1780036588.8787737,33.16
1780036588.884167,33.156
1780036588.8893483,33.156
1780036588.8949647,33.157
1780036588.9001527,33.157
1780036588.9058316,33.157
1780036588.911188,33.154
1780036588.9165745,33.155
1780036588.9218128,33.155
1780036588.9273968,33.155
1780036588.9327936,33.151
1780036588.9381988,33.152
1780036588.9435856,33.152
1780036588.9489818,33.152
1780036588.954231,33.15
1780036588.9598272,33.149
1780036588.965566,33.15
1780036588.9715264,33.15
1780036588.976863,33.151
1780036588.9826012,33.146
1780036588.9879785,33.147
1780036588.993377,33.147
1780036588.9985785,33.147
1780036589.004172,33.144
1780036589.009339,33.144
1780036589.015009,33.144
1780036589.02038,33.145
1780036589.0258489,33.145
1780036589.0312276,33.142
1780036589.0365674,33.142
1780036589.0418735,33.143
1780036589.047689,33.144
1780036589.0533524,33.139
1780036589.0585163,33.14
1780036589.064157,33.14
1780036589.0693674,33.14
1780036589.0750506,33.141
1780036589.0804274,33.137
1780036589.085773,33.138
1780036589.0910928,33.137
1780036589.0966702,33.138
1780036589.1020129,33.134
1780036589.1073623,33.135
1780036589.1125593,33.135
1780036589.118164,33.135
1780036589.1233757,33.136
1780036589.1289625,33.131
1780036589.1341383,33.132
1780036589.1397827,33.132
1780036589.145227,33.133
1780036589.1505702,33.132
1780036589.1557536,33.13
1780036589.1614058,33.13
1780036589.1667638,33.13
1780036589.1721706,33.131
1780036589.1773827,33.128
1780036589.1829588,33.128
1780036589.1881554,33.129
1780036589.1937976,33.129
1780036589.199181,33.126
1780036589.204554,33.126
1780036589.2097268,33.126
1780036589.2153614,33.126
1780036589.2205598,33.127
1780036589.2261693,33.123
1780036589.2313776,33.124
1780036589.2369947,33.124
1780036589.2423828,33.125
1780036589.2478468,33.126
1780036589.253214,33.121
1780036589.2585719,33.122
1780036589.263767,33.122
1780036589.2693856,33.123
1780036589.2745829,33.119
1780036589.280191,33.119
1780036589.2855792,33.12
1780036589.2909913,33.12
1780036589.2961907,33.12
1780036589.3018076,33.118
1780036589.3071895,33.118
1780036589.312615,33.119
1780036589.3179994,33.119
1780036589.323359,33.116
1780036589.3285322,33.116
1780036589.3341637,33.117
1780036589.3395162,33.117
1780036589.3450894,33.119
1780036589.3504808,33.114
1780036589.3561094,33.115
1780036589.3620477,33.115
1780036589.3677537,33.116
1780036589.3729627,33.112
1780036589.3785803,33.113
1780036589.3837829,33.113
1780036589.3893797,33.113
1780036589.3945842,33.112
1780036589.400151,33.111
1780036589.4053464,33.111
1780036589.410978,33.111
1780036589.4162393,33.112
1780036589.4217865,33.108
1780036589.4269745,33.109
1780036589.432587,33.109
1780036589.437789,33.109
1780036589.4434717,33.111
1780036589.448819,33.105
1780036589.4542303,33.106
1780036589.4595954,33.106
1780036589.464951,33.107
1780036589.4701257,33.103
1780036589.4758039,33.104
1780036589.4811828,33.105
1780036589.486586,33.105
1780036589.4918249,33.106
1780036589.4974597,33.102
1780036589.5028133,33.103
1780036589.5082035,33.103
1780036589.5133815,33.103
1780036589.518952,33.1
1780036589.524112,33.101
1780036589.5298278,33.101
1780036589.5352066,33.101
1780036589.5406234,33.102
1780036589.5460386,33.097
1780036589.5513833,33.098
1780036589.5566828,33.099
1780036589.5625,33.099
1780036589.568158,33.095
1780036589.5733507,33.096
1780036589.5790174,33.096
1780036589.584398,33.096
1780036589.5897737,33.097
1780036589.5949707,33.093
1780036589.6005647,33.094
1780036589.6057649,33.094
1780036589.6113799,33.094
1780036589.616586,33.091
1780036589.6221502,33.091
1780036589.6273284,33.092
1780036589.6329656,33.092
1780036589.638236,33.093
1780036589.6437922,33.09
1780036589.6489801,33.091
1780036589.6545825,33.091
1780036589.6597846,33.091
1780036589.665464,33.093
1780036589.670822,33.089
1780036589.6761713,33.089
1780036589.681385,33.089
1780036589.687,33.09
1780036589.6923857,33.086
1780036589.697863,33.087
1780036589.7032218,33.088
1780036589.7085857,33.088
1780036589.7137923,33.09
1780036589.7194207,33.085
1780036589.724784,33.085
1780036589.7302659,33.086
1780036589.7356193,33.086
1780036589.7409556,33.083
1780036589.746135,33.083
1780036589.7517738,33.084
1780036589.7570138,33.084
1780036589.76266,33.085
1780036589.768049,33.081
1780036589.7733736,33.082
1780036589.7785807,33.083
1780036589.7841988,33.083
1780036589.789588,33.08
1780036589.7949584,33.081
1780036589.8001568,33.081
1780036589.805793,33.082
1780036589.8110309,33.083
1780036589.816592,33.079
1780036589.8217793,33.08
1780036589.8275456,33.08
1780036589.8329153,33.08
1780036589.838484,33.079
1780036589.8436692,33.076
1780036589.849003,33.077
1780036589.854402,33.077
1780036589.8598218,33.078
1780036589.8651962,33.074
1780036589.8706238,33.075
1780036589.8760002,33.076
1780036589.8813972,33.076
1780036589.8866007,33.076
1780036589.8921704,33.074
1780036589.8976207,33.075
1780036589.9029815,33.075
1780036589.9082415,33.076
1780036589.9138,33.072
1780036589.918993,33.072
1780036589.9245903,33.073
1780036589.929993,33.074
1780036589.9354086,33.075
1780036589.9408424,33.07
1780036589.9461908,33.071
1780036589.9515944,33.072
1780036589.9569895,33.072
1780036589.9621675,33.069
1780036589.9677851,33.07
1780036589.9729838,33.07
1780036589.9785895,33.071
1780036589.9837987,33.072
1780036589.9893901,33.068
1780036589.994564,33.069
1780036590.0001905,33.069
1780036590.0054016,33.07
1780036590.0109742,33.067
1780036590.016117,33.067
1780036590.0218263,33.067
1780036590.0271947,33.068
1780036590.0326183,33.069
1780036590.0379934,33.065
1780036590.0433729,33.066
1780036590.0486124,33.067
1780036590.0542219,33.067
1780036590.0596178,33.065
1780036590.0649676,33.067
1780036590.070144,33.069
1780036590.075782,33.072
1780036590.0810218,33.075
1780036590.0865984,33.072
1780036590.0917926,33.072
1780036590.0974443,33.073
1780036590.1028216,33.073
1780036590.1082432,33.075
1780036590.1136181,33.071
1780036590.1190338,33.071
1780036590.1244793,33.072
1780036590.129805,33.072
1780036590.1351914,33.069
1780036590.1406283,33.07
1780036590.145992,33.071
1780036590.1514394,33.071
1780036590.1568174,33.072
1780036590.1623192,33.051
1780036590.1676207,33.058
1780036590.173051,33.067
1780036590.1784678,33.078
1780036590.183823,33.088
1780036590.1893265,33.1
1780036590.195008,33.111
1780036590.2006295,33.121
1780036590.2060275,33.133
1780036590.2114084,33.142
1780036590.216838,33.153
1780036590.2222152,33.164
1780036590.227925,33.174
1780036590.234248,33.186
1780036590.2397263,33.198
1780036590.2450547,33.209
1780036590.2504485,33.231
1780036590.2558246,33.236
1780036590.2611842,33.239
1780036590.266629,33.241
1780036590.2720058,33.242
1780036590.2774963,33.244
1780036590.2828252,33.239
1780036590.288217,33.24
1780036590.2935882,33.24
1780036590.299013,33.242
1780036590.3043935,33.238
1780036590.3098164,33.239
1780036590.3151922,33.24
1780036590.32062,33.241
1780036590.3260002,33.243
1780036590.3314095,33.239
1780036590.3365843,33.239
1780036590.3422096,33.239
1780036590.347594,33.24
1780036590.3529775,33.236
1780036590.3581517,33.236
1780036590.3637786,33.237
1780036590.3689709,33.236
1780036590.3746672,33.238
1780036590.3800251,33.233
1780036590.3853939,33.233
1780036590.3905914,33.233
1780036590.3961935,33.233
1780036590.4015937,33.229
1780036590.4070234,33.229
1780036590.4124048,33.229
1780036590.4177873,33.229
1780036590.4230032,33.228
1780036590.428588,33.225
1780036590.433832,33.225
1780036590.4394066,33.225
1780036590.444612,33.225
1780036590.4502795,33.221
1780036590.4556239,33.221
1780036590.4610171,33.222
1780036590.4664,33.222
1780036590.4718616,33.223
1780036590.4772272,33.218
1780036590.4825935,33.218
1780036590.4877918,33.218
1780036590.4934313,33.218
1780036590.4988084,33.212
1780036590.5042088,33.213
1780036590.5096014,33.213
1780036590.514997,33.213
1780036590.520194,33.213
1780036590.5257933,33.209
1780036590.5309677,33.21
1780036590.5365975,33.21
1780036590.5418422,33.21
1780036590.5473793,33.206
1780036590.5525668,33.206
1780036590.5582,33.206
1780036590.5634105,33.206
1780036590.5690703,33.207
1780036590.574432,33.203
1780036590.579775,33.203
1780036590.5850105,33.203
1780036590.590678,33.204
1780036590.5960968,33.201
1780036590.6014588,33.202
1780036590.606844,33.202
1780036590.612229,33.203
1780036590.617697,33.2
1780036590.623045,33.201
1780036590.6284988,33.201
1780036590.633818,33.202
1780036590.6392202,33.203
1780036590.6446366,33.2
1780036590.650101,33.201
1780036590.6554666,33.201
1780036590.6608584,33.201
1780036590.666204,33.199
1780036590.6716444,33.2
1780036590.6770535,33.2
1780036590.682504,33.201
1780036590.68786,33.202
1780036590.6932673,33.199
1780036590.6986496,33.2
1780036590.704101,33.2
1780036590.7094662,33.201
1780036590.714896,33.197
1780036590.720216,33.198
1780036590.725611,33.199
1780036590.7310507,33.199
1780036590.7365043,33.2
1780036590.7418547,33.199
1780036590.747269,33.202
1780036590.7525978,33.204
1780036590.7578406,33.207
1780036590.763462,33.206
1780036590.7689052,33.206
1780036590.7742531,33.207
1780036590.779679,33.207
1780036590.7851038,33.208
1780036590.790505,33.205
1780036590.7958696,33.206
1780036590.801258,33.207
1780036590.8066056,33.208
1780036590.811851,33.207
1780036590.8174524,33.208
1780036590.8228965,33.209
1780036590.8282347,33.211
1780036590.8336673,33.209
1780036590.8389978,33.21
1780036590.844241,33.211
1780036590.8498523,33.212
1780036590.8553042,33.215
1780036590.8606327,33.212
1780036590.866066,33.214
1780036590.871453,33.215
1780036590.8769045,33.217
1780036590.882252,33.215
1780036590.8877006,33.216
1780036590.893025,33.217
1780036590.8984215,33.218
1780036590.9038782,33.22
1780036590.9093015,33.218
1780036590.914667,33.219
1780036590.9200625,33.221
1780036590.9254107,33.222
1780036590.930657,33.22
1780036590.9362817,33.221
1780036590.941706,33.222
1780036590.9470677,33.224
1780036590.9524648,33.225
1780036590.9578123,33.223
1780036590.9632518,33.224
1780036590.9686663,33.225
1780036590.974098,33.227
1780036590.9794316,33.225
1780036590.9848318,33.226
1780036590.9902427,33.227
1780036590.9957027,33.229
1780036591.0011303,33.23
1780036591.0064704,33.228
1780036591.011816,33.229
1780036591.0172446,33.231
1780036591.0226622,33.232
1780036591.0281084,33.23
1780036591.0334709,33.231
1780036591.038863,33.232
1780036591.0443032,33.233
1780036591.049694,33.231
1780036591.0550396,33.232
1780036591.0605063,33.234
1780036591.0658207,33.235
1780036591.0712147,33.237
1780036591.0766041,33.235
1780036591.0820863,33.236
1780036591.087459,33.237
1780036591.092871,33.238
1780036591.0981722,33.236
1780036591.103438,33.237
1780036591.1090515,33.238
1780036591.1145098,33.239
1780036591.119863,33.24
1780036591.1253,33.239
1780036591.1306074,33.24
1780036591.1358573,33.241
1780036591.1414473,33.242
1780036591.1469066,33.24
1780036591.1522534,33.241
1780036591.157666,33.242
1780036591.1630507,33.243
1780036591.1685104,33.245
1780036591.1738698,33.245
1780036591.179295,33.248
1780036591.1846066,33.252
1780036591.1898506,33.255
1780036591.1954508,33.254
1780036591.2009115,34.0
1780036591.2062604,34.001
1780036591.2116754,34.002
1780036591.2171133,34.004
1780036591.2225065,34.001
1780036591.2278543,34.002
1780036591.2333324,34.004
1780036591.2386222,34.005
1780036591.2440174,34.003
1780036591.2494836,34.004
1780036591.2549036,34.005
1780036591.2602649,34.006
1780036591.2656775,34.006
1780036591.271013,34.005
1780036591.2762516,34.006
1780036591.2818708,34.006
1780036591.287331,34.008
1780036591.292675,34.006
1780036591.2980664,34.007
1780036591.3034003,34.008
1780036591.3086448,34.009
1780036591.3143563,34.011
1780036591.3197145,34.008
1780036591.3250604,34.009
1780036591.330481,34.01
1780036591.3358305,34.011
1780036591.3413067,34.009
1780036591.3466518,34.01
1780036591.3521123,34.011
1780036591.357434,34.012
1780036591.3628697,34.01
1780036591.3682365,34.011
1780036591.3737078,34.012
1780036591.3793254,34.013
1780036591.3852537,34.014
1780036591.3905146,34.01
1780036591.3958538,34.011
1780036591.4013062,34.012
1780036591.4066682,34.013
1780036591.4121134,34.011
1780036591.417435,34.011
1780036591.4228349,34.012
1780036591.4282541,34.013
1780036591.4337127,34.015
1780036591.439074,34.012
1780036591.4444687,34.013
1780036591.4498248,34.014
1780036591.4552548,34.015
1780036591.4606714,34.013
1780036591.4661386,34.014
1780036591.4714832,34.015
1780036591.4768717,34.016
1780036591.4822679,34.017
1780036591.487664,34.014
1780036591.4930494,34.015
1780036591.4985166,34.016
1780036591.5038264,34.018
1780036591.509223,34.016
1780036591.514699,34.016
1780036591.5200775,34.017
1780036591.5254533,34.018
1780036591.530877,34.02
1780036591.536236,34.017
1780036591.5416524,34.018
1780036591.547085,34.019
1780036591.5525074,34.02
1780036591.5578597,34.017
1780036591.5632958,34.018
1780036591.5686057,34.019
1780036591.573856,34.02
1780036591.579531,34.022
1780036591.5849097,34.019
1780036591.5902457,34.02
1780036591.5956426,34.021
1780036591.6010191,34.022
1780036591.6062584,34.02
1780036591.6119032,34.02
1780036591.6172998,34.021
1780036591.6226234,34.022
1780036591.6278672,34.023
1780036591.633486,34.021
1780036591.6389089,34.021
1780036591.644274,34.022
1780036591.649674,34.023
1780036591.6550217,34.02
1780036591.6604624,34.021
1780036591.6658778,34.022
1780036591.6713276,34.022
1780036591.6767087,34.023
1780036591.6820724,34.019
1780036591.6874495,34.019
1780036591.6929157,34.019
1780036591.6982746,34.019
1780036591.7036827,34.016
1780036591.7090628,34.017
1780036591.7144845,34.016
1780036591.7198708,34.016
1780036591.7253356,34.014
1780036591.7306697,34.014
1780036591.7360816,34.014
1780036591.7414484,34.014
1780036591.7468705,34.015
1780036591.7522542,34.012
1780036591.7577157,34.012
1780036591.7630403,34.012
1780036591.7684338,34.013
1780036591.7738419,34.011
1780036591.7793343,34.01
1780036591.7846813,34.01
1780036591.7900832,34.01
1780036591.795432,34.011
1780036591.8008676,34.008
1780036591.8062975,34.008
1780036591.8117135,34.008
1780036591.8170817,34.008
1780036591.8224766,34.005
1780036591.8277917,34.005
1780036591.833036,34.005
1780036591.8386497,34.005
1780036591.844116,34.006
1780036591.8494666,34.003
1780036591.8548887,34.003
1780036591.8603518,34.004
1780036591.865722,34.004
1780036591.871045,34.001
1780036591.8764806,34.002
1780036591.8818219,34.002
1780036591.8870673,34.002
1780036591.8927057,34.002
1780036591.8981245,34.0
1780036591.9034734,34.0
1780036591.9088857,34.0
1780036591.9142206,34.0
1780036591.919467,33.253
1780036591.9251177,33.254
1780036591.9305234,33.254
1780036591.93584,33.254
1780036591.941232,33.255
1780036591.9466856,33.252
1780036591.9521155,33.252
1780036591.9574966,33.252
1780036591.9629135,33.252
1780036591.9682436,33.25
1780036591.973679,33.25
1780036591.9790876,33.25
1780036591.9845176,33.25
1780036591.9899542,33.251
1780036591.9953027,33.248
1780036592.0006354,33.249
1780036592.006071,33.249
1780036592.0114841,33.249
1780036592.016915,33.246
1780036592.0222974,33.247
1780036592.0276685,33.247
1780036592.0330584,33.247
1780036592.0384853,33.246
1780036592.0438762,33.242
1780036592.0493035,33.244
1780036592.0546446,33.244
1780036592.0600648,33.246
1780036592.0654542,33.243
1780036592.070821,33.244
1780036592.076233,33.245
1780036592.0814278,33.247
1780036592.0870988,33.248
1780036592.0924594,33.245
1780036592.0978603,33.246
1780036592.1032372,33.246
1780036592.108622,33.246
1780036592.1138182,33.243
1780036592.1194458,33.244
1780036592.124823,33.244
1780036592.1303034,33.244
1780036592.135665,33.242
1780036592.1409988,33.241
1780036592.1461735,33.241
1780036592.1518214,33.242
1780036592.1570623,33.242
1780036592.1626267,33.239
1780036592.167816,33.239
1780036592.173419,33.24
1780036592.1786227,33.24
1780036592.1843069,33.241
1780036592.1896613,33.236
1780036592.1950638,33.236
1780036592.2004356,33.237
1780036592.2058542,33.237
1780036592.2112136,33.233
1780036592.2166345,33.233
1780036592.2218332,33.233
1780036592.2274334,33.234
1780036592.232635,33.234
1780036592.2382085,33.23
1780036592.2434232,33.231
1780036592.249017,33.231
1780036592.2542548,33.231
1780036592.2598412,33.227
1780036592.2650342,33.228
1780036592.270629,33.228
1780036592.275834,33.228
1780036592.2814996,33.23
1780036592.286865,33.225
1780036592.2922542,33.225
1780036592.2976305,33.226
1780036592.3030412,33.226
1780036592.308419,33.222
1780036592.3138518,33.223
1780036592.3192282,33.224
1780036592.3246229,33.224
1780036592.3298485,33.225
1780036592.3355596,33.22
1780036592.3415267,33.221
1780036592.3476348,33.221
1780036592.352976,33.222
1780036592.3585777,33.217
1780036592.3645868,33.218
1780036592.3703306,33.219
1780036592.3756628,33.219
1780036592.3809862,33.216
1780036592.3861463,33.216
1780036592.3918607,33.217
1780036592.3972383,33.217
1780036592.4026232,33.217
1780036592.407819,33.213
1780036592.4134064,33.214
1780036592.418608,33.214
1780036592.4242475,33.214
1780036592.4294102,33.21
1780036592.4349976,33.211
1780036592.4401724,33.211
1780036592.4458346,33.211
1780036592.4510744,33.212
1780036592.4566321,33.209
1780036592.46182,33.212
1780036592.4674556,33.214
1780036592.4728363,33.217
1780036592.478215,33.216
1780036592.4833605,33.215
1780036592.4890645,33.215
1780036592.4944377,33.216
1780036592.4999275,33.216
1780036592.5053058,33.213
1780036592.510658,33.213
1780036592.5160408,33.214
1780036592.5214357,33.214
1780036592.5266414,33.209
1780036592.532202,33.21
1780036592.5373893,33.21
1780036592.5430357,33.211
1780036592.5482333,33.211
1780036592.55381,33.208
1780036592.5589857,33.208
1780036592.5646484,33.209
1780036592.5700884,33.209
1780036592.5755215,33.209
1780036592.5808578,33.205
1780036592.586264,33.206
1780036592.591639,33.206
1780036592.597042,33.206
1780036592.6024325,33.203
1780036592.6078682,33.203
1780036592.6132388,33.203
1780036592.6186728,33.203
1780036592.6240602,33.203
1780036592.6294374,33.199
1780036592.6346376,33.2
1780036592.6402478,33.2
1780036592.6456254,33.2
1780036592.6510046,33.196
1780036592.656185,33.197
1780036592.6618476,33.197
1780036592.6672332,33.197
1780036592.6726942,33.198
1780036592.6780589,33.194
1780036592.6834402,33.194
1780036592.6886382,33.194
1780036592.6942656,33.194
1780036592.6996396,33.19
1780036592.7050095,33.192
1780036592.7102127,33.192
1780036592.7158659,33.192
1780036592.7212825,33.193
1780036592.726615,33.189
1780036592.7318041,33.189
1780036592.7374341,33.189
1780036592.742639,33.189
1780036592.7482228,33.186
1780036592.7533834,33.186
1780036592.7590322,33.187
1780036592.7642314,33.187
1780036592.769864,33.188
1780036592.7753088,33.184
1780036592.780627,33.184
1780036592.7859752,33.184
1780036592.7918413,33.185
1780036592.7974913,33.18
1780036592.8028314,33.181
1780036592.8082666,33.181
1780036592.8136668,33.181
1780036592.819118,33.181
1780036592.8244936,33.177
1780036592.8298457,33.177
1780036592.835238,33.177
1780036592.8406518,33.177
1780036592.846056,33.173
1780036592.8515728,33.174
1780036592.8574843,33.173
1780036592.863556,33.173
1780036592.8696694,33.174
1780036592.8754854,33.169
1780036592.8808796,33.169
1780036592.8862977,33.169
1780036592.891729,33.17
1780036592.8972769,33.165
1780036592.9030957,33.166
1780036592.9086251,33.166
1780036592.9139743,33.165
1780036592.9199505,33.166
1780036592.9252841,33.161
1780036592.9306192,33.162
1780036592.9358175,33.162
1780036592.9414527,33.162
1780036592.9468317,33.158
1780036592.9522772,33.158
1780036592.9576948,33.159
1780036592.963077,33.159
1780036592.9684992,33.16
1780036592.9738328,33.157
1780036592.9790125,33.157
1780036592.9846163,33.157
1780036592.9897866,33.158
1780036592.9954195,33.155
1780036593.000594,33.155
1780036593.006215,33.156
1780036593.0113852,33.156
1780036593.0170834,33.157
1780036593.0225856,33.154
1780036593.0281706,33.154
1780036593.0344026,33.154
1780036593.0399222,33.154
1780036593.0454216,33.15
1780036593.0509403,33.149
1780036593.0568366,33.149
1780036593.0621555,33.15
1780036593.0674512,33.149
1780036593.072893,33.143
1780036593.0782707,33.143
1780036593.0836494,33.143
1780036593.0890381,33.144
1780036593.0944374,33.14
1780036593.099862,33.141
1780036593.1052341,33.141
1780036593.1106594,33.141
1780036593.1160507,33.143
1780036593.1214423,33.138
1780036593.1266444,33.138
1780036593.1322303,33.138
1780036593.1374187,33.139
1780036593.1430087,33.135
1780036593.148188,33.135
1780036593.1538367,33.136
1780036593.159035,33.136
1780036593.1646442,33.137
1780036593.1698403,33.133
1780036593.1754158,33.133
1780036593.1806161,33.134
1780036593.1862397,33.134
1780036593.1914337,33.131
1780036593.1970127,33.131
1780036593.2022135,33.132
1780036593.207852,33.132
1780036593.2130494,33.132
1780036593.218618,33.129
1780036593.2237926,33.129
1780036593.2294436,33.129
1780036593.2346463,33.129
1780036593.2402387,33.128
1780036593.2453976,33.126
1780036593.251044,33.126
1780036593.256241,33.127
1780036593.2618423,33.127
1780036593.2670374,33.123
1780036593.2726305,33.124
1780036593.277831,33.124
1780036593.283443,33.125
1780036593.2886496,33.123
1780036593.294233,33.121
1780036593.2994113,33.122
1780036593.305034,33.122
1780036593.3102713,33.123
1780036593.3158586,33.119
1780036593.321047,33.12
1780036593.3266635,33.12
1780036593.3320427,33.12
1780036593.3377457,33.119
1780036593.3435194,33.102
1780036593.3488786,33.109
1780036593.3542151,33.118
1780036593.3593829,33.13
1780036593.3650565,33.139
1780036593.3702724,33.15
1780036593.3758824,33.16
1780036593.3813047,33.171
1780036593.386646,33.181
1780036593.3921716,33.192
1780036593.397906,33.204
1780036593.4036179,33.213
1780036593.4095614,33.223
1780036593.414949,33.234
1780036593.4202857,33.243
1780036593.4257445,34.001
1780036593.4310753,34.017
1780036593.4364712,34.024
1780036593.4418337,34.028
1780036593.4470406,34.028
1780036593.4526362,34.029
1780036593.4578426,34.026
1780036593.4634304,34.026
1780036593.4686444,34.027
1780036593.474248,34.027
1780036593.4794948,34.028
1780036593.4850802,34.025
1780036593.4905498,34.026
1780036593.4958692,34.026
1780036593.5012631,34.027
1780036593.5066662,34.024
1780036593.5121448,34.025
1780036593.51751,34.025
1780036593.5229402,34.025
1780036593.528272,34.026
1780036593.5337274,34.024
1780036593.5390947,34.024
1780036593.544546,34.024
1780036593.5499096,34.024
1780036593.5553226,34.022
1780036593.5606594,34.023
1780036593.566095,34.023
1780036593.571517,34.023
1780036593.5769398,34.024
1780036593.5822544,34.021
1780036593.5876508,34.022
1780036593.5930808,34.022
1780036593.5986211,34.023
1780036593.6039293,34.021
1780036593.6093721,34.022
1780036593.6146622,34.022
1780036593.6200612,34.023
1780036593.6255307,34.025
1780036593.6309474,34.022
1780036593.6362915,34.023
1780036593.6417072,34.024
1780036593.6470501,34.025
1780036593.6522965,34.022
1780036593.6578975,34.023
1780036593.663376,34.024
1780036593.6686862,34.024
1780036593.6741104,34.022
1780036593.6794875,34.023
1780036593.684948,34.024
1780036593.6903687,34.024
1780036593.6957479,34.026
1780036593.7010627,34.025
1780036593.7064695,34.028
1780036593.7118902,34.031
1780036593.717371,34.034
1780036593.7227015,34.034
1780036593.7281098,34.034
1780036593.7334583,34.035
1780036593.7388902,34.036
1780036593.7443388,34.037
1780036593.7497363,34.035
1780036593.7551095,34.035
1780036593.7605097,34.036
1780036593.7658958,34.037
1780036593.7713728,34.035
1780036593.7767375,34.036
1780036593.7821512,34.037
1780036593.7874615,34.037
1780036593.7928665,34.038
1780036593.7982805,34.035
1780036593.8037474,34.036
1780036593.8091123,34.037
1780036593.8145182,34.038
1780036593.8198512,34.035
1780036593.8250976,34.036
1780036593.8306997,34.036
1780036593.8361502,34.036
1780036593.8415234,34.036
1780036593.8468935,34.034
1780036593.8522995,34.034
1780036593.8577516,34.034
1780036593.8630986,34.034
1780036593.86855,34.032
1780036593.8738835,34.032
1780036593.879335,34.032
1780036593.8846855,34.033
1780036593.8901515,34.03
1780036593.895478,34.03
1780036593.9009101,34.03
1780036593.9062579,34.03
1780036593.9114857,34.031
1780036593.9170861,34.028
1780036593.9225512,34.028
1780036593.9278896,34.028
1780036593.9333365,34.028
1780036593.9386566,34.025
1780036593.9439023,34.026
1780036593.949511,34.026
1780036593.9549515,34.026
1780036593.9603453,34.027
1780036593.9656973,34.023
1780036593.9710808,34.024
1780036593.9765475,34.024
1780036593.981895,34.024
1780036593.987339,34.021
1780036593.9927008,34.022
1780036593.9981256,34.022
1780036594.003488,34.022
1780036594.008951,34.019
1780036594.0143042,34.018
1780036594.019719,34.019
1780036594.025103,34.018
1780036594.0305576,34.019
1780036594.0359066,34.016
1780036594.041371,34.017
1780036594.0466821,34.016
1780036594.0520868,34.017
1780036594.0574996,34.015
1780036594.0629513,34.015
1780036594.06831,34.015
1780036594.0737126,34.015
1780036594.0790615,34.015
1780036594.0842655,34.013
1780036594.0898833,34.013
1780036594.0953734,34.013
1780036594.1007292,34.013
1780036594.106111,34.011
1780036594.1114483,34.011
1780036594.116699,34.011
1780036594.1223385,34.012
1780036594.1277597,34.012
1780036594.1330564,34.011
1780036594.1384647,34.014
1780036594.1438773,34.016
1780036594.1493719,34.019
1780036594.154694,34.017
1780036594.1601179,34.017
1780036594.1654544,34.018
1780036594.170698,34.018
1780036594.1763732,34.018
1780036594.1817575,34.015
1780036594.1871026,34.015
1780036594.1925132,34.015
1780036594.1978648,34.015
1780036594.203301,34.012
1780036594.208747,34.012
1780036594.2141576,34.012
1780036594.2194695,34.012
1780036594.224877,34.009
1780036594.2302809,34.01
1780036594.2357743,34.01
1780036594.2410808,34.01
1780036594.2465117,34.011
1780036594.2518733,34.008
1780036594.2573082,34.008
1780036594.2627258,34.008
1780036594.2681487,34.008
1780036594.273519,34.007
1780036594.2789123,34.006
1780036594.284296,34.006
1780036594.289728,34.006
1780036594.2951138,34.006
1780036594.300551,34.003
1780036594.305867,34.003
1780036594.3112597,34.003
1780036594.3167017,34.003
1780036594.3221526,34.0
1780036594.3275154,34.001
1780036594.332924,34.001
1780036594.3382487,34.001
1780036594.3434966,34.002
1780036594.3491154,33.255
1780036594.3545563,33.255
1780036594.3599036,33.255
1780036594.3653364,33.255
1780036594.3706515,33.252
1780036594.3758972,33.253
1780036594.3815193,33.253
1780036594.3869517,33.253
1780036594.3923068,33.253
1780036594.3977,33.25
1780036594.403039,33.25
1780036594.408214,33.25
1780036594.4138925,33.25
1780036594.4193401,33.249
1780036594.4246907,33.251
1780036594.4301126,33.253
1780036594.4354844,33.255
1780036594.440955,34.003
1780036594.4463027,33.255
1780036594.4517236,33.255
1780036594.457046,34.0
1780036594.4622886,34.0
1780036594.467891,33.253
1780036594.4733293,33.253
1780036594.4786491,33.253
1780036594.4838548,33.253
1780036594.4895346,33.254
1780036594.494894,33.25
1780036594.5002499,33.251
1780036594.50545,33.25
1780036594.511054,33.25
1780036594.5162508,33.247
1780036594.5218668,33.247
1780036594.527064,33.247
1780036594.5326586,33.247
1780036594.5378633,33.247
1780036594.5434678,33.242
1780036594.5486417,33.242
1780036594.554255,33.242
1780036594.5594933,33.242
1780036594.565084,33.238
1780036594.5704596,33.238
1780036594.575898,33.238
1780036594.5812933,33.238
1780036594.5867465,33.239
1780036594.5920892,33.234
1780036594.5975606,33.234
1780036594.6029007,33.234
1780036594.6082842,33.234
1780036594.6136591,33.229
1780036594.6190832,33.23
1780036594.6244535,33.23
1780036594.6299028,33.23
1780036594.635294,33.231
1780036594.6406538,33.226
1780036594.645808,33.226
1780036594.651465,33.226
1780036594.6567035,33.226
1780036594.6622572,33.221
1780036594.667445,33.222
1780036594.6730692,33.222
1780036594.6782684,33.222
1780036594.6838748,33.222
1780036594.689062,33.218
1780036594.6946397,33.218
1780036594.6998818,33.218
1780036594.7054687,33.218
1780036594.7108738,33.214
1780036594.716247,33.214
1780036594.721452,33.214
1780036594.727054,33.214
1780036594.7322927,33.214
1780036594.7378716,33.21
1780036594.74306,33.21
1780036594.7486525,33.21
1780036594.7538521,33.21
1780036594.75945,33.207
1780036594.7646055,33.207
1780036594.7703784,33.207
1780036594.7756982,33.207
1780036594.781114,33.207
1780036594.7865148,33.203
1780036594.7918475,33.204
1780036594.797063,33.204
1780036594.8027885,33.204
1780036594.8081064,33.2
1780036594.8134587,33.2
1780036594.8186624,33.201
1780036594.824262,33.2
1780036594.8295026,33.201
1780036594.835067,33.197
1780036594.8402553,33.197
1780036594.8458955,33.197
1780036594.8513322,33.198
1780036594.8566608,33.196
1780036594.8618407,33.194
1780036594.8674982,33.195
1780036594.8728766,33.195
1780036594.8782887,33.195
1780036594.8836644,33.192
1780036594.889066,33.192
1780036594.8942678,33.192
1780036594.8998702,33.192
1780036594.905074,33.188
1780036594.9106271,33.188
1780036594.9158316,33.188
1780036594.921485,33.188
1780036594.9266734,33.188
1780036594.9322448,33.184
1780036594.9374235,33.185
1780036594.9430544,33.184
1780036594.9482906,33.184
1780036594.9539537,33.184
1780036594.9593055,33.18
1780036594.9646642,33.181
1780036594.9700003,33.18
1780036594.975814,33.181
1780036594.981439,33.177
1780036594.9866207,33.177
1780036594.9922724,33.177
1780036594.9977164,33.177
1780036595.0030632,33.177
1780036595.008248,33.174
1780036595.0139046,33.175
1780036595.019306,33.175
1780036595.0246744,33.175
1780036595.02987,33.172
1780036595.0354514,33.172
1780036595.04065,33.172
1780036595.0462568,33.172
1780036595.0514433,33.17
1780036595.0570383,33.169
1780036595.062215,33.169
1780036595.0679197,33.17
1780036595.0733058,33.17
1780036595.0786622,33.167
1780036595.083837,33.167
1780036595.089464,33.167
1780036595.0946624,33.167
1780036595.1003473,33.168
1780036595.1056964,33.164
1780036595.1110728,33.165
1780036595.1162887,33.165
1780036595.1218743,33.165
1780036595.1270711,33.162
1780036595.1327126,33.162
1780036595.1380956,33.163
1780036595.1434731,33.163
1780036595.1486769,33.162
1780036595.154281,33.159
1780036595.1594565,33.16
1780036595.165074,33.16
1780036595.1702838,33.16
1780036595.1758282,33.156
1780036595.1810029,33.157
1780036595.1866972,33.157
1780036595.192073,33.157
1780036595.1975956,33.158
1780036595.2028973,33.154
1780036595.2082665,33.154
1780036595.2134633,33.154
1780036595.2190833,33.155
1780036595.224458,33.151
1780036595.2298963,33.151
1780036595.2352872,33.151
1780036595.2406645,33.152
1780036595.2458625,33.153
1780036595.2515788,33.148
1780036595.2569008,33.148
1780036595.262251,33.148
1780036595.2674837,33.149
1780036595.273081,33.145
1780036595.278287,33.146
1780036595.2838635,33.146
1780036595.2890644,33.146
1780036595.2946842,33.147
1780036595.2998772,33.143
1780036595.305446,33.144
1780036595.310647,33.144
1780036595.3162684,33.144
1780036595.3214638,33.14
1780036595.327102,33.141
1780036595.332493,33.142
1780036595.337874,33.142
1780036595.3430414,33.143
1780036595.3486676,33.139
1780036595.3539445,33.14
1780036595.359736,33.14
1780036595.3649251,33.14
1780036595.3703172,33.135
1780036595.3756595,33.136
1780036595.3811102,33.136
1780036595.3864734,33.137
1780036595.3919408,33.138
1780036595.3978617,33.134
1780036595.4030495,33.134
1780036595.4086838,33.134
1780036595.4140773,33.135
1780036595.4194763,33.131
1780036595.4246392,33.132
1780036595.4303088,33.132
1780036595.4356923,33.132
1780036595.4411192,33.133
1780036595.446525,33.129
1780036595.4518623,33.13
1780036595.4570806,33.13
1780036595.462708,33.131
1780036595.4681003,33.127
1780036595.4734302,33.128
1780036595.4786322,33.128
1780036595.4842932,33.129
1780036595.4897199,33.13
1780036595.4950743,33.125
1780036595.500264,33.126
1780036595.5058692,33.126
1780036595.5110717,33.126
1780036595.516666,33.124
1780036595.521818,33.123
1780036595.5275402,33.124
1780036595.532904,33.124
1780036595.538315,33.125
1780036595.543691,33.121
1780036595.549072,33.121
1780036595.5543084,33.122
1780036595.559891,33.122
1780036595.565307,33.118
1780036595.570634,33.119
1780036595.5758061,33.119
1780036595.581492,33.12
1780036595.5868738,33.12
1780036595.592247,33.116
1780036595.5974243,33.117
1780036595.6030784,33.118
1780036595.608265,33.118
1780036595.613935,33.118
1780036595.6192865,33.115
1780036595.624709,33.116
1780036595.6300836,33.116
1780036595.6354656,33.117
1780036595.6406636,33.113
1780036595.6463091,33.114
1780036595.6516812,33.114
1780036595.657104,33.115
1780036595.662482,33.113
1780036595.6678424,33.112
1780036595.6730165,33.112
1780036595.6786659,33.112
1780036595.6838655,33.113
1780036595.6894765,33.109
1780036595.6946526,33.11
1780036595.7002923,33.111
1780036595.7056782,33.111
1780036595.7111523,33.112
1780036595.7165246,33.109
1780036595.7218604,33.112
1780036595.7271597,33.114
1780036595.73303,33.117
1780036595.7386916,33.113
1780036595.7441444,33.114
1780036595.7495534,33.114
1780036595.7549734,33.114
1780036595.760445,33.116
1780036595.7657828,33.11
1780036595.771098,33.11
1780036595.7765381,33.111
1780036595.781917,33.112
1780036595.787383,33.109
1780036595.7927344,33.11
1780036595.7981226,33.111
1780036595.8035243,33.111
1780036595.8089762,33.112
1780036595.8143537,33.112
1780036595.819773,33.115
1780036595.8250835,33.117
1780036595.8305302,33.12
1780036595.83594,33.119
1780036595.8413827,33.12
1780036595.846738,33.121
1780036595.8521457,33.121
1780036595.8575854,33.122
1780036595.8629782,33.12
1780036595.8683445,33.121
1780036595.873775,33.121
1780036595.8791091,33.122
1780036595.8845055,33.121
1780036595.8899593,33.124
1780036595.8953812,33.127
1780036595.9007483,33.129
1780036595.9061782,33.133
1780036595.9114928,33.13
1780036595.916928,33.131
1780036595.9223714,33.132
1780036595.9277816,33.133
1780036595.9331446,33.13
1780036595.938546,33.131
1780036595.9438763,33.132
1780036595.9491246,33.132
1780036595.954802,33.133
1780036595.9601831,33.131
1780036595.9655228,33.131
1780036595.9709172,33.132
1780036595.9762974,33.132
1780036595.9817774,33.13
1780036595.9871597,33.131
1780036595.992586,33.132
1780036595.9979012,33.132
1780036596.0033548,33.133
1780036596.0087173,33.13
1780036596.0141828,33.131
1780036596.019536,33.131
1780036596.0249488,33.132
1780036596.0303047,33.13
1780036596.0357294,33.131
1780036596.0411496,33.131
1780036596.0465834,33.131
1780036596.051967,33.133
1780036596.0573273,33.13
1780036596.0627298,33.131
1780036596.0681808,33.131
1780036596.0735414,33.132
1780036596.0789855,33.129
1780036596.084349,33.13
1780036596.0897706,33.131
1780036596.0951014,33.131
1780036596.1005378,33.132
1780036596.1059499,33.13
1780036596.1113467,33.131
1780036596.1166904,33.131
1780036596.1219335,33.132
1780036596.1275399,33.129
1780036596.1329854,33.13
1780036596.1383166,33.131
1780036596.1437125,33.131
1780036596.1491985,33.132
1780036596.1545813,33.13
1780036596.1599104,33.13
1780036596.1653616,33.131
1780036596.1707103,33.132
1780036596.176116,33.129
1780036596.1815803,33.13
1780036596.1869884,33.131
1780036596.192354,33.131
1780036596.197743,33.132
1780036596.2031083,33.13
1780036596.208543,33.13
1780036596.213954,33.131
1780036596.219383,33.132
1780036596.2247286,33.129
1780036596.2301483,33.13
1780036596.2355268,33.13
1780036596.2409873,33.131
1780036596.2464077,33.132
1780036596.2517822,33.13
1780036596.2571037,33.13
1780036596.262502,33.131
1780036596.2679043,33.132
1780036596.2733834,33.13
1780036596.2787774,33.13
1780036596.2841516,33.131
1780036596.2894795,33.131
1780036596.2947223,33.132
1780036596.3003597,33.13
1780036596.3057826,33.131
1780036596.3111415,33.132
1780036596.3165462,33.132
1780036596.3219318,33.13
1780036596.3273978,33.131
1780036596.332745,33.132
1780036596.3381913,33.132
1780036596.3435814,33.133
1780036596.3489313,33.13
1780036596.354354,33.131
1780036596.359782,33.131
1780036596.3651462,33.132
1780036596.370548,33.13
1780036596.37593,33.13
1780036596.3813488,33.131
1780036596.3867261,33.131
1780036596.392189,33.132
1780036596.397597,33.129
1780036596.4029517,33.13
1780036596.4083555,33.131
1780036596.4137843,33.131
1780036596.4191298,33.129
1780036596.4245906,33.13
1780036596.4299238,33.13
1780036596.4353297,33.131
1780036596.4408069,33.132
1780036596.4461846,33.13
1780036596.4515574,33.13
1780036596.456947,33.131
1780036596.4623182,33.131
1780036596.4677427,33.129
1780036596.4731681,33.13
1780036596.4785945,33.13
1780036596.4839525,33.131
1780036596.4893494,33.132
1780036596.4946883,33.129
1780036596.4999394,33.13
1780036596.5055394,33.13
1780036596.5109873,33.131
1780036596.5163004,33.121
1780036596.5215037,33.113
1780036596.527134,33.119
1780036596.5325925,33.132
1780036596.5382037,33.142
1780036596.5441234,33.152
1780036596.5496016,33.163
1780036596.5552733,33.173
1780036596.5609672,33.182
1780036596.566912,33.192
1780036596.572135,33.203
1780036596.577524,33.212
1780036596.5829928,33.225
1780036596.5886023,33.236
1780036596.5945196,33.247
1780036596.5997775,34.003
1780036596.605135,34.015
1780036596.6105618,34.028
1780036596.6159408,34.036
1780036596.6213973,34.04
1780036596.6267273,34.041
1780036596.6321235,34.042
1780036596.637536,34.039
1780036596.6429935,34.04
1780036596.6483552,34.041
1780036596.6537495,34.042
1780036596.659099,34.04
1780036596.6643488,34.041
1780036596.6699555,34.041
1780036596.6754014,34.042
1780036596.6807113,34.043
1780036596.6861055,34.041
1780036596.6914961,34.041
1780036596.6967447,34.042
1780036596.702366,34.043
1780036596.707787,34.04
1780036596.7131288,34.04
1780036596.7185607,34.041
1780036596.7239373,34.041
1780036596.7293956,34.043
1780036596.73474,34.04
1780036596.740154,34.041
1780036596.7454777,34.042
1780036596.7507234,34.043
1780036596.7563624,34.04
1780036596.761789,34.041
1780036596.767137,34.042
1780036596.772552,34.043
1780036596.7780085,34.044
1780036596.7834039,34.041
1780036596.78876,34.041
1780036596.7941887,34.042
1780036596.7995145,34.043
1780036596.8049047,34.041
1780036596.810409,34.041
1780036596.8157961,34.042
1780036596.8211515,34.043
1780036596.8265927,34.04
1780036596.8319092,34.041
1780036596.8373556,34.043
1780036596.8427289,34.043
1780036596.8481855,34.045
1780036596.8535335,34.042
1780036596.8589597,34.043
1780036596.8643105,34.044
1780036596.8697374,34.045
1780036596.8751357,34.043
1780036596.880598,34.043
1780036596.8859253,34.044
1780036596.8913167,34.044
1780036596.8967452,34.045
1780036596.9021912,34.045
1780036596.90755,34.047
1780036596.912962,34.05
1780036596.9183135,34.053
1780036596.9237428,34.052
1780036596.9291914,34.053
1780036596.9345992,34.054
1780036596.9399636,34.054
1780036596.945358,34.054
1780036596.9506557,34.052
1780036596.9558997,34.053
1780036596.9615633,34.053
1780036596.9669929,34.054
1780036596.972343,34.051
1780036596.9777682,34.052
1780036596.9831355,34.053
1780036596.9886022,34.054
1780036596.9939213,34.052
1780036596.9994009,34.051
1780036597.004719,34.052
1780036597.010153,34.053
1780036597.0155234,34.054
1780036597.0209968,34.051
1780036597.0263712,34.052
1780036597.0317566,34.052
1780036597.0370996,34.053
1780036597.0423512,34.05
1780036597.0479155,34.051
1780036597.0533516,34.052
1780036597.0587568,34.052
1780036597.0642824,34.054
1780036597.0695896,34.053
1780036597.0750036,34.056
1780036597.080368,34.058
1780036597.085793,34.062
1780036597.0911276,34.06
1780036597.096563,34.061
1780036597.101969,34.061
1780036597.107397,34.062
1780036597.1128116,34.064
1780036597.1181674,34.06
1780036597.123507,34.061
1780036597.1287525,34.061
1780036597.1343644,34.062
1780036597.1397943,34.059
1780036597.1451483,34.06
1780036597.1505656,34.06
1780036597.155934,34.061
1780036597.161364,34.058
1780036597.1667376,34.059
1780036597.1722043,34.06
1780036597.1775336,34.06
1780036597.1829338,34.061
1780036597.1883516,34.058
1780036597.1938045,34.059
1780036597.1991494,34.059
1780036597.204558,34.06
1780036597.209907,34.057
1780036597.2151527,34.058
1780036597.2207642,34.059
1780036597.2261958,34.059
1780036597.2315528,34.06
1780036597.2369647,34.057
1780036597.2423568,34.058
1780036597.2478023,34.058
1780036597.2531528,34.059
1780036597.2586,34.056
1780036597.2639534,34.056
1780036597.2693875,34.057
1780036597.2747445,34.057
1780036597.2802238,34.059
1780036597.285617,34.056
1780036597.2909675,34.056
1780036597.2963154,34.057
1780036597.3017466,34.058
1780036597.3071272,34.055
1780036597.312617,34.056
1780036597.3179607,34.056
1780036597.3233697,34.057
1780036597.328813,34.059
1780036597.3342235,34.056
1780036597.3395662,34.056
1780036597.3449981,34.057
1780036597.3503313,34.058
1780036597.3557343,34.055
1780036597.3611343,34.055
1780036597.3666046,34.056
1780036597.3719625,34.057
1780036597.3773732,34.054
1780036597.3827064,34.055
1780036597.3879516,34.055
1780036597.393566,34.056
1780036597.3990002,34.057
1780036597.40437,34.054
1780036597.409771,34.054
1780036597.415159,34.055
1780036597.420599,34.055
1780036597.4259615,34.053
1780036597.4314098,34.054
1780036597.4367263,34.054
1780036597.4421215,34.055
1780036597.4475446,34.056
1780036597.4530072,34.053
1780036597.4583654,34.053
1780036597.4637718,34.054
1780036597.4691231,34.055
1780036597.4745464,34.052
1780036597.4799383,34.052
1780036597.485406,34.053
1780036597.49077,34.053
1780036597.496162,34.055
1780036597.5014873,34.051
1780036597.5067337,34.052
1780036597.5123749,34.052
1780036597.5178008,34.053
1780036597.5231094,34.05
1780036597.5285146,34.051
1780036597.5339375,34.051
1780036597.5394092,34.052
1780036597.5447557,34.053
1780036597.5501592,34.052
1780036597.5555081,34.055
1780036597.5607517,34.057
1780036597.5663743,34.06
1780036597.5718012,34.059
1780036597.5771995,34.059
1780036597.5825717,34.06
1780036597.5879211,34.06
1780036597.5933528,34.061
1780036597.5987709,34.058
1780036597.6042025,34.059
1780036597.6095283,34.059
1780036597.614923,34.06
1780036597.6203477,34.057
1780036597.6258085,34.058
1780036597.6311555,34.058
1780036597.6365652,34.059
1780036597.6419754,34.061
1780036597.647391,34.057
1780036597.6527698,34.058
1780036597.6582375,34.059
1780036597.6635766,34.059
1780036597.6689672,34.056
1780036597.6743505,34.057
1780036597.6797733,34.057
1780036597.685164,34.057
1780036597.690603,34.056
1780036597.6959236,34.055
1780036597.7013135,34.056
1780036597.706739,34.056
1780036597.7122247,34.057
1780036597.7175622,34.054
1780036597.722974,34.055
1780036597.728324,34.055
1780036597.7335472,34.055
1780036597.7392359,34.056
1780036597.7446098,34.054
1780036597.7499785,34.054
1780036597.7553744,34.055
1780036597.760709,34.055
1780036597.7659547,34.052
1780036597.7715535,34.053
1780036597.7770112,34.053
1780036597.7823699,34.054
1780036597.7877817,34.051
1780036597.793137,34.052
1780036597.7986116,34.052
1780036597.8039567,34.053
1780036597.8094096,34.054
1780036597.8147044,34.051
1780036597.8199596,34.052
1780036597.8255668,34.052
1780036597.8310127,34.053
1780036597.836377,34.05
1780036597.8417697,34.051
1780036597.8471146,34.051
1780036597.8523576,34.052
1780036597.857967,34.052
1780036597.8634152,34.05
1780036597.8687599,34.05
1780036597.874176,34.051
1780036597.8795574,34.052
1780036597.8850079,34.049
1780036597.890437,34.05
1780036597.8958132,34.05
1780036597.9011376,34.051
1780036597.906588,34.052
1780036597.9119534,34.049
1780036597.9174118,34.049
1780036597.9227762,34.05
1780036597.9281704,34.05
1780036597.9335217,34.048
1780036597.9387608,34.048
1780036597.9443717,34.049
1780036597.9498177,34.049
1780036597.9551644,34.051
1780036597.9605722,34.048
1780036597.9659605,34.049
1780036597.9714148,34.049
1780036597.9767787,34.05
1780036597.9822242,34.048
1780036597.9875743,34.048
1780036597.9929945,34.049
1780036597.9983768,34.05
1780036598.0038188,34.051
1780036598.0091724,34.048
1780036598.0145714,34.049
1780036598.0199094,34.049
1780036598.0251515,34.05
1780036598.030758,34.048
1780036598.0362344,34.048
1780036598.0415637,34.049
1780036598.0469782,34.049
1780036598.0524216,34.05
1780036598.0578182,34.047
1780036598.0631592,34.048
1780036598.0686188,34.048
1780036598.073929,34.049
1780036598.0793276,34.046
1780036598.084798,34.047
1780036598.090239,34.047
1780036598.0955508,34.047
1780036598.1009796,34.045
1780036598.1063652,34.044
1780036598.1117892,34.043
1780036598.1171482,34.043
1780036598.1226156,34.043
1780036598.127956,34.04
1780036598.1333873,34.039
1780036598.138756,34.039
1780036598.1442363,34.039
1780036598.1496344,34.038
1780036598.1550186,34.036
1780036598.1603336,34.035
1780036598.1657386,34.035
1780036598.1711376,34.035
1780036598.1766174,34.031
1780036598.181964,34.031
1780036598.187378,34.031
1780036598.192715,34.031
1780036598.1979597,34.028
1780036598.2035577,34.028
1780036598.2090192,34.028
1780036598.2143743,34.028
1780036598.2197845,34.029
1780036598.225158,34.026
1780036598.2305799,34.026
1780036598.2359712,34.026
1780036598.241377,34.026
1780036598.246711,34.024
1780036598.2519562,34.027
1780036598.2575686,34.029
1780036598.263018,34.031
1780036598.2683878,34.033
1780036598.2737834,34.031
1780036598.2791078,34.031
1780036598.2843504,34.031
1780036598.2899444,34.031
1780036598.2954257,34.028
1780036598.3007886,34.028
1780036598.3061745,34.028
1780036598.311528,34.028
1780036598.316966,34.029
1780036598.3223665,34.026
1780036598.3278177,34.025
1780036598.333139,34.026
1780036598.3385584,34.026
1780036598.3439379,34.023
1780036598.349426,34.023
1780036598.3547792,34.024
1780036598.360184,34.023
1780036598.3656085,34.024
1780036598.3710024,34.02
1780036598.3763766,34.021
1780036598.3818223,34.02
1780036598.3871808,34.021
1780036598.3925803,34.018
1780036598.3979926,34.018
1780036598.4034214,34.018
1780036598.4087768,34.018
1780036598.4142392,34.017
1780036598.4195368,34.016
1780036598.4249277,34.016
1780036598.4303627,34.016
1780036598.4358184,34.017
1780036598.441184,34.014
1780036598.446579,34.014
1780036598.4519355,34.015
1780036598.4571693,34.015
1780036598.462857,34.015
1780036598.4682226,34.013
1780036598.473577,34.014
1780036598.4789867,34.014
1780036598.4843426,34.015
1780036598.4897645,34.013
1780036598.4951801,34.014
1780036598.5006156,34.015
1780036598.5059497,34.016
1780036598.5113456,34.014
1780036598.51676,34.015
1780036598.5222244,34.016
1780036598.5275705,34.017
1780036598.5329847,34.019
1780036598.5383127,34.016
1780036598.5435553,34.017
1780036598.5492013,34.018
1780036598.554622,34.019
1780036598.5599601,34.017
1780036598.5653868,34.018
1780036598.5707264,34.018
1780036598.5761666,34.019
1780036598.5815783,34.021
1780036598.5869787,34.018
1780036598.5923235,34.019
1780036598.5975273,34.02
1780036598.603112,34.021
1780036598.6083071,34.019
1780036598.613891,34.019
1780036598.6191301,34.02
1780036598.6247294,34.021
1780036598.629972,34.023
1780036598.635509,34.019
1780036598.6407382,34.02
1780036598.6463578,34.02
1780036598.6517494,34.021
1780036598.6570935,34.018
1780036598.662254,34.019
1780036598.6679556,34.02
1780036598.673318,34.02
1780036598.6787372,34.022
1780036598.6841197,34.018
1780036598.6895525,34.018
1780036598.6949832,34.019
1780036598.7003558,34.02
1780036598.7057402,34.016
1780036598.7110991,34.017
1780036598.7163022,34.018
1780036598.7219152,34.018
1780036598.7271523,34.02
1780036598.7327166,34.016
1780036598.7379043,34.016
1780036598.7435458,34.017
1780036598.7489283,34.018
1780036598.754303,34.016
1780036598.7594502,34.015
1780036598.7651548,34.016
1780036598.770536,34.017
1780036598.77599,34.017
1780036598.7813778,34.014
1780036598.786733,34.014
1780036598.7921667,34.015
1780036598.797606,34.015
1780036598.8029683,34.012
1780036598.8082929,34.012
1780036598.8134923,34.013
1780036598.819121,34.013
1780036598.8243492,34.014
1780036598.8299162,34.009
1780036598.8351047,34.01
1780036598.8407347,34.01
1780036598.8459682,34.011
1780036598.851597,34.011
1780036598.8569574,34.007
1780036598.8623557,34.007
1780036598.8677351,34.008
1780036598.8731108,34.008
1780036598.8783073,34.004
1780036598.8839622,34.005
1780036598.8893387,34.005
1780036598.8947206,34.006
1780036598.8999252,34.005
1780036598.9055185,34.002
1780036598.9107203,34.003
1780036598.9163244,34.003
1780036598.9215212,34.004
1780036598.9271173,34.0
1780036598.932294,34.0
1780036598.937935,34.001
1780036598.9431314,34.001
1780036598.9487925,34.002
1780036598.9541547,33.253
1780036598.9595568,33.254
1780036598.9649312,33.254
1780036598.9703991,33.255
1780036598.975743,33.251
1780036598.9811532,33.252
1780036598.9865458,33.252
1780036598.9919393,33.253
1780036598.997175,33.254
1780036599.0027418,33.249
1780036599.0079288,33.25
1780036599.0135298,33.25
1780036599.0187738,33.251
1780036599.0243328,33.247
1780036599.029506,33.247
1780036599.0351524,33.247
1780036599.0405512,33.247
1780036599.0459943,33.247
1780036599.0513825,33.242
1780036599.0567358,33.242
1780036599.0619428,33.242
1780036599.0675366,33.242
1780036599.0727408,33.238
1780036599.0783088,33.238
1780036599.0835083,33.237
1780036599.0891507,33.237
1780036599.0945446,33.237
1780036599.0999036,33.233
1780036599.1050785,33.233
1780036599.1107175,33.233
1780036599.1159163,33.232
1780036599.1215863,33.233
1780036599.1269443,33.228
1780036599.132342,33.228
1780036599.1377213,33.228
1780036599.1431282,33.228
1780036599.1483243,33.224
1780036599.1539376,33.224
1780036599.1591346,33.224
1780036599.1647213,33.223
1780036599.1699243,33.224
1780036599.1755323,33.219
1780036599.1807067,33.219
1780036599.1863263,33.219
1780036599.191522,33.219
1780036599.1971226,33.215
1780036599.2022893,33.215
1780036599.20794,33.216
1780036599.2131379,33.215
1780036599.218738,33.216
1780036599.2241745,33.211
1780036599.2295728,33.211
1780036599.2349555,33.211
1780036599.240339,33.211
1780036599.245534,33.207
1780036599.251127,33.208
1780036599.25633,33.208
1780036599.2619302,33.208
1780036599.2671266,33.208
1780036599.2727256,33.203
1780036599.2778997,33.204
1780036599.283663,33.204
1780036599.2890618,33.204
1780036599.2945976,33.201
1780036599.2998052,33.198
1780036599.3051627,33.198
1780036599.31056,33.198
1780036599.3159347,33.199
1780036599.3211322,33.195
1780036599.326722,33.195
1780036599.331921,33.195
1780036599.33755,33.195
1780036599.3429358,33.193
1780036599.348288,33.19
1780036599.3534873,33.191
1780036599.3591244,33.191
1780036599.3643603,33.191
1780036599.369902,33.187
1780036599.3750849,33.187
1780036599.380732,33.187
1780036599.3859332,33.187
1780036599.3916001,33.189
1780036599.3969665,33.184
1780036599.4023433,33.184
1780036599.4075828,33.183
1780036599.4131756,33.183
1780036599.4185736,33.18
1780036599.4239664,33.18
1780036599.4293528,33.18
1780036599.4347265,33.18
1780036599.4399226,33.182
1780036599.445515,33.177
1780036599.450691,33.177
1780036599.4563205,33.177
1780036599.4615197,33.177
1780036599.4671266,33.173
1780036599.472294,33.174
1780036599.477936,33.174
1780036599.4831161,33.174
1780036599.4887888,33.174
1780036599.4941955,33.17
1780036599.4995294,33.171
1780036599.5047886,33.171
1780036599.5104232,33.171
1780036599.5157816,33.166
1780036599.521118,33.166
1780036599.5262952,33.167
1780036599.5319443,33.167
1780036599.5371425,33.167
1780036599.5427184,33.163
1780036599.5478942,33.163
1780036599.5535452,33.163
1780036599.5587316,33.163
1780036599.5644283,33.164
1780036599.569773,33.16
1780036599.5751562,33.16
1780036599.5805402,33.16
1780036599.5859697,33.16
1780036599.5913439,33.155
1780036599.5967689,33.155
1780036599.60214,33.155
1780036599.60757,33.155
1780036599.6129477,33.156
1780036599.6183262,33.152
1780036599.6235282,33.152
1780036599.6291397,33.152
1780036599.6343415,33.152
1780036599.6399024,33.148
1780036599.6450815,33.149
1780036599.6507432,33.149
1780036599.6559434,33.149
1780036599.661553,33.15
1780036599.6667275,33.146
1780036599.6723382,33.146
1780036599.677537,33.146
1780036599.6831279,33.146
1780036599.6883707,33.138
1780036599.694201,33.128
1780036599.6994097,33.136
1780036599.7048504,33.144
1780036599.7108757,33.155
1780036599.7164345,33.166
1780036599.721949,33.177
1780036599.7274458,33.186
1780036599.7331777,33.198
1780036599.7388988,33.208
1780036599.7445898,33.22
1780036599.7504957,33.229
1780036599.7557914,33.24
1780036599.761229,33.249
1780036599.766603,34.005
1780036599.771945,34.015
1780036599.7774286,34.027
1780036599.7828262,34.045
1780036599.7881737,34.047
1780036599.7935233,34.048
1780036599.7987251,34.049
1780036599.8043497,34.05
1780036599.8095462,34.046
1780036599.81524,34.046
1780036599.820578,34.047
1780036599.825941,34.047
1780036599.8311386,34.048
1780036599.8368886,34.044
1780036599.8428898,34.043
1780036599.8488367,34.044
1780036599.854223,34.045
1780036599.8596013,34.039
1780036599.8653235,34.039
1780036599.8711224,34.04
1780036599.876395,34.04
1780036599.881815,34.036
1780036599.8871493,34.036
1780036599.893433,34.037
1780036599.8993337,34.037
1780036599.9045904,34.039
1780036599.909928,34.033
1780036599.9151127,34.033
1780036599.9207506,34.033
1780036599.9259455,34.034
1780036599.9316318,34.029
1780036599.9369776,34.03
1780036599.94234,34.03
1780036599.947547,34.031
1780036599.9531577,34.032
1780036599.9586005,34.027
1780036599.963937,34.027
1780036599.9691417,34.028
1780036599.974733,34.028
1780036599.9799285,34.024
1780036599.985515,34.025
1780036599.990715,34.025
1780036599.9963555,34.026
1780036600.001561,34.027
1780036600.0071368,34.022
1780036600.0124242,34.023
1780036600.0182834,34.024
1780036600.0241728,34.024
1780036600.0295398,34.019
1780036600.035118,34.02
1780036600.0410092,34.02
1780036600.0462272,34.021
1780036600.0516088,34.022
1780036600.0569808,34.017
1780036600.0623574,34.017
1780036600.067773,34.018
1780036600.073148,34.018
1780036600.078544,34.014
1780036600.0839753,34.015
1780036600.0893583,34.015
1780036600.0947595,34.016
1780036600.1001558,34.016
1780036600.1056538,34.013
1780036600.1111207,34.013
1780036600.116817,34.013
1780036600.1224842,34.014
1780036600.1278126,34.009
1780036600.1331804,34.009
1780036600.1386893,34.011
1780036600.1440427,34.011
1780036600.149973,34.008
1780036600.155132,34.007
1780036600.160792,34.007
1780036600.1661751,34.008
1780036600.1715615,34.009
1780036600.1769485,34.005
1780036600.1823354,34.005
1780036600.1875377,34.006
1780036600.1931756,34.006
1780036600.1985626,34.003
1780036600.2039049,34.004
1780036600.2090738,34.004
1780036600.21479,34.004
1780036600.2202256,34.005
1780036600.225548,34.002
1780036600.2307355,34.002
1780036600.2363396,34.003
1780036600.2415411,34.004
1780036600.2471354,34.0
1780036600.2522962,34.001
1780036600.257941,34.002
1780036600.2634325,34.002
1780036600.2689183,34.003
1780036600.274211,33.253
1780036600.2795343,33.254
1780036600.2847512,33.254
1780036600.290378,33.255
1780036600.2957547,33.251
1780036600.3011034,33.251
1780036600.3062866,33.252
1780036600.3119407,33.253
1780036600.3173513,33.254
1780036600.322735,33.25
1780036600.3279111,33.25
1780036600.3335457,33.251
1780036600.338745,33.252
1780036600.3443446,33.249
1780036600.3495038,33.248
1780036600.3551733,33.249
1780036600.360559,33.249
1780036600.3659985,33.25
1780036600.3714056,33.247
1780036600.3767428,33.247
1780036600.3822787,33.248
1780036600.3883197,33.249
1780036600.3935432,33.245
1780036600.3987288,33.246
1780036600.4043658,33.246
1780036600.4097555,33.247
1780036600.4152367,33.248
1780036600.4205847,33.243
1780036600.425914,33.244
1780036600.4311113,33.244
1780036600.4367423,33.245
1780036600.4419372,33.242
1780036600.4475808,33.243
1780036600.4529574,33.243
1780036600.458345,33.244
1780036600.463583,33.246
1780036600.4691849,33.241
1780036600.4745626,33.241
1780036600.479945,33.242
1780036600.48514,33.243
1780036600.4907284,33.24
1780036600.4959075,33.241
1780036600.5015583,33.241
1780036600.506755,33.242
1780036600.5123494,33.243
1780036600.5175335,33.239
1780036600.5231915,33.239
1780036600.5286605,33.24
1780036600.533979,33.241
1780036600.5393596,33.237
1780036600.5447733,33.238
1780036600.5501516,33.238
1780036600.555559,33.239
1780036600.5607736,33.24
1780036600.5663862,33.236
1780036600.5717509,33.237
1780036600.5771556,33.237
1780036600.582564,33.238
1780036600.5879323,33.234
1780036600.593115,33.235
1780036600.5987563,33.235
1780036600.603955,33.236
1780036600.6095738,33.237
1780036600.615013,33.233
1780036600.6203597,33.233
1780036600.6257474,33.234
1780036600.6311598,33.235
1780036600.6365538,33.231
1780036600.6419148,33.231
1780036600.6471148,33.232
1780036600.6527457,33.232
1780036600.657946,33.234
1780036600.6635165,33.23
1780036600.6687202,33.231
1780036600.6744032,33.231
1780036600.6798007,33.232
1780036600.6851473,33.228
1780036600.6903083,33.228
1780036600.6959517,33.229
1780036600.7014174,33.229
1780036600.7074904,33.231
1780036600.7127485,33.226
1780036600.717927,33.227
1780036600.7235603,33.227
1780036600.728764,33.228
1780036600.7343392,33.224
1780036600.7395182,33.225
1780036600.7451568,33.225
1780036600.750551,33.226
1780036600.755988,33.227
1780036600.7614317,33.222
1780036600.7667513,33.223
1780036600.7719567,33.224
1780036600.777587,33.225
1780036600.7829602,33.221
1780036600.7883384,33.221
1780036600.7935367,33.222
1780036600.7991674,33.223
1780036600.8045986,33.224
1780036600.8099697,33.22
1780036600.8151593,33.22
1780036600.8207486,33.221
1780036600.8259454,33.222
1780036600.8315284,33.218
1780036600.8366888,33.218
1780036600.8423882,33.219
1780036600.8477588,33.22
1780036600.8532298,33.221
1780036600.8586066,33.217
1780036600.8639457,33.217
1780036600.8691504,33.218
1780036600.874762,33.219
1780036600.8799632,33.215
1780036600.8855286,33.216
1780036600.8907022,33.216
1780036600.8963592,33.217
1780036600.9015594,33.218
1780036600.9071538,33.214
1780036600.9123359,33.215
1780036600.9179535,33.216
1780036600.9231904,33.217
1780036600.928754,33.215
1780036600.9339223,33.213
1780036600.9396024,33.214
1780036600.9449825,33.214
1780036600.9503765,33.215
1780036600.9557536,33.211
1780036600.9611447,33.212
1780036600.9663548,33.213
1780036600.9719646,33.213
1780036600.9771683,33.211
1780036600.9827266,33.21
1780036600.9879007,33.211
1780036600.9935324,33.211
1780036600.9987297,33.212
1780036601.004326,33.209
1780036601.0095007,33.21
1780036601.0152926,33.211
1780036601.0206027,33.212
1780036601.026018,33.213
1780036601.03137,33.209
1780036601.03676,33.21
1780036601.0419555,33.21
1780036601.0475512,33.212
1780036601.0527475,33.208
1780036601.0584,33.209
1780036601.0637736,33.21
1780036601.0691655,33.21
1780036601.0745718,33.21
1780036601.0799434,33.207
1780036601.0851164,33.207
1780036601.0907547,33.208
1780036601.095994,33.209
1780036601.1015646,33.205
1780036601.1067572,33.206
1780036601.11236,33.207
1780036601.117561,33.207
1780036601.1232257,33.209
1780036601.1285868,33.204
1780036601.1339555,33.205
1780036601.1391509,33.205
1780036601.144782,33.206
1780036601.1501534,33.203
1780036601.155599,33.203
1780036601.1609678,33.204
1780036601.1663814,33.205
1780036601.1717699,33.207
1780036601.1773098,33.202
1780036601.1826022,33.203
1780036601.1879792,33.204
1780036601.1933641,33.205
1780036601.198761,33.201
1780036601.2039404,33.202
1780036601.209583,33.203
1780036601.214981,33.203
1780036601.2203743,33.204
1780036601.2257624,33.2
1780036601.231156,33.201
1780036601.23637,33.201
1780036601.2419646,33.202
1780036601.2471552,33.199
1780036601.2527268,33.2
1780036601.2579243,33.201
1780036601.2635648,33.202
1780036601.2688017,33.204
1780036601.27434,33.199
1780036601.2795227,33.2
1780036601.2851675,33.201
1780036601.2905753,33.202
1780036601.2959437,33.198
1780036601.3011026,33.199
1780036601.306819,33.2
1780036601.3121696,33.2
1780036601.3176117,33.202
1780036601.3230171,33.198
1780036601.32835,33.199
1780036601.3335395,33.2
1780036601.3391645,33.201
1780036601.3443482,33.198
1780036601.3499286,33.199
1780036601.3550973,33.199
1780036601.3607945,33.2
1780036601.366172,33.201
1780036601.3715491,33.198
1780036601.3767233,33.198
1780036601.3823655,33.199
1780036601.3876035,33.2
1780036601.3931766,33.198
1780036601.3983426,33.197
1780036601.4039922,33.198
1780036601.4093742,33.199
1780036601.414776,33.2
1780036601.4199712,33.196
1780036601.4255526,33.197
1780036601.4307556,33.197
1780036601.4363694,33.198
1780036601.4415843,33.195
1780036601.4471488,33.196
1780036601.452326,33.197
1780036601.45798,33.198
1780036601.4631765,33.199
1780036601.4687476,33.195
1780036601.4739223,33.196
1780036601.4795766,33.197
1780036601.4847646,33.197
1780036601.4904454,33.198
1780036601.495795,33.194
1780036601.501173,33.195
1780036601.5065687,33.196
1780036601.511956,33.197
1780036601.517153,33.194
1780036601.5227818,33.197
1780036601.528169,33.2
1780036601.5335696,33.203
1780036601.5387943,33.204
1780036601.5443397,33.203
1780036601.549525,33.203
1780036601.5551515,33.204
1780036601.5603712,33.205
1780036601.565935,33.201
1780036601.5711098,33.202
1780036601.576757,33.203
1780036601.5819547,33.203
1780036601.587626,33.205
1780036601.5929995,33.2
1780036601.5983596,33.2
1780036601.6035573,33.201
1780036601.609173,33.202
1780036601.6145728,33.199
1780036601.6199996,33.199
1780036601.6253703,33.2
1780036601.6307774,33.2
1780036601.6359892,33.201
1780036601.641589,33.197
1780036601.6469584,33.198
1780036601.6523883,33.199
1780036601.657766,33.2
1780036601.6631618,33.196
1780036601.6683576,33.197
1780036601.6739602,33.198
1780036601.6791568,33.199
1780036601.6848383,33.2
1780036601.6901927,33.196
1780036601.6955914,33.197
1780036601.7009797,33.198
1780036601.7063837,33.199
1780036601.7117622,33.195
1780036601.7171628,33.196
1780036601.7223735,33.197
1780036601.7279747,33.197
1780036601.7332351,33.198
1780036601.7387927,33.194
1780036601.7439792,33.195
1780036601.7495801,33.195
1780036601.7547815,33.196
1780036601.760326,33.193
1780036601.765488,33.193
1780036601.7712145,33.194
1780036601.7765758,33.194
1780036601.7820485,33.196
1780036601.7874336,33.192
1780036601.792765,33.193
1780036601.7979677,33.194
1780036601.8036015,33.195
1780036601.8089788,33.191
1780036601.8143542,33.192
1780036601.8195539,33.193
1780036601.8251805,33.193
1780036601.8305736,33.195
1780036601.8359609,33.191
1780036601.8411355,33.192
1780036601.8467827,33.193
1780036601.8520207,33.194
1780036601.85758,33.192
1780036601.862734,33.191
1780036601.8683763,33.192
1780036601.8737762,33.192
1780036601.8791654,33.193
1780036601.8843772,33.189
1780036601.889957,33.19
1780036601.895156,33.192
1780036601.9007702,33.192
1780036601.9059744,33.188
1780036601.9115593,33.189
1780036601.9167578,33.19
1780036601.9223952,33.191
1780036601.9275823,33.192
1780036601.9331686,33.188
1780036601.938349,33.189
1780036601.9439657,33.19
1780036601.9491856,33.191
1780036601.9548616,33.192
1780036601.9602158,33.188
1780036601.9655895,33.189
1780036601.970976,33.189
1780036601.9764006,33.191
1780036601.981775,33.187
1780036601.9872105,33.188
1780036601.9926012,33.188
1780036601.9979796,33.189
1780036602.003181,33.189
1780036602.008746,33.187
1780036602.0139205,33.188
1780036602.0195837,33.189
1780036602.024822,33.19
1780036602.0303686,33.186
1780036602.0355566,33.187
1780036602.0411773,33.188
1780036602.0465786,33.188
1780036602.0520494,33.19
1780036602.0574098,33.186
1780036602.0627594,33.187
1780036602.0679693,33.188
1780036602.0735996,33.188
1780036602.0789745,33.185
1780036602.0844157,33.186
1780036602.089784,33.187
1780036602.095265,33.187
1780036602.100617,33.188
1780036602.105981,33.184
1780036602.1111805,33.185
1780036602.1167996,33.185
1780036602.1221676,33.186
1780036602.1275606,33.182
1780036602.1327453,33.183
1780036602.1383808,33.183
1780036602.143699,33.184
1780036602.1495428,33.186
1780036602.1552014,33.181
1780036602.160578,33.182
1780036602.1659687,33.182
1780036602.171229,33.183
1780036602.1767857,33.179
1780036602.1819732,33.18
1780036602.1876001,33.181
1780036602.1929789,33.182
1780036602.1983893,33.183
1780036602.2037754,33.179
1780036602.209175,33.18
1780036602.2143867,33.18
1780036602.2199826,33.181
1780036602.2251816,33.178
1780036602.2307734,33.179
1780036602.2359483,33.179
1780036602.2415736,33.18
1780036602.2467482,33.182
1780036602.252375,33.178
1780036602.2575502,33.179
1780036602.2632678,33.18
1780036602.2686372,33.181
1780036602.2739847,33.179
1780036602.2791429,33.178
1780036602.284809,33.179
1780036602.2901866,33.179
1780036602.295591,33.18
1780036602.3009677,33.177
1780036602.3063726,33.177
1780036602.3115711,33.178
1780036602.3172052,33.179
1780036602.322602,33.177
1780036602.3279443,33.175
1780036602.3331177,33.176
1780036602.3387601,33.176
1780036602.343961,33.177
1780036602.3495445,33.174
1780036602.354719,33.175
1780036602.3603687,33.175
1780036602.3655655,33.176
1780036602.371233,33.178
1780036602.3766026,33.174
1780036602.3820128,33.174
1780036602.3873892,33.175
1780036602.392786,33.176
1780036602.3979797,33.173
1780036602.4036186,33.173
1780036602.408995,33.174
1780036602.4143732,33.175
1780036602.4196146,33.176
1780036602.4252083,33.172
1780036602.4306045,33.173
1780036602.4360058,33.173
1780036602.4414036,33.174
1780036602.4467785,33.17
1780036602.4519382,33.171
1780036602.4575825,33.172
1780036602.462781,33.172
1780036602.4683805,33.173
1780036602.4735775,33.17
1780036602.4791636,33.171
1780036602.4843774,33.171
1780036602.4899826,33.172
1780036602.495185,33.168
1780036602.50077,33.169
1780036602.5059426,33.169
1780036602.5115733,33.171
1780036602.5167947,33.172
1780036602.522402,33.168
1780036602.5275896,33.169
1780036602.5331903,33.17
1780036602.5385885,33.171
1780036602.5440674,33.172
1780036602.5494275,33.168
1780036602.554819,33.169
1780036602.5601864,33.17
1780036602.5656002,33.171
1780036602.5709882,33.167
1780036602.5764155,33.168
1780036602.5817924,33.169
1780036602.5871866,33.17
1780036602.5925949,33.171
1780036602.5979445,33.167
1780036602.6031194,33.168
1780036602.6087732,33.169
1780036602.6140113,33.169
1780036602.619594,33.166
1780036602.6247647,33.167
1780036602.630408,33.167
1780036602.6357872,33.168
1780036602.641196,33.169
1780036602.64665,33.167
1780036602.6519797,33.167
1780036602.6575007,33.168
1780036602.6636333,33.169
1780036602.6689117,33.167
1780036602.6742494,33.168
1780036602.679588,33.169
1780036602.6847613,33.169
1780036602.6904984,33.172
1780036602.6958148,33.168
1780036602.701161,33.169
1780036602.7063372,33.17
1780036602.7119462,33.171
1780036602.717141,33.168
1780036602.722794,33.169
1780036602.727996,33.17
1780036602.7335892,33.17
1780036602.738799,33.172
1780036602.7443871,33.168
1780036602.7495732,33.169
1780036602.7552102,33.169
1780036602.7606232,33.17
1780036602.7659626,33.167
1780036602.7711232,33.167
1780036602.7768261,33.168
1780036602.7821991,33.169
1780036602.7876396,33.17
1780036602.7930186,33.167
1780036602.798406,33.167
1780036602.8038445,33.168
1780036602.8092024,33.169
1780036602.8146017,33.165
1780036602.8199697,33.166
1780036602.8251448,33.167
1780036602.830793,33.167
1780036602.8359919,33.169
1780036602.8415544,33.165
1780036602.8467302,33.166
1780036602.8523862,33.166
1780036602.8578322,33.167
1780036602.863171,33.168
1780036602.8683627,33.165
1780036602.874014,33.165
1780036602.8793895,33.166
1780036602.8847654,33.167
