timestamp,gpu_power_w
1780036809.1168575,26.248
1780036809.1225564,26.244
1780036809.1277936,26.252
1780036809.1331491,27.006
1780036809.1383224,27.019
1780036809.1439888,27.028
1780036809.149778,27.039
1780036809.1557362,27.05
1780036809.1613219,27.061
1780036809.1670208,27.071
1780036809.1729474,27.081
1780036809.1782131,27.093
1780036809.1836295,27.101
1780036809.1890619,27.111
1780036809.1946647,27.124
1780036809.2006063,27.132
1780036809.2058349,27.142
1780036809.2112427,27.151
1780036809.2166102,27.162
1780036809.2219245,27.171
1780036809.2270794,27.188
1780036809.232822,27.207
1780036809.2382064,27.212
1780036809.2437453,27.214
1780036809.2489965,27.214
1780036809.254701,27.213
1780036809.2605765,27.212
1780036809.2658112,27.212
1780036809.271161,27.211
1780036809.2767298,27.211
1780036809.2820418,27.211
1780036809.2874699,27.209
1780036809.292829,27.211
1780036809.2982616,27.21
1780036809.30387,27.209
1780036809.3099215,27.208
1780036809.3158588,27.208
1780036809.3218517,27.208
1780036809.3276281,27.208
1780036809.3330247,27.209
1780036809.3383677,27.21
1780036809.3438058,27.209
1780036809.3494859,27.208
1780036809.3555274,27.207
1780036809.361187,27.207
1780036809.366589,27.206
1780036809.3719728,27.207
1780036809.3771703,27.203
1780036809.3828506,27.206
1780036809.3881958,27.205
1780036809.3936346,27.205
1780036809.3989983,27.204
1780036809.4043987,27.203
1780036809.4098217,27.202
1780036809.4152043,27.201
1780036809.4206524,27.202
1780036809.4259813,27.2
1780036809.4311697,27.2
1780036809.4367924,27.199
1780036809.4421713,27.198
1780036809.4475684,27.198
1780036809.4527695,27.197
1780036809.45837,27.196
1780036809.4635713,27.196
1780036809.4692352,27.196
1780036809.4747434,27.194
1780036809.4803662,27.194
1780036809.4862692,27.193
1780036809.4921827,27.192
1780036809.4974177,27.191
1780036809.5027714,27.19
1780036809.508026,27.189
1780036809.5136197,27.189
1780036809.519637,27.185
1780036809.5253549,27.188
1780036809.5308797,27.191
1780036809.53651,27.191
1780036809.5424478,27.19
1780036809.5481403,27.188
1780036809.5535989,27.186
1780036809.559341,27.186
1780036809.5646298,27.185
1780036809.5700448,27.187
1780036809.5754507,27.187
1780036809.5808377,27.186
1780036809.5865347,27.185
1780036809.5923574,27.184
1780036809.5978625,27.182
1780036809.6037822,27.182
1780036809.6090193,27.182
1780036809.61444,27.183
1780036809.6198666,27.185
1780036809.6252425,27.184
1780036809.6312833,27.183
1780036809.6369426,27.181
1780036809.642593,27.178
1780036809.6480772,27.177
1780036809.6535416,27.177
1780036809.6588345,27.175
1780036809.664258,27.178
1780036809.6696393,27.178
1780036809.6750684,27.178
1780036809.680674,27.177
1780036809.6865664,27.176
1780036809.6918223,27.175
1780036809.697234,27.175
1780036809.7026675,27.175
1780036809.708024,27.174
1780036809.7134743,27.176
1780036809.718785,27.176
1780036809.7241838,27.175
1780036809.7296083,27.174
1780036809.7353609,27.173
1780036809.7411785,27.172
1780036809.7465034,27.172
1780036809.75184,27.17
1780036809.7573266,27.172
1780036809.7626758,27.171
1780036809.7680411,27.171
1780036809.7734337,27.17
1780036809.7788076,27.169
1780036809.7842317,27.168
1780036809.7896383,27.167
1780036809.7950678,27.168
1780036809.8003988,27.166
1780036809.805804,27.169
1780036809.8112643,27.169
1780036809.816638,27.168
1780036809.822302,27.167
1780036809.8282187,27.166
1780036809.8334792,27.165
1780036809.8389072,27.165
1780036809.844279,27.165
1780036809.8496459,27.165
1780036809.8550704,27.166
1780036809.8604062,27.166
1780036809.865799,27.165
1780036809.871229,27.164
1780036809.8773577,27.163
1780036809.8833194,27.163
1780036809.8886623,27.163
1780036809.894008,27.162
1780036809.899449,27.166
1780036809.9048326,27.165
1780036809.910242,27.165
1780036809.9155672,27.164
1780036809.9211144,27.162
1780036809.9266417,27.16
1780036809.9325151,27.16
1780036809.9378264,27.16
1780036809.9432619,27.16
1780036809.9486778,27.159
1780036809.9542809,27.158
1780036809.9601731,27.158
1780036809.9654224,27.157
1780036809.9708338,27.156
1780036809.9762793,27.155
1780036809.981608,27.155
1780036809.9870634,27.153
1780036809.992442,27.157
1780036809.997829,27.157
1780036810.0032256,27.156
1780036810.0089467,27.155
1780036810.0152495,27.154
1780036810.0207257,27.152
1780036810.026169,27.152
1780036810.0314882,27.153
1780036810.0369232,27.155
1780036810.0422795,27.154
1780036810.047634,27.154
1780036810.053689,27.153
1780036810.0593493,27.151
1780036810.0649197,27.15
1780036810.0703244,27.15
1780036810.0759108,27.15
1780036810.0812316,27.15
1780036810.0866432,27.152
1780036810.091969,27.152
1780036810.0972533,27.151
1780036810.1032798,27.15
1780036810.1090045,27.148
1780036810.114931,27.147
1780036810.1202252,27.147
1780036810.125608,27.147
1780036810.1310563,27.146
1780036810.1364336,27.147
1780036810.1418426,27.147
1780036810.1471908,27.146
1780036810.1525903,27.146
1780036810.1580303,27.145
1780036810.1634767,27.144
1780036810.1688213,27.144
1780036810.174239,27.143
1780036810.1797311,27.145
1780036810.185083,27.144
1780036810.1904848,27.144
1780036810.1961958,27.142
1780036810.2025197,27.141
1780036810.208482,27.141
1780036810.2138612,27.141
1780036810.2192173,27.141
1780036810.2246513,27.141
1780036810.2300444,27.142
1780036810.2354379,27.142
1780036810.240792,27.141
1780036810.2462246,27.14
1780036810.2518854,27.139
1780036810.2577767,27.139
1780036810.2630255,27.14
1780036810.2683887,27.139
1780036810.273837,27.141
1780036810.2792559,27.14
1780036810.2852623,27.139
1780036810.2909546,27.138
1780036810.2967446,27.135
1780036810.302253,27.133
1780036810.3080087,27.134
1780036810.313409,27.133
1780036810.3187394,27.135
1780036810.3239908,27.135
1780036810.3298876,27.134
1780036810.335769,27.134
1780036810.3410277,27.132
1780036810.346438,27.132
1780036810.351884,27.132
1780036810.3572319,27.132
1780036810.362682,27.131
1780036810.3679924,27.132
1780036810.3733902,27.132
1780036810.3788216,27.131
1780036810.384539,27.13
1780036810.3903668,27.129
1780036810.3956318,27.128
1780036810.401084,27.128
1780036810.4064271,27.129
1780036810.411874,27.129
1780036810.417259,27.13
1780036810.42264,27.13
1780036810.4279928,27.129
1780036810.4335532,27.128
1780036810.439281,27.126
1780036810.4448068,27.126
1780036810.4502823,27.126
1780036810.4556026,27.124
1780036810.4608357,27.127
1780036810.4664447,27.126
1780036810.4721382,27.126
1780036810.478438,27.125
1780036810.4841325,27.123
1780036810.489625,27.121
1780036810.4952385,27.122
1780036810.500672,27.122
1780036810.5059426,27.126
1780036810.511199,27.125
1780036810.516866,27.125
1780036810.5225432,27.124
1780036810.5283294,27.123
1780036810.5336008,27.123
1780036810.5389986,27.122
1780036810.544423,27.122
1780036810.5498707,27.122
1780036810.5553684,27.124
1780036810.560688,27.123
1780036810.5660043,27.123
1780036810.5714395,27.122
1780036810.5768604,27.121
1780036810.582284,27.121
1780036810.5876343,27.121
1780036810.5930498,27.121
1780036810.5984628,27.12
1780036810.6038811,27.122
1780036810.6094747,27.121
1780036810.6153696,27.121
1780036810.620633,27.12
1780036810.6260486,27.119
1780036810.6314826,27.119
1780036810.6368392,27.119
1780036810.64228,27.116
1780036810.6476822,27.12
1780036810.6530762,27.12
1780036810.6584675,27.12
1780036810.6641498,27.119
1780036810.6704519,27.118
1780036810.6759472,27.116
1780036810.6813576,27.116
1780036810.6866846,27.117
1780036810.6920624,27.118
1780036810.6974826,27.118
1780036810.7028377,27.118
1780036810.7082539,27.117
1780036810.7136045,27.117
1780036810.7190392,27.116
1780036810.724429,27.116
1780036810.7298868,27.116
1780036810.7352242,27.116
1780036810.740639,27.116
1780036810.7460377,27.116
1780036810.7514877,27.116
1780036810.757098,27.115
1780036810.7630095,27.115
1780036810.768233,27.114
1780036810.7735937,27.114
1780036810.7788424,27.114
1780036810.784447,27.113
1780036810.7898922,27.115
1780036810.7952433,27.115
1780036810.8006392,27.114
1780036810.8060567,27.113
1780036810.8117402,27.112
1780036810.8175566,27.111
1780036810.8228738,27.112
1780036810.8282444,27.112
1780036810.8336565,27.111
1780036810.8390849,27.113
1780036810.844484,27.112
1780036810.849857,27.112
1780036810.8551986,27.111
1780036810.8606372,27.11
1780036810.8660724,27.11
1780036810.8716154,27.11
1780036810.8769088,27.108
1780036810.8822398,27.109
1780036810.8876538,27.109
1780036810.8930871,27.108
1780036810.89871,27.107
1780036810.904604,27.107
1780036810.9098372,27.106
1780036810.915194,27.106
1780036810.9206386,27.107
1780036810.9260526,27.106
1780036810.9314864,27.108
1780036810.9368243,27.108
1780036810.942227,27.107
1780036810.947653,27.107
1780036810.9533572,27.106
1780036810.9591584,27.105
1780036810.9643967,27.105
1780036810.969637,27.103
1780036810.9753602,27.105
1780036810.9809663,27.104
1780036810.987362,27.103
1780036810.9934125,27.103
1780036810.9989612,27.102
1780036811.004679,27.099
1780036811.0100746,27.099
1780036811.0154946,27.1
1780036811.0208778,27.099
1780036811.0266128,27.1
1780036811.0325258,27.1
1780036811.0383365,27.099
1780036811.0436084,27.099
1780036811.0490007,27.098
1780036811.0544322,27.097
1780036811.0598972,27.098
1780036811.0652025,27.095
1780036811.0706182,27.097
1780036811.0760064,27.097
1780036811.0814435,27.097
1780036811.0868711,27.096
1780036811.0925598,27.095
1780036811.098842,27.094
1780036811.1043499,27.094
1780036811.1096323,27.094
1780036811.1150916,27.094
1780036811.1204517,27.096
1780036811.1266198,27.095
1780036811.132553,27.095
1780036811.13785,27.094
1780036811.1432312,27.093
1780036811.148696,27.093
1780036811.1540232,27.093
1780036811.1594532,27.09
1780036811.1649988,27.094
1780036811.1705031,27.093
1780036811.1760318,27.092
1780036811.1819408,27.091
1780036811.1878374,27.091
1780036811.1933417,27.09
1780036811.1987941,27.09
1780036811.2044375,27.09
1780036811.2104654,27.091
1780036811.2165213,27.095
1780036811.2226627,27.099
1780036811.2284367,27.099
1780036811.233873,27.098
1780036811.2392612,27.098
1780036811.2446904,27.098
1780036811.2499993,27.099
1780036811.2554047,27.098
1780036811.2609656,27.1
1780036811.266303,27.1
1780036811.2716668,27.1
1780036811.2776845,27.1
1780036811.2833366,27.099
1780036811.2887342,27.098
1780036811.2944722,27.099
1780036811.299857,27.099
1780036811.3053632,27.099
1780036811.3106973,27.099
1780036811.316066,27.099
1780036811.3221796,27.099
1780036811.3281076,27.098
1780036811.3334806,27.098
1780036811.3388555,27.098
1780036811.3443005,27.099
1780036811.3498201,27.098
1780036811.3557146,27.102
1780036811.3610866,27.102
1780036811.3664887,27.102
1780036811.3725686,27.101
1780036811.3785198,27.1
1780036811.3838902,27.1
1780036811.389336,27.101
1780036811.3946936,27.1
1780036811.400349,27.1
1780036811.4064019,27.103
1780036811.4123032,27.103
1780036811.418225,27.102
1780036811.4237273,27.102
1780036811.4293993,27.1
1780036811.43479,27.1
1780036811.440274,27.101
1780036811.4456372,27.101
1780036811.4513514,27.102
1780036811.4576275,27.102
1780036811.463372,27.1
1780036811.469098,27.098
1780036811.47469,27.096
1780036811.4800637,27.096
1780036811.4855332,27.097
1780036811.491284,27.1
1780036811.4966373,27.102
1780036811.5019913,27.102
1780036811.507294,27.101
1780036811.5131273,27.101
1780036811.5190496,27.101
1780036811.5242677,27.1
1780036811.529602,27.101
1780036811.5348506,27.101
1780036811.5404716,27.1
1780036811.5464811,27.101
1780036811.5524545,27.1
1780036811.5581403,27.099
1780036811.5637422,27.099
1780036811.5692906,27.098
1780036811.5747364,27.098
1780036811.5801764,27.098
1780036811.5854769,27.103
1780036811.5909748,27.105
1780036811.5965362,27.104
1780036811.6023722,27.104
1780036811.6076334,27.103
1780036811.6130269,27.103
1780036811.6184666,27.103
1780036811.623897,27.103
1780036811.629227,27.104
1780036811.6346614,27.102
1780036811.640004,27.103
1780036811.6454816,27.103
1780036811.6515782,27.102
1780036811.6571295,27.102
1780036811.6630564,27.102
1780036811.6683302,27.101
1780036811.6736708,27.102
1780036811.6790829,27.1
1780036811.684483,27.103
1780036811.6905055,27.103
1780036811.6965592,27.103
1780036811.7019086,27.103
1780036811.707263,27.102
1780036811.7133563,27.101
1780036811.7193177,27.102
1780036811.7246988,27.103
1780036811.7300794,27.102
1780036811.7354999,27.103
1780036811.7410972,27.103
1780036811.7470062,27.103
1780036811.7522414,27.103
1780036811.7576823,27.102
1780036811.763101,27.102
1780036811.7684438,27.103
1780036811.7738917,27.1
1780036811.7792711,27.104
1780036811.7846918,27.103
1780036811.7900655,27.103
1780036811.7957687,27.103
1780036811.8020446,27.102
1780036811.8075573,27.101
1780036811.8129482,27.102
1780036811.8183272,27.102
1780036811.823691,27.103
1780036811.829365,27.104
1780036811.8351016,27.104
1780036811.8404486,27.104
1780036811.8458354,27.103
1780036811.8512506,27.103
1780036811.8567035,27.103
1780036811.8620458,27.103
1780036811.8674693,27.1
1780036811.8729174,27.103
1780036811.8788037,27.102
1780036811.8846292,27.102
1780036811.8909647,27.101
1780036811.897011,27.101
1780036811.9023309,27.1
1780036811.907723,27.101
1780036811.9131072,27.102
1780036811.9184864,27.101
1780036811.923862,27.102
1780036811.9292195,27.102
1780036811.9347706,27.101
1780036811.9404745,27.1
1780036811.9461794,27.099
1780036811.952099,27.099
1780036811.9574976,27.1
1780036811.962811,27.098
1780036811.9685304,27.102
1780036811.9743605,27.102
1780036811.979623,27.102
1780036811.9850235,27.102
1780036811.990438,27.101
1780036811.996576,27.101
1780036812.0025234,27.101
1780036812.007899,27.102
1780036812.0132928,27.1
1780036812.018978,27.101
1780036812.0253704,27.1
1780036812.031314,27.1
1780036812.036693,27.1
1780036812.042076,27.099
1780036812.047502,27.099
1780036812.0528483,27.1
1780036812.0582917,27.098
1780036812.0637872,27.1
1780036812.0691116,27.099
1780036812.0744793,27.099
1780036812.0801919,27.099
1780036812.0864694,27.098
1780036812.091971,27.097
1780036812.0974646,27.098
1780036812.1032414,27.099
1780036812.1086533,27.099
1780036812.1140697,27.1
1780036812.1195045,27.1
1780036812.1251721,27.099
1780036812.1310809,27.099
1780036812.1365163,27.099
1780036812.142014,27.099
1780036812.1477063,27.1
1780036812.1530664,27.1
1780036812.1586053,27.102
1780036812.1641731,27.101
1780036812.1699228,27.1
1780036812.1755745,27.098
1780036812.1814337,27.098
1780036812.1866567,27.097
1780036812.1921265,27.098
1780036812.197505,27.098
1780036812.2029386,27.099
1780036812.2089138,27.098
1780036812.2144966,27.097
1780036812.2202427,27.095
1780036812.225774,27.093
1780036812.2316906,27.093
1780036812.2370987,27.094
1780036812.2424483,27.095
1780036812.2481813,27.095
1780036812.2540076,27.097
1780036812.2595134,27.096
1780036812.265234,27.096
1780036812.2706287,27.095
1780036812.2760706,27.095
1780036812.2815175,27.095
1780036812.2868755,27.095
1780036812.292266,27.093
1780036812.2976992,27.094
1780036812.303096,27.094
1780036812.308474,27.094
1780036812.3141828,27.093
1780036812.3206034,27.093
1780036812.3265345,27.092
1780036812.3319042,27.093
1780036812.3372145,27.093
1780036812.3429272,27.093
1780036812.3487625,27.095
1780036812.3540244,27.094
1780036812.3595705,27.093
1780036812.3652816,27.092
1780036812.3709958,27.09
1780036812.3769312,27.09
1780036812.3823023,27.091
1780036812.387652,27.089
1780036812.3933558,27.091
1780036812.3991535,27.091
1780036812.4044318,27.091
1780036812.4099827,27.09
1780036812.4156792,27.088
1780036812.4213257,27.086
1780036812.4273846,27.086
1780036812.432715,27.087
1780036812.438384,27.087
1780036812.4444237,27.09
1780036812.4503083,27.09
1780036812.4562154,27.09
1780036812.4614618,27.089
1780036812.4668126,27.089
1780036812.4720643,27.088
1780036812.4776647,27.089
1780036812.4833248,27.087
1780036812.4887996,27.092
1780036812.4945257,27.094
1780036812.499881,27.094
1780036812.5052445,27.093
1780036812.5106728,27.093
1780036812.516084,27.093
1780036812.5215158,27.094
1780036812.5268555,27.095
1780036812.5323026,27.094
1780036812.5376852,27.095
1780036812.5431125,27.095
1780036812.548719,27.095
1780036812.5546324,27.095
1780036812.559862,27.094
1780036812.565276,27.094
1780036812.570718,27.095
1780036812.5760539,27.093
1780036812.5815022,27.094
1780036812.5868502,27.094
1780036812.592253,27.094
1780036812.5976646,27.093
1780036812.6030781,27.093
1780036812.608726,27.092
1780036812.6146247,27.093
1780036812.6198633,27.094
1780036812.6252081,27.093
1780036812.6306632,27.095
1780036812.6363225,27.095
1780036812.6422215,27.095
1780036812.6474652,27.094
1780036812.6528254,27.094
1780036812.6583805,27.093
1780036812.6637506,27.094
1780036812.6691206,27.095
1780036812.6744814,27.094
1780036812.6798675,27.093
1780036812.685273,27.093
1780036812.6909711,27.093
1780036812.697265,27.092
1780036812.7029457,27.091
1780036812.7083747,27.091
1780036812.7140982,27.092
1780036812.719477,27.093
1780036812.7250535,27.095
1780036812.7308297,27.094
1780036812.7365012,27.094
1780036812.7422426,27.092
1780036812.7478328,27.09
1780036812.7536995,27.09
1780036812.7591074,27.091
1780036812.7644515,27.092
1780036812.7701483,27.093
1780036812.7759511,27.094
1780036812.7812274,27.094
1780036812.7867627,27.094
1780036812.792475,27.093
1780036812.7982767,27.091
1780036812.8041036,27.092
1780036812.809508,27.093
1780036812.8148935,27.092
1780036812.820337,27.094
1780036812.825918,27.093
1780036812.8318295,27.093
1780036812.8370655,27.093
1780036812.8424208,27.092
1780036812.847669,27.092
1780036812.8532553,27.093
1780036812.8587162,27.091
1780036812.864108,27.092
1780036812.869509,27.092
1780036812.8748903,27.091
1780036812.8805811,27.091
1780036812.8864553,27.09
1780036812.892182,27.09
1780036812.8977156,27.09
1780036812.9031646,27.091
1780036812.9085176,27.088
1780036812.9146044,27.095
1780036812.920644,27.099
1780036812.9262004,27.098
1780036812.9319372,27.096
1780036812.93754,27.094
1780036812.9434261,27.094
1780036812.9486706,27.094
1780036812.954049,27.094
1780036812.95949,27.099
1780036812.9651878,27.099
1780036812.9711015,27.099
1780036812.9765997,27.098
1780036812.982337,27.096
1780036812.9879243,27.094
1780036812.993781,27.095
1780036812.9990716,27.096
1780036813.0045638,27.098
1780036813.009925,27.098
1780036813.015501,27.097
1780036813.0214367,27.097
1780036813.0266707,27.097
1780036813.032087,27.096
1780036813.037522,27.096
1780036813.0428576,27.097
1780036813.0483305,27.094
1780036813.0537071,27.097
1780036813.0591109,27.097
1780036813.064495,27.097
1780036813.0701613,27.096
1780036813.0759747,27.096
1780036813.081229,27.095
1780036813.0864754,27.095
1780036813.0920596,27.096
1780036813.0974824,27.095
1780036813.1029627,27.097
1780036813.1082695,27.097
1780036813.1136162,27.096
1780036813.1191566,27.096
1780036813.124911,27.094
1780036813.1304753,27.093
1780036813.135961,27.093
1780036813.1412861,27.094
1780036813.1467204,27.092
1780036813.152313,27.093
1780036813.1582208,27.093
1780036813.163473,27.092
1780036813.1688871,27.092
1780036813.1743493,27.092
1780036813.1796772,27.092
1780036813.1851285,27.092
1780036813.190425,27.089
1780036813.1958923,27.091
1780036813.2015014,27.091
1780036813.207527,27.093
1780036813.213519,27.092
1780036813.2194443,27.092
1780036813.2246735,27.092
1780036813.2301216,27.092
1780036813.2355344,27.093
1780036813.2411153,27.092
1780036813.2471712,27.096
1780036813.2531414,27.096
1780036813.25904,27.096
1780036813.2642894,27.095
1780036813.2696936,27.095
1780036813.2751217,27.095
1780036813.2804892,27.096
1780036813.2865715,27.094
1780036813.292703,27.097
1780036813.298466,27.097
1780036813.3039038,27.097
1780036813.3092878,27.097
1780036813.3153715,27.097
1780036813.3213992,27.097
1780036813.3267293,27.097
1780036813.3320704,27.094
1780036813.3375127,27.098
1780036813.3428547,27.098
1780036813.3482492,27.098
1780036813.3536546,27.098
1780036813.3590772,27.097
1780036813.3647401,27.097
1780036813.370629,27.097
1780036813.375877,27.098
1780036813.3812385,27.097
1780036813.3866813,27.099
1780036813.3923578,27.099
1780036813.3982713,27.098
1780036813.4037764,27.098
1780036813.4095223,27.096
1780036813.4149399,27.094
1780036813.4203973,27.095
1780036813.4256897,27.095
1780036813.431116,27.095
1780036813.4364994,27.096
1780036813.4425943,27.095
1780036813.4485295,27.095
1780036813.453912,27.094
1780036813.459296,27.094
1780036813.4647243,27.094
1780036813.470047,27.095
1780036813.4754834,27.094
1780036813.4809518,27.097
1780036813.4863281,27.096
1780036813.491654,27.096
1780036813.4974034,27.095
1780036813.503143,27.095
1780036813.5084512,27.094
1780036813.5138383,27.095
1780036813.519263,27.096
1780036813.5247295,27.095
1780036813.5300848,27.097
1780036813.5356176,27.096
1780036813.5411782,27.094
1780036813.547081,27.094
1780036813.5525932,27.093
1780036813.5580835,27.093
1780036813.5637002,27.093
1780036813.5690813,27.093
1780036813.574587,27.096
1780036813.5798743,27.095
1780036813.5852978,27.095
1780036813.590732,27.094
1780036813.5960796,27.094
1780036813.6016223,27.094
1780036813.6069372,27.094
1780036813.6123514,27.095
1780036813.6176999,27.093
1780036813.6231754,27.094
1780036813.628861,27.093
1780036813.6344812,27.093
1780036813.6398554,27.092
1780036813.6452785,27.092
1780036813.6506948,27.092
1780036813.6560874,27.092
1780036813.66156,27.091
1780036813.6669223,27.092
1780036813.672317,27.091
1780036813.6776314,27.091
1780036813.6831908,27.09
1780036813.6890407,27.089
1780036813.6947892,27.087
1780036813.7008014,27.087
1780036813.7065668,27.088
1780036813.7119374,27.089
1780036813.7172837,27.09
1780036813.722736,27.09
1780036813.7280934,27.09
1780036813.7342653,27.089
1780036813.7401295,27.089
1780036813.7454684,27.089
1780036813.7507937,27.089
1780036813.7559528,27.086
1780036813.7617905,27.089
1780036813.7671382,27.089
1780036813.7725067,27.089
1780036813.777893,27.089
1780036813.7832782,27.088
1780036813.7887352,27.088
1780036813.7940986,27.088
1780036813.7996078,27.088
1780036813.805001,27.086
1780036813.811082,27.088
1780036813.81699,27.086
1780036813.8229487,27.086
1780036813.8283393,27.085
1780036813.8336859,27.085
1780036813.839101,27.084
1780036813.8446329,27.085
1780036813.8499343,27.085
1780036813.8553598,27.085
1780036813.8607416,27.085
1780036813.8660839,27.085
1780036813.8714821,27.085
1780036813.8768961,27.084
1780036813.8823597,27.084
1780036813.8877013,27.084
1780036813.8931322,27.084
1780036813.8984349,27.082
1780036813.9036307,27.084
1780036813.9092731,27.084
1780036813.9149828,27.084
1780036813.921295,27.083
1780036813.926987,27.082
1780036813.9324508,27.08
1780036813.938276,27.081
1780036813.9440572,27.082
1780036813.9494925,27.085
1780036813.9548705,27.086
1780036813.9603033,27.086
1780036813.9657211,27.086
1780036813.9714174,27.086
1780036813.97765,27.085
1780036813.9831743,27.085
1780036813.9885159,27.086
1780036813.9941735,27.086
1780036813.9996743,27.087
1780036814.0055006,27.088
1780036814.0114193,27.088
1780036814.016689,27.087
1780036814.0220466,27.087
1780036814.0272262,27.087
1780036814.0329623,27.087
1780036814.0383234,27.088
1780036814.04366,27.087
1780036814.0490909,27.088
1780036814.0545135,27.088
1780036814.0601912,27.087
1780036814.0665035,27.086
1780036814.0722408,27.085
1780036814.0777225,27.084
1780036814.0833383,27.085
1780036814.0893736,27.086
1780036814.095528,27.09
1780036814.1013107,27.09
1780036814.106725,27.09
1780036814.112096,27.09
1780036814.117738,27.09
1780036814.1235766,27.089
1780036814.1288848,27.09
1780036814.1343493,27.088
1780036814.139792,27.09
1780036814.1454039,27.09
1780036814.1516812,27.089
1780036814.1573856,27.088
1780036814.1629791,27.087
1780036814.168584,27.086
1780036814.1739597,27.087
1780036814.1792731,27.087
1780036814.1847203,27.091
1780036814.1901112,27.092
1780036814.1955438,27.092
1780036814.2008746,27.092
1780036814.2062767,27.092
1780036814.211675,27.092
1780036814.217142,27.092
1780036814.222541,27.092
1780036814.2279077,27.093
1780036814.2332864,27.091
1780036814.2387125,27.091
1780036814.244048,27.091
1780036814.2498517,27.091
1780036814.2562666,27.09
1780036814.2621658,27.09
1780036814.26753,27.09
1780036814.272877,27.091
1780036814.2783446,27.09
1780036814.2837915,27.092
1780036814.289087,27.092
1780036814.294438,27.092
1780036814.2999988,27.091
1780036814.30574,27.088
1780036814.3112583,27.087
1780036814.3167899,27.087
1780036814.3220909,27.088
1780036814.3275466,27.086
1780036814.3328717,27.087
1780036814.3383052,27.087
1780036814.3436894,27.087
1780036814.3493974,27.086
1780036814.3551743,27.086
1780036814.3604553,27.086
1780036814.3656974,27.087
1780036814.371278,27.084
1780036814.376988,27.086
1780036814.3828075,27.087
1780036814.3880622,27.086
1780036814.3934517,27.086
1780036814.3988843,27.085
1780036814.4050121,27.084
1780036814.4109392,27.085
1780036814.4163396,27.086
1780036814.421703,27.086
1780036814.4274025,27.087
1780036814.4333243,27.087
1780036814.4388447,27.086
1780036814.4447439,27.086
1780036814.4507287,27.085
1780036814.456643,27.086
1780036814.4618938,27.086
1780036814.4672534,27.086
1780036814.472696,27.09
1780036814.478362,27.09
1780036814.4842634,27.09
1780036814.4894917,27.089
1780036814.494907,27.089
1780036814.5003614,27.088
1780036814.505708,27.089
1780036814.51115,27.09
1780036814.5164802,27.087
1780036814.5218594,27.089
1780036814.527282,27.088
1780036814.5330174,27.088
1780036814.5392914,27.087
1780036814.544997,27.086
1780036814.550455,27.086
1780036814.5560958,27.087
1780036814.5615053,27.085
1780036814.5667922,27.088
1780036814.5722778,27.087
1780036814.5778244,27.086
1780036814.5837758,27.086
1780036814.5891392,27.086
1780036814.5945122,27.085
1780036814.5999038,27.086
1780036814.6052673,27.087
1780036814.6107063,27.085
1780036814.6160848,27.086
1780036814.6215155,27.086
1780036814.6268988,27.086
1780036814.6323347,27.085
1780036814.6379228,27.085
1780036814.6438336,27.084
1780036814.6490974,27.085
1780036814.6544592,27.086
1780036814.659902,27.086
1780036814.6655283,27.087
1780036814.6714196,27.086
1780036814.6766965,27.086
1780036814.682111,27.086
1780036814.6875467,27.085
1780036814.6928954,27.085
1780036814.698365,27.086
1780036814.7036653,27.082
1780036814.708954,27.083
1780036814.714596,27.083
1780036814.7205331,27.083
1780036814.7259407,27.082
1780036814.7313128,27.082
1780036814.737402,27.081
1780036814.743366,27.082
1780036814.7487411,27.083
1780036814.7541163,27.082
1780036814.7595136,27.084
1780036814.7651803,27.083
1780036814.7710886,27.083
1780036814.776614,27.083
1780036814.7823637,27.082
1780036814.787775,27.082
1780036814.7937248,27.083
1780036814.799121,27.083
1780036814.8046486,27.085
1780036814.8105981,27.085
1780036814.816627,27.084
1780036814.8219538,27.084
1780036814.8273594,27.084
1780036814.832755,27.083
1780036814.8381805,27.084
1780036814.84352,27.085
1780036814.8488903,27.083
1780036814.8543143,27.085
1780036814.8596985,27.085
1780036814.8657517,27.084
1780036814.8717847,27.084
1780036814.8771539,27.084
1780036814.8824928,27.084
1780036814.8879523,27.084
1780036814.8933296,27.081
1780036814.898686,27.083
1780036814.904105,27.083
1780036814.9095514,27.083
1780036814.915151,27.082
1780036814.9210646,27.082
1780036814.9263122,27.082
1780036814.9316862,27.082
1780036814.937152,27.083
1780036814.9425013,27.082
1780036814.948544,27.084
1780036814.9544346,27.083
1780036814.9602752,27.082
1780036814.9659503,27.08
1780036814.9716065,27.079
1780036814.9774988,27.079
1780036814.9827611,27.08
1780036814.9880862,27.082
1780036814.9935262,27.086
1780036814.9991643,27.086
1780036815.005124,27.086
1780036815.010639,27.086
1780036815.016347,27.084
1780036815.0217428,27.082
1780036815.0271676,27.083
1780036815.0325062,27.084
1780036815.0379398,27.083
1780036815.0435266,27.085
1780036815.049435,27.085
1780036815.0547018,27.084
1780036815.0601108,27.084
1780036815.0655582,27.083
1780036815.0709069,27.083
1780036815.0763745,27.084
1780036815.081677,27.083
1780036815.0870657,27.083
1780036815.092504,27.083
1780036815.0982413,27.083
1780036815.1045175,27.082
1780036815.110178,27.081
1780036815.1157708,27.08
1780036815.1211402,27.081
1780036815.1264653,27.082
1780036815.132391,27.082
1780036815.1384418,27.086
1780036815.14439,27.085
1780036815.1503217,27.085
1780036815.1558263,27.085
1780036815.1615577,27.083
1780036815.166979,27.083
1780036815.1728714,27.084
1780036815.178314,27.085
1780036815.1840816,27.087
1780036815.1900141,27.088
1780036815.1959343,27.088
1780036815.2018356,27.087
1780036815.2071042,27.087
1780036815.212506,27.087
1780036815.217959,27.088
1780036815.2232153,27.087
1780036815.228371,27.084
1780036815.2341003,27.096
1780036815.2394457,27.107
1780036815.2449327,27.117
1780036815.250621,27.127
1780036815.2564664,27.137
1780036815.2619646,27.149
1780036815.267873,27.158
1780036815.273103,27.169
1780036815.2785194,27.177
1780036815.283955,27.187
1780036815.2895525,27.198
1780036815.2954674,27.207
1780036815.3007047,27.218
1780036815.306096,27.227
1780036815.311562,27.236
1780036815.3169253,27.244
1780036815.3223715,27.253
1780036815.3276808,28.006
1780036815.3330734,28.027
1780036815.338445,28.043
1780036815.3437455,28.046
1780036815.3495555,28.048
1780036815.355519,28.05
1780036815.3607469,28.049
1780036815.3660681,28.048
1780036815.371514,28.047
1780036815.3769252,28.046
1780036815.3823795,28.046
1780036815.3876712,28.046
1780036815.3929641,28.043
1780036815.3985727,28.043
1780036815.4045112,28.042
1780036815.4101815,28.04
1780036815.415765,28.038
1780036815.4213452,28.037
1780036815.4267948,28.036
1780036815.4322405,28.036
1780036815.4375954,28.037
1780036815.4432786,28.037
1780036815.4493032,28.039
1780036815.455161,28.038
1780036815.4610639,28.038
1780036815.4663026,28.036
1780036815.4717364,28.035
1780036815.477155,28.035
1780036815.4824905,28.035
1780036815.4885716,28.032
1780036815.4945009,28.034
1780036815.5005598,28.034
1780036815.5062,28.033
1780036815.5117896,28.031
1780036815.5173378,28.029
1780036815.5227582,28.03
1780036815.5281813,28.037
1780036815.5335505,28.041
1780036815.538892,28.041
1780036815.544311,28.04
1780036815.549709,28.039
1780036815.5554504,28.038
1780036815.5617037,28.036
1780036815.5672498,28.035
1780036815.5726995,28.035
1780036815.5784647,28.034
1780036815.5837655,28.035
1780036815.5894597,28.034
1780036815.5948086,28.032
1780036815.6005323,28.03
1780036815.6062536,28.028
1780036815.612168,28.028
1780036815.617549,28.027
1780036815.62288,28.028
1780036815.628343,28.027
1780036815.633963,28.027
1780036815.6398733,28.027
1780036815.6451123,28.025
1780036815.6504686,28.024
1780036815.65587,28.023
1780036815.6613276,28.022
1780036815.6667585,28.022
1780036815.6720831,28.018
1780036815.6772842,28.019
1780036815.6829078,28.018
1780036815.6883771,28.017
1780036815.6939824,28.015
1780036815.6998758,28.015
1780036815.70511,28.013
1780036815.7105103,28.013
1780036815.7159555,28.013
1780036815.7213366,28.011
1780036815.7268002,28.012
1780036815.7324932,28.011
1780036815.7383997,28.01
1780036815.744355,28.008
1780036815.7502518,28.008
1780036815.7555132,28.007
1780036815.7608995,28.007
1780036815.7663522,28.004
1780036815.7719493,28.007
1780036815.7779245,28.007
1780036815.7832978,28.006
1780036815.7889898,28.003
1780036815.7946002,28.001
1780036815.8004982,28.0
1780036815.8059397,28.0
1780036815.8112998,28.001
1780036815.8174438,28.001
1780036815.8235216,28.003
1780036815.8293161,28.002
1780036815.8347523,28.001
1780036815.8401363,28.0
1780036815.8462532,27.254
1780036815.8521454,27.254
1780036815.8575563,27.254
1780036815.8628824,27.253
1780036815.8683362,27.253
1780036815.8739457,27.252
1780036815.8798728,27.251
1780036815.8851128,27.25
1780036815.8905125,27.249
1780036815.8959646,27.248
1780036815.9013052,27.248
1780036815.906761,27.244
1780036815.912186,27.247
1780036815.917557,27.246
1780036815.922909,27.245
1780036815.9286582,27.243
1780036815.9350588,27.242
1780036815.9409814,27.241
1780036815.9463542,27.241
1780036815.9517183,27.241
1780036815.957162,27.24
1780036815.9625492,27.241
1780036815.9679327,27.239
1780036815.9732957,27.239
1780036815.9787216,27.237
1780036815.9841514,27.237
1780036815.9895706,27.236
1780036815.994934,27.236
1780036816.000329,27.233
1780036816.0057626,27.233
1780036816.0111723,27.232
1780036816.0165322,27.232
1780036816.0225735,27.23
1780036816.0285754,27.228
1780036816.0345469,27.228
1780036816.0399642,27.228
1780036816.0453384,27.228
1780036816.0510218,27.228
1780036816.0574517,27.228
1780036816.063399,27.227
1780036816.068761,27.226
1780036816.074145,27.225
1780036816.0803032,27.224
1780036816.086184,27.224
1780036816.0915234,27.224
1780036816.0969172,27.223
1780036816.1023743,27.225
1780036816.1079602,27.224
1780036816.1138604,27.223
1780036816.119118,27.222
1780036816.1245086,27.221
1780036816.1299715,27.22
1780036816.1353972,27.22
1780036816.1407752,27.219
1780036816.1461148,27.218
1780036816.1515508,27.218
1780036816.1569383,27.217
1780036816.1626318,27.216
1780036816.1684163,27.215
1780036816.173686,27.215
1780036816.1790762,27.214
1780036816.184511,27.214
1780036816.1899555,27.211
1780036816.1955545,27.214
1780036816.201503,27.214
1780036816.206814,27.213
1780036816.2126513,27.211
1780036816.2183208,27.208
1780036816.2241523,27.208
1780036816.2295191,27.208
1780036816.2348874,27.209
1780036816.2403429,27.209
1780036816.2459924,27.209
1780036816.2519054,27.208
1780036816.257404,27.207
1780036816.262889,27.205
1780036816.268889,27.204
1780036816.2747886,27.204
1780036816.280489,27.204
1780036816.285909,27.206
1780036816.2913058,27.207
1780036816.296729,27.206
1780036816.302135,27.205
1780036816.3078287,27.204
1780036816.314125,27.203
1780036816.3196955,27.202
1780036816.3251746,27.203
1780036816.330924,27.2
1780036816.3363214,27.202
1780036816.3416944,27.202
1780036816.3471215,27.201
1780036816.3528254,27.2
1780036816.358701,27.2
1780036816.36392,27.199
1780036816.3693078,27.199
1780036816.3747287,27.199
1780036816.3804011,27.196
1780036816.3864415,27.199
1780036816.3924234,27.198
1780036816.3983364,27.198
1780036816.40385,27.197
1780036816.4095714,27.194
1780036816.414989,27.194
1780036816.4209192,27.194
1780036816.426305,27.194
1780036816.4316626,27.195
1780036816.4369068,27.194
1780036816.4424992,27.194
1780036816.4479027,27.193
1780036816.4533079,27.192
1780036816.4586878,27.191
1780036816.4641688,27.192
1780036816.4695468,27.192
1780036816.4749901,27.19
1780036816.4803247,27.189
1780036816.4857306,27.188
1780036816.4914267,27.188
1780036816.4972296,27.187
1780036816.5024812,27.186
1780036816.5077262,27.185
1780036816.5132916,27.186
1780036816.5193787,27.182
1780036816.5255287,27.187
1780036816.5315082,27.19
1780036816.5373826,27.189
1780036816.5430229,27.188
1780036816.5486085,27.187
1780036816.5540316,27.186
1780036816.5596082,27.186
1780036816.5649915,27.188
1780036816.5703673,27.19
1780036816.5757413,27.191
1780036816.5811613,27.19
1780036816.5865378,27.19
1780036816.5919795,27.19
1780036816.5976043,27.189
1780036816.6035037,27.189
1780036816.6087677,27.189
1780036816.6141045,27.189
1780036816.6195498,27.191
1780036816.6249528,27.19
1780036816.6309862,27.189
1780036816.6370318,27.188
1780036816.642385,27.188
1780036816.647736,27.187
1780036816.6531827,27.187
1780036816.6585133,27.187
1780036816.6639287,27.186
1780036816.6693645,27.186
1780036816.6747806,27.186
1780036816.6804092,27.185
1780036816.686365,27.184
1780036816.6924028,27.183
1780036816.6983087,27.183
1780036816.7035656,27.184
1780036816.7089376,27.183
1780036816.7143831,27.184
1780036816.7199879,27.183
1780036816.725874,27.182
1780036816.7311282,27.181
1780036816.736485,27.181
1780036816.7419271,27.18
1780036816.7473578,27.18
1780036816.7527716,27.178
1780036816.7581668,27.179
1780036816.7635262,27.178
1780036816.7689302,27.177
1780036816.7746456,27.176
1780036816.7810721,27.175
1780036816.7870164,27.174
1780036816.7923682,27.174
1780036816.797738,27.175
1780036816.8031855,27.174
1780036816.8085358,27.175
1780036816.8139458,27.175
1780036816.8193173,27.174
1780036816.8247015,27.174
1780036816.8301296,27.173
1780036816.8355782,27.172
1780036816.8409667,27.172
1780036816.8463316,27.172
1780036816.8517332,27.171
1780036816.8571854,27.172
1780036816.8627965,27.171
1780036816.8686903,27.171
1780036816.873922,27.17
1780036816.8793721,27.169
1780036816.8847852,27.169
1780036816.890132,27.169
1780036816.895562,27.167
1780036816.9010403,27.169
1780036816.9063745,27.168
1780036816.9117332,27.167
1780036816.9171891,27.167
1780036816.9228067,27.166
1780036816.928716,27.165
1780036816.9339697,27.165
1780036816.9393594,27.165
1780036816.944779,27.164
1780036816.950133,27.166
1780036816.9555793,27.165
1780036816.9609067,27.165
1780036816.9663224,27.164
1780036816.9717314,27.163
1780036816.9771843,27.163
1780036816.9825263,27.163
1780036816.9879472,27.161
1780036816.9934843,27.163
1780036816.9987874,27.163
1780036817.0041575,27.162
1780036817.0098479,27.162
1780036817.0161374,27.16
1780036817.021833,27.159
1780036817.027196,27.159
1780036817.032921,27.16
1780036817.0383413,27.162
1780036817.043699,27.163
1780036817.0491345,27.163
1780036817.0545425,27.163
1780036817.0605705,27.162
1780036817.0662422,27.161
1780036817.0716975,27.16
1780036817.0773957,27.16
1780036817.0827477,27.159
1780036817.0880508,27.161
1780036817.0932956,27.161
1780036817.098917,27.16
1780036817.1046472,27.16
1780036817.1109388,27.159
1780036817.1164227,27.157
1780036817.1219263,27.158
1780036817.1277192,27.159
1780036817.1331463,27.161
1780036817.1385515,27.162
1780036817.1439812,27.162
1780036817.1493368,27.162
1780036817.1547723,27.161
1780036817.1601472,27.16
1780036817.1655862,27.16
1780036817.1709294,27.161
1780036817.1763492,27.158
1780036817.1817703,27.162
1780036817.1871738,27.162
1780036817.1925662,27.161
1780036817.1982865,27.16
1780036817.2045138,27.16
1780036817.2100575,27.157
1780036817.2155428,27.158
1780036817.2213445,27.158
1780036817.226734,27.159
1780036817.2321053,27.16
1780036817.2375412,27.16
1780036817.2432601,27.16
1780036817.2491171,27.159
1780036817.254624,27.158
1780036817.2601233,27.157
1780036817.265785,27.157
1780036817.2711456,27.157
1780036817.2766502,27.159
1780036817.2819903,27.159
1780036817.2873757,27.158
1780036817.293042,27.157
1780036817.299374,27.156
1780036817.304847,27.155
1780036817.3102894,27.155
1780036817.3155785,27.155
1780036817.321029,27.157
1780036817.3263981,27.157
1780036817.3317482,27.156
1780036817.3378322,27.156
1780036817.3438094,27.155
1780036817.3491812,27.154
1780036817.354553,27.154
1780036817.3599834,27.155
1780036817.3653316,27.154
1780036817.370753,27.156
1780036817.376087,27.155
1780036817.3816516,27.155
1780036817.3873622,27.154
1780036817.3931158,27.152
1780036817.3990078,27.152
1780036817.4043794,27.152
1780036817.4097316,27.153
1780036817.415171,27.153
1780036817.4205546,27.154
1780036817.4259472,27.153
1780036817.4313273,27.153
1780036817.4367507,27.152
1780036817.4421766,27.151
1780036817.4475546,27.151
1780036817.4529402,27.152
1780036817.4583511,27.15
1780036817.4638598,27.152
1780036817.4691923,27.151
1780036817.4746077,27.151
1780036817.4803183,27.15
1780036817.485998,27.148
1780036817.4913926,27.146
1780036817.4968033,27.146
1780036817.502123,27.147
1780036817.507583,27.147
1780036817.5131862,27.147
1780036817.519093,27.147
1780036817.5243385,27.146
1780036817.5297508,27.146
1780036817.5352006,27.145
1780036817.5405598,27.145
1780036817.545988,27.145
1780036817.5513108,27.143
1780036817.556697,27.144
1780036817.5621302,27.144
1780036817.5683117,27.143
1780036817.5742462,27.143
1780036817.5795481,27.142
1780036817.5849605,27.141
1780036817.5903888,27.141
1780036817.5957484,27.142
1780036817.6011603,27.14
1780036817.6064985,27.141
1780036817.6117814,27.14
1780036817.6176944,27.14
1780036817.6236107,27.139
1780036817.6296244,27.139
1780036817.6355517,27.138
1780036817.640815,27.139
1780036817.6463299,27.138
1780036817.6522262,27.142
1780036817.6575491,27.142
1780036817.6629436,27.142
1780036817.669062,27.141
1780036817.6750214,27.141
1780036817.6803875,27.14
1780036817.68583,27.14
1780036817.6911957,27.141
1780036817.696574,27.14
1780036817.7019558,27.141
1780036817.70732,27.14
1780036817.712752,27.14
1780036817.718144,27.139
1780036817.7238789,27.138
1780036817.7296765,27.138
1780036817.7349858,27.138
1780036817.7403874,27.136
1780036817.745778,27.14
1780036817.7518847,27.14
1780036817.757802,27.14
1780036817.76318,27.139
1780036817.768516,27.139
1780036817.7741985,27.137
1780036817.780011,27.138
1780036817.7853165,27.139
1780036817.7907422,27.136
1780036817.7961795,27.137
1780036817.8022716,27.137
1780036817.8082201,27.136
1780036817.8135905,27.136
1780036817.8189483,27.135
1780036817.8244083,27.135
1780036817.8297575,27.135
1780036817.8351579,27.133
1780036817.8405266,27.136
1780036817.8459563,27.136
1780036817.8516428,27.136
1780036817.8575175,27.135
1780036817.8630269,27.135
1780036817.8686152,27.133
1780036817.8740168,27.133
1780036817.8793433,27.133
1780036817.8850343,27.133
1780036817.8903673,27.132
1780036817.8957148,27.132
1780036817.901144,27.131
1780036817.9065578,27.131
1780036817.9122689,27.13
1780036817.9180815,27.13
1780036817.9233913,27.13
1780036817.9287896,27.127
1780036817.9342039,27.131
1780036817.939601,27.13
1780036817.945201,27.129
1780036817.9511118,27.129
1780036817.9563491,27.128
1780036817.9617627,27.128
1780036817.9671946,27.128
1780036817.9725566,27.129
1780036817.9786391,27.127
1780036817.9847724,27.131
1780036817.9905505,27.13
1780036817.995987,27.13
1780036818.001377,27.13
1780036818.00676,27.13
1780036818.0121484,27.13
1780036818.0175664,27.131
1780036818.0228913,27.129
1780036818.0284295,27.129
1780036818.0339649,27.128
1780036818.0397584,27.127
1780036818.0451446,27.126
1780036818.0505536,27.126
1780036818.0560048,27.125
1780036818.06137,27.125
1780036818.0667953,27.126
1780036818.0721107,27.123
1780036818.0774996,27.125
1780036818.083156,27.125
1780036818.0890565,27.125
1780036818.0943577,27.125
1780036818.0997639,27.125
1780036818.1051962,27.124
1780036818.1106431,27.125
1780036818.1159666,27.126
1780036818.1213481,27.125
1780036818.126769,27.126
1780036818.132152,27.126
1780036818.1378486,27.125
1780036818.1436641,27.124
1780036818.1489007,27.124
1780036818.1541038,27.123
1780036818.159746,27.124
1780036818.1658406,27.121
1780036818.171767,27.125
1780036818.1771927,27.125
1780036818.182565,27.124
1780036818.18867,27.123
1780036818.1946259,27.123
1780036818.1999946,27.123
1780036818.205447,27.123
1780036818.2108076,27.124
1780036818.2164047,27.123
1780036818.2224174,27.126
1780036818.2284167,27.125
1780036818.234334,27.125
1780036818.2395406,27.125
1780036818.2449677,27.124
1780036818.2503421,27.124
1780036818.2557473,27.124
1780036818.2611594,27.123
1780036818.266651,27.125
1780036818.2719502,27.125
1780036818.277313,27.124
1780036818.2825606,27.124
1780036818.2881227,27.123
1780036818.293521,27.123
1780036818.2989063,27.123
1780036818.30415,27.124
1780036818.3097994,27.123
1780036818.3151667,27.122
1780036818.3205652,27.122
1780036818.3259542,27.121
1780036818.3313735,27.121
1780036818.336763,27.12
1780036818.3421195,27.12
1780036818.3475492,27.121
1780036818.3529258,27.12
1780036818.3581057,27.119
1780036818.3637137,27.119
1780036818.3692603,27.119
1780036818.374985,27.117
1780036818.3805358,27.115
1780036818.3862867,27.114
1780036818.391795,27.114
1780036818.3974092,27.114
1780036818.4027607,27.115
1780036818.4080863,27.116
1780036818.4135096,27.115
1780036818.4192555,27.114
1780036818.425144,27.113
1780036818.4303691,27.113
1780036818.4357548,27.112
1780036818.441181,27.113
1780036818.4465024,27.114
1780036818.4516885,27.112
1780036818.457345,27.114
1780036818.4627216,27.113
1780036818.4681482,27.113
1780036818.4736946,27.112
1780036818.4792335,27.112
1780036818.4850175,27.111
1780036818.4903772,27.112
1780036818.4957047,27.11
1780036818.5012875,27.112
1780036818.5068183,27.11
1780036818.5128388,27.11
1780036818.5187469,27.11
1780036818.5242894,27.109
1780036818.5298023,27.107
1780036818.535408,27.108
1780036818.5407994,27.108
1780036818.5461977,27.109
1780036818.5515573,27.109
1780036818.556963,27.108
1780036818.562764,27.107
1780036818.5686703,27.107
1780036818.5749476,27.106
1780036818.5804925,27.106
1780036818.5858033,27.107
1780036818.591232,27.107
1780036818.596559,27.108
1780036818.6022997,27.108
1780036818.6085246,27.107
1780036818.6142895,27.105
1780036818.6200407,27.103
1780036818.6255913,27.103
1780036818.631406,27.104
1780036818.6367707,27.107
1780036818.6422873,27.109
1780036818.6476123,27.109
1780036818.6530204,27.109
1780036818.6593199,27.108
1780036818.665221,27.108
1780036818.670986,27.107
1780036818.6763687,27.108
1780036818.681692,27.109
1780036818.6869256,27.108
1780036818.6925638,27.109
1780036818.6982706,27.108
1780036818.7040718,27.108
1780036818.7093353,27.108
1780036818.7147205,27.107
1780036818.7201626,27.107
1780036818.725606,27.108
1780036818.7309096,27.106
1780036818.7364414,27.108
1780036818.7421575,27.107
1780036818.7479002,27.105
1780036818.7538002,27.105
1780036818.7592242,27.104
1780036818.764565,27.104
1780036818.7700138,27.105
1780036818.7753577,27.105
1780036818.7807584,27.105
1780036818.786115,27.106
1780036818.7916982,27.105
1780036818.7974749,27.103
1780036818.803177,27.101
1780036818.8090782,27.101
1780036818.814364,27.101
1780036818.8197424,27.102
1780036818.825193,27.102
1780036818.8309333,27.104
1780036818.8368628,27.105
1780036818.8427925,27.104
1780036818.8487093,27.104
1780036818.8539588,27.103
1780036818.8593836,27.103
1780036818.864809,27.103
1780036818.8701513,27.103
1780036818.8758807,27.102
1780036818.8816323,27.103
1780036818.8869045,27.103
1780036818.8923898,27.102
1780036818.8979108,27.101
1780036818.9037807,27.1
1780036818.9092026,27.101
1780036818.9145343,27.101
1780036818.9199748,27.1
1780036818.9254305,27.101
1780036818.9312582,27.1
1780036818.9374917,27.1
1780036818.9434373,27.1
1780036818.948805,27.099
1780036818.9541569,27.099
1780036818.9596162,27.099
1780036818.9650228,27.098
1780036818.9703643,27.099
1780036818.975741,27.099
1780036818.9811637,27.099
1780036818.9865813,27.099
1780036818.992261,27.098
1780036818.9985495,27.097
1780036819.0040529,27.097
1780036819.009387,27.098
1780036819.0153792,27.098
1780036819.0212908,27.101
1780036819.0274925,27.105
1780036819.0334096,27.104
1780036819.0387998,27.104
1780036819.0441756,27.103
1780036819.0495741,27.104
1780036819.054941,27.104
1780036819.060377,27.102
1780036819.0656755,27.104
1780036819.0711641,27.103
1780036819.0767498,27.102
1780036819.0826237,27.102
1780036819.0880024,27.102
1780036819.0934281,27.101
1780036819.0988202,27.102
1780036819.1041512,27.102
1780036819.1095839,27.101
1780036819.114898,27.102
1780036819.1204183,27.102
1780036819.1259196,27.101
1780036819.1317484,27.101
1780036819.1371543,27.1
1780036819.1425753,27.1
1780036819.14802,27.101
1780036819.1533668,27.101
1780036819.158771,27.1
1780036819.1641345,27.101
1780036819.169561,27.101
1780036819.1749876,27.1
1780036819.1807055,27.1
1780036819.1869903,27.099
1780036819.1930807,27.099
1780036819.198421,27.1
1780036819.203767,27.101
1780036819.209235,27.103
1780036819.2146986,27.102
1780036819.2199652,27.102
1780036819.2253795,27.101
1780036819.2308154,27.101
1780036819.2361667,27.1
1780036819.2416143,27.101
1780036819.246937,27.102
1780036819.252134,27.1
1780036819.257781,27.102
1780036819.2634845,27.101
1780036819.2692592,27.1
1780036819.274522,27.1
1780036819.2800565,27.099
1780036819.2855747,27.098
1780036819.2914035,27.099
1780036819.2967849,27.097
1780036819.302336,27.099
1780036819.3077078,27.097
1780036819.3132808,27.095
1780036819.318993,27.095
1780036819.324521,27.094
1780036819.3298485,27.093
1780036819.3359747,27.094
1780036819.3417804,27.094
1780036819.3471766,27.093
1780036819.3526485,27.094
1780036819.3580241,27.094
1780036819.3636303,27.093
1780036819.3696704,27.093
1780036819.3756566,27.093
1780036819.3815713,27.093
1780036819.3868334,27.094
1780036819.3921342,27.094
1780036819.3973184,27.095
1780036819.4029424,27.095
1780036819.4090164,27.094
1780036819.4150887,27.094
1780036819.4204288,27.093
1780036819.425798,27.093
1780036819.431229,27.094
1780036819.43653,27.092
1780036819.4420013,27.093
1780036819.4476779,27.092
1780036819.4536402,27.093
1780036819.4596605,27.092
1780036819.465576,27.092
1780036819.4708889,27.092
1780036819.476395,27.092
1780036819.4821262,27.092
1780036819.487566,27.091
1780036819.4929245,27.093
1780036819.4984384,27.092
1780036819.5041263,27.09
1780036819.5099838,27.09
1780036819.5155005,27.09
1780036819.5210123,27.089
1780036819.52661,27.089
1780036819.5326035,27.09
1780036819.5385375,27.095
1780036819.544711,27.095
1780036819.5506318,27.095
1780036819.5560062,27.094
1780036819.5613928,27.094
1780036819.5668201,27.094
1780036819.5722644,27.094
1780036819.5775888,27.093
1780036819.5829957,27.093
1780036819.5884168,27.093
1780036819.5939205,27.092
1780036819.5998454,27.092
1780036819.6052337,27.092
1780036819.6105912,27.091
1780036819.616029,27.091
1780036819.6213694,27.092
1780036819.6267834,27.09
1780036819.6321006,27.092
1780036819.6374998,27.092
1780036819.643278,27.09
1780036819.6491327,27.09
1780036819.654375,27.089
1780036819.6597383,27.089
1780036819.6651676,27.089
1780036819.670585,27.09
1780036819.6766,27.089
1780036819.6821373,27.092
1780036819.6876936,27.091
1780036819.6934733,27.091
1780036819.6987748,27.09
1780036819.7041428,27.09
1780036819.709587,27.09
1780036819.7149673,27.09
1780036819.7204247,27.087
1780036819.7258494,27.09
1780036819.731182,27.089
1780036819.7365656,27.089
1780036819.7423558,27.089
1780036819.7486787,27.088
1780036819.7546299,27.088
1780036819.7600129,27.088
1780036819.765456,27.089
1780036819.7711093,27.088
1780036819.7774785,27.089
1780036819.783506,27.089
1780036819.7888312,27.089
1780036819.794183,27.088
1780036819.8003528,27.088
1780036819.806228,27.088
1780036819.811573,27.089
1780036819.8169768,27.088
1780036819.822434,27.09
1780036819.8280158,27.089
1780036819.833929,27.089
1780036819.8391745,27.089
1780036819.8445914,27.089
1780036819.8500242,27.088
1780036819.8554533,27.089
1780036819.860832,27.089
1780036819.8661535,27.088
1780036819.871569,27.089
1780036819.876968,27.089
1780036819.8826857,27.089
1780036819.8889716,27.088
1780036819.894499,27.087
1780036819.899922,27.087
1780036819.9057734,27.088
1780036819.9111936,27.088
1780036819.9167101,27.09
1780036819.9222867,27.09
1780036819.928705,27.089
1780036819.9346516,27.089
1780036819.940022,27.089
1780036819.9453895,27.088
1780036819.9508324,27.089
1780036819.956177,27.09
1780036819.9615872,27.089
1780036819.9669595,27.09
1780036819.9723878,27.089
1780036819.9777963,27.089
1780036819.9835207,27.088
1780036819.9892626,27.088
1780036819.994521,27.088
1780036819.999768,27.089
1780036820.0053291,27.086
1780036820.0106206,27.088
1780036820.016505,27.088
1780036820.0224044,27.088
1780036820.0279138,27.087
1780036820.0336194,27.085
1780036820.0390215,27.083
1780036820.0444455,27.084
1780036820.0497818,27.084
1780036820.0552359,27.087
1780036820.0605803,27.088
1780036820.0659947,27.088
1780036820.071384,27.087
1780036820.0768352,27.087
1780036820.0824282,27.086
1780036820.088384,27.086
1780036820.0936491,27.087
1780036820.0989683,27.086
1780036820.1044114,27.087
1780036820.11002,27.087
1780036820.1159632,27.087
1780036820.121464,27.087
1780036820.127247,27.084
1780036820.1328325,27.083
1780036820.1386933,27.083
1780036820.1439776,27.084
1780036820.1494732,27.086
1780036820.1548326,27.086
1780036820.1604433,27.085
1780036820.1663482,27.085
1780036820.1715782,27.085
1780036820.1769457,27.084
1780036820.182381,27.084
1780036820.1877701,27.085
1780036820.1939728,27.083
1780036820.1999016,27.087
1780036820.2051892,27.087
1780036820.2105856,27.087
1780036820.2166865,27.086
1780036820.2227166,27.086
1780036820.2280369,27.085
1780036820.233407,27.086
1780036820.2388287,27.087
1780036820.2442663,27.085
1780036820.2503726,27.088
1780036820.255878,27.088
1780036820.262251,27.087
1780036820.2682786,27.087
1780036820.273639,27.086
1780036820.2790017,27.086
1780036820.2844336,27.087
1780036820.2899833,27.087
1780036820.295878,27.091
1780036820.3011854,27.091
1780036820.3065977,27.091
1780036820.3127148,27.09
1780036820.3186533,27.09
1780036820.3240259,27.089
1780036820.329455,27.09
1780036820.334833,27.089
1780036820.3404975,27.089
1780036820.3465533,27.092
1780036820.3524368,27.092
1780036820.358348,27.092
1780036820.3635814,27.092
1780036820.3689802,27.091
1780036820.374439,27.092
1780036820.379769,27.093
1780036820.3858292,27.091
1780036820.3913355,27.092
1780036820.3972821,27.093
1780036820.4030087,27.092
1780036820.4087493,27.091
1780036820.4146507,27.091
1780036820.4200268,27.091
1780036820.4253726,27.092
1780036820.4313726,27.09
1780036820.4375114,27.093
1780036820.4436078,27.096
1780036820.4494028,27.096
1780036820.454823,27.096
1780036820.460225,27.095
1780036820.4656405,27.094
1780036820.4710555,27.095
1780036820.4764063,27.096
1780036820.4817739,27.094
1780036820.487199,27.095
1780036820.4926293,27.094
1780036820.4983256,27.094
1780036820.5045395,27.093
1780036820.5103185,27.091
1780036820.5158,27.091
1780036820.5213993,27.092
1780036820.5270183,27.093
1780036820.5324876,27.1
1780036820.5383406,27.104
1780036820.543588,27.104
1780036820.548962,27.103
1780036820.5543988,27.103
1780036820.559806,27.103
1780036820.5652368,27.103
1780036820.570554,27.104
1780036820.575948,27.103
1780036820.5813813,27.104
1780036820.5868406,27.104
1780036820.5924418,27.103
1780036820.5983667,27.103
1780036820.6035883,27.103
1780036820.6089928,27.102
1780036820.6144469,27.103
1780036820.6199808,27.101
1780036820.6258826,27.105
1780036820.6311963,27.105
1780036820.6365902,27.104
1780036820.6426916,27.104
1780036820.6486535,27.103
1780036820.654034,27.103
1780036820.659418,27.103
1780036820.6648366,27.104
1780036820.6702518,27.103
1780036820.676346,27.105
1780036820.681585,27.105
1780036820.6869316,27.105
1780036820.6924696,27.104
1780036820.6981692,27.103
1780036820.70409,27.103
1780036820.709787,27.104
1780036820.7152011,27.103
1780036820.7205527,27.106
1780036820.7259793,27.107
1780036820.7314053,27.107
1780036820.7370913,27.106
1780036820.7428954,27.105
1780036820.7481554,27.105
1780036820.753549,27.105
1780036820.7589858,27.106
1780036820.764453,27.104
1780036820.7698014,27.106
1780036820.7752078,27.105
1780036820.7805703,27.105
1780036820.7859957,27.104
1780036820.7914147,27.104
1780036820.7968395,27.104
1780036820.8022246,27.104
1780036820.8075893,27.105
1780036820.812947,27.103
1780036820.8183815,27.104
1780036820.8240554,27.103
1780036820.8299518,27.103
1780036820.8351886,27.102
1780036820.8406017,27.102
1780036820.8460429,27.102
1780036820.8513842,27.103
1780036820.857429,27.1
1780036820.8635087,27.104
1780036820.8695736,27.108
1780036820.8754315,27.107
1780036820.88106,27.106
1780036820.8865037,27.105
1780036820.892336,27.105
1780036820.8975928,27.107
1780036820.9029222,27.108
1780036820.9083838,27.109
1780036820.9139094,27.108
1780036820.919827,27.108
1780036820.9252362,27.107
1780036820.9306076,27.107
1780036820.9367273,27.105
1780036820.9426644,27.106
1780036820.948037,27.107
1780036820.953413,27.107
1780036820.9588957,27.108
1780036820.9644864,27.108
1780036820.970452,27.108
1780036820.9763849,27.107
1780036820.981886,27.107
1780036820.9874244,27.106
1780036820.9930296,27.107
1780036820.9984767,27.105
1780036821.0039337,27.108
1780036821.0099764,27.112
1780036821.015527,27.112
1780036821.0212514,27.11
1780036821.0268307,27.108
1780036821.032708,27.108
1780036821.0379932,27.108
1780036821.0433588,27.109
1780036821.0487604,27.109
1780036821.0541437,27.111
1780036821.0598748,27.11
1780036821.0656998,27.109
1780036821.0709717,27.109
1780036821.0763578,27.108
1780036821.0817392,27.108
1780036821.0869849,27.109
1780036821.092548,27.107
1780036821.0977044,27.108
1780036821.1033387,27.108
1780036821.1088827,27.108
1780036821.114624,27.107
1780036821.1204395,27.106
1780036821.1262224,27.105
1780036821.1315992,27.106
1780036821.1369853,27.107
1780036821.1424015,27.107
1780036821.1478267,27.107
1780036821.153526,27.107
1780036821.1590474,27.106
1780036821.1649063,27.105
1780036821.1708314,27.105
1780036821.1766047,27.105
1780036821.1820157,27.106
1780036821.1873603,27.104
1780036821.192643,27.105
1780036821.1985016,27.105
1780036821.204411,27.105
1780036821.2099059,27.104
1780036821.2156892,27.102
1780036821.221247,27.1
1780036821.2270935,27.101
1780036821.2323997,27.102
1780036821.237864,27.104
1780036821.2435791,27.104
1780036821.2499254,27.103
1780036821.2558336,27.103
1780036821.261242,27.102
1780036821.2666113,27.102
1780036821.272043,27.102
1780036821.2774072,27.102
1780036821.2828088,27.101
1780036821.2883406,27.103
1780036821.293706,27.102
1780036821.2992718,27.101
1780036821.3051322,27.1
1780036821.3103976,27.1
1780036821.3157961,27.1
1780036821.3212483,27.1
1780036821.326588,27.101
1780036821.3320127,27.09
1780036821.3375943,27.098
1780036821.342795,27.109
1780036821.348226,27.118
1780036821.3537471,27.129
1780036821.3594162,27.14
1780036821.3649695,27.148
1780036821.370364,27.16
1780036821.375751,27.168
1780036821.3812919,27.178
1780036821.3869793,27.188
1780036821.3926952,27.195
1780036821.398247,27.206
1780036821.4038503,27.216
1780036821.4094229,27.224
1780036821.4149137,27.233
1780036821.4207335,27.243
1780036821.4262033,27.252
1780036821.4316785,28.007
1780036821.4369924,28.018
1780036821.4424155,28.045
1780036821.4477386,28.05
1780036821.4530597,28.05
1780036821.4589696,28.051
1780036821.4649243,28.05
1780036821.4708884,28.049
1780036821.4767878,28.048
1780036821.4822814,28.047
1780036821.4877584,28.046
1780036821.493473,28.046
1780036821.4995408,28.043
1780036821.5056133,28.046
1780036821.5113862,28.045
1780036821.5167904,28.044
1780036821.5221987,28.043
1780036821.528331,28.04
1780036821.5342963,28.04
1780036821.5396373,28.04
1780036821.5449986,28.039
1780036821.550536,28.04
1780036821.555915,28.038
1780036821.561825,28.038
1780036821.5672445,28.036
1780036821.5726023,28.035
1780036821.5780554,28.034
1780036821.583406,28.033
1780036821.588817,28.03
1780036821.5942686,28.031
1780036821.599658,28.03
1780036821.6050117,28.029
1780036821.6111689,28.027
1780036821.617055,28.026
1780036821.6224027,28.025
1780036821.627802,28.024
1780036821.6332533,28.024
1780036821.6386073,28.022
1780036821.644021,28.024
1780036821.6493492,28.023
1780036821.6548421,28.021
1780036821.6609287,28.02
1780036821.6664884,28.018
1780036821.6724067,28.018
1780036821.6776712,28.018
1780036821.682962,28.017
1780036821.6882007,28.017
1780036821.6938198,28.017
1780036821.6998546,28.016
1780036821.7055967,28.014
1780036821.7112663,28.011
1780036821.7168295,28.009
1780036821.7221813,28.008
1780036821.7275016,28.008
1780036821.7328496,28.013
1780036821.7382412,28.014
1780036821.7436588,28.013
1780036821.7492547,28.012
1780036821.7551477,28.011
1780036821.760409,28.01
1780036821.7658014,28.009
1780036821.7712586,28.009
1780036821.7765934,28.007
1780036821.7820387,28.007
1780036821.787388,28.007
1780036821.7927928,28.006
1780036821.7981997,28.005
1780036821.8039088,28.004
1780036821.8097265,28.003
1780036821.8149788,28.002
1780036821.8203676,28.003
1780036821.8257856,28.0
1780036821.8315136,28.002
1780036821.8373494,28.001
1780036821.8428524,28.0
1780036821.8487468,27.254
1780036821.8540058,27.253
1780036821.859393,27.253
1780036821.8648584,27.252
1780036821.870177,27.252
1780036821.875635,27.25
1780036821.8809636,27.251
1780036821.886374,27.25
1780036821.891813,27.249
1780036821.897312,27.248
1780036821.90289,27.246
1780036821.9086037,27.246
1780036821.9140193,27.246
1780036821.9193475,27.244
1780036821.924594,27.244
1780036821.930239,27.243
1780036821.9359486,27.242
1780036821.9422047,27.241
1780036821.9478905,27.239
1780036821.9533036,27.238
1780036821.959041,27.238
1780036821.9644244,27.237
1780036821.9697287,27.239
1780036821.9749734,27.238
1780036821.9808729,27.237
1780036821.9867768,27.237
1780036821.992008,27.235
1780036821.9974213,27.235
1780036822.0028632,27.234
1780036822.0082304,27.234
1780036822.0136561,27.232
1780036822.0189757,27.234
1780036822.0242343,27.233
1780036822.0298235,27.232
1780036822.0355918,27.231
1780036822.0419087,27.229
1780036822.047891,27.229
1780036822.0532534,27.229
1780036822.0585892,27.228
1780036822.0640287,27.229
1780036822.0694556,27.229
1780036822.0748274,27.228
1780036822.080178,27.227
1780036822.0856302,27.226
1780036822.0913088,27.225
1780036822.097176,27.225
1780036822.1024518,27.226
1780036822.1078377,27.225
1780036822.1132581,27.226
1780036822.1186075,27.225
1780036822.1246598,27.224
1780036822.130315,27.222
1780036822.1359642,27.22
1780036822.1415367,27.218
1780036822.1473906,27.219
1780036822.1527915,27.218
1780036822.1583555,27.22
1780036822.163665,27.22
1780036822.1690655,27.219
1780036822.175341,27.218
1780036822.1812356,27.217
1780036822.1864967,27.216
1780036822.1919014,27.216
1780036822.197267,27.216
1780036822.2026484,27.215
1780036822.2080636,27.214
1780036822.2134259,27.214
1780036822.2188232,27.212
1780036822.2241945,27.212
1780036822.2296684,27.211
1780036822.2349796,27.211
1780036822.2404165,27.211
1780036822.2457533,27.209
1780036822.2509804,27.21
1780036822.2566664,27.209
1780036822.2620687,27.208
1780036822.2676623,27.207
1780036822.2735584,27.207
1780036822.2788103,27.206
1780036822.2841954,27.206
1780036822.2896664,27.206
1780036822.2950096,27.204
1780036822.3004708,27.205
1780036822.3057792,27.205
1780036822.3111792,27.204
1780036822.3166044,27.204
1780036822.3223166,27.202
1780036822.3281374,27.201
1780036822.333465,27.202
1780036822.3388562,27.199
1780036822.3443027,27.203
1780036822.3496695,27.202
1780036822.355027,27.201
1780036822.3604379,27.201
1780036822.3657866,27.2
1780036822.3712296,27.199
1780036822.3766313,27.199
1780036822.382063,27.199
1780036822.38743,27.197
1780036822.3928251,27.199
1780036822.3982356,27.198
1780036822.4036636,27.198
1780036822.4092727,27.197
1780036822.4151733,27.196
1780036822.4204164,27.195
1780036822.4258747,27.195
1780036822.4312692,27.195
1780036822.4366658,27.194
1780036822.442072,27.193
1780036822.4473836,27.193
1780036822.4527864,27.192
1780036822.4582407,27.191
1780036822.4639308,27.19
1780036822.4697442,27.19
1780036822.4750535,27.19
1780036822.4804573,27.189
1780036822.4859571,27.191
1780036822.4912722,27.19
1780036822.4966223,27.189
1780036822.5020351,27.189
1780036822.5074046,27.188
1780036822.512828,27.187
1780036822.5182273,27.187
1780036822.523672,27.187
1780036822.5290256,27.186
1780036822.534435,27.187
1780036822.5397806,27.186
1780036822.5452254,27.186
1780036822.5508823,27.185
1780036822.5568054,27.184
1780036822.5620604,27.184
1780036822.5673816,27.184
1780036822.572813,27.181
1780036822.5783067,27.185
1780036822.583673,27.184
1780036822.5890179,27.184
1780036822.5944247,27.183
1780036822.5998178,27.182
1780036822.605524,27.181
1780036822.611355,27.181
1780036822.6166198,27.182
1780036822.6220741,27.182
1780036822.627433,27.183
1780036822.6331456,27.182
1780036822.6394227,27.181
1780036822.645098,27.18
1780036822.6506977,27.178
1780036822.6561866,27.178
1780036822.6617033,27.178
1780036822.6669939,27.177
1780036822.6724393,27.18
1780036822.677814,27.181
1780036822.6838872,27.18
1780036822.6895788,27.178
1780036822.6952424,27.176
1780036822.7007587,27.173
1780036822.706679,27.174
1780036822.7120519,27.175
1780036822.7175064,27.176
1780036822.7231247,27.175
1780036822.7294216,27.174
1780036822.735095,27.173
1780036822.7405207,27.171
1780036822.7463655,27.171
1780036822.7516193,27.171
1780036822.7569606,27.172
1780036822.7622619,27.17
1780036822.7682679,27.173
1780036822.773798,27.172
1780036822.7798629,27.17
1780036822.7855678,27.169
1780036822.7911851,27.167
1780036822.7967036,27.165
1780036822.802619,27.166
1780036822.8080387,27.166
1780036822.813413,27.17
1780036822.8191264,27.171
1780036822.8249104,27.17
1780036822.830209,27.169
1780036822.8356104,27.169
1780036822.84101,27.168
1780036822.8464758,27.168
1780036822.8518162,27.168
1780036822.8572326,27.167
1780036822.862747,27.169
1780036822.868076,27.168
1780036822.87345,27.168
1780036822.8791625,27.167
1780036822.8854203,27.166
1780036822.8909147,27.165
1780036822.896378,27.165
1780036822.9016657,27.163
1780036822.9071257,27.165
1780036822.9124773,27.164
1780036822.9180722,27.163
1780036822.923984,27.163
1780036822.9292207,27.162
1780036822.9345777,27.161
1780036822.9398293,27.161
1780036822.945433,27.161
1780036822.951503,27.159
1780036822.957623,27.162
1780036822.9635248,27.161
1780036822.9695048,27.16
1780036822.9748685,27.159
1780036822.9802353,27.159
1780036822.9856825,27.158
1780036822.9910226,27.158
1780036822.9964404,27.156
1780036823.0018907,27.157
1780036823.0072818,27.156
1780036823.0126367,27.156
1780036823.018698,27.155
1780036823.0241878,27.154
1780036823.0299423,27.153
1780036823.0354524,27.153
1780036823.0409203,27.153
1780036823.0464423,27.153
1780036823.05234,27.157
1780036823.0576234,27.157
1780036823.06303,27.157
1780036823.0684838,27.156
1780036823.074094,27.155
1780036823.0799813,27.155
1780036823.0852163,27.156
1780036823.0906239,27.156
1780036823.0960338,27.155
1780036823.10153,27.155
1780036823.1069443,27.154
1780036823.112658,27.153
1780036823.11819,27.152
1780036823.1243353,27.151
1780036823.1296172,27.151
1780036823.1349566,27.151
1780036823.1401145,27.152
1780036823.1458929,27.154
1780036823.1512105,27.153
1780036823.156569,27.153
1780036823.1617393,27.152
1780036823.1674259,27.152
1780036823.1728404,27.151
1780036823.1782436,27.151
1780036823.183585,27.151
1780036823.1889784,27.15
1780036823.1941745,27.15
1780036823.1997597,27.149
1780036823.2049346,27.148
1780036823.210582,27.148
1780036823.216065,27.147
1780036823.2215388,27.146
1780036823.2275784,27.147
1780036823.2330847,27.143
1780036823.2386696,27.144
1780036823.2445097,27.146
1780036823.2504184,27.146
1780036823.2559197,27.145
1780036823.2616727,27.143
1780036823.267068,27.141
1780036823.2724972,27.141
1780036823.277831,27.142
1780036823.2835133,27.143
1780036823.2893643,27.145
1780036823.294589,27.145
1780036823.300134,27.144
1780036823.3059592,27.142
1780036823.3116877,27.14
1780036823.3176646,27.14
1780036823.3234417,27.14
1780036823.3288426,27.142
1780036823.3343267,27.144
1780036823.3396857,27.143
1780036823.3452995,27.143
1780036823.3512182,27.142
1780036823.3567245,27.141
1780036823.3622408,27.14
1780036823.367873,27.14
1780036823.373224,27.139
1780036823.3786278,27.141
1780036823.3840473,27.141
1780036823.389465,27.14
1780036823.3951557,27.14
1780036823.4009984,27.139
1780036823.4065015,27.138
1780036823.412205,27.139
1780036823.4176226,27.139
1780036823.4229498,27.138
1780036823.4285457,27.138
1780036823.4342628,27.136
1780036823.4398613,27.135
1780036823.4455984,27.134
1780036823.4518175,27.134
1780036823.4573798,27.133
1780036823.462827,27.133
1780036823.4685779,27.133
1780036823.4740944,27.137
1780036823.47964,27.136
1780036823.4854622,27.136
1780036823.4908226,27.135
1780036823.4962876,27.135
1780036823.5016901,27.134
1780036823.5070388,27.134
1780036823.5124865,27.135
1780036823.517799,27.133
1780036823.5232346,27.133
1780036823.5286715,27.132
1780036823.5344114,27.132
1780036823.540718,27.131
1780036823.5463655,27.13
1780036823.55177,27.128
1780036823.5574834,27.129
1780036823.5628438,27.127
1780036823.5681818,27.131
1780036823.5736356,27.131
1780036823.5790515,27.131
1780036823.584734,27.131
1780036823.5910347,27.13
1780036823.596719,27.129
1780036823.6021116,27.129
1780036823.6078002,27.13
1780036823.6132128,27.13
1780036823.6185977,27.131
1780036823.6240213,27.131
1780036823.6294477,27.131
1780036823.6355796,27.13
1780036823.6414933,27.129
1780036823.646868,27.129
1780036823.6522293,27.13
1780036823.6576438,27.127
1780036823.6633048,27.131
1780036823.669281,27.132
1780036823.6752868,27.131
1780036823.6812022,27.131
1780036823.6864586,27.13
1780036823.6918335,27.13
1780036823.6972861,27.13
1780036823.702624,27.131
1780036823.7086983,27.129
1780036823.7148483,27.132
1780036823.720609,27.131
1780036823.7260451,27.131
1780036823.7314484,27.13
1780036823.7375553,27.129
1780036823.7434788,27.13
1780036823.7488794,27.13
1780036823.7542515,27.129
1780036823.759682,27.128
1780036823.7652829,27.127
1780036823.7711637,27.127
1780036823.7764359,27.126
1780036823.781825,27.126
1780036823.7872894,27.125
1780036823.7926419,27.126
1780036823.7980494,27.124
1780036823.8034594,27.125
1780036823.808873,27.125
1780036823.8142593,27.124
1780036823.8199317,27.124
1780036823.8257625,27.123
1780036823.8312309,27.123
1780036823.8365395,27.122
1780036823.841854,27.123
1780036823.84799,27.121
1780036823.8540258,27.124
1780036823.8595138,27.124
1780036823.8653064,27.123
1780036823.8709636,27.121
1780036823.8768003,27.121
1780036823.8820372,27.121
1780036823.8873844,27.121
1780036823.8925846,27.12
1780036823.8984973,27.123
1780036823.904565,27.126
1780036823.9104877,27.125
1780036823.9164007,27.125
1780036823.9216385,27.124
1780036823.9269967,27.124
1780036823.9322286,27.124
1780036823.9378402,27.125
1780036823.9432533,27.123
1780036823.9486084,27.124
1780036823.9539993,27.124
1780036823.9594312,27.124
1780036823.9651666,27.123
1780036823.9715161,27.122
1780036823.9774995,27.122
1780036823.9828804,27.123
1780036823.9882038,27.121
1780036823.9939535,27.123
1780036824.0003371,27.123
1780036824.0063767,27.122
1780036824.0119417,27.122
1780036824.0176933,27.12
1780036824.023114,27.118
1780036824.0290315,27.119
1780036824.034422,27.117
1780036824.0398164,27.121
1780036824.0455155,27.122
1780036824.0513904,27.121
1780036824.0568871,27.121
1780036824.0628066,27.12
1780036824.0680404,27.12
1780036824.0734403,27.12
1780036824.0788913,27.12
1780036824.0842154,27.119
1780036824.0899394,27.12
1780036824.095723,27.12
1780036824.1009905,27.119
1780036824.1065335,27.119
1780036824.1122556,27.118
1780036824.117757,27.117
1780036824.1233478,27.117
1780036824.128608,27.117
1780036824.1340098,27.116
1780036824.1394417,27.116
1780036824.1448665,27.116
1780036824.1502135,27.116
1780036824.1559432,27.115
1780036824.1622627,27.114
1780036824.167768,27.114
1780036824.1730776,27.115
1780036824.1785223,27.115
1780036824.1841745,27.117
1780036824.1902285,27.12
1780036824.196096,27.12
1780036824.2020082,27.119
1780036824.2072413,27.119
1780036824.2126906,27.118
1780036824.2180982,27.119
1780036824.223415,27.118
1780036824.2295103,27.119
1780036824.2356255,27.12
1780036824.241113,27.119
1780036824.2468798,27.116
1780036824.2524571,27.115
1780036824.2583625,27.114
1780036824.263647,27.114
1780036824.269015,27.115
1780036824.2744586,27.116
1780036824.2800713,27.118
1780036824.285972,27.118
1780036824.2912357,27.117
1780036824.2966356,27.117
1780036824.3020992,27.116
1780036824.3074834,27.116
1780036824.3128972,27.117
1780036824.3182037,27.113
1780036824.3233953,27.115
1780036824.3290324,27.114
1780036824.3345,27.114
1780036824.3400877,27.113
1780036824.3459916,27.113
1780036824.3512442,27.112
1780036824.356633,27.113
1780036824.3620985,27.113
1780036824.367458,27.112
1780036824.3735092,27.112
1780036824.3795457,27.112
1780036824.3849008,27.111
1780036824.3902528,27.111
1780036824.3963585,27.11
1780036824.4023829,27.11
1780036824.407698,27.11
1780036824.4130323,27.109
1780036824.418475,27.112
1780036824.4241135,27.111
1780036824.430029,27.111
1780036824.4355276,27.11
1780036824.4411807,27.108
1780036824.4466205,27.107
1780036824.4521434,27.107
1780036824.457463,27.108
1780036824.4634986,27.109
1780036824.4695268,27.113
1780036824.4755929,27.118
1780036824.4814942,27.118
1780036824.4868846,27.118
1780036824.4922802,27.117
1780036824.4977012,27.118
1780036824.5030246,27.119
1780036824.5084615,27.119
1780036824.513806,27.12
1780036824.5190973,27.119
1780036824.524969,27.119
1780036824.530863,27.118
1780036824.5363653,27.118
1780036824.5418534,27.116
1780036824.5474856,27.117
1780036824.552861,27.116
1780036824.5582078,27.12
1780036824.5636508,27.121
1780036824.5690637,27.121
1780036824.574807,27.12
1780036824.5811496,27.119
1780036824.5870996,27.119
1780036824.592482,27.119
1780036824.5978336,27.12
1780036824.6033075,27.119
1780036824.608899,27.121
1780036824.6148036,27.12
1780036824.6200504,27.12
1780036824.6254458,27.119
1780036824.6308985,27.119
1780036824.636253,27.119
1780036824.6417036,27.119
1780036824.6470046,27.117
1780036824.652493,27.119
1780036824.6580262,27.119
1780036824.6638694,27.118
1780036824.6692555,27.118
1780036824.6746588,27.117
1780036824.680749,27.116
1780036824.6867125,27.116
1780036824.692093,27.117
1780036824.6974223,27.117
1780036824.7028565,27.118
1780036824.708497,27.118
1780036824.7144341,27.117
1780036824.7196538,27.116
1780036824.724999,27.116
1780036824.7301998,27.116
1780036824.735821,27.116
1780036824.7412157,27.114
1780036824.7467144,27.116
1780036824.752033,27.116
1780036824.7574894,27.116
1780036824.762869,27.115
1780036824.7682009,27.115
1780036824.7736115,27.114
1780036824.7790196,27.114
1780036824.7844558,27.115
1780036824.7898138,27.113
1780036824.7949953,27.113
1780036824.8006072,27.112
1780036824.805874,27.112
1780036824.8116045,27.111
1780036824.8171446,27.111
1780036824.8226469,27.109
1780036824.828273,27.109
1780036824.8336518,27.11
1780036824.8391066,27.11
1780036824.844508,27.11
1780036824.8500943,27.109
1780036824.8560126,27.109
1780036824.861251,27.108
1780036824.8666444,27.108
1780036824.872069,27.107
1780036824.877451,27.108
1780036824.8834925,27.105
1780036824.8895133,27.107
1780036824.8955288,27.111
1780036824.9015071,27.114
1780036824.907494,27.114
1780036824.91289,27.114
1780036824.9182625,27.114
1780036824.9237075,27.114
1780036824.9290419,27.115
1780036824.9344459,27.115
1780036824.9398496,27.116
1780036824.9453125,27.116
1780036824.95092,27.116
1780036824.9568305,27.115
1780036824.96234,27.115
1780036824.9678235,27.114
1780036824.9734886,27.115
1780036824.9788663,27.114
1780036824.984359,27.116
1780036824.9896915,27.116
1780036824.995069,27.116
1780036825.0007596,27.115
1780036825.007073,27.114
1780036825.0125856,27.113
1780036825.0180306,27.114
1780036825.0233479,27.114
1780036825.0287695,27.115
1780036825.0341089,27.114
1780036825.0394773,27.114
1780036825.044863,27.114
1780036825.0502162,27.114
1780036825.055385,27.113
1780036825.061036,27.113
1780036825.0665092,27.114
1780036825.0718226,27.112
1780036825.0772288,27.113
1780036825.0826142,27.113
1780036825.0879118,27.112
1780036825.0938168,27.111
1780036825.0997796,27.111
1780036825.1056464,27.11
1780036825.1115558,27.111
1780036825.1168609,27.112
1780036825.1222408,27.112
1780036825.1276474,27.111
1780036825.1333055,27.11
1780036825.139221,27.11
1780036825.1444578,27.11
1780036825.1498692,27.109
1780036825.1553378,27.109
1780036825.1606462,27.11
1780036825.1667478,27.107
1780036825.1726556,27.111
1780036825.1780941,27.111
1780036825.1834657,27.111
1780036825.1895463,27.11
1780036825.1955736,27.11
1780036825.2009137,27.109
1780036825.20635,27.11
1780036825.2116723,27.111
1780036825.2173564,27.11
1780036825.2234168,27.113
1780036825.2293155,27.112
1780036825.235234,27.112
1780036825.2407527,27.112
1780036825.2465107,27.109
1780036825.251956,27.11
1780036825.2578118,27.11
1780036825.263129,27.111
1780036825.2687163,27.112
1780036825.2746534,27.112
1780036825.2803278,27.111
1780036825.2859142,27.11
1780036825.291491,27.109
1780036825.2969587,27.108
1780036825.3024213,27.109
1780036825.3077154,27.11
1780036825.3133,27.113
1780036825.3193283,27.116
1780036825.325065,27.116
1780036825.330445,27.116
1780036825.335812,27.115
1780036825.341361,27.115
1780036825.346844,27.115
1780036825.352643,27.115
1780036825.3580785,27.115
1780036825.3634517,27.116
1780036825.3689132,27.115
1780036825.3745053,27.115
1780036825.3804255,27.115
1780036825.3856604,27.114
1780036825.391046,27.114
1780036825.396514,27.114
1780036825.4018526,27.113
1780036825.4072592,27.114
1780036825.412614,27.114
1780036825.4180894,27.113
1780036825.4238403,27.112
1780036825.4297307,27.112
1780036825.435718,27.111
1780036825.441599,27.112
1780036825.446861,27.112
1780036825.4522963,27.112
1780036825.457717,27.112
1780036825.4633265,27.111
1780036825.4692438,27.111
1780036825.4747434,27.11
1780036825.480442,27.108
1780036825.4859643,27.108
1780036825.4918497,27.108
1780036825.497275,27.108
1780036825.503055,27.11
1780036825.5090268,27.111
1780036825.5149097,27.111
1780036825.5208113,27.111
1780036825.5260634,27.11
1780036825.531458,27.109
1780036825.5369163,27.11
1780036825.5422378,27.111
1780036825.5480077,27.11
1780036825.554374,27.111
1780036825.560361,27.111
1780036825.5657096,27.11
1780036825.571091,27.11
1780036825.5771663,27.109
1780036825.5831158,27.109
1780036825.5884972,27.11
1780036825.5938623,27.11
1780036825.5995586,27.111
1780036825.6059,27.11
1780036825.611666,27.109
1780036825.6179352,27.108
1780036825.6236062,27.107
1780036825.6290221,27.107
1780036825.6347108,27.108
1780036825.6400805,27.109
1780036825.645443,27.11
1780036825.650863,27.11
1780036825.6566172,27.11
1780036825.6625278,27.109
1780036825.668541,27.109
1780036825.6744647,27.108
1780036825.6797287,27.109
1780036825.6850543,27.108
1780036825.690496,27.11
1780036825.696128,27.11
1780036825.702053,27.11
1780036825.707267,27.109
1780036825.7126825,27.109
1780036825.7181168,27.108
1780036825.7234793,27.108
1780036825.7289217,27.109
1780036825.7342412,27.106
1780036825.7396429,27.108
1780036825.7450812,27.108
1780036825.7507863,27.107
1780036825.7570882,27.107
1780036825.762766,27.105
1780036825.7681808,27.105
1780036825.7738926,27.105
1780036825.779291,27.105
1780036825.7845905,27.109
1780036825.7900677,27.108
1780036825.7956305,27.106
1780036825.8015523,27.106
1780036825.8068752,27.105
1780036825.8122478,27.105
1780036825.817716,27.105
1780036825.8230653,27.105
1780036825.8284757,27.104
1780036825.8339918,27.105
1780036825.8393419,27.105
1780036825.84467,27.105
1780036825.8501256,27.104
1780036825.8557012,27.104
1780036825.8616157,27.104
1780036825.8668687,27.104
1780036825.8722448,27.105
1780036825.8777168,27.104
1780036825.883081,27.105
1780036825.8885238,27.105
1780036825.8938663,27.104
1780036825.8992577,27.104
1780036825.9046566,27.104
1780036825.9101217,27.103
1780036825.9155276,27.104
1780036825.9208856,27.103
1780036825.9262726,27.103
1780036825.9317,27.102
1780036825.9371068,27.102
1780036825.9425254,27.101
1780036825.9481237,27.101
1780036825.9540372,27.101
1780036825.9592674,27.101
1780036825.9646637,27.101
1780036825.9701085,27.099
1780036825.9758618,27.101
1780036825.9817958,27.101
1780036825.9877129,27.101
1780036825.9936173,27.101
1780036825.998867,27.1
1780036826.00428,27.1
1780036826.009725,27.101
1780036826.0150492,27.101
1780036826.0205064,27.1
1780036826.025832,27.102
1780036826.031241,27.101
1780036826.0366607,27.101
1780036826.0423942,27.1
1780036826.0481775,27.1
1780036826.053433,27.099
1780036826.0588298,27.1
1780036826.064235,27.097
1780036826.0695307,27.099
1780036826.0752873,27.098
1780036826.081169,27.098
1780036826.086483,27.098
1780036826.0918777,27.097
1780036826.0979779,27.096
1780036826.1039364,27.097
1780036826.1093307,27.098
1780036826.1146255,27.098
1780036826.119825,27.097
1780036826.1254153,27.097
1780036826.130587,27.097
1780036826.1366026,27.096
1780036826.1424997,27.096
1780036826.1477134,27.095
1780036826.1529849,27.096
1780036826.1581495,27.093
1780036826.163836,27.097
1780036826.1690097,27.097
1780036826.1746104,27.097
1780036826.1801164,27.096
1780036826.1858783,27.095
1780036826.1916895,27.094
1780036826.1977093,27.094
1780036826.2034674,27.095
1780036826.2088783,27.096
1780036826.2142828,27.098
1780036826.2197306,27.098
1780036826.2253397,27.098
1780036826.231301,27.097
1780036826.2365296,27.097
1780036826.2418332,27.097
1780036826.2472699,27.097
1780036826.252877,27.095
1780036826.2588713,27.099
1780036826.2646477,27.099
1780036826.269828,27.099
1780036826.2754452,27.099
1780036826.2808754,27.099
1780036826.2862885,27.099
1780036826.2916749,27.099
1780036826.2969856,27.1
1780036826.3021522,27.099
1780036826.307818,27.1
1780036826.3129926,27.1
1780036826.3185995,27.1
1780036826.323842,27.1
1780036826.3294578,27.1
1780036826.3348548,27.1
1780036826.34028,27.1
1780036826.3456163,27.101
1780036826.3510551,27.1
1780036826.3564236,27.099
1780036826.36182,27.099
1780036826.3669956,27.099
1780036826.3726654,27.099
1780036826.378404,27.098
1780036826.3841422,27.098
1780036826.389559,27.099
1780036826.3949168,27.098
1780036826.400395,27.1
1780036826.4056625,27.1
1780036826.4110286,27.099
1780036826.4164991,27.099
1780036826.4226043,27.099
1780036826.428025,27.098
1780036826.4339652,27.098
1780036826.4392931,27.099
1780036826.4446623,27.099
1780036826.4500434,27.1
1780036826.4554272,27.1
1780036826.4609272,27.099
1780036826.4670255,27.099
1780036826.472351,27.099
1780036826.4777308,27.098
1780036826.4830809,27.099
1780036826.4886,27.096
1780036826.4941986,27.099
1780036826.5002398,27.102
1780036826.5061378,27.101
1780036826.512037,27.101
1780036826.517288,27.101
1780036826.5226462,27.1
1780036826.5280752,27.101
1780036826.533495,27.101
1780036826.5395305,27.1
1780036826.5451813,27.104
1780036826.5505912,27.11
1780036826.5564682,27.113
1780036826.561987,27.112
1780036826.5678344,27.111
1780036826.573272,27.111
1780036826.579061,27.112
1780036826.5842242,27.114
1780036826.5899541,27.116
1780036826.5952737,27.116
1780036826.6006122,27.116
1780036826.6060877,27.116
1780036826.6122005,27.115
1780036826.6175926,27.114
1780036826.6236622,27.115
1780036826.629453,27.115
1780036826.6348717,27.114
1780036826.6402724,27.115
1780036826.645734,27.114
1780036826.651337,27.113
1780036826.6572318,27.113
1780036826.6624775,27.113
1780036826.6678827,27.112
1780036826.673358,27.113
1780036826.6788723,27.112
1780036826.6847527,27.116
1780036826.6900926,27.115
1780036826.6955917,27.115
1780036826.701175,27.114
1780036826.707667,27.114
1780036826.7135477,27.114
1780036826.7188907,27.114
1780036826.724222,27.114
1780036826.7294476,27.114
1780036826.7353435,27.114
1780036826.741263,27.114
1780036826.7467632,27.114
1780036826.752268,27.112
1780036826.7581942,27.111
1780036826.7640831,27.112
1780036826.7693532,27.112
1780036826.774656,27.114
1780036826.780087,27.114
1780036826.7855248,27.113
1780036826.7912621,27.113
1780036826.797478,27.112
1780036826.803153,27.111
1780036826.8085806,27.11
1780036826.8142912,27.11
1780036826.819695,27.11
1780036826.8250458,27.114
1780036826.8304808,27.114
1780036826.8361719,27.114
1780036826.8420768,27.114
1780036826.8476043,27.113
1780036826.853344,27.111
1780036826.8587093,27.111
1780036826.864135,27.111
1780036826.8694575,27.112
1780036826.8748903,27.113
1780036826.880411,27.112
1780036826.8856823,27.112
1780036826.8911867,27.111
1780036826.8965392,27.111
1780036826.9018908,27.11
1780036826.9073567,27.111
1780036826.9126446,27.112
1780036826.918126,27.11
1780036826.923747,27.11
1780036826.9295452,27.11
1780036826.9349024,27.109
1780036826.9402587,27.109
1780036826.94569,27.108
1780036826.951066,27.108
1780036826.9565046,27.109
1780036826.9620764,27.107
1780036826.9679227,27.111
1780036826.973338,27.111
1780036826.9787035,27.111
1780036826.9843946,27.11
1780036826.9906878,27.109
1780036826.9961765,27.108
1780036827.0017314,27.109
1780036827.0074358,27.11
1780036827.0127132,27.111
1780036827.0185013,27.114
1780036827.0238178,27.113
1780036827.0296128,27.111
1780036827.0353568,27.109
1780036827.041257,27.109
1780036827.046482,27.109
1780036827.0518863,27.109
1780036827.0573428,27.108
1780036827.0630643,27.11
1780036827.0690238,27.111
1780036827.074925,27.11
1780036827.0808322,27.11
1780036827.0860875,27.11
1780036827.0914843,27.109
1780036827.0969357,27.11
1780036827.10229,27.11
1780036827.1080215,27.108
1780036827.1144059,27.109
1780036827.120333,27.109
1780036827.1257305,27.109
1780036827.1310887,27.108
1780036827.1372495,27.107
1780036827.1431565,27.107
1780036827.148554,27.108
1780036827.1539042,27.107
1780036827.1593533,27.107
1780036827.1649384,27.106
1780036827.1708443,27.105
1780036827.1760871,27.105
1780036827.1814418,27.104
1780036827.1866965,27.104
1780036827.192279,27.105
1780036827.197736,27.103
1780036827.2031221,27.103
1780036827.2084885,27.103
1780036827.2138867,27.103
1780036827.2196226,27.102
1780036827.225415,27.102
1780036827.2306457,27.101
1780036827.23589,27.101
1780036827.2414932,27.102
1780036827.2476554,27.1
1780036827.2536952,27.103
1780036827.2596662,27.102
1780036827.2655776,27.102
1780036827.2709033,27.102
1780036827.2763333,27.101
1780036827.2817442,27.101
1780036827.287088,27.102
1780036827.2925,27.1
1780036827.2978945,27.101
1780036827.3033323,27.101
1780036827.3087165,27.1
1780036827.3144622,27.1
1780036827.320267,27.099
1780036827.3262365,27.099
1780036827.33174,27.099
1780036827.337528,27.1
1780036827.3429084,27.099
1780036827.3482583,27.1
1780036827.353688,27.099
1780036827.3593535,27.099
1780036827.3652244,27.098
1780036827.370493,27.098
1780036827.3759077,27.098
1780036827.3813598,27.098
1780036827.3866825,27.099
1780036827.3927367,27.098
1780036827.3983762,27.102
1780036827.40381,27.107
1780036827.4097774,27.107
1780036827.4156983,27.106
1780036827.4211986,27.106
1780036827.4267597,27.105
1780036827.4323385,27.106
1780036827.4376988,27.096
1780036827.4433546,27.102
1780036827.4490538,27.115
1780036827.4542165,27.126
1780036827.4598248,27.135
1780036827.464992,27.147
1780036827.4709733,27.157
1780036827.4768713,27.167
1780036827.4823809,27.178
1780036827.4880266,27.189
1780036827.493602,27.196
1780036827.4991627,27.207
1780036827.5047467,27.217
1780036827.5104644,27.226
1780036827.5163035,27.233
1780036827.5217345,27.246
1780036827.5271149,27.253
1780036827.532558,28.008
1780036827.5378911,28.017
1780036827.5434294,28.031
1780036827.5486834,28.053
1780036827.5541103,28.058
1780036827.5594893,28.062
1780036827.5649517,28.063
1780036827.5703015,28.062
1780036827.5756881,28.061
1780036827.5810807,28.06
1780036827.5865498,28.059
1780036827.5919135,28.058
1780036827.5973628,28.058
1780036827.602654,28.055
1780036827.6080601,28.057
1780036827.613496,28.056
1780036827.6191952,28.055
1780036827.625039,28.053
1780036827.630534,28.052
1780036827.63643,28.051
1780036827.6416965,28.051
1780036827.6470625,28.049
1780036827.6525064,28.05
1780036827.6581311,28.049
1780036827.6640549,28.049
1780036827.6693144,28.047
1780036827.674693,28.046
1780036827.6801462,28.045
1780036827.6855032,28.045
1780036827.6909425,28.044
1780036827.6962614,28.042
1780036827.7016604,28.043
1780036827.7070951,28.042
1780036827.7127955,28.04
1780036827.7191162,28.039
1780036827.7247944,28.037
1780036827.7302,28.035
1780036827.735914,28.035
1780036827.7413254,28.034
1780036827.7466297,28.035
1780036827.752177,28.034
1780036827.757721,28.032
1780036827.7638276,28.031
1780036827.7697172,28.03
1780036827.7752504,28.029
1780036827.7807238,28.028
1780036827.786291,28.028
1780036827.7924254,28.027
1780036827.798528,28.029
1780036827.8043165,28.028
1780036827.809736,28.027
1780036827.8151052,28.026
1780036827.8212485,28.024
1780036827.8271403,28.024
1780036827.8325315,28.024
1780036827.8379018,28.023
1780036827.8433821,28.024
1780036827.8489563,28.023
1780036827.8548567,28.022
1780036827.8600993,28.02
1780036827.865493,28.019
1780036827.8709514,28.018
1780036827.8763008,28.018
1780036827.8817503,28.015
1780036827.8871384,28.016
1780036827.8924994,28.015
1780036827.8979082,28.014
1780036827.903632,28.012
1780036827.9100456,28.011
1780036827.9159577,28.01
1780036827.9213421,28.009
1780036827.9266896,28.009
1780036827.9324653,28.008
1780036827.9387991,28.008
1780036827.944827,28.008
1780036827.9501574,28.006
1780036827.955537,28.005
1780036827.960917,28.004
1780036827.9663007,28.003
1780036827.9717162,28.004
1780036827.9770594,27.255
1780036827.982326,28.0
1780036827.9882042,27.255
1780036827.9940915,27.254
1780036827.999594,27.253
1780036828.005345,27.25
1780036828.0107412,27.248
1780036828.016168,27.248
1780036828.0215094,27.248
1780036828.0269485,27.248
1780036828.0324125,27.249
1780036828.0377011,27.248
1780036828.0430667,27.247
1780036828.0485039,27.246
1780036828.0541892,27.244
1780036828.0601072,27.244
1780036828.0653708,27.244
1780036828.070699,27.241
1780036828.0761392,27.243
1780036828.0815098,27.243
1780036828.0875463,27.241
1780036828.093628,27.24
1780036828.0989583,27.239
1780036828.104337,27.238
1780036828.1097558,27.238
1780036828.1151161,27.238
1780036828.120515,27.236
1780036828.125921,27.237
1780036828.1313767,27.236
1780036828.1369548,27.235
1780036828.1428566,27.234
1780036828.1481006,27.233
1780036828.153453,27.232
1780036828.1586752,27.232
1780036828.1642663,27.23
1780036828.1700077,27.229
1780036828.1764133,27.229
1780036828.1823657,27.228
1780036828.1877494,27.227
1780036828.1931777,27.226
1780036828.1985323,27.225
1780036828.2039087,27.225
1780036828.2093341,27.225
1780036828.214663,27.222
1780036828.2199495,27.221
1780036828.2259119,27.22
1780036828.2316453,27.218
1780036828.2375164,27.217
1780036828.2429438,27.216
1780036828.2483351,27.216
1780036828.2537534,27.216
1780036828.2590811,27.213
1780036828.2644837,27.216
1780036828.2698565,27.216
1780036828.2754128,27.215
1780036828.281184,27.212
1780036828.2868044,27.21
1780036828.2923777,27.208
1780036828.2977648,27.208
1780036828.303485,27.209
1780036828.3088906,27.21
1780036828.314303,27.211
1780036828.3197339,27.211
1780036828.3251195,27.21
1780036828.331275,27.209
1780036828.337162,27.208
1780036828.3425457,27.208
1780036828.3478918,27.208
1780036828.3533568,27.205
1780036828.358951,27.207
1780036828.364868,27.207
1780036828.3701034,27.206
1780036828.3755097,27.205
1780036828.3809254,27.204
1780036828.3862977,27.204
1780036828.3917305,27.203
1780036828.3970547,27.204
1780036828.4023354,27.203
1780036828.4079003,27.204
1780036828.4133697,27.203
1780036828.4189603,27.202
1780036828.4248636,27.201
1780036828.4301066,27.2
1780036828.4354544,27.2
1780036828.440658,27.2
1780036828.446291,27.197
1780036828.4520433,27.198
1780036828.457803,27.198
1780036828.4630806,27.197
1780036828.468464,27.197
1780036828.4738927,27.196
1780036828.4800155,27.195
1780036828.4859898,27.195
1780036828.49135,27.195
1780036828.496729,27.195
1780036828.5024054,27.195
1780036828.5087347,27.194
1780036828.514418,27.193
1780036828.5199857,27.191
1780036828.5255692,27.19
1780036828.5309978,27.19
1780036828.5364609,27.19
1780036828.5417411,27.192
1780036828.547239,27.194
1780036828.5525627,27.194
1780036828.5579686,27.193
1780036828.5642915,27.192
1780036828.570193,27.192
1780036828.5759182,27.191
1780036828.5813699,27.191
1780036828.586668,27.192
1780036828.5921462,27.191
1780036828.5976965,27.19
1780036828.6036508,27.191
1780036828.6089215,27.19
1780036828.6143308,27.189
1780036828.6200075,27.188
1780036828.6257963,27.188
1780036828.6311216,27.188
1780036828.6365106,27.188
1780036828.6420567,27.191
1780036828.6472912,27.19
1780036828.6526582,27.189
1780036828.658129,27.189
1780036828.6642354,27.188
1780036828.6695175,27.187
1780036828.6749926,27.187
1780036828.6802323,27.187
1780036828.685398,27.186
1780036828.6910124,27.187
1780036828.6961868,27.186
1780036828.7018816,27.186
1780036828.707718,27.185
1780036828.7140503,27.183
1780036828.71996,27.184
1780036828.7252917,27.184
1780036828.730658,27.185
1780036828.7358587,27.185
1780036828.741431,27.184
1780036828.7466016,27.183
1780036828.7523313,27.183
1780036828.757748,27.182
1780036828.7630632,27.181
1780036828.7682323,27.181
1780036828.7738235,27.182
1780036828.7789829,27.18
1780036828.7846587,27.181
1780036828.789832,27.18
1780036828.7954576,27.18
1780036828.8007026,27.179
1780036828.8063161,27.178
1780036828.811701,27.178
1780036828.8170316,27.178
1780036828.8221877,27.175
1780036828.827926,27.178
1780036828.833282,27.178
1780036828.8386405,27.177
1780036828.8438184,27.177
1780036828.8495157,27.176
1780036828.8556414,27.174
1780036828.8616936,27.175
1780036828.8674798,27.175
1780036828.8727074,27.175
1780036828.878335,27.176
1780036828.8837645,27.176
1780036828.8893971,27.175
1780036828.8953123,27.174
1780036828.9008014,27.174
1780036828.906284,27.173
1780036828.9119596,27.173
1780036828.9174457,27.172
1780036828.9230914,27.173
1780036828.9291582,27.176
1780036828.9349935,27.175
1780036828.9409044,27.175
1780036828.946408,27.174
1780036828.951898,27.172
1780036828.957639,27.173
1780036828.9629521,27.17
1780036828.96833,27.174
1780036828.9740083,27.173
1780036828.9804335,27.172
1780036828.9864047,27.171
1780036828.9917605,27.17
1780036828.9971278,27.17
1780036829.0025647,27.17
1780036829.007922,27.17
1780036829.0133276,27.169
1780036829.0186994,27.169
1780036829.024132,27.169
1780036829.0296116,27.168
1780036829.035868,27.168
1780036829.04178,27.167
1780036829.0475411,27.167
1780036829.052929,27.168
1780036829.0582888,27.165
1780036829.0635624,27.167
1780036829.069504,27.167
1780036829.0754144,27.166
1780036829.081349,27.166
1780036829.0872438,27.165
1780036829.0925171,27.165
1780036829.0979774,27.165
1780036829.1033766,27.166
1780036829.108984,27.165
1780036829.115054,27.167
1780036829.1207078,27.167
1780036829.1261091,27.166
1780036829.1314814,27.166
1780036829.1370347,27.165
1780036829.1425567,27.164
1780036829.1483545,27.165
1780036829.1537306,27.163
1780036829.1592453,27.164
1780036829.1645744,27.164
1780036829.1699252,27.163
1780036829.17595,27.162
1780036829.1814938,27.16
1780036829.1870124,27.159
1780036829.1928205,27.159
1780036829.1981394,27.159
1780036829.2035482,27.157
1780036829.2089183,27.157
1780036829.2143433,27.156
1780036829.220065,27.155
1780036829.2263336,27.154
1780036829.2319944,27.153
1780036829.237417,27.153
1780036829.2431345,27.153
1780036829.248529,27.154
1780036829.2540488,27.156
1780036829.259497,27.156
1780036829.2650237,27.154
1780036829.271018,27.153
1780036829.276907,27.153
1780036829.2821636,27.152
1780036829.2876315,27.153
1780036829.2934942,27.152
1780036829.298921,27.152
1780036829.3043587,27.152
1780036829.3100264,27.151
1780036829.316346,27.15
1780036829.3220272,27.149
1780036829.3275921,27.148
1780036829.332971,27.148
1780036829.3382792,27.149
1780036829.3441951,27.149
1780036829.3502467,27.152
1780036829.3561647,27.151
1780036829.3621898,27.151
1780036829.3679602,27.15
1780036829.3736506,27.149
1780036829.3791363,27.148
1780036829.3847375,27.149
1780036829.3901556,27.151
1780036829.3956275,27.154
1780036829.4009604,27.153
1780036829.4063501,27.153
1780036829.4120271,27.152
1780036829.4177947,27.151
1780036829.4230814,27.151
1780036829.4283419,27.151
1780036829.433918,27.152
1780036829.4393837,27.151
1780036829.4447315,27.152
1780036829.4501424,27.152
1780036829.455478,27.152
1780036829.46103,27.151
1780036829.466846,27.148
1780036829.4723237,27.148
1780036829.4778092,27.148
1780036829.4830995,27.146
1780036829.4885402,27.148
1780036829.493912,27.147
1780036829.4993222,27.147
1780036829.5047114,27.147
1780036829.5104458,27.146
1780036829.5162761,27.146
1780036829.5217438,27.146
1780036829.527509,27.146
1780036829.5328805,27.146
1780036829.5383012,27.148
1780036829.543775,27.148
1780036829.5493817,27.147
1780036829.5552778,27.147
1780036829.5605228,27.146
1780036829.5659087,27.146
1780036829.571378,27.147
1780036829.5767145,27.144
1780036829.5821557,27.146
1780036829.5875156,27.146
1780036829.5930173,27.145
1780036829.5983768,27.145
1780036829.6040304,27.144
1780036829.6098344,27.143
1780036829.6150737,27.143
1780036829.6203043,27.144
1780036829.6259472,27.143
1780036829.6313734,27.143
1780036829.6367288,27.143
1780036829.6421444,27.142
1780036829.6474872,27.142
1780036829.6530337,27.14
1780036829.6585536,27.139
1780036829.6643338,27.139
1780036829.669721,27.136
1780036829.675238,27.14
1780036829.6805806,27.139
1780036829.6859448,27.139
1780036829.6916208,27.139
1780036829.6972687,27.137
1780036829.7028632,27.135
1780036829.708753,27.135
1780036829.7141676,27.136
1780036829.7195535,27.137
1780036829.7249706,27.136
1780036829.7303438,27.136
1780036829.7357342,27.136
1780036829.7411091,27.135
1780036829.746543,27.135
1780036829.7519305,27.134
1780036829.7573822,27.135
1780036829.7627144,27.135
1780036829.7681408,27.133
1780036829.773544,27.134
1780036829.7789755,27.134
1780036829.7846122,27.133
1780036829.7905226,27.132
1780036829.79602,27.132
1780036829.80154,27.131
1780036829.8071783,27.132
1780036829.8125849,27.132
1780036829.8179219,27.133
1780036829.8233573,27.133
1780036829.82874,27.133
1780036829.834839,27.132
1780036829.8408167,27.131
1780036829.8461716,27.131
1780036829.851536,27.131
1780036829.856975,27.129
1780036829.862395,27.132
1780036829.8677218,27.132
1780036829.8730762,27.132
1780036829.8782916,27.131
1780036829.8839312,27.131
1780036829.890089,27.13
1780036829.8960116,27.13
1780036829.9013696,27.131
1780036829.9067142,27.13
1780036829.912443,27.132
1780036829.918736,27.131
1780036829.92446,27.13
1780036829.9301832,27.127
1780036829.9357889,27.125
1780036829.9416518,27.126
1780036829.946932,27.126
1780036829.952334,27.127
1780036829.957768,27.13
1780036829.9633873,27.13
1780036829.9693105,27.13
1780036829.9745529,27.129
1780036829.9802768,27.128
1780036829.9862006,27.127
1780036829.9919775,27.128
1780036829.9973493,27.128
1780036830.0028386,27.127
1780036830.0081859,27.127
1780036830.0135274,27.126
1780036830.0192797,27.126
1780036830.0255308,27.125
1780036830.031228,27.123
1780036830.0366352,27.123
1780036830.0423887,27.124
1780036830.0477457,27.126
1780036830.0532649,27.128
1780036830.0585864,27.128
1780036830.0639598,27.127
1780036830.0696576,27.126
1780036830.0759368,27.126
1780036830.0814257,27.125
1780036830.0868852,27.125
1780036830.0921786,27.124
1780036830.0976338,27.126
1780036830.1029873,27.126
1780036830.1084006,27.125
1780036830.1146617,27.125
1780036830.1205928,27.125
1780036830.126594,27.124
1780036830.1325111,27.124
1780036830.1377726,27.125
1780036830.14314,27.125
1780036830.1485903,27.126
1780036830.1541836,27.126
1780036830.160086,27.125
1780036830.165334,27.125
1780036830.1706927,27.124
1780036830.1761336,27.124
1780036830.1815174,27.124
1780036830.1869414,27.121
1780036830.1923597,27.124
1780036830.1977334,27.123
1780036830.2031353,27.123
1780036830.208547,27.122
1780036830.2141845,27.122
1780036830.220092,27.121
1780036830.2253346,27.121
1780036830.2306683,27.122
1780036830.2359173,27.12
1780036830.2416685,27.122
1780036830.2475548,27.121
1780036830.2530766,27.121
1780036830.2588458,27.12
1780036830.2646208,27.119
1780036830.2705247,27.119
1780036830.2757835,27.119
1780036830.2811344,27.12
1780036830.2865748,27.121
1780036830.2922394,27.122
1780036830.2981155,27.122
1780036830.30362,27.122
1780036830.3091085,27.12
1780036830.3150134,27.119
1780036830.3209157,27.12
1780036830.3261755,27.12
1780036830.3315504,27.122
1780036830.3369915,27.122
1780036830.3423662,27.122
1780036830.3483703,27.121
1780036830.3540196,27.12
1780036830.3596234,27.118
1780036830.3650956,27.117
1780036830.3706226,27.118
1780036830.3759248,27.117
1780036830.3819726,27.119
1780036830.3881419,27.12
1780036830.3939235,27.12
1780036830.3993595,27.119
1780036830.4047773,27.119
1780036830.41044,27.118
1780036830.4162338,27.119
1780036830.421544,27.119
1780036830.4269915,27.117
1780036830.4323635,27.118
1780036830.437792,27.118
1780036830.4433951,27.117
1780036830.4493592,27.117
1780036830.4549718,27.116
1780036830.460632,27.116
1780036830.4659417,27.116
1780036830.4713492,27.114
1780036830.4767036,27.119
1780036830.482135,27.119
1780036830.4878297,27.118
1780036830.493727,27.118
1780036830.4992495,27.118
1780036830.504856,27.115
1780036830.5102525,27.116
1780036830.515562,27.116
1780036830.5211716,27.116
1780036830.5265927,27.115
1780036830.5319204,27.115
1780036830.5373287,27.115
1780036830.5427425,27.114
1780036830.5484638,27.114
1780036830.554237,27.113
1780036830.5595448,27.114
1780036830.5649843,27.111
1780036830.5704048,27.114
1780036830.576464,27.114
1780036830.582392,27.114
1780036830.5877886,27.113
1780036830.593227,27.113
1780036830.5985627,27.112
1780036830.6039364,27.113
1780036830.60936,27.114
1780036830.6146739,27.112
1780036830.6199787,27.112
1780036830.6258836,27.112
1780036830.6317809,27.111
1780036830.637777,27.111
1780036830.6436849,27.111
1780036830.6489413,27.11
1780036830.6543257,27.111
1780036830.6597793,27.109
1780036830.665414,27.112
1780036830.6714513,27.114
1780036830.6771822,27.114
1780036830.6829062,27.113
1780036830.688642,27.111
1780036830.694136,27.11
1780036830.7000144,27.11
1780036830.7053423,27.111
1780036830.7108822,27.111
1780036830.7161956,27.111
1780036830.721559,27.11
1780036830.7272797,27.11
1780036830.7330027,27.108
1780036830.7385902,27.106
1780036830.7440026,27.106
1780036830.749477,27.107
1780036830.755345,27.109
1780036830.7612314,27.113
1780036830.7665472,27.113
1780036830.7719522,27.113
1780036830.7780657,27.112
1780036830.7840228,27.112
1780036830.78939,27.111
1780036830.794796,27.112
1780036830.800193,27.111
1780036830.8058796,27.111
1780036830.8119128,27.114
1780036830.8175461,27.113
1780036830.8229632,27.113
1780036830.8283112,27.113
1780036830.8337438,27.112
1780036830.8391845,27.112
1780036830.8445992,27.113
1780036830.85014,27.112
1780036830.856004,27.116
1780036830.8613455,27.115
1780036830.8667548,27.115
1780036830.8728619,27.115
1780036830.8787615,27.114
1780036830.8841841,27.114
1780036830.8895445,27.114
1780036830.8949878,27.112
1780036830.900397,27.114
1780036830.9057374,27.113
1780036830.9110866,27.113
1780036830.9166498,27.113
1780036830.9223514,27.111
1780036830.9280803,27.11
1780036830.9340274,27.111
1780036830.9393852,27.111
1780036830.944772,27.111
1780036830.9504457,27.111
1780036830.9562485,27.111
1780036830.961497,27.111
1780036830.967056,27.11
1780036830.97286,27.108
1780036830.9783833,27.107
1780036830.9838297,27.107
1780036830.9891202,27.108
1780036830.994557,27.107
1780036831.0002654,27.108
1780036831.0061028,27.108
1780036831.0113516,27.108
1780036831.0167062,27.107
1780036831.021908,27.107
1780036831.027546,27.107
1780036831.033002,27.108
1780036831.0383072,27.105
1780036831.0436108,27.107
1780036831.0494955,27.106
1780036831.0553925,27.106
1780036831.0613768,27.105
1780036831.0673122,27.105
1780036831.0725474,27.105
1780036831.0780203,27.105
1780036831.0834146,27.105
1780036831.0890594,27.104
1780036831.0951102,27.108
1780036831.1009922,27.107
1780036831.1069174,27.107
1780036831.1121483,27.107
1780036831.1175537,27.106
1780036831.1229575,27.107
1780036831.1283538,27.107
1780036831.1344342,27.107
1780036831.140549,27.11
1780036831.1465013,27.109
1780036831.152397,27.109
1780036831.157789,27.109
1780036831.163162,27.108
1780036831.1685972,27.108
1780036831.173961,27.109
1780036831.1793704,27.106
1780036831.1847785,27.109
1780036831.1901877,27.109
1780036831.1955574,27.109
1780036831.201283,27.108
1780036831.2075293,27.108
1780036831.2131414,27.107
1780036831.218541,27.107
1780036831.2243533,27.108
1780036831.2297509,27.108
1780036831.2351718,27.11
1780036831.2406049,27.11
1780036831.2461984,27.109
1780036831.2521026,27.109
1780036831.2573524,27.108
1780036831.2627363,27.108
1780036831.268224,27.109
1780036831.2735271,27.106
1780036831.2796233,27.108
1780036831.2856987,27.109
1780036831.2910662,27.108
1780036831.296866,27.107
1780036831.3026135,27.106
1780036831.308525,27.105
1780036831.313749,27.106
1780036831.3191419,27.107
1780036831.3245852,27.108
1780036831.330253,27.109
1780036831.3360953,27.109
1780036831.3413546,27.108
1780036831.3467472,27.108
1780036831.3522265,27.107
1780036831.3575773,27.107
1780036831.3629987,27.108
1780036831.368336,27.104
1780036831.3737075,27.106
1780036831.3791595,27.106
1780036831.384866,27.105
1780036831.3906589,27.105
1780036831.3959064,27.104
1780036831.4014719,27.103
1780036831.4069214,27.103
1780036831.4127421,27.104
1780036831.4181714,27.103
1780036831.423546,27.105
1780036831.4290085,27.104
1780036831.434629,27.104
1780036831.4405296,27.104
1780036831.445753,27.103
1780036831.4511058,27.103
1780036831.4563534,27.104
1780036831.461937,27.102
1780036831.467352,27.102
1780036831.4727144,27.103
1780036831.47802,27.102
1780036831.4838371,27.101
1780036831.4897614,27.101
1780036831.4952624,27.1
1780036831.5007722,27.1
1780036831.5064063,27.101
1780036831.5124054,27.1
1780036831.5179055,27.105
1780036831.523498,27.107
1780036831.5291486,27.107
1780036831.5345948,27.107
1780036831.5399716,27.107
1780036831.5454028,27.106
1780036831.550755,27.107
1780036831.556168,27.105
1780036831.5616148,27.107
1780036831.5670097,27.107
1780036831.5723958,27.106
1780036831.578057,27.106
1780036831.5835733,27.104
1780036831.589192,27.102
1780036831.594643,27.102
1780036831.6000955,27.103
1780036831.6054986,27.105
1780036831.6111586,27.107
1780036831.616864,27.107
1780036831.6228464,27.107
1780036831.6282015,27.107
1780036831.633576,27.107
1780036831.6390054,27.106
1780036831.6444438,27.107
1780036831.6497772,27.108
1780036831.6551397,27.108
1780036831.6605883,27.108
1780036831.666249,27.107
1780036831.672078,27.107
1780036831.677361,27.107
1780036831.682777,27.106
1780036831.6882236,27.106
1780036831.693552,27.107
1780036831.6989985,27.104
1780036831.7043786,27.108
1780036831.7097623,27.107
1780036831.715153,27.107
1780036831.720872,27.107
1780036831.7266662,27.106
1780036831.7319057,27.106
1780036831.7371488,27.106
1780036831.7427464,27.107
1780036831.748471,27.105
1780036831.7548623,27.105
1780036831.7608883,27.106
1780036831.7662346,27.105
1780036831.7715917,27.105
1780036831.7776542,27.104
1780036831.7836144,27.104
1780036831.7889922,27.105
1780036831.7943523,27.104
1780036831.8000574,27.106
1780036831.8058586,27.105
1780036831.8111172,27.105
1780036831.8166656,27.104
1780036831.822373,27.102
1780036831.8278902,27.101
1780036831.8334575,27.101
1780036831.8387554,27.101
1780036831.8445423,27.099
1780036831.8500793,27.101
1780036831.8556793,27.1
1780036831.8616195,27.1
1780036831.8669999,27.099
1780036831.872382,27.099
1780036831.877804,27.099
1780036831.8831704,27.1
1780036831.888565,27.097
1780036831.8939276,27.101
1780036831.8993602,27.101
1780036831.905051,27.101
1780036831.9109182,27.101
1780036831.9161606,27.1
1780036831.9215307,27.1
1780036831.9269667,27.1
1780036831.9323707,27.101
1780036831.938384,27.099
1780036831.9443924,27.103
1780036831.9505398,27.11
1780036831.956608,27.113
1780036831.962331,27.113
1780036831.967725,27.113
1780036831.973157,27.113
1780036831.9786186,27.114
1780036831.9841487,27.113
1780036831.9899979,27.117
1780036831.995367,27.117
1780036832.000778,27.117
1780036832.0068643,27.116
1780036832.0128438,27.115
1780036832.018232,27.115
1780036832.0236347,27.115
1780036832.0290143,27.115
1780036832.034491,27.114
1780036832.0404053,27.115
1780036832.0457673,27.115
1780036832.0511453,27.115
1780036832.0565877,27.114
1780036832.0622694,27.114
1780036832.0681167,27.114
1780036832.0733669,27.115
1780036832.0786958,27.113
1780036832.0842695,27.115
1780036832.0898373,27.114
1780036832.0957575,27.114
1780036832.1009786,27.113
1780036832.1063042,27.113
1780036832.1114786,27.113
1780036832.117137,27.113
1780036832.122616,27.114
1780036832.127929,27.111
1780036832.1333268,27.111
1780036832.138751,27.111
1780036832.1445167,27.11
1780036832.1502724,27.11
1780036832.1557984,27.109
1780036832.161701,27.109
1780036832.1669667,27.11
1780036832.1723385,27.108
1780036832.17778,27.11
1780036832.1834,27.11
1780036832.1893544,27.11
1780036832.1948755,27.11
1780036832.2006316,27.108
1780036832.2062452,27.106
1780036832.2120867,27.106
1780036832.217368,27.107
1780036832.222871,27.11
1780036832.2282462,27.109
1780036832.2338312,27.109
1780036832.239785,27.109
1780036832.2453034,27.108
1780036832.25107,27.106
1780036832.256613,27.105
1780036832.2624083,27.105
1780036832.2677798,27.105
1780036832.27317,27.11
1780036832.278615,27.11
1780036832.2842646,27.109
1780036832.2901158,27.109
1780036832.2953696,27.109
1780036832.3007743,27.108
1780036832.3062215,27.109
1780036832.3115811,27.109
1780036832.3176112,27.108
1780036832.3237402,27.111
1780036832.3296895,27.112
1780036832.3349767,27.111
1780036832.3403924,27.111
1780036832.3464894,27.111
1780036832.3524075,27.111
1780036832.3578002,27.112
1780036832.3631337,27.11
1780036832.3685875,27.112
1780036832.3742466,27.112
1780036832.3801227,27.112
1780036832.3853695,27.111
1780036832.3907766,27.111
1780036832.3962257,27.11
1780036832.4015875,27.111
1780036832.407019,27.112
1780036832.4123533,27.11
1780036832.417755,27.111
1780036832.423161,27.111
1780036832.4288702,27.11
1780036832.4346828,27.11
1780036832.4399233,27.109
1780036832.4451659,27.109
1780036832.4507596,27.11
1780036832.4562283,27.106
1780036832.4619234,27.109
1780036832.467969,27.112
1780036832.4738069,27.111
1780036832.479709,27.111
1780036832.4849696,27.11
1780036832.4903593,27.11
1780036832.4958193,27.11
1780036832.5011556,27.111
1780036832.5066252,27.11
1780036832.5119362,27.111
1780036832.5173383,27.111
1780036832.522775,27.11
1780036832.5284739,27.109
1780036832.534259,27.109
1780036832.539522,27.108
1780036832.5447686,27.109
1780036832.5503693,27.109
1780036832.5560808,27.107
1780036832.56235,27.108
1780036832.5680537,27.107
1780036832.5738854,27.107
1780036832.5791523,27.107
1780036832.5845962,27.107
1780036832.5900018,27.107
1780036832.5954223,27.108
1780036832.600829,27.107
1780036832.6064954,27.111
1780036832.6122615,27.11
1780036832.6178005,27.109
1780036832.623653,27.109
1780036832.6289704,27.109
1780036832.6343658,27.109
1780036832.6398258,27.109
1780036832.6451623,27.11
1780036832.6506884,27.11
1780036832.656355,27.111
1780036832.6619592,27.11
1780036832.667399,27.11
1780036832.6727693,27.11
1780036832.6788726,27.109
1780036832.6849034,27.109
1780036832.690225,27.11
1780036832.695605,27.11
1780036832.7012758,27.11
1780036832.7075818,27.109
1780036832.7133036,27.108
1780036832.719026,27.106
1780036832.7245946,27.104
1780036832.7300007,27.104
1780036832.735478,27.104
1780036832.7411842,27.106
1780036832.7465785,27.109
1780036832.7519178,27.11
1780036832.7572532,27.109
1780036832.763061,27.109
1780036832.7689676,27.108
1780036832.7744758,27.108
1780036832.7799227,27.108
1780036832.7855706,27.108
1780036832.791274,27.108
1780036832.7967978,27.108
1780036832.8025203,27.109
1780036832.8080683,27.109
1780036832.8138278,27.106
1780036832.8194032,27.105
1780036832.8248215,27.104
1780036832.8302834,27.105
1780036832.8361819,27.107
1780036832.842113,27.111
1780036832.84742,27.111
1780036832.8527858,27.111
1780036832.858877,27.11
1780036832.8648558,27.11
1780036832.8702438,27.109
1780036832.8756547,27.11
1780036832.881032,27.111
1780036832.8863773,27.11
1780036832.8917916,27.111
1780036832.8971372,27.11
1780036832.9025836,27.11
1780036832.908285,27.109
1780036832.9141264,27.109
1780036832.9194186,27.109
1780036832.9247313,27.109
1780036832.9301722,27.106
1780036832.935887,27.11
1780036832.9419317,27.112
1780036832.9478366,27.112
1780036832.9537458,27.111
1780036832.9589775,27.111
1780036832.9643397,27.11
1780036832.9697814,27.111
1780036832.9751616,27.112
1780036832.9806364,27.111
1780036832.985962,27.112
1780036832.9913554,27.112
1780036832.9967947,27.112
1780036833.0021896,27.111
1780036833.0078104,27.111
1780036833.0137165,27.111
1780036833.018979,27.111
1780036833.024329,27.111
1780036833.0297797,27.111
1780036833.0354426,27.111
1780036833.041349,27.111
1780036833.0465696,27.111
1780036833.051963,27.11
1780036833.05732,27.11
1780036833.062707,27.11
1780036833.0679514,27.111
1780036833.07355,27.108
1780036833.0790212,27.11
1780036833.0846868,27.109
1780036833.0905821,27.109
1780036833.0960875,27.109
1780036833.1018386,27.107
1780036833.1072657,27.105
1780036833.1126842,27.105
1780036833.1179793,27.106
1780036833.1233616,27.108
1780036833.128798,27.109
1780036833.1349366,27.108
1780036833.1408443,27.108
1780036833.1462386,27.107
1780036833.1516008,27.107
1780036833.1570294,27.107
1780036833.1623774,27.108
1780036833.1677923,27.105
1780036833.1731405,27.109
1780036833.1785805,27.109
1780036833.1839983,27.109
1780036833.1897178,27.108
1780036833.1960073,27.107
1780036833.2015085,27.106
1780036833.206964,27.107
1780036833.2127619,27.108
1780036833.218034,27.109
1780036833.2238777,27.11
1780036833.2298017,27.11
1780036833.2353108,27.109
1780036833.241053,27.107
1780036833.2466676,27.105
1780036833.25208,27.105
1780036833.2575526,27.105
1780036833.2632868,27.108
1780036833.2695196,27.11
1780036833.275434,27.11
1780036833.2814422,27.109
1780036833.2873933,27.109
1780036833.2929132,27.109
1780036833.298464,27.108
1780036833.3040066,27.108
1780036833.3094218,27.108
1780036833.315012,27.112
1780036833.320955,27.113
1780036833.3264005,27.112
1780036833.3321273,27.11
1780036833.3378696,27.108
1780036833.34379,27.108
1780036833.3490517,27.108
1780036833.3543725,27.109
1780036833.359824,27.109
1780036833.3654559,27.11
1780036833.3713665,27.11
1780036833.3768804,27.109
1780036833.3826532,27.107
1780036833.3882327,27.105
1780036833.3941033,27.105
1780036833.3993912,27.106
1780036833.4047601,27.108
1780036833.4102013,27.11
1780036833.4158502,27.109
1780036833.4217486,27.109
1780036833.4269836,27.108
1780036833.4323459,27.108
1780036833.4377863,27.108
1780036833.4432013,27.108
1780036833.4486322,27.109
1780036833.4539742,27.107
1780036833.4593744,27.108
1780036833.4647748,27.108
1780036833.4704978,27.107
1780036833.476328,27.107
1780036833.4818223,27.106
1780036833.4877198,27.106
1780036833.4935706,27.107
1780036833.4989917,27.106
1780036833.5043838,27.11
1780036833.509837,27.109
1780036833.5154378,27.109
1780036833.5213397,27.109
1780036833.526586,27.108
1780036833.531941,27.108
1780036833.5371835,27.108
1780036833.5427907,27.108
1780036833.548227,27.098
1780036833.5535865,27.108
1780036833.5589812,27.119
1780036833.5643852,27.128
1780036833.5699224,27.139
1780036833.575526,27.149
1780036833.5814412,27.16
1780036833.5873837,27.169
1780036833.5928755,27.178
1780036833.5984464,27.188
1780036833.6040165,27.194
1780036833.6096265,27.204
1780036833.6151693,27.213
1780036833.6206467,27.221
1780036833.6263137,27.231
1780036833.6320002,27.242
1780036833.6377282,27.252
1780036833.6436775,28.005
1780036833.6490285,28.016
1780036833.6543906,28.031
1780036833.6598082,28.055
1780036833.6650975,28.057
1780036833.6703374,28.058
1780036833.675953,28.058
1780036833.6813905,28.057
1780036833.6868172,28.055
1780036833.6925502,28.052
1780036833.698344,28.05
1780036833.703601,28.048
1780036833.7089794,28.047
1780036833.714365,28.045
1780036833.7196429,28.043
1780036833.725492,28.042
1780036833.731397,28.041
1780036833.7369046,28.039
1780036833.742694,28.036
1780036833.748229,28.034
1780036833.75397,28.034
1780036833.7593565,28.033
1780036833.7648525,28.035
1780036833.7701728,28.033
1780036833.775591,28.032
1780036833.7812953,28.031
1780036833.787035,28.028
1780036833.7924676,28.026
1780036833.797855,28.025
1780036833.8031764,28.025
1780036833.8086336,28.025
1780036833.8142736,28.025
1780036833.8201463,28.024
1780036833.8253925,28.023
1780036833.8307884,28.022
1780036833.8362434,28.02
1780036833.841597,28.019
1780036833.8470447,28.019
1780036833.8523738,28.015
1780036833.8577497,28.017
1780036833.8631778,28.017
1780036833.8688989,28.015
1780036833.8751738,28.014
1780036833.880891,28.012
1780036833.8863661,28.009
1780036833.892064,28.009
1780036833.8974333,28.011
1780036833.9027884,28.013
1780036833.9082382,28.012
1780036833.913601,28.011
1780036833.9193158,28.01
1780036833.9255571,28.008
1780036833.9313264,28.006
1780036833.9368064,28.005
1780036833.9424002,28.005
1780036833.9480364,28.006
1780036833.9534948,28.012
1780036833.9593384,28.016
1780036833.9645936,28.015
1780036833.9699495,28.014
1780036833.9754992,28.012
1780036833.9810383,28.009
1780036833.9868777,28.009
1780036833.9922104,28.008
1780036833.9976413,28.007
1780036834.0030477,28.005
1780036834.0083978,28.004
1780036834.0144298,28.003
1780036834.0200062,28.001
1780036834.0255857,28.0
1780036834.0310457,27.255
1780036834.0363739,27.255
1780036834.0420377,27.254
1780036834.047433,27.254
1780036834.0528064,27.253
1780036834.0585108,27.252
1780036834.0642567,27.251
1780036834.069566,27.25
1780036834.0749476,27.249
1780036834.0804543,27.249
1780036834.08585,27.249
1780036834.0914488,27.247
1780036834.0975184,27.25
1780036834.1034386,27.248
1780036834.1093714,27.248
1780036834.1149569,27.246
1780036834.1213162,27.244
1780036834.1272218,27.244
1780036834.1326334,27.244
1780036834.1380484,27.244
1780036834.1434553,27.243
1780036834.1490479,27.242
1780036834.1549802,27.241
1780036834.1604958,27.24
1780036834.1663077,27.238
1780036834.1717918,27.237
1780036834.177624,27.237
1780036834.183003,27.236
1780036834.1885242,27.237
1780036834.1938496,27.236
1780036834.1991982,27.236
1780036834.2048903,27.235
1780036834.210655,27.232
1780036834.2160487,27.23
1780036834.221465,27.229
1780036834.2267897,27.229
1780036834.2321951,27.229
1780036834.2378442,27.23
1780036834.243754,27.229
1780036834.2489998,27.228
1780036834.2544005,27.227
1780036834.2598565,27.226
1780036834.2652276,27.226
1780036834.2706442,27.226
1780036834.2759502,27.222
1780036834.2814262,27.224
1780036834.2869623,27.223
1780036834.2928858,27.222
1780036834.2982383,27.221
1780036834.303621,27.22
1780036834.3097193,27.218
1780036834.315662,27.219
1780036834.3210382,27.219
1780036834.326425,27.218
1780036834.3320951,27.217
1780036834.3385153,27.215
1780036834.3444314,27.215
1780036834.349864,27.214
1780036834.355231,27.213
1780036834.3606482,27.212
1780036834.3659916,27.212
1780036834.3714144,27.21
1780036834.3769305,27.211
1780036834.382256,27.21
1780036834.3876178,27.21
1780036834.3937402,27.208
1780036834.3996487,27.207
1780036834.4050357,27.206
1780036834.4104762,27.207
1780036834.4158528,27.206
1780036834.421515,27.204
1780036834.4275565,27.207
1780036834.4334548,27.206
1780036834.4393833,27.205
1780036834.4446816,27.204
1780036834.4504037,27.203
1780036834.45586,27.203
1780036834.4611695,27.203
1780036834.4669738,27.203
1780036834.473106,27.204
1780036834.4790282,27.203
1780036834.4845238,27.202
1780036834.4902635,27.199
1780036834.4958596,27.198
1780036834.5012677,27.197
1780036834.5067244,27.197
1780036834.5124245,27.198
1780036834.5178037,27.2
1780036834.5231476,27.199
1780036834.528693,27.199
1780036834.5344079,27.198
1780036834.540107,27.196
1780036834.546017,27.195
1780036834.5514452,27.195
1780036834.5567641,27.196
1780036834.5625925,27.196
1780036834.568925,27.196
1780036834.5748458,27.196
1780036834.5802484,27.195
1780036834.5856152,27.194
1780036834.5917063,27.193
1780036834.59768,27.193
1780036834.6030407,27.193
1780036834.6084163,27.192
1780036834.6141162,27.191
1780036834.620399,27.19
1780036834.6261616,27.188
1780036834.6325238,27.187
1780036834.6384451,27.186
1780036834.6438453,27.186
1780036834.649224,27.186
1780036834.654904,27.186
1780036834.660729,27.186
1780036834.6662717,27.186
1780036834.6721656,27.185
1780036834.6774027,27.184
1780036834.6827629,27.183
1780036834.6882012,27.183
1780036834.6936226,27.183
1780036834.699046,27.18
1780036834.7044444,27.182
1780036834.7098203,27.181
1780036834.7152295,27.18
1780036834.7209115,27.179
1780036834.7273412,27.178
1780036834.7333117,27.177
1780036834.7386477,27.177
1780036834.7439938,27.177
1780036834.749464,27.177
1780036834.7550592,27.178
1780036834.7609334,27.177
1780036834.7662072,27.176
1780036834.7716055,27.176
1780036834.7770603,27.175
1780036834.782437,27.175
1780036834.7878556,27.175
1780036834.7932248,27.173
1780036834.7986014,27.172
1780036834.8040187,27.172
1780036834.8094637,27.172
1780036834.8147852,27.171
1780036834.8202038,27.17
1780036834.8255713,27.17
1780036834.830809,27.169
1780036834.8364027,27.17
1780036834.8425567,27.167
1780036834.8486125,27.171
1780036834.8544004,27.17
1780036834.8597996,27.169
1780036834.8652267,27.169
1780036834.871329,27.168
1780036834.877241,27.168
1780036834.8826497,27.168
1780036834.8879833,27.165
1780036834.893424,27.168
1780036834.899037,27.168
1780036834.9049468,27.168
1780036834.9102042,27.167
1780036834.9156227,27.166
1780036834.921016,27.166
1780036834.9264243,27.166
1780036834.9318545,27.166
1780036834.9371808,27.163
1780036834.9426363,27.165
1780036834.9479957,27.165
1780036834.9537296,27.164
1780036834.9599848,27.163
1780036834.9656777,27.162
1780036834.9710786,27.161
1780036834.9768124,27.162
1780036834.9822228,27.161
1780036834.9875617,27.165
1780036834.9930449,27.165
1780036834.9984252,27.165
1780036835.0041273,27.164
1780036835.010407,27.163
1780036835.0160854,27.162
1780036835.0214984,27.162
1780036835.0271924,27.163
1780036835.0326107,27.163
1780036835.037973,27.164
1780036835.0434134,27.164
1780036835.0491016,27.164
1780036835.0550146,27.163
1780036835.0610678,27.162
1780036835.0669868,27.162
1780036835.0722473,27.163
1780036835.0776012,27.162
1780036835.08304,27.164
1780036835.0884209,27.163
1780036835.0944512,27.162
1780036835.100124,27.161
1780036835.1057296,27.16
1780036835.1112332,27.158
1780036835.1167047,27.159
1780036835.1220632,27.16
1780036835.1274393,27.161
1780036835.1330688,27.162
1780036835.138975,27.162
1780036835.1442094,27.161
1780036835.1496198,27.161
1780036835.1550708,27.16
1780036835.1604292,27.16
1780036835.1658597,27.16
1780036835.1711628,27.156
1780036835.1764996,27.158
1780036835.1822581,27.158
1780036835.1881318,27.157
1780036835.1934159,27.157
1780036835.1988156,27.156
1780036835.2042704,27.156
1780036835.2095895,27.156
1780036835.2150276,27.156
1780036835.2203658,27.154
1780036835.225768,27.156
1780036835.2312272,27.156
1780036835.2369244,27.155
1780036835.2427893,27.154
1780036835.248293,27.153
1780036835.2542083,27.153
1780036835.2599921,27.153
1780036835.2654216,27.151
1780036835.2707255,27.153
1780036835.2762003,27.152
1780036835.2817612,27.151
1780036835.2877057,27.15
1780036835.2930682,27.149
1780036835.2984262,27.148
1780036835.3038292,27.149
1780036835.3091989,27.149
1780036835.3146253,27.147
1780036835.3199837,27.148
1780036835.3254185,27.148
1780036835.3308337,27.147
1780036835.3369412,27.146
1780036835.3428802,27.146
1780036835.348252,27.145
1780036835.353624,27.145
1780036835.3590608,27.143
1780036835.364559,27.145
1780036835.3704638,27.145
1780036835.3758352,27.144
1780036835.3811834,27.144
1780036835.3866215,27.143
1780036835.3920336,27.143
1780036835.3974621,27.143
1780036835.4027903,27.143
1780036835.4082327,27.141
1780036835.4137483,27.143
1780036835.419071,27.142
1780036835.4244287,27.142
1780036835.4304965,27.141
1780036835.4365268,27.141
1780036835.4418695,27.14
1780036835.4472675,27.14
1780036835.4526699,27.14
1780036835.4580393,27.138
1780036835.4634156,27.138
1780036835.468807,27.137
1780036835.4742727,27.137
1780036835.4798927,27.136
1780036835.4858189,27.136
1780036835.4910781,27.136
1780036835.4964302,27.136
1780036835.501855,27.134
1780036835.5074806,27.137
1780036835.5134478,27.138
1780036835.5194685,27.138
1780036835.5253656,27.138
1780036835.5306149,27.137
1780036835.536009,27.136
1780036835.5414703,27.137
1780036835.5467808,27.138
1780036835.5528648,27.135
1780036835.5587528,27.137
1780036835.5644982,27.136
1780036835.570194,27.134
1780036835.5757527,27.132
1780036835.5816548,27.132
1780036835.5870595,27.132
1780036835.5924208,27.132
1780036835.5981643,27.133
1780036835.603957,27.133
1780036835.6095042,27.133
1780036835.6151893,27.133
1780036835.6205978,27.132
1780036835.626003,27.132
1780036835.631469,27.131
1780036835.6368232,27.132
1780036835.642235,27.129
1780036835.6476557,27.131
1780036835.653055,27.13
1780036835.6584485,27.13
1780036835.6641219,27.129
1780036835.669941,27.128
1780036835.6754162,27.128
1780036835.680724,27.127
1780036835.6860383,27.128
1780036835.6914566,27.126
1780036835.6971936,27.128
1780036835.7031145,27.128
1780036835.7090793,27.127
1780036835.7149715,27.127
1780036835.7202196,27.126
1780036835.7256317,27.126
1780036835.7310767,27.126
1780036835.736399,27.128
1780036835.7424862,27.126
1780036835.7486258,27.129
1780036835.7543972,27.129
1780036835.7598321,27.128
1780036835.7652338,27.127
1780036835.7713296,27.126
1780036835.7772496,27.127
1780036835.7826564,27.128
1780036835.7880375,27.127
1780036835.793468,27.128
1780036835.7991388,27.128
1780036835.8050501,27.127
1780036835.8105595,27.126
1780036835.8162687,27.125
1780036835.8216808,27.125
1780036835.8271282,27.126
1780036835.8324473,27.124
1780036835.8378634,27.126
1780036835.8432536,27.126
1780036835.8489485,27.126
1780036835.855246,27.125
1780036835.860891,27.124
1780036835.866276,27.123
1780036835.8720474,27.124
1780036835.8774354,27.125
1780036835.8829193,27.125
1780036835.8882785,27.125
1780036835.8936212,27.124
1780036835.899682,27.124
1780036835.905341,27.123
1780036835.910893,27.122
1780036835.9163108,27.121
1780036835.9219062,27.122
1780036835.92738,27.123
1780036835.9332461,27.127
1780036835.9386652,27.127
1780036835.9440348,27.127
1780036835.950144,27.126
1780036835.9560905,27.125
1780036835.9614675,27.125
1780036835.9668837,27.125
1780036835.972274,27.124
1780036835.9776812,27.125
1780036835.9830163,27.124
1780036835.988383,27.124
1780036835.9939315,27.123
1780036835.9996579,27.122
1780036836.0053496,27.121
1780036836.0112643,27.121
1780036836.0166671,27.122
1780036836.0220232,27.121
1780036836.0274773,27.123
1780036836.0330737,27.123
1780036836.0389922,27.122
1780036836.0442252,27.122
1780036836.04962,27.121
1780036836.0550826,27.121
1780036836.06052,27.121
1780036836.06588,27.122
1780036836.071225,27.121
1780036836.0766253,27.12
1780036836.0821083,27.12
1780036836.0877323,27.119
1780036836.093601,27.119
1780036836.098823,27.118
1780036836.1042132,27.117
1780036836.109604,27.118
1780036836.1157138,27.116
1780036836.121637,27.12
1780036836.1270688,27.12
1780036836.1324675,27.12
1780036836.1378417,27.119
1780036836.1434712,27.119
1780036836.149363,27.118
1780036836.154625,27.119
1780036836.16,27.12
1780036836.1654685,27.118
1780036836.1710718,27.119
1780036836.1769807,27.119
1780036836.1822276,27.118
1780036836.1876163,27.118
1780036836.1930811,27.117
1780036836.1984005,27.117
1780036836.2038774,27.118
1780036836.2091768,27.115
1780036836.2143905,27.116
1780036836.2200177,27.116
1780036836.2254856,27.116
1780036836.2310767,27.115
1780036836.2370014,27.115
1780036836.2422276,27.114
1780036836.2476354,27.114
1780036836.2530844,27.115
1780036836.2584348,27.113
1780036836.2644608,27.115
1780036836.2705417,27.114
1780036836.275887,27.114
1780036836.2812526,27.113
1780036836.2873156,27.113
1780036836.2934186,27.112
1780036836.2991827,27.113
1780036836.304622,27.112
1780036836.3100388,27.116
1780036836.3154874,27.116
1780036836.3210762,27.115
1780036836.3269742,27.115
1780036836.3322284,27.114
1780036836.3376203,27.114
1780036836.3430824,27.114
1780036836.3484352,27.115
1780036836.3544986,27.113
1780036836.3606536,27.116
1780036836.3664353,27.115
1780036836.3718677,27.115
1780036836.377253,27.115
1780036836.38332,27.114
1780036836.3893888,27.114
1780036836.3947012,27.115
1780036836.4000409,27.114
1780036836.4054863,27.116
1780036836.4110897,27.115
1780036836.4170077,27.115
1780036836.4222295,27.114
1780036836.4276414,27.114
1780036836.4330885,27.113
1780036836.4385328,27.114
1780036836.4438853,27.114
1780036836.4492173,27.114
1780036836.454607,27.113
1780036836.460048,27.113
1780036836.4657323,27.112
1780036836.4715369,27.112
1780036836.476817,27.112
1780036836.4822054,27.111
1780036836.4876163,27.112
1780036836.4936929,27.109
1780036836.4997928,27.112
1780036836.505825,27.116
1780036836.5116706,27.115
1780036836.5173326,27.114
1780036836.5229058,27.113
1780036836.528326,27.112
1780036836.5339186,27.113
1780036836.5392113,27.115
1780036836.5446212,27.116
1780036836.5499961,27.117
1780036836.5555491,27.117
1780036836.5612752,27.115
1780036836.5667758,27.113
1780036836.5726013,27.113
1780036836.5780861,27.112
1780036836.5836606,27.113
1780036836.5897167,27.115
1780036836.5958347,27.119
1780036836.6015918,27.118
1780036836.6073656,27.118
1780036836.6131227,27.115
1780036836.6187751,27.114
1780036836.624643,27.114
1780036836.6299076,27.115
1780036836.6352074,27.118
1780036836.6403973,27.12
1780036836.6460245,27.12
1780036836.6517775,27.119
1780036836.6581814,27.118
1780036836.6641142,27.118
1780036836.6694763,27.117
1780036836.6749063,27.118
1780036836.680287,27.118
1780036836.685968,27.117
1780036836.692022,27.12
1780036836.6978934,27.119
1780036836.703788,27.119
1780036836.709036,27.118
1780036836.7144508,27.118
1780036836.7198834,27.118
1780036836.7252321,27.119
1780036836.7314017,27.118
1780036836.7374172,27.121
1780036836.742786,27.121
1780036836.748516,27.119
1780036836.7541773,27.117
1780036836.7600346,27.117
1780036836.7654777,27.117
1780036836.7708442,27.117
1780036836.7768452,27.115
1780036836.7825,27.118
1780036836.7880313,27.118
1780036836.7937016,27.118
1780036836.7994158,27.118
1780036836.8050706,27.116
1780036836.810503,27.114
1780036836.8159022,27.114
1780036836.8212345,27.115
1780036836.8266702,27.117
1780036836.8322868,27.118
1780036836.838191,27.118
1780036836.8434422,27.118
1780036836.8488386,27.117
1780036836.854294,27.117
1780036836.8596451,27.117
1780036836.865094,27.117
1780036836.8704283,27.114
1780036836.8758385,27.116
1780036836.8812573,27.116
1780036836.886932,27.116
1780036836.893256,27.115
1780036836.8989415,27.114
1780036836.9044359,27.112
1780036836.9102647,27.113
1780036836.9159908,27.114
1780036836.9215572,27.116
1780036836.9270923,27.116
1780036836.9329717,27.117
1780036836.938238,27.116
1780036836.9435973,27.116
1780036836.949044,27.116
1780036836.9544399,27.116
1780036836.9598908,27.116
1780036836.9651892,27.113
1780036836.970368,27.114
1780036836.9760664,27.114
1780036836.9821792,27.113
1780036836.9880867,27.113
1780036836.9934828,27.113
1780036836.9988582,27.112
1780036837.0042868,27.113
1780036837.0096414,27.113
1780036837.0150447,27.113
1780036837.020375,27.114
1780036837.0255806,27.114
1780036837.0311875,27.114
1780036837.0364144,27.113
1780036837.0421007,27.113
1780036837.0474298,27.112
1780036837.0528233,27.113
1780036837.0582254,27.111
1780036837.0636547,27.113
1780036837.0690079,27.113
1780036837.0744145,27.112
1780036837.0798016,27.112
1780036837.0851874,27.111
1780036837.090431,27.111
1780036837.0960233,27.111
1780036837.1014233,27.112
1780036837.1067739,27.11
1780036837.1119483,27.112
1780036837.1175642,27.112
1780036837.1227608,27.112
1780036837.128678,27.111
1780036837.1345954,27.111
1780036837.1398404,27.11
1780036837.1452434,27.11
1780036837.1506975,27.111
1780036837.156302,27.111
1780036837.1623778,27.114
1780036837.1683044,27.114
1780036837.1742074,27.113
1780036837.1794455,27.113
1780036837.1847968,27.112
1780036837.1900482,27.112
1780036837.1956513,27.113
1780036837.2010813,27.111
1780036837.2065547,27.113
1780036837.2118356,27.113
1780036837.2172663,27.113
1780036837.2229464,27.112
1780036837.2292688,27.111
1780036837.2347572,27.11
1780036837.2402315,27.111
1780036837.245984,27.111
1780036837.2511716,27.112
1780036837.256808,27.113
1780036837.2622418,27.113
1780036837.2676263,27.113
1780036837.273309,27.112
1780036837.2789729,27.11
1780036837.2844272,27.11
1780036837.2899306,27.11
1780036837.2952616,27.11
1780036837.3009458,27.11
1780036837.307371,27.109
1780036837.313303,27.109
1780036837.3186796,27.109
1780036837.3240502,27.108
1780036837.3294985,27.108
1780036837.3348413,27.109
1780036837.3402514,27.106
1780036837.3457386,27.109
1780036837.3510985,27.108
1780036837.3564854,27.108
1780036837.362572,27.107
1780036837.3684914,27.107
1780036837.3738842,27.106
1780036837.3792694,27.107
1780036837.3846912,27.107
1780036837.3900049,27.107
1780036837.3951929,27.107
1780036837.4008272,27.107
1780036837.4062626,27.107
1780036837.4116564,27.106
1780036837.4170654,27.106
1780036837.422439,27.106
1780036837.4278183,27.106
1780036837.4332283,27.107
1780036837.4386861,27.106
1780036837.4443238,27.107
1780036837.4502232,27.107
1780036837.4554446,27.106
1780036837.4608176,27.106
1780036837.4662507,27.105
1780036837.4716816,27.105
1780036837.4770997,27.106
1780036837.4824066,27.103
1780036837.4878886,27.104
1780036837.4934974,27.103
1780036837.4993486,27.103
1780036837.5046477,27.103
1780036837.51005,27.102
1780036837.5155084,27.102
1780036837.520858,27.102
1780036837.526262,27.103
1780036837.5315857,27.101
1780036837.5370822,27.101
1780036837.5426736,27.1
1780036837.548544,27.1
1780036837.554731,27.099
1780036837.560629,27.099
1780036837.5658872,27.099
1780036837.571337,27.1
1780036837.5766878,27.097
1780036837.5823047,27.101
1780036837.5882578,27.103
1780036837.5937607,27.102
1780036837.5994868,27.101
1780036837.6050627,27.099
1780036837.6109629,27.099
1780036837.6162517,27.099
1780036837.621606,27.1
1780036837.6270144,27.102
1780036837.6323996,27.104
1780036837.637621,27.103
1780036837.6432085,27.103
1780036837.6486597,27.103
1780036837.6540225,27.103
1780036837.6594217,27.102
1780036837.6648374,27.103
1780036837.6702156,27.1
1780036837.675717,27.103
1780036837.68104,27.103
1780036837.6864636,27.102
1780036837.6918666,27.102
1780036837.6972275,27.102
1780036837.702608,27.101
1780036837.7079997,27.101
1780036837.7132075,27.102
1780036837.7187817,27.1
1780036837.7239525,27.1
1780036837.7296536,27.1
1780036837.7350283,27.1
1780036837.7404492,27.1
1780036837.7458632,27.099
1780036837.7513318,27.099
1780036837.7574072,27.1
1780036837.762709,27.1
1780036837.7681017,27.098
1780036837.773507,27.098
1780036837.7791066,27.097
1780036837.7850235,27.097
1780036837.7909534,27.097
1780036837.7969174,27.096
1780036837.8022516,27.097
1780036837.8076513,27.097
1780036837.813087,27.098
1780036837.8185484,27.1
1780036837.82385,27.099
1780036837.8292015,27.099
1780036837.834416,27.099
1780036837.8400428,27.098
1780036837.8455431,27.098
1780036837.8511827,27.099
1780036837.8568423,27.099
1780036837.862251,27.098
1780036837.8676722,27.099
1780036837.8731015,27.099
1780036837.8787107,27.098
1780036837.8846319,27.098
1780036837.890145,27.098
1780036837.895679,27.097
1780036837.9012797,27.098
1780036837.9066863,27.098
1780036837.9121437,27.1
1780036837.9174926,27.1
1780036837.9228747,27.099
1780036837.9285529,27.099
1780036837.9343934,27.098
1780036837.9396894,27.098
1780036837.9451354,27.098
1780036837.950458,27.099
1780036837.9559088,27.099
1780036837.961498,27.1
1780036837.967404,27.1
1780036837.972652,27.1
1780036837.978067,27.1
1780036837.9835107,27.099
1780036837.9888618,27.099
1780036837.9942942,27.1
1780036837.9995797,27.098
1780036838.00481,27.099
1780036838.010467,27.099
1780036838.016153,27.099
1780036838.0219684,27.098
1780036838.0272052,27.098
1780036838.0324202,27.097
1780036838.038065,27.098
1780036838.0435119,27.098
1780036838.0488524,27.097
1780036838.054295,27.1
1780036838.0596173,27.099
1780036838.0649178,27.099
1780036838.0708334,27.098
1780036838.076746,27.098
1780036838.0824552,27.097
1780036838.087869,27.098
1780036838.0932312,27.099
1780036838.0984576,27.098
1780036838.1040854,27.099
1780036838.1095042,27.099
1780036838.1151297,27.098
1780036838.121055,27.098
1780036838.1262865,27.097
1780036838.1316762,27.097
1780036838.1371033,27.098
1780036838.142454,27.097
1780036838.1484804,27.099
1780036838.1544507,27.098
1780036838.1604412,27.098
1780036838.1661334,27.097
1780036838.1717517,27.095
1780036838.1772597,27.094
1780036838.1827416,27.095
1780036838.18806,27.099
1780036838.193494,27.103
1780036838.198844,27.104
1780036838.2042427,27.104
1780036838.2096114,27.103
1780036838.214848,27.103
1780036838.2207286,27.103
1780036838.2266412,27.103
1780036838.231879,27.104
1780036838.2372887,27.104
1780036838.2427065,27.105
1780036838.2483222,27.105
1780036838.2542188,27.105
1780036838.2594583,27.104
1780036838.2648158,27.104
1780036838.270258,27.103
1780036838.2757497,27.104
1780036838.2811124,27.104
1780036838.2864733,27.102
1780036838.291865,27.102
1780036838.2972636,27.102
1780036838.3029795,27.101
1780036838.3092794,27.1
1780036838.3149405,27.099
1780036838.320367,27.099
1780036838.326095,27.1
1780036838.3314729,27.101
1780036838.3369853,27.103
1780036838.3423345,27.103
1780036838.347679,27.103
1780036838.353404,27.102
1780036838.3597822,27.101
1780036838.3656983,27.101
1780036838.3711035,27.102
1780036838.376455,27.102
1780036838.38214,27.102
1780036838.3884504,27.103
1780036838.3945456,27.102
1780036838.4005237,27.102
1780036838.4059064,27.101
1780036838.4112976,27.101
1780036838.4167163,27.102
1780036838.4220579,27.103
1780036838.4274766,27.102
1780036838.4328926,27.104
1780036838.4383097,27.103
1780036838.443917,27.103
1780036838.4498081,27.103
1780036838.4550602,27.102
1780036838.4604113,27.102
1780036838.4656606,27.103
1780036838.4712358,27.102
1780036838.4769945,27.101
1780036838.4827995,27.102
1780036838.488337,27.101
1780036838.4942405,27.101
1780036838.4997585,27.101
1780036838.5055149,27.099
1780036838.5108814,27.099
1780036838.5163438,27.1
1780036838.5216746,27.101
1780036838.527118,27.101
1780036838.532594,27.101
1780036838.537865,27.101
1780036838.5432415,27.1
1780036838.548659,27.1
1780036838.5540807,27.1
1780036838.5595088,27.1
1780036838.5647972,27.101
1780036838.5700905,27.099
1780036838.5759938,27.1
1780036838.5818918,27.1
1780036838.5874143,27.1
1780036838.5931156,27.098
1780036838.598617,27.096
1780036838.604592,27.097
1780036838.6099167,27.097
1780036838.6154494,27.099
1780036838.6213286,27.103
1780036838.626668,27.103
1780036838.6320674,27.103
1780036838.6381721,27.103
1780036838.644134,27.102
1780036838.6495063,27.102
1780036838.654833,27.103
1780036838.6603239,27.101
1780036838.6657357,27.103
1780036838.67106,27.102
1780036838.6764205,27.102
1780036838.6819665,27.101
1780036838.6876748,27.099
1780036838.6934628,27.098
1780036838.6993864,27.098
1780036838.704671,27.099
1780036838.710078,27.1
1780036838.715521,27.101
1780036838.7211142,27.101
1780036838.727044,27.1
1780036838.732265,27.1
1780036838.7376747,27.099
1780036838.7431223,27.099
1780036838.7485585,27.099
1780036838.753921,27.1
1780036838.7592678,27.1
1780036838.7646685,27.099
1780036838.7700856,27.099
1780036838.7757692,27.098
1780036838.7820666,27.098
1780036838.7877655,27.097
1780036838.793167,27.097
1780036838.7988884,27.097
1780036838.8042924,27.099
1780036838.8097956,27.101
1780036838.8151224,27.101
1780036838.820471,27.101
1780036838.826197,27.101
1780036838.8325052,27.1
1780036838.837981,27.099
1780036838.8434176,27.1
1780036838.848711,27.1
1780036838.854167,27.101
1780036838.8595243,27.101
1780036838.8651283,27.1
1780036838.8710356,27.1
1780036838.8762677,27.1
1780036838.8816152,27.099
1780036838.8868651,27.099
1780036838.8924582,27.1
1780036838.8985054,27.097
1780036838.9045098,27.101
1780036838.9105086,27.106
1780036838.9165149,27.111
1780036838.9226348,27.113
1780036838.9279456,27.113
1780036838.933296,27.113
1780036838.9387097,27.114
1780036838.944035,27.113
1780036838.949213,27.115
1780036838.9548478,27.115
1780036838.960029,27.115
1780036838.965628,27.115
1780036838.9712753,27.114
1780036838.976986,27.112
1780036838.9825168,27.112
1780036838.9879518,27.113
1780036838.9932153,27.11
1780036838.998403,27.111
1780036839.0040119,27.11
1780036839.009211,27.11
1780036839.0148385,27.109
1780036839.020209,27.109
1780036839.0256522,27.108
1780036839.0311203,27.109
1780036839.0364654,27.109
1780036839.0418782,27.109
1780036839.0472243,27.11
1780036839.0525124,27.11
1780036839.0582047,27.108
1780036839.064127,27.108
1780036839.0694685,27.107
1780036839.074838,27.107
1780036839.0802684,27.108
1780036839.0856047,27.107
1780036839.0907874,27.107
1780036839.0963962,27.108
1780036839.1016397,27.107
1780036839.1072555,27.107
1780036839.1130521,27.106
1780036839.1192582,27.105
1780036839.1247613,27.105
1780036839.1300871,27.105
1780036839.1354744,27.105
1780036839.1408272,27.107
1780036839.1464143,27.106
1780036839.1519673,27.105
1780036839.1576946,27.105
1780036839.1630726,27.104
1780036839.1684394,27.104
1780036839.1738966,27.104
1780036839.179231,27.105
1780036839.184425,27.103
1780036839.190054,27.105
1780036839.195481,27.104
1780036839.2011254,27.104
1780036839.2069867,27.104
1780036839.2122798,27.104
1780036839.2176862,27.103
1780036839.223128,27.104
1780036839.228476,27.102
1780036839.2339077,27.104
1780036839.2392263,27.104
1780036839.244474,27.104
1780036839.2500796,27.104
1780036839.2557883,27.103
1780036839.2615833,27.102
1780036839.2668438,27.103
1780036839.272081,27.104
1780036839.2776644,27.104
1780036839.2831306,27.107
1780036839.2884889,27.107
1780036839.2938874,27.107
1780036839.2992396,27.106
1780036839.304664,27.105
1780036839.3100908,27.105
1780036839.315522,27.106
1780036839.3208632,27.107
1780036839.3262975,27.107
1780036839.3316371,27.108
1780036839.3370817,27.107
1780036839.3427532,27.107
1780036839.3487294,27.107
1780036839.3547301,27.106
1780036839.360629,27.106
1780036839.3658779,27.107
1780036839.3712788,27.109
1780036839.3767316,27.111
1780036839.38209,27.111
1780036839.3881507,27.11
1780036839.3942342,27.11
1780036839.3995364,27.109
1780036839.4049044,27.109
1780036839.4103413,27.11
1780036839.4156575,27.11
1780036839.4210727,27.109
1780036839.4264834,27.11
1780036839.4319308,27.11
1780036839.437547,27.11
1780036839.443447,27.109
1780036839.4486773,27.109
1780036839.4540353,27.109
1780036839.459286,27.109
1780036839.4648867,27.108
1780036839.4703481,27.11
1780036839.4756584,27.11
1780036839.481053,27.109
1780036839.4865005,27.109
1780036839.4922407,27.108
1780036839.498004,27.108
1780036839.5033343,27.108
1780036839.5086758,27.109
1780036839.5141165,27.11
1780036839.5195353,27.109
1780036839.5251436,27.109
1780036839.5310595,27.109
1780036839.536291,27.108
1780036839.5416994,27.108
1780036839.5471265,27.108
1780036839.55249,27.108
1780036839.5579224,27.105
1780036839.5633116,27.109
1780036839.5686817,27.109
1780036839.5740836,27.109
1780036839.5797896,27.108
1780036839.5860722,27.107
1780036839.5916193,27.106
1780036839.5970023,27.107
1780036839.6023564,27.107
1780036839.6077127,27.109
1780036839.6133943,27.108
1780036839.6196713,27.108
1780036839.6254246,27.106
1780036839.6311443,27.104
1780036839.636756,27.102
1780036839.6421654,27.102
1780036839.6476321,27.103
1780036839.653335,27.1
1780036839.6586695,27.107
1780036839.6640143,27.115
1780036839.6691759,27.126
1780036839.674864,27.136
1780036839.6806307,27.147
1780036839.686979,27.161
1780036839.6930344,27.169
1780036839.6985834,27.177
1780036839.704233,27.184
1780036839.7098024,27.191
1780036839.7153687,27.201
1780036839.7209287,27.212
1780036839.726525,27.22
1780036839.7321641,27.23
1780036839.7377374,27.241
1780036839.7433233,27.25
1780036839.7487655,28.004
1780036839.754185,28.013
1780036839.7595217,28.03
1780036839.7648373,28.052
1780036839.770275,28.059
1780036839.7759104,28.063
1780036839.781973,28.066
1780036839.787658,28.065
1780036839.7930577,28.064
1780036839.7984807,28.063
1780036839.8039362,28.061
1780036839.8092873,28.061
1780036839.8147392,28.061
1780036839.820044,28.06
1780036839.825464,28.061
1780036839.8308804,28.06
1780036839.8366144,28.059
1780036839.842883,28.057
1780036839.8486054,28.056
1780036839.854058,28.054
1780036839.8596966,28.054
1780036839.865096,28.053
1780036839.8704455,28.057
1780036839.8757544,28.056
1780036839.8814352,28.055
1780036839.8869774,28.053
1780036839.8927484,28.05
1780036839.898273,28.047
1780036839.9041462,28.048
1780036839.9095185,28.048
1780036839.9150171,28.049
1780036839.9203577,28.047
1780036839.9259377,28.046
1780036839.9318507,28.045
1780036839.9370832,28.043
1780036839.9424427,28.042
1780036839.9478843,28.041
1780036839.9532967,28.04
1780036839.958732,28.037
1780036839.9641354,28.04
1780036839.969492,28.038
1780036839.9749036,28.037
1780036839.980618,28.036
1780036839.9868715,28.034
1780036839.9924436,28.032
1780036839.9978201,28.032
1780036840.003138,28.032
1780036840.0085537,28.031
1780036840.014404,28.034
1780036840.020614,28.036
1780036840.0265267,28.035
1780036840.0319293,28.034
1780036840.0373144,28.033
1780036840.0427334,28.032
1780036840.048101,28.032
1780036840.0534956,28.029
1780036840.0590136,28.03
1780036840.064362,28.029
1780036840.0696907,28.028
1780036840.0754275,28.026
1780036840.081669,28.025
1780036840.087196,28.023
1780036840.0926943,28.023
1780036840.0984542,28.024
1780036840.103924,28.025
1780036840.1095037,28.023
1780036840.115571,28.025
1780036840.121265,28.025
1780036840.1266603,28.023
1780036840.1321094,28.022
1780036840.1375437,28.021
1780036840.1428845,28.021
1780036840.148529,28.019
1780036840.1541755,28.022
1780036840.1597786,28.02
1780036840.1659095,28.022
1780036840.1716812,28.022
1780036840.1771216,28.02
1780036840.1825104,28.02
1780036840.1879363,28.02
1780036840.1932695,28.018
1780036840.1986742,28.018
1780036840.2040513,28.018
1780036840.2094529,28.017
1780036840.21514,28.016
1780036840.2210252,28.015
1780036840.2263026,28.014
1780036840.2316551,28.013
1780036840.2370863,28.013
1780036840.2424738,28.011
1780036840.2485719,28.012
1780036840.2545862,28.011
1780036840.2599483,28.009
1780036840.2653112,28.008
1780036840.2714043,28.006
1780036840.277386,28.005
1780036840.282732,28.005
1780036840.2880664,28.002
1780036840.2935066,28.004
1780036840.2991583,28.003
1780036840.3050394,28.002
1780036840.3103077,28.001
1780036840.3156495,28.0
1780036840.321093,27.254
1780036840.3264973,27.253
1780036840.3319435,27.253
1780036840.3372934,27.251
1780036840.3426962,27.251
1780036840.3481216,27.25
1780036840.3538046,27.249
1780036840.359622,27.247
1780036840.3648634,27.246
1780036840.3702443,27.244
1780036840.3756855,27.244
1780036840.381139,27.241
1780036840.3865733,27.242
1780036840.3919096,27.241
1780036840.397253,27.24
1780036840.4027863,27.238
1780036840.4083726,27.236
1780036840.41426,27.235
1780036840.4194927,27.234
1780036840.424857,27.234
1780036840.4302773,27.232
1780036840.43607,27.233
1780036840.4420116,27.233
1780036840.4476917,27.232
1780036840.4534457,27.231
1780036840.4592483,27.228
1780036840.4647365,27.226
1780036840.4705093,27.226
1780036840.4758983,27.224
1780036840.48128,27.228
1780036840.486747,27.228
1780036840.492366,27.227
1780036840.4982648,27.226
1780036840.5034933,27.225
1780036840.5088491,27.224
1780036840.5140996,27.223
1780036840.5197034,27.223
1780036840.525719,27.22
1780036840.531272,27.222
1780036840.5367873,27.221
1780036840.5427911,27.22
1780036840.5487027,27.219
1780036840.554255,27.218
1780036840.5598881,27.217
1780036840.5652559,27.217
1780036840.570487,27.216
1780036840.576101,27.219
1780036840.5815463,27.219
1780036840.5871463,27.218
1780036840.593111,27.217
1780036840.5985055,27.215
1780036840.6040215,27.212
1780036840.609876,27.212
1780036840.6151388,27.212
1780036840.6204727,27.211
1780036840.6259148,27.212
1780036840.6312957,27.211
1780036840.6375484,27.21
1780036840.6434329,27.209
1780036840.648691,27.208
1780036840.6540737,27.207
1780036840.659547,27.207
1780036840.6649213,27.203
1780036840.670895,27.206
1780036840.676496,27.204
1780036840.6820214,27.203
1780036840.688039,27.201
1780036840.6939452,27.2
1780036840.6997097,27.199
1780036840.7051349,27.199
1780036840.7104194,27.199
1780036840.7158935,27.198
1780036840.722119,27.2
1780036840.7274501,27.2
1780036840.7329876,27.199
1780036840.738681,27.196
1780036840.7442846,27.193
1780036840.7501266,27.193
1780036840.7555287,27.194
1780036840.7609499,27.194
1780036840.7663636,27.193
1780036840.7719455,27.192
1780036840.7778604,27.192
1780036840.7830963,27.19
1780036840.7885199,27.189
1780036840.7939467,27.188
1780036840.7993307,27.188
1780036840.804742,27.185
1780036840.8101413,27.186
1780036840.8154995,27.185
1780036840.8208969,27.185
1780036840.8266475,27.183
1780036840.8330004,27.182
1780036840.8389628,27.181
1780036840.8443444,27.18
1780036840.84971,27.18
1780036840.8554192,27.179
1780036840.8617024,27.18
1780036840.8674428,27.178
1780036840.873183,27.177
1780036840.8789206,27.174
1780036840.8846593,27.172
1780036840.8905473,27.172
1780036840.8959305,27.173
1780036840.9014082,27.177
1780036840.9069993,27.176
1780036840.913407,27.175
1780036840.9193866,27.175
1780036840.9247456,27.174
1780036840.930108,27.173
1780036840.9355102,27.172
1780036840.9409006,27.172
1780036840.9463315,27.168
1780036840.9517884,27.172
1780036840.9571538,27.171
1780036840.962516,27.17
1780036840.9686944,27.168
1780036840.9745734,27.167
1780036840.979906,27.167
1780036840.9853008,27.167
1780036840.990752,27.167
1780036840.9964182,27.166
1780036841.0025175,27.168
1780036841.0083513,27.168
1780036841.0142488,27.167
1780036841.019499,27.166
1780036841.024895,27.165
1780036841.030384,27.165
1780036841.0356946,27.165
1780036841.0417314,27.162
1780036841.047461,27.165
1780036841.052978,27.164
1780036841.0585537,27.164
1780036841.0639036,27.163
1780036841.0693388,27.163
1780036841.0749888,27.161
1780036841.0807824,27.161
1780036841.086098,27.162
1780036841.0915549,27.161
1780036841.0969276,27.162
1780036841.102376,27.162
1780036841.1079695,27.16
1780036841.1138768,27.16
1780036841.1191015,27.158
1780036841.124444,27.158
1780036841.1296263,27.158
1780036841.1353645,27.156
1780036841.1410437,27.156
1780036841.1474197,27.156
1780036841.153349,27.156
1780036841.1587396,27.155
1780036841.164147,27.154
1780036841.1695578,27.153
1780036841.1750126,27.153
1780036841.1803107,27.154
1780036841.185672,27.151
1780036841.1909683,27.15
1780036841.1966166,27.148
1780036841.202644,27.148
1780036841.2081974,27.146
1780036841.214013,27.144
1780036841.2195725,27.143
1780036841.225334,27.143
1780036841.230713,27.143
1780036841.2360566,27.147
1780036841.2413008,27.146
1780036841.2471485,27.145
1780036841.2530305,27.144
1780036841.2583027,27.143
1780036841.2637305,27.143
1780036841.2691529,27.143
1780036841.2744906,27.143
1780036841.2805786,27.141
1780036841.286727,27.143
1780036841.292504,27.143
1780036841.297938,27.142
1780036841.3033357,27.141
1780036841.3094127,27.14
1780036841.3154452,27.14
1780036841.320762,27.14
1780036841.3261254,27.139
1780036841.3315582,27.14
1780036841.3371663,27.139
1780036841.343085,27.138
1780036841.348611,27.137
1780036841.3543322,27.135
1780036841.359746,27.133
1780036841.3651927,27.133
1780036841.3704998,27.134
1780036841.3759303,27.134
1780036841.3813047,27.134
1780036841.3870127,27.134
1780036841.393713,27.133
1780036841.3994346,27.131
1780036841.4053013,27.131
1780036841.410743,27.131
1780036841.4160836,27.131
1780036841.4215598,27.132
1780036841.4271598,27.133
1780036841.4330585,27.132
1780036841.4383106,27.132
1780036841.4436681,27.131
1780036841.4490664,27.13
1780036841.45451,27.129
1780036841.459961,27.129
1780036841.465301,27.128
1780036841.4706805,27.127
1780036841.476111,27.128
1780036841.481556,27.127
1780036841.4871545,27.126
1780036841.4931362,27.126
1780036841.4991777,27.125
1780036841.505092,27.125
1780036841.5103462,27.125
1780036841.5157177,27.124
1780036841.5211596,27.125
1780036841.5265136,27.125
1780036841.5325968,27.124
1780036841.5385675,27.123
1780036841.5439541,27.122
1780036841.5493524,27.122
1780036841.5547662,27.122
1780036841.5601017,27.12
1780036841.5655048,27.122
1780036841.57087,27.122
1780036841.5763123,27.121
1780036841.5819786,27.121
1780036841.5878882,27.12
1780036841.5934057,27.12
1780036841.5988855,27.12
1780036841.6045122,27.12
1780036841.6103148,27.12
1780036841.6159282,27.121
1780036841.6215193,27.121
1780036841.6274228,27.121
1780036841.6327178,27.12
1780036841.6380687,27.12
1780036841.6432858,27.119
1780036841.6488762,27.12
1780036841.6543288,27.117
1780036841.6597638,27.12
1780036841.6650999,27.12
1780036841.6705084,27.119
1780036841.675929,27.119
1780036841.6812997,27.118
1780036841.6867268,27.118
1780036841.6920707,27.118
1780036841.6972952,27.118
1780036841.7028368,27.116
1780036841.7080066,27.116
1780036841.7136798,27.116
1780036841.7190635,27.116
1780036841.7244997,27.115
1780036841.7299244,27.115
1780036841.7353997,27.114
1780036841.7415075,27.115
1780036841.7472966,27.116
1780036841.7526844,27.113
1780036841.7580836,27.114
1780036841.7634919,27.114
1780036841.7688658,27.114
1780036841.7744079,27.113
1780036841.7801135,27.112
1780036841.7855985,27.112
1780036841.791201,27.113
1780036841.7964964,27.112
1780036841.8019025,27.114
1780036841.807291,27.114
1780036841.8127117,27.114
1780036841.8181612,27.114
1780036841.8238592,27.113
1780036841.8297005,27.112
1780036841.8351858,27.113
1780036841.8409061,27.114
1780036841.846332,27.114
1780036841.851742,27.115
1780036841.8571625,27.115
1780036841.8627799,27.114
1780036841.8686848,27.114
1780036841.8741875,27.114
1780036841.8797174,27.113
1780036841.8853574,27.114
1780036841.8907561,27.114
1780036841.8962107,27.116
1780036841.901558,27.115
1780036841.9069178,27.115
1780036841.9126225,27.115
1780036841.9189217,27.114
1780036841.9244285,27.113
1780036841.9298892,27.113
1780036841.9351892,27.114
1780036841.9406264,27.116
1780036841.9459686,27.116
1780036841.9513648,27.115
1780036841.9573977,27.115
1780036841.9628937,27.114
1780036841.9684737,27.112
1780036841.9739842,27.113
1780036841.9792948,27.114
1780036841.9848673,27.114
1780036841.9904149,27.115
1780036841.9959483,27.114
1780036842.0017362,27.113
1780036842.0071235,27.113
1780036842.012523,27.112
1780036842.0179732,27.112
1780036842.0233881,27.113
1780036842.0287387,27.113
1780036842.03408,27.111
1780036842.0395143,27.111
1780036842.0449388,27.111
1780036842.0506358,27.11
1780036842.0569232,27.11
1780036842.062616,27.109
1780036842.0680184,27.109
1780036842.0737302,27.109
1780036842.0791304,27.112
1780036842.0846503,27.115
1780036842.0899777,27.114
1780036842.0955958,27.114
1780036842.1014798,27.114
1780036842.106716,27.113
1780036842.1120858,27.113
1780036842.117553,27.114
1780036842.1228967,27.115
1780036842.1283655,27.114
1780036842.133694,27.116
1780036842.139086,27.115
1780036842.1445072,27.115
1780036842.15034,27.114
1780036842.1566145,27.113
1780036842.1627054,27.114
1780036842.1685061,27.115
1780036842.1739292,27.117
1780036842.1793332,27.118
1780036842.1847742,27.118
1780036842.1903658,27.118
1780036842.1963372,27.117
1780036842.2018535,27.116
1780036842.2074082,27.116
1780036842.2129543,27.116
1780036842.218331,27.116
1780036842.223669,27.121
1780036842.2288597,27.121
1780036842.2345192,27.12
1780036842.2399154,27.12
1780036842.2456074,27.12
1780036842.251502,27.119
1780036842.2567613,27.12
1780036842.2621315,27.12
1780036842.2675724,27.121
1780036842.2731612,27.122
1780036842.2790656,27.122
1780036842.284323,27.122
1780036842.2897336,27.122
1780036842.2951765,27.121
1780036842.300535,27.121
1780036842.3059742,27.122
1780036842.3113098,27.12
1780036842.3166852,27.121
1780036842.3221748,27.122
1780036842.3278277,27.121
1780036842.3341305,27.121
1780036842.3398314,27.12
1780036842.345398,27.119
1780036842.3507888,27.119
1780036842.3560972,27.12
1780036842.361745,27.121
1780036842.3677833,27.121
1780036842.3734896,27.119
1780036842.3792953,27.118
1780036842.3850405,27.115
1780036842.390747,27.113
1780036842.39662,27.114
1780036842.4019217,27.115
1780036842.4073062,27.118
1780036842.412776,27.121
1780036842.4183624,27.121
1780036842.4243147,27.12
1780036842.4298253,27.12
1780036842.4355674,27.118
1780036842.4409826,27.116
1780036842.4468803,27.116
1780036842.4523242,27.116
1780036842.457728,27.12
1780036842.4634507,27.121
1780036842.469743,27.121
1780036842.4753888,27.119
1780036842.4809823,27.118
1780036842.486409,27.117
1780036842.4919558,27.118
1780036842.4973223,27.119
1780036842.5027132,27.122
1780036842.5080957,27.124
1780036842.5135252,27.123
1780036842.5189505,27.123
1780036842.5246391,27.122
1780036842.5309238,27.122
1780036842.5364416,27.121
1780036842.5418787,27.122
1780036842.5471628,27.122
1780036842.5526564,27.124
1780036842.557978,27.124
1780036842.5633564,27.124
1780036842.5694127,27.123
1780036842.5754013,27.122
1780036842.5807688,27.122
1780036842.5862017,27.122
1780036842.5915816,27.123
1780036842.5969584,27.124
1780036842.6023433,27.123
1780036842.6077023,27.123
1780036842.613137,27.122
1780036842.6187813,27.122
1780036842.6246808,27.121
1780036842.629925,27.121
1780036842.6352727,27.122
1780036842.6405091,27.12
1780036842.6464217,27.124
1780036842.652439,27.125
1780036842.6583772,27.125
1780036842.664307,27.125
1780036842.6698215,27.124
1780036842.675301,27.123
1780036842.6809769,27.123
1780036842.68634,27.123
1780036842.6917384,27.125
1780036842.6971543,27.125
1780036842.7025359,27.124
1780036842.7086604,27.124
1780036842.714574,27.123
1780036842.7199643,27.123
1780036842.7253428,27.123
1780036842.7307758,27.124
1780036842.7361155,27.124
1780036842.7415454,27.126
1780036842.7468905,27.125
1780036842.752426,27.125
1780036842.758175,27.124
1780036842.763932,27.123
1780036842.769824,27.123
1780036842.775135,27.123
1780036842.7804933,27.123
1780036842.7859335,27.125
1780036842.7915282,27.125
1780036842.7974474,27.125
1780036842.8027325,27.124
1780036842.8081331,27.124
1780036842.8135805,27.123
1780036842.8189635,27.123
1780036842.8243546,27.124
1780036842.8296437,27.122
1780036842.8352747,27.123
1780036842.8408122,27.121
1780036842.8468385,27.121
1780036842.8527598,27.12
1780036842.8582654,27.119
1780036842.8637588,27.117
1780036842.8693812,27.117
1780036842.8747427,27.116
1780036842.8800688,27.12
1780036842.8855007,27.12
1780036842.8912024,27.118
1780036842.897112,27.117
1780036842.9029984,27.116
1780036842.9090176,27.115
1780036842.9144816,27.115
1780036842.9197855,27.115
1780036842.9251873,27.115
1780036842.9305234,27.117
1780036842.9359167,27.116
1780036842.9413388,27.115
1780036842.9467876,27.114
1780036842.9523985,27.113
1780036842.958345,27.113
1780036842.9641027,27.113
1780036842.9695358,27.112
1780036842.974886,27.116
1780036842.98034,27.116
1780036842.9859948,27.115
1780036842.9919112,27.115
1780036842.9974172,27.114
1780036843.0028872,27.112
1780036843.0086386,27.112
1780036843.013948,27.113
1780036843.0193534,27.115
1780036843.0247643,27.114
1780036843.0301378,27.114
1780036843.0358324,27.113
1780036843.0421433,27.112
1780036843.0478327,27.11
1780036843.0532558,27.11
1780036843.0589435,27.111
1780036843.0643377,27.113
1780036843.0698745,27.115
1780036843.0751867,27.115
1780036843.0805292,27.115
1780036843.0862699,27.114
1780036843.0925074,27.113
1780036843.098048,27.111
1780036843.1035209,27.112
1780036843.1093342,27.11
1780036843.1147344,27.113
1780036843.1201456,27.114
1780036843.1255412,27.113
1780036843.13116,27.113
1780036843.1370506,27.113
1780036843.1423404,27.112
1780036843.1477356,27.112
1780036843.153149,27.112
1780036843.158501,27.112
1780036843.1642742,27.114
1780036843.1698325,27.112
1780036843.1757545,27.112
1780036843.1814606,27.11
1780036843.1874921,27.11
1780036843.193329,27.109
1780036843.1987622,27.11
1780036843.2040925,27.109
1780036843.2094939,27.112
1780036843.2151785,27.112
1780036843.2210894,27.112
1780036843.2263398,27.111
1780036843.2317274,27.11
1780036843.2371888,27.11
1780036843.242539,27.11
1780036843.247989,27.11
1780036843.2533348,27.108
1780036843.2587316,27.107
1780036843.2641487,27.107
1780036843.2695856,27.106
1780036843.2751815,27.105
1780036843.2810783,27.105
1780036843.286338,27.104
1780036843.2917304,27.104
1780036843.2971823,27.102
1780036843.3026247,27.104
1780036843.3086042,27.103
1780036843.3146756,27.102
1780036843.320588,27.101
1780036843.3259642,27.101
1780036843.331375,27.1
1780036843.3367934,27.1
1780036843.3421369,27.101
1780036843.3475475,27.1
1780036843.35291,27.101
1780036843.35835,27.101
1780036843.3637753,27.101
1780036843.3694813,27.1
1780036843.3758564,27.099
1780036843.3818312,27.099
1780036843.3871794,27.099
1780036843.3925278,27.097
1780036843.3982694,27.099
1780036843.404039,27.1
1780036843.4093134,27.099
1780036843.4148443,27.098
1780036843.4205163,27.096
1780036843.426434,27.096
1780036843.4322307,27.096
1780036843.4375565,27.097
1780036843.4429412,27.096
1780036843.4483612,27.096
1780036843.4537508,27.096
1780036843.459513,27.095
1780036843.4658265,27.093
1780036843.4718113,27.093
1780036843.4771814,27.093
1780036843.4825287,27.093
1780036843.4887211,27.093
1780036843.4947119,27.097
1780036843.500247,27.096
1780036843.5060446,27.095
1780036843.5117922,27.094
1780036843.5175264,27.092
1780036843.5234468,27.092
1780036843.5287476,27.092
1780036843.5341003,27.093
1780036843.5395467,27.095
1780036843.545201,27.095
1780036843.551085,27.095
1780036843.5563433,27.094
1780036843.5617359,27.094
1780036843.5671992,27.093
1780036843.5725486,27.093
1780036843.5779953,27.094
1780036843.583319,27.092
1780036843.5887136,27.093
1780036843.5941286,27.093
1780036843.5995524,27.092
1780036843.605197,27.092
1780036843.6111035,27.091
1780036843.6163423,27.09
1780036843.6216874,27.091
1780036843.6268995,27.089
1780036843.6325765,27.09
1780036843.638595,27.09
1780036843.644648,27.088
1780036843.65057,27.088
1780036843.6559827,27.088
1780036843.6613762,27.087
1780036843.6667922,27.087
1780036843.6721482,27.088
1780036843.6775527,27.087
1780036843.682878,27.089
1780036843.6881726,27.088
1780036843.694055,27.088
1780036843.699957,27.087
1780036843.7054646,27.087
1780036843.7109528,27.085
1780036843.7165902,27.085
1780036843.7219837,27.083
1780036843.7273073,27.088
1780036843.7327068,27.087
1780036843.7381597,27.087
1780036843.7438731,27.086
1780036843.7501833,27.085
1780036843.7562516,27.084
1780036843.761597,27.084
1780036843.766923,27.085
1780036843.7723486,27.086
1780036843.7777033,27.087
1780036843.7831843,27.087
1780036843.788929,27.086
1780036843.794858,27.085
1780036843.8005013,27.084
1780036843.8057494,27.084
1780036843.811336,27.084
1780036843.8167255,27.082
1780036843.8221285,27.086
1780036843.8275068,27.086
1780036843.8331933,27.085
1780036843.8390894,27.085
1780036843.8443449,27.084
1780036843.849765,27.083
1780036843.8551915,27.083
1780036843.8605518,27.084
1780036843.8659487,27.083
1780036843.8712907,27.085
1780036843.8764985,27.084
1780036843.8821528,27.084
1780036843.8878598,27.083
1780036843.8937118,27.082
1780036843.8989344,27.082
1780036843.904321,27.082
1780036843.9096727,27.082
1780036843.9148574,27.081
1780036843.9204829,27.081
1780036843.9259818,27.081
1780036843.9320176,27.081
1780036843.9373374,27.08
1780036843.942765,27.079
1780036843.9481168,27.079
1780036843.9535186,27.08
1780036843.9588747,27.078
1780036843.964051,27.08
1780036843.969707,27.08
1780036843.9749453,27.079
1780036843.980806,27.078
1780036843.9866939,27.078
1780036843.9919376,27.077
1780036843.9973485,27.077
1780036844.0028,27.078
1780036844.0081186,27.077
1780036844.0133069,27.077
1780036844.0188982,27.077
1780036844.0240958,27.076
1780036844.0297487,27.075
1780036844.035162,27.075
1780036844.0405097,27.074
1780036844.045945,27.075
1780036844.0513253,27.075
1780036844.0566921,27.073
1780036844.06212,27.073
1780036844.067551,27.073
1780036844.072952,27.073
1780036844.0783525,27.072
1780036844.0837176,27.072
1780036844.089101,27.072
1780036844.0945044,27.072
1780036844.099706,27.07
1780036844.1053972,27.072
1780036844.1107392,27.072
1780036844.1161711,27.072
1780036844.121681,27.071
1780036844.1272423,27.07
1780036844.1331513,27.069
1780036844.1390676,27.07
1780036844.144354,27.071
1780036844.1497052,27.071
1780036844.1548836,27.071
1780036844.1605473,27.07
1780036844.1659539,27.07
1780036844.1713495,27.069
1780036844.1767302,27.069
1780036844.182095,27.068
1780036844.187348,27.069
1780036844.1929297,27.069
1780036844.1981053,27.068
1780036844.2037127,27.068
1780036844.2089002,27.068
1780036844.2145166,27.068
1780036844.220705,27.067
1780036844.2266142,27.066
1780036844.2319863,27.066
1780036844.2373724,27.067
1780036844.2427516,27.066
1780036844.2480862,27.065
1780036844.2533503,27.065
1780036844.2589333,27.065
1780036844.264372,27.064
1780036844.269725,27.064
1780036844.2751207,27.063
1780036844.2805564,27.064
1780036844.285935,27.065
1780036844.2913272,27.063
1780036844.296503,27.063
1780036844.3023806,27.062
1780036844.3083074,27.062
1780036844.313553,27.061
1780036844.3189244,27.061
1780036844.3243117,27.06
1780036844.3296905,27.061
1780036844.3348856,27.058
1780036844.340595,27.061
1780036844.3459456,27.061
1780036844.351343,27.061
1780036844.3567693,27.06
1780036844.362206,27.06
1780036844.367547,27.059
1780036844.3729033,27.059
1780036844.3781066,27.06
1780036844.3836782,27.058
1780036844.3888528,27.059
1780036844.3945107,27.058
1780036844.399767,27.058
1780036844.4056568,27.057
1780036844.4115639,27.057
1780036844.4167883,27.056
1780036844.422112,27.057
1780036844.4273548,27.058
1780036844.4329376,27.057
1780036844.438302,27.057
1780036844.443709,27.056
1780036844.4491029,27.056
1780036844.4545672,27.055
1780036844.4599724,27.055
1780036844.4653351,27.054
1780036844.4707596,27.055
1780036844.4760952,27.055
1780036844.4812858,27.054
1780036844.4869359,27.054
1780036844.4923532,27.054
1780036844.4977367,27.054
1780036844.5031333,27.053
1780036844.5085406,27.052
1780036844.5139277,27.052
1780036844.5193331,27.053
1780036844.5247564,27.051
1780036844.5302196,27.053
1780036844.535545,27.053
1780036844.540986,27.053
1780036844.5464103,27.052
1780036844.551733,27.052
1780036844.5574174,27.051
1780036844.5628679,27.051
1780036844.568569,27.052
1780036844.5739655,27.052
1780036844.579313,27.053
1780036844.5846303,27.053
1780036844.5903993,27.052
1780036844.5964184,27.052
1780036844.602391,27.052
1780036844.6081088,27.051
1780036844.6133633,27.052
1780036844.6189196,27.05
1780036844.6241095,27.053
1780036844.6297102,27.053
1780036844.634955,27.052
1780036844.6405418,27.052
1780036844.645937,27.052
1780036844.6513636,27.051
1780036844.656765,27.051
1780036844.6621506,27.052
1780036844.6675599,27.051
1780036844.672912,27.052
1780036844.6784844,27.052
1780036844.68405,27.051
1780036844.6900268,27.05
1780036844.695951,27.05
1780036844.7011685,27.05
1780036844.7065237,27.05
1780036844.7119117,27.048
1780036844.7174184,27.051
1780036844.722746,27.051
1780036844.7281191,27.05
1780036844.7333078,27.05
1780036844.7389545,27.05
1780036844.7446826,27.049
1780036844.7504666,27.049
1780036844.755705,27.05
1780036844.7609074,27.049
1780036844.7666464,27.052
1780036844.7719533,27.051
1780036844.7773955,27.051
1780036844.7831144,27.051
1780036844.7888074,27.048
1780036844.7941892,27.047
1780036844.7996256,27.047
1780036844.8049448,27.048
1780036844.8103588,27.05
1780036844.815751,27.052
1780036844.821135,27.052
1780036844.826521,27.051
1780036844.8317666,27.051
1780036844.8373303,27.051
1780036844.842723,27.05
1780036844.8481078,27.051
1780036844.8533509,27.049
1780036844.8590052,27.051
1780036844.8644202,27.051
1780036844.8700235,27.05
1780036844.875958,27.05
1780036844.8812687,27.05
1780036844.886994,27.048
1780036844.8925202,27.048
1780036844.8980567,27.049
1780036844.903459,27.048
1780036844.9093575,27.052
1780036844.914788,27.052
1780036844.9201813,27.052
1780036844.9262664,27.051
1780036844.9322412,27.051
1780036844.9376042,27.051
1780036844.942956,27.051
1780036844.9483783,27.05
1780036844.9538193,27.052
1780036844.9591568,27.051
1780036844.9645126,27.051
1780036844.970054,27.051
1780036844.9757838,27.049
1780036844.9815054,27.048
1780036844.987411,27.049
1780036844.9932964,27.049
1780036844.998541,27.05
1780036845.0041661,27.052
1780036845.010296,27.051
1780036845.016222,27.051
1780036845.0216005,27.051
1780036845.0269632,27.05
1780036845.032416,27.05
1780036845.0377672,27.05
1780036845.0431755,27.048
1780036845.0485938,27.051
1780036845.0539405,27.05
1780036845.0593002,27.05
1780036845.0644608,27.05
1780036845.0700765,27.05
1780036845.0755234,27.049
1780036845.081035,27.049
1780036845.0869474,27.05
1780036845.0923705,27.048
1780036845.0981398,27.05
1780036845.104057,27.05
1780036845.1099858,27.05
1780036845.1159143,27.05
1780036845.1211612,27.049
1780036845.1265283,27.049
1780036845.1319644,27.049
1780036845.137319,27.049
1780036845.142559,27.049
1780036845.148154,27.049
1780036845.1536,27.049
1780036845.1589751,27.049
1780036845.16468,27.048
1780036845.170948,27.048
1780036845.176464,27.047
1780036845.1817758,27.048
1780036845.1871774,27.048
1780036845.1929975,27.051
1780036845.198818,27.05
1780036845.2047024,27.049
1780036845.2099645,27.049
1780036845.2153683,27.048
1780036845.2208211,27.048
1780036845.2262259,27.048
1780036845.2315803,27.048
1780036845.2369893,27.048
1780036845.2423995,27.048
1780036845.2477622,27.047
1780036845.2534797,27.047
1780036845.2597432,27.046
1780036845.2655025,27.044
1780036845.2710183,27.044
1780036845.2766104,27.045
1780036845.2819808,27.046
1780036845.2873113,27.048
1780036845.2925549,27.048
1780036845.2982023,27.048
1780036845.3038669,27.048
1780036845.3096657,27.047
1780036845.3149278,27.046
1780036845.3201752,27.047
1780036845.3257153,27.048
1780036845.3312936,27.048
1780036845.3368306,27.05
1780036845.3426058,27.052
1780036845.3479915,27.054
1780036845.3533185,27.056
1780036845.3588796,27.058
1780036845.364416,27.06
1780036845.3701913,27.062
1780036845.3755808,27.061
1780036845.3809679,27.066
1780036845.386427,27.066
1780036845.3920133,27.066
1780036845.397907,27.065
1780036845.4031696,27.065
1780036845.4085784,27.064
1780036845.414022,27.064
1780036845.4193752,27.065
1780036845.4247847,27.064
1780036845.4301233,27.065
1780036845.4355047,27.065
1780036845.441275,27.063
1780036845.4471347,27.063
1780036845.45237,27.062
1780036845.4577348,27.061
1780036845.4631758,27.062
1780036845.468515,27.062
1780036845.4737563,27.062
1780036845.4793465,27.063
1780036845.484742,27.063
1780036845.4901834,27.063
1780036845.4958973,27.062
1780036845.502164,27.061
1780036845.5076792,27.061
1780036845.5131261,27.061
1780036845.5184116,27.062
1780036845.5238512,27.065
1780036845.529169,27.065
1780036845.5345137,27.065
1780036845.5400193,27.065
1780036845.5457487,27.064
1780036845.5516446,27.063
1780036845.5574234,27.064
1780036845.5627832,27.064
1780036845.5682418,27.064
1780036845.5736034,27.064
1780036845.578997,27.063
1780036845.58469,27.063
1780036845.590966,27.062
1780036845.5966551,27.061
1780036845.6020584,27.061
1780036845.6077945,27.061
1780036845.6131778,27.064
1780036845.6187043,27.066
1780036845.6242726,27.066
1780036845.6300251,27.064
1780036845.635668,27.063
1780036845.641528,27.062
1780036845.6467698,27.062
1780036845.6522284,27.062
1780036845.6576157,27.061
1780036845.6632922,27.063
1780036845.6693776,27.066
1780036845.6752672,27.066
1780036845.68113,27.066
1780036845.6863728,27.065
1780036845.6917796,27.065
1780036845.6972284,27.065
1780036845.7025676,27.065
1780036845.7085912,27.065
1780036845.7147079,27.068
1780036845.7207375,27.071
1780036845.7263067,27.07
1780036845.7320457,27.068
1780036845.7376683,27.066
1780036845.7435443,27.066
1780036845.7487736,27.066
1780036845.7541604,27.062
1780036845.7596064,27.072
1780036845.765062,27.085
1780036845.7713053,27.098
1780036845.7772057,27.11
1780036845.783237,27.121
1780036845.7891147,27.131
1780036845.7943776,27.141
1780036845.799746,27.15
1780036845.8051753,27.162
1780036845.8108542,27.173
1780036845.81675,27.181
1780036845.822282,27.191
1780036845.828046,27.2
1780036845.8337052,27.209
1780036845.839538,27.218
1780036845.844772,27.227
1780036845.8501155,27.236
1780036845.855359,27.247
1780036845.8609655,28.004
1780036845.86639,28.027
1780036845.8717287,28.03
1780036845.8771398,28.034
1780036845.882561,28.034
1780036845.8880274,28.033
1780036845.8936768,28.032
1780036845.899573,28.031
1780036845.904865,28.03
1780036845.910354,28.029
1780036845.9156847,28.029
1780036845.9210768,28.027
1780036845.9269724,28.028
1780036845.9324152,28.027
1780036845.9378211,28.026
1780036845.9439278,28.024
1780036845.9498084,28.023
1780036845.9552336,28.022
1780036845.960533,28.022
1780036845.965964,28.02
1780036845.9715664,28.021
1780036845.9774907,28.02
1780036845.9827833,28.019
1780036845.988193,28.019
1780036845.994287,28.017
1780036846.000211,28.016
1780036846.0056114,28.016
1780036846.0109682,28.016
1780036846.0164132,28.014
1780036846.022038,28.014
1780036846.027971,28.013
1780036846.0334766,28.011
1780036846.0391293,28.008
1780036846.0447807,28.005
1780036846.0506313,28.005
1780036846.0560138,28.005
1780036846.061425,28.006
1780036846.0668337,28.005
1780036846.0724266,28.004
1780036846.0783498,28.003
1780036846.08358,28.002
1780036846.0889866,28.0
1780036846.0944364,27.255
1780036846.099784,27.254
1780036846.105227,27.25
1780036846.1107156,27.253
1780036846.116022,27.252
1780036846.1214056,27.251
1780036846.1268282,27.25
1780036846.1324375,27.249
1780036846.1383667,27.248
1780036846.1436203,27.247
1780036846.148983,27.247
1780036846.1544368,27.246
1780036846.1600575,27.247
1780036846.1659596,27.246
1780036846.171456,27.244
1780036846.177116,27.242
1780036846.1825047,27.24
1780036846.188044,27.239
1780036846.1934173,27.239
1780036846.198793,27.236
1780036846.2041419,27.24
1780036846.2095404,27.241
1780036846.2149866,27.24
1780036846.221158,27.238
1780036846.227063,27.237
1780036846.2323847,27.236
1780036846.2377582,27.236
1780036846.2432325,27.236
1780036846.2485607,27.236
1780036846.25399,27.237
1780036846.259489,27.236
1780036846.2648387,27.236
1780036846.270192,27.235
1780036846.2759044,27.233
1780036846.2816992,27.232
1780036846.2870085,27.232
1780036846.292423,27.23
1780036846.2978814,27.233
1780036846.3039298,27.232
1780036846.3098457,27.231
1780036846.3152387,27.23
1780036846.320585,27.229
1780036846.326685,27.228
1780036846.332634,27.228
1780036846.3380177,27.228
1780036846.3434703,27.227
1780036846.349117,27.225
1780036846.3555036,27.224
1780036846.3614297,27.223
1780036846.3668294,27.222
1780036846.3721883,27.221
1780036846.3775864,27.221
1780036846.3829634,27.221
1780036846.3884006,27.22
1780036846.393779,27.221
1780036846.3992295,27.22
1780036846.404611,27.219
1780036846.4103377,27.218
1780036846.4165668,27.217
1780036846.422098,27.216
1780036846.4275587,27.216
1780036846.432852,27.214
1780036846.4384086,27.217
1780036846.4444752,27.22
1780036846.4501886,27.219
1780036846.4555845,27.218
1780036846.4610538,27.217
1780036846.4664483,27.217
1780036846.471815,27.216
1780036846.4772296,27.217
1780036846.4825554,27.215
1780036846.487949,27.215
1780036846.4934084,27.214
1780036846.4990861,27.212
1780036846.504871,27.211
1780036846.510154,27.21
1780036846.515557,27.209
1780036846.5210247,27.209
1780036846.5264432,27.206
1780036846.5321043,27.207
1780036846.5381503,27.209
1780036846.5440648,27.208
1780036846.5499678,27.208
1780036846.5551867,27.207
1780036846.560554,27.206
1780036846.5659902,27.206
1780036846.571385,27.206
1780036846.5774841,27.204
1780036846.5836256,27.207
1780036846.5893857,27.206
1780036846.594821,27.205
1780036846.6002252,27.204
1780036846.6063273,27.203
1780036846.6123228,27.203
1780036846.6176434,27.203
1780036846.622991,27.203
1780036846.6284456,27.204
1780036846.6340468,27.204
1780036846.6399746,27.203
1780036846.645487,27.202
1780036846.651253,27.199
1780036846.656677,27.198
1780036846.6625905,27.198
1780036846.66801,27.196
1780036846.673375,27.2
1780036846.6790977,27.2
1780036846.6854026,27.199
1780036846.6910648,27.198
1780036846.6967318,27.196
1780036846.70227,27.195
1780036846.7082813,27.195
1780036846.713634,27.196
1780036846.719313,27.198
1780036846.7253952,27.2
1780036846.731259,27.2
1780036846.7371373,27.199
1780036846.7423878,27.198
1780036846.7477806,27.197
1780036846.7532423,27.197
1780036846.7585704,27.198
1780036846.7642753,27.196
1780036846.7697487,27.199
1780036846.7755435,27.2
1780036846.781453,27.199
1780036846.7868302,27.198
1780036846.7921617,27.198
1780036846.7976174,27.197
1780036846.8030674,27.197
1780036846.8084116,27.196
1780036846.8137918,27.196
1780036846.8192322,27.196
1780036846.8246038,27.195
1780036846.8307285,27.194
1780036846.8366375,27.193
1780036846.8419914,27.192
1780036846.847409,27.192
1780036846.8528361,27.193
1780036846.8582032,27.192
1780036846.863603,27.192
1780036846.8690178,27.191
1780036846.874432,27.19
1780036846.879807,27.19
1780036846.8855252,27.189
1780036846.8912065,27.188
1780036846.8966193,27.189
1780036846.9019883,27.188
1780036846.9074585,27.188
1780036846.912846,27.188
1780036846.9182243,27.187
1780036846.9236066,27.187
1780036846.9289777,27.186
1780036846.9344056,27.185
1780036846.9397848,27.184
1780036846.9452438,27.185
1780036846.9505603,27.182
1780036846.9559627,27.186
1780036846.961332,27.185
1780036846.9666455,27.184
1780036846.9727066,27.183
1780036846.9784107,27.182
1780036846.984342,27.181
1780036846.989593,27.182
1780036846.9949412,27.182
1780036847.0002043,27.182
1780036847.0057971,27.184
1780036847.0112493,27.183
1780036847.0165727,27.182
1780036847.022006,27.182
1780036847.0274332,27.181
1780036847.0328476,27.18
1780036847.038188,27.181
1780036847.0436103,27.178
1780036847.0491083,27.182
1780036847.0544496,27.181
1780036847.0597959,27.18
1780036847.0655403,27.179
1780036847.0713212,27.178
1780036847.076825,27.178
1780036847.0827136,27.178
1780036847.087997,27.178
1780036847.0933921,27.179
1780036847.0988424,27.18
1780036847.1042604,27.18
1780036847.1099877,27.179
1780036847.1163354,27.178
1780036847.1224136,27.177
1780036847.128174,27.178
1780036847.1336565,27.178
1780036847.1389956,27.178
1780036847.144445,27.18
1780036847.1498168,27.18
1780036847.1552067,27.179
1780036847.1605422,27.179
1780036847.166088,27.177
1780036847.1716306,27.175
1780036847.1774652,27.175
1780036847.1827958,27.175
1780036847.1882296,27.174
1780036847.193648,27.174
1780036847.1989968,27.174
1780036847.2050533,27.173
1780036847.2110517,27.172
1780036847.2164378,27.171
1780036847.2218056,27.171
1780036847.227253,27.172
1780036847.2325816,27.17
1780036847.2380135,27.172
1780036847.243435,27.171
1780036847.2488549,27.171
1780036847.2544594,27.17
1780036847.2603574,27.169
1780036847.2655954,27.168
1780036847.2710536,27.168
1780036847.2764573,27.169
1780036847.2818406,27.167
1780036847.2872527,27.166
1780036847.2926245,27.166
1780036847.2980096,27.165
1780036847.3034065,27.164
1780036847.3091128,27.163
1780036847.3149097,27.162
1780036847.3202395,27.162
1780036847.325634,27.161
1780036847.3309555,27.163
1780036847.3364391,27.163
1780036847.3418243,27.163
1780036847.3472097,27.162
1780036847.3525853,27.161
1780036847.358008,27.16
1780036847.363415,27.16
1780036847.3688452,27.16
1780036847.3741944,27.158
1780036847.3796139,27.159
1780036847.385015,27.159
1780036847.3904483,27.158
1780036847.3960896,27.157
1780036847.401994,27.156
1780036847.4072566,27.156
1780036847.412573,27.156
1780036847.418007,27.153
1780036847.4234939,27.155
1780036847.4294622,27.154
1780036847.4355545,27.152
1780036847.4414308,27.152
1780036847.4468422,27.151
1780036847.4522283,27.15
1780036847.4576476,27.151
1780036847.4630013,27.151
1780036847.4684172,27.15
1780036847.4737663,27.151
1780036847.479053,27.15
1780036847.4849374,27.149
1780036847.4908278,27.148
1780036847.496336,27.147
1780036847.501828,27.145
1780036847.5074456,27.146
1780036847.5128412,27.144
1780036847.5181623,27.148
1780036847.5235791,27.148
1780036847.529017,27.148
1780036847.5347178,27.147
1780036847.5410316,27.146
1780036847.5467286,27.144
1780036847.5520937,27.144
1780036847.5577838,27.145
1780036847.5632074,27.146
1780036847.5685608,27.148
1780036847.5738666,27.147
1780036847.5797036,27.146
1780036847.5855994,27.145
1780036847.5911071,27.144
1780036847.5966299,27.142
1780036847.6022556,27.143
1780036847.6076229,27.141
1780036847.61292,27.145
1780036847.6184394,27.144
1780036847.6245468,27.143
1780036847.6300879,27.142
1780036847.6359932,27.141
1780036847.6414905,27.14
1780036847.646964,27.14
1780036847.6526203,27.14
1780036847.658019,27.139
1780036847.66338,27.14
1780036847.6688006,27.139
1780036847.6742427,27.139
1780036847.6799126,27.137
1780036847.6862483,27.136
1780036847.6917424,27.135
1780036847.6971989,27.136
1780036847.702983,27.136
1780036847.7083867,27.138
1780036847.7138104,27.138
1780036847.7192607,27.137
1780036847.72485,27.136
1780036847.7307785,27.136
1780036847.7360044,27.135
1780036847.7414021,27.135
1780036847.7468643,27.135
1780036847.7524583,27.134
1780036847.758523,27.137
1780036847.764447,27.136
1780036847.7703512,27.136
1780036847.7756023,27.135
1780036847.781012,27.134
1780036847.786425,27.134
1780036847.7917826,27.134
1780036847.7972422,27.132
1780036847.8027048,27.134
1780036847.808046,27.133
1780036847.8134098,27.133
1780036847.8191092,27.132
1780036847.8249087,27.131
1780036847.8301485,27.13
1780036847.835405,27.13
1780036847.8410165,27.13
1780036847.8464656,27.129
1780036847.8520517,27.13
1780036847.857958,27.13
1780036847.8632066,27.129
1780036847.8685994,27.128
1780036847.8740616,27.127
1780036847.8794262,27.127
1780036847.884856,27.127
1780036847.8901598,27.125
1780036847.8955564,27.125
1780036847.9009676,27.125
1780036847.9062262,27.125
1780036847.9117725,27.124
1780036847.9171662,27.124
1780036847.9225664,27.123
1780036847.9279628,27.122
1780036847.9334006,27.123
1780036847.9388115,27.121
1780036847.9442873,27.123
1780036847.9495914,27.122
1780036847.9549782,27.122
1780036847.9604056,27.121
1780036847.9657805,27.12
1780036847.9718788,27.119
1780036847.9773836,27.119
1780036847.9826918,27.119
1780036847.9881074,27.119
1780036847.9942403,27.122
1780036847.9996111,27.121
1780036848.005434,27.12
1780036848.010812,27.119
1780036848.0162332,27.119
1780036848.0216587,27.118
1780036848.026987,27.119
1780036848.0324216,27.116
1780036848.0377963,27.12
1780036848.0432355,27.12
1780036848.04865,27.119
1780036848.054348,27.118
1780036848.0605805,27.117
1780036848.066132,27.116
1780036848.07161,27.116
1780036848.0774128,27.116
1780036848.082813,27.116
1780036848.0882332,27.118
1780036848.0936587,27.117
1780036848.0990016,27.117
1780036848.1050563,27.116
1780036848.110728,27.115
1780036848.1161346,27.114
1780036848.1218314,27.115
1780036848.1272182,27.115
1780036848.1327245,27.118
1780036848.1380653,27.117
1780036848.143428,27.117
1780036848.1495414,27.116
1780036848.155468,27.115
1780036848.1608515,27.114
1780036848.1662846,27.114
1780036848.171665,27.114
1780036848.1772962,27.114
1780036848.183371,27.117
1780036848.1892583,27.116
1780036848.1951673,27.116
1780036848.2004137,27.115
1780036848.2058039,27.114
1780036848.2112281,27.114
1780036848.2165878,27.114
1780036848.2220633,27.113
1780036848.2273958,27.114
1780036848.2329297,27.114
1780036848.2384856,27.113
1780036848.2443972,27.112
1780036848.2498968,27.112
1780036848.255415,27.11
1780036848.2610567,27.11
1780036848.2664542,27.109
1780036848.2717881,27.112
1780036848.2771862,27.111
1780036848.2826133,27.111
1780036848.2883425,27.11
1780036848.29472,27.109
1780036848.3006601,27.108
1780036848.3060503,27.109
1780036848.3113902,27.109
1780036848.3171,27.11
1780036848.322945,27.111
1780036848.3281753,27.11
1780036848.333576,27.11
1780036848.3390157,27.109
1780036848.3451333,27.108
1780036848.3510742,27.108
1780036848.3564496,27.108
1780036848.3617969,27.107
1780036848.367498,27.109
1780036848.373329,27.109
1780036848.3785577,27.108
1780036848.3840969,27.107
1780036848.3898354,27.106
1780036848.39539,27.105
1780036848.400912,27.104
1780036848.4062302,27.105
1780036848.411927,27.105
1780036848.418325,27.106
1780036848.4243796,27.106
1780036848.4299498,27.105
1780036848.436257,27.104
1780036848.4417367,27.102
1780036848.4471252,27.103
1780036848.4524674,27.103
1780036848.4578836,27.106
1780036848.4635105,27.105
1780036848.4693556,27.104
1780036848.4748569,27.104
1780036848.4807749,27.103
1780036848.4860072,27.102
1780036848.4914212,27.102
1780036848.496872,27.102
1780036848.5024118,27.1
1780036848.5082297,27.104
1780036848.5136232,27.104
1780036848.5190375,27.104
1780036848.5251193,27.104
1780036848.531089,27.103
1780036848.5364623,27.103
1780036848.5418952,27.103
1780036848.5472765,27.104
1780036848.5528817,27.103
1780036848.55894,27.107
1780036848.5648713,27.106
1780036848.570785,27.106
1780036848.5760138,27.105
1780036848.5813756,27.105
1780036848.586818,27.105
1780036848.592202,27.106
1780036848.5983713,27.104
1780036848.604401,27.108
1780036848.6097686,27.108
1780036848.6152954,27.106
1780036848.6212955,27.105
1780036848.6271977,27.105
1780036848.6324801,27.105
1780036848.637793,27.106
1780036848.6432238,27.103
1780036848.6489127,27.107
1780036848.654955,27.109
1780036848.6608016,27.109
1780036848.6666887,27.109
1780036848.6720214,27.109
1780036848.6774223,27.108
1780036848.6828735,27.109
1780036848.6882353,27.11
1780036848.6936364,27.109
1780036848.6989813,27.11
1780036848.7045188,27.11
1780036848.7102697,27.109
1780036848.715978,27.108
1780036848.7218754,27.108
1780036848.7272544,27.108
1780036848.7326052,27.108
1780036848.7380593,27.106
1780036848.743424,27.11
1780036848.7488375,27.111
1780036848.7541664,27.11
1780036848.7596111,27.11
1780036848.765031,27.11
1780036848.7707467,27.109
1780036848.7765307,27.109
1780036848.7818358,27.11
1780036848.787272,27.11
1780036848.792692,27.111
1780036848.798331,27.111
1780036848.8046129,27.11
1780036848.8102994,27.109
1780036848.8158867,27.108
1780036848.8213208,27.107
1780036848.8269067,27.108
1780036848.832203,27.108
1780036848.837612,27.11
1780036848.8429787,27.111
1780036848.8485217,27.11
1780036848.8542502,27.108
1780036848.8599226,27.107
1780036848.8659074,27.106
1780036848.8712647,27.107
1780036848.8766258,27.108
1780036848.8823242,27.108
1780036848.8881245,27.109
1780036848.8933856,27.109
1780036848.8987727,27.109
1780036848.9042401,27.108
1780036848.9103377,27.108
1780036848.9163413,27.108
1780036848.9216783,27.108
1780036848.9269888,27.107
1780036848.9324298,27.109
1780036848.9380906,27.109
1780036848.9440036,27.108
1780036848.9495056,27.108
1780036848.9551587,27.105
1780036848.96058,27.104
1780036848.9660828,27.104
1780036848.9714196,27.105
1780036848.9775982,27.105
1780036848.9836187,27.108
1780036848.9894047,27.108
1780036848.9951255,27.106
1780036849.000777,27.104
1780036849.0063589,27.102
1780036849.0122068,27.103
1780036849.0176501,27.104
1780036849.0234158,27.108
1780036849.0294366,27.111
1780036849.0352864,27.111
1780036849.0412111,27.111
1780036849.0465546,27.11
1780036849.0522776,27.108
1780036849.0577772,27.108
1780036849.0633373,27.109
1780036849.0686786,27.107
1780036849.0745733,27.112
1780036849.080777,27.112
1780036849.0867023,27.112
1780036849.0920691,27.111
1780036849.0974364,27.111
1780036849.1028836,27.11
1780036849.108296,27.11
1780036849.1136413,27.11
1780036849.1190407,27.109
1780036849.124415,27.108
1780036849.1298473,27.108
1780036849.1359353,27.107
1780036849.141905,27.106
1780036849.1472743,27.105
1780036849.1526377,27.105
1780036849.1580825,27.105
1780036849.163505,27.104
1780036849.1694405,27.109
1780036849.1747968,27.109
1780036849.1801593,27.109
1780036849.1853814,27.108
1780036849.1913078,27.107
1780036849.197223,27.107
1780036849.2024686,27.107
1780036849.2078292,27.107
1780036849.213229,27.107
1780036849.2189062,27.108
1780036849.2247758,27.108
1780036849.230029,27.107
1780036849.2353854,27.107
1780036849.2408204,27.106
1780036849.2462378,27.106
1780036849.2516832,27.106
1780036849.2570047,27.102
1780036849.2623806,27.104
1780036849.2678401,27.104
1780036849.2733579,27.103
1780036849.2789128,27.102
1780036849.2848837,27.102
1780036849.290793,27.101
1780036849.296027,27.101
1780036849.3014207,27.102
1780036849.3068767,27.1
1780036849.3124819,27.101
1780036849.318397,27.101
1780036849.3236299,27.101
1780036849.329039,27.1
1780036849.3344884,27.1
1780036849.3398356,27.099
1780036849.345285,27.1
1780036849.3505862,27.097
1780036849.355884,27.099
1780036849.3615212,27.098
1780036849.3675437,27.098
1780036849.3728874,27.098
1780036849.3782434,27.097
1780036849.384332,27.096
1780036849.3903131,27.096
1780036849.395672,27.096
1780036849.4010494,27.096
1780036849.4064784,27.095
1780036849.412079,27.095
1780036849.4179873,27.094
1780036849.4232306,27.094
1780036849.4286358,27.093
1780036849.4340854,27.092
1780036849.4394379,27.093
1780036849.444881,27.089
1780036849.4503114,27.092
1780036849.455672,27.092
1780036849.4610524,27.092
1780036849.4667377,27.091
1780036849.4725468,27.09
1780036849.477789,27.09
1780036849.48303,27.089
1780036849.4886239,27.09
1780036849.4947956,27.089
1780036849.5008216,27.092
1780036849.5066066,27.092
1780036849.5120027,27.092
1780036849.5174327,27.092
1780036849.5235307,27.091
1780036849.529565,27.09
1780036849.534886,27.091
1780036849.5402186,27.089
1780036849.545921,27.091
1780036849.5523553,27.091
1780036849.558275,27.091
1780036849.5636768,27.09
1780036849.569069,27.089
1780036849.574488,27.089
1780036849.5799005,27.089
1780036849.5852535,27.089
1780036849.5906174,27.088
1780036849.596045,27.087
1780036849.6014698,27.087
1780036849.607167,27.086
1780036849.6134026,27.085
1780036849.619111,27.084
1780036849.624529,27.084
1780036849.6302874,27.084
1780036849.6356518,27.086
1780036849.6410127,27.088
1780036849.646433,27.088
1780036849.6518521,27.088
1780036849.6579695,27.087
1780036849.663873,27.087
1780036849.6692748,27.086
1780036849.6746233,27.086
1780036849.680081,27.084
1780036849.68551,27.088
1780036849.690832,27.087
1780036849.6961744,27.087
1780036849.701724,27.086
1780036849.7072651,27.085
1780036849.713114,27.084
1780036849.7184412,27.084
1780036849.723796,27.085
1780036849.7292645,27.085
1780036849.734767,27.087
1780036849.7400897,27.087
1780036849.7454257,27.087
1780036849.7508595,27.086
1780036849.756251,27.085
1780036849.7616835,27.085
1780036849.7670424,27.085
1780036849.7724528,27.086
1780036849.7778516,27.087
1780036849.7832918,27.091
1780036849.7886353,27.092
1780036849.794713,27.095
1780036849.8007617,27.096
1780036849.8060927,27.098
1780036849.8114402,27.1
1780036849.8168907,27.103
1780036849.8222044,27.102
1780036849.827613,27.104
1780036849.8329878,27.104
1780036849.8385527,27.103
1780036849.8442678,27.102
1780036849.8499403,27.1
1780036849.855924,27.099
1780036849.8612924,27.099
1780036849.8666277,27.099
1780036849.8720696,27.101
1780036849.8774617,27.102
1780036849.8828344,27.101
1780036849.888252,27.1
1780036849.8936892,27.098
1780036849.8992953,27.097
1780036849.9051874,27.095
1780036849.9104376,27.094
1780036849.9157946,27.092
1780036849.9212453,27.096
1780036849.9266646,27.096
1780036849.9321573,27.094
1780036849.9377549,27.093
1780036849.9434056,27.091
1780036849.9488072,27.089
1780036849.9542468,27.088
1780036849.959691,27.088
1780036849.9650586,27.086
1780036849.970451,27.088
1780036849.9758306,27.087
1780036849.9812508,27.086
1780036849.9866543,27.084
1780036849.99235,27.082
1780036849.9981544,27.08
1780036850.0034852,27.08
1780036850.0088835,27.076
1780036850.0143292,27.079
1780036850.0204003,27.078
1780036850.0263464,27.077
1780036850.0316827,27.075
1780036850.037052,27.073
1780036850.0431578,27.071
1780036850.0491135,27.07
1780036850.0544817,27.07
1780036850.0598674,27.069
1780036850.0655158,27.069
1780036850.071363,27.067
1780036850.0766242,27.066
1780036850.082009,27.065
1780036850.0874474,27.063
1780036850.0928936,27.062
1780036850.0982425,27.061
1780036850.103652,27.057
1780036850.1091065,27.061
1780036850.1144993,27.06
1780036850.1198678,27.059
1780036850.125557,27.057
1780036850.1318314,27.056
1780036850.1376169,27.053
1780036850.143087,27.052
1780036850.1486425,27.051
1780036850.1547012,27.053
1780036850.1606956,27.057
1780036850.1664248,27.058
1780036850.1721504,27.057
1780036850.1778448,27.055
1780036850.1835997,27.053
1780036850.1895099,27.054
1780036850.1948717,27.056
1780036850.2002788,27.06
1780036850.205942,27.061
1780036850.2117274,27.06
1780036850.217011,27.06
1780036850.2224033,27.06
1780036850.2278085,27.06
1780036850.233239,27.06
1780036850.2386866,27.061
1780036850.2440505,27.062
1780036850.2494473,27.061
1780036850.2548668,27.061
1780036850.2602832,27.061
1780036850.265967,27.06
1780036850.2722924,27.06
1780036850.2779593,27.059
1780036850.2833884,27.059
1780036850.2890718,27.06
1780036850.2944505,27.061
1780036850.2999668,27.064
1780036850.3053024,27.064
1780036850.3106816,27.064
1780036850.3167744,27.063
1780036850.322695,27.063
1780036850.3280807,27.063
1780036850.3335302,27.064
1780036850.3388977,27.064
1780036850.3445091,27.063
1780036850.350556,27.066
1780036850.3564944,27.066
1780036850.3624682,27.066
1780036850.3684757,27.066
1780036850.3743875,27.066
1780036850.379645,27.066
1780036850.3850188,27.067
1780036850.3905036,27.068
1780036850.3960712,27.069
1780036850.4019787,27.069
1780036850.4072456,27.069
1780036850.4126422,27.068
1780036850.4180956,27.068
1780036850.4234648,27.068
1780036850.4288924,27.069
1780036850.4341993,27.069
1780036850.4396038,27.068
1780036850.4450555,27.068
1780036850.4505048,27.068
1780036850.456092,27.068
1780036850.4620094,27.068
1780036850.4672444,27.067
1780036850.4725862,27.068
1780036850.4777644,27.069
1780036850.4833982,27.067
1780036850.489489,27.07
1780036850.4955301,27.07
1780036850.5009034,27.07
1780036850.5062535,27.07
1780036850.512341,27.069
1780036850.5183978,27.069
1780036850.523701,27.07
1780036850.5289958,27.069
1780036850.534185,27.07
1780036850.539907,27.071
1780036850.545238,27.071
1780036850.55062,27.07
1780036850.556057,27.07
1780036850.561755,27.07
1780036850.5676782,27.07
1780036850.5734398,27.071
1780036850.5788562,27.072
1780036850.5842032,27.073
1780036850.5896473,27.073
1780036850.5950708,27.073
1780036850.6011744,27.072
1780036850.6070988,27.072
1780036850.612482,27.072
1780036850.617832,27.073
1780036850.623292,27.071
1780036850.6287205,27.075
1780036850.6340485,27.075
1780036850.6394157,27.075
1780036850.6448479,27.075
1780036850.6502714,27.075
1780036850.6559782,27.074
1780036850.6617675,27.075
1780036850.6670709,27.075
1780036850.6724842,27.076
1780036850.6779866,27.078
1780036850.6833055,27.078
1780036850.6888928,27.078
1780036850.6947958,27.078
1780036850.700049,27.077
1780036850.705439,27.077
1780036850.7109053,27.078
1780036850.716252,27.078
1780036850.72199,27.078
1780036850.7283647,27.079
1780036850.7343423,27.079
1780036850.7396953,27.079
1780036850.745057,27.078
1780036850.7511504,27.078
1780036850.757088,27.078
1780036850.762497,27.079
1780036850.767851,27.08
1780036850.7735538,27.081
1780036850.7798502,27.081
1780036850.785561,27.08
1780036850.7911239,27.079
1780036850.7967322,27.078
1780036850.8021417,27.078
1780036850.807594,27.079
1780036850.8128839,27.083
1780036850.8183877,27.085
1780036850.8239534,27.085
1780036850.8302665,27.084
1780036850.8359623,27.083
1780036850.841564,27.083
1780036850.8469768,27.082
1780036850.8525326,27.083
1780036850.8578165,27.085
1780036850.8630052,27.086
1780036850.8686404,27.088
1780036850.8740606,27.088
1780036850.8794327,27.088
1780036850.885155,27.088
1780036850.8909664,27.087
1780036850.8962247,27.087
1780036850.9016087,27.088
1780036850.906995,27.086
1780036850.9125571,27.088
1780036850.918252,27.087
1780036850.92375,27.086
1780036850.92997,27.086
1780036850.935926,27.086
1780036850.9412978,27.086
1780036850.9467163,27.086
1780036850.9521055,27.087
1780036850.9575193,27.087
1780036850.9628477,27.086
1780036850.9682055,27.086
1780036850.9734173,27.086
1780036850.9790485,27.086
1780036850.9844737,27.085
1780036850.9898443,27.085
1780036850.9953003,27.086
1780036851.0006142,27.083
1780036851.0060601,27.086
1780036851.011465,27.086
1780036851.017144,27.086
1780036851.0229173,27.085
1780036851.028576,27.084
1780036851.0344028,27.084
1780036851.039656,27.084
1780036851.0449815,27.086
1780036851.0503933,27.087
1780036851.0559082,27.089
1780036851.0620446,27.092
1780036851.0676136,27.092
1780036851.073305,27.09
1780036851.078884,27.089
1780036851.084773,27.089
1780036851.090061,27.089
1780036851.0954382,27.09
1780036851.100877,27.094
1780036851.1064954,27.094
1780036851.112395,27.094
1780036851.1176524,27.093
1780036851.1230774,27.093
1780036851.1287816,27.093
1780036851.134247,27.093
1780036851.1398475,27.094
1780036851.1452942,27.094
1780036851.15062,27.095
1780036851.1559362,27.094
1780036851.1615744,27.093
1780036851.1675007,27.093
1780036851.1729028,27.093
1780036851.1782706,27.092
1780036851.183712,27.093
1780036851.189047,27.093
1780036851.1944518,27.093
1780036851.1998227,27.094
1780036851.2052586,27.093
1780036851.21066,27.093
1780036851.216842,27.092
1780036851.2227144,27.092
1780036851.2280538,27.092
1780036851.233439,27.093
1780036851.238862,27.092
1780036851.2443423,27.094
1780036851.2496536,27.094
1780036851.255001,27.094
1780036851.260565,27.093
1780036851.2662685,27.092
1780036851.2717998,27.091
1780036851.2773793,27.092
1780036851.282675,27.093
1780036851.288099,27.092
1780036851.2934818,27.094
1780036851.2991517,27.093
1780036851.3054848,27.093
1780036851.3111346,27.092
1780036851.3167336,27.091
1780036851.3222332,27.091
1780036851.3277407,27.092
1780036851.333058,27.093
1780036851.3385136,27.096
1780036851.3438709,27.096
1780036851.3493383,27.097
1780036851.3549254,27.096
1780036851.360826,27.096
1780036851.366059,27.095
1780036851.3715408,27.096
1780036851.3769145,27.097
1780036851.3822646,27.097
1780036851.3877177,27.098
1780036851.3930483,27.098
1780036851.398446,27.097
1780036851.4038572,27.097
1780036851.4096503,27.097
1780036851.41542,27.096
1780036851.4207287,27.097
1780036851.4260745,27.096
1780036851.4314656,27.1
1780036851.4369178,27.101
1780036851.4423685,27.101
1780036851.4482963,27.1
1780036851.4539318,27.099
1780036851.4595292,27.098
1780036851.464912,27.099
1780036851.4702322,27.1
1780036851.4758947,27.101
1780036851.481298,27.101
1780036851.4866197,27.101
1780036851.4922483,27.101
1780036851.497983,27.1
1780036851.5037313,27.1
1780036851.509635,27.1
1780036851.5149038,27.1
1780036851.5202553,27.1
1780036851.5256956,27.102
1780036851.5310676,27.102
1780036851.5365202,27.102
1780036851.5418346,27.102
1780036851.5472295,27.102
1780036851.5526547,27.101
1780036851.5581179,27.102
1780036851.5634766,27.102
1780036851.5688818,27.101
1780036851.5742233,27.103
1780036851.5794497,27.102
1780036851.585097,27.102
1780036851.5907907,27.102
1780036851.5970526,27.101
1780036851.602577,27.1
1780036851.6080184,27.101
1780036851.6133306,27.099
1780036851.6186829,27.103
1780036851.624112,27.104
1780036851.629475,27.104
1780036851.6355245,27.103
1780036851.6414564,27.102
1780036851.6475627,27.101
1780036851.6535378,27.101
1780036851.658897,27.102
1780036851.6643496,27.106
1780036851.6697211,27.107
1780036851.6750782,27.107
1780036851.6804862,27.107
1780036851.6858437,27.107
1780036851.691279,27.106
1780036851.6966848,27.106
1780036851.7021117,27.107
1780036851.7074394,27.106
1780036851.7128506,27.108
1780036851.7182612,27.108
1780036851.723784,27.108
1780036851.7293708,27.108
1780036851.735331,27.108
1780036851.7412271,27.108
1780036851.7464592,27.108
1780036851.7518039,27.108
1780036851.757006,27.109
1780036851.7626483,27.111
1780036851.7687645,27.11
1780036851.7748778,27.11
1780036851.7806563,27.109
1780036851.7860935,27.109
1780036851.7914696,27.109
1780036851.7969196,27.11
1780036851.8024125,27.107
1780036851.8076713,27.109
1780036851.8130407,27.109
1780036851.8184743,27.108
1780036851.8241463,27.108
1780036851.83003,27.108
1780036851.835267,27.107
1780036851.840675,27.107
1780036851.8461225,27.108
1780036851.8514478,27.099
1780036851.8568885,27.106
1780036851.8622537,27.116
1780036851.867652,27.126
1780036851.8730664,27.136
1780036851.8786237,27.147
1780036851.8841972,27.157
1780036851.8901014,27.168
1780036851.896018,27.176
1780036851.9012654,27.188
1780036851.9066536,27.197
1780036851.9121232,27.207
1780036851.9177043,27.217
1780036851.9236052,27.225
1780036851.9288678,27.235
1780036851.9342551,27.244
1780036851.9397247,27.255
1780036851.9450727,28.008
1780036851.9505293,28.02
1780036851.9558346,28.03
1780036851.9610505,28.055
1780036851.966706,28.06
1780036851.972115,28.061
1780036851.9774725,28.062
1780036851.9828875,28.061
1780036851.9882488,28.06
1780036851.9936712,28.059
1780036851.9990835,28.058
1780036852.004525,28.057
1780036852.0098674,28.057
1780036852.0152988,28.056
1780036852.0208004,28.058
1780036852.0261273,28.056
1780036852.0317183,28.055
1780036852.0376534,28.054
1780036852.04316,28.053
1780036852.0486722,28.05
1780036852.0543563,28.05
1780036852.059719,28.049
1780036852.065152,28.05
1780036852.0705142,28.049
1780036852.075879,28.048
1780036852.0820055,28.046
1780036852.0879319,28.045
1780036852.0933113,28.044
1780036852.0986493,28.043
1780036852.104087,28.043
1780036852.1094942,28.041
1780036852.1148822,28.041
1780036852.120265,28.04
1780036852.1256943,28.039
1780036852.1310842,28.038
1780036852.1364918,28.037
1780036852.1418853,28.036
1780036852.147313,28.036
1780036852.1525967,28.036
1780036852.157831,28.034
1780036852.1635191,28.035
1780036852.1691885,28.034
1780036852.1754365,28.032
1780036852.1810255,28.031
1780036852.186753,28.029
1780036852.1922472,28.028
1780036852.1977677,28.028
1780036852.2030942,28.029
1780036852.208521,28.029
1780036852.2138734,28.028
1780036852.2192729,28.027
1780036852.2246711,28.026
1780036852.2301235,28.025
1780036852.2354977,28.024
1780036852.2408838,28.024
1780036852.246208,28.024
1780036852.2514446,28.023
1780036852.2570868,28.024
1780036852.2625303,28.023
1780036852.2681522,28.022
1780036852.2740436,28.021
1780036852.2792878,28.019
1780036852.2846355,28.018
1780036852.2900715,28.017
1780036852.2954562,28.015
1780036852.3015268,28.016
1780036852.3074424,28.014
1780036852.3134487,28.013
1780036852.3192039,28.01
1780036852.3249435,28.007
1780036852.33044,28.005
1780036852.3362656,28.005
1780036852.3416667,28.009
1780036852.3470705,28.013
1780036852.3525302,28.013
1780036852.3581274,28.012
1780036852.3640358,28.011
1780036852.369291,28.009
1780036852.3746872,28.008
1780036852.380123,28.007
1780036852.385468,28.007
1780036852.3909297,28.006
1780036852.3962595,28.007
1780036852.4016593,28.005
1780036852.40709,28.004
1780036852.4127703,28.003
1780036852.419086,28.001
1780036852.4246144,28.0
1780036852.430064,27.255
1780036852.4358432,27.255
1780036852.4411354,28.0
1780036852.4467752,27.255
1780036852.4528031,27.254
1780036852.4581332,27.252
1780036852.4635005,27.251
1780036852.4689329,27.25
1780036852.4743714,27.25
1780036852.4796956,27.25
1780036852.4850383,27.249
1780036852.4904833,27.25
1780036852.4961462,27.249
1780036852.5020657,27.248
1780036852.5072918,27.246
1780036852.512652,27.245
1780036852.5180826,27.244
1780036852.5234919,27.244
1780036852.5289247,27.241
1780036852.5343177,27.244
1780036852.5396848,27.243
1780036852.5451024,27.242
1780036852.5505993,27.241
1780036852.5561898,27.239
1780036852.5621161,27.238
1780036852.5680077,27.238
1780036852.5732896,27.238
1780036852.5787017,27.238
1780036852.5841286,27.237
1780036852.5894785,27.236
1780036852.5955417,27.235
1780036852.6015728,27.233
1780036852.6069376,27.232
1780036852.6123013,27.231
1780036852.6177251,27.231
1780036852.6230571,27.228
1780036852.628461,27.23
1780036852.6338732,27.229
1780036852.6393561,27.228
1780036852.6449482,27.227
1780036852.650872,27.226
1780036852.6561346,27.224
1780036852.661516,27.224
1780036852.6669338,27.224
1780036852.6723013,27.224
1780036852.6780005,27.222
1780036852.6843982,27.221
1780036852.6903696,27.22
1780036852.695727,27.218
1780036852.7010927,27.217
1780036852.7065427,27.217
1780036852.7118704,27.217
1780036852.7173138,27.215
1780036852.7228134,27.217
1780036852.7281353,27.216
1780036852.7335021,27.215
1780036852.739606,27.213
1780036852.7455196,27.212
1780036852.750923,27.211
1780036852.7563689,27.211
1780036852.761729,27.209
1780036852.7671454,27.21
1780036852.7725,27.209
1780036852.7778533,27.208
1780036852.7832832,27.207
1780036852.7889636,27.206
1780036852.794866,27.205
1780036852.8001218,27.204
1780036852.8054318,27.204
1780036852.8108594,27.203
1780036852.816433,27.205
1780036852.8217912,27.204
1780036852.827492,27.202
1780036852.8332531,27.2
1780036852.83914,27.199
1780036852.8445263,27.198
1780036852.8499508,27.198
1780036852.8553407,27.197
1780036852.8607526,27.198
1780036852.8660803,27.197
1780036852.8714437,27.196
1780036852.8769884,27.195
1780036852.8827903,27.193
1780036852.8885038,27.191
1780036852.8944235,27.191
1780036852.899684,27.191
1780036852.9050891,27.192
1780036852.910541,27.194
1780036852.9161398,27.193
1780036852.9220502,27.192
1780036852.9272983,27.191
1780036852.932674,27.19
1780036852.9381392,27.188
1780036852.9435394,27.188
1780036852.9489365,27.187
1780036852.9543154,27.187
1780036852.959724,27.186
1780036852.9651039,27.185
1780036852.9707909,27.184
1780036852.9766283,27.183
1780036852.982164,27.181
1780036852.9878545,27.181
1780036852.9932532,27.181
1780036852.9986749,27.181
1780036853.0044131,27.183
1780036853.0106776,27.182
1780036853.0163546,27.18
1780036853.021942,27.179
1780036853.0275843,27.177
1780036853.0330114,27.176
1780036853.038529,27.176
1780036853.0442557,27.179
1780036853.0495331,27.182
1780036853.0552547,27.18
1780036853.0611608,27.179
1780036853.0665,27.178
1780036853.0719094,27.177
1780036853.0773551,27.176
1780036853.0827117,27.176
1780036853.0880969,27.176
1780036853.0934606,27.175
1780036853.098885,27.174
1780036853.1043386,27.173
1780036853.110411,27.172
1780036853.1164377,27.171
1780036853.1219795,27.17
1780036853.1274927,27.169
1780036853.1331036,27.169
1780036853.138525,27.17
1780036853.1439912,27.172
1780036853.1493156,27.171
1780036853.1546886,27.17
1780036853.1601024,27.169
1780036853.1657295,27.168
1780036853.1716392,27.167
1780036853.1768863,27.167
1780036853.1822553,27.167
1780036853.1877215,27.167
1780036853.1933331,27.168
1780036853.1992419,27.167
1780036853.2044873,27.167
1780036853.2098541,27.166
1780036853.2152886,27.165
1780036853.220697,27.164
1780036853.2261438,27.164
1780036853.231439,27.161
1780036853.2366524,27.162
1780036853.2423747,27.162
1780036853.2480001,27.161
1780036853.2542791,27.16
1780036853.2599657,27.158
1780036853.2653728,27.156
1780036853.2711103,27.157
1780036853.2765102,27.157
1780036853.28208,27.158
1780036853.2879875,27.157
1780036853.2939565,27.156
1780036853.2993493,27.155
1780036853.3047078,27.155
1780036853.3107855,27.153
1780036853.3168068,27.153
1780036853.3221455,27.153
1780036853.327524,27.153
1780036853.3331873,27.152
1780036853.338988,27.152
1780036853.3442895,27.151
1780036853.3496776,27.15
1780036853.3550863,27.149
1780036853.360545,27.148
1780036853.3658855,27.148
1780036853.3713236,27.145
1780036853.3767257,27.148
1780036853.382124,27.147
1780036853.38751,27.147
1780036853.3932452,27.146
1780036853.3995287,27.145
1780036853.405199,27.143
1780036853.4106083,27.143
1780036853.416286,27.143
1780036853.4217002,27.146
1780036853.4270399,27.147
1780036853.432609,27.147
1780036853.438316,27.145
1780036853.4440236,27.142
1780036853.4499874,27.141
1780036853.455353,27.141
1780036853.4606912,27.141
1780036853.466127,27.139
1780036853.4714854,27.143
1780036853.476907,27.143
1780036853.4823606,27.143
1780036853.487751,27.142
1780036853.493115,27.142
1780036853.4988368,27.14
1780036853.5046167,27.14
1780036853.5099263,27.14
1780036853.5153658,27.14
1780036853.5206943,27.141
1780036853.5264502,27.14
1780036853.5327935,27.139
1780036853.5387743,27.138
1780036853.5440989,27.137
1780036853.5494936,27.137
1780036853.5549438,27.137
1780036853.560283,27.134
1780036853.5656781,27.135
1780036853.5711904,27.135
1780036853.5765529,27.134
1780036853.5821872,27.133
1780036853.5880795,27.132
1780036853.5935838,27.131
1780036853.5990546,27.131
1780036853.6046882,27.132
1780036853.6102717,27.131
1780036853.615895,27.13
1780036853.6217246,27.131
1780036853.6272533,27.13
1780036853.6329558,27.128
1780036853.6386304,27.126
1780036853.644495,27.126
1780036853.6497586,27.126
1780036853.655103,27.128
1780036853.6605375,27.13
1780036853.665909,27.13
1780036853.6719427,27.13
1780036853.6776116,27.128
1780036853.68324,27.126
1780036853.6887434,27.124
1780036853.6942236,27.124
1780036853.6995115,27.125
1780036853.7049315,27.127
1780036853.7103388,27.129
1780036853.7157512,27.129
1780036853.7213619,27.128
1780036853.727259,27.127
1780036853.732498,27.126
1780036853.7378473,27.125
1780036853.7431202,27.126
1780036853.74869,27.123
1780036853.7541285,27.125
1780036853.7594988,27.125
1780036853.764901,27.125
1780036853.7702985,27.124
1780036853.776011,27.123
1780036853.7818222,27.122
1780036853.7870543,27.122
1780036853.7922602,27.122
1780036853.7978997,27.122
1780036853.8033733,27.123
1780036853.8087397,27.123
1780036853.814117,27.122
1780036853.8194637,27.122
1780036853.8248968,27.121
1780036853.8303514,27.12
1780036853.835752,27.12
1780036853.8411043,27.12
1780036853.8465064,27.119
1780036853.8519158,27.119
1780036853.8573673,27.119
1780036853.8629632,27.118
1780036853.8688557,27.118
1780036853.8740988,27.117
1780036853.879458,27.117
1780036853.8848977,27.117
1780036853.890335,27.115
1780036853.8957531,27.116
1780036853.901087,27.115
1780036853.9064841,27.115
1780036853.9118962,27.114
1780036853.9176211,27.113
1780036853.9234543,27.112
1780036853.9287872,27.113
1780036853.9341261,27.114
1780036853.9395247,27.113
1780036853.9449484,27.112
1780036853.9505162,27.112
1780036853.9563982,27.111
1780036853.9617035,27.111
1780036853.9670951,27.11
1780036853.9725492,27.109
1780036853.9779127,27.11
1780036853.9833572,27.108
1780036853.988664,27.112
1780036853.9940991,27.112
1780036853.9995165,27.111
1780036854.0052373,27.111
1780036854.011004,27.11
1780036854.0162873,27.109
1780036854.0216646,27.109
1780036854.0270705,27.109
1780036854.0325522,27.11
1780036854.0378919,27.111
1780036854.0433369,27.111
1780036854.0486622,27.111
1780036854.0542493,27.11
1780036854.0599895,27.108
1780036854.0655124,27.108
1780036854.0709891,27.108
1780036854.0762913,27.107
1780036854.0817378,27.109
1780036854.0871189,27.109
1780036854.0931375,27.109
1780036854.0984983,27.108
1780036854.1038973,27.107
1780036854.1093783,27.107
1780036854.1147432,27.106
1780036854.1201591,27.107
1780036854.125468,27.106
1780036854.1308675,27.107
1780036854.1363323,27.106
1780036854.1420298,27.106
1780036854.1482854,27.105
1780036854.1540365,27.104
1780036854.1595492,27.102
1780036854.1651528,27.103
1780036854.1705177,27.104
1780036854.1758082,27.107
1780036854.1810505,27.106
1780036854.1867251,27.106
1780036854.1924162,27.105
1780036854.198684,27.104
1780036854.2042663,27.102
1780036854.2097187,27.102
1780036854.2155008,27.103
1780036854.2209413,27.104
1780036854.226335,27.106
1780036854.231719,27.106
1780036854.237113,27.106
1780036854.2425416,27.105
1780036854.247913,27.105
1780036854.2533653,27.104
1780036854.258692,27.105
1780036854.2641165,27.103
1780036854.269616,27.106
1780036854.2749615,27.106
1780036854.280586,27.106
1780036854.2864885,27.105
1780036854.2919867,27.105
1780036854.2977495,27.102
1780036854.3031387,27.102
1780036854.3085604,27.103
1780036854.3141994,27.104
1780036854.3199744,27.106
1780036854.3253667,27.105
1780036854.3309636,27.105
1780036854.3368847,27.105
1780036854.3423872,27.104
1780036854.3478792,27.103
1780036854.353542,27.103
1780036854.3589458,27.103
1780036854.3644102,27.105
1780036854.369749,27.105
1780036854.3751073,27.105
1780036854.38082,27.104
1780036854.3871067,27.103
1780036854.3932364,27.102
1780036854.39856,27.103
1780036854.4038873,27.103
1780036854.4093437,27.104
1780036854.4146776,27.105
1780036854.4200685,27.105
1780036854.4255238,27.104
1780036854.4312558,27.103
1780036854.4375987,27.102
1780036854.443617,27.102
1780036854.4489772,27.102
1780036854.4543614,27.102
1780036854.4597657,27.102
1780036854.465353,27.102
1780036854.471311,27.101
1780036854.4766319,27.101
1780036854.4823024,27.099
1780036854.4878232,27.098
1780036854.4934084,27.098
1780036854.4987102,27.097
1780036854.504107,27.099
1780036854.5094774,27.1
1780036854.5149076,27.099
1780036854.5203433,27.099
1780036854.5264385,27.098
1780036854.532354,27.097
1780036854.5377424,27.097
1780036854.5431023,27.098
1780036854.5485625,27.098
1780036854.5539174,27.1
1780036854.5593312,27.1
1780036854.564666,27.099
1780036854.5698693,27.099
1780036854.5755181,27.098
1780036854.5809648,27.098
1780036854.586255,27.098
1780036854.5915077,27.096
1780036854.5971754,27.099
1780036854.6025655,27.099
1780036854.6079292,27.099
1780036854.613705,27.098
1780036854.6192327,27.096
1780036854.6250064,27.095
1780036854.6309133,27.096
1780036854.636175,27.096
1780036854.641493,27.099
1780036854.6469328,27.101
1780036854.6523325,27.101
1780036854.658478,27.1
1780036854.6643608,27.1
1780036854.6697152,27.099
1780036854.6751177,27.098
1780036854.6805592,27.098
1780036854.6858914,27.097
1780036854.6913214,27.099
1780036854.6966834,27.099
1780036854.70213,27.099
1780036854.7075238,27.099
1780036854.7132516,27.098
1780036854.7195027,27.097
1780036854.7249959,27.096
1780036854.730294,27.097
1780036854.7357612,27.098
1780036854.7411363,27.099
1780036854.74656,27.099
1780036854.751928,27.099
1780036854.7576296,27.098
1780036854.7634552,27.097
1780036854.7687647,27.097
1780036854.7741654,27.097
1780036854.7794976,27.096
1780036854.7849472,27.097
1780036854.7903404,27.098
1780036854.7957232,27.098
1780036854.8011072,27.097
1780036854.80654,27.096
1780036854.8119392,27.096
1780036854.8173726,27.095
1780036854.8227117,27.096
1780036854.8281167,27.094
1780036854.833644,27.097
1780036854.8389688,27.097
1780036854.8443508,27.096
1780036854.8503609,27.096
1780036854.8560157,27.094
1780036854.8615024,27.092
1780036854.8671966,27.093
1780036854.8725338,27.093
1780036854.877971,27.094
1780036854.8833501,27.094
1780036854.8887105,27.094
1780036854.8944247,27.093
1780036854.9006896,27.092
1780036854.906396,27.091
1780036854.9118068,27.091
1780036854.9175365,27.092
1780036854.9229233,27.093
1780036854.9282732,27.095
1780036854.9335146,27.095
1780036854.9393988,27.094
1780036854.9452543,27.094
1780036854.950514,27.093
1780036854.9558713,27.092
1780036854.9611208,27.093
1780036854.9666953,27.093
1780036854.97215,27.092
1780036854.97748,27.093
1780036854.9828749,27.093
1780036854.9883044,27.092
1780036854.9940321,27.091
1780036855.0003197,27.09
1780036855.005816,27.09
1780036855.0111368,27.09
1780036855.0165722,27.09
1780036855.0219417,27.092
1780036855.0276983,27.091
1780036855.0340195,27.09
1780036855.039971,27.09
1780036855.045356,27.089
1780036855.050747,27.089
1780036855.056165,27.089
1780036855.0615022,27.087
1780036855.0669188,27.087
1780036855.0723119,27.087
1780036855.0777438,27.087
1780036855.0833871,27.086
1780036855.0893078,27.086
1780036855.0946653,27.085
1780036855.1002004,27.084
1780036855.105948,27.085
1780036855.1113293,27.086
1780036855.1167312,27.087
1780036855.1221712,27.087
1780036855.1275105,27.087
1780036855.1336036,27.086
1780036855.1396427,27.085
1780036855.1449978,27.084
1780036855.1503341,27.085
1780036855.1557631,27.083
1780036855.1614068,27.087
1780036855.1674578,27.089
1780036855.1731327,27.089
1780036855.1785276,27.089
1780036855.1839058,27.088
1780036855.189353,27.087
1780036855.1947494,27.087
1780036855.200166,27.088
1780036855.2055037,27.086
1780036855.2108743,27.086
1780036855.2163336,27.086
1780036855.2217646,27.085
1780036855.2273717,27.084
1780036855.2333019,27.084
1780036855.23856,27.083
1780036855.2439306,27.083
1780036855.249366,27.081
1780036855.2550583,27.085
1780036855.2611184,27.088
1780036855.2669559,27.087
1780036855.2728677,27.087
1780036855.2781227,27.087
1780036855.2835379,27.086
1780036855.288967,27.086
1780036855.2943444,27.086
1780036855.2997613,27.086
1780036855.3050945,27.087
1780036855.31049,27.087
1780036855.315903,27.087
1780036855.3216212,27.086
1780036855.327938,27.085
1780036855.3334494,27.084
1780036855.3389726,27.085
1780036855.3447242,27.086
1780036855.3501387,27.088
1780036855.3555298,27.088
1780036855.360977,27.088
1780036855.3666036,27.087
1780036855.3725045,27.087
1780036855.377761,27.086
1780036855.3832023,27.086
1780036855.388579,27.087
1780036855.3941875,27.087
1780036855.400234,27.09
1780036855.4061759,27.089
1780036855.4120953,27.089
1780036855.4173214,27.089
1780036855.4227207,27.088
1780036855.4281723,27.088
1780036855.4335172,27.088
1780036855.4389617,27.086
1780036855.4444244,27.089
1780036855.4497662,27.088
1780036855.455147,27.088
1780036855.4608383,27.087
1780036855.46665,27.086
1780036855.4718947,27.086
1780036855.4772995,27.086
1780036855.4826972,27.087
1780036855.4884264,27.086
1780036855.494723,27.087
1780036855.5007915,27.085
1780036855.5064967,27.084
1780036855.5121913,27.082
1780036855.5178263,27.08
1780036855.5232255,27.08
1780036855.528512,27.08
1780036855.5343616,27.084
1780036855.540413,27.088
1780036855.5463183,27.093
1780036855.5517662,27.093
1780036855.557144,27.092
1780036855.5632534,27.092
1780036855.5691774,27.091
1780036855.5745673,27.092
1780036855.5798917,27.091
1780036855.5853522,27.093
1780036855.5909715,27.093
1780036855.596884,27.092
1780036855.6021192,27.092
1780036855.6075587,27.091
1780036855.6129775,27.09
1780036855.618413,27.091
1780036855.6237786,27.091
1780036855.6290903,27.09
1780036855.6344864,27.092
1780036855.6399128,27.092
1780036855.6456292,27.091
1780036855.6514502,27.09
1780036855.6567063,27.09
1780036855.662091,27.089
1780036855.6675167,27.09
1780036855.6729684,27.088
1780036855.6785533,27.091
1780036855.6845741,27.093
1780036855.6905804,27.092
1780036855.6965,27.092
1780036855.7020173,27.091
1780036855.707543,27.09
1780036855.7131622,27.09
1780036855.7185812,27.089
1780036855.7239556,27.091
1780036855.7293277,27.091
1780036855.734734,27.09
1780036855.740443,27.09
1780036855.7462533,27.089
1780036855.7516701,27.088
1780036855.75697,27.088
1780036855.7623982,27.089
1780036855.767739,27.088
1780036855.7734833,27.09
1780036855.7794151,27.09
1780036855.7853494,27.09
1780036855.7912543,27.089
1780036855.7965312,27.089
1780036855.8019433,27.088
1780036855.8073812,27.088
1780036855.812695,27.088
1780036855.8183913,27.088
1780036855.8240967,27.086
1780036855.8296714,27.084
1780036855.8356032,27.084
1780036855.8409746,27.083
1780036855.8463578,27.083
1780036855.8517773,27.083
1780036855.8571575,27.083
1780036855.8625476,27.082
1780036855.8678756,27.084
1780036855.8731728,27.083
1780036855.8790662,27.083
1780036855.8849785,27.082
1780036855.8909757,27.081
1780036855.896889,27.081
1780036855.9021244,27.082
1780036855.9074864,27.081
1780036855.9129379,27.085
1780036855.9183772,27.085
1780036855.9240832,27.084
1780036855.9303517,27.083
1780036855.936059,27.082
1780036855.9415429,27.08
1780036855.9471662,27.08
1780036855.952574,27.081
1780036855.9579897,27.083
1780036855.963331,27.083
1780036855.9687495,27.083
1780036855.9744456,27.082
1780036855.9807212,27.081
1780036855.9864087,27.08
1780036855.9918141,27.08
1780036855.9975529,27.08
1780036856.0029347,27.083
1780036856.0084674,27.085
1780036856.013835,27.085
1780036856.019509,27.084
1780036856.0254173,27.083
1780036856.0313542,27.082
1780036856.0373092,27.082
1780036856.042574,27.083
1780036856.0478764,27.082
1780036856.0534284,27.085
1780036856.0589683,27.084
1780036856.064738,27.083
1780036856.0701284,27.083
1780036856.0755522,27.082
1780036856.0816414,27.081
1780036856.087585,27.082
1780036856.092965,27.082
1780036856.0983233,27.081
1780036856.1037252,27.082
1780036856.1093798,27.082
1780036856.1153257,27.082
1780036856.1208303,27.081
1780036856.126608,27.08
1780036856.1320295,27.079
1780036856.1379304,27.08
1780036856.14332,27.08
1780036856.148818,27.083
1780036856.1541286,27.083
1780036856.159605,27.083
1780036856.1652677,27.082
1780036856.170836,27.081
1780036856.1762574,27.08
1780036856.1817946,27.08
1780036856.1870773,27.081
1780036856.1923375,27.082
1780036856.1979218,27.084
1780036856.2033546,27.083
1780036856.2087495,27.083
1780036856.214452,27.083
1780036856.2206862,27.082
1780036856.22626,27.081
1780036856.231734,27.081
1780036856.2376347,27.081
1780036856.243694,27.084
1780036856.2489326,27.083
1780036856.2543476,27.083
1780036856.2597938,27.083
1780036856.2653978,27.082
1780036856.2713385,27.082
1780036856.2766013,27.082
1780036856.281927,27.083
1780036856.2873418,27.083
1780036856.2927501,27.084
1780036856.2981257,27.084
1780036856.3034825,27.083
1780036856.308966,27.083
1780036856.3146944,27.081
1780036856.320585,27.08
1780036856.3263395,27.081
1780036856.331745,27.079
1780036856.3370814,27.083
1780036856.3423047,27.083
1780036856.3478892,27.082
1780036856.353131,27.081
1780036856.358986,27.081
1780036856.3648932,27.08
1780036856.370136,27.08
1780036856.3754804,27.081
1780036856.3809843,27.08
1780036856.386647,27.078
1780036856.3927069,27.081
1780036856.3985898,27.081
1780036856.4044967,27.081
1780036856.4097385,27.08
1780036856.4151478,27.08
1780036856.4205866,27.08
1780036856.425906,27.078
1780036856.4310973,27.08
1780036856.4366858,27.08
1780036856.4418838,27.079
1780036856.4475343,27.079
1780036856.4532678,27.078
1780036856.4590638,27.077
1780036856.4643123,27.077
1780036856.4696975,27.078
1780036856.475067,27.077
1780036856.4802406,27.077
1780036856.4858892,27.076
1780036856.4910836,27.076
1780036856.4966922,27.075
1780036856.5022538,27.074
1780036856.5077543,27.072
1780036856.513632,27.072
1780036856.5189373,27.073
1780036856.5243149,27.072
1780036856.5297139,27.073
1780036856.5351079,27.073
1780036856.5412507,27.072
1780036856.5471835,27.071
1780036856.5525799,27.071
1780036856.5579453,27.07
1780036856.5634162,27.071
1780036856.5687127,27.068
1780036856.5740783,27.071
1780036856.5796943,27.071
1780036856.5853598,27.069
1780036856.5916085,27.069
1780036856.5972688,27.067
1780036856.6027153,27.065
1780036856.6085062,27.066
1780036856.613807,27.067
1780036856.6192188,27.067
1780036856.6245415,27.067
1780036856.6299105,27.067
1780036856.6356215,27.067
1780036856.6414337,27.066
1780036856.6467025,27.065
1780036856.6519449,27.065
1780036856.65751,27.066
1780036856.662949,27.062
1780036856.6683328,27.066
1780036856.6737132,27.066
1780036856.6790974,27.066
1780036856.6843104,27.065
1780036856.6899264,27.065
1780036856.6956954,27.064
1780036856.701455,27.064
1780036856.706774,27.065
1780036856.7121472,27.065
1780036856.717514,27.066
1780036856.7227418,27.066
1780036856.7283268,27.065
1780036856.73402,27.065
1780036856.7397962,27.063
1780036856.7452333,27.061
1780036856.7511327,27.061
1780036856.7565181,27.06
1780036856.7618818,27.064
1780036856.76712,27.064
1780036856.7728426,27.064
1780036856.7784364,27.063
1780036856.7839367,27.06
1780036856.789755,27.06
1780036856.7955587,27.06
1780036856.8009548,27.061
1780036856.8063073,27.06
1780036856.8116896,27.061
1780036856.817104,27.061
1780036856.8223453,27.06
1780036856.827928,27.06
1780036856.8333304,27.059
1780036856.8386996,27.059
1780036856.8439367,27.059
1780036856.849538,27.06
1780036856.8549643,27.058
1780036856.860311,27.06
1780036856.8656998,27.06
1780036856.8711386,27.059
1780036856.8768926,27.059
1780036856.8832757,27.058
1780036856.8891761,27.058
1780036856.8945777,27.058
1780036856.8998983,27.059
1780036856.9051127,27.059
1780036856.9107053,27.059
1780036856.9159684,27.058
1780036856.9216359,27.058
1780036856.927004,27.057
1780036856.9323668,27.057
1780036856.9377918,27.057
1780036856.9431365,27.058
1780036856.9485548,27.057
1780036856.953924,27.059
1780036856.9593043,27.059
1780036856.9646878,27.058
1780036856.9699278,27.058
1780036856.9755328,27.057
1780036856.9809678,27.057
1780036856.9864094,27.057
1780036856.991761,27.057
1780036856.997146,27.057
1780036857.0025308,27.057
1780036857.0079246,27.057
1780036857.0133443,27.056
1780036857.018779,27.056
1780036857.0245104,27.055
1780036857.0302718,27.055
1780036857.0355465,27.055
1780036857.0409532,27.054
1780036857.0464354,27.056
1780036857.0517433,27.056
1780036857.0570962,27.056
1780036857.062658,27.055
1780036857.0683653,27.054
1780036857.0740998,27.051
1780036857.0800068,27.052
1780036857.085391,27.053
1780036857.0907447,27.053
1780036857.0961359,27.052
1780036857.1015017,27.052
1780036857.1067045,27.052
1780036857.112442,27.052
1780036857.117807,27.051
1780036857.123175,27.05
1780036857.1285653,27.051
1780036857.133899,27.051
1780036857.1390898,27.051
1780036857.1446936,27.053
1780036857.14989,27.053
1780036857.155808,27.053
1780036857.1617038,27.052
1780036857.1669505,27.052
1780036857.1723592,27.051
1780036857.1777954,27.052
1780036857.1830983,27.049
1780036857.188293,27.051
1780036857.1939058,27.051
1780036857.1991038,27.05
1780036857.2047834,27.05
1780036857.2101634,27.049
1780036857.2158053,27.049
1780036857.2217648,27.049
1780036857.2275362,27.05
1780036857.232964,27.049
1780036857.2383502,27.051
1780036857.2438,27.05
1780036857.2493937,27.05
1780036857.25533,27.05
1780036857.2608755,27.049
1780036857.2664306,27.049
1780036857.271966,27.049
1780036857.2774398,27.049
1780036857.2826715,27.051
1780036857.2881672,27.051
1780036857.2942076,27.051
1780036857.299536,27.05
1780036857.3049626,27.05
1780036857.3105936,27.049
1780036857.3164914,27.05
1780036857.3217535,27.05
1780036857.32715,27.051
1780036857.3326008,27.053
1780036857.3381944,27.053
1780036857.344119,27.052
1780036857.3493538,27.052
1780036857.3547447,27.052
1780036857.3602247,27.051
1780036857.3655393,27.052
1780036857.3709953,27.049
1780036857.3764176,27.052
1780036857.3817887,27.052
1780036857.3871732,27.052
1780036857.393307,27.051
1780036857.3992171,27.051
1780036857.4045918,27.05
1780036857.4099567,27.05
1780036857.415415,27.051
1780036857.4206982,27.051
1780036857.425884,27.052
1780036857.4315035,27.052
1780036857.436997,27.051
1780036857.4427676,27.05
1780036857.448491,27.049
1780036857.454364,27.049
1780036857.4597886,27.05
1780036857.4651198,27.049
1780036857.4705637,27.052
1780036857.4761875,27.052
1780036857.48211,27.052
1780036857.4873571,27.052
1780036857.4928107,27.051
1780036857.4982293,27.051
1780036857.503555,27.051
1780036857.5090067,27.051
1780036857.5143285,27.05
1780036857.5197325,27.052
1780036857.5251362,27.052
1780036857.5312886,27.051
1780036857.537209,27.051
1780036857.5426018,27.051
1780036857.5479767,27.05
1780036857.5534022,27.051
1780036857.5587606,27.051
1780036857.5641654,27.052
1780036857.5695093,27.053
1780036857.5748267,27.053
1780036857.5807095,27.052
1780036857.5866032,27.052
1780036857.5926602,27.052
1780036857.5985801,27.052
1780036857.6043582,27.052
1780036857.609766,27.056
1780036857.6151388,27.057
1780036857.6205873,27.057
1780036857.6259708,27.056
1780036857.6316752,27.056
1780036857.6379747,27.055
1780036857.6440299,27.055
1780036857.6494122,27.055
1780036857.65472,27.055
1780036857.6608253,27.059
1780036857.6667218,27.058
1780036857.6728365,27.057
1780036857.6787639,27.057
1780036857.6841977,27.056
1780036857.6895673,27.056
1780036857.6950152,27.056
1780036857.7003555,27.056
1780036857.7057574,27.056
1780036857.7111633,27.057
1780036857.7166078,27.056
1780036857.7222514,27.056
1780036857.728146,27.056
1780036857.733386,27.055
1780036857.738712,27.055
1780036857.7439623,27.056
1780036857.7497373,27.055
1780036857.7556305,27.059
1780036857.7610006,27.059
1780036857.766374,27.059
1780036857.772496,27.059
1780036857.778416,27.058
1780036857.783794,27.058
1780036857.7892363,27.058
1780036857.79461,27.057
1780036857.8002756,27.057
1780036857.8063488,27.06
1780036857.8122501,27.06
1780036857.8181145,27.06
1780036857.8233635,27.059
1780036857.828722,27.059
1780036857.8341632,27.059
1780036857.8395455,27.059
1780036857.8456407,27.059
1780036857.851761,27.062
1780036857.857315,27.062
1780036857.8630576,27.06
1780036857.8687918,27.058
1780036857.874516,27.056
1780036857.8804238,27.056
1780036857.885798,27.057
1780036857.891153,27.058
1780036857.8968744,27.06
1780036857.9032881,27.06
1780036857.9091983,27.06
1780036857.914597,27.059
1780036857.9199634,27.059
1780036857.925419,27.058
1780036857.930846,27.058
1780036857.9364705,27.059
1780036857.94193,27.05
1780036857.947641,27.06
1780036857.9529374,27.072
1780036857.9583375,27.082
1780036857.9635065,27.093
1780036857.969097,27.103
1780036857.9746537,27.113
1780036857.9803362,27.124
1780036857.9862504,27.135
1780036857.9921706,27.145
1780036857.9980743,27.154
1780036858.0033636,27.163
1780036858.0087662,27.171
1780036858.0142226,27.183
1780036858.0198033,27.193
1780036858.0257442,27.202
1780036858.031015,27.212
1780036858.0364451,27.221
1780036858.0418172,27.233
1780036858.0471706,27.248
1780036858.0525622,28.011
1780036858.0579722,28.013
1780036858.0633934,28.014
1780036858.0688345,28.013
1780036858.0744863,28.012
1780036858.0803273,28.011
1780036858.0858595,28.01
1780036858.0917528,28.01
1780036858.097011,28.01
1780036858.102336,28.009
1780036858.1076276,28.009
1780036858.113499,28.009
1780036858.11943,28.008
1780036858.1254432,28.007
1780036858.1313539,28.006
1780036858.1368089,28.005
1780036858.1422846,28.005
1780036858.1479452,28.005
1780036858.1533859,28.003
1780036858.158726,28.004
1780036858.1640275,28.002
1780036858.1698558,28.001
1780036858.1757634,28.001
1780036858.1812842,27.255
1780036858.1867993,27.254
1780036858.1924694,27.254
1780036858.1984465,27.253
1780036858.2045732,28.0
1780036858.2103343,27.255
1780036858.215773,27.254
1780036858.2211978,27.253
1780036858.2272546,27.252
1780036858.2332277,27.252
1780036858.2386048,27.252
1780036858.243914,27.25
1780036858.2491477,27.251
1780036858.255023,27.251
1780036858.2609346,27.25
1780036858.2661674,27.249
1780036858.2715275,27.248
1780036858.2769709,27.247
1780036858.2823942,27.247
1780036858.2878127,27.247
1780036858.293139,27.244
1780036858.2985606,27.246
1780036858.3039827,27.245
1780036858.3096912,27.244
1780036858.3159719,27.242
1780036858.321643,27.241
1780036858.3270464,27.24
1780036858.3327973,27.24
1780036858.338174,27.239
1780036858.343469,27.24
1780036858.3487637,27.239
1780036858.35443,27.238
1780036858.359789,27.237
1780036858.3651364,27.236
1780036858.3705971,27.235
1780036858.3759663,27.234
1780036858.381423,27.234
1780036858.3867815,27.231
1780036858.392185,27.233
1780036858.397531,27.232
1780036858.4029238,27.231
1780036858.4083538,27.23
1780036858.4137838,27.229
1780036858.4191332,27.228
1780036858.4245272,27.228
1780036858.4299438,27.228
1780036858.435423,27.225
1780036858.4410217,27.226
1780036858.4469397,27.225
1780036858.45217,27.224
1780036858.4575784,27.224
1780036858.463028,27.222
1780036858.4683774,27.222
1780036858.4738252,27.222
1780036858.4791353,27.219
1780036858.4845016,27.221
1780036858.4902306,27.218
1780036858.496105,27.218
1780036858.501369,27.217
1780036858.506758,27.216
1780036858.5122285,27.215
1780036858.5175912,27.215
1780036858.5230196,27.215
1780036858.5283275,27.213
1780036858.5337334,27.214
1780036858.5391588,27.214
1780036858.544889,27.212
1780036858.5511847,27.211
1780036858.5569026,27.209
1780036858.562425,27.208
1780036858.5680046,27.208
1780036858.5734103,27.21
1780036858.5790002,27.212
1780036858.5850224,27.214
1780036858.5910199,27.212
1780036858.5969286,27.212
1780036858.6021714,27.211
1780036858.6075597,27.21
1780036858.6130254,27.21
1780036858.6183677,27.211
1780036858.6244318,27.209
1780036858.6305037,27.212
1780036858.6364868,27.214
1780036858.6418192,27.213
1780036858.6471877,27.212
1780036858.653279,27.211
1780036858.6592047,27.211
1780036858.6645672,27.212
1780036858.669984,27.212
1780036858.6754293,27.213
1780036858.6810231,27.212
1780036858.6869376,27.211
1780036858.692175,27.21
1780036858.6975725,27.209
1780036858.7029858,27.209
1780036858.7083762,27.209
1780036858.7144563,27.205
1780036858.720346,27.21
1780036858.7257848,27.21
1780036858.7311857,27.21
1780036858.7372859,27.208
1780036858.7432258,27.208
1780036858.748608,27.207
1780036858.7540612,27.207
1780036858.759398,27.206
1780036858.7648022,27.205
1780036858.770151,27.205
1780036858.7755194,27.204
1780036858.7806904,27.204
1780036858.7863815,27.203
1780036858.7925382,27.201
1780036858.7984343,27.201
1780036858.8037758,27.201
1780036858.8091757,27.199
1780036858.8146327,27.2
1780036858.8202534,27.199
1780036858.826126,27.199
1780036858.831379,27.198
1780036858.8367672,27.197
1780036858.84223,27.196
1780036858.8476632,27.196
1780036858.8530288,27.196
1780036858.8583682,27.193
1780036858.863766,27.193
1780036858.8691847,27.192
1780036858.874875,27.191
1780036858.8811624,27.19
1780036858.8868518,27.188
1780036858.8922596,27.188
1780036858.8980947,27.189
1780036858.9033933,27.19
1780036858.908901,27.193
1780036858.9142346,27.192
1780036858.9198532,27.191
1780036858.9257717,27.191
1780036858.9312806,27.19
1780036858.9367669,27.188
1780036858.9423637,27.188
1780036858.9477935,27.186
1780036858.9532213,27.188
1780036858.958618,27.187
1780036858.964002,27.187
1780036858.9696896,27.186
1780036858.975483,27.185
1780036858.9807417,27.184
1780036858.9861183,27.184
1780036858.9915767,27.184
1780036858.9970133,27.182
1780036859.002503,27.184
1780036859.0077934,27.184
1780036859.0131469,27.183
1780036859.0186064,27.182
1780036859.0240157,27.182
1780036859.029432,27.18
1780036859.0349212,27.181
1780036859.0401797,27.181
1780036859.0455246,27.179
1780036859.050729,27.179
1780036859.0563815,27.178
1780036859.0624306,27.177
1780036859.0681155,27.176
1780036859.0737352,27.174
1780036859.0791574,27.174
1780036859.0846617,27.174
1780036859.0899568,27.173
1780036859.0960228,27.176
1780036859.1021218,27.177
1780036859.1074529,27.176
1780036859.1128078,27.176
1780036859.1185057,27.175
1780036859.1243246,27.174
1780036859.1296613,27.174
1780036859.1350315,27.174
1780036859.1405177,27.174
1780036859.1458344,27.173
1780036859.151533,27.172
1780036859.1574068,27.172
1780036859.1627054,27.171
1780036859.1684258,27.169
1780036859.1739006,27.169
1780036859.1794689,27.17
1780036859.1847713,27.168
1780036859.1905682,27.17
1780036859.1969137,27.169
1780036859.2028413,27.169
1780036859.208174,27.168
1780036859.2139742,27.168
1780036859.2198715,27.167
1780036859.2255673,27.168
1780036859.2310221,27.167
1780036859.2365181,27.17
1780036859.2418375,27.169
1780036859.2471547,27.169
1780036859.2525697,27.168
1780036859.257978,27.168
1780036859.2634382,27.167
1780036859.2688136,27.167
1780036859.274233,27.168
1780036859.2795424,27.166
1780036859.2849832,27.167
1780036859.2904239,27.166
1780036859.2960944,27.165
1780036859.3024142,27.164
1780036859.3081238,27.163
1780036859.3135557,27.162
1780036859.3191836,27.163
1780036859.3245885,27.163
1780036859.3301044,27.165
1780036859.335445,27.164
1780036859.340818,27.164
1780036859.3464973,27.163
1780036859.3522625,27.162
1780036859.3575237,27.161
1780036859.362789,27.161
1780036859.3683856,27.162
1780036859.3741589,27.16
1780036859.380552,27.161
1780036859.3864594,27.16
1780036859.3917952,27.16
1780036859.397168,27.159
1780036859.403303,27.158
1780036859.4092398,27.158
1780036859.4146194,27.158
1780036859.4200175,27.159
1780036859.4254444,27.159
1780036859.4310348,27.158
1780036859.4369419,27.158
1780036859.4421823,27.157
1780036859.4475796,27.157
1780036859.4530404,27.156
1780036859.4584677,27.156
1780036859.4638355,27.154
1780036859.4692233,27.155
1780036859.4746256,27.154
1780036859.4800026,27.153
1780036859.4857183,27.153
1780036859.4915473,27.152
1780036859.4969625,27.152
1780036859.5022268,27.151
1780036859.5075796,27.152
1780036859.5137799,27.15
1780036859.5198274,27.153
1780036859.5255787,27.152
1780036859.5310102,27.152
1780036859.5364096,27.152
1780036859.5418367,27.151
1780036859.5471961,27.151
1780036859.552633,27.151
1780036859.5579412,27.152
1780036859.5635061,27.151
1780036859.5691645,27.154
1780036859.574682,27.156
1780036859.5808897,27.155
1780036859.5868764,27.154
1780036859.5922337,27.153
1780036859.5976124,27.153
1780036859.6030352,27.154
1780036859.6083713,27.153
1780036859.613803,27.155
1780036859.6191638,27.154
1780036859.6246145,27.154
1780036859.630268,27.153
1780036859.6361709,27.153
1780036859.6414237,27.152
1780036859.6468425,27.152
1780036859.652241,27.151
1780036859.6579,27.151
1780036859.6639516,27.154
1780036859.6696057,27.154
1780036859.6750004,27.153
1780036859.680389,27.153
1780036859.6858194,27.152
1780036859.6912003,27.152
1780036859.6966374,27.153
1780036859.7020817,27.151
1780036859.7081378,27.154
1780036859.7133906,27.153
1780036859.718793,27.153
1780036859.7242475,27.152
1780036859.729864,27.151
1780036859.7357733,27.151
1780036859.7410297,27.151
1780036859.7464,27.151
1780036859.7518277,27.151
1780036859.7574573,27.151
1780036859.763368,27.151
1780036859.7688677,27.15
1780036859.7743895,27.148
1780036859.7804031,27.147
1780036859.7858973,27.147
1780036859.7914846,27.148
1780036859.79698,27.148
1780036859.8028333,27.152
1780036859.8081965,27.152
1780036859.8135965,27.151
1780036859.819693,27.15
1780036859.8257325,27.15
1780036859.8310435,27.149
1780036859.8363862,27.149
1780036859.8424737,27.147
1780036859.8484035,27.151
1780036859.8538296,27.151
1780036859.8592243,27.15
1780036859.8652997,27.149
1780036859.871357,27.149
1780036859.8766692,27.148
1780036859.8820791,27.148
1780036859.8874512,27.149
1780036859.8931072,27.147
1780036859.899173,27.15
1780036859.90505,27.149
1780036859.910957,27.149
1780036859.9161887,27.148
1780036859.921608,27.148
1780036859.9270477,27.147
1780036859.932397,27.148
1780036859.9384873,27.146
1780036859.9445257,27.15
1780036859.949778,27.149
1780036859.9551501,27.148
1780036859.960869,27.148
1780036859.9669511,27.147
1780036859.972449,27.146
1780036859.978015,27.146
1780036859.9834313,27.144
1780036859.9887547,27.148
1780036859.9941604,27.148
1780036859.9995859,27.148
1780036860.005315,27.147
1780036860.0116043,27.146
1780036860.017273,27.145
1780036860.0226362,27.145
1780036860.02838,27.146
1780036860.0338016,27.147
1780036860.0391765,27.148
1780036860.0446212,27.148
1780036860.050004,27.147
1780036860.05572,27.147
1780036860.0620208,27.146
1780036860.0680604,27.146
1780036860.07345,27.146
1780036860.0787797,27.144
1780036860.08487,27.146
1780036860.0909276,27.146
1780036860.0962782,27.145
1780036860.1016047,27.145
1780036860.1077144,27.144
1780036860.1136215,27.143
1780036860.1190376,27.144
1780036860.1243699,27.144
1780036860.1300805,27.143
1780036860.1364043,27.143
1780036860.142546,27.142
1780036860.1484272,27.142
1780036860.1538348,27.142
1780036860.159225,27.141
1780036860.1646426,27.142
1780036860.1700056,27.142
1780036860.175424,27.142
1780036860.1807528,27.143
1780036860.1863081,27.142
1780036860.1920187,27.141
1780036860.1977654,27.14
1780036860.2036946,27.14
1780036860.2090025,27.139
1780036860.2143838,27.14
1780036860.2204833,27.139
1780036860.226397,27.143
1780036860.2318347,27.144
1780036860.2372036,27.144
1780036860.24329,27.143
1780036860.2492688,27.143
1780036860.2546422,27.142
1780036860.2600927,27.142
1780036860.2654583,27.143
1780036860.271073,27.142
1780036860.277137,27.145
1780036860.2830417,27.144
1780036860.288964,27.144
1780036860.2941983,27.143
1780036860.2995877,27.143
1780036860.3050535,27.143
1780036860.310407,27.143
1780036860.316054,27.142
1780036860.321508,27.147
1780036860.3273425,27.152
1780036860.332602,27.151
1780036860.3379552,27.151
1780036860.3435004,27.15
1780036860.3490188,27.148
1780036860.3548646,27.148
1780036860.3602014,27.148
1780036860.3656466,27.147
1780036860.3717327,27.146
1780036860.3776615,27.146
1780036860.3830345,27.145
1780036860.3884144,27.145
1780036860.3945036,27.144
1780036860.4004464,27.144
1780036860.4058342,27.145
1780036860.4112303,27.143
1780036860.4167228,27.145
1780036860.422354,27.145
1780036860.4282627,27.144
1780036860.43417,27.144
1780036860.4397027,27.143
1780036860.4452515,27.142
1780036860.450832,27.142
1780036860.4568732,27.141
1780036860.4625003,27.143
1780036860.468026,27.143
1780036860.473618,27.143
1780036860.4793541,27.143
1780036860.485063,27.14
1780036860.4904907,27.139
1780036860.4958932,27.139
1780036860.5011861,27.139
1780036860.5066335,27.14
1780036860.5122721,27.141
1780036860.5181909,27.141
1780036860.5237298,27.14
1780036860.529468,27.138
1780036860.5350552,27.136
1780036860.540958,27.136
1780036860.546202,27.137
1780036860.5516,27.138
1780036860.557051,27.14
1780036860.5624197,27.139
1780036860.568128,27.138
1780036860.5744257,27.137
1780036860.5801313,27.136
1780036860.5856483,27.134
1780036860.5912328,27.135
1780036860.596637,27.134
1780036860.6019127,27.137
1780036860.6072714,27.137
1780036860.6130972,27.137
1780036860.6190073,27.136
1780036860.624339,27.136
1780036860.630048,27.134
1780036860.6355953,27.134
1780036860.6410978,27.135
1780036860.6464436,27.133
1780036860.6524556,27.139
1780036860.6585054,27.145
1780036860.6645975,27.148
1780036860.6701546,27.147
1780036860.6759105,27.145
1780036860.6814616,27.144
1780036860.687259,27.144
1780036860.6925917,27.147
1780036860.6981397,27.148
1780036860.7035108,27.148
1780036860.7090344,27.146
1780036860.7148197,27.145
1780036860.720198,27.145
1780036860.7255788,27.145
1780036860.7310019,27.145
1780036860.7364237,27.145
1780036860.7424345,27.144
1780036860.7485135,27.148
1780036860.7545898,27.151
1780036860.7601514,27.15
1780036860.7656674,27.148
1780036860.7717152,27.147
1780036860.7772493,27.147
1780036860.7831748,27.148
1780036860.7886174,27.15
1780036860.7940004,27.151
1780036860.7997417,27.151
1780036860.8060215,27.15
1780036860.8117745,27.148
1780036860.8174736,27.147
1780036860.8228483,27.147
1780036860.828293,27.147
1780036860.833609,27.148
1780036860.8390431,27.151
1780036860.8444293,27.151
1780036860.8504593,27.15
1780036860.856117,27.148
1780036860.8617299,27.147
1780036860.867252,27.147
1780036860.8732069,27.147
1780036860.878629,27.148
1780036860.8840227,27.151
1780036860.889459,27.153
1780036860.8950653,27.152
1780036860.9009678,27.152
1780036860.9062047,27.151
1780036860.9115639,27.151
1780036860.9169981,27.151
1780036860.922417,27.151
1780036860.9278474,27.15
1780036860.93334,27.152
1780036860.9386067,27.152
1780036860.944023,27.151
1780036860.949719,27.15
1780036860.9555242,27.15
1780036860.9607887,27.149
1780036860.9661734,27.149
1780036860.9715862,27.15
1780036860.9770424,27.149
1780036860.982454,27.15
1780036860.987828,27.15
1780036860.9931705,27.149
1780036860.998612,27.148
1780036861.0040245,27.148
1780036861.009456,27.147
1780036861.0148196,27.148
1780036861.020228,27.145
1780036861.0257242,27.148
1780036861.0310643,27.147
1780036861.036426,27.147
1780036861.0424733,27.146
1780036861.0485353,27.145
1780036861.0538678,27.145
1780036861.0592263,27.145
1780036861.0646622,27.145
1780036861.070128,27.145
1780036861.0761802,27.148
1780036861.0814075,27.147
1780036861.086805,27.147
1780036861.0922666,27.146
1780036861.0975895,27.145
1780036861.1030233,27.145
1780036861.1083708,27.145
1780036861.1137745,27.144
1780036861.119256,27.144
1780036861.1246512,27.144
1780036861.1299691,27.143
1780036861.1354449,27.142
1780036861.1415372,27.142
1780036861.1470926,27.141
1780036861.1530511,27.141
1780036861.1588373,27.142
1780036861.164219,27.144
1780036861.1695623,27.145
1780036861.174809,27.145
1780036861.1806953,27.144
1780036861.1866,27.144
1780036861.1920905,27.143
1780036861.1976044,27.142
1780036861.2032244,27.142
1780036861.2086287,27.141
1780036861.2139206,27.143
1780036861.21926,27.142
1780036861.2250378,27.142
1780036861.230228,27.141
1780036861.235581,27.141
1780036861.2409732,27.14
1780036861.2464,27.141
1780036861.2518299,27.141
1780036861.2571685,27.139
1780036861.262419,27.14
1780036861.2679818,27.14
1780036861.2734196,27.139
1780036861.2788055,27.139
1780036861.2845402,27.139
1780036861.2903404,27.138
1780036861.2956383,27.139
1780036861.3010075,27.139
1780036861.3064525,27.138
1780036861.3121946,27.139
1780036861.3185368,27.138
1780036861.324451,27.137
1780036861.3298583,27.137
1780036861.3352385,27.136
1780036861.3406606,27.136
1780036861.3460286,27.137
1780036861.3514197,27.135
1780036861.35694,27.136
1780036861.3622694,27.136
1780036861.367625,27.135
1780036861.373362,27.135
1780036861.3797264,27.134
1780036861.3857093,27.133
1780036861.3910553,27.134
1780036861.3963974,27.133
1780036861.402089,27.134
1780036861.4079158,27.135
1780036861.4131756,27.134
1780036861.418581,27.134
1780036861.4240162,27.133
1780036861.430153,27.132
1780036861.4360564,27.133
1780036861.4414566,27.134
1780036861.446834,27.133
1780036861.4525108,27.134
1780036861.458338,27.133
1780036861.4635944,27.132
1780036861.4689815,27.132
1780036861.4744222,27.131
1780036861.4798338,27.131
1780036861.4852002,27.131
1780036861.4906313,27.129
1780036861.4961104,27.131
1780036861.5014787,27.131
1780036861.5068288,27.13
1780036861.5129664,27.129
1780036861.5188944,27.129
1780036861.5242615,27.129
1780036861.5296137,27.129
1780036861.535066,27.13
1780036861.540406,27.128
1780036861.5458295,27.13
1780036861.5511672,27.129
1780036861.556618,27.129
1780036861.5620406,27.128
1780036861.567762,27.128
1780036861.573557,27.127
1780036861.578871,27.127
1780036861.5842156,27.127
1780036861.5897362,27.127
1780036861.5951457,27.127
1780036861.6007013,27.126
1780036861.6064115,27.126
1780036861.6118338,27.125
1780036861.617184,27.125
1780036861.6226149,27.125
1780036861.6280322,27.125
1780036861.6334503,27.122
1780036861.6390655,27.126
1780036861.644983,27.126
1780036861.6503356,27.125
1780036861.6562417,27.125
1780036861.6619363,27.124
1780036861.6677964,27.123
1780036861.6730583,27.124
1780036861.6783674,27.125
1780036861.6836412,27.125
1780036861.6895075,27.126
1780036861.695426,27.126
1780036861.7009292,27.125
1780036861.70645,27.123
1780036861.7120886,27.123
1780036861.7175267,27.122
1780036861.722981,27.123
1780036861.7284353,27.124
1780036861.7339077,27.128
1780036861.739619,27.129
1780036861.7450163,27.129
1780036861.7503772,27.129
1780036861.7558203,27.128
1780036861.7612436,27.128
1780036861.7666667,27.129
1780036861.771977,27.129
1780036861.7772307,27.129
1780036861.7828264,27.13
1780036861.7885385,27.13
1780036861.7943766,27.13
1780036861.7995958,27.129
1780036861.8049803,27.128
1780036861.8104336,27.128
1780036861.8158772,27.129
1780036861.821221,27.127
1780036861.8266213,27.128
1780036861.8319993,27.128
1780036861.8374217,27.128
1780036861.84285,27.127
1780036861.8485372,27.126
1780036861.8543527,27.126
1780036861.8595915,27.126
1780036861.8650043,27.126
1780036861.8704038,27.125
1780036861.8758342,27.128
1780036861.881457,27.127
1780036861.8873904,27.127
1780036861.8926196,27.126
1780036861.8980308,27.125
1780036861.903481,27.125
1780036861.9088864,27.125
1780036861.9142766,27.125
1780036861.9196432,27.125
1780036861.9250605,27.124
1780036861.9304392,27.124
1780036861.9361324,27.124
1780036861.9418995,27.123
1780036861.9471896,27.123
1780036861.9525864,27.123
1780036861.957993,27.123
1780036861.9634593,27.122
1780036861.9691994,27.124
1780036861.9751391,27.124
1780036861.981096,27.124
1780036861.9870105,27.124
1780036861.9925072,27.123
1780036861.9979997,27.121
1780036862.003642,27.122
1780036862.0090573,27.121
1780036862.0143354,27.123
1780036862.0198393,27.124
1780036862.0252857,27.124
1780036862.0309384,27.123
1780036862.0372741,27.122
1780036862.0429418,27.121
1780036862.04835,27.122
1780036862.0540013,27.122
1780036862.059419,27.125
1780036862.0647736,27.126
1780036862.0700738,27.125
1780036862.0759327,27.125
1780036862.081853,27.125
1780036862.0873618,27.124
1780036862.0928967,27.123
1780036862.098478,27.124
1780036862.1038647,27.123
1780036862.109431,27.125
1780036862.115409,27.127
1780036862.1207714,27.126
1780036862.1265397,27.125
1780036862.1322634,27.123
1780036862.1381044,27.123
1780036862.143467,27.123
1780036862.1488225,27.124
1780036862.154539,27.126
1780036862.1603658,27.127
1780036862.1655931,27.126
1780036862.170989,27.126
1780036862.1764264,27.125
1780036862.182539,27.124
1780036862.1884875,27.125
1780036862.193865,27.125
1780036862.1992362,27.125
1780036862.2046845,27.127
1780036862.2100468,27.127
1780036862.2154658,27.126
1780036862.220798,27.126
1780036862.2262335,27.125
1780036862.2316015,27.125
1780036862.237037,27.125
1780036862.2424114,27.126
1780036862.2477996,27.124
1780036862.253233,27.125
1780036862.25875,27.125
1780036862.2643292,27.125
1780036862.270266,27.124
1780036862.276159,27.124
1780036862.2814236,27.124
1780036862.2867959,27.124
1780036862.2928457,27.122
1780036862.2982676,27.124
1780036862.3038886,27.123
1780036862.3097892,27.123
1780036862.3150284,27.122
1780036862.3204403,27.122
1780036862.325886,27.121
1780036862.3312519,27.122
1780036862.3366773,27.123
1780036862.3420048,27.121
1780036862.3474004,27.122
1780036862.3528223,27.121
1780036862.3585367,27.121
1780036862.364359,27.12
1780036862.3695898,27.12
1780036862.3748329,27.119
1780036862.3804271,27.12
1780036862.385872,27.118
1780036862.3914964,27.121
1780036862.3975558,27.123
1780036862.4034882,27.123
1780036862.4093802,27.123
1780036862.4146304,27.122
1780036862.4199927,27.122
1780036862.4254313,27.122
1780036862.4308157,27.123
1780036862.436882,27.122
1780036862.4429018,27.123
1780036862.4488444,27.124
1780036862.4542756,27.123
1780036862.459946,27.123
1780036862.4658377,27.123
1780036862.4710994,27.122
1780036862.4764357,27.123
1780036862.4818728,27.122
1780036862.4875307,27.124
1780036862.4935565,27.124
1780036862.499506,27.124
1780036862.5054767,27.124
1780036862.5114737,27.123
1780036862.5173776,27.123
1780036862.5226343,27.123
1780036862.5280058,27.122
1780036862.5334477,27.125
1780036862.5390735,27.125
1780036862.5449955,27.125
1780036862.5502355,27.124
1780036862.5556405,27.124
1780036862.5610907,27.123
1780036862.5664434,27.123
1780036862.5719123,27.124
1780036862.5772035,27.122
1780036862.5826201,27.124
1780036862.588021,27.124
1780036862.5934865,27.123
1780036862.5990975,27.123
1780036862.6050277,27.123
1780036862.6103256,27.122
1780036862.6158183,27.122
1780036862.6211343,27.122
1780036862.6267774,27.121
1780036862.6328123,27.124
1780036862.638446,27.123
1780036862.643855,27.123
1780036862.6492147,27.122
1780036862.6546388,27.122
1780036862.660075,27.122
1780036862.665487,27.122
1780036862.6708252,27.12
1780036862.6762307,27.122
1780036862.681646,27.121
1780036862.6870978,27.121
1780036862.6927564,27.12
1780036862.6986687,27.12
1780036862.7039597,27.119
1780036862.7094185,27.119
1780036862.7147274,27.12
1780036862.7201073,27.119
1780036862.7262688,27.122
1780036862.7320483,27.121
1780036862.7374785,27.121
1780036862.7428434,27.121
1780036862.7489522,27.12
1780036862.754932,27.12
1780036862.7602773,27.121
1780036862.7656274,27.121
1780036862.7713506,27.123
1780036862.7776315,27.122
1780036862.783338,27.121
1780036862.7889771,27.119
1780036862.7945857,27.117
1780036862.7999923,27.117
1780036862.8054562,27.118
1780036862.8112583,27.121
1780036862.8166258,27.124
1780036862.822031,27.124
1780036862.8274949,27.124
1780036862.8331118,27.124
1780036862.8390245,27.123
1780036862.8445106,27.123
1780036862.8499775,27.123
1780036862.855653,27.123
1780036862.8610437,27.124
1780036862.8663945,27.126
1780036862.8716903,27.125
1780036862.877679,27.124
1780036862.8833969,27.123
1780036862.889347,27.122
1780036862.8946786,27.122
1780036862.9000247,27.123
1780036862.9054859,27.121
1780036862.9110692,27.123
1780036862.917089,27.124
1780036862.9230762,27.124
1780036862.929037,27.123
1780036862.934561,27.122
1780036862.9400656,27.121
1780036862.9456553,27.121
1780036862.951071,27.121
1780036862.9565206,27.122
1780036862.9625537,27.121
1780036862.968512,27.121
1780036862.9738827,27.121
1780036862.9792578,27.12
1780036862.9853466,27.119
1780036862.9913042,27.119
1780036862.9966805,27.12
1780036863.0020592,27.119
1780036863.007495,27.121
1780036863.013107,27.12
1780036863.019002,27.12
1780036863.0242398,27.119
1780036863.0296497,27.119
1780036863.035097,27.119
1780036863.040538,27.119
1780036863.045892,27.119
1780036863.051299,27.118
1780036863.0566375,27.118
1780036863.062041,27.117
1780036863.0677605,27.117
1780036863.0740528,27.116
1780036863.079577,27.115
1780036863.0849903,27.115
1780036863.0908372,27.116
1780036863.0962305,27.117
1780036863.1017756,27.119
1780036863.1077793,27.119
1780036863.1137123,27.118
1780036863.119084,27.118
1780036863.1244373,27.118
1780036863.1298563,27.117
1780036863.1353083,27.118
1780036863.1406555,27.115
1780036863.146114,27.117
1780036863.1514997,27.117
1780036863.156868,27.116
1780036863.1625752,27.116
1780036863.1684256,27.116
1780036863.1739237,27.115
1780036863.1796167,27.115
1780036863.185014,27.116
1780036863.1904325,27.115
1780036863.1958973,27.116
1780036863.2014878,27.116
1780036863.2074013,27.116
1780036863.2126422,27.115
1780036863.2180524,27.115
1780036863.2235043,27.114
1780036863.22892,27.115
1780036863.2342622,27.116
1780036863.2396035,27.114
1780036863.244905,27.113
1780036863.2505584,27.112
1780036863.256571,27.112
1780036863.261902,27.112
1780036863.2672567,27.111
1780036863.2726536,27.111
1780036863.2780592,27.112
1780036863.2834513,27.108
1780036863.2889242,27.112
1780036863.2943046,27.111
1780036863.29993,27.111
1780036863.3058465,27.111
1780036863.3117225,27.11
1780036863.3173652,27.108
1780036863.3227444,27.109
1780036863.3284514,27.11
1780036863.333848,27.111
1780036863.339199,27.113
1780036863.3446312,27.112
1780036863.350064,27.112
1780036863.3557901,27.111
1780036863.36206,27.11
1780036863.368133,27.11
1780036863.3735006,27.111
1780036863.3788233,27.11
1780036863.3849072,27.113
1780036863.390495,27.112
1780036863.3962023,27.111
1780036863.4018927,27.109
1780036863.4077163,27.109
1780036863.4130466,27.109
1780036863.418513,27.11
1780036863.4238997,27.111
1780036863.429504,27.112
1780036863.4355652,27.115
1780036863.4414868,27.114
1780036863.4474294,27.114
1780036863.4530082,27.113
1780036863.459345,27.112
1780036863.465385,27.112
1780036863.4706953,27.113
1780036863.4761286,27.114
1780036863.4815028,27.113
1780036863.4870987,27.113
1780036863.4930534,27.113
1780036863.498571,27.112
1780036863.5043101,27.111
1780036863.5097382,27.111
1780036863.5156536,27.112
1780036863.5210695,27.112
1780036863.5265749,27.114
1780036863.5321517,27.113
1780036863.538581,27.112
1780036863.5445504,27.112
1780036863.5498934,27.112
1780036863.5552633,27.111
1780036863.560694,27.112
1780036863.5660162,27.113
1780036863.5714297,27.112
1780036863.576792,27.113
1780036863.5823379,27.112
1780036863.5881047,27.111
1780036863.593861,27.109
1780036863.5997715,27.109
1780036863.6050537,27.109
1780036863.6104493,27.109
1780036863.6166244,27.109
1780036863.622676,27.112
1780036863.6284773,27.112
1780036863.6338835,27.112
1780036863.639254,27.112
1780036863.6453643,27.111
1780036863.651409,27.111
1780036863.6567194,27.112
1780036863.6622465,27.11
1780036863.668083,27.114
1780036863.6734858,27.114
1780036863.6788611,27.114
1780036863.6849492,27.113
1780036863.690928,27.113
1780036863.6962304,27.112
1780036863.7016575,27.112
1780036863.7071059,27.113
1780036863.7124755,27.112
1780036863.7178617,27.113
1780036863.723222,27.113
1780036863.72865,27.112
1780036863.7343304,27.112
1780036863.740234,27.112
1780036863.7454486,27.111
1780036863.750793,27.112
1780036863.7560284,27.109
1780036863.7619858,27.112
1780036863.7680554,27.115
1780036863.7738907,27.115
1780036863.7798026,27.114
1780036863.7850454,27.114
1780036863.790488,27.113
1780036863.7959065,27.114
1780036863.8012352,27.115
1780036863.8067026,27.115
1780036863.8120174,27.116
1780036863.8174176,27.116
1780036863.8228376,27.115
1780036863.8285553,27.114
1780036863.8348706,27.114
1780036863.8404047,27.113
1780036863.8458629,27.114
1780036863.8516495,27.112
1780036863.8570359,27.115
1780036863.8624787,27.115
1780036863.8679,27.114
1780036863.8735337,27.114
1780036863.8794494,27.114
1780036863.884957,27.113
1780036863.8904204,27.113
1780036863.8960507,27.113
1780036863.901545,27.113
1780036863.9077258,27.116
1780036863.913278,27.115
1780036863.9190156,27.113
1780036863.9249156,27.113
1780036863.9302893,27.112
1780036863.9356515,27.112
1780036863.9410632,27.113
1780036863.9464078,27.111
1780036863.9515948,27.113
1780036863.9572003,27.113
1780036863.9626813,27.112
1780036863.9680815,27.112
1780036863.9738197,27.111
1780036863.9801524,27.11
1780036863.9861028,27.111
1780036863.9915113,27.111
1780036863.9968855,27.111
1780036864.0025535,27.112
1780036864.008374,27.111
1780036864.0136323,27.111
1780036864.0190208,27.11
1780036864.0244565,27.11
1780036864.029904,27.11
1780036864.0352328,27.111
1780036864.04066,27.103
1780036864.0461872,27.101
1780036864.0514383,27.111
1780036864.0568392,27.12
1780036864.0623465,27.131
1780036864.0680246,27.141
1780036864.073953,27.153
1780036864.079868,27.161
1780036864.0853646,27.172
1780036864.090989,27.182
1780036864.0965543,27.189
1780036864.102112,27.198
1780036864.107722,27.208
1780036864.113307,27.215
1780036864.1188955,27.226
1780036864.1244445,27.235
1780036864.1299264,27.243
1780036864.1352372,27.254
1780036864.1409168,28.008
1780036864.146283,28.02
1780036864.151752,28.04
1780036864.1570837,28.056
1780036864.1624787,28.057
1780036864.1678674,28.058
1780036864.1732352,28.057
1780036864.1786728,28.056
1780036864.1843371,28.055
1780036864.1902416,28.054
1780036864.1954968,28.052
1780036864.2008135,28.052
1780036864.2062523,28.048
1780036864.2119765,28.051
1780036864.218031,28.052
1780036864.2236702,28.051
1780036864.2290788,28.05
1780036864.2344282,28.049
1780036864.23986,28.048
1780036864.2453742,28.048
1780036864.2506783,28.048
1780036864.2560346,28.045
1780036864.2614713,28.046
1780036864.2668896,28.045
1780036864.272311,28.044
1780036864.277908,28.042
1780036864.2838287,28.041
1780036864.2890599,28.04
1780036864.294404,28.04
1780036864.2996447,28.037
1780036864.305499,28.04
1780036864.3115528,28.042
1780036864.3172882,28.041
1780036864.32267,28.04
1780036864.328011,28.038
1780036864.3335655,28.037
1780036864.3390408,28.036
1780036864.3448725,28.037
1780036864.3502772,28.035
1780036864.3556716,28.036
1780036864.3611171,28.035
1780036864.3667436,28.033
1780036864.3726616,28.032
1780036864.3781474,28.031
1780036864.3836753,28.029
1780036864.3892975,28.029
1780036864.394673,28.029
1780036864.4001465,28.03
1780036864.4055016,28.029
1780036864.4108772,28.028
1780036864.4169753,28.027
1780036864.4229286,28.025
1780036864.4283078,28.024
1780036864.4337258,28.024
1780036864.4391177,28.023
1780036864.4444923,28.021
1780036864.449876,28.022
1780036864.4552388,28.02
1780036864.4606707,28.019
1780036864.4663472,28.018
1780036864.472255,28.017
1780036864.477514,28.016
1780036864.4828107,28.016
1780036864.4880564,28.013
1780036864.4940443,28.015
1780036864.5000217,28.015
1780036864.5059144,28.014
1780036864.5118115,28.013
1780036864.5170634,28.011
1780036864.522447,28.011
1780036864.527916,28.01
1780036864.5332549,28.01
1780036864.5389962,28.008
1780036864.5453942,28.008
1780036864.5513391,28.007
1780036864.556709,28.006
1780036864.5620654,28.005
1780036864.5681713,28.003
1780036864.574112,28.004
1780036864.5794563,28.003
1780036864.5848947,28.002
1780036864.5905464,28.002
1780036864.5968924,28.001
1780036864.6025875,27.255
1780036864.6079977,27.253
1780036864.613941,27.252
1780036864.6198432,27.252
1780036864.6251025,27.253
1780036864.6305203,27.254
1780036864.635919,27.253
1780036864.6413472,27.252
1780036864.6476226,27.251
1780036864.6535342,27.25
1780036864.6595676,27.249
1780036864.6655478,27.249
1780036864.671248,27.249
1780036864.6766725,27.249
1780036864.682198,27.25
1780036864.6875956,27.249
1780036864.6933033,27.247
1780036864.6990454,27.244
1780036864.7049363,27.243
1780036864.7103064,27.242
1780036864.7157335,27.242
1780036864.7211149,27.24
1780036864.7265797,27.241
1780036864.7318842,27.24
1780036864.7372096,27.239
1780036864.742423,27.238
1780036864.7480829,27.237
1780036864.7534814,27.236
1780036864.7588723,27.235
1780036864.7643015,27.235
1780036864.7696517,27.231
1780036864.775094,27.234
1780036864.7804782,27.233
1780036864.7865298,27.232
1780036864.7922308,27.23
1780036864.7978566,27.228
1780036864.8033834,27.226
1780036864.8092682,27.226
1780036864.8146958,27.226
1780036864.8204503,27.226
1780036864.8264773,27.228
1780036864.832327,27.227
1780036864.8382318,27.226
1780036864.843469,27.225
1780036864.8488293,27.224
1780036864.8542683,27.224
1780036864.859673,27.224
1780036864.8657298,27.221
1780036864.8718715,27.225
1780036864.8774264,27.224
1780036864.883178,27.222
1780036864.888917,27.219
1780036864.89469,27.217
1780036864.9005616,27.217
1780036864.905875,27.217
1780036864.9112694,27.217
1780036864.9167106,27.219
1780036864.92232,27.219
1780036864.928229,27.218
1780036864.9334683,27.217
1780036864.938825,27.217
1780036864.9442704,27.215
1780036864.949701,27.215
1780036864.9551206,27.216
1780036864.9604695,27.213
1780036864.9658713,27.212
1780036864.971288,27.211
1780036864.976979,27.21
1780036864.9827843,27.209
1780036864.9880261,27.208
1780036864.9932692,27.207
1780036864.9988801,27.208
1780036865.0043383,27.203
1780036865.01001,27.206
1780036865.0160701,27.208
1780036865.0219061,27.207
1780036865.0278223,27.207
1780036865.0330715,27.206
1780036865.038497,27.205
1780036865.0439181,27.205
1780036865.0492177,27.206
1780036865.0543945,27.204
1780036865.0600154,27.205
1780036865.0654943,27.204
1780036865.0712352,27.202
1780036865.0771058,27.201
1780036865.0831242,27.2
1780036865.0890164,27.2
1780036865.0942852,27.2
1780036865.0996222,27.199
1780036865.1050754,27.202
1780036865.1104772,27.202
1780036865.1165535,27.2
1780036865.1225853,27.2
1780036865.1278808,27.199
1780036865.1332638,27.198
1780036865.1387248,27.198
1780036865.144067,27.199
1780036865.149481,27.197
1780036865.154888,27.198
1780036865.160341,27.197
1780036865.1659248,27.196
1780036865.1718082,27.195
1780036865.1770718,27.194
1780036865.1824765,27.194
1780036865.187928,27.194
1780036865.1934583,27.191
1780036865.1993058,27.195
1780036865.2047164,27.195
1780036865.2100918,27.194
1780036865.2161782,27.193
1780036865.2221348,27.192
1780036865.2275195,27.191
1780036865.2329419,27.192
1780036865.2383533,27.192
1780036865.2439137,27.19
1780036865.249981,27.193
1780036865.2559335,27.192
1780036865.26186,27.192
1780036865.267179,27.19
1780036865.2730038,27.189
1780036865.2785316,27.189
1780036865.2839298,27.189
1780036865.2892854,27.188
1780036865.2950494,27.189
1780036865.301402,27.188
1780036865.307358,27.187
1780036865.3127196,27.186
1780036865.3180752,27.185
1780036865.3235266,27.185
1780036865.3288724,27.185
1780036865.3343077,27.181
1780036865.3396947,27.185
1780036865.34511,27.184
1780036865.3504782,27.183
1780036865.3562427,27.182
1780036865.3624778,27.181
1780036865.368151,27.18
1780036865.373553,27.18
1780036865.3792822,27.18
1780036865.3846898,27.18
1780036865.3900673,27.182
1780036865.3954992,27.181
1780036865.4011707,27.18
1780036865.4070828,27.18
1780036865.41261,27.179
1780036865.4181318,27.178
1780036865.423686,27.178
1780036865.4291174,27.177
1780036865.4344463,27.18
1780036865.4398398,27.18
1780036865.4452777,27.179
1780036865.4508126,27.179
1780036865.4563844,27.178
1780036865.4623013,27.177
1780036865.468194,27.177
1780036865.4734793,27.177
1780036865.4788797,27.177
1780036865.484347,27.177
1780036865.4899359,27.176
1780036865.4958606,27.176
1780036865.5013623,27.175
1780036865.5071445,27.173
1780036865.5125933,27.172
1780036865.5184448,27.172
1780036865.5238686,27.172
1780036865.5294216,27.174
1780036865.5347896,27.173
1780036865.540365,27.172
1780036865.546312,27.171
1780036865.5523434,27.17
1780036865.558242,27.17
1780036865.5634773,27.17
1780036865.5688493,27.171
1780036865.5742857,27.171
1780036865.579942,27.172
1780036865.585838,27.171
1780036865.5910773,27.171
1780036865.596477,27.17
1780036865.6019363,27.169
1780036865.607299,27.168
1780036865.6127262,27.169
1780036865.6180308,27.165
1780036865.6232686,27.172
1780036865.6288917,27.173
1780036865.634361,27.175
1780036865.6399329,27.177
1780036865.6458488,27.178
1780036865.6510801,27.18
1780036865.6564815,27.182
1780036865.6619363,27.185
1780036865.6674938,27.184
1780036865.673525,27.187
1780036865.6795075,27.186
1780036865.685412,27.185
1780036865.6906793,27.185
1780036865.6960835,27.184
1780036865.7015355,27.184
1780036865.706875,27.184
1780036865.7123115,27.182
1780036865.7175803,27.184
1780036865.7228887,27.183
1780036865.7288437,27.182
1780036865.734747,27.181
1780036865.74074,27.18
1780036865.7466486,27.18
1780036865.7518833,27.18
1780036865.7572742,27.18
1780036865.7627063,27.18
1780036865.7683487,27.181
1780036865.7742617,27.18
1780036865.7797608,27.179
1780036865.7852426,27.177
1780036865.7913127,27.177
1780036865.7967997,27.176
1780036865.8024096,27.177
1780036865.8077555,27.175
1780036865.8136528,27.177
1780036865.819417,27.18
1780036865.8249395,27.179
1780036865.830647,27.179
1780036865.8365083,27.178
1780036865.8419917,27.177
1780036865.8474321,27.177
1780036865.8527205,27.175
1780036865.8582637,27.176
1780036865.8643546,27.179
1780036865.870052,27.179
1780036865.8754513,27.178
1780036865.8808944,27.177
1780036865.8870022,27.176
1780036865.892957,27.176
1780036865.8983388,27.177
1780036865.903714,27.176
1780036865.909387,27.177
1780036865.9156907,27.176
1780036865.9213593,27.174
1780036865.9269428,27.173
1780036865.932557,27.172
1780036865.9379709,27.171
1780036865.9434133,27.171
1780036865.9493673,27.174
1780036865.9554799,27.177
1780036865.960859,27.177
1780036865.9665039,27.175
1780036865.9722443,27.173
1780036865.9781277,27.173
1780036865.983528,27.172
1780036865.988877,27.173
1780036865.9943445,27.169
1780036865.999986,27.173
1780036866.006047,27.176
1780036866.011963,27.175
1780036866.0178638,27.174
1780036866.0230858,27.173
1780036866.0284383,27.173
1780036866.0336785,27.173
1780036866.0393913,27.173
1780036866.0447798,27.173
1780036866.0504293,27.173
1780036866.056065,27.173
1780036866.0614648,27.172
1780036866.0668883,27.171
1780036866.073005,27.17
1780036866.0789773,27.17
1780036866.084343,27.17
1780036866.0896773,27.169
1780036866.09538,27.171
1780036866.1011837,27.171
1780036866.1064553,27.17
1780036866.111854,27.169
1780036866.1172903,27.168
1780036866.1227446,27.167
1780036866.1281083,27.167
1780036866.1335077,27.168
1780036866.1388688,27.167
1780036866.1442893,27.166
1780036866.149714,27.165
1780036866.1554165,27.164
1780036866.1616683,27.163
1780036866.1673682,27.162
1780036866.1727376,27.162
1780036866.1785178,27.162
1780036866.183895,27.164
1780036866.1894152,27.165
1780036866.1947432,27.165
1780036866.2003555,27.164
1780036866.2062562,27.163
1780036866.2114882,27.163
1780036866.2168424,27.162
1780036866.2220476,27.162
1780036866.2276833,27.162
1780036866.2331016,27.161
1780036866.2384698,27.163
1780036866.2438452,27.162
1780036866.2492983,27.161
1780036866.2549984,27.16
1780036866.2612813,27.16
1780036866.2668045,27.159
1780036866.2722511,27.159
1780036866.2775452,27.157
1780036866.2830973,27.161
1780036866.289152,27.167
1780036866.2948697,27.168
1780036866.300266,27.17
1780036866.3056836,27.172
1780036866.3111465,27.173
1780036866.3165088,27.175
1780036866.321942,27.178
1780036866.3272583,27.175
1780036866.3326986,27.176
1780036866.338107,27.176
1780036866.343799,27.175
1780036866.3500912,27.174
1780036866.3557794,27.172
1780036866.3611684,27.172
1780036866.3669147,27.172
1780036866.3723133,27.174
1780036866.377808,27.176
1780036866.3831453,27.175
1780036866.3887756,27.175
1780036866.394694,27.174
1780036866.4002023,27.173
1780036866.405754,27.171
1780036866.4113727,27.172
1780036866.4167075,27.172
1780036866.4221594,27.173
1780036866.4274912,27.172
1780036866.4328876,27.171
1780036866.4383678,27.171
1780036866.4439466,27.17
1780036866.449829,27.169
1780036866.4550917,27.169
1780036866.460477,27.169
1780036866.4659307,27.168
1780036866.4715185,27.17
1780036866.4774725,27.171
1780036866.4827943,27.169
1780036866.4886758,27.169
1780036866.4944074,27.167
1780036866.5003307,27.167
1780036866.5060875,27.167
1780036866.5115063,27.166
1780036866.5168657,27.169
1780036866.5222933,27.17
1780036866.5277104,27.169
1780036866.5338402,27.168
1780036866.5397437,27.168
1780036866.5451312,27.167
1780036866.5505083,27.167
1780036866.555944,27.167
1780036866.5612915,27.167
1780036866.5667057,27.168
1780036866.5720575,27.168
1780036866.5776167,27.167
1780036866.5833209,27.164
1780036866.5890012,27.162
1780036866.5948923,27.162
1780036866.600348,27.162
1780036866.6056705,27.161
1780036866.6114082,27.165
1780036866.6176867,27.165
1780036866.6232624,27.163
1780036866.6290083,27.161
1780036866.6347153,27.159
1780036866.6405356,27.159
1780036866.6459036,27.159
1780036866.651253,27.16
1780036866.6567285,27.163
1780036866.6628067,27.166
1780036866.6681373,27.166
1780036866.6742346,27.165
1780036866.680182,27.164
1780036866.6855435,27.163
1780036866.69091,27.163
1780036866.6963623,27.164
1780036866.7017112,27.163
1780036866.7076628,27.168
1780036866.7134216,27.171
1780036866.719125,27.174
1780036866.7247488,27.178
1780036866.7306497,27.181
1780036866.7358975,27.18
1780036866.7412946,27.181
1780036866.7467294,27.179
1780036866.7523355,27.183
1780036866.758402,27.186
1780036866.7643166,27.185
1780036866.7702384,27.185
1780036866.775497,27.184
1780036866.78091,27.183
1780036866.7863722,27.183
1780036866.7916744,27.183
1780036866.7973197,27.182
1780036866.802839,27.18
1780036866.808864,27.181
1780036866.8147655,27.18
1780036866.8207881,27.179
1780036866.8266857,27.179
1780036866.8319635,27.178
1780036866.8372598,27.179
1780036866.8426843,27.178
1780036866.8485074,27.179
1780036866.8542585,27.178
1780036866.8602188,27.179
1780036866.8655474,27.178
1780036866.8709092,27.177
1780036866.8763742,27.177
1780036866.881778,27.177
1780036866.8871214,27.177
1780036866.8925967,27.176
1780036866.8979547,27.175
1780036866.903311,27.174
1780036866.9090354,27.173
1780036866.9152925,27.172
1780036866.9209762,27.171
1780036866.9264126,27.171
1780036866.9321287,27.171
1780036866.9375143,27.173
1780036866.9430294,27.175
1780036866.9483716,27.174
1780036866.953723,27.174
1780036866.9598277,27.173
1780036866.9657357,27.172
1780036866.971142,27.172
1780036866.9765055,27.172
1780036866.9819489,27.169
1780036866.9875276,27.172
1780036866.9936128,27.174
1780036866.9993038,27.174
1780036867.0046992,27.173
1780036867.0101,27.172
1780036867.0155523,27.171
1780036867.0209055,27.171
1780036867.02637,27.171
1780036867.0316818,27.17
1780036867.0371528,27.172
1780036867.0425165,27.171
1780036867.048242,27.17
1780036867.054525,27.169
1780036867.0601714,27.168
1780036867.0655959,27.167
1780036867.0713427,27.167
1780036867.0767138,27.167
1780036867.0820181,27.169
1780036867.0875022,27.169
1780036867.0932455,27.167
1780036867.0991247,27.166
1780036867.1046283,27.165
1780036867.1103396,27.163
1780036867.1157272,27.163
1780036867.12115,27.164
1780036867.1264892,27.165
1780036867.1322796,27.166
1780036867.138626,27.165
1780036867.1445763,27.164
1780036867.1499467,27.164
1780036867.1553397,27.163
1780036867.1607585,27.163
1780036867.1660807,27.163
1780036867.1715121,27.161
1780036867.177027,27.163
1780036867.1823854,27.162
1780036867.1879876,27.162
1780036867.193871,27.161
1780036867.1991022,27.16
1780036867.2044644,27.16
1780036867.2099023,27.16
1780036867.2153053,27.16
1780036867.220758,27.161
1780036867.2260818,27.162
1780036867.231474,27.161
1780036867.2368863,27.16
1780036867.2430506,27.159
1780036867.2489552,27.159
1780036867.2543538,27.158
1780036867.2597082,27.159
1780036867.2651448,27.156
1780036867.2705145,27.16
1780036867.2759237,27.16
1780036867.2812934,27.16
1780036867.286717,27.159
1780036867.2921374,27.158
1780036867.2978387,27.158
1780036867.3036144,27.158
1780036867.3089247,27.158
1780036867.3143752,27.158
1780036867.3197289,27.159
1780036867.3254306,27.158
1780036867.3316944,27.157
1780036867.3373997,27.156
1780036867.34308,27.154
1780036867.3486216,27.153
1780036867.354533,27.153
1780036867.3599324,27.154
1780036867.3654454,27.156
1780036867.3714235,27.155
1780036867.3773565,27.155
1780036867.3827438,27.154
1780036867.3881366,27.153
1780036867.393563,27.153
1780036867.3989844,27.153
1780036867.4043305,27.153
1780036867.409674,27.152
1780036867.4151065,27.153
1780036867.420531,27.152
1780036867.4262733,27.151
1780036867.4319608,27.151
1780036867.4372964,27.15
1780036867.4426806,27.15
1780036867.448082,27.15
1780036867.453548,27.149
1780036867.4592888,27.151
1780036867.4652228,27.151
1780036867.4711576,27.15
1780036867.477078,27.15
1780036867.4823089,27.149
1780036867.4877052,27.148
1780036867.493163,27.149
1780036867.4984932,27.15
1780036867.5045764,27.149
1780036867.510733,27.152
1780036867.5165238,27.151
1780036867.5219495,27.151
1780036867.5273504,27.15
1780036867.533411,27.149
1780036867.5394478,27.149
1780036867.5447638,27.15
1780036867.5501177,27.15
1780036867.5555627,27.151
1780036867.5611541,27.15
1780036867.5670793,27.15
1780036867.5723104,27.149
1780036867.57772,27.148
1780036867.5831645,27.148
1780036867.588509,27.148
1780036867.5939476,27.145
1780036867.5993352,27.149
1780036867.60475,27.148
1780036867.6101158,27.148
1780036867.6158268,27.147
1780036867.6221259,27.146
1780036867.627637,27.145
1780036867.633026,27.145
1780036867.6383665,27.146
1780036867.6438928,27.146
1780036867.6499362,27.149
1780036867.6557055,27.149
1780036867.6611052,27.148
1780036867.6665099,27.147
1780036867.6726127,27.147
1780036867.6785798,27.147
1780036867.6839542,27.147
1780036867.689298,27.147
1780036867.695015,27.148
1780036867.7014658,27.147
1780036867.70737,27.147
1780036867.7127104,27.146
1780036867.718103,27.145
1780036867.7235682,27.145
1780036867.7288957,27.145
1780036867.7343302,27.143
1780036867.7397497,27.145
1780036867.7451506,27.144
1780036867.750532,27.144
1780036867.7562785,27.143
1780036867.7626083,27.142
1780036867.7685583,27.142
1780036867.773957,27.142
1780036867.7793286,27.142
1780036867.7848177,27.143
1780036867.7904444,27.144
1780036867.796364,27.144
1780036867.802314,27.143
1780036867.8078291,27.143
1780036867.8135772,27.14
1780036867.8189886,27.14
1780036867.8249662,27.14
1780036867.8303354,27.14
1780036867.8360982,27.141
1780036867.842037,27.142
1780036867.8479521,27.141
1780036867.853872,27.14
1780036867.8591125,27.14
1780036867.8645244,27.139
1780036867.8699625,27.14
1780036867.8752954,27.14
1780036867.8813984,27.139
1780036867.8875225,27.142
1780036867.8933191,27.141
1780036867.898747,27.141
1780036867.9041302,27.141
1780036867.9102678,27.14
1780036867.9161603,27.14
1780036867.9215503,27.141
1780036867.9269588,27.14
1780036867.932373,27.14
1780036867.9379554,27.139
1780036867.9438965,27.139
1780036867.9494019,27.137
1780036867.9551742,27.136
1780036867.960612,27.136
1780036867.9665093,27.137
1780036867.9719281,27.138
1780036867.9774349,27.14
1780036867.9827302,27.14
1780036867.9880846,27.14
1780036867.9935338,27.139
1780036867.998902,27.139
1780036868.004297,27.139
1780036868.009716,27.139
1780036868.0151663,27.14
1780036868.0204544,27.138
1780036868.0256398,27.138
1780036868.0313747,27.137
1780036868.0367362,27.137
1780036868.0423737,27.136
1780036868.0483143,27.136
1780036868.0535357,27.135
1780036868.0589151,27.135
1780036868.0643215,27.133
1780036868.069755,27.136
1780036868.0751019,27.135
1780036868.0804813,27.135
1780036868.085681,27.134
1780036868.091224,27.134
1780036868.096483,27.133
1780036868.1021066,27.133
1780036868.1075122,27.134
1780036868.1128705,27.132
1780036868.1181152,27.132
1780036868.1237257,27.132
1780036868.1294687,27.132
1780036868.1358318,27.131
1780036868.141854,27.13
1780036868.1471717,27.13
1780036868.1525118,27.13
1780036868.1579623,27.128
1780036868.1634018,27.131
1780036868.1687195,27.131
1780036868.1740828,27.131
1780036868.179517,27.13
1780036868.1849365,27.13
1780036868.1910963,27.129
1780036868.1969588,27.129
1780036868.2023222,27.13
1780036868.2077224,27.13
1780036868.2132328,27.132
1780036868.2185378,27.131
1780036868.2239332,27.131
1780036868.2293155,27.13
1780036868.234742,27.13
1780036868.2401328,27.129
1780036868.2455788,27.129
1780036868.2509036,27.13
1780036868.2563243,27.129
1780036868.2617226,27.13
1780036868.267176,27.13
1780036868.2728062,27.129
1780036868.2786982,27.129
1780036868.283923,27.128
1780036868.289334,27.128
1780036868.2947783,27.129
1780036868.3001041,27.127
1780036868.3055449,27.131
1780036868.31093,27.13
1780036868.3163216,27.13
1780036868.3217344,27.129
1780036868.3274562,27.129
1780036868.333249,27.128
1780036868.338497,27.128
1780036868.343881,27.129
1780036868.3493583,27.128
1780036868.3547795,27.128
1780036868.3601818,27.128
1780036868.3655427,27.127
1780036868.3708885,27.127
1780036868.3763344,27.126
1780036868.3817377,27.126
1780036868.387169,27.126
1780036868.3925836,27.127
1780036868.3979347,27.125
1780036868.4033144,27.126
1780036868.4087503,27.125
1780036868.4143958,27.125
1780036868.420318,27.125
1780036868.4258204,27.124
1780036868.4313123,27.123
1780036868.4369729,27.124
1780036868.4423327,27.124
1780036868.4478476,27.127
1780036868.4531763,27.127
1780036868.4585514,27.126
1780036868.464267,27.126
1780036868.4705,27.125
1780036868.4760427,27.124
1780036868.4815185,27.125
1780036868.4873352,27.123
1780036868.4927242,27.126
1780036868.498136,27.127
1780036868.503576,27.126
1780036868.5091803,27.126
1780036868.5150726,27.126
1780036868.5203238,27.125
1780036868.5257323,27.125
1780036868.531181,27.125
1780036868.5365334,27.125
1780036868.541982,27.127
1780036868.547339,27.127
1780036868.5527327,27.126
1780036868.5581276,27.126
1780036868.563834,27.125
1780036868.5696714,27.125
1780036868.5749893,27.125
1780036868.5803254,27.125
1780036868.5857854,27.125
1780036868.5911787,27.125
1780036868.5965729,27.125
1780036868.6019359,27.125
1780036868.6073205,27.124
1780036868.6127408,27.123
1780036868.618159,27.123
1780036868.6235797,27.123
1780036868.6289203,27.121
1780036868.6343257,27.123
1780036868.6396925,27.122
1780036868.6451287,27.122
1780036868.650787,27.122
1780036868.6567032,27.121
1780036868.6622028,27.121
1780036868.6676886,27.121
1780036868.6733525,27.121
1780036868.6787353,27.122
1780036868.6840997,27.123
1780036868.6895227,27.123
1780036868.6949437,27.123
1780036868.7006326,27.122
1780036868.706944,27.121
1780036868.7130249,27.121
1780036868.7183836,27.122
1780036868.72373,27.122
1780036868.7291648,27.124
1780036868.7345016,27.124
1780036868.7398937,27.124
1780036868.7453926,27.123
1780036868.7514725,27.122
1780036868.7574072,27.122
1780036868.762769,27.122
1780036868.7681322,27.123
1780036868.7735758,27.124
1780036868.7789583,27.125
1780036868.7843356,27.125
1780036868.7896967,27.125
1780036868.7951334,27.124
1780036868.8005416,27.124
1780036868.8059828,27.124
1780036868.8113065,27.124
1780036868.81674,27.122
1780036868.8222256,27.126
1780036868.8275843,27.125
1780036868.833181,27.125
1780036868.8390775,27.125
1780036868.8443332,27.124
1780036868.8496883,27.124
1780036868.8551266,27.124
1780036868.8605125,27.124
1780036868.8659828,27.124
1780036868.8713121,27.125
1780036868.876702,27.125
1780036868.8821313,27.125
1780036868.8878613,27.124
1780036868.893673,27.124
1780036868.8989034,27.123
1780036868.9043117,27.124
1780036868.9097,27.125
1780036868.9151459,27.125
1780036868.9205546,27.126
1780036868.9259405,27.125
1780036868.9313197,27.125
1780036868.9367454,27.125
1780036868.9421673,27.124
1780036868.9475968,27.124
1780036868.9529555,27.124
1780036868.9583373,27.123
1780036868.963779,27.126
1780036868.9691865,27.126
1780036868.9748151,27.126
1780036868.9806962,27.126
1780036868.9859293,27.125
1780036868.991345,27.124
1780036868.9967716,27.125
1780036869.0021203,27.125
1780036869.0075881,27.125
1780036869.0129356,27.127
1780036869.018331,27.126
1780036869.0237505,27.126
1780036869.0294456,27.125
1780036869.0357065,27.125
1780036869.041261,27.124
1780036869.0467224,27.124
1780036869.0525005,27.123
1780036869.0579047,27.128
1780036869.0633366,27.128
1780036869.068787,27.128
1780036869.0744014,27.128
1780036869.0803447,27.127
1780036869.08585,27.126
1780036869.0913541,27.126
1780036869.0969076,27.127
1780036869.1023493,27.126
1780036869.107702,27.128
1780036869.1131577,27.127
1780036869.1185436,27.127
1780036869.1242769,27.126
1780036869.1300123,27.125
1780036869.135311,27.125
1780036869.1406944,27.125
1780036869.1460922,27.123
1780036869.151535,27.126
1780036869.1569693,27.126
1780036869.1623518,27.126
1780036869.1676962,27.126
1780036869.172972,27.125
1780036869.178572,27.125
1780036869.1839907,27.125
1780036869.189359,27.125
1780036869.1947384,27.124
1780036869.200263,27.126
1780036869.205589,27.126
1780036869.210953,27.126
1780036869.2169638,27.125
1780036869.2226205,27.124
1780036869.228038,27.123
1780036869.2337637,27.124
1780036869.2391431,27.124
1780036869.2446463,27.126
1780036869.2499905,27.125
1780036869.2553716,27.125
1780036869.2610781,27.125
1780036869.267348,27.124
1780036869.2730103,27.123
1780036869.2784185,27.123
1780036869.2841587,27.124
1780036869.2895744,27.125
1780036869.2949233,27.127
1780036869.300357,27.127
1780036869.3060095,27.127
1780036869.3118799,27.126
1780036869.3171356,27.126
1780036869.3225412,27.125
1780036869.3279915,27.126
1780036869.3333497,27.126
1780036869.3387868,27.126
1780036869.3441644,27.128
1780036869.349542,27.127
1780036869.3549235,27.127
1780036869.3606837,27.126
1780036869.3669512,27.125
1780036869.372453,27.125
1780036869.3778932,27.126
1780036869.3831773,27.127
1780036869.388676,27.13
1780036869.3939905,27.13
1780036869.3993845,27.13
1780036869.4047573,27.129
1780036869.4100978,27.129
1780036869.4154937,27.128
1780036869.420965,27.128
1780036869.42639,27.129
1780036869.4317322,27.127
1780036869.4371922,27.129
1780036869.4425693,27.129
1780036869.4479516,27.128
1780036869.4533603,27.128
1780036869.45879,27.127
1780036869.464138,27.126
1780036869.4695847,27.127
1780036869.474908,27.127
1780036869.4803154,27.125
1780036869.4857378,27.126
1780036869.4914396,27.125
1780036869.4977129,27.125
1780036869.5034335,27.123
1780036869.509044,27.122
1780036869.5144777,27.123
1780036869.5199616,27.124
1780036869.5253763,27.124
1780036869.5307868,27.124
1780036869.53613,27.124
1780036869.541537,27.124
1780036869.546946,27.123
1780036869.5526633,27.123
1780036869.558486,27.123
1780036869.5637944,27.123
1780036869.5691876,27.121
1780036869.5746439,27.124
1780036869.5799956,27.124
1780036869.5855067,27.124
1780036869.5908716,27.123
1780036869.5964773,27.122
1780036869.6023448,27.122
1780036869.6076076,27.122
1780036869.6129365,27.122
1780036869.6183827,27.123
1780036869.623881,27.125
1780036869.6291966,27.125
1780036869.6348011,27.124
1780036869.6407268,27.124
1780036869.6462762,27.123
1780036869.6517863,27.122
1780036869.6574032,27.122
1780036869.6627848,27.122
1780036869.6681976,27.124
1780036869.6735451,27.123
1780036869.6789558,27.123
1780036869.6843922,27.122
1780036869.6900156,27.121
1780036869.695939,27.121
1780036869.7011995,27.121
1780036869.7065368,27.122
1780036869.7119825,27.121
1780036869.7174823,27.123
1780036869.722801,27.123
1780036869.7281137,27.122
1780036869.7335427,27.122
1780036869.7389703,27.121
1780036869.7446654,27.121
1780036869.7504785,27.121
1780036869.7557878,27.122
1780036869.7611625,27.123
1780036869.7665222,27.124
1780036869.7719944,27.124
1780036869.7776155,27.123
1780036869.7835333,27.123
1780036869.7890244,27.122
1780036869.7945857,27.122
1780036869.8001547,27.122
1780036869.8055768,27.121
1780036869.8109117,27.125
1780036869.816318,27.125
1780036869.8217497,27.125
1780036869.8274684,27.124
1780036869.8337255,27.123
1780036869.8392658,27.122
1780036869.844721,27.122
1780036869.8500297,27.123
1780036869.8553667,27.123
1780036869.860795,27.124
1780036869.866143,27.124
1780036869.8721917,27.124
1780036869.8782618,27.123
1780036869.8836036,27.123
1780036869.8889508,27.122
1780036869.8944013,27.123
1780036869.8997161,27.12
1780036869.9051142,27.122
1780036869.910533,27.122
1780036869.9159994,27.122
1780036869.9216309,27.121
1780036869.9275384,27.121
1780036869.9330428,27.12
1780036869.9385421,27.12
1780036869.9441595,27.121
1780036869.9495904,27.121
1780036869.9549363,27.123
1780036869.9603856,27.123
1780036869.9657588,27.122
1780036869.9715173,27.122
1780036869.9778523,27.121
1780036869.9838004,27.121
1780036869.9891806,27.121
1780036869.9945421,27.121
1780036869.9999828,27.123
1780036870.0055532,27.123
1780036870.0114574,27.122
1780036870.0167537,27.122
1780036870.0221567,27.122
1780036870.0275965,27.121
1780036870.0329425,27.121
1780036870.0384023,27.122
1780036870.0437522,27.121
1780036870.0491843,27.121
1780036870.0545473,27.121
1780036870.0602558,27.12
1780036870.0661101,27.12
1780036870.0716186,27.119
1780036870.077527,27.118
1780036870.0827878,27.119
1780036870.0881226,27.118
1780036870.0935678,27.122
1780036870.0989158,27.122
1780036870.1049616,27.122
1780036870.1106763,27.121
1780036870.1162424,27.12
1780036870.1216342,27.119
1780036870.12719,27.119
1780036870.1325517,27.12
