timestamp,gpu_power_w
1780415552.3451295,49.251
1780415552.3503926,50.004
1780415552.3559642,50.006
1780415552.3611784,50.012
1780415552.3667035,50.015
1780415552.371924,50.021
1780415552.3775463,50.027
1780415552.3827941,50.03
1780415552.3883476,50.034
1780415552.3936007,50.039
1780415552.3990939,50.043
1780415552.404321,50.048
1780415552.4099433,50.051
1780415552.4151814,50.058
1780415552.420703,50.059
1780415552.4259272,50.065
1780415552.4315057,50.069
1780415552.4367297,50.073
1780415552.4423068,50.077
1780415552.4475365,50.084
1780415552.4531708,50.087
1780415552.4583988,50.09
1780415552.463899,50.094
1780415552.4691262,50.099
1780415552.4747388,50.102
1780415552.4799397,50.106
1780415552.4855564,50.113
1780415552.4907823,50.114
1780415552.4963093,50.119
1780415552.5015378,50.124
1780415552.507152,50.126
1780415552.5123825,50.132
1780415552.5179205,50.136
1780415552.523162,50.141
1780415552.5287206,50.143
1780415552.533945,50.147
1780415552.5395174,50.151
1780415552.5447426,50.155
1780415552.5503623,50.159
1780415552.5556061,50.165
1780415552.561105,50.166
1780415552.566348,50.171
1780415552.5719006,50.174
1780415552.577122,50.178
1780415552.582704,50.182
1780415552.587934,50.187
1780415552.593576,50.191
1780415552.5989919,50.193
1780415552.6043315,50.197
1780415552.6095662,50.201
1780415552.6151369,50.204
1780415552.6203532,50.208
1780415552.6260648,50.214
1780415552.6314468,50.216
1780415552.6367326,50.219
1780415552.641959,50.223
1780415552.6475399,50.226
1780415552.652768,50.23
1780415552.6583433,50.233
1780415552.6635916,50.239
1780415552.6691458,50.24
1780415552.6743612,50.244
1780415552.6799483,50.247
1780415552.6851697,50.251
1780415552.690748,50.254
1780415552.6959732,51.004
1780415552.7015586,51.006
1780415552.7067807,51.009
1780415552.71233,51.012
1780415552.7175639,51.016
1780415552.7231665,51.019
1780415552.7283967,51.022
1780415552.733914,51.027
1780415552.7391422,51.029
1780415552.7447493,51.032
1780415552.7499907,51.036
1780415552.755506,51.038
1780415552.7607372,51.043
1780415552.7663162,51.047
1780415552.7715538,51.05
1780415552.7771182,51.051
1780415552.782342,51.055
1780415552.7879176,51.058
1780415552.7931426,51.062
1780415552.7987266,51.064
1780415552.803965,51.07
1780415552.8095202,51.07
1780415552.814732,51.074
1780415552.8203173,51.077
1780415552.8255396,51.08
1780415552.8311033,51.083
1780415552.8363397,51.089
1780415552.8419743,51.091
1780415552.8471928,51.092
1780415552.8527348,51.095
1780415552.8579612,51.099
1780415552.8635032,51.101
1780415552.8688023,51.105
1780415552.8743098,51.109
1780415552.87954,51.11
1780415552.8851626,51.113
1780415552.8903923,51.116
1780415552.895892,51.119
1780415552.9011137,51.123
1780415552.9067385,51.125
1780415552.9119844,51.13
1780415552.9175391,51.13
1780415552.922755,51.134
1780415552.9282997,51.137
1780415552.9335155,51.14
1780415552.9391465,51.142
1780415552.9443781,51.147
1780415552.9499142,51.148
1780415552.9551432,51.151
1780415552.9607103,51.153
1780415552.9659412,51.156
1780415552.9715009,51.159
1780415552.9767137,51.162
1780415552.9823666,51.166
1780415552.9875913,51.167
1780415552.9931018,51.17
1780415552.9983323,51.173
1780415553.0039504,51.175
1780415553.0091739,51.178
1780415553.0147126,51.182
1780415553.0199413,51.184
1780415553.025562,51.185
1780415553.030788,51.188
1780415553.0363238,51.19
1780415553.041816,51.194
1780415553.0471568,51.195
1780415553.0523958,51.2
1780415553.0579143,51.2
1780415553.0631382,51.204
1780415553.0687306,51.208
1780415553.073991,51.208
1780415553.0795474,51.211
1780415553.0847678,51.216
1780415553.0903687,51.218
1780415553.0955899,51.217
1780415553.10129,51.22
1780415553.1066332,51.224
1780415553.1118956,51.226
1780415553.1171112,51.229
1780415553.1227353,51.233
1780415553.1279728,51.233
1780415553.1335557,51.236
1780415553.138784,51.239
1780415553.144349,51.24
1780415553.1495893,51.243
1780415553.1551588,51.245
1780415553.1604033,51.249
1780415553.1659348,51.249
1780415553.1713607,51.252
1780415553.1778972,51.244
1780415553.1842496,51.238
1780415553.1902652,51.238
1780415553.196269,51.237
1780415553.2020943,51.235
1780415553.2081714,51.234
1780415553.2143214,51.233
1780415553.2201538,51.232
1780415553.2262774,51.231
1780415553.2321153,51.229
1780415553.2382603,51.227
1780415553.2443016,51.224
1780415553.2503078,51.222
1780415553.2563035,51.22
1780415553.2621164,51.217
1780415553.2681584,51.215
1780415553.274307,51.212
1780415553.2802227,51.209
1780415553.2862906,51.207
1780415553.2921326,51.205
1780415553.2983584,51.203
1780415553.3044002,51.2
1780415553.310342,51.198
1780415553.3163176,51.197
1780415553.3220918,51.194
1780415553.3281913,51.192
1780415553.3342254,51.189
1780415553.3402445,51.187
1780415553.3462536,51.185
1780415553.3521879,51.183
1780415553.358281,51.181
1780415553.3643198,51.178
1780415553.3702786,51.176
1780415553.3762949,51.174
1780415553.3822076,51.172
1780415553.3881638,51.169
1780415553.3942163,51.168
1780415553.4001653,51.165
1780415553.4062774,51.163
1780415553.412201,51.161
1780415553.4183314,51.159
1780415553.42436,51.156
1780415553.4302323,51.155
1780415553.4362144,51.153
1780415553.4422379,51.151
1780415553.4482114,51.149
1780415553.454226,51.146
1780415553.460132,51.144
1780415553.4663339,51.142
1780415553.4723248,51.14
1780415553.4786406,51.138
1780415553.4847279,51.136
1780415553.49056,51.134
1780415553.4964995,51.133
1780415553.5023086,51.131
1780415553.5082889,51.129
1780415553.5142639,51.126
1780415553.5201628,51.124
1780415553.5263326,51.122
1780415553.532224,51.12
1780415553.5383468,51.119
1780415553.5443804,51.116
1780415553.550128,51.114
1780415553.5562062,51.112
1780415553.5622656,51.111
1780415553.5682526,51.109
1780415553.57418,51.106
1780415553.58018,51.104
1780415553.5862,51.102
1780415553.592219,51.1
1780415553.5982907,51.099
1780415553.6043692,51.097
1780415553.610197,51.095
1780415553.6162477,51.093
1780415553.6220386,51.092
1780415553.6282957,51.09
1780415553.6343014,51.088
1780415553.6402621,51.086
1780415553.646096,51.084
1780415553.652191,51.082
1780415553.6582537,51.081
1780415553.6642928,51.079
1780415553.6702538,51.078
1780415553.6762714,51.076
1780415553.6821485,51.074
1780415553.688197,51.072
1780415553.694317,51.071
1780415553.700315,51.069
1780415553.7062204,51.067
1780415553.7122078,51.066
1780415553.71831,51.065
1780415553.7243462,51.062
1780415553.73028,51.061
1780415553.73628,51.059
1780415553.74224,51.058
1780415553.7482963,51.056
1780415553.7540483,51.054
1780415553.7602525,51.053
1780415553.7663183,51.051
1780415553.7723076,51.049
1780415553.7780805,51.048
1780415553.784302,51.046
1780415553.7902892,51.044
1780415553.7963502,51.044
1780415553.8022473,51.042
1780415553.808295,51.04
1780415553.8141005,51.039
1780415553.8202055,51.037
1780415553.826305,51.036
1780415553.832326,51.034
1780415553.8381672,51.032
1780415553.8442733,51.031
1780415553.8501797,51.029
1780415553.8562918,51.028
1780415553.8621767,51.026
1780415553.868338,51.025
1780415553.874193,51.024
1780415553.880267,51.022
1780415553.8862884,51.02
1780415553.8922975,51.019
1780415553.8982506,51.018
1780415553.9043288,51.016
1780415553.9102242,51.015
1780415553.9162111,51.014
1780415553.92216,51.012
1780415553.9283228,51.011
1780415553.934227,51.009
1780415553.940241,51.008
1780415553.9460282,51.006
1780415553.9523184,51.005
1780415553.9582708,51.004
1780415553.9643443,51.002
1780415553.9702985,51.001
1780415553.9762373,51.0
1780415553.9821758,50.254
1780415553.9883573,50.253
1780415553.994264,50.251
1780415554.000336,50.25
1780415554.006159,50.248
1780415554.012229,50.247
1780415554.0183368,50.246
1780415554.0244186,50.244
1780415554.0304184,50.244
1780415554.0362563,50.243
1780415554.04222,50.241
1780415554.048231,50.24
1780415554.0542667,50.238
1780415554.0603158,50.237
1780415554.0662181,50.235
1780415554.0722947,50.235
1780415554.0781991,50.234
1780415554.084246,50.233
1780415554.0902758,50.231
1780415554.096082,50.23
1780415554.102251,50.228
1780415554.1082633,50.227
1780415554.1142747,50.226
1780415554.120149,50.225
1780415554.1262355,50.224
1780415554.132322,50.223
1780415554.1382642,50.222
1780415554.1443157,50.221
1780415554.1503432,50.22
1780415554.1562107,50.219
1780415554.1623025,50.218
1780415554.1682835,50.217
1780415554.1746209,50.216
1780415554.180362,50.215
1780415554.1863654,50.213
1780415554.1921024,50.212
1780415554.1981816,50.212
1780415554.2041976,50.211
1780415554.210342,50.21
1780415554.216199,50.209
1780415554.2222946,50.208
1780415554.228115,50.207
1780415554.234245,50.206
1780415554.240305,50.204
1780415554.2462645,50.203
1780415554.252244,50.203
1780415554.2582455,50.202
1780415554.2642255,50.2
1780415554.2701,50.199
1780415554.2762294,50.198
1780415554.2823496,50.197
1780415554.288234,50.196
1780415554.2942638,50.194
1780415554.3002028,50.193
1780415554.3062391,50.192
1780415554.312012,50.191
1780415554.3183198,50.19
1780415554.3243015,50.189
1780415554.3301868,50.188
1780415554.3362734,50.186
1780415554.3422313,50.185
1780415554.3481333,50.185
1780415554.3543296,50.184
1780415554.3602622,50.182
1780415554.3663282,50.181
1780415554.3721306,50.18
1780415554.378255,50.179
1780415554.384316,50.178
1780415554.3902667,50.178
1780415554.396266,50.177
1780415554.402124,50.176
1780415554.408254,50.176
1780415554.4143007,50.174
1780415554.4202452,50.173
1780415554.4263294,50.172
1780415554.4322474,50.171
1780415554.4382749,50.17
1780415554.4440618,50.168
1780415554.4503546,50.168
1780415554.456359,50.167
1780415554.4622533,50.166
1780415554.468263,50.166
1780415554.474021,50.165
1780415554.4802134,50.165
1780415554.4861944,50.164
1780415554.4921553,50.164
1780415554.498217,50.164
1780415554.5042224,50.163
1780415554.510232,50.163
1780415554.516336,50.163
1780415554.522179,50.163
1780415554.5283086,50.163
1780415554.534208,50.163
1780415554.5402887,50.163
1780415554.5461833,50.163
1780415554.5522544,50.163
1780415554.5582278,50.163
1780415554.564274,50.163
1780415554.570233,50.163
1780415554.5762608,50.163
1780415554.5822773,50.163
1780415554.5882323,50.163
1780415554.5942175,50.162
1780415554.6002421,50.162
1780415554.6062753,50.162
1780415554.6121485,50.162
1780415554.6181872,50.162
1780415554.6242158,50.161
1780415554.630082,50.161
1780415554.6361866,50.161
1780415554.642255,50.161
1780415554.6481125,50.161
1780415554.6543496,50.161
1780415554.660201,50.16
1780415554.6662593,50.159
1780415554.6721857,50.159
1780415554.6782362,50.158
1780415554.6842191,50.159
1780415554.6901162,50.158
1780415554.6962602,50.158
1780415554.7020953,50.158
1780415554.7083333,50.158
1780415554.7142215,50.157
1780415554.7202652,50.157
1780415554.7262657,50.157
1780415554.7322104,50.157
1780415554.7382214,50.157
1780415554.744351,50.157
1780415554.7503772,50.156
1780415554.7561924,50.156
1780415554.762243,50.155
1780415554.7680461,50.155
1780415554.7741878,50.154
1780415554.7802956,50.154
1780415554.786156,50.154
1780415554.7922032,50.154
1780415554.7981296,50.153
1780415554.804258,50.153
1780415554.8102658,50.152
1780415554.8162224,50.152
1780415554.8222868,50.152
1780415554.8281891,50.151
1780415554.8342443,50.151
1780415554.8401453,50.15
1780415554.8462968,50.15
1780415554.8521805,50.15
1780415554.858257,50.149
1780415554.8641355,50.149
1780415554.8702357,50.148
1780415554.876255,50.148
1780415554.882248,50.147
1780415554.8882117,50.147
1780415554.8942757,50.146
1780415554.9002209,50.145
1780415554.9061341,50.144
1780415554.9122052,50.143
1780415554.9182305,50.143
1780415554.924266,50.141
1780415554.930233,50.141
1780415554.9362795,50.14
1780415554.9421487,50.139
1780415554.948335,50.138
1780415554.9540863,50.137
1780415554.9603539,50.136
1780415554.966208,50.136
1780415554.9721909,50.135
1780415554.9782357,50.134
1780415554.9841943,50.134
1780415554.990251,50.133
1780415554.9962294,50.132
1780415555.0022287,50.131
1780415555.0082877,50.131
1780415555.014179,50.13
1780415555.0202506,50.13
1780415555.0260715,50.128
1780415555.0322256,50.127
1780415555.0382533,50.126
1780415555.044229,50.126
1780415555.050265,50.125
1780415555.056177,50.125
1780415555.0622458,50.123
1780415555.068217,50.124
1780415555.0741668,50.123
1780415555.0802155,50.123
1780415555.0861216,50.121
1780415555.0923283,50.12
1780415555.0980413,50.119
1780415555.1043165,50.119
1780415555.1101851,50.118
1780415555.116224,50.118
1780415555.1223123,50.118
1780415555.1280613,50.117
1780415555.1342728,50.116
1780415555.14021,50.116
1780415555.1462717,50.115
1780415555.1521626,50.115
1780415555.1582668,50.113
1780415555.1642554,50.113
1780415555.171031,50.112
1780415555.1770115,50.111
1780415555.1834455,50.111
1780415555.1895158,50.11
1780415555.1953897,50.109
1780415555.201469,50.109
1780415555.2072232,50.109
1780415555.213538,50.107
1780415555.2194183,50.107
1780415555.2255037,50.106
1780415555.2314413,50.105
1780415555.2373424,50.104
1780415555.2433705,50.104
1780415555.2494128,50.103
1780415555.2553,50.103
1780415555.2614837,50.102
1780415555.267381,50.101
1780415555.2734516,50.1
1780415555.2792766,50.1
1780415555.285495,50.1
1780415555.2913992,50.099
1780415555.2974775,50.098
1780415555.3034642,50.098
1780415555.30936,50.098
1780415555.315426,50.096
1780415555.321431,50.095
1780415555.3273997,50.094
1780415555.333509,50.094
1780415555.3394284,50.093
1780415555.34548,50.092
1780415555.3513868,50.092
1780415555.3573213,50.091
1780415555.3634362,50.091
1780415555.3694625,50.091
1780415555.3755183,50.09
1780415555.3814235,50.09
1780415555.3874738,50.089
1780415555.3932679,50.087
1780415555.399349,50.087
1780415555.4055524,50.086
1780415555.411423,50.086
1780415555.4174533,50.085
1780415555.423575,50.086
1780415555.4293323,50.084
1780415555.4354186,50.084
1780415555.441401,50.084
1780415555.4474883,50.082
1780415555.453481,50.082
1780415555.4594505,50.081
1780415555.465289,50.081
1780415555.471444,50.08
1780415555.477343,50.08
1780415555.483489,50.079
1780415555.489379,50.079
1780415555.4955297,50.078
1780415555.5013855,50.077
1780415555.5074399,50.077
1780415555.5134668,50.076
1780415555.5194745,50.076
1780415555.525443,50.076
1780415555.5315106,50.075
1780415555.5374463,50.075
1780415555.5434356,50.074
1780415555.549373,50.073
1780415555.5554864,50.074
1780415555.561427,50.072
1780415555.5675192,50.072
1780415555.5734155,50.071
1780415555.579451,50.07
1780415555.585236,50.07
1780415555.5915825,50.07
1780415555.5975761,50.07
1780415555.6035182,50.069
1780415555.6094716,50.069
1780415555.6153293,50.068
1780415555.6213825,50.068
1780415555.6274018,50.068
1780415555.6333072,50.067
1780415555.6394966,50.067
1780415555.6453989,50.067
1780415555.6514413,50.066
1780415555.6574495,50.066
1780415555.6632326,50.066
1780415555.669491,50.065
1780415555.6754804,50.065
1780415555.6814828,50.064
1780415555.6873724,50.064
1780415555.6934507,50.063
1780415555.6994808,50.063
1780415555.7053754,50.062
1780415555.7114604,50.062
1780415555.7175303,50.061
1780415555.7234445,50.061
1780415555.729457,50.061
1780415555.7352893,50.06
1780415555.7415068,50.06
1780415555.747414,50.06
1780415555.7534134,50.059
1780415555.759469,50.059
1780415555.7654362,50.059
1780415555.7713733,50.059
1780415555.7773814,50.058
1780415555.78333,50.058
1780415555.7894673,50.057
1780415555.7954319,50.057
1780415555.8015392,50.057
1780415555.8073683,50.056
1780415555.8134432,50.055
1780415555.819482,50.055
1780415555.8254738,50.055
1780415555.831503,50.055
1780415555.8374875,50.054
1780415555.8434913,50.054
1780415555.8493314,50.054
1780415555.8553762,50.054
1780415555.861412,50.053
1780415555.86735,50.052
1780415555.8735173,50.052
1780415555.8793886,50.052
1780415555.8854716,50.052
1780415555.8913417,50.052
1780415555.897296,50.051
1780415555.9034436,50.051
1780415555.9094732,50.051
1780415555.915504,50.051
1780415555.9213643,50.05
1780415555.927441,50.05
1780415555.9334667,50.049
1780415555.9393141,50.048
1780415555.945518,50.048
1780415555.9513988,50.048
1780415555.9573932,50.047
1780415555.9634573,50.047
1780415555.9692724,50.047
1780415555.9755301,50.047
1780415555.9815938,50.047
1780415555.9875643,50.046
1780415555.9934072,50.046
1780415555.9994414,50.046
1780415556.0054088,50.045
1780415556.0114305,50.045
1780415556.0174837,50.045
1780415556.023519,50.045
1780415556.0294323,50.045
1780415556.0354726,50.045
1780415556.0413606,50.045
1780415556.0474308,50.044
1780415556.053461,50.043
1780415556.0593889,50.043
1780415556.0654612,50.043
1780415556.0714717,50.045
1780415556.0774088,50.045
1780415556.0834074,50.044
1780415556.089416,50.044
1780415556.095344,50.043
1780415556.1016686,50.042
1780415556.107455,50.042
1780415556.1133673,50.041
1780415556.1195073,50.042
1780415556.1254377,50.041
1780415556.1315732,50.042
1780415556.1376138,50.041
1780415556.1433663,50.041
1780415556.1494684,50.041
1780415556.1554801,50.04
1780415556.1615136,50.041
1780415556.167491,50.04
1780415556.1734867,50.04
1780415556.1793904,50.04
1780415556.1854334,50.04
1780415556.1915233,50.039
1780415556.197573,50.039
1780415556.203503,50.039
1780415556.2095118,50.039
1780415556.2152758,50.039
1780415556.221556,50.039
1780415556.227422,50.038
1780415556.2334867,50.039
1780415556.2393312,50.039
1780415556.2454438,50.038
1780415556.2513833,50.038
1780415556.2574344,50.037
1780415556.263453,50.038
1780415556.2693448,50.038
1780415556.275468,50.039
1780415556.2813895,50.038
1780415556.2875354,50.038
1780415556.293363,50.038
1780415556.29952,50.039
1780415556.3053596,50.039
1780415556.3114436,50.039
1780415556.317372,50.039
1780415556.3233418,50.039
1780415556.329429,50.038
1780415556.3354678,50.039
1780415556.3415148,50.039
1780415556.347431,50.039
1780415556.3534834,50.038
1780415556.3593774,50.039
1780415556.3653855,50.039
1780415556.3714795,50.039
1780415556.3774211,50.039
1780415556.3834364,50.038
1780415556.3895335,50.038
1780415556.3953862,50.038
1780415556.4014034,50.038
1780415556.4072723,50.038
1780415556.4134493,50.038
1780415556.4194987,50.037
1780415556.4254475,50.037
1780415556.431465,50.037
1780415556.437462,50.038
1780415556.443425,50.038
1780415556.449329,50.038
1780415556.4554112,50.037
1780415556.4612448,50.038
1780415556.4674282,50.038
1780415556.4732702,50.038
1780415556.4793918,50.037
1780415556.4852922,50.037
1780415556.4913938,50.037
1780415556.4973016,50.037
1780415556.5029342,50.036
1780415556.5090146,50.037
1780415556.514981,50.037
1780415556.5210166,50.037
1780415556.5268447,50.037
1780415556.532928,50.037
1780415556.5390122,50.037
1780415556.5453815,50.037
1780415556.5514333,50.037
1780415556.557492,50.037
1780415556.5634928,50.036
1780415556.5694542,50.036
1780415556.575345,50.036
1780415556.581335,50.036
1780415556.5875225,50.036
1780415556.5934572,50.036
1780415556.5994737,50.036
1780415556.605447,50.035
1780415556.6114733,50.035
1780415556.617333,50.036
1780415556.6234434,50.035
1780415556.6294334,50.035
1780415556.635509,50.035
1780415556.6414933,50.035
1780415556.6473548,50.035
1780415556.653397,50.034
1780415556.6594222,50.034
1780415556.6654024,50.033
1780415556.671472,50.034
1780415556.6774418,50.034
1780415556.6834018,50.033
1780415556.689495,50.033
1780415556.6953006,50.033
1780415556.7014167,50.032
1780415556.7074478,50.032
1780415556.71344,50.032
1780415556.719401,50.032
1780415556.725486,50.031
1780415556.7313178,50.031
1780415556.7374172,50.031
1780415556.7434793,50.031
1780415556.7495456,50.03
1780415556.7553868,50.03
1780415556.7614846,50.03
1780415556.7674165,50.03
1780415556.7734647,50.03
1780415556.7794752,50.029
1780415556.7854793,50.029
1780415556.791479,50.029
1780415556.797492,50.029
1780415556.8035269,50.029
1780415556.809356,50.029
1780415556.8153822,50.029
1780415556.8214283,50.029
1780415556.8273032,50.028
1780415556.83349,50.028
1780415556.8393633,50.027
1780415556.8455048,50.027
1780415556.8513792,50.027
1780415556.8575237,50.028
1780415556.8635523,50.027
1780415556.8694327,50.027
1780415556.8754413,50.027
1780415556.881442,50.027
1780415556.8874426,50.027
1780415556.893319,50.026
1780415556.8993974,50.026
1780415556.9054236,50.026
1780415556.9114234,50.025
1780415556.917497,50.025
1780415556.9235554,50.025
1780415556.929388,50.025
1780415556.9354556,50.025
1780415556.9414752,50.025
1780415556.9474761,50.025
1780415556.9534492,50.025
1780415556.9594514,50.024
1780415556.9653916,50.024
1780415556.9714024,50.025
1780415556.9774468,50.024
1780415556.9839644,50.024
1780415556.9897082,50.024
1780415556.9955995,50.024
1780415557.0014434,50.024
1780415557.0075,50.024
1780415557.0133433,50.023
1780415557.019426,50.023
1780415557.0255234,50.022
1780415557.0314963,50.022
1780415557.037456,50.022
1780415557.04352,50.022
1780415557.0494833,50.022
1780415557.0553968,50.022
1780415557.0613823,50.022
1780415557.0674088,50.022
1780415557.0733829,50.023
1780415557.0794578,50.023
1780415557.0853517,50.022
1780415557.0914657,50.022
1780415557.0973992,50.021
1780415557.10347,50.02
1780415557.109544,50.021
1780415557.1153715,50.021
1780415557.1214285,50.022
1780415557.1274638,50.022
1780415557.133506,50.022
1780415557.1394398,50.022
1780415557.145501,50.022
1780415557.151414,50.022
1780415557.1574392,50.022
1780415557.1634386,50.022
1780415557.1695135,50.022
1780415557.1753602,50.022
1780415557.1815624,50.022
1780415557.1874256,50.021
1780415557.1935275,50.021
1780415557.199391,50.021
1780415557.2055,50.021
1780415557.211252,50.022
1780415557.2175577,50.022
1780415557.2235687,50.022
1780415557.2295353,50.022
1780415557.2354987,50.022
1780415557.2414172,50.022
1780415557.24742,50.021
1780415557.2534926,50.021
1780415557.2593937,50.021
1780415557.2655053,50.02
1780415557.2713013,50.02
1780415557.2775075,50.02
1780415557.283454,50.019
1780415557.2894452,50.019
1780415557.295455,50.019
1780415557.3012667,50.019
1780415557.3074226,50.019
1780415557.3134806,50.019
1780415557.3195038,50.019
1780415557.3254287,50.019
1780415557.3314426,50.018
1780415557.3375165,50.019
1780415557.343484,50.018
1780415557.34939,50.018
1780415557.3554647,50.018
1780415557.361436,50.018
1780415557.3674674,50.018
1780415557.3734083,50.018
1780415557.379442,50.017
1780415557.385253,50.017
1780415557.3915207,50.017
1780415557.397464,50.018
1780415557.4034815,50.017
1780415557.4095516,50.017
1780415557.4153452,50.017
1780415557.4214141,50.017
1780415557.4274075,50.018
1780415557.4333658,50.017
1780415557.4395323,50.017
1780415557.4453819,50.016
1780415557.4514985,50.016
1780415557.4573934,50.017
1780415557.4633698,50.016
1780415557.4694924,50.017
1780415557.475292,50.017
1780415557.4814713,50.017
1780415557.487301,50.016
1780415557.4934528,50.017
1780415557.4993138,50.017
1780415557.5054655,50.017
1780415557.5113106,50.017
1780415557.5174527,50.017
1780415557.523592,50.018
1780415557.5295236,50.018
1780415557.535484,50.018
1780415557.5414813,50.018
1780415557.5474246,50.018
1780415557.5533397,50.018
1780415557.5594544,50.018
1780415557.565471,50.018
1780415557.5713613,50.018
1780415557.5774708,50.018
1780415557.5834646,50.019
1780415557.5894313,50.018
1780415557.595492,50.018
1780415557.6013277,50.019
1780415557.6074374,50.019
1780415557.6134722,50.019
1780415557.6194708,50.019
1780415557.6254451,50.019
1780415557.631442,50.018
1780415557.637415,50.018
1780415557.6434767,50.019
1780415557.6494722,50.018
1780415557.6554513,50.018
1780415557.6613996,50.018
1780415557.667483,50.018
1780415557.6733813,50.018
1780415557.6794863,50.018
1780415557.685388,50.018
1780415557.6914454,50.018
1780415557.697261,50.018
1780415557.7035155,50.018
1780415557.709552,50.017
1780415557.715489,50.018
1780415557.7214603,50.017
1780415557.7273338,50.017
1780415557.733405,50.017
1780415557.739427,50.017
1780415557.7454011,50.017
1780415557.7514908,50.016
1780415557.757387,50.016
1780415557.76352,50.017
1780415557.7695851,50.016
1780415557.7754047,50.016
1780415557.7814665,50.017
1780415557.7873127,50.017
1780415557.793502,50.017
1780415557.7994602,50.017
1780415557.8054533,50.017
1780415557.8114357,50.017
1780415557.81745,50.017
1780415557.8235047,50.016
1780415557.829557,50.016
1780415557.835455,50.016
1780415557.8414915,50.017
1780415557.8473837,50.016
1780415557.8535635,50.016
1780415557.8594017,50.017
1780415557.865486,50.016
1780415557.8714132,50.016
1780415557.877475,50.016
1780415557.8832867,50.016
1780415557.8894696,50.016
1780415557.8954425,50.016
1780415557.901483,50.016
1780415557.9074419,50.017
1780415557.9134011,50.017
1780415557.9193985,50.017
1780415557.9254522,50.016
1780415557.9313786,50.015
1780415557.9375434,50.015
1780415557.9434228,50.015
1780415557.9494956,50.015
1780415557.9555008,50.015
1780415557.9613435,50.016
1780415557.9674342,50.016
1780415557.9734776,50.016
1780415557.9794183,50.016
1780415557.9854195,50.016
1780415557.9914422,50.016
1780415557.997331,50.015
1780415558.0034258,50.015
1780415558.0094395,50.015
1780415558.0155218,50.015
1780415558.0216806,50.015
1780415558.0276291,50.015
1780415558.03348,50.015
1780415558.0395384,50.015
1780415558.0453987,50.015
1780415558.0514438,50.015
1780415558.0575027,50.015
1780415558.0634766,50.015
1780415558.069444,50.015
1780415558.0753937,50.016
1780415558.0814092,50.015
1780415558.08744,50.015
1780415558.0934002,50.014
1780415558.099471,50.014
1780415558.1054802,50.014
1780415558.1113958,50.014
1780415558.1174152,50.014
1780415558.123467,50.015
1780415558.1294298,50.015
1780415558.1353655,50.015
1780415558.1414409,50.015
1780415558.1473784,50.015
1780415558.1534748,50.016
1780415558.1594439,50.016
1780415558.165536,50.015
1780415558.171388,50.015
1780415558.177478,50.015
1780415558.1834853,50.015
1780415558.1894739,50.015
1780415558.1954818,50.015
1780415558.2015102,50.015
1780415558.207498,50.015
1780415558.2133744,50.015
1780415558.2194526,50.015
1780415558.2254696,50.015
1780415558.2313766,50.015
1780415558.2375672,50.014
1780415558.243457,50.014
1780415558.2494764,50.014
1780415558.255477,50.014
1780415558.261409,50.015
1780415558.2674832,50.015
1780415558.273264,50.014
1780415558.2795305,50.015
1780415558.2855153,50.014
1780415558.2915041,50.014
1780415558.2974231,50.014
1780415558.3034697,50.014
1780415558.3092873,50.014
1780415558.3149488,50.014
1780415558.3210125,50.013
1780415558.327036,50.014
1780415558.3335197,50.013
1780415558.3395452,50.013
1780415558.3454478,50.013
1780415558.3514755,50.013
1780415558.357361,50.013
1780415558.3634367,50.013
1780415558.369503,50.013
1780415558.375395,50.013
1780415558.3814263,50.013
1780415558.387447,50.013
1780415558.3934655,50.013
1780415558.3993602,50.012
1780415558.4054,50.012
1780415558.4114223,50.012
1780415558.4173334,50.012
1780415558.4235482,50.012
1780415558.4294522,50.012
1780415558.43543,50.012
1780415558.441472,50.012
1780415558.4474087,50.011
1780415558.45346,50.012
1780415558.459275,50.012
1780415558.4650538,50.011
1780415558.4714458,50.011
1780415558.4774525,50.011
1780415558.4834726,50.011
1780415558.4894814,50.011
1780415558.4954557,50.011
1780415558.5012834,50.011
1780415558.5074089,50.012
1780415558.513509,50.011
1780415558.5193043,50.011
1780415558.5255127,50.011
1780415558.531433,50.01
1780415558.5375206,50.01
1780415558.5434122,50.01
1780415558.5494888,50.01
1780415558.555446,50.01
1780415558.5614862,50.01
1780415558.5674672,50.01
1780415558.573505,50.01
1780415558.5794747,50.01
1780415558.585352,50.01
1780415558.5914454,50.009
1780415558.5974195,50.009
1780415558.603348,50.009
1780415558.6095426,50.009
1780415558.615556,50.009
1780415558.6214314,50.009
1780415558.6275206,50.009
1780415558.6334364,50.009
1780415558.6395054,50.009
1780415558.6453018,50.009
1780415558.651467,50.008
1780415558.6574275,50.008
1780415558.663481,50.008
1780415558.669507,50.008
1780415558.6755836,50.008
1780415558.6815596,50.008
1780415558.6873083,50.008
1780415558.6934037,50.008
1780415558.6994889,50.007
1780415558.7053177,50.007
1780415558.7115045,50.007
1780415558.7174056,50.007
1780415558.7235637,50.007
1780415558.7294075,50.007
1780415558.7353678,50.007
1780415558.7414637,50.007
1780415558.747414,50.006
1780415558.753485,50.007
1780415558.7594848,50.007
1780415558.7654889,50.007
1780415558.7714198,50.007
1780415558.7774518,50.006
1780415558.783517,50.006
1780415558.7893991,50.006
1780415558.7954233,50.006
1780415558.801504,50.005
1780415558.8074281,50.005
1780415558.813511,50.005
1780415558.8194034,50.005
1780415558.8254938,50.005
1780415558.831342,50.004
1780415558.8374574,50.004
1780415558.8434365,50.004
1780415558.8494391,50.005
1780415558.8554692,50.004
1780415558.861498,50.004
1780415558.867466,50.004
1780415558.873365,50.005
1780415558.8794034,50.004
1780415558.8854518,50.004
1780415558.8913689,50.004
1780415558.897472,50.003
1780415558.9034338,50.003
1780415558.9095032,50.003
1780415558.915428,50.003
1780415558.9214578,50.003
1780415558.9275215,50.003
1780415558.9332862,50.003
1780415558.9394112,50.003
1780415558.9454706,50.002
1780415558.951452,50.002
1780415558.9574997,50.002
1780415558.9634914,50.002
1780415558.9693902,50.002
1780415558.9754536,50.002
1780415558.9813378,50.002
1780415558.9869242,50.002
1780415558.9933386,50.002
1780415558.9995,50.001
1780415559.005427,50.001
1780415559.0114894,50.001
1780415559.0174587,50.0
1780415559.0235503,50.0
1780415559.0293515,50.0
1780415559.0353682,50.0
1780415559.0414288,50.0
1780415559.0474327,50.001
1780415559.0535014,50.001
1780415559.0594785,50.001
1780415559.0654936,50.001
1780415559.071344,50.001
1780415559.0774362,50.001
1780415559.0833724,50.001
1780415559.0894296,50.0
1780415559.0953465,50.001
1780415559.1013963,50.001
1780415559.1074154,50.001
1780415559.1134531,50.001
1780415559.119333,50.0
1780415559.1255298,50.0
1780415559.1314065,49.255
1780415559.1376088,49.255
1780415559.1434512,50.0
1780415559.1495519,50.0
1780415559.1553571,50.001
1780415559.1612778,50.0
1780415559.1675134,50.001
1780415559.1735137,50.001
1780415559.1794744,50.001
1780415559.1854508,50.001
1780415559.1914804,50.001
1780415559.1973596,50.001
1780415559.20346,50.0
1780415559.2095015,50.0
1780415559.215476,50.001
1780415559.2215314,50.0
1780415559.227506,50.001
1780415559.2334468,50.0
1780415559.2394953,50.0
1780415559.2454495,50.0
1780415559.2514744,50.0
1780415559.2573476,49.255
1780415559.263479,49.255
1780415559.2694814,50.0
1780415559.2755053,50.0
1780415559.281528,49.255
1780415559.2874992,49.255
1780415559.2934823,50.0
1780415559.2993853,49.255
1780415559.3054364,49.255
1780415559.3114743,49.255
1780415559.3173707,49.254
1780415559.3235717,49.254
1780415559.3294485,49.254
1780415559.3355112,49.255
1780415559.3416107,49.254
1780415559.3479595,49.254
1780415559.3539438,49.254
1780415559.3597548,49.254
1780415559.3657432,49.254
1780415559.37156,49.254
1780415559.3775709,49.254
1780415559.383464,49.254
1780415559.389472,49.253
1780415559.3953822,49.254
1780415559.4015474,49.254
1780415559.4074557,49.254
1780415559.4134476,49.254
1780415559.419394,49.254
1780415559.4255579,49.253
1780415559.4314406,49.253
1780415559.4374933,49.253
1780415559.4434474,49.253
1780415559.4495358,49.253
1780415559.4553833,49.253
1780415559.4613707,49.252
1780415559.467433,49.253
1780415559.4734414,49.253
1780415559.4794924,49.253
1780415559.4854636,49.252
1780415559.4914505,49.253
1780415559.4974458,49.252
1780415559.5034468,49.252
1780415559.5093355,49.252
1780415559.5154245,49.252
1780415559.5214503,49.252
1780415559.5274692,49.252
1780415559.533461,49.252
1780415559.5394888,49.252
1780415559.5454202,49.252
1780415559.5515122,49.252
1780415559.5574584,49.252
1780415559.5634675,49.252
1780415559.569363,49.251
1780415559.5754879,49.252
1780415559.5814824,49.252
1780415559.587399,49.252
1780415559.5934417,49.251
1780415559.5995054,49.252
1780415559.6055,49.252
1780415559.611398,49.251
1780415559.6174684,49.251
1780415559.623495,49.251
1780415559.629404,49.251
1780415559.6355793,49.251
1780415559.6414974,49.251
1780415559.6474378,49.251
1780415559.6535716,49.251
1780415559.659386,49.251
1780415559.6654954,49.251
1780415559.6713998,49.251
1780415559.6774683,49.251
1780415559.6832824,49.251
1780415559.68941,49.251
1780415559.6955385,49.251
1780415559.7016041,49.251
1780415559.7075498,49.251
1780415559.713465,49.251
1780415559.7194388,49.251
1780415559.72534,49.251
1780415559.7314138,49.25
1780415559.7374632,49.251
1780415559.7433732,49.25
1780415559.749571,49.25
1780415559.7554805,49.251
1780415559.7615213,49.251
1780415559.767498,49.251
1780415559.7734613,49.25
1780415559.7795074,49.25
1780415559.7854004,49.251
1780415559.7914732,49.25
1780415559.7973163,49.251
1780415559.8034334,49.25
1780415559.8094687,49.25
1780415559.8154526,49.25
1780415559.8215363,49.251
1780415559.8274896,49.25
1780415559.8335006,49.251
1780415559.839382,49.251
1780415559.8454185,49.25
1780415559.8514757,49.25
1780415559.8573961,49.25
1780415559.8635592,49.25
1780415559.869432,49.25
1780415559.8755517,49.25
1780415559.881473,49.251
1780415559.887467,49.251
1780415559.8935566,49.252
1780415559.8993843,49.252
1780415559.905484,49.253
1780415559.9114096,49.254
1780415559.9175022,49.255
1780415559.923361,49.255
1780415559.929483,50.0
1780415559.9354475,50.001
1780415559.9415066,50.002
1780415559.9475338,50.003
1780415559.9535248,50.004
1780415559.95952,50.004
1780415559.9653907,50.005
1780415559.9715247,50.006
1780415559.9774137,50.007
1780415559.9834707,50.008
1780415559.9893885,50.008
1780415559.995541,50.009
1780415560.0013669,50.009
1780415560.0074654,50.01
1780415560.0134833,50.011
1780415560.0193806,50.012
1780415560.025483,50.012
1780415560.0313857,50.013
1780415560.0374587,50.013
1780415560.043354,50.014
1780415560.0495365,50.014
1780415560.0553339,50.015
1780415560.0609813,50.016
1780415560.067354,50.016
1780415560.0733814,50.018
1780415560.0794775,50.02
1780415560.0853565,50.021
1780415560.0914724,50.022
1780415560.0974047,50.023
1780415560.1035223,50.023
1780415560.1093993,50.023
1780415560.1155336,50.023
1780415560.1213744,50.024
1780415560.127411,50.025
1780415560.1334722,50.025
1780415560.139369,50.026
1780415560.1454868,50.027
1780415560.1513872,50.027
1780415560.1574783,50.028
1780415560.1634066,50.028
1780415560.1694853,50.029
1780415560.1753495,50.029
1780415560.1814153,50.03
1780415560.1873512,50.031
1780415560.193283,50.03
1780415560.1995378,50.031
1780415560.2053285,50.031
1780415560.2115302,50.032
1780415560.217371,50.032
1780415560.2234704,50.033
1780415560.2293844,50.033
1780415560.23549,50.033
1780415560.2413704,50.034
1780415560.2474668,50.035
1780415560.2535083,50.034
1780415560.259308,50.035
1780415560.265477,50.035
1780415560.271331,50.035
1780415560.2769747,50.036
1780415560.282878,50.035
1780415560.2890432,50.035
1780415560.2955327,50.035
1780415560.301549,50.034
1780415560.307501,50.035
1780415560.3136253,50.034
1780415560.319556,50.034
1780415560.3253465,50.034
1780415560.3313768,50.034
1780415560.3373284,50.034
1780415560.343406,50.033
1780415560.349462,50.033
1780415560.3553424,50.033
1780415560.3614898,50.032
1780415560.367428,50.032
1780415560.3735223,50.032
1780415560.3795493,50.032
1780415560.3854926,50.032
1780415560.3914793,50.031
1780415560.3973985,50.031
1780415560.403473,50.031
1780415560.4094634,50.03
1780415560.4154594,50.03
1780415560.421416,50.029
1780415560.42753,50.029
1780415560.4334433,50.029
1780415560.4394739,50.029
1780415560.4454608,50.029
1780415560.4513986,50.029
1780415560.4574316,50.029
1780415560.463279,50.028
1780415560.4693635,50.028
1780415560.4754548,50.027
1780415560.481316,50.027
1780415560.4875042,50.027
1780415560.4933882,50.027
1780415560.4994242,50.027
1780415560.5055163,50.027
1780415560.5114467,50.027
1780415560.5175145,50.026
1780415560.5234017,50.026
1780415560.529482,50.026
1780415560.535288,50.025
1780415560.5414674,50.025
1780415560.54751,50.025
1780415560.5535254,50.025
1780415560.5594845,50.025
1780415560.5654852,50.025
1780415560.571493,50.025
1780415560.5773609,50.025
1780415560.583472,50.025
1780415560.5895026,50.024
1780415560.595419,50.024
1780415560.6014519,50.024
1780415560.6074853,50.024
1780415560.6135437,50.023
1780415560.6195269,50.023
1780415560.625365,50.024
1780415560.6315234,50.023
1780415560.637454,50.023
1780415560.6435328,50.023
1780415560.6493871,50.023
1780415560.6554677,50.022
1780415560.661292,50.022
1780415560.6674213,50.022
1780415560.6735408,50.022
1780415560.6794207,50.022
1780415560.6855197,50.022
1780415560.6914794,50.022
1780415560.6974816,50.022
1780415560.7033792,50.021
1780415560.7094326,50.02
1780415560.7153246,50.02
1780415560.7214353,50.02
1780415560.7274504,50.02
1780415560.7334247,50.02
1780415560.7394705,50.02
1780415560.7455177,50.02
1780415560.7514179,50.02
1780415560.7574954,50.019
1780415560.7634447,50.019
1780415560.7694871,50.019
1780415560.7753365,50.018
1780415560.7814434,50.018
1780415560.787484,50.018
1780415560.7935011,50.018
1780415560.7995439,50.018
1780415560.8054767,50.018
1780415560.8114548,50.018
1780415560.817379,50.018
1780415560.8234894,50.017
1780415560.8293529,50.017
1780415560.8353932,50.017
1780415560.841442,50.017
1780415560.847366,50.016
1780415560.8535626,50.016
1780415560.859453,50.018
1780415560.8646734,50.029
1780415560.8700082,50.033
1780415560.8752394,50.038
1780415560.8807542,50.042
1780415560.8859804,50.048
1780415560.8916168,50.052
1780415560.8968422,50.055
1780415560.902397,50.059
1780415560.9076219,50.064
1780415560.913166,50.067
1780415560.9183922,50.073
1780415560.924108,50.079
1780415560.929486,50.081
1780415560.934804,50.085
1780415560.9400315,50.09
1780415560.945563,50.093
1780415560.9507926,50.098
1780415560.956403,50.101
1780415560.9616418,50.108
1780415560.9671943,50.109
1780415560.9724193,50.114
1780415560.9779527,50.118
1780415560.9831774,50.122
1780415560.988735,50.126
1780415560.9939437,50.133
1780415560.9996004,50.135
1780415561.0048244,50.138
1780415561.0104094,50.143
1780415561.0156398,50.147
1780415561.0211382,50.15
1780415561.0263677,50.154
1780415561.0319917,50.16
1780415561.0372179,50.162
1780415561.042743,50.166
1780415561.0479746,50.17
1780415561.0535452,50.173
1780415561.0587692,50.178
1780415561.0643985,50.183
1780415561.0696468,50.187
1780415561.0753343,50.188
1780415561.0806768,50.193
1780415561.0859478,50.196
1780415561.0911815,50.2
1780415561.096762,50.204
1780415561.102014,50.21
1780415561.1075597,50.21
1780415561.112788,50.215
1780415561.1183612,50.218
1780415561.1235893,50.221
1780415561.1292026,50.226
1780415561.1344347,50.23
1780415561.1400013,50.234
1780415561.1452265,50.236
1780415561.1507955,50.239
1780415561.1560264,50.244
1780415561.1616063,50.246
1780415561.1668284,50.251
1780415561.1724088,51.0
1780415561.1776712,51.0
1780415561.1833434,51.005
1780415561.1886773,51.008
1780415561.1939437,51.012
1780415561.199164,51.015
1780415561.2048063,51.017
1780415561.2100468,51.024
1780415561.215596,51.024
1780415561.2208104,51.028
1780415561.2263658,51.032
1780415561.2315845,51.035
1780415561.2371461,51.038
1780415561.2423742,51.043
1780415561.248003,51.046
1780415561.2532325,51.048
1780415561.2587922,51.051
1780415561.2640178,51.055
1780415561.26955,51.058
1780415561.2747815,51.06
1780415561.2804022,51.066
1780415561.2856255,51.066
1780415561.2911892,51.07
1780415561.2964265,51.073
1780415561.301988,51.076
1780415561.3072145,51.08
1780415561.3127542,51.083
1780415561.3179946,51.088
1780415561.323602,51.088
1780415561.3288233,51.092
1780415561.3343608,51.095
1780415561.3395867,51.098
1780415561.3452017,51.101
1780415561.3504503,51.106
1780415561.3560016,51.106
1780415561.361223,51.11
1780415561.3667572,51.113
1780415561.3719847,51.116
1780415561.3775554,51.119
1780415561.382789,51.123
1780415561.3884249,51.126
1780415561.3936527,51.128
1780415561.399191,51.13
1780415561.4044254,51.134
1780415561.410005,51.135
1780415561.4152265,51.138
1780415561.4208112,51.144
1780415561.426057,51.144
1780415561.4316158,51.147
1780415561.4368377,51.15
1780415561.4424012,51.153
1780415561.447622,51.156
1780415561.453213,51.157
1780415561.458459,51.163
1780415561.4639537,51.163
1780415561.4691706,51.166
1780415561.474758,51.17
1780415561.4799788,51.172
1780415561.485548,51.175
1780415561.4907408,51.18
1780415561.4963539,51.181
1780415561.5015838,51.183
1780415561.5071437,51.185
1780415561.5123768,51.188
1780415561.5179884,51.19
1780415561.523225,51.188
1780415561.5288668,51.198
1780415561.534271,51.197
1780415561.5395784,51.201
1780415561.5448115,51.204
1780415561.5503488,51.206
1780415561.555579,51.209
1780415561.561149,51.211
1780415561.566388,51.215
1780415561.571996,51.216
1780415561.5772204,51.218
1780415561.5827703,51.22
1780415561.5882761,51.222
1780415561.5937183,51.226
1780415561.5991213,51.23
1780415561.6043622,51.231
1780415561.6095827,51.233
1780415561.615202,51.235
1780415561.6204238,51.238
1780415561.6259587,51.24
1780415561.6311817,51.243
1780415561.636811,51.246
1780415561.642001,51.246
1780415561.647566,51.248
1780415561.6528008,51.252
1780415561.6583676,51.253
1780415561.663598,52.001
1780415561.6691577,52.005
1780415561.6743965,52.006
1780415561.6800141,52.007
1780415561.6853392,52.001
1780415561.6917908,51.253
1780415561.6982791,51.249
1780415561.7042837,51.247
1780415561.71027,51.246
1780415561.7162793,51.245
1780415561.7222686,51.243
1780415561.7282655,51.242
1780415561.734157,51.24
1780415561.740338,51.238
1780415561.7462642,51.236
1780415561.7522655,51.233
1780415561.7582922,51.23
1780415561.7643085,51.228
1780415561.7702649,51.226
1780415561.7763345,51.223
1780415561.7824876,51.221
1780415561.7884047,51.218
1780415561.794299,51.215
1780415561.8002293,51.212
1780415561.8062289,51.21
1780415561.812259,51.207
1780415561.818366,51.205
1780415561.824244,51.203
1780415561.830267,51.2
1780415561.8363173,51.197
1780415561.842274,51.195
1780415561.8483415,51.192
1780415561.8542886,51.189
1780415561.8600976,51.187
1780415561.866223,51.185
1780415561.8723392,51.183
1780415561.878277,51.18
1780415561.8842115,51.178
1780415561.89034,51.176
1780415561.8962312,51.174
1780415561.9022667,51.172
1780415561.9082553,51.169
1780415561.9143138,51.167
1780415561.9202998,51.165
1780415561.9262843,51.162
1780415561.9321702,51.161
1780415561.9377887,51.158
1780415561.9443052,51.156
1780415561.9503405,51.154
1780415561.9562423,51.152
1780415561.962278,51.149
1780415561.968132,51.147
1780415561.9743934,51.145
1780415561.9802897,51.143
1780415561.98628,51.141
1780415561.992246,51.139
1780415561.998227,51.137
1780415562.004261,51.135
1780415562.0102658,51.133
1780415562.0162747,51.13
1780415562.0223117,51.128
1780415562.0282428,51.126
1780415562.0343084,51.124
1780415562.0400963,51.122
1780415562.0462947,51.119
1780415562.0523705,51.118
1780415562.0582695,51.115
1780415562.0642736,51.113
1780415562.0701215,51.112
1780415562.076223,51.111
1780415562.082259,51.109
1780415562.0881755,51.106
1780415562.0942967,51.104
1780415562.1002276,51.101
1780415562.1063468,51.099
1780415562.1123195,51.098
1780415562.118103,51.096
1780415562.124367,51.095
1780415562.1300352,51.093
1780415562.1362863,51.092
1780415562.1422942,51.09
1780415562.1483343,51.088
1780415562.1541886,51.086
1780415562.1602404,51.084
1780415562.1662548,51.083
1780415562.172293,51.082
1780415562.178308,51.079
1780415562.1843543,51.078
1780415562.1902213,51.076
1780415562.1962886,51.075
1780415562.202235,51.072
1780415562.2082906,51.07
1780415562.2143354,51.069
1780415562.220333,51.066
1780415562.2261019,51.065
1780415562.2322578,51.063
1780415562.2383666,51.061
1780415562.2443967,51.06
1780415562.2502744,51.057
1780415562.2563074,51.056
1780415562.2622066,51.054
1780415562.268267,51.051
1780415562.2743332,51.05
1780415562.280326,51.048
1780415562.2863061,51.047
1780415562.2923365,51.046
1780415562.2983496,51.043
1780415562.3042598,51.042
1780415562.3102038,51.04
1780415562.3163188,51.038
1780415562.3222835,51.037
1780415562.3283198,51.035
1780415562.3341408,51.033
1780415562.3402543,51.031
1780415562.3463168,51.03
1780415562.352344,51.029
1780415562.3583705,51.027
1780415562.3641748,51.026
1780415562.3702598,51.025
1780415562.3762195,51.023
1780415562.3823082,51.021
1780415562.3883374,51.019
1780415562.3942268,51.017
1780415562.400313,51.016
1780415562.4061491,51.014
1780415562.4123201,51.013
1780415562.4183285,51.011
1780415562.4243586,51.009
1780415562.4303646,51.008
1780415562.4362144,51.007
1780415562.442253,51.005
1780415562.4483418,51.004
1780415562.4543018,51.002
1780415562.4603193,51.0
1780415562.4663148,50.255
1780415562.4723353,50.254
1780415562.47838,50.252
1780415562.4840622,50.251
1780415562.490657,50.249
1780415562.4966254,50.248
1780415562.5025074,50.247
1780415562.5084314,50.246
1780415562.5142949,50.244
1780415562.5203161,50.243
1780415562.526242,50.242
1780415562.532384,50.24
1780415562.5384586,50.238
1780415562.544252,50.237
1780415562.5503247,50.236
1780415562.556327,50.235
1780415562.5623317,50.234
1780415562.5683622,50.232
1780415562.5743415,50.231
1780415562.580121,50.229
1780415562.5861986,50.228
1780415562.5923705,50.227
1780415562.5984387,50.225
1780415562.6043062,50.224
1780415562.6103384,50.222
1780415562.616168,50.221
1780415562.6223059,50.22
1780415562.6282673,50.219
1780415562.634291,50.218
1780415562.640305,50.216
1780415562.64627,50.216
1780415562.6521788,50.214
1780415562.6583815,50.213
1780415562.6643236,50.211
1780415562.670323,50.21
1780415562.676283,50.209
1780415562.682314,50.208
1780415562.6882033,50.206
1780415562.694312,50.205
1780415562.7002857,50.204
1780415562.7063546,50.203
1780415562.712299,50.201
1780415562.718375,50.2
1780415562.724343,50.199
1780415562.7302725,50.198
1780415562.7361574,50.197
1780415562.7423484,50.196
1780415562.7483137,50.194
1780415562.7543535,50.193
1780415562.7601912,50.192
1780415562.766309,50.192
1780415562.7722933,50.19
1780415562.7783716,50.189
1780415562.7843843,50.188
1780415562.790171,50.187
1780415562.7962296,50.186
1780415562.802402,50.185
1780415562.80832,50.183
1780415562.8143349,50.182
1780415562.8202813,50.181
1780415562.8263083,50.18
1780415562.832188,50.179
1780415562.838359,50.178
1780415562.8445034,50.177
1780415562.8503387,50.176
1780415562.8562906,50.175
1780415562.862234,50.175
1780415562.86825,50.173
1780415562.8742666,50.172
1780415562.880224,50.171
1780415562.886391,50.169
1780415562.8922744,50.169
1780415562.8983455,50.167
1780415562.9043243,50.167
1780415562.9101489,50.166
1780415562.9163532,50.165
1780415562.9223027,50.164
1780415562.928275,50.163
1780415562.9342499,50.162
1780415562.940236,50.161
1780415562.9462607,50.16
1780415562.952134,50.159
1780415562.9583287,50.158
1780415562.9643774,50.157
1780415562.9702914,50.157
1780415562.9763243,50.156
1780415562.982282,50.155
1780415562.9882786,50.154
1780415562.9943094,50.153
1780415563.000344,50.152
1780415563.006232,50.151
1780415563.0122843,50.15
1780415563.0182898,50.149
1780415563.0242546,50.148
1780415563.0302868,50.147
1780415563.0363166,50.146
1780415563.0422702,50.145
1780415563.0482953,50.144
1780415563.054144,50.143
1780415563.0602615,50.142
1780415563.066305,50.142
1780415563.0723028,50.142
1780415563.0782747,50.142
1780415563.0843039,50.141
1780415563.090243,50.14
1780415563.0962756,50.139
1780415563.1023324,50.138
1780415563.1081038,50.137
1780415563.1142313,50.137
1780415563.1203976,50.136
1780415563.126268,50.136
1780415563.1323287,50.136
1780415563.138301,50.135
1780415563.1442358,50.133
1780415563.150282,50.133
1780415563.156314,50.132
1780415563.1622565,50.132
1780415563.1683178,50.131
1780415563.1742609,50.13
1780415563.1801732,50.129
1780415563.1862557,50.128
1780415563.1922894,50.128
1780415563.198233,50.127
1780415563.2042472,50.126
1780415563.2103055,50.125
1780415563.2162504,50.125
1780415563.222317,50.124
1780415563.228308,50.123
1780415563.2342644,50.122
1780415563.2402995,50.121
1780415563.246273,50.121
1780415563.2521534,50.121
1780415563.2583332,50.119
1780415563.2642467,50.119
1780415563.2703,50.118
1780415563.2762525,50.117
1780415563.2823358,50.116
1780415563.288279,50.115
1780415563.2943478,50.115
1780415563.3002665,50.114
1780415563.306285,50.114
1780415563.312369,50.113
1780415563.3183815,50.112
1780415563.3243291,50.112
1780415563.330097,50.11
1780415563.3361974,50.11
1780415563.3423812,50.11
1780415563.3482957,50.109
1780415563.354287,50.108
1780415563.3601952,50.107
1780415563.3662832,50.107
1780415563.3722482,50.107
1780415563.3783736,50.106
1780415563.384321,50.105
1780415563.39025,50.104
1780415563.3962202,50.104
1780415563.4022949,50.103
1780415563.4082499,50.102
1780415563.414318,50.101
1780415563.420662,50.1
1780415563.4266138,50.099
1780415563.4324563,50.099
1780415563.4384906,50.098
1780415563.4444628,50.098
1780415563.4502423,50.097
1780415563.4563148,50.097
1780415563.4622808,50.096
1780415563.468262,50.095
1780415563.4740918,50.094
1780415563.4802244,50.093
1780415563.4862726,50.093
1780415563.4922457,50.092
1780415563.4982913,50.091
1780415563.5043252,50.091
1780415563.5102513,50.09
1780415563.5162928,50.09
1780415563.5222714,50.089
1780415563.5282698,50.089
1780415563.5343518,50.088
1780415563.5403218,50.087
1780415563.546098,50.087
1780415563.552197,50.086
1780415563.5583255,50.086
1780415563.5643387,50.086
1780415563.5702329,50.085
1780415563.5763538,50.085
1780415563.582147,50.084
1780415563.5882542,50.083
1780415563.5942924,50.082
1780415563.6002486,50.082
1780415563.6062915,50.082
1780415563.6122997,50.081
1780415563.6181788,50.08
1780415563.6242802,50.079
1780415563.6301684,50.079
1780415563.6364129,50.079
1780415563.642265,50.079
1780415563.6483283,50.078
1780415563.6542192,50.077
1780415563.6602848,50.077
1780415563.666274,50.076
1780415563.672332,50.076
1780415563.6782277,50.077
1780415563.684283,50.076
1780415563.6902602,50.075
1780415563.6962883,50.075
1780415563.7022023,50.074
1780415563.708672,50.073
1780415563.71443,50.073
1780415563.7203119,50.072
1780415563.7262282,50.072
1780415563.7323081,50.072
1780415563.7383864,50.072
1780415563.7442353,50.071
1780415563.7502823,50.071
1780415563.7562745,50.071
1780415563.7622812,50.07
1780415563.768304,50.069
1780415563.7742193,50.069
1780415563.780297,50.068
1780415563.786294,50.068
1780415563.7923608,50.068
1780415563.7982914,50.068
1780415563.8042133,50.067
1780415563.810323,50.067
1780415563.8160539,50.066
1780415563.8224206,50.066
1780415563.8283231,50.066
1780415563.8343108,50.065
1780415563.8401625,50.065
1780415563.846234,50.064
1780415563.8523297,50.064
1780415563.8583093,50.064
1780415563.8643682,50.063
1780415563.8703325,50.063
1780415563.876258,50.062
1780415563.882285,50.062
1780415563.8880765,50.061
1780415563.8943112,50.061
1780415563.9002726,50.061
1780415563.9062622,50.061
1780415563.912232,50.06
1780415563.918335,50.06
1780415563.924364,50.059
1780415563.9301987,50.059
1780415563.9362676,50.059
1780415563.9423385,50.059
1780415563.9482994,50.057
1780415563.9542906,50.057
1780415563.960093,50.057
1780415563.966233,50.056
1780415563.9723458,50.056
1780415563.9783604,50.056
1780415563.9843774,50.055
1780415563.990143,50.055
1780415563.9962676,50.055
1780415564.002311,50.055
1780415564.0082834,50.054
1780415564.0143378,50.054
1780415564.0202475,50.053
1780415564.0263727,50.052
1780415564.0321271,50.052
1780415564.0383854,50.052
1780415564.04444,50.051
1780415564.0503066,50.052
1780415564.0563512,50.052
1780415564.0622709,50.052
1780415564.0682151,50.052
1780415564.0743065,50.051
1780415564.0801528,50.051
1780415564.0862913,50.05
1780415564.0921917,50.05
1780415564.0983655,50.049
1780415564.1044574,50.049
1780415564.1103563,50.048
1780415564.1163347,50.048
1780415564.122244,50.048
1780415564.128302,50.048
1780415564.134063,50.047
1780415564.140316,50.048
1780415564.1463695,50.047
1780415564.1523592,50.047
1780415564.1581237,50.048
1780415564.1643977,50.047
1780415564.1703527,50.047
1780415564.1763504,50.046
1780415564.1823099,50.046
1780415564.1883912,50.046
1780415564.1942391,50.045
1780415564.2003057,50.045
1780415564.2063298,50.045
1780415564.212296,50.045
1780415564.2183552,50.045
1780415564.2244418,50.044
1780415564.2303848,50.044
1780415564.236155,50.043
1780415564.242221,50.044
1780415564.2484148,50.043
1780415564.2542658,50.043
1780415564.260339,50.042
1780415564.2662683,50.042
1780415564.2723312,50.041
1780415564.278165,50.041
1780415564.2843447,50.041
1780415564.2903895,50.041
1780415564.2963564,50.041
1780415564.3023555,50.041
1780415564.308178,50.041
1780415564.3142362,50.04
1780415564.3203022,50.04
1780415564.3262508,50.04
1780415564.3323965,50.039
1780415564.3383458,50.039
1780415564.3443134,50.038
1780415564.3504484,50.038
1780415564.356314,50.038
1780415564.3623257,50.038
1780415564.3683393,50.038
1780415564.3743637,50.038
1780415564.3802032,50.037
1780415564.3862412,50.036
1780415564.3923635,50.036
1780415564.3982959,50.036
1780415564.4043434,50.035
1780415564.4103458,50.035
1780415564.4162462,50.035
1780415564.4223015,50.035
1780415564.4281166,50.034
1780415564.4343,50.034
1780415564.4403486,50.034
1780415564.4463181,50.033
1780415564.4522758,50.032
1780415564.4582853,50.033
1780415564.4642997,50.032
1780415564.47032,50.032
1780415564.4762876,50.032
1780415564.4823325,50.031
1780415564.4882479,50.031
1780415564.4943032,50.031
1780415564.5002253,50.031
1780415564.5062678,50.031
1780415564.512387,50.03
1780415564.5184088,50.03
1780415564.5243018,50.03
1780415564.5303066,50.03
1780415564.536301,50.03
1780415564.5422678,50.03
1780415564.5482674,50.029
1780415564.554327,50.029
1780415564.5603077,50.028
1780415564.5663126,50.028
1780415564.572243,50.028
1780415564.5782964,50.028
1780415564.5843225,50.028
1780415564.5903404,50.028
1780415564.5963137,50.027
1780415564.602277,50.027
1780415564.6082742,50.027
1780415564.6140895,50.027
1780415564.6202543,50.026
1780415564.626245,50.026
1780415564.6322541,50.026
1780415564.6383739,50.026
1780415564.6442592,50.025
1780415564.6502512,50.025
1780415564.6562977,50.025
1780415564.6621194,50.025
1780415564.6683407,50.025
1780415564.6743932,50.024
1780415564.6803834,50.024
1780415564.6862187,50.024
1780415564.6922739,50.024
1780415564.6982522,50.024
1780415564.7043023,50.023
1780415564.710245,50.023
1780415564.7163773,50.023
1780415564.7222438,50.023
1780415564.7283425,50.023
1780415564.734243,50.022
1780415564.7403023,50.022
1780415564.7462537,50.021
1780415564.752302,50.022
1780415564.7583227,50.022
1780415564.7643528,50.022
1780415564.7703063,50.021
1780415564.776091,50.021
1780415564.7822425,50.021
1780415564.7883456,50.02
1780415564.7942934,50.02
1780415564.8003535,50.02
1780415564.8062863,50.019
1780415564.8122988,50.019
1780415564.8181267,50.02
1780415564.824289,50.019
1780415564.8303046,50.019
1780415564.8363771,50.019
1780415564.8423817,50.019
1780415564.8482313,50.019
1780415564.8542902,50.018
1780415564.860269,50.018
1780415564.8661823,50.018
1780415564.8723454,50.017
1780415564.8782663,50.017
1780415564.8842967,50.017
1780415564.8903751,50.017
1780415564.896217,50.017
1780415564.9023101,50.017
1780415564.908289,50.017
1780415564.9142706,50.016
1780415564.9203398,50.016
1780415564.9263153,50.016
1780415564.932154,50.016
1780415564.9382627,50.016
1780415564.9442203,50.016
1780415564.9503148,50.015
1780415564.956239,50.015
1780415564.9623463,50.015
1780415564.9682481,50.015
1780415564.9742975,50.014
1780415564.980074,50.014
1780415564.986343,50.014
1780415564.992353,50.014
1780415564.998294,50.015
1780415565.0042138,50.015
1780415565.0101912,50.015
1780415565.0162818,50.014
1780415565.0222971,50.014
1780415565.0283048,50.014
1780415565.034318,50.013
1780415565.0402586,50.013
1780415565.0463498,50.013
1780415565.0522094,50.013
1780415565.058311,50.013
1780415565.064372,50.013
1780415565.0702388,50.014
1780415565.0762556,50.014
1780415565.0822246,50.014
1780415565.0883062,50.013
1780415565.0943198,50.013
1780415565.1002784,50.012
1780415565.1063004,50.011
1780415565.1122994,50.011
1780415565.118323,50.012
1780415565.1242723,50.012
1780415565.130388,50.012
1780415565.1364064,50.012
1780415565.142231,50.012
1780415565.1483774,50.012
1780415565.1542475,50.012
1780415565.1603456,50.012
1780415565.166122,50.012
1780415565.1723893,50.012
1780415565.1782846,50.012
1780415565.1843905,50.012
1780415565.1903982,50.011
1780415565.196194,50.012
1780415565.2022254,50.012
1780415565.2083468,50.012
1780415565.2142148,50.011
1780415565.2203372,50.011
1780415565.2262743,50.011
1780415565.2323477,50.011
1780415565.238197,50.01
1780415565.244411,50.011
1780415565.2504385,50.01
1780415565.2563381,50.01
1780415565.2623138,50.01
1780415565.2682798,50.01
1780415565.2742848,50.011
1780415565.2801554,50.01
1780415565.2862523,50.011
1780415565.2923172,50.011
1780415565.2982268,50.012
1780415565.3043017,50.012
1780415565.310301,50.012
1780415565.3161912,50.013
1780415565.3223593,50.014
1780415565.328257,50.014
1780415565.3343124,50.014
1780415565.3402638,50.015
1780415565.3463938,50.016
1780415565.3522744,50.017
1780415565.3583388,50.017
1780415565.3642259,50.018
1780415565.370304,50.018
1780415565.3762865,50.019
1780415565.382157,50.02
1780415565.3883152,50.021
1780415565.3940675,50.021
1780415565.4003527,50.022
1780415565.4061773,50.022
1780415565.4123588,50.023
1780415565.4182413,50.023
1780415565.424241,50.024
1780415565.4302747,50.024
1780415565.436327,50.024
1780415565.4423332,50.024
1780415565.4481866,50.024
1780415565.45428,50.025
1780415565.4600942,50.025
1780415565.4662712,50.025
1780415565.4722776,50.026
1780415565.4781685,50.026
1780415565.484326,50.026
1780415565.4902315,50.027
1780415565.49619,50.028
1780415565.5023353,50.028
1780415565.5081892,50.029
1780415565.5142758,50.03
1780415565.5201929,50.03
1780415565.5263412,50.03
1780415565.5321255,50.031
1780415565.5383506,50.032
1780415565.5442634,50.032
1780415565.5503423,50.033
1780415565.556323,50.033
1780415565.5622592,50.034
1780415565.5682821,50.034
1780415565.5742013,50.034
1780415565.5802815,50.034
1780415565.5861893,50.034
1780415565.592319,50.035
1780415565.5980618,50.035
1780415565.6037946,50.035
1780415565.6098356,50.036
1780415565.6160684,50.036
1780415565.6217654,50.036
1780415565.6280444,50.036
1780415565.63384,50.036
1780415565.6396646,50.037
1780415565.6453605,50.037
1780415565.651307,50.037
1780415565.6570292,50.037
1780415565.6630685,50.037
1780415565.6690528,50.038
1780415565.6750648,50.038
1780415565.681023,50.038
1780415565.6870182,50.039
1780415565.6930954,50.039
1780415565.6990798,50.04
1780415565.7050858,50.039
1780415565.7110963,50.039
1780415565.7170188,50.04
1780415565.7232444,50.039
1780415565.7291315,50.039
1780415565.7350886,50.039
1780415565.7410614,50.038
1780415565.7470367,50.038
1780415565.7532258,50.038
1780415565.7590868,50.038
1780415565.7650945,50.038
1780415565.7710543,50.037
1780415565.7771664,50.037
1780415565.7829027,50.037
1780415565.7891428,50.037
1780415565.7951276,50.036
1780415565.801092,50.036
1780415565.8070543,50.036
1780415565.8130293,50.036
1780415565.8190553,50.035
1780415565.8250852,50.035
1780415565.8310332,50.034
1780415565.837098,50.033
1780415565.8430626,50.033
1780415565.8491173,50.033
1780415565.8550417,50.033
1780415565.8610384,50.032
1780415565.8670864,50.032
1780415565.8730705,50.032
1780415565.8790658,50.032
1780415565.8850906,50.032
1780415565.8910694,50.031
1780415565.897042,50.03
1780415565.903075,50.03
1780415565.9090834,50.03
1780415565.9150414,50.029
1780415565.9210854,50.029
1780415565.9272206,50.029
1780415565.9330397,50.029
1780415565.939083,50.029
1780415565.944983,50.029
1780415565.9510953,50.028
1780415565.9570577,50.028
1780415565.9630697,50.027
1780415565.9690654,50.027
1780415565.975082,50.027
1780415565.98106,50.027
1780415565.9870095,50.027
1780415565.9930325,50.027
1780415565.9990947,50.026
1780415566.00505,50.026
1780415566.0110953,50.026
1780415566.0170572,50.025
1780415566.0232437,50.025
1780415566.0290575,50.024
1780415566.0350642,50.024
1780415566.0410903,50.024
1780415566.0471365,50.024
1780415566.0531032,50.024
1780415566.0590963,50.024
1780415566.0650797,50.023
1780415566.0710518,50.024
1780415566.0770893,50.024
1780415566.08303,50.024
1780415566.0890813,50.024
1780415566.095031,50.023
1780415566.1010432,50.023
1780415566.1070366,50.023
1780415566.113084,50.023
1780415566.1190376,50.023
1780415566.1250882,50.022
1780415566.131032,50.022
1780415566.1371126,50.022
1780415566.143076,50.022
1780415566.1491108,50.022
1780415566.154978,50.022
1780415566.1610906,50.021
1780415566.1670842,50.021
1780415566.1730897,50.022
1780415566.1790717,50.022
1780415566.185026,50.021
1780415566.1910498,50.02
1780415566.1971273,50.02
1780415566.2030175,50.02
1780415566.2091546,50.019
1780415566.2150822,50.02
1780415566.2210417,50.02
1780415566.2271965,50.02
1780415566.2330954,50.02
1780415566.239086,50.022
1780415566.2449608,50.022
1780415566.2511103,50.021
1780415566.2569067,50.02
1780415566.263107,50.02
1780415566.2690306,50.02
1780415566.2751002,50.021
1780415566.2810674,50.021
1780415566.2870145,50.021
1780415566.2930954,50.021
1780415566.2990303,50.022
1780415566.305115,50.022
1780415566.3110414,50.022
1780415566.3171105,50.022
1780415566.3230758,50.022
1780415566.3291073,50.022
1780415566.3350477,50.022
1780415566.341038,50.022
1780415566.3470707,50.023
1780415566.3530388,50.023
1780415566.3590796,50.023
1780415566.36509,50.023
1780415566.3710785,50.023
1780415566.3770704,50.023
1780415566.383067,50.023
1780415566.3890555,50.023
1780415566.3950233,50.022
1780415566.4011147,50.022
1780415566.407186,50.022
1780415566.4130402,50.022
1780415566.4192016,50.023
1780415566.4250488,50.022
1780415566.431079,50.022
1780415566.4368901,50.022
1780415566.4431386,50.022
1780415566.4490755,50.023
1780415566.4551086,50.023
1780415566.4610546,50.022
1780415566.4670591,50.023
1780415566.4730606,50.024
1780415566.4790692,50.024
1780415566.4850545,50.023
1780415566.4910126,50.023
1780415566.497067,50.022
1780415566.5031495,50.022
1780415566.5090456,50.022
1780415566.5150487,50.023
1780415566.5210927,50.023
1780415566.5271118,50.024
1780415566.5331404,50.024
1780415566.5390484,50.024
1780415566.5450995,50.024
1780415566.5510428,50.023
1780415566.5571876,50.023
1780415566.5630803,50.023
1780415566.5691004,50.023
1780415566.5749733,50.023
1780415566.581128,50.023
1780415566.5870788,50.023
1780415566.5931609,50.022
1780415566.5991251,50.022
1780415566.6050553,50.022
1780415566.6110706,50.022
1780415566.6169677,50.022
1780415566.6231794,50.022
1780415566.6290808,50.022
1780415566.6350744,50.022
1780415566.6410854,50.021
1780415566.647218,50.02
1780415566.6530674,50.02
1780415566.659175,50.021
1780415566.6649632,50.021
1780415566.671184,50.021
1780415566.6770618,50.021
1780415566.6830661,50.02
1780415566.689088,50.02
1780415566.6950686,50.02
1780415566.7010183,50.02
1780415566.707006,50.019
1780415566.7130432,50.019
1780415566.7191603,50.019
1780415566.7250643,50.019
1780415566.7312515,50.019
1780415566.7370877,50.018
1780415566.7431705,50.018
1780415566.749061,50.017
1780415566.7551508,50.018
1780415566.7610424,50.018
1780415566.7670221,50.018
1780415566.7730696,50.018
1780415566.7791648,50.018
1780415566.785142,50.017
1780415566.7910252,50.017
1780415566.797043,50.017
1780415566.8030956,50.017
1780415566.809011,50.017
1780415566.8150952,50.017
1780415566.8210998,50.017
1780415566.8270462,50.016
1780415566.833117,50.016
1780415566.8390124,50.017
1780415566.8451319,50.016
1780415566.851097,50.016
1780415566.857094,50.016
1780415566.863078,50.016
1780415566.8690562,50.016
1780415566.8750417,50.016
1780415566.8810937,50.016
1780415566.8870723,50.015
1780415566.8930852,50.015
1780415566.8990285,50.015
1780415566.905188,50.015
1780415566.9110625,50.015
1780415566.9171755,50.015
1780415566.9230855,50.015
1780415566.9291184,50.014
1780415566.9350507,50.014
1780415566.9410963,50.015
1780415566.9470792,50.015
1780415566.9531431,50.014
1780415566.959073,50.015
1780415566.9650981,50.015
1780415566.9710605,50.014
1780415566.9770465,50.014
1780415566.9830568,50.013
1780415566.9890568,50.013
1780415566.9949641,50.013
1780415567.0011837,50.013
1780415567.007217,50.013
1780415567.0130694,50.013
1780415567.0191956,50.012
1780415567.025039,50.013
1780415567.0311606,50.013
1780415567.0369725,50.013
1780415567.0431218,50.012
1780415567.0490701,50.012
1780415567.0550704,50.012
1780415567.0611,50.013
1780415567.0671391,50.012
1780415567.073052,50.013
1780415567.0790236,50.013
1780415567.0850723,50.013
1780415567.0910227,50.012
1780415567.0970316,50.012
1780415567.1030116,50.011
1780415567.1090562,50.011
1780415567.1150882,50.011
1780415567.1210318,50.012
1780415567.1271622,50.011
1780415567.1332185,50.012
1780415567.1390615,50.012
1780415567.1451225,50.012
1780415567.151037,50.012
1780415567.1570897,50.012
1780415567.1630604,50.012
1780415567.1692047,50.012
1780415567.1750908,50.011
1780415567.1811547,50.012
1780415567.1870682,50.011
1780415567.193025,50.012
1780415567.1990674,50.012
1780415567.2050781,50.012
1780415567.2110791,50.012
1780415567.2172623,50.012
1780415567.2230866,50.011
1780415567.2291098,50.011
1780415567.2350857,50.011
1780415567.2410886,50.011
1780415567.2469785,50.01
1780415567.252895,50.011
1780415567.2591422,50.01
1780415567.2651203,50.011
1780415567.2710588,50.01
1780415567.2770617,50.01
1780415567.283065,50.009
1780415567.2890468,50.009
1780415567.2950246,50.009
1780415567.3011334,50.009
1780415567.3070838,50.009
1780415567.3130884,50.008
1780415567.319093,50.008
1780415567.3250663,50.009
1780415567.3310869,50.008
1780415567.3370981,50.008
1780415567.3430557,50.008
1780415567.3490977,50.008
1780415567.355065,50.008
1780415567.3610752,50.008
1780415567.3671055,50.008
1780415567.3730693,50.008
1780415567.3791053,50.008
1780415567.385041,50.008
1780415567.391198,50.007
1780415567.3970733,50.007
1780415567.4030952,50.007
1780415567.4090612,50.006
1780415567.415105,50.006
1780415567.4210482,50.007
1780415567.427027,50.006
1780415567.4331033,50.007
1780415567.4391298,50.007
1780415567.445148,50.007
1780415567.4511123,50.007
1780415567.4570634,50.007
1780415567.4630508,50.007
1780415567.4690704,50.006
1780415567.4750679,50.006
1780415567.4810455,50.006
1780415567.4871767,50.006
1780415567.4930723,50.006
1780415567.4991264,50.006
1780415567.505094,50.006
1780415567.5110886,50.006
1780415567.5171773,50.006
1780415567.52302,50.005
1780415567.5290883,50.005
1780415567.535109,50.005
1780415567.5414262,50.006
1780415567.5471919,50.006
1780415567.553107,50.006
1780415567.5590646,50.006
1780415567.565016,50.006
1780415567.5710514,50.005
1780415567.577083,50.005
1780415567.583029,50.005
1780415567.5892098,50.005
1780415567.5964112,50.005
1780415567.602241,50.005
1780415567.6083403,50.004
1780415567.6143909,50.005
1780415567.6202483,50.005
1780415567.6263137,50.006
1780415567.6323268,50.005
1780415567.6383593,50.005
1780415567.6443822,50.005
1780415567.6504004,50.004
1780415567.65634,50.005
1780415567.6623833,50.005
1780415567.66827,50.005
1780415567.674251,50.004
1780415567.6802716,50.004
1780415567.686381,50.005
1780415567.6923494,50.006
1780415567.698301,50.005
1780415567.7042253,50.005
1780415567.7103014,50.005
1780415567.7162595,50.005
1780415567.7223306,50.006
1780415567.7282145,50.006
1780415567.734299,50.006
1780415567.740279,50.007
1780415567.7462597,50.007
1780415567.752316,50.007
1780415567.75816,50.006
1780415567.7643661,50.006
1780415567.7702553,50.006
1780415567.7764065,50.006
1780415567.7822723,50.006
1780415567.7883673,50.007
1780415567.794428,50.007
1780415567.8003068,50.007
1780415567.8063078,50.008
1780415567.8123674,50.008
1780415567.818372,50.008
1780415567.824324,50.008
1780415567.8302805,50.008
1780415567.8361897,50.008
1780415567.8422518,50.008
1780415567.8483388,50.008
1780415567.854379,50.008
1780415567.8602576,50.008
1780415567.8663597,50.008
1780415567.872284,50.008
1780415567.8783634,50.008
1780415567.8842893,50.008
1780415567.890383,50.008
1780415567.896144,50.008
1780415567.901842,50.008
1780415567.9084291,50.008
1780415567.914461,50.008
1780415567.9204283,50.008
1780415567.926319,50.008
1780415567.9322946,50.008
1780415567.9382448,50.008
1780415567.944296,50.008
1780415567.9502378,50.008
1780415567.9562898,50.008
1780415567.9622738,50.007
1780415567.9682505,50.007
1780415567.9743528,50.007
1780415567.9803808,50.008
1780415567.9863172,50.007
1780415567.9923742,50.008
1780415567.998232,50.007
1780415568.0043857,50.007
1780415568.010105,50.007
1780415568.0158768,50.007
1780415568.0217993,50.007
1780415568.0274944,50.007
1780415568.0334072,50.007
1780415568.0392694,50.007
1780415568.0450335,50.007
1780415568.0510676,50.007
1780415568.0570548,50.007
1780415568.0630155,50.007
1780415568.0690649,50.007
1780415568.0750067,50.007
1780415568.0810876,50.007
1780415568.086979,50.006
1780415568.0930119,50.006
1780415568.0990777,50.006
1780415568.1050093,50.006
1780415568.111209,50.006
1780415568.1170447,50.007
1780415568.123263,50.007
1780415568.129072,50.007
1780415568.1351075,50.007
1780415568.1409945,50.007
1780415568.1470728,50.007
1780415568.1531384,50.007
1780415568.1590734,50.007
1780415568.1650593,50.007
1780415568.1710613,50.007
1780415568.1771276,50.008
1780415568.1830344,50.008
1780415568.1890657,50.007
1780415568.1950667,50.008
1780415568.2010975,50.007
1780415568.2071624,50.007
1780415568.2130837,50.008
1780415568.2190835,50.007
1780415568.225106,50.007
1780415568.2310429,50.007
1780415568.2371805,50.007
1780415568.2429593,50.007
1780415568.2491517,50.007
1780415568.2550385,50.007
1780415568.2610736,50.007
1780415568.2670782,50.007
1780415568.2732255,50.007
1780415568.2791946,50.006
1780415568.2850637,50.007
1780415568.2910597,50.006
1780415568.297069,50.006
1780415568.3029773,50.006
1780415568.3091292,50.006
1780415568.315046,50.005
1780415568.3210866,50.005
1780415568.3270938,50.005
1780415568.3331316,50.005
1780415568.339148,50.005
1780415568.3450255,50.004
1780415568.3510911,50.004
1780415568.3570688,50.005
1780415568.3631341,50.005
1780415568.3691318,50.005
1780415568.3751426,50.005
1780415568.3810523,50.004
1780415568.3871336,50.004
1780415568.3930047,50.005
1780415568.3991778,50.004
1780415568.405017,50.005
1780415568.4110909,50.005
1780415568.4170475,50.005
1780415568.423212,50.005
1780415568.4290712,50.004
1780415568.4351594,50.004
1780415568.441048,50.003
1780415568.4471107,50.003
1780415568.4531088,50.004
1780415568.4590876,50.003
1780415568.4651375,50.004
1780415568.471159,50.004
1780415568.4770741,50.004
1780415568.4830856,50.004
1780415568.4890761,50.004
1780415568.4951053,50.003
1780415568.501263,50.003
1780415568.5070465,50.002
1780415568.513052,50.003
1780415568.519108,50.002
1780415568.5251825,50.002
1780415568.5310645,50.002
1780415568.537108,50.002
1780415568.5430472,50.003
1780415568.5491273,50.002
1780415568.5550377,50.002
1780415568.5610828,50.002
1780415568.566962,50.002
1780415568.5730462,50.002
1780415568.5791306,50.002
1780415568.5850513,50.002
1780415568.5911248,50.002
1780415568.59708,50.002
1780415568.603085,50.002
1780415568.609007,50.001
1780415568.6150494,50.001
1780415568.6210847,50.001
1780415568.6269958,50.001
1780415568.6330924,50.001
1780415568.6390302,50.001
1780415568.6450548,50.001
1780415568.6511097,50.001
1780415568.6570504,50.002
1780415568.663092,50.001
1780415568.6690085,50.001
1780415568.6750932,50.001
1780415568.6810718,50.001
1780415568.6871138,50.001
1780415568.693177,50.002
1780415568.6991239,50.002
1780415568.705065,50.002
1780415568.7110548,50.002
1780415568.7170844,50.002
1780415568.7231562,50.002
1780415568.729057,50.002
1780415568.7350543,50.002
1780415568.7410886,50.001
1780415568.7471037,50.001
1780415568.7530618,50.001
1780415568.7591536,50.001
1780415568.7651794,50.001
1780415568.7710457,50.001
1780415568.7771018,50.001
1780415568.7830732,50.002
1780415568.7890658,50.002
1780415568.7951972,50.002
1780415568.8011334,50.002
1780415568.8070776,50.002
1780415568.8131454,50.002
1780415568.8190472,50.002
1780415568.8244672,50.002
1780415568.830208,50.001
1780415568.8360648,50.002
1780415568.8418818,50.002
1780415568.8478785,50.002
1780415568.853995,50.001
1780415568.8599436,50.001
1780415568.8659668,50.001
1780415568.871921,50.001
1780415568.8779576,50.001
1780415568.8839533,50.001
1780415568.8897128,50.001
1780415568.8960066,50.002
1780415568.9018695,50.002
1780415568.9078894,50.002
1780415568.9139228,50.002
1780415568.919947,50.001
1780415568.9258254,50.001
1780415568.931888,50.001
1780415568.9379742,50.002
1780415568.944005,50.001
1780415568.9498773,50.001
1780415568.9559393,50.002
1780415568.96184,50.001
1780415568.9679997,50.001
1780415568.9738863,50.001
1780415568.979963,50.001
1780415568.985841,50.0
1780415568.9919262,50.001
1780415568.9979463,50.001
1780415569.0039773,50.001
1780415569.0099108,50.001
1780415569.0159264,50.001
1780415569.0219355,50.001
1780415569.0278347,50.001
1780415569.0338972,50.001
1780415569.0398057,50.0
1780415569.045905,50.0
1780415569.0518637,50.0
1780415569.0579777,50.001
1780415569.063982,50.0
1780415569.0699098,50.001
1780415569.075878,50.002
1780415569.081902,50.002
1780415569.087786,50.001
1780415569.0939677,50.0
1780415569.0998306,50.0
1780415569.105964,50.0
1780415569.1118648,50.0
1780415569.1179686,50.0
1780415569.1238441,50.001
1780415569.1298022,50.001
1780415569.1359525,50.001
1780415569.1418407,50.001
1780415569.1479404,50.001
1780415569.1539056,50.001
1780415569.1599736,50.002
1780415569.165911,50.002
1780415569.171917,50.002
1780415569.1778688,50.002
1780415569.1838796,50.002
1780415569.1898522,50.002
1780415569.195922,50.002
1780415569.2019289,50.002
1780415569.2079551,50.001
1780415569.2138605,50.002
1780415569.2199697,50.001
1780415569.2258675,50.001
1780415569.2319596,50.002
1780415569.2377822,50.002
1780415569.2437801,50.001
1780415569.2498846,50.002
1780415569.2558744,50.003
1780415569.2619016,50.003
1780415569.267942,50.002
1780415569.2739189,50.002
1780415569.2798367,50.002
1780415569.285925,50.001
1780415569.291913,50.001
1780415569.2978535,50.001
1780415569.3039684,50.002
1780415569.3100247,50.001
1780415569.315919,50.001
1780415569.3219545,50.001
1780415569.3278663,50.001
1780415569.3339777,50.001
1780415569.3398883,50.001
1780415569.3459277,50.001
1780415569.3517714,50.001
1780415569.3579428,50.001
1780415569.3639202,50.001
1780415569.3695986,50.012
1780415569.374824,50.014
1780415569.380548,50.02
1780415569.3859332,50.025
1780415569.3911881,50.029
1780415569.3964078,50.037
1780415569.4020348,50.04
1780415569.4072456,50.043
1780415569.4127865,50.047
1780415569.4180095,50.052
1780415569.4235878,50.056
1780415569.428812,50.06
1780415569.4344049,50.066
1780415569.439702,50.067
1780415569.4451883,50.073
1780415569.4504519,50.078
1780415569.4560432,50.081
1780415569.4612596,50.087
1780415569.4668012,50.092
1780415569.472037,50.096
1780415569.4776027,50.098
1780415569.4828184,50.103
1780415569.4883986,50.107
1780415569.4936132,50.111
1780415569.499249,50.115
1780415569.50446,50.122
1780415569.5100453,50.122
1780415569.5152624,50.128
1780415569.5208004,50.131
1780415569.526018,50.135
1780415569.5316086,50.139
1780415569.5368304,50.145
1780415569.5424726,50.148
1780415569.5476937,50.15
1780415569.5532002,50.154
1780415569.5584195,50.159
1780415569.5640132,50.162
1780415569.5692308,50.167
1780415569.574812,50.173
1780415569.5800478,50.174
1780415569.5856652,50.178
1780415569.5908856,50.182
1780415569.596399,50.186
1780415569.6016128,50.19
1780415569.6072032,50.193
1780415569.6124387,50.198
1780415569.6180046,50.2
1780415569.6232164,50.205
1780415569.6287918,50.208
1780415569.6340065,50.212
1780415569.6396337,50.216
1780415569.6448479,50.222
1780415569.6504483,50.223
1780415569.6556633,50.227
1780415569.6612277,50.23
1780415569.666445,50.233
1780415569.6719935,50.236
1780415569.6772196,50.24
1780415569.6828449,50.246
1780415569.688065,50.247
1780415569.6935878,50.251
1780415569.6988168,50.255
1780415569.7044368,51.001
1780415569.7096472,51.006
1780415569.7152507,51.011
1780415569.7204926,51.014
1780415569.7259967,51.015
1780415569.7312124,51.019
1780415569.7368035,51.023
1780415569.7420144,51.026
1780415569.747647,51.029
1780415569.7528899,51.035
1780415569.7583976,51.035
1780415569.7636118,51.039
1780415569.7692034,51.042
1780415569.7744193,51.045
1780415569.7800026,51.049
1780415569.7852244,51.053
1780415569.7908828,51.056
1780415569.7962937,51.058
1780415569.8016522,51.061
1780415569.8068776,51.065
1780415569.8124557,51.068
1780415569.8176808,51.071
1780415569.8233812,51.076
1780415569.8287313,51.077
1780415569.8340487,51.08
1780415569.839272,51.084
1780415569.8448145,51.087
1780415569.8500235,51.09
1780415569.8556566,51.092
1780415569.860884,51.097
1780415569.8664627,51.098
1780415569.8716776,51.102
1780415569.8772044,51.104
1780415569.8824186,51.108
1780415569.8879933,51.111
1780415569.8932154,51.115
1780415569.8988059,51.116
1780415569.904018,51.119
1780415569.9095967,51.122
1780415569.9148293,51.125
1780415569.9203904,51.128
1780415569.9256165,51.131
1780415569.9311993,51.135
1780415569.9364202,51.136
1780415569.9419892,51.14
1780415569.947222,51.143
1780415569.952789,51.143
1780415569.958003,51.148
1780415569.9636497,51.152
1780415569.9688883,51.155
1780415569.9744449,51.156
1780415569.979662,51.159
1780415569.985201,51.162
1780415569.9904158,51.165
1780415569.9960084,51.167
1780415570.001254,51.172
1780415570.0068011,51.172
1780415570.0120122,51.175
1780415570.0176015,51.178
1780415570.0228198,51.18
1780415570.0284445,51.183
1780415570.0336704,51.188
1780415570.0392723,51.19
1780415570.0444946,51.191
1780415570.0500407,51.193
1780415570.0552676,51.196
1780415570.0608058,51.198
1780415570.0661423,51.201
1780415570.0716577,51.207
1780415570.0769055,51.205
1780415570.0824523,51.209
1780415570.0876782,51.212
1780415570.093215,51.214
1780415570.0984414,51.217
1780415570.1040626,51.218
1780415570.1092994,51.223
1780415570.1148493,51.223
1780415570.1200721,51.226
1780415570.1256084,51.229
1780415570.1308305,51.23
1780415570.1364486,51.233
1780415570.1416795,51.238
1780415570.1472373,51.239
1780415570.1524608,51.241
1780415570.1580057,51.243
1780415570.1632292,51.246
1780415570.1688359,51.248
1780415570.1740608,51.251
1780415570.1796508,51.254
1780415570.1848764,51.254
1780415570.1903985,52.001
1780415570.1958728,51.249
1780415570.2023358,51.243
1780415570.2086415,51.242
1780415570.2147627,51.241
1780415570.2206354,51.239
1780415570.2267492,51.238
1780415570.2326338,51.237
1780415570.2386975,51.235
1780415570.2446785,51.232
1780415570.2507756,51.23
1780415570.256699,51.227
1780415570.262753,51.224
1780415570.2686427,51.221
1780415570.2748048,51.22
1780415570.2806764,51.217
1780415570.2868147,51.214
1780415570.2926676,51.211
1780415570.2987006,51.208
1780415570.3047357,51.205
1780415570.3107355,51.203
1780415570.316733,51.201
1780415570.322876,51.198
1780415570.3287518,51.196
1780415570.3347263,51.193
1780415570.3406708,51.19
1780415570.3467407,51.188
1780415570.3527248,51.185
1780415570.3587177,51.182
1780415570.3645,51.18
1780415570.3708258,51.178
1780415570.3767874,51.176
1780415570.3828554,51.173
1780415570.388749,51.171
1780415570.3946843,51.169
1780415570.400714,51.167
1780415570.406771,51.164
1780415570.4126825,51.162
1780415570.4187524,51.159
1780415570.424551,51.156
1780415570.430811,51.154
1780415570.4367433,51.152
1780415570.4427924,51.15
1780415570.4487448,51.147
1780415570.4546428,51.146
1780415570.4606113,51.143
1780415570.4667504,51.141
1780415570.4727128,51.139
1780415570.4787526,51.136
1780415570.484552,51.134
1780415570.4908094,51.132
1780415570.4967847,51.129
1780415570.5028443,51.126
1780415570.508811,51.125
1780415570.5145845,51.123
1780415570.5206594,51.121
1780415570.526755,51.119
1780415570.5327072,51.116
1780415570.538831,51.114
1780415570.544653,51.112
1780415570.5507193,51.11
1780415570.556717,51.108
1780415570.56277,51.106
1780415570.5687516,51.104
1780415570.5746574,51.102
1780415570.5806966,51.101
1780415570.5866678,51.098
1780415570.5926735,51.097
1780415570.5988145,51.094
1780415570.6046598,51.092
1780415570.6107123,51.09
1780415570.6167188,51.088
1780415570.6228528,51.087
1780415570.6288238,51.085
1780415570.6346748,51.083
1780415570.6406813,51.081
1780415570.6467023,51.079
1780415570.6526759,51.077
1780415570.6588185,51.075
1780415570.6647267,51.073
1780415570.6707811,51.071
1780415570.6766217,51.07
1780415570.682749,51.068
1780415570.6887531,51.066
1780415570.6947558,51.065
1780415570.700722,51.062
1780415570.7066133,51.061
1780415570.7126672,51.06
1780415570.7187366,51.059
1780415570.7246497,51.058
1780415570.7307158,51.056
1780415570.7365744,51.055
1780415570.7428026,51.054
1780415570.7487977,51.053
1780415570.7546265,51.051
1780415570.7608082,51.051
1780415570.7666137,51.05
1780415570.772737,51.049
1780415570.7785647,51.048
1780415570.7847645,51.047
1780415570.7907612,51.046
1780415570.7967632,51.045
1780415570.8027763,51.044
1780415570.8087173,51.043
1780415570.8147323,51.043
1780415570.820661,51.042
1780415570.8267133,51.04
1780415570.832545,51.039
1780415570.8386593,51.038
1780415570.844744,51.037
1780415570.8505983,51.036
1780415570.8568454,51.035
1780415570.862761,51.034
1780415570.8686073,51.033
1780415570.8748438,51.032
1780415570.8806646,51.032
1780415570.8867779,51.031
1780415570.892677,51.029
1780415570.8987763,51.028
1780415570.9045713,51.027
1780415570.9107103,51.026
1780415570.9167123,51.026
1780415570.92276,51.025
1780415570.9287457,51.024
1780415570.9347403,51.023
1780415570.9407372,51.022
1780415570.9467237,51.021
1780415570.9526632,51.02
1780415570.9586368,51.019
1780415570.9646897,51.018
1780415570.9706821,51.017
1780415570.9765987,51.016
1780415570.98259,51.016
1780415570.9881887,51.015
1780415570.99462,51.014
1780415571.0007877,51.013
1780415571.006573,51.011
1780415571.0128162,51.011
1780415571.0186791,51.009
1780415571.0248375,51.008
1780415571.030684,51.007
1780415571.036723,51.006
1780415571.0426614,51.006
1780415571.0485475,51.004
1780415571.0547223,51.003
1780415571.0605552,51.002
1780415571.0667436,51.001
1780415571.0727348,51.002
1780415571.0787132,51.002
1780415571.0845773,51.001
1780415571.090699,51.0
1780415571.0966983,51.0
1780415571.1027863,50.255
1780415571.1087506,50.253
1780415571.1147804,50.252
1780415571.1207755,50.251
1780415571.126693,50.25
1780415571.1326983,50.249
1780415571.1387572,50.248
1780415571.144738,50.246
1780415571.1508372,50.245
1780415571.1566753,50.243
1780415571.1627986,50.242
1780415571.168811,50.241
1780415571.174553,50.24
1780415571.18076,50.238
1780415571.1867278,50.237
1780415571.19273,50.236
1780415571.198665,50.235
1780415571.2046764,50.232
1780415571.2107198,50.231
1780415571.2166736,50.23
1780415571.2228725,50.229
1780415571.2289314,50.227
1780415571.2346737,50.225
1780415571.2407377,50.224
1780415571.2467167,50.223
1780415571.252714,50.221
1780415571.258776,50.22
1780415571.2647557,50.219
1780415571.2705812,50.217
1780415571.2767005,50.216
1780415571.283066,50.215
1780415571.2891214,50.214
1780415571.2948072,50.212
1780415571.3007858,50.211
1780415571.306582,50.21
1780415571.3127196,50.209
1780415571.3187437,50.208
1780415571.3247685,50.207
1780415571.3307028,50.206
1780415571.3367326,50.205
1780415571.3427606,50.203
1780415571.3488162,50.202
1780415571.3547423,50.201
1780415571.3607907,50.2
1780415571.366747,50.199
1780415571.3727846,50.198
1780415571.378577,50.197
1780415571.3847566,50.195
1780415571.390794,50.194
1780415571.3967767,50.193
1780415571.402671,50.193
1780415571.408855,50.191
1780415571.4149563,50.19
1780415571.4207127,50.189
1780415571.4267328,50.188
1780415571.4327974,50.187
1780415571.4387019,50.186
1780415571.4447443,50.185
1780415571.4506166,50.184
1780415571.4567966,50.183
1780415571.46273,50.182
1780415571.46884,50.181
1780415571.47483,50.18
1780415571.4806287,50.179
1780415571.4866989,50.178
1780415571.4927337,50.177
1780415571.4987037,50.176
1780415571.5054438,50.175
1780415571.5113502,50.174
1780415571.5174024,50.173
1780415571.5235038,50.172
1780415571.5300262,50.171
1780415571.5359242,50.169
1780415571.5419486,50.168
1780415571.5479228,50.168
1780415571.553966,50.167
1780415571.5599031,50.165
1780415571.565839,50.164
1780415571.572001,50.163
1780415571.5779061,50.163
1780415571.5840123,50.162
1780415571.5900528,50.161
1780415571.595803,50.16
1780415571.6019418,50.159
1780415571.6079779,50.158
1780415571.6139674,50.157
1780415571.6199014,50.157
1780415571.6259336,50.155
1780415571.6319346,50.154
1780415571.6378574,50.154
1780415571.6440518,50.153
1780415571.6500797,50.152
1780415571.655943,50.151
1780415571.6619978,50.15
1780415571.6678114,50.149
1780415571.6750827,50.149
1780415571.68112,50.148
1780415571.6872265,50.147
1780415571.693209,50.146
1780415571.6990469,50.146
1780415571.705101,50.145
1780415571.711098,50.144
1780415571.7170794,50.143
1780415571.723105,50.142
1780415571.7291646,50.142
1780415571.7350645,50.141
1780415571.7411678,50.14
1780415571.74704,50.139
1780415571.7531247,50.138
1780415571.7591813,50.137
1780415571.7651975,50.136
1780415571.7712023,50.135
1780415571.7770677,50.135
1780415571.7831,50.134
1780415571.7891014,50.133
1780415571.7951028,50.132
1780415571.8012388,50.131
1780415571.8070755,50.13
1780415571.8131094,50.129
1780415571.8189585,50.129
1780415571.8252566,50.128
1780415571.8313193,50.128
1780415571.8371072,50.127
1780415571.8431106,50.126
1780415571.8490603,50.125
1780415571.8550606,50.124
1780415571.8611152,50.123
1780415571.8670619,50.123
1780415571.8731797,50.122
1780415571.8790803,50.121
1780415571.8852468,50.12
1780415571.8912752,50.12
1780415571.8971899,50.119
1780415571.9031696,50.118
1780415571.9091282,50.117
1780415571.9151459,50.117
1780415571.9210625,50.116
1780415571.9270668,50.115
1780415571.9331408,50.114
1780415571.9390628,50.114
1780415571.945247,50.113
1780415571.9513056,50.112
1780415571.9570782,50.111
1780415571.9631484,50.111
1780415571.9691799,50.11
1780415571.9751704,50.11
1780415571.9811106,50.108
1780415571.987138,50.108
1780415571.9930282,50.107
1780415571.9990842,50.106
1780415572.005109,50.106
1780415572.0111523,50.105
1780415572.0170672,50.104
1780415572.0232148,50.104
1780415572.0290678,50.103
1780415572.0351417,50.102
1780415572.0410542,50.102
1780415572.0471346,50.101
1780415572.0531,50.1
1780415572.0591474,50.099
1780415572.0650945,50.099
1780415572.0712354,50.098
1780415572.0770695,50.098
1780415572.0830913,50.097
1780415572.0890434,50.096
1780415572.0951426,50.096
1780415572.101086,50.094
1780415572.1072261,50.093
1780415572.1131363,50.093
1780415572.1191533,50.093
1780415572.1250467,50.093
1780415572.1311796,50.092
1780415572.1372213,50.092
1780415572.1431081,50.091
1780415572.1491313,50.091
1780415572.1550727,50.09
1780415572.1611307,50.09
1780415572.1671398,50.089
1780415572.1731226,50.088
1780415572.1792002,50.088
1780415572.185093,50.087
1780415572.191163,50.087
1780415572.1972158,50.086
1780415572.202975,50.086
1780415572.2091703,50.085
1780415572.2151062,50.084
1780415572.2210727,50.084
1780415572.2270644,50.083
1780415572.2330644,50.082
1780415572.2390783,50.082
1780415572.245094,50.081
1780415572.2511659,50.081
1780415572.2571745,50.08
1780415572.2630558,50.08
1780415572.2691927,50.079
1780415572.2749584,50.079
1780415572.2811725,50.079
1780415572.2871084,50.078
1780415572.2931144,50.078
1780415572.2990746,50.077
1780415572.305056,50.077
1780415572.3110917,50.076
1780415572.3171148,50.076
1780415572.323071,50.075
1780415572.3291883,50.075
1780415572.335075,50.075
1780415572.3411133,50.074
1780415572.3470862,50.073
1780415572.3531313,50.073
1780415572.3592207,50.072
1780415572.3651843,50.072
1780415572.3711581,50.071
1780415572.3770883,50.071
1780415572.3831456,50.071
1780415572.3891912,50.07
1780415572.3950896,50.07
1780415572.4012253,50.069
1780415572.4070745,50.069
1780415572.4131477,50.068
1780415572.4191065,50.067
1780415572.4252176,50.068
1780415572.4311354,50.067
1780415572.43711,50.066
1780415572.4430838,50.067
1780415572.4490533,50.066
1780415572.4550257,50.065
1780415572.4611886,50.065
1780415572.4672096,50.064
1780415572.473233,50.064
1780415572.4790823,50.064
1780415572.4851842,50.063
1780415572.4910197,50.063
1780415572.4972308,50.062
1780415572.5031989,50.062
1780415572.5090885,50.062
1780415572.51512,50.061
1780415572.52096,50.061
1780415572.5270684,50.06
1780415572.5331647,50.06
1780415572.5390747,50.059
1780415572.5452204,50.059
1780415572.5510724,50.058
1780415572.55709,50.058
1780415572.5631073,50.058
1780415572.5690787,50.058
1780415572.5752256,50.057
1780415572.5811746,50.057
1780415572.5871336,50.056
1780415572.5930831,50.055
1780415572.5990744,50.055
1780415572.6052392,50.055
1780415572.6110423,50.054
1780415572.6171398,50.054
1780415572.6231797,50.053
1780415572.6290462,50.053
1780415572.6351542,50.052
1780415572.641125,50.052
1780415572.6471288,50.051
1780415572.6531367,50.051
1780415572.6591327,50.051
1780415572.665032,50.05
1780415572.6711786,50.05
1780415572.6770742,50.049
1780415572.6831002,50.049
1780415572.6890786,50.049
1780415572.6951888,50.048
1780415572.7011106,50.048
1780415572.707165,50.047
1780415572.7130299,50.047
1780415572.7191262,50.046
1780415572.7251475,50.047
1780415572.7312284,50.046
1780415572.7372162,50.046
1780415572.743077,50.045
1780415572.7490761,50.045
1780415572.755098,50.045
1780415572.7610197,50.045
1780415572.767306,50.044
1780415572.773174,50.044
1780415572.7792065,50.044
1780415572.7850647,50.043
1780415572.791064,50.043
1780415572.7971482,50.043
1780415572.8032007,50.043
1780415572.8092055,50.043
1780415572.8150868,50.043
1780415572.8210964,50.042
1780415572.8271823,50.041
1780415572.8330646,50.041
1780415572.8392456,50.04
1780415572.8450835,50.04
1780415572.8512738,50.04
1780415572.8572235,50.04
1780415572.8630636,50.039
1780415572.8691497,50.039
1780415572.8750536,50.039
1780415572.8811858,50.038
1780415572.8871148,50.038
1780415572.8931165,50.038
1780415572.8990455,50.037
1780415572.9051194,50.036
1780415572.9110162,50.036
1780415572.9166892,50.036
1780415572.9231951,50.035
1780415572.9292343,50.036
1780415572.935096,50.035
1780415572.9411936,50.035
1780415572.9469955,50.034
1780415572.9531498,50.034
1780415572.9590876,50.034
1780415572.9651444,50.033
1780415572.9710603,50.034
1780415572.977071,50.033
1780415572.9830678,50.033
1780415572.989085,50.033
1780415572.9951477,50.033
1780415573.0011878,50.032
1780415573.0071514,50.032
1780415573.0131047,50.031
1780415573.0189822,50.031
1780415573.025128,50.031
1780415573.0310996,50.031
1780415573.0370862,50.03
1780415573.0430856,50.03
1780415573.0490408,50.03
1780415573.0550458,50.029
1780415573.0610623,50.029
1780415573.0669796,50.029
1780415573.0731544,50.029
1780415573.078963,50.029
1780415573.0851657,50.029
1780415573.0910532,50.029
1780415573.097059,50.029
1780415573.1031806,50.028
1780415573.1090698,50.027
1780415573.1151025,50.027
1780415573.1209562,50.027
1780415573.1271765,50.027
1780415573.133135,50.027
1780415573.139076,50.027
1780415573.1450796,50.027
1780415573.1510978,50.027
1780415573.157117,50.027
1780415573.1631007,50.026
1780415573.1690261,50.026
1780415573.1752303,50.026
1780415573.1810772,50.026
1780415573.1872435,50.026
1780415573.193058,50.025
1780415573.199475,50.025
1780415573.205193,50.024
1780415573.211251,50.024
1780415573.217228,50.024
1780415573.2232254,50.024
1780415573.229183,50.024
1780415573.235076,50.024
1780415573.241079,50.023
1780415573.2471626,50.023
1780415573.2530396,50.022
1780415573.259182,50.022
1780415573.2650206,50.021
1780415573.2712784,50.021
1780415573.2772882,50.021
1780415573.283068,50.021
1780415573.2891226,50.02
1780415573.2950637,50.02
1780415573.301235,50.02
1780415573.307104,50.02
1780415573.3131673,50.019
1780415573.3190317,50.019
1780415573.3250818,50.019
1780415573.331042,50.02
1780415573.3372288,50.019
1780415573.3430774,50.019
1780415573.3490903,50.019
1780415573.3550797,50.019
1780415573.3611503,50.018
1780415573.367084,50.018
1780415573.3731587,50.017
1780415573.3789816,50.016
1780415573.3851352,50.016
1780415573.3910868,50.017
1780415573.3971756,50.016
1780415573.4031353,50.016
1780415573.4090571,50.016
1780415573.4150536,50.016
1780415573.4211576,50.015
1780415573.4270573,50.015
1780415573.4331923,50.014
1780415573.4390914,50.014
1780415573.445195,50.014
1780415573.4510436,50.014
1780415573.457158,50.014
1780415573.46311,50.014
1780415573.4690895,50.013
1780415573.4751933,50.014
1780415573.4810576,50.013
1780415573.4871018,50.013
1780415573.4931047,50.012
1780415573.4991398,50.012
1780415573.5052547,50.012
1780415573.511108,50.012
1780415573.5172052,50.012
1780415573.52317,50.011
1780415573.5290055,50.011
1780415573.5351214,50.012
1780415573.54108,50.012
1780415573.5471501,50.011
1780415573.5530825,50.011
1780415573.5591345,50.01
1780415573.5650384,50.01
1780415573.5710769,50.01
1780415573.577099,50.009
1780415573.58314,50.009
1780415573.5890741,50.009
1780415573.595169,50.009
1780415573.6010807,50.009
1780415573.607105,50.009
1780415573.6129751,50.008
1780415573.6190789,50.008
1780415573.625098,50.008
1780415573.6311262,50.008
1780415573.637117,50.008
1780415573.643074,50.007
1780415573.6491032,50.007
1780415573.6551616,50.007
1780415573.6610625,50.007
1780415573.6671417,50.007
1780415573.6730983,50.006
1780415573.679177,50.006
1780415573.68508,50.006
1780415573.6911044,50.006
1780415573.6970158,50.005
1780415573.7032113,50.005
1780415573.7091591,50.005
1780415573.715085,50.005
1780415573.7211483,50.005
1780415573.7269583,50.005
1780415573.7330701,50.005
1780415573.7390685,50.005
1780415573.7451735,50.004
1780415573.7511888,50.005
1780415573.757085,50.004
1780415573.7631419,50.004
1780415573.7691815,50.004
1780415573.774939,50.004
1780415573.7811642,50.004
1780415573.787193,50.004
1780415573.7930799,50.003
1780415573.799052,50.003
1780415573.8050656,50.003
1780415573.8110902,50.002
1780415573.8170989,50.002
1780415573.8230777,50.003
1780415573.829251,50.003
1780415573.8350866,50.003
1780415573.841198,50.002
1780415573.8470445,50.002
1780415573.853133,50.002
1780415573.8591585,50.001
1780415573.86514,50.001
1780415573.8711054,50.001
1780415573.8771648,50.001
1780415573.8831306,50.001
1780415573.889069,50.001
1780415573.8950336,50.001
1780415573.9011378,50.0
1780415573.907159,50.0
1780415573.913151,50.0
1780415573.919088,50.0
1780415573.9251742,49.255
1780415573.9309607,50.0
1780415573.9372022,50.0
1780415573.943085,50.0
1780415573.9492211,50.0
1780415573.9552028,50.0
1780415573.961045,50.0
1780415573.967065,49.255
1780415573.9731236,49.255
1780415573.9790554,49.254
1780415573.9851964,49.254
1780415573.9910836,49.254
1780415573.9972467,49.253
1780415574.003169,49.254
1780415574.0090375,49.254
1780415574.0151265,49.254
1780415574.0210588,49.254
1780415574.0271747,49.254
1780415574.0331056,49.253
1780415574.0391743,49.253
1780415574.0450225,49.253
1780415574.0510707,49.253
1780415574.0569947,49.253
1780415574.0626812,49.252
1780415574.0686102,49.253
1780415574.0743365,49.253
1780415574.080267,49.253
1780415574.0860093,49.252
1780415574.0919816,49.252
1780415574.097877,49.252
1780415574.104002,49.251
1780415574.1098819,49.252
1780415574.1159852,49.252
1780415574.121972,49.252
1780415574.1280048,49.252
1780415574.1339233,49.252
1780415574.139971,49.252
1780415574.1459856,49.252
1780415574.151828,49.252
1780415574.157905,49.252
1780415574.1639526,49.251
1780415574.16987,49.251
1780415574.176001,49.251
1780415574.1820412,49.251
1780415574.187931,49.251
1780415574.1940439,49.251
1780415574.1998134,49.251
1780415574.2059195,49.251
1780415574.2119284,49.251
1780415574.2179463,49.251
1780415574.2239392,49.25
1780415574.2299747,49.25
1780415574.2358263,49.25
1780415574.2420208,49.25
1780415574.2478878,49.25
1780415574.2540274,49.249
1780415574.2599206,49.25
1780415574.2660165,49.249
1780415574.2719717,49.249
1780415574.278029,49.249
1780415574.2838535,49.248
1780415574.2899554,49.249
1780415574.2960165,49.248
1780415574.3020475,49.248
1780415574.3080256,49.248
1780415574.3139353,49.248
1780415574.3199725,49.248
1780415574.3258352,49.248
1780415574.331883,49.247
1780415574.3380609,49.247
1780415574.3439453,49.247
1780415574.3500068,49.247
1780415574.355881,49.247
1780415574.3619576,49.246
1780415574.3680255,49.247
1780415574.373784,49.246
1780415574.3799276,49.246
1780415574.3859124,49.247
1780415574.3919952,49.246
1780415574.3979247,49.246
1780415574.403942,49.245
1780415574.4099574,49.246
1780415574.4159057,49.245
1780415574.4219286,49.245
1780415574.4280705,49.245
1780415574.4339542,49.245
1780415574.44001,49.245
1780415574.4458716,49.245
1780415574.451943,49.244
1780415574.4579651,49.244
1780415574.463971,49.244
1780415574.4699733,49.244
1780415574.4759223,49.245
1780415574.4819412,49.244
1780415574.487892,49.244
1780415574.493891,49.244
1780415574.499944,49.244
1780415574.5058258,49.244
1780415574.511987,49.243
1780415574.5179,49.243
1780415574.5240023,49.243
1780415574.529906,49.243
1780415574.5359926,49.244
1780415574.5419402,49.244
1780415574.5479984,49.243
1780415574.5539355,49.243
1780415574.5600379,49.243
1780415574.5659778,49.244
1780415574.571881,49.243
1780415574.5779235,49.243
1780415574.5839868,49.243
1780415574.589882,49.243
1780415574.5960345,49.243
1780415574.6019452,49.243
1780415574.6079,49.243
1780415574.613978,49.243
1780415574.6198528,49.243
1780415574.6259725,49.243
1780415574.6318548,49.242
1780415574.637934,49.243
1780415574.643945,49.242
1780415574.6499403,49.242
1780415574.6558917,49.243
1780415574.6619115,49.242
1780415574.6679256,49.242
1780415574.6739166,49.243
1780415574.6798592,49.242
1780415574.68604,49.243
1780415574.6919584,49.242
1780415574.6980035,49.242
1780415574.7039087,49.241
1780415574.7099667,49.241
1780415574.7159557,49.242
1780415574.7219703,49.242
1780415574.7279477,49.241
1780415574.7339704,49.241
1780415574.7400355,49.242
1780415574.7458782,49.241
1780415574.7519279,49.241
1780415574.7580442,49.241
1780415574.7639308,49.241
1780415574.7699733,49.241
1780415574.7759647,49.241
1780415574.7819927,49.241
1780415574.7880025,49.241
1780415574.793844,49.241
1780415574.7999527,49.241
1780415574.8059108,49.241
1780415574.8119655,49.24
1780415574.818023,49.24
1780415574.8239708,49.241
1780415574.829806,49.24
1780415574.835933,49.24
1780415574.8417816,49.24
1780415574.8474216,49.24
1780415574.8534846,49.24
1780415574.8591394,49.24
1780415574.865035,49.24
1780415574.870752,49.239
1780415574.8767722,49.239
1780415574.8825905,49.239
1780415574.8887992,49.239
1780415574.8947225,49.24
1780415574.9007897,49.24
1780415574.9067721,49.239
1780415574.912703,49.239
1780415574.9187293,49.239
1780415574.9247391,49.239
1780415574.9306319,49.239
1780415574.9368281,49.239
1780415574.9426858,49.238
1780415574.9487998,49.239
1780415574.954731,49.239
1780415574.960767,49.239
1780415574.9667807,49.239
1780415574.9727182,49.238
1780415574.978748,49.239
1780415574.984798,49.239
1780415574.9907055,49.238
1780415574.9966478,49.238
1780415575.002689,49.238
1780415575.0087228,49.238
1780415575.014722,49.238
1780415575.0207922,49.238
1780415575.0268326,49.237
1780415575.0327315,49.237
1780415575.0388753,49.238
1780415575.0446706,49.238
1780415575.0507472,49.237
1780415575.056717,49.237
1780415575.0627346,49.237
1780415575.0687706,49.238
1780415575.0748203,49.239
1780415575.0807512,49.239
1780415575.086759,49.238
1780415575.0927258,49.238
1780415575.0987725,49.237
1780415575.1047492,49.237
1780415575.1107008,49.237
1780415575.1167202,49.237
1780415575.1232524,49.237
1780415575.1290846,49.237
1780415575.1347733,49.238
1780415575.1406968,49.237
1780415575.146756,49.237
1780415575.1528478,49.238
1780415575.1587236,49.237
1780415575.1647835,49.237
1780415575.1706574,49.237
1780415575.1768072,49.238
1780415575.1825993,49.237
1780415575.188718,49.237
1780415575.1947114,49.237
1780415575.200807,49.237
1780415575.2067432,49.237
1780415575.212781,49.237
1780415575.2187276,49.237
1780415575.2246664,49.238
1780415575.2307389,49.237
1780415575.2366488,49.238
1780415575.2427332,49.237
1780415575.2487004,49.237
1780415575.2546098,49.237
1780415575.2608027,49.237
1780415575.2667265,49.237
1780415575.2727034,49.236
1780415575.278791,49.236
1780415575.2847135,49.237
1780415575.290754,49.236
1780415575.2966015,49.237
1780415575.3022976,49.236
1780415575.3082361,49.236
1780415575.3139505,49.236
1780415575.3198304,49.237
1780415575.3256273,49.236
1780415575.3315063,49.237
1780415575.3375134,49.237
1780415575.3434973,49.237
1780415575.3494794,49.236
1780415575.355615,49.236
1780415575.3615394,49.236
1780415575.367578,49.236
1780415575.3734784,49.235
1780415575.3796372,49.236
1780415575.3854902,49.236
1780415575.3913803,49.236
1780415575.397582,49.236
1780415575.4034038,49.236
1780415575.4095976,49.235
1780415575.4154806,49.235
1780415575.4215186,49.235
1780415575.4275484,49.234
1780415575.4335754,49.234
1780415575.4394162,49.234
1780415575.445546,49.235
1780415575.451526,49.234
1780415575.4575245,49.234
1780415575.463551,49.235
1780415575.469601,49.235
1780415575.4754755,49.234
1780415575.4815915,49.234
1780415575.487448,49.234
1780415575.4936087,49.234
1780415575.499396,49.233
1780415575.5056105,49.235
1780415575.512247,49.234
1780415575.5179794,49.234
1780415575.523878,49.234
1780415575.529734,49.234
1780415575.5355792,49.234
1780415575.5415828,49.233
1780415575.5474775,49.233
1780415575.5536218,49.234
1780415575.5595548,49.233
1780415575.5656128,49.233
1780415575.5716443,49.233
1780415575.5775495,49.233
1780415575.583641,49.233
1780415575.5894227,49.233
1780415575.5955615,49.233
1780415575.601561,49.233
1780415575.6075149,49.232
1780415575.613546,49.232
1780415575.6195247,49.232
1780415575.6255112,49.232
1780415575.6316571,49.232
1780415575.6375964,49.232
1780415575.6436028,49.233
1780415575.6495056,49.233
1780415575.655659,49.233
1780415575.6614885,49.232
1780415575.6676059,49.232
1780415575.6735194,49.232
1780415575.679656,49.232
1780415575.6855102,49.232
1780415575.6915486,49.232
1780415575.6975772,49.232
1780415575.7033684,49.232
1780415575.709616,49.232
1780415575.7154882,49.232
1780415575.7215486,49.232
1780415575.7275512,49.232
1780415575.7335503,49.232
1780415575.7393878,49.232
1780415575.7455225,49.232
1780415575.7515209,49.232
1780415575.7576072,49.232
1780415575.7635283,49.232
1780415575.7695954,49.232
1780415575.7755501,49.232
1780415575.7816002,49.232
1780415575.7874918,49.231
1780415575.793545,49.231
1780415575.7993927,49.232
1780415575.8055394,49.232
1780415575.8115318,49.231
1780415575.8175628,49.232
1780415575.8235905,49.232
1780415575.8294551,49.232
1780415575.8355436,49.232
1780415575.8415668,49.232
1780415575.8479204,49.231
1780415575.8536048,49.231
1780415575.8594782,49.231
1780415575.8655612,49.231
1780415575.8715534,49.231
1780415575.8774872,49.231
1780415575.883604,49.231
1780415575.889435,49.231
1780415575.8956122,49.231
1780415575.901505,49.231
1780415575.9075859,49.231
1780415575.9135664,49.231
1780415575.9195466,49.231
1780415575.9255323,49.231
1780415575.9315767,49.231
1780415575.9375381,49.231
1780415575.9433835,49.23
1780415575.9494896,49.231
1780415575.9555879,49.231
1780415575.9613907,49.23
1780415575.9676132,49.23
1780415575.9735231,49.23
1780415575.9795737,49.23
1780415575.985514,49.23
1780415575.9915605,49.23
1780415575.9975827,49.23
1780415576.0034122,49.23
1780415576.0095081,49.23
1780415576.0155506,49.23
1780415576.0215492,49.23
1780415576.0275412,49.229
1780415576.0335464,49.229
1780415576.0394073,49.229
1780415576.0454524,49.229
1780415576.0514083,49.229
1780415576.0570354,49.229
1780415576.0630634,49.229
1780415576.0690267,49.229
1780415576.0750546,49.23
1780415576.0807838,49.23
1780415576.0867436,49.23
1780415576.0925314,49.23
1780415576.0983937,49.23
1780415576.1043622,49.23
1780415576.1103964,49.23
1780415576.1163983,49.23
1780415576.1223023,49.231
1780415576.1283956,49.232
1780415576.1342819,49.233
1780415576.1403918,49.234
1780415576.1462488,49.235
1780415576.1523867,49.236
1780415576.1582184,49.236
1780415576.1643872,49.236
1780415576.1702135,49.237
1780415576.176438,49.237
1780415576.1824076,49.239
1780415576.188354,49.239
1780415576.1943116,49.241
1780415576.200298,49.241
1780415576.206431,49.242
1780415576.212321,49.243
1780415576.2182946,49.243
1780415576.224289,49.244
1780415576.230329,49.245
1780415576.236363,49.245
1780415576.2422178,49.247
1780415576.2483642,49.248
1780415576.254213,49.249
1780415576.2603633,49.251
1780415576.2661557,49.252
1780415576.2723577,49.253
1780415576.2782495,49.254
1780415576.2843635,49.255
1780415576.2902725,50.001
1780415576.2963476,50.002
1780415576.3023767,50.004
1780415576.308249,50.005
1780415576.314391,50.006
1780415576.3202798,50.008
1780415576.3264616,50.01
1780415576.3322864,50.011
1780415576.3383937,50.012
1780415576.3441694,50.013
1780415576.3504324,50.013
1780415576.356285,50.014
1780415576.3622525,50.014
1780415576.3684077,50.014
1780415576.3743,50.014
1780415576.3804662,50.015
1780415576.38629,50.016
1780415576.3924556,50.017
1780415576.3983567,50.017
1780415576.404382,50.018
1780415576.4103262,50.018
1780415576.4164128,50.019
1780415576.4224308,50.019
1780415576.4282882,50.019
1780415576.4343896,50.019
1780415576.4402452,50.02
1780415576.4464443,50.021
1780415576.4523222,50.021
1780415576.4583907,50.022
1780415576.4642901,50.023
1780415576.470412,50.024
1780415576.4761589,50.025
1780415576.4823673,50.025
1780415576.4883206,50.027
1780415576.4942086,50.028
1780415576.5005586,50.029
1780415576.5063446,50.03
1780415576.5122159,50.03
1780415576.5182889,50.03
1780415576.5242057,50.03
1780415576.5303097,50.03
1780415576.5364017,50.03
1780415576.5423174,50.03
1780415576.54825,50.03
1780415576.5544226,50.031
1780415576.560319,50.031
1780415576.5664554,50.03
1780415576.5723395,50.029
1780415576.5784333,50.03
1780415576.5842729,50.029
1780415576.5904148,50.029
1780415576.5963209,50.03
1780415576.6023417,50.03
1780415576.6083503,50.03
1780415576.6143696,50.03
1780415576.620382,50.03
1780415576.6262252,50.03
1780415576.6323183,50.029
1780415576.638352,50.029
1780415576.644255,50.029
1780415576.6503875,50.029
1780415576.6563656,50.028
1780415576.6623607,50.028
1780415576.6683853,50.028
1780415576.674251,50.028
1780415576.6804206,50.028
1780415576.6863155,50.028
1780415576.692354,50.027
1780415576.6981812,50.028
1780415576.7043307,50.027
1780415576.710308,50.027
1780415576.7164,50.027
1780415576.7223506,50.027
1780415576.7283442,50.027
1780415576.734349,50.027
1780415576.7402093,50.027
1780415576.746306,50.027
1780415576.7523384,50.026
1780415576.75831,50.026
1780415576.7643344,50.025
1780415576.7703438,50.025
1780415576.7763903,50.025
1780415576.7823927,50.025
1780415576.7882946,50.024
1780415576.794433,50.024
1780415576.800278,50.024
1780415576.8064072,50.024
1780415576.8121781,50.023
1780415576.8184254,50.023
1780415576.824325,50.023
1780415576.8303459,50.023
1780415576.8363218,50.023
1780415576.842424,50.023
1780415576.8483887,50.022
1780415576.8543968,50.022
1780415576.8602707,50.022
1780415576.8664405,50.022
1780415576.8723097,50.023
1780415576.8784208,50.022
1780415576.8843338,50.022
1780415576.8904114,50.021
1780415576.8962734,50.021
1780415576.9023888,50.021
1780415576.908364,50.021
1780415576.9143705,50.021
1780415576.920393,50.021
1780415576.9264007,50.021
1780415576.9323516,50.02
1780415576.9382277,50.02
1780415576.9444025,50.02
1780415576.950344,50.02
1780415576.9562645,50.02
1780415576.9624145,50.02
1780415576.9684415,50.02
1780415576.9743514,50.02
1780415576.9804177,50.02
1780415576.986346,50.02
1780415576.9924061,50.02
1780415576.998242,50.02
1780415577.0043705,50.019
1780415577.0101712,50.019
1780415577.0163677,50.019
1780415577.0223603,50.02
1780415577.0283916,50.019
1780415577.0343533,50.019
1780415577.0403802,50.02
1780415577.0463731,50.02
1780415577.0523841,50.02
1780415577.0582893,50.019
1780415577.0644047,50.019
1780415577.0703297,50.02
1780415577.076365,50.021
1780415577.0821667,50.021
1780415577.0884342,50.02
1780415577.0944364,50.021
1780415577.1003158,50.02
1780415577.1064107,50.019
1780415577.1123424,50.019
1780415577.1184547,50.019
1780415577.1243503,50.02
1780415577.1303709,50.02
1780415577.1362245,50.02
1780415577.1423655,50.02
1780415577.1483924,50.021
1780415577.1544461,50.021
1780415577.160381,50.021
1780415577.1664832,50.021
1780415577.1724021,50.02
1780415577.1783412,50.02
1780415577.1843581,50.02
1780415577.1902642,50.02
1780415577.196342,50.02
1780415577.2023258,50.019
1780415577.2083175,50.019
1780415577.2143455,50.019
1780415577.2204201,50.019
1780415577.226284,50.02
1780415577.2324052,50.02
1780415577.2383194,50.019
1780415577.2444267,50.019
1780415577.2502568,50.019
1780415577.2563603,50.019
1780415577.2623148,50.019
1780415577.268345,50.019
1780415577.2743754,50.019
1780415577.2803404,50.019
1780415577.2864091,50.019
1780415577.2923028,50.019
1780415577.2983725,50.019
1780415577.3042023,50.019
1780415577.3103244,50.018
1780415577.3163698,50.018
1780415577.3222766,50.018
1780415577.328411,50.018
1780415577.3343918,50.018
1780415577.3403585,50.017
1780415577.3464165,50.018
1780415577.352317,50.017
1780415577.3583949,50.017
1780415577.3642292,50.017
1780415577.370347,50.017
1780415577.3763258,50.017
1780415577.3823555,50.017
1780415577.3884137,50.017
1780415577.39434,50.017
1780415577.4004047,50.017
1780415577.4063148,50.017
1780415577.4123592,50.016
1780415577.4182231,50.016
1780415577.4243293,50.016
1780415577.4303493,50.016
1780415577.43628,50.015
1780415577.442397,50.015
1780415577.4483767,50.015
1780415577.4543395,50.015
1780415577.4604454,50.016
1780415577.4663115,50.015
1780415577.4723718,50.015
1780415577.478208,50.015
1780415577.483931,50.015
1780415577.4903827,50.014
1780415577.4963746,50.014
1780415577.5024004,50.014
1780415577.5083761,50.015
1780415577.5143702,50.015
1780415577.5202813,50.015
1780415577.526346,50.014
1780415577.5323327,50.014
1780415577.5382683,50.014
1780415577.5444417,50.014
1780415577.5503058,50.014
1780415577.556421,50.014
1780415577.5623014,50.014
1780415577.5684023,50.014
1780415577.574438,50.014
1780415577.5802581,50.014
1780415577.5863993,50.014
1780415577.5922155,50.014
1780415577.598352,50.014
1780415577.6044173,50.014
1780415577.6103702,50.014
1780415577.616358,50.013
1780415577.622342,50.014
1780415577.6282568,50.014
1780415577.6344473,50.014
1780415577.6403515,50.014
1780415577.6464472,50.014
1780415577.6523032,50.014
1780415577.65842,50.014
1780415577.6642294,50.014
1780415577.670423,50.013
1780415577.6763387,50.013
1780415577.6824477,50.013
1780415577.6883562,50.013
1780415577.694345,50.013
1780415577.7004101,50.013
1780415577.706204,50.013
1780415577.7124374,50.013
1780415577.7183294,50.013
1780415577.724401,50.013
1780415577.7303774,50.013
1780415577.7363267,50.013
1780415577.742357,50.012
1780415577.7483957,50.012
1780415577.7543557,50.012
1780415577.7603648,50.012
1780415577.7663662,50.012
1780415577.7723563,50.013
1780415577.7782874,50.012
1780415577.7843938,50.012
1780415577.7902977,50.012
1780415577.796378,50.012
1780415577.802359,50.012
1780415577.8084073,50.012
1780415577.8142555,50.012
1780415577.8203676,50.012
1780415577.826344,50.012
1780415577.8323255,50.013
1780415577.838422,50.012
1780415577.8443513,50.012
1780415577.8503473,50.012
1780415577.8562756,50.011
1780415577.8623636,50.011
1780415577.868333,50.011
1780415577.8741455,50.011
1780415577.879537,50.022
1780415577.8849046,50.024
1780415577.8901086,50.029
1780415577.8956995,50.033
1780415577.9008977,50.038
1780415577.9064574,50.042
1780415577.9116952,50.052
1780415577.9173067,50.05
1780415577.9225388,50.057
1780415577.9280956,50.062
1780415577.9333398,50.065
1780415577.9388993,50.07
1780415577.944128,50.076
1780415577.9497137,50.08
1780415577.9549377,50.083
1780415577.9604928,50.087
1780415577.965723,50.091
1780415577.971268,50.095
1780415577.976505,50.099
1780415577.9821167,50.106
1780415577.98735,50.107
1780415577.9928985,50.112
1780415577.998123,50.116
1780415578.0036445,50.12
1780415578.008871,50.125
1780415578.0144925,50.129
1780415578.0197206,50.134
1780415578.025311,50.136
1780415578.030532,50.14
1780415578.0360403,50.144
1780415578.0412633,50.148
1780415578.0468462,50.152
1780415578.0523849,50.158
1780415578.0576875,50.159
1780415578.0629141,50.164
1780415578.0684428,50.168
1780415578.0736787,50.171
1780415578.0792954,50.175
1780415578.084527,50.18
1780415578.0901053,50.184
1780415578.0953355,50.186
1780415578.1008468,50.19
1780415578.10608,50.195
1780415578.1116536,50.197
1780415578.1168838,50.202
1780415578.1225672,50.207
1780415578.127987,50.209
1780415578.1332872,50.212
1780415578.1385093,50.216
1780415578.1440558,50.22
1780415578.149284,50.224
1780415578.154857,50.226
1780415578.1600928,50.233
1780415578.1656659,50.233
1780415578.1708884,50.238
1780415578.1765115,50.241
1780415578.1817408,50.245
1780415578.1872528,50.248
1780415578.192478,50.254
1780415578.1981177,51.001
1780415578.2033458,51.003
1780415578.2088454,51.006
1780415578.2140787,51.01
1780415578.2197046,51.013
1780415578.22493,51.016
1780415578.2305012,51.021
1780415578.2357209,51.023
1780415578.241305,51.026
1780415578.2465405,51.03
1780415578.252091,51.032
1780415578.2573104,51.037
1780415578.2628531,51.04
1780415578.2680867,51.045
1780415578.2737055,51.046
1780415578.278921,51.05
1780415578.284498,51.053
1780415578.2897215,51.056
1780415578.295259,51.059
1780415578.3005128,51.065
1780415578.306043,51.065
1780415578.3112805,51.069
1780415578.3168497,51.071
1780415578.3220735,51.075
1780415578.3276453,51.078
1780415578.3328762,51.082
1780415578.3384995,51.086
1780415578.3437293,51.087
1780415578.349295,51.09
1780415578.3545227,51.094
1780415578.3600616,51.096
1780415578.3652775,51.1
1780415578.371007,51.104
1780415578.3763883,51.105
1780415578.3816915,51.108
1780415578.3869216,51.112
1780415578.392494,51.114
1780415578.3977168,51.118
1780415578.4032602,51.119
1780415578.4085019,51.125
1780415578.4140625,51.125
1780415578.4192822,51.129
1780415578.4248586,51.131
1780415578.4300764,51.134
1780415578.4357011,51.136
1780415578.4409318,51.143
1780415578.4465046,51.144
1780415578.451729,51.146
1780415578.4573078,51.148
1780415578.4625397,51.152
1780415578.4680982,51.154
1780415578.4733248,51.157
1780415578.4788802,51.162
1780415578.4841075,51.162
1780415578.4896624,51.165
1780415578.4948978,51.168
1780415578.5004964,51.169
1780415578.505717,51.174
1780415578.5112543,51.177
1780415578.5164537,51.18
1780415578.5221722,51.18
1780415578.5275712,51.184
1780415578.5328362,51.186
1780415578.5380604,51.189
1780415578.5436504,51.192
1780415578.548888,51.196
1780415578.554453,51.196
1780415578.5596752,51.199
1780415578.5652487,51.202
1780415578.5704775,51.204
1780415578.5760462,51.207
1780415578.581274,51.212
1780415578.5869024,51.213
1780415578.5921376,51.214
1780415578.5976424,51.217
1780415578.6028743,51.219
1780415578.6084955,51.221
1780415578.6137211,51.225
1780415578.61926,51.229
1780415578.6244924,51.229
1780415578.6301012,51.231
1780415578.6353197,51.234
1780415578.6408587,51.236
1780415578.6460872,51.239
1780415578.651697,51.241
1780415578.6569319,51.245
1780415578.6624923,51.245
1780415578.6677139,51.248
1780415578.6732616,51.251
1780415578.6784859,51.253
1780415578.684059,51.255
1780415578.6892872,52.004
1780415578.6949127,52.004
1780415578.700151,52.006
1780415578.7058966,51.254
1780415578.712326,51.252
1780415578.7183893,51.248
1780415578.7241914,51.247
1780415578.7301652,51.246
1780415578.7360232,51.244
1780415578.742003,51.242
1780415578.7479467,51.241
1780415578.7538042,51.239
1780415578.760038,51.237
1780415578.7659247,51.235
1780415578.7719378,51.232
1780415578.778008,51.23
1780415578.7840307,51.228
1780415578.7900107,51.225
1780415578.796001,51.222
1780415578.8019536,51.219
1780415578.8079422,51.217
1780415578.813875,51.214
1780415578.8200066,51.211
1780415578.8259053,51.209
1780415578.831924,51.207
1780415578.8379498,51.205
1780415578.8439624,51.202
1780415578.8499622,51.2
1780415578.8559682,51.198
1780415578.8619645,51.195
1780415578.868301,51.193
1780415578.8741477,51.19
1780415578.880061,51.188
1780415578.885947,51.186
1780415578.8920188,51.184
1780415578.8980048,51.182
1780415578.9038298,51.179
1780415578.9100223,51.178
1780415578.915944,51.176
1780415578.9219596,51.174
1780415578.9279847,51.171
1780415578.9339607,51.169
1780415578.9399266,51.167
1780415578.9460056,51.164
1780415578.9522343,51.162
1780415578.9580827,51.16
1780415578.9638872,51.158
1780415578.9701712,51.156
1780415578.9760048,51.154
1780415578.9819849,51.152
1780415578.9880333,51.15
1780415578.9940205,51.148
1780415578.9999013,51.145
1780415579.0059445,51.143
1780415579.0118062,51.141
1780415579.017506,51.139
1780415579.023493,51.137
1780415579.029203,51.135
1780415579.0351267,51.133
1780415579.0408788,51.131
1780415579.0468674,51.129
1780415579.0527732,51.127
1780415579.058806,51.125
1780415579.064767,51.122
1780415579.0707886,51.121
1780415579.0767748,51.12
1780415579.0825741,51.118
1780415579.0886855,51.115
1780415579.0947692,51.114
1780415579.1006594,51.111
1780415579.106789,51.108
1780415579.1127038,51.106
1780415579.118863,51.105
1780415579.1246545,51.103
1780415579.1308239,51.102
1780415579.1368177,51.1
1780415579.1428564,51.098
1780415579.1488264,51.097
1780415579.154648,51.096
1780415579.160729,51.094
1780415579.1668513,51.092
1780415579.1727607,51.089
1780415579.1787949,51.088
1780415579.1847293,51.086
1780415579.1908033,51.084
1780415579.1967707,51.082
1780415579.202767,51.081
1780415579.2088218,51.079
1780415579.2146878,51.078
1780415579.2207353,51.076
1780415579.2267191,51.074
1780415579.2327375,51.072
1780415579.2387998,51.07
1780415579.244723,51.069
1780415579.2507956,51.067
1780415579.2568636,51.065
1780415579.2625453,51.064
1780415579.2688456,51.062
1780415579.2748063,51.06
1780415579.280801,51.059
1780415579.286651,51.057
1780415579.2927115,51.055
1780415579.2988882,51.053
1780415579.3047426,51.052
1780415579.3108242,51.05
1780415579.316842,51.049
1780415579.3226368,51.047
1780415579.3287625,51.046
1780415579.33475,51.044
1780415579.3407292,51.042
1780415579.3467066,51.04
1780415579.3527505,51.038
1780415579.3587651,51.036
1780415579.364701,51.035
1780415579.370857,51.034
1780415579.376888,51.032
1780415579.3827066,51.03
1780415579.3888078,51.029
1780415579.3947253,51.027
1780415579.4007945,51.026
1780415579.4067755,51.025
1780415579.4127371,51.023
1780415579.418744,51.021
1780415579.4246805,51.02
1780415579.430865,51.019
1780415579.4368963,51.017
1780415579.4427543,51.016
1780415579.448795,51.014
1780415579.4547062,51.013
1780415579.4608128,51.011
1780415579.466834,51.01
1780415579.4727507,51.009
1780415579.478789,51.006
1780415579.4846985,51.005
1780415579.4908237,51.003
1780415579.496863,51.002
1780415579.5027497,51.001
1780415579.5088198,51.0
1780415579.5146253,50.254
1780415579.5207856,50.252
1780415579.5268192,50.251
1780415579.5327923,50.25
1780415579.5387418,50.248
1780415579.5447388,50.247
1780415579.5507982,50.246
1780415579.5567942,50.244
1780415579.562699,50.243
1780415579.5688167,50.242
1780415579.5747006,50.24
1780415579.580768,50.239
1780415579.5866065,50.238
1780415579.5927885,50.237
1780415579.5988042,50.236
1780415579.6047955,50.235
1780415579.610613,50.233
1780415579.6168015,50.232
1780415579.6227937,50.23
1780415579.6287649,50.229
1780415579.634734,50.228
1780415579.6408532,50.226
1780415579.6466331,50.225
1780415579.652738,50.224
1780415579.658746,50.223
1780415579.664775,50.221
1780415579.6706645,50.221
1780415579.6768775,50.219
1780415579.6827307,50.218
1780415579.6888614,50.217
1780415579.6947486,50.215
1780415579.700811,50.214
1780415579.706688,50.213
1780415579.7128053,50.212
1780415579.7187898,50.21
1780415579.724766,50.209
1780415579.7308435,50.208
1780415579.736836,50.207
1780415579.7427597,50.206
1780415579.7487354,50.205
1780415579.7546804,50.204
1780415579.7608445,50.202
1780415579.7667835,50.201
1780415579.772888,50.199
1780415579.778691,50.198
1780415579.7847774,50.197
1780415579.790832,50.196
1780415579.7968528,50.195
1780415579.8028212,50.194
1780415579.8087063,50.194
1780415579.8147721,50.193
1780415579.8207345,50.191
1780415579.8267884,50.189
1780415579.83287,50.189
1780415579.8387198,50.187
1780415579.8448772,50.186
1780415579.8506117,50.185
1780415579.8568017,50.184
1780415579.8628185,50.184
1780415579.8687558,50.183
1780415579.8747256,50.181
1780415579.8806474,50.18
1780415579.886704,50.179
1780415579.8927212,50.177
1780415579.8986974,50.177
1780415579.9048204,50.176
1780415579.9108012,50.175
1780415579.9167242,50.174
1780415579.9234793,50.173
1780415579.9294963,50.172
1780415579.9354324,50.171
1780415579.9411972,50.17
1780415579.9470477,50.169
1780415579.9527967,50.167
1780415579.9586754,50.167
1780415579.9648483,50.166
1780415579.9707878,50.165
1780415579.9767892,50.164
1780415579.9827964,50.164
1780415579.9887786,50.163
1780415579.9947522,50.162
1780415580.0008276,50.161
1780415580.0067728,50.16
1780415580.0125754,50.159
1780415580.0187476,50.157
1780415580.024819,50.157
1780415580.030807,50.156
1780415580.0367782,50.155
1780415580.0428257,50.154
1780415580.048669,50.153
1780415580.0548022,50.153
1780415580.0607142,50.152
1780415580.066727,50.151
1780415580.0727782,50.15
1780415580.0787346,50.15
1780415580.0847068,50.149
1780415580.0907552,50.148
1780415580.0967574,50.147
1780415580.1026475,50.146
1780415580.1086948,50.145
1780415580.114837,50.145
1780415580.1207063,50.144
1780415580.1268804,50.144
1780415580.1326988,50.143
1780415580.1387587,50.142
1780415580.144798,50.141
1780415580.1507983,50.141
1780415580.1567705,50.14
1780415580.16275,50.14
1780415580.168774,50.138
1780415580.1747591,50.138
1780415580.180683,50.137
1780415580.1867995,50.136
1780415580.1927242,50.135
1780415580.1988018,50.134
1780415580.2046452,50.134
1780415580.2108595,50.134
1780415580.216798,50.132
1780415580.222861,50.132
1780415580.2288036,50.131
1780415580.2346594,50.13
1780415580.2406826,50.129
1780415580.2468278,50.129
1780415580.252768,50.128
1780415580.2588542,50.126
1780415580.264697,50.126
1780415580.270802,50.125
1780415580.2767875,50.125
1780415580.2828546,50.124
1780415580.2888849,50.124
1780415580.2946806,50.123
1780415580.3007596,50.122
1780415580.3068988,50.121
1780415580.3128128,50.12
1780415580.3188233,50.119
1780415580.3247614,50.119
1780415580.3307931,50.119
1780415580.3367643,50.118
1780415580.3425586,50.117
1780415580.348815,50.116
1780415580.3548026,50.116
1780415580.3607938,50.115
1780415580.3666396,50.115
1780415580.3727696,50.113
1780415580.3787284,50.112
1780415580.3847964,50.112
1780415580.390854,50.111
1780415580.396759,50.111
1780415580.4027297,50.11
1780415580.4087746,50.11
1780415580.4148242,50.11
1780415580.4208133,50.109
1780415580.426801,50.108
1780415580.4327855,50.108
1780415580.4388402,50.106
1780415580.4446983,50.106
1780415580.4508247,50.105
1780415580.4568272,50.105
1780415580.462804,50.104
1780415580.4688678,50.104
1780415580.474668,50.103
1780415580.4808273,50.103
1780415580.486751,50.102
1780415580.4928012,50.101
1780415580.4987526,50.1
1780415580.5047672,50.1
1780415580.5107784,50.099
1780415580.5167844,50.099
1780415580.5228243,50.099
1780415580.5288649,50.098
1780415580.5347524,50.098
1780415580.5407968,50.097
1780415580.5465996,50.097
1780415580.5528212,50.096
1780415580.5588741,50.095
1780415580.5648546,50.095
1780415580.5706973,50.095
1780415580.5768266,50.094
1780415580.5827012,50.093
1780415580.5888972,50.093
1780415580.5947948,50.092
1780415580.6008766,50.092
1780415580.6067402,50.091
1780415580.6127996,50.09
1780415580.6185596,50.09
1780415580.6248724,50.09
1780415580.6307957,50.09
1780415580.6368222,50.089
1780415580.6428041,50.089
1780415580.648734,50.088
1780415580.6547005,50.087
1780415580.6608093,50.087
1780415580.666739,50.086
1780415580.6728768,50.086
1780415580.6787333,50.085
1780415580.6847792,50.084
1780415580.690747,50.084
1780415580.6967945,50.083
1780415580.7027957,50.083
1780415580.7087836,50.083
1780415580.7147732,50.083
1780415580.7208462,50.082
1780415580.726775,50.082
1780415580.7328289,50.081
1780415580.7387843,50.08
1780415580.7449014,50.08
1780415580.750746,50.08
1780415580.7567043,50.079
1780415580.7627635,50.079
1780415580.768845,50.078
1780415580.7748754,50.078
1780415580.7807882,50.078
1780415580.7870474,50.077
1780415580.7928805,50.077
1780415580.7988734,50.076
1780415580.8048973,50.076
1780415580.8107667,50.075
1780415580.816842,50.075
1780415580.8228948,50.075
1780415580.8286505,50.074
1780415580.8347647,50.073
1780415580.8408344,50.073
1780415580.846824,50.072
1780415580.8527563,50.072
1780415580.8587668,50.071
1780415580.864667,50.071
1780415580.870722,50.071
1780415580.8768206,50.071
1780415580.8828528,50.07
1780415580.8888018,50.07
1780415580.8948433,50.07
1780415580.9007232,50.069
1780415580.9068072,50.069
1780415580.9125717,50.069
1780415580.918791,50.068
1780415580.924778,50.068
1780415580.930776,50.068
1780415580.9366956,50.067
1780415580.9428027,50.067
1780415580.9487364,50.067
1780415580.9549065,50.066
1780415580.9607506,50.066
1780415580.9668674,50.065
1780415580.9727592,50.065
1780415580.978794,50.064
1780415580.9847622,50.064
1780415580.990851,50.064
1780415580.996828,50.064
1780415581.0028148,50.063
1780415581.008832,50.063
1780415581.014616,50.062
1780415581.0207121,50.062
1780415581.026886,50.062
1780415581.0327964,50.061
1780415581.0388317,50.061
1780415581.0447752,50.06
1780415581.0508425,50.06
1780415581.0566466,50.06
1780415581.0627944,50.06
1780415581.068814,50.06
1780415581.0748155,50.059
1780415581.0807717,50.06
1780415581.0867715,50.059
1780415581.0927658,50.058
1780415581.098757,50.057
1780415581.1048276,50.058
1780415581.1108541,50.058
1780415581.1168866,50.058
1780415581.1229258,50.057
1780415581.1288173,50.057
1780415581.134682,50.057
1780415581.1408207,50.057
1780415581.1467712,50.057
1780415581.1528037,50.056
1780415581.158614,50.055
1780415581.1647468,50.055
1780415581.1708066,50.055
1780415581.1768641,50.055
1780415581.1828773,50.055
1780415581.1886375,50.055
1780415581.194714,50.055
1780415581.2008138,50.054
1780415581.2067769,50.054
1780415581.2128835,50.053
1780415581.218748,50.053
1780415581.2247927,50.052
1780415581.2305717,50.052
1780415581.2368684,50.052
1780415581.2429175,50.051
1780415581.2487934,50.051
1780415581.2547905,50.051
1780415581.2606707,50.051
1780415581.2667274,50.05
1780415581.2728171,50.049
1780415581.2787921,50.049
1780415581.2848644,50.048
1780415581.2907517,50.048
1780415581.296874,50.048
1780415581.302896,50.048
1780415581.3087802,50.048
1780415581.314781,50.047
1780415581.3208103,50.047
1780415581.3268075,50.047
1780415581.3326762,50.045
1780415581.338743,50.045
1780415581.3447711,50.044
1780415581.3507333,50.044
1780415581.356908,50.044
1780415581.3629665,50.044
1780415581.368702,50.043
1780415581.3748333,50.043
1780415581.3807514,50.043
1780415581.3868406,50.043
1780415581.3928165,50.042
1780415581.3988566,50.042
1780415581.4046907,50.04
1780415581.410731,50.04
1780415581.4168115,50.04
1780415581.4229465,50.039
1780415581.428789,50.039
1780415581.4348454,50.039
1780415581.4407284,50.039
1780415581.4468153,50.039
1780415581.452572,50.039
1780415581.4588196,50.038
1780415581.4648287,50.038
1780415581.4708593,50.038
1780415581.476764,50.038
1780415581.4829001,50.037
1780415581.4887884,50.036
1780415581.4948473,50.037
1780415581.5007854,50.036
1780415581.5068853,50.036
1780415581.5127754,50.035
1780415581.518865,50.035
1780415581.5246983,50.034
1780415581.5308242,50.034
1780415581.5366356,50.035
1780415581.5428064,50.035
1780415581.5487864,50.036
1780415581.5547614,50.036
1780415581.5608022,50.036
1780415581.5668235,50.037
1780415581.5727994,50.037
1780415581.5787656,50.038
1780415581.5848358,50.038
1780415581.5906713,50.038
1780415581.596729,50.038
1780415581.6027956,50.039
1780415581.6086485,50.039
1780415581.6147408,50.04
1780415581.6207988,50.04
1780415581.6267006,50.04
1780415581.6328862,50.041
1780415581.638644,50.041
1780415581.6448286,50.042
1780415581.6507804,50.042
1780415581.6568563,50.043
1780415581.6627896,50.044
1780415581.668693,50.044
1780415581.674883,50.044
1780415581.6807191,50.045
1780415581.6867914,50.046
1780415581.6926875,50.045
1780415581.698788,50.046
1780415581.7047775,50.046
1780415581.7108126,50.047
1780415581.7167501,50.047
1780415581.7228463,50.047
1780415581.7288172,50.048
1780415581.7347417,50.049
1780415581.740756,50.05
1780415581.7467823,50.05
1780415581.752836,50.05
1780415581.7587416,50.05
1780415581.7647703,50.05
1780415581.7706056,50.051
1780415581.7767298,50.051
1780415581.7826898,50.052
1780415581.7881067,50.051
1780415581.7938392,50.052
1780415581.7995908,50.052
1780415581.805623,50.053
1780415581.8114703,50.053
1780415581.817609,50.053
1780415581.8235128,50.053
1780415581.8295448,50.053
1780415581.83546,50.053
1780415581.8416934,50.053
1780415581.8476725,50.053
1780415581.8534288,50.053
1780415581.8596761,50.053
1780415581.865547,50.054
1780415581.8716211,50.054
1780415581.877498,50.054
1780415581.8836546,50.054
1780415581.8895044,50.054
1780415581.8956008,50.055
1780415581.9015355,50.055
1780415581.9075844,50.055
1780415581.913611,50.056
1780415581.919486,50.056
1780415581.9255686,50.056
1780415581.9314322,50.056
1780415581.9376225,50.056
1780415581.9434018,50.056
1780415581.9496655,50.056
1780415581.9554367,50.057
1780415581.9615939,50.057
1780415581.9675553,50.057
1780415581.9735744,50.057
1780415581.979607,50.057
1780415581.9856257,50.057
1780415581.9915714,50.056
1780415581.997455,50.056
1780415582.003571,50.055
1780415582.009539,50.054
1780415582.0155642,50.054
1780415582.0216742,50.054
1780415582.0275376,50.054
1780415582.0335536,50.053
1780415582.0395906,50.053
1780415582.0454395,50.053
1780415582.051557,50.052
1780415582.057548,50.052
1780415582.0635746,50.051
1780415582.0695524,50.052
1780415582.075553,50.052
1780415582.081511,50.051
1780415582.087618,50.05
1780415582.0935514,50.051
1780415582.0996232,50.05
1780415582.1055734,50.049
1780415582.1114376,50.049
1780415582.1175308,50.049
1780415582.1235635,50.049
1780415582.1296017,50.048
1780415582.1356845,50.049
1780415582.1415408,50.049
1780415582.1476135,50.048
1780415582.1536376,50.049
1780415582.159439,50.048
1780415582.1655602,50.048
1780415582.1715546,50.048
1780415582.177553,50.048
1780415582.183601,50.047
1780415582.1895676,50.046
1780415582.1954458,50.046
1780415582.2015638,50.046
1780415582.207434,50.046
1780415582.2130747,50.046
1780415582.2190397,50.045
1780415582.224749,50.045
1780415582.2307506,50.045
1780415582.2365592,50.044
1780415582.242527,50.044
1780415582.248347,50.044
1780415582.2543771,50.044
1780415582.2603927,50.043
1780415582.2664468,50.044
1780415582.2724116,50.043
1780415582.2782905,50.042
1780415582.2843292,50.042
1780415582.2903857,50.042
1780415582.296275,50.042
1780415582.3024583,50.041
1780415582.308346,50.041
1780415582.3144562,50.04
1780415582.320336,50.04
1780415582.3264334,50.04
1780415582.3324,50.04
1780415582.338429,50.04
1780415582.3443606,50.04
1780415582.3503883,50.039
1780415582.3563662,50.039
1780415582.3623083,50.038
1780415582.3683324,50.038
1780415582.3743753,50.037
1780415582.3803735,50.037
1780415582.3864818,50.037
1780415582.3925338,50.037
1780415582.3983452,50.036
1780415582.4044273,50.037
1780415582.4103603,50.036
1780415582.4164224,50.036
1780415582.4224477,50.035
1780415582.428391,50.035
1780415582.4343743,50.034
1780415582.440378,50.034
1780415582.4464405,50.034
1780415582.4524405,50.033
1780415582.45833,50.034
1780415582.4644408,50.033
1780415582.4703155,50.033
1780415582.476524,50.032
1780415582.482304,50.032
1780415582.488426,50.032
1780415582.494344,50.032
1780415582.5003493,50.031
1780415582.5064209,50.031
1780415582.5124402,50.03
1780415582.5184202,50.031
1780415582.5243204,50.03
1780415582.5303469,50.03
1780415582.5363982,50.03
1780415582.5423322,50.029
1780415582.5484262,50.029
1780415582.5543218,50.029
1780415582.5604596,50.029
1780415582.5663495,50.029
1780415582.5722892,50.029
1780415582.5783648,50.029
1780415582.5843313,50.029
1780415582.590433,50.028
1780415582.5963464,50.028
1780415582.6024861,50.027
1780415582.6084146,50.027
1780415582.6142797,50.027
1780415582.6204736,50.027
1780415582.6263487,50.027
1780415582.6324668,50.026
1780415582.638429,50.027
1780415582.6443162,50.026
1780415582.6504078,50.027
1780415582.656378,50.026
1780415582.6623769,50.026
1780415582.6683998,50.026
1780415582.6744387,50.026
1780415582.6802945,50.026
1780415582.6863873,50.026
1780415582.6924155,50.025
1780415582.6984122,50.025
1780415582.704584,50.025
1780415582.7104592,50.026
1780415582.71633,50.025
1780415582.7225013,50.025
1780415582.728354,50.024
1780415582.734386,50.024
1780415582.7402008,50.024
1780415582.7463953,50.025
1780415582.7523518,50.024
1780415582.758416,50.024
1780415582.764396,50.024
1780415582.7703257,50.024
1780415582.776288,50.024
1780415582.7823873,50.024
1780415582.788303,50.024
1780415582.7944682,50.023
1780415582.8003528,50.024
1780415582.8064404,50.023
1780415582.8123379,50.024
1780415582.8184135,50.023
1780415582.8244145,50.023
1780415582.8302648,50.023
1780415582.8363814,50.024
1780415582.8423824,50.024
1780415582.848401,50.023
1780415582.8544292,50.023
1780415582.860395,50.022
1780415582.8663056,50.022
1780415582.8724365,50.022
1780415582.8783226,50.022
1780415582.884369,50.023
1780415582.8903756,50.023
1780415582.8964295,50.023
1780415582.9023528,50.023
1780415582.9084883,50.023
1780415582.9143462,50.022
1780415582.920433,50.022
1780415582.926195,50.022
1780415582.9324393,50.022
1780415582.9383838,50.022
1780415582.9443865,50.022
1780415582.9503922,50.022
1780415582.9562953,50.022
1780415582.9623322,50.021
1780415582.9683962,50.021
1780415582.9742901,50.021
1780415582.9804873,50.021
1780415582.9864619,50.021
1780415582.9923975,50.021
1780415582.9984906,50.021
1780415583.004326,50.021
1780415583.0104196,50.022
1780415583.0163572,50.022
1780415583.0227852,50.022
1780415583.028517,50.022
1780415583.0344439,50.021
1780415583.0403461,50.021
1780415583.046378,50.021
1780415583.0523205,50.022
1780415583.0583394,50.021
1780415583.0643315,50.021
1780415583.0704205,50.022
1780415583.0762439,50.022
1780415583.0823932,50.022
1780415583.0882638,50.021
1780415583.0944622,50.021
1780415583.1003666,50.021
1780415583.1065009,50.021
1780415583.1123562,50.022
1780415583.118272,50.022
1780415583.1244602,50.022
1780415583.1302176,50.022
1780415583.1364229,50.022
1780415583.1424186,50.022
1780415583.1483753,50.022
1780415583.1543977,50.022
1780415583.160363,50.022
1780415583.1663969,50.021
1780415583.1723926,50.022
1780415583.1783254,50.021
1780415583.184512,50.021
1780415583.1904027,50.02
1780415583.1964986,50.021
1780415583.2023468,50.02
1780415583.2084641,50.02
1780415583.2142518,50.019
1780415583.2203622,50.019
1780415583.2264595,50.02
1780415583.2324376,50.02
1780415583.2383866,50.02
1780415583.2443156,50.02
1780415583.2503495,50.02
1780415583.2563803,50.019
1780415583.2623243,50.019
1780415583.2685122,50.019
1780415583.2743459,50.019
1780415583.280407,50.019
1780415583.2863774,50.019
1780415583.2924082,50.019
1780415583.2984135,50.019
1780415583.304372,50.019
1780415583.3103857,50.019
1780415583.3163915,50.019
1780415583.3224602,50.018
1780415583.3282962,50.018
1780415583.3343832,50.018
1780415583.340353,50.018
1780415583.3464353,50.018
1780415583.3524652,50.018
1780415583.3585052,50.018
1780415583.3643734,50.018
1780415583.3704262,50.018
1780415583.3761885,50.018
1780415583.3824825,50.018
1780415583.388372,50.018
1780415583.3944356,50.018
1780415583.4003916,50.017
1780415583.4064207,50.018
1780415583.4122825,50.018
1780415583.4184895,50.017
1780415583.4243643,50.017
1780415583.4304473,50.017
1780415583.4363477,50.017
1780415583.442504,50.017
1780415583.448315,50.017
1780415583.45444,50.016
1780415583.4603474,50.016
1780415583.4664237,50.017
1780415583.4724567,50.017
1780415583.4785054,50.016
1780415583.4844437,50.016
1780415583.4902446,50.016
1780415583.496353,50.017
1780415583.5024774,50.016
1780415583.508361,50.016
1780415583.5143962,50.015
1780415583.5203395,50.015
1780415583.526463,50.016
1780415583.5323439,50.015
1780415583.5382912,50.015
1780415583.5443656,50.015
1780415583.5503283,50.015
1780415583.5564177,50.016
1780415583.562415,50.015
1780415583.5684192,50.015
1780415583.5743027,50.015
1780415583.5803337,50.014
1780415583.5864565,50.014
1780415583.5923128,50.014
1780415583.5984259,50.014
1780415583.6044304,50.014
1780415583.610301,50.014
1780415583.6164398,50.014
1780415583.6223078,50.014
1780415583.6284237,50.014
1780415583.6343613,50.014
1780415583.640389,50.014
1780415583.646409,50.014
1780415583.6523938,50.014
1780415583.6584423,50.014
1780415583.6642778,50.014
1780415583.670369,50.014
1780415583.676399,50.014
1780415583.6822605,50.014
1780415583.68869,50.015
1780415583.6945393,50.014
1780415583.700451,50.014
1780415583.7063568,50.014
1780415583.7124453,50.014
1780415583.7182426,50.014
1780415583.724451,50.014
1780415583.730419,50.014
1780415583.7364185,50.014
1780415583.7424095,50.014
1780415583.7483358,50.014
1780415583.754383,50.014
1780415583.7603924,50.014
1780415583.7663105,50.014
1780415583.772463,50.014
1780415583.7784169,50.014
1780415583.7843714,50.014
1780415583.7904348,50.014
1780415583.7963302,50.015
1780415583.8023708,50.014
1780415583.808215,50.014
1780415583.8143914,50.014
1780415583.8203762,50.013
1780415583.826387,50.014
1780415583.832413,50.014
1780415583.8384619,50.014
1780415583.8443806,50.014
1780415583.850408,50.013
1780415583.8562868,50.014
1780415583.8624625,50.013
1780415583.8683524,50.013
1780415583.874455,50.013
1780415583.8803608,50.012
1780415583.886443,50.012
1780415583.8922703,50.012
1780415583.8984244,50.012
1780415583.9044,50.013
1780415583.9103785,50.013
1780415583.9163818,50.013
1780415583.9224093,50.013
1780415583.9284196,50.012
1780415583.9343832,50.012
1780415583.9403396,50.012
1780415583.946387,50.012
1780415583.9524019,50.012
1780415583.9584243,50.012
1780415583.964431,50.012
1780415583.9704041,50.012
1780415583.976466,50.012
1780415583.982287,50.012
1780415583.9884388,50.012
1780415583.9944267,50.012
1780415584.0003831,50.012
1780415584.006455,50.012
1780415584.0124247,50.012
1780415584.0182714,50.013
1780415584.0242882,50.012
1780415584.0303323,50.012
1780415584.0363986,50.012
1780415584.0423281,50.012
1780415584.0484746,50.012
1780415584.0543468,50.012
1780415584.060424,50.012
1780415584.066348,50.012
1780415584.0724351,50.013
1780415584.0783157,50.014
1780415584.0842361,50.014
1780415584.0904582,50.014
1780415584.0964618,50.013
1780415584.1023695,50.012
1780415584.108378,50.013
1780415584.1143882,50.013
1780415584.1203957,50.013
1780415584.1263752,50.013
1780415584.132365,50.014
1780415584.1384246,50.014
1780415584.144404,50.014
1780415584.1503952,50.014
1780415584.1562872,50.014
1780415584.1624272,50.015
1780415584.16836,50.015
1780415584.174423,50.014
1780415584.180358,50.014
1780415584.186436,50.014
1780415584.1922843,50.014
1780415584.198451,50.014
1780415584.204449,50.014
1780415584.2103944,50.014
1780415584.2163985,50.015
1780415584.2224038,50.014
1780415584.2283723,50.014
1780415584.234281,50.014
1780415584.2403364,50.014
1780415584.2463603,50.014
1780415584.2522888,50.014
1780415584.2584689,50.014
1780415584.2645404,50.014
1780415584.2703807,50.014
1780415584.2764773,50.014
1780415584.2823126,50.014
1780415584.2884574,50.014
1780415584.294329,50.014
1780415584.300425,50.014
1780415584.3064013,50.014
1780415584.3123846,50.014
1780415584.3183694,50.014
1780415584.3244302,50.014
1780415584.3303583,50.014
1780415584.3364184,50.014
1780415584.3422642,50.014
1780415584.348418,50.014
1780415584.3543754,50.014
1780415584.3603902,50.013
1780415584.3663666,50.013
1780415584.3724334,50.013
1780415584.3783035,50.013
1780415584.3844202,50.013
1780415584.3903928,50.013
1780415584.3964489,50.014
1780415584.402424,50.014
1780415584.4083538,50.014
1780415584.4143875,50.013
1780415584.4202566,50.013
1780415584.426302,50.013
1780415584.4324043,50.013
1780415584.438379,50.013
1780415584.4444175,50.013
1780415584.4505055,50.014
1780415584.4563887,50.013
1780415584.462463,50.013
1780415584.4683118,50.013
1780415584.4744077,50.013
1780415584.4803615,50.013
1780415584.486373,50.013
1780415584.4924533,50.013
1780415584.4984426,50.013
1780415584.5044394,50.013
1780415584.510342,50.013
1780415584.5163763,50.013
1780415584.5224435,50.013
1780415584.5282505,50.013
1780415584.5339355,50.013
1780415584.5399344,50.013
1780415584.5459127,50.012
1780415584.5519416,50.012
1780415584.5578027,50.013
1780415584.5639367,50.013
1780415584.5703266,50.013
1780415584.5764227,50.013
1780415584.5822303,50.013
1780415584.5884411,50.013
1780415584.5943866,50.013
1780415584.6003664,50.013
1780415584.606418,50.012
1780415584.6123946,50.012
1780415584.6185036,50.013
1780415584.6245158,50.013
1780415584.6304142,50.013
1780415584.6363513,50.013
1780415584.6423995,50.013
1780415584.6484017,50.013
1780415584.6543903,50.012
1780415584.6604235,50.012
1780415584.6663463,50.012
1780415584.6724615,50.013
1780415584.6782658,50.013
1780415584.68429,50.012
1780415584.6904907,50.013
1780415584.69644,50.013
1780415584.7025056,50.013
1780415584.7084098,50.013
1780415584.7144108,50.012
1780415584.7203748,50.011
1780415584.7264063,50.011
1780415584.7324054,50.011
1780415584.7383432,50.012
1780415584.744273,50.012
1780415584.749981,50.012
1780415584.7559414,50.012
1780415584.7618012,50.012
1780415584.7679212,50.011
1780415584.7739103,50.011
1780415584.7798808,50.011
1780415584.785973,50.01
1780415584.7918737,50.01
1780415584.7976913,50.01
1780415584.8036196,50.011
1780415584.8095834,50.01
1780415584.8154476,50.011
1780415584.8213322,50.011
1780415584.8272665,50.011
1780415584.833173,50.01
1780415584.8393507,50.01
1780415584.8451533,50.01
1780415584.8512268,50.01
1780415584.8572013,50.01
1780415584.8632627,50.01
1780415584.8693483,50.01
1780415584.8751853,50.009
1780415584.8812668,50.009
1780415584.8870485,50.009
1780415584.8932984,50.009
1780415584.8992565,50.009
1780415584.9052424,50.009
1780415584.9112334,50.008
1780415584.9172087,50.009
1780415584.9231048,50.008
1780415584.9293122,50.008
1780415584.9352038,50.008
1780415584.9412606,50.008
1780415584.9471083,50.008
1780415584.9532669,50.008
1780415584.9593036,50.007
1780415584.9653049,50.007
1780415584.9711764,50.007
1780415584.9772995,50.007
1780415584.983089,50.007
1780415584.9892359,50.007
1780415584.9952278,50.007
1780415585.001258,50.007
1780415585.00721,50.007
1780415585.0131946,50.007
1780415585.0193636,50.007
1780415585.0251184,50.007
1780415585.031226,50.006
1780415585.0370708,50.006
1780415585.0431125,50.006
1780415585.0491962,50.006
1780415585.0553122,50.006
1780415585.061195,50.005
1780415585.0672164,50.005
1780415585.073188,50.006
1780415585.0793285,50.007
1780415585.085087,50.006
1780415585.091278,50.006
1780415585.0970995,50.005
1780415585.1033394,50.005
1780415585.109135,50.004
1780415585.1151752,50.005
1780415585.1212697,50.005
1780415585.1270227,50.005
1780415585.133301,50.005
1780415585.1392126,50.005
1780415585.1451988,50.005
1780415585.1512456,50.005
1780415585.1572459,50.005
1780415585.1630828,50.005
1780415585.1692488,50.005
1780415585.1751416,50.005
1780415585.1812077,50.005
1780415585.1871383,50.005
1780415585.1932566,50.005
1780415585.1992776,50.005
1780415585.2052948,50.004
1780415585.2112026,50.004
1780415585.2172399,50.004
1780415585.2230701,50.004
1780415585.2292645,50.004
1780415585.2352352,50.003
1780415585.2412815,50.004
1780415585.2472582,50.004
1780415585.2531674,50.003
1780415585.2592137,50.003
1780415585.2650585,50.002
1780415585.271163,50.002
1780415585.2772183,50.002
1780415585.283122,50.002
1780415585.2892892,50.002
1780415585.2952635,50.002
1780415585.301169,50.002
1780415585.3072886,50.002
1780415585.3132052,50.001
1780415585.319274,50.001
1780415585.3250895,50.001
1780415585.3312263,50.001
1780415585.3372154,50.001
1780415585.343251,50.001
1780415585.3492513,50.001
1780415585.3552353,50.001
1780415585.3611891,50.001
1780415585.367099,50.002
1780415585.3731909,50.001
1780415585.3792567,50.001
1780415585.3851564,50.001
1780415585.391178,50.001
1780415585.3972163,50.0
1780415585.4032502,50.001
1780415585.4092095,50.001
1780415585.4150867,50.0
1780415585.4212751,50.0
1780415585.4270558,50.001
1780415585.4332042,50.0
1780415585.439342,50.0
1780415585.4453046,50.0
1780415585.451266,50.0
1780415585.4572434,50.0
1780415585.4630854,50.0
1780415585.4692392,50.0
1780415585.4752514,50.0
1780415585.481218,50.0
1780415585.487136,49.255
1780415585.4933174,50.0
1780415585.4992046,49.255
1780415585.5052626,49.255
1780415585.5112553,49.254
1780415585.5173228,49.254
1780415585.5231793,49.254
1780415585.52926,49.254
1780415585.5352793,49.254
1780415585.541267,49.254
1780415585.547286,49.253
1780415585.5532007,49.254
1780415585.5593493,49.254
1780415585.5652413,49.254
1780415585.5712073,49.253
1780415585.577108,49.253
1780415585.5832353,49.253
1780415585.5892825,49.253
1780415585.5952969,49.253
1780415585.6011555,49.253
1780415585.607278,49.253
1780415585.6132076,49.253
1780415585.6192691,49.253
1780415585.62522,49.253
1780415585.6312246,49.253
1780415585.6370683,49.253
1780415585.6432166,49.253
1780415585.6492763,49.253
1780415585.6553488,49.252
1780415585.6613803,49.253
1780415585.6672077,49.253
1780415585.6732082,49.253
1780415585.679163,49.253
1780415585.6851935,49.253
1780415585.6910522,49.252
1780415585.6971624,49.252
1780415585.703271,49.253
1780415585.7091782,49.253
1780415585.7152336,49.252
1780415585.721312,49.253
1780415585.7272046,49.253
1780415585.7333286,49.253
1780415585.7391658,49.253
1780415585.7452736,49.253
1780415585.7510846,49.252
1780415585.757263,49.252
1780415585.763233,49.252
1780415585.76922,49.252
1780415585.775231,49.252
1780415585.7813194,49.252
1780415585.7872763,49.252
1780415585.7931402,49.252
1780415585.7992349,49.252
1780415585.8052797,49.252
1780415585.8111784,49.252
1780415585.8173535,49.252
1780415585.8232656,49.251
1780415585.829279,49.251
1780415585.8352368,49.251
1780415585.8411725,49.251
1780415585.847318,49.251
1780415585.8530903,49.251
1780415585.8592014,49.251
1780415585.8652577,49.251
1780415585.8712761,49.251
1780415585.877193,49.251
1780415585.8832605,49.252
1780415585.8891947,49.251
1780415585.8952563,49.251
1780415585.9012187,49.251
1780415585.907076,49.251
1780415585.913168,49.251
1780415585.9192986,49.25
1780415585.9252372,49.251
1780415585.9313016,49.25
1780415585.9372141,49.25
1780415585.9433014,49.25
1780415585.9492142,49.25
1780415585.955189,49.25
1780415585.9612505,49.25
1780415585.9670215,49.25
1780415585.9732842,49.25
1780415585.9792,49.25
1780415585.985225,49.249
1780415585.9912543,49.25
1780415585.9972012,49.25
1780415586.003113,49.249
1780415586.0092297,49.25
1780415586.0151567,49.25
1780415586.0206592,49.25
1780415586.0271118,49.25
1780415586.0333247,49.25
1780415586.039232,49.25
1780415586.0453293,49.25
1780415586.0511732,49.25
1780415586.0573096,49.25
1780415586.063165,49.25
1780415586.0692885,49.25
1780415586.075099,49.251
1780415586.0810168,49.251
1780415586.0867531,49.251
1780415586.0926456,49.251
1780415586.098411,49.25
1780415586.1044004,49.25
1780415586.110233,49.25
1780415586.116206,49.25
1780415586.122029,49.25
1780415586.1280408,49.25
1780415586.1340573,49.251
1780415586.1401925,49.251
1780415586.1461318,49.251
1780415586.1518695,49.252
1780415586.1580012,49.252
1780415586.164011,49.252
1780415586.1699636,49.252
1780415586.176076,49.251
1780415586.1820424,49.251
1780415586.188049,49.251
1780415586.194031,49.252
1780415586.2000742,49.251
1780415586.2060769,49.252
1780415586.2119398,49.251
1780415586.218019,49.251
1780415586.22388,49.252
1780415586.2300365,49.252
1780415586.235906,49.252
1780415586.242043,49.253
1780415586.2479184,49.254
1780415586.2540224,50.001
1780415586.2599027,50.003
1780415586.2659764,50.002
1780415586.272049,50.002
1780415586.2779348,50.002
1780415586.284051,50.003
1780415586.2899566,50.004
1780415586.2960215,50.004
1780415586.3019547,50.004
1780415586.3079944,50.005
1780415586.3139365,50.006
1780415586.320026,50.006
1780415586.3260508,50.006
1780415586.3319504,50.006
1780415586.3380456,50.007
1780415586.3438792,50.006
1780415586.3500295,50.005
1780415586.356033,50.005
1780415586.362035,50.005
1780415586.3680696,50.006
1780415586.3740685,50.006
1780415586.3800051,50.007
1780415586.3858263,50.012
1780415586.3911924,50.019
1780415586.396531,50.024
1780415586.4017713,50.03
1780415586.4073532,50.034
1780415586.4125836,50.039
1780415586.4181476,50.045
1780415586.4233723,50.047
1780415586.4288964,50.051
1780415586.434137,50.057
1780415586.439734,50.06
1780415586.4449651,50.066
1780415586.450543,50.071
1780415586.4557898,50.072
1780415586.4613776,50.077
1780415586.4668024,50.082
1780415586.4720962,50.087
1780415586.4773362,50.091
1780415586.4829004,50.093
1780415586.4881344,50.101
1780415586.4937513,50.102
1780415586.4989815,50.107
1780415586.5044909,50.112
1780415586.5097134,50.116
1780415586.5152981,50.119
1780415586.5205185,50.125
1780415586.5262117,50.129
1780415586.5316155,50.131
1780415586.5368998,50.135
1780415586.5421345,50.14
1780415586.5477514,50.143
1780415586.552986,50.147
1780415586.5585582,50.153
1780415586.5637908,50.155
1780415586.569346,50.159
1780415586.5745747,50.164
1780415586.5801523,50.167
1780415586.5853784,50.171
1780415586.5909226,50.175
1780415586.5961614,50.18
1780415586.6017165,50.182
1780415586.606952,50.186
1780415586.6125152,50.19
1780415586.6177511,50.194
1780415586.6232998,50.197
1780415586.62867,50.203
1780415586.634151,50.204
1780415586.6393769,50.208
1780415586.6449091,50.212
1780415586.6501515,50.216
1780415586.6557355,50.219
1780415586.6609719,50.223
1780415586.6665578,50.228
1780415586.671784,50.23
1780415586.677305,50.233
1780415586.682531,50.238
1780415586.6880903,50.24
1780415586.6933184,50.244
1780415586.6988947,50.25
1780415586.7041407,50.252
1780415586.7097516,50.254
1780415586.7149687,51.002
1780415586.720501,51.006
1780415586.7257223,51.009
1780415586.7313066,51.011
1780415586.7365515,51.018
1780415586.7421024,51.018
1780415586.7473204,51.023
1780415586.7529569,51.026
1780415586.7581758,51.029
1780415586.7637067,51.032
1780415586.768943,51.038
1780415586.7745605,51.04
1780415586.7798016,51.042
1780415586.7853403,51.045
1780415586.7905724,51.049
1780415586.7961442,51.052
1780415586.8013752,51.054
1780415586.80696,51.061
1780415586.8121831,51.061
1780415586.8177516,51.065
1780415586.8229883,51.068
1780415586.8285072,51.071
1780415586.8337321,51.075
1780415586.8393211,51.078
1780415586.844564,51.082
1780415586.8501573,51.083
1780415586.855381,51.087
1780415586.8608997,51.09
1780415586.8661232,51.093
1780415586.8718226,51.096
1780415586.8772464,51.101
1780415586.8825507,51.101
1780415586.8877733,51.105
1780415586.893308,51.108
1780415586.8985329,51.111
1780415586.9041524,51.114
1780415586.909383,51.117
1780415586.9149463,51.121
1780415586.920171,51.122
1780415586.9257402,51.125
1780415586.9309757,51.129
1780415586.9365506,51.131
1780415586.9417775,51.134
1780415586.9472978,51.139
1780415586.9525397,51.139
1780415586.958177,51.143
1780415586.9635901,51.146
1780415586.968941,51.149
1780415586.9741657,51.153
1780415586.9797645,51.155
1780415586.9850094,51.159
1780415586.9905057,51.158
1780415586.9957275,51.163
1780415587.0013561,51.165
1780415587.0065897,51.168
1780415587.0121055,51.171
1780415587.017343,51.173
1780415587.022966,51.177
1780415587.028155,51.177
1780415587.0337389,51.179
1780415587.038969,51.183
1780415587.0445476,51.186
1780415587.0497756,51.189
1780415587.055358,51.192
1780415587.060599,51.195
1780415587.0661497,51.196
1780415587.0713809,51.198
1780415587.0769637,51.201
1780415587.0821865,51.204
1780415587.087717,51.206
1780415587.092952,51.211
1780415587.09853,51.212
1780415587.1037571,51.214
1780415587.109329,51.216
1780415587.114558,51.219
1780415587.120118,51.221
1780415587.1253507,51.225
1780415587.1309824,51.228
1780415587.1363978,51.228
1780415587.1416943,51.231
1780415587.1469283,51.234
1780415587.152506,51.236
1780415587.1577363,51.239
1780415587.1633549,51.242
1780415587.1686041,51.244
1780415587.1741424,51.245
1780415587.1793597,51.248
1780415587.1849105,51.25
1780415587.190141,51.253
1780415587.1957455,51.254
1780415587.200986,52.003
1780415587.2065105,52.002
1780415587.2117426,52.006
1780415587.2175763,51.254
1780415587.2239773,51.249
1780415587.2299602,51.246
1780415587.235949,51.245
1780415587.241692,51.243
1780415587.2476013,51.242
1780415587.2536614,51.241
1780415587.2595692,51.24
1780415587.2656558,51.238
1780415587.2714207,51.237
1780415587.2777033,51.234
1780415587.2836046,51.232
1780415587.2896702,51.229
1780415587.2956557,51.226
1780415587.3016677,51.224
1780415587.3075519,51.221
1780415587.3136766,51.218
1780415587.319625,51.216
1780415587.3256707,51.213
1780415587.3315067,51.211
1780415587.3376303,51.208
1780415587.3436577,51.206
1780415587.3497531,51.204
1780415587.355693,51.201
1780415587.361521,51.198
1780415587.3675876,51.196
1780415587.3736248,51.193
1780415587.379585,51.191
1780415587.3856602,51.188
1780415587.3915744,51.186
1780415587.3975787,51.184
1780415587.4037015,51.182
1780415587.4096909,51.18
1780415587.4156868,51.178
1780415587.42158,51.175
1780415587.4275749,51.173
1780415587.433675,51.171
1780415587.4395995,51.168
1780415587.4456658,51.166
1780415587.4516225,51.163
1780415587.4576287,51.161
1780415587.4634752,51.16
1780415587.469783,51.158
1780415587.4757724,51.155
1780415587.481609,51.154
1780415587.4875937,51.152
1780415587.4936216,51.15
1780415587.4994974,51.147
1780415587.5056841,51.145
1780415587.511627,51.142
1780415587.5176637,51.141
1780415587.523571,51.138
1780415587.5294688,51.137
1780415587.5356243,51.135
1780415587.54169,51.132
1780415587.5476608,51.131
1780415587.5535388,51.128
1780415587.5595682,51.126
1780415587.5656216,51.124
1780415587.571588,51.121
1780415587.5776896,51.12
1780415587.5836306,51.118
1780415587.5895443,51.115
1780415587.5956483,51.114
1780415587.601674,51.113
1780415587.6076717,51.11
1780415587.6136003,51.109
1780415587.619607,51.106
1780415587.6256254,51.104
1780415587.6315434,51.102
1780415587.6376889,51.101
1780415587.6436546,51.099
1780415587.6496239,51.097
1780415587.655668,51.095
1780415587.6616478,51.094
1780415587.667607,51.092
1780415587.6737132,51.09
1780415587.6796885,51.088
1780415587.6855056,51.086
1780415587.691584,51.084
1780415587.69763,51.082
1780415587.7036574,51.08
1780415587.709665,51.078
1780415587.7157085,51.076
1780415587.7215168,51.075
1780415587.7275956,51.074
1780415587.73362,51.072
1780415587.7396004,51.07
1780415587.7455752,51.068
1780415587.7516167,51.066
1780415587.7576642,51.064
1780415587.7635963,51.062
1780415587.7695742,51.061
1780415587.7756734,51.06
1780415587.781614,51.058
1780415587.787648,51.057
1780415587.7936616,51.054
1780415587.799636,51.053
1780415587.8056672,51.051
1780415587.811679,51.049
1780415587.8175225,51.048
1780415587.8236318,51.046
1780415587.8296561,51.045
1780415587.835657,51.044
1780415587.841617,51.042
1780415587.8476856,51.04
1780415587.853529,51.038
1780415587.8596,51.037
1780415587.865662,51.036
1780415587.8716393,51.034
1780415587.8775985,51.033
1780415587.8836453,51.031
1780415587.8895905,51.03
1780415587.8957198,51.028
1780415587.9014704,51.027
1780415587.9076536,51.026
1780415587.9135728,51.025
1780415587.919638,51.023
1780415587.925521,51.021
1780415587.9316843,51.02
1780415587.937493,51.019
1780415587.9436433,51.017
1780415587.9497137,51.016
1780415587.9555635,51.014
1780415587.9616382,51.014
1780415587.9674022,51.013
1780415587.973675,51.012
1780415587.979687,51.01
1780415587.9856725,51.009
1780415587.9915261,51.008
1780415587.99757,51.007
1780415588.0036342,51.006
1780415588.0096605,51.004
1780415588.0156221,51.003
1780415588.0216787,51.001
1780415588.0275762,51.0
1780415588.0336597,50.255
1780415588.0396245,50.253
1780415588.0456662,50.252
1780415588.0516295,50.25
1780415588.0576272,50.249
1780415588.0635228,50.249
1780415588.069739,50.247
1780415588.0756173,50.246
1780415588.0816083,50.245
1780415588.0874944,50.243
1780415588.0936503,50.241
1780415588.0994856,50.239
1780415588.1056812,50.238
1780415588.1116338,50.237
1780415588.1176646,50.236
1780415588.1235125,50.236
1780415588.1296418,50.235
1780415588.1356313,50.233
1780415588.141693,50.232
1780415588.1476643,50.231
1780415588.1535292,50.23
1780415588.1595826,50.229
1780415588.1656024,50.228
1780415588.1719127,50.226
1780415588.1778398,50.225
1780415588.1836793,50.225
1780415588.1895714,50.223
1780415588.1956575,50.222
1780415588.2016616,50.22
1780415588.2076113,50.22
1780415588.2136564,50.219
1780415588.2196007,50.217
1780415588.225513,50.216
1780415588.231577,50.214
1780415588.2377248,50.213
1780415588.243653,50.212
1780415588.2496312,50.211
1780415588.2556624,50.21
1780415588.2615108,50.209
1780415588.2676103,50.208
1780415588.2736473,50.207
1780415588.279645,50.207
1780415588.2855926,50.205
1780415588.291625,50.204
1780415588.2976692,50.203
1780415588.3036807,50.202
1780415588.309707,50.2
1780415588.3157547,50.199
1780415588.321591,50.199
1780415588.3276412,50.197
1780415588.3334222,50.197
1780415588.3396661,50.195
1780415588.3456373,50.194
1780415588.3516402,50.192
1780415588.3575246,50.192
1780415588.3636374,50.191
1780415588.3699117,50.189
1780415588.37575,50.188
1780415588.381598,50.187
1780415588.3876815,50.187
1780415588.393559,50.186
1780415588.399611,50.184
1780415588.405651,50.184
1780415588.4116795,50.183
1780415588.4176621,50.182
1780415588.4237165,50.18
1780415588.4297369,50.179
1780415588.43565,50.178
1780415588.4414709,50.177
1780415588.4478223,50.176
1780415588.453723,50.175
1780415588.4596708,50.174
1780415588.4656074,50.173
1780415588.4716184,50.172
1780415588.4774234,50.171
1780415588.4837058,50.171
1780415588.4897442,50.169
1780415588.4956632,50.169
1780415588.5016828,50.168
1780415588.507639,50.167
1780415588.5135782,50.166
1780415588.5196345,50.165
1780415588.525561,50.164
1780415588.5316505,50.163
1780415588.5376348,50.162
1780415588.5436642,50.161
1780415588.5497646,50.16
1780415588.5554051,50.159
1780415588.5616677,50.158
1780415588.5676613,50.158
1780415588.573661,50.157
1780415588.5795233,50.155
1780415588.5855997,50.154
1780415588.591621,50.154
1780415588.5976002,50.153
1780415588.6037238,50.152
1780415588.6098065,50.151
1780415588.6156118,50.151
1780415588.6217036,50.15
1780415588.6276197,50.149
1780415588.633624,50.148
1780415588.6396894,50.147
1780415588.6456733,50.145
1780415588.651518,50.144
1780415588.6575892,50.143
1780415588.6637042,50.143
1780415588.6698897,50.142
1780415588.6757612,50.141
1780415588.681684,50.141
1780415588.6875994,50.14
1780415588.6936915,50.139
1780415588.6994252,50.138
1780415588.7057323,50.137
1780415588.7115939,50.136
1780415588.7177107,50.135
1780415588.72362,50.135
1780415588.729676,50.133
1780415588.735624,50.133
1780415588.7416277,50.132
1780415588.7475815,50.131
1780415588.7536788,50.13
1780415588.7595925,50.129
1780415588.7657235,50.128
1780415588.771574,50.127
1780415588.7776096,50.126
1780415588.7836401,50.126
1780415588.7897453,50.125
1780415588.7957528,50.124
1780415588.8016112,50.123
1780415588.8076031,50.123
1780415588.8136861,50.122
1780415588.8196058,50.121
1780415588.8256965,50.12
1780415588.8316245,50.119
1780415588.8377311,50.118
1780415588.8435981,50.118
1780415588.849666,50.116
1780415588.855709,50.116
1780415588.8615997,50.115
1780415588.8676403,50.114
1780415588.8735688,50.114
1780415588.8796313,50.112
1780415588.8856401,50.112
1780415588.8916025,50.111
1780415588.8976812,50.11
1780415588.903639,50.109
1780415588.909731,50.109
1780415588.9156961,50.108
1780415588.9215171,50.107
1780415588.9276564,50.107
1780415588.9336636,50.107
1780415588.9396846,50.105
1780415588.9455907,50.105
1780415588.9516377,50.104
1780415588.9576232,50.103
1780415588.9636178,50.102
1780415588.9697034,50.101
1780415588.9756773,50.101
1780415588.9816086,50.1
1780415588.9876347,50.1
1780415588.993453,50.099
1780415588.9997003,50.098
1780415589.0056748,50.097
1780415589.0116694,50.097
1780415589.017596,50.096
1780415589.0235965,50.096
1780415589.0297334,50.095
1780415589.0356328,50.094
1780415589.0415173,50.093
1780415589.0477386,50.093
1780415589.0536716,50.092
1780415589.0597007,50.091
1780415589.0655131,50.09
1780415589.071626,50.09
1780415589.0775876,50.09
1780415589.0835564,50.089
1780415589.0896385,50.089
1780415589.095616,50.089
1780415589.1016169,50.088
1780415589.1076536,50.087
1780415589.1136036,50.086
1780415589.1196747,50.086
1780415589.1255386,50.085
1780415589.1317728,50.084
1780415589.137623,50.084
1780415589.143728,50.084
1780415589.1496081,50.084
1780415589.1555328,50.083
1780415589.1616187,50.083
1780415589.1676323,50.082
1780415589.173614,50.082
1780415589.1796622,50.081
1780415589.1856294,50.08
1780415589.191488,50.079
1780415589.1975555,50.079
1780415589.203692,50.078
1780415589.2096503,50.078
1780415589.2155993,50.077
1780415589.2217495,50.077
1780415589.2275336,50.077
1780415589.2336307,50.076
1780415589.239625,50.075
1780415589.2456644,50.074
1780415589.2516026,50.074
1780415589.2576041,50.073
1780415589.263623,50.073
1780415589.2696965,50.072
1780415589.2756245,50.071
1780415589.2816823,50.071
1780415589.287608,50.071
1780415589.293691,50.07
1780415589.2995021,50.069
1780415589.3056064,50.069
1780415589.3116484,50.068
1780415589.3176284,50.068
1780415589.3236277,50.068
1780415589.329688,50.067
1780415589.3356419,50.067
1780415589.341608,50.066
1780415589.3476546,50.065
1780415589.3536503,50.065
1780415589.3596349,50.065
1780415589.365699,50.064
1780415589.3715017,50.064
1780415589.3777235,50.063
1780415589.383623,50.063
1780415589.3897614,50.062
1780415589.395763,50.062
1780415589.4015784,50.061
1780415589.407581,50.061
1780415589.4136438,50.06
1780415589.4196618,50.06
1780415589.4257095,50.059
1780415589.4315917,50.059
1780415589.4377916,50.058
1780415589.4435356,50.058
1780415589.449684,50.058
1780415589.4556613,50.057
1780415589.4616811,50.057
1780415589.4676282,50.056
1780415589.4736044,50.056
1780415589.4796386,50.055
1780415589.4856684,50.055
1780415589.491556,50.054
1780415589.4977083,50.054
1780415589.5036602,50.053
1780415589.5097234,50.053
1780415589.5156903,50.052
1780415589.5215123,50.052
1780415589.527721,50.052
1780415589.5336266,50.051
1780415589.5396044,50.05
1780415589.5456378,50.05
1780415589.5516422,50.049
1780415589.557481,50.048
1780415589.5635412,50.048
1780415589.569641,50.048
1780415589.5756748,50.048
1780415589.5815659,50.048
1780415589.5877001,50.047
1780415589.5934951,50.047
1780415589.5995972,50.047
1780415589.6056912,50.046
1780415589.611628,50.045
1780415589.6176214,50.045
1780415589.6235914,50.045
1780415589.6295762,50.045
1780415589.6356773,50.044
1780415589.6416132,50.044
1780415589.6476996,50.044
1780415589.6535726,50.043
1780415589.6596987,50.043
1780415589.6654909,50.042
1780415589.6716974,50.042
1780415589.6775897,50.042
1780415589.683651,50.041
1780415589.6896122,50.041
1780415589.6956284,50.041
1780415589.7016008,50.04
1780415589.7076414,50.04
1780415589.7135162,50.04
1780415589.7197406,50.039
1780415589.7256095,50.039
1780415589.7316604,50.038
1780415589.73762,50.038
1780415589.7437103,50.038
1780415589.749697,50.038
1780415589.7555804,50.037
1780415589.76163,50.037
1780415589.7676508,50.036
1780415589.7736704,50.036
1780415589.7795107,50.036
1780415589.7856147,50.035
1780415589.7917523,50.035
1780415589.7976615,50.034
1780415589.803713,50.034
1780415589.8096085,50.034
1780415589.8155117,50.033
1780415589.8216996,50.033
1780415589.827632,50.033
1780415589.833688,50.033
1780415589.8396342,50.032
1780415589.8456738,50.032
1780415589.8515482,50.031
1780415589.8576033,50.03
1780415589.8636808,50.03
1780415589.8696883,50.03
1780415589.8757362,50.029
1780415589.881675,50.029
1780415589.8876436,50.029
1780415589.8936517,50.029
1780415589.8995004,50.028
1780415589.9056156,50.027
1780415589.911684,50.027
1780415589.9176693,50.026
1780415589.9236486,50.026
1780415589.9296966,50.027
1780415589.935727,50.025
1780415589.941643,50.025
1780415589.9475534,50.025
1780415589.9537563,50.025
1780415589.9596157,50.024
1780415589.9656808,50.024
1780415589.9715984,50.023
1780415589.9776387,50.023
1780415589.9837496,50.023
1780415589.98982,50.023
1780415589.9958308,50.022
1780415590.001622,50.022
1780415590.0076165,50.022
1780415590.0135286,50.022
1780415590.01956,50.02
1780415590.0257022,50.02
1780415590.031617,50.02
1780415590.0377443,50.02
1780415590.0436387,50.019
1780415590.0497026,50.019
1780415590.0557141,50.019
1780415590.0616617,50.019
1780415590.0675383,50.019
1780415590.073687,50.019
1780415590.0795903,50.019
1780415590.08563,50.019
1780415590.0915864,50.018
1780415590.0976384,50.017
1780415590.103646,50.017
1780415590.109547,50.018
1780415590.1157184,50.017
1780415590.1215937,50.017
1780415590.1276424,50.017
1780415590.1335864,50.017
1780415590.1396725,50.017
1780415590.145594,50.017
1780415590.1516833,50.017
1780415590.1575005,50.017
1780415590.16369,50.016
1780415590.1696703,50.016
1780415590.1757834,50.015
1780415590.1817656,50.016
1780415590.1875799,50.016
1780415590.1936462,50.015
1780415590.1996944,50.015
1780415590.2056007,50.014
1780415590.2116816,50.014
1780415590.217633,50.014
1780415590.2236817,50.013
1780415590.2296631,50.013
1780415590.2356057,50.013
1780415590.241656,50.013
1780415590.247605,50.013
1780415590.253624,50.012
1780415590.2596848,50.012
1780415590.265658,50.012
1780415590.2715993,50.011
1780415590.2776387,50.011
1780415590.2837071,50.011
1780415590.289962,50.011
1780415590.2959716,50.01
1780415590.301878,50.011
1780415590.307714,50.01
1780415590.3137121,50.01
1780415590.3195765,50.009
1780415590.3256347,50.01
1780415590.331497,50.009
1780415590.337639,50.008
1780415590.3436618,50.008
1780415590.349713,50.008
1780415590.3556576,50.008
1780415590.3614705,50.008
1780415590.3675742,50.007
1780415590.373659,50.007
1780415590.3795457,50.007
1780415590.3856885,50.007
1780415590.3916032,50.007
1780415590.3976603,50.007
1780415590.4035714,50.007
1780415590.4096727,50.006
1780415590.4156272,50.006
1780415590.4216375,50.007
1780415590.427624,50.006
1780415590.433662,50.006
1780415590.4396522,50.006
1780415590.4455385,50.006
1780415590.4516098,50.005
1780415590.4576507,50.004
1780415590.4635396,50.004
1780415590.4697845,50.004
1780415590.475641,50.004
1780415590.4816263,50.004
1780415590.4877534,50.004
1780415590.4935236,50.004
1780415590.4996412,50.004
1780415590.5056355,50.004
1780415590.511647,50.004
1780415590.5176253,50.004
1780415590.523641,50.003
1780415590.5295658,50.004
1780415590.5356483,50.004
1780415590.541609,50.003
1780415590.5476625,50.003
1780415590.5535116,50.003
1780415590.5597703,50.003
1780415590.5656066,50.003
1780415590.571676,50.002
1780415590.5775747,50.002
1780415590.5836234,50.002
1780415590.589782,50.002
1780415590.595786,50.002
1780415590.6017509,50.002
1780415590.60762,50.002
1780415590.6136205,50.002
1780415590.619484,50.001
1780415590.6255932,50.001
1780415590.6316278,50.001
1780415590.6376085,50.0
1780415590.643674,50.0
1780415590.649613,50.0
1780415590.6557257,50.0
1780415590.661748,50.0
1780415590.6675584,50.0
1780415590.6736515,50.0
1780415590.6794598,50.0
1780415590.6857133,50.0
1780415590.691712,50.0
1780415590.6977086,50.0
1780415590.7036247,50.0
1780415590.709673,49.255
1780415590.715547,49.255
1780415590.7210927,49.255
1780415590.7272506,49.254
1780415590.7331884,49.254
1780415590.7391777,49.255
1780415590.7450578,49.254
1780415590.7511253,49.254
1780415590.7571206,49.254
1780415590.7631528,49.253
1780415590.7692075,49.254
1780415590.7751555,49.254
1780415590.7810647,49.254
1780415590.7868378,49.254
1780415590.7927682,49.254
1780415590.7985146,49.254
1780415590.8044038,49.253
1780415590.8104482,49.253
1780415590.8163788,49.253
1780415590.8225708,49.253
1780415590.8284104,49.253
1780415590.8345017,49.253
1780415590.840536,49.253
1780415590.8462925,49.253
1780415590.8524234,49.253
1780415590.858468,49.253
1780415590.8644469,49.253
1780415590.8704586,49.253
1780415590.8764632,49.252
1780415590.8823056,49.252
1780415590.8883622,49.252
1780415590.8945522,49.252
1780415590.9006166,49.252
1780415590.9064786,49.251
1780415590.9125323,49.252
1780415590.9184375,49.252
1780415590.9244943,49.251
1780415590.9303813,49.252
1780415590.936407,49.251
1780415590.9424498,49.252
1780415590.948463,49.251
1780415590.9544177,49.251
1780415590.960603,49.251
1780415590.9665277,49.251
1780415590.9724474,49.251
1780415590.978361,49.251
1780415590.9844573,49.25
1780415590.9903944,49.25
1780415590.996505,49.25
1780415591.0024471,49.25
1780415591.0084841,49.249
1780415591.0143673,49.249
1780415591.0204792,49.249
1780415591.026486,49.249
1780415591.0324914,49.249
1780415591.0385115,49.249
1780415591.044411,49.249
1780415591.0504615,49.249
1780415591.056419,49.249
1780415591.0623553,49.248
1780415591.0684917,49.249
1780415591.0744956,49.248
1780415591.080484,49.249
1780415591.0864356,49.249
1780415591.0922678,49.248
1780415591.0985131,49.248
1780415591.1043334,49.248
1780415591.1105044,49.248
1780415591.1163845,49.248
1780415591.122462,49.248
1780415591.1282785,49.248
1780415591.1343985,49.248
1780415591.1404133,49.248
1780415591.1463888,49.249
1780415591.152406,49.249
1780415591.1583986,49.249
1780415591.1644464,49.249
1780415591.1704707,49.249
1780415591.1763518,49.248
1780415591.182499,49.248
1780415591.1883814,49.248
1780415591.194511,49.249
1780415591.2004213,49.248
1780415591.2063892,49.248
1780415591.2123883,49.248
1780415591.2184613,49.248
1780415591.224469,49.249
1780415591.230496,49.248
1780415591.236397,49.248
1780415591.2424178,49.248
1780415591.248425,49.247
1780415591.2544696,49.248
1780415591.2604468,49.248
1780415591.2663212,49.247
1780415591.2725005,49.247
1780415591.2784235,49.247
1780415591.2844896,49.247
1780415591.2904418,49.247
1780415591.2964756,49.247
1780415591.302273,49.247
1780415591.30849,49.247
1780415591.314513,49.247
1780415591.3205209,49.247
1780415591.3265033,49.247
1780415591.3323877,49.247
1780415591.3384511,49.247
1780415591.3444276,49.247
1780415591.3503387,49.246
1780415591.356483,49.246
1780415591.3623548,49.246
1780415591.3685157,49.246
1780415591.3743727,49.246
1780415591.3803787,49.246
1780415591.3864822,49.247
1780415591.3924272,49.247
1780415591.398453,49.247
1780415591.404442,49.247
1780415591.4104054,49.247
1780415591.4163463,49.246
1780415591.4224596,49.246
1780415591.4284089,49.246
1780415591.434331,49.246
1780415591.4404693,49.246
1780415591.4464726,49.245
1780415591.4524164,49.245
1780415591.458529,49.246
1780415591.4643247,49.246
1780415591.4704192,49.245
1780415591.4764552,49.245
1780415591.4824805,49.244
1780415591.4884708,49.244
1780415591.4944777,49.244
1780415591.5003371,49.245
1780415591.50576,49.245
1780415591.511557,49.244
1780415591.5173206,49.245
1780415591.5232556,49.246
1780415591.529245,49.245
1780415591.5354106,49.245
1780415591.5412462,49.244
1780415591.5473273,49.244
1780415591.55312,49.244
1780415591.5593336,49.244
1780415591.5653508,49.245
1780415591.5713258,49.245
1780415591.5772753,49.244
1780415591.583234,49.244
1780415591.5892498,49.244
1780415591.595263,49.244
1780415591.6011913,49.243
1780415591.607214,49.243
1780415591.6131454,49.243
1780415591.6192873,49.243
1780415591.625297,49.243
1780415591.631204,49.243
1780415591.6372776,49.243
1780415591.6431074,49.243
1780415591.6493776,49.243
1780415591.6552875,49.243
1780415591.6612825,49.243
1780415591.6671453,49.243
1780415591.6732545,49.243
1780415591.6792536,49.243
1780415591.6853006,49.243
1780415591.691243,49.243
1780415591.697272,49.243
1780415591.7031245,49.242
1780415591.709294,49.242
1780415591.7152128,49.242
1780415591.7213554,49.242
1780415591.7272425,49.242
1780415591.7333095,49.242
1780415591.7390947,49.242
1780415591.7452934,49.242
1780415591.751359,49.242
1780415591.7572343,49.242
1780415591.7632587,49.242
1780415591.7692716,49.242
1780415591.7752402,49.242
1780415591.781095,49.241
1780415591.7872012,49.241
1780415591.79328,49.241
1780415591.7992415,49.241
1780415591.8053033,49.24
1780415591.811316,49.241
1780415591.8172877,49.241
1780415591.823333,49.241
1780415591.8291526,49.241
1780415591.835283,49.24
1780415591.8412473,49.241
1780415591.8473032,49.241
1780415591.853291,49.241
1780415591.859315,49.241
1780415591.865312,49.24
1780415591.8711798,49.241
1780415591.8772507,49.24
1780415591.8832521,49.24
1780415591.8891394,49.24
1780415591.8953106,49.24
1780415591.901245,49.24
1780415591.9072952,49.24
1780415591.9132385,49.24
1780415591.919326,49.24
1780415591.9250927,49.24
1780415591.93111,49.24
1780415591.9372294,49.24
1780415591.9432292,49.24
1780415591.9492524,49.24
1780415591.9552388,49.24
1780415591.9612327,49.24
1780415591.967081,49.24
1780415591.973208,49.239
1780415591.9792664,49.24
1780415591.985243,49.24
1780415591.9912694,49.24
1780415591.9973435,49.239
1780415592.003277,49.239
1780415592.0093122,49.239
1780415592.0151823,49.239
1780415592.0213296,49.239
1780415592.0270717,49.239
1780415592.0333033,49.24
1780415592.0393057,49.241
1780415592.0453246,49.241
1780415592.0512786,49.242
1780415592.057227,49.243
1780415592.0632546,49.243
1780415592.0692644,49.245
1780415592.0751808,49.247
1780415592.081215,49.247
1780415592.0872295,49.248
1780415592.093152,49.249
1780415592.0992622,49.25
1780415592.1052566,49.251
1780415592.1111836,49.252
1780415592.1172388,49.253
1780415592.1233175,49.254
1780415592.129211,50.0
1780415592.1352935,50.001
1780415592.1412501,50.001
1780415592.1472247,50.002
1780415592.1532245,50.003
1780415592.1591904,50.004
1780415592.1652954,50.004
1780415592.1712642,50.004
1780415592.1772008,50.005
1780415592.1832025,50.006
1780415592.1890922,50.007
1780415592.1951935,50.007
1780415592.2013264,50.007
1780415592.2072263,50.007
1780415592.2135472,50.007
1780415592.219388,50.009
1780415592.225327,50.009
1780415592.2312942,50.009
1780415592.2371697,50.01
1780415592.2432835,50.011
1780415592.2491,50.011
1780415592.2553456,50.012
1780415592.2611217,50.012
1780415592.267305,50.013
1780415592.2732112,50.014
1780415592.2792869,50.015
1780415592.2852209,50.015
1780415592.2912486,50.015
1780415592.297305,50.016
1780415592.303162,50.017
1780415592.3093295,50.017
1780415592.3151932,50.018
1780415592.3212953,50.018
1780415592.3272138,50.018
1780415592.333305,50.019
1780415592.3391974,50.019
1780415592.3452892,50.019
1780415592.351186,50.02
1780415592.3571548,50.02
1780415592.3634026,50.021
1780415592.369222,50.021
1780415592.3753254,50.022
1780415592.3812134,50.022
1780415592.3872619,50.023
1780415592.3931947,50.023
1780415592.3992746,50.023
1780415592.4051805,50.024
1780415592.4112604,50.024
1780415592.417258,50.024
1780415592.4231386,50.025
1780415592.4292197,50.026
1780415592.4350598,50.025
1780415592.4413285,50.026
1780415592.447086,50.025
1780415592.4532237,50.025
1780415592.4592297,50.025
1780415592.4652355,50.025
1780415592.4712236,50.026
1780415592.4772503,50.025
1780415592.4832454,50.025
1780415592.4891772,50.026
1780415592.4952183,50.025
1780415592.5012383,50.025
1780415592.5071292,50.025
1780415592.5132809,50.025
1780415592.5192213,50.025
1780415592.525264,50.025
1780415592.531203,50.026
1780415592.5370708,50.026
1780415592.5427392,50.026
1780415592.5486856,50.025
1780415592.554794,50.026
1780415592.5607538,50.026
1780415592.5664284,50.025
1780415592.5722895,50.025
1780415592.5780194,50.025
1780415592.5840437,50.025
1780415592.5900533,50.024
1780415592.5960672,50.024
1780415592.6020024,50.024
1780415592.6081522,50.024
1780415592.614005,50.025
1780415592.6200812,50.024
1780415592.6260488,50.024
1780415592.632053,50.024
1780415592.6379714,50.024
1780415592.6440449,50.025
1780415592.6499817,50.025
1780415592.6559496,50.025
1780415592.662055,50.026
1780415592.6679857,50.026
1780415592.6740694,50.025
1780415592.6800494,50.025
1780415592.6860569,50.025
1780415592.6920354,50.024
1780415592.6980402,50.024
1780415592.7040668,50.023
1780415592.7100108,50.024
1780415592.7160294,50.023
1780415592.7221053,50.023
1780415592.728037,50.023
1780415592.734066,50.023
1780415592.7400026,50.022
1780415592.7460413,50.022
1780415592.7520063,50.022
1780415592.7580478,50.022
1780415592.7640514,50.022
1780415592.7700381,50.022
1780415592.7760663,50.022
1780415592.7820544,50.022
1780415592.7880626,50.021
1780415592.7940397,50.021
1780415592.8000526,50.022
1780415592.8060389,50.021
1780415592.8120105,50.02
1780415592.818028,50.02
1780415592.8239818,50.02
1780415592.830075,50.02
1780415592.8360298,50.02
1780415592.84203,50.02
1780415592.848093,50.02
1780415592.853944,50.02
1780415592.8600688,50.02
1780415592.866036,50.019
1780415592.8720636,50.02
1780415592.878088,50.019
1780415592.8840475,50.02
1780415592.8900318,50.019
1780415592.8960464,50.02
1780415592.9020314,50.02
1780415592.908041,50.019
1780415592.9140518,50.019
1780415592.920052,50.019
1780415592.9260414,50.019
1780415592.932062,50.019
1780415592.9380426,50.019
1780415592.9440527,50.018
1780415592.9499052,50.019
1780415592.9560776,50.019
1780415592.961997,50.019
1780415592.9680142,50.019
1780415592.9740303,50.019
1780415592.980045,50.019
1780415592.9860237,50.019
1780415592.9919527,50.018
1780415592.9980268,50.018
1780415593.0040412,50.018
1780415593.0099473,50.018
1780415593.016065,50.017
1780415593.0220976,50.017
1780415593.0280402,50.017
1780415593.0340784,50.017
1780415593.0400374,50.017
1780415593.0460484,50.016
1780415593.0519028,50.017
1780415593.0580232,50.016
1780415593.0640438,50.016
1780415593.0700576,50.017
1780415593.0760348,50.017
1780415593.0819838,50.016
1780415593.0880578,50.016
1780415593.0940526,50.016
1780415593.1000292,50.016
1780415593.1060517,50.015
1780415593.1120462,50.014
1780415593.1179504,50.014
1780415593.124043,50.015
1780415593.1300254,50.015
1780415593.1360688,50.015
1780415593.1420875,50.015
1780415593.1481051,50.015
1780415593.1540544,50.015
1780415593.160088,50.015
1780415593.1659849,50.015
1780415593.172059,50.015
1780415593.177845,50.015
1780415593.1836176,50.015
1780415593.1895642,50.015
1780415593.1953826,50.015
1780415593.2015996,50.015
1780415593.2075057,50.015
1780415593.213265,50.015
1780415593.2190602,50.016
1780415593.2248132,50.015
1780415593.230784,50.015
1780415593.236868,50.015
1780415593.242832,50.014
1780415593.2488887,50.014
1780415593.2548351,50.015
1780415593.2608154,50.014
1780415593.2668805,50.014
1780415593.2726579,50.015
1780415593.2789016,50.015
1780415593.2848122,50.014
1780415593.2908335,50.014
1780415593.2968032,50.014
1780415593.3028262,50.014
1780415593.3087685,50.014
1780415593.3147993,50.014
1780415593.320892,50.014
1780415593.326904,50.014
1780415593.3327892,50.014
1780415593.338915,50.014
1780415593.344856,50.014
1780415593.3509433,50.014
1780415593.3567905,50.013
1780415593.3628724,50.013
1780415593.3686383,50.013
1780415593.3748908,50.013
1780415593.3809097,50.013
1780415593.3869147,50.013
1780415593.3928494,50.013
1780415593.3987734,50.013
1780415593.404869,50.013
1780415593.410848,50.012
1780415593.4168203,50.012
1780415593.4228742,50.013
1780415593.428855,50.013
1780415593.4348814,50.013
1780415593.440896,50.012
1780415593.4468632,50.012
1780415593.452866,50.012
1780415593.458678,50.013
1780415593.4649813,50.013
1780415593.4708016,50.013
1780415593.4768624,50.013
1780415593.482919,50.013
1780415593.4890506,50.013
1780415593.4948156,50.014
1780415593.5009174,50.014
1780415593.506831,50.013
1780415593.5128481,50.013
1780415593.5187647,50.013
1780415593.5249786,50.013
1780415593.5308428,50.013
1780415593.536924,50.012
1780415593.5428734,50.012
1780415593.5489652,50.012
1780415593.5547898,50.013
1780415593.5607634,50.013
1780415593.5668566,50.013
1780415593.5729036,50.013
1780415593.5788884,50.014
1780415593.584917,50.013
1780415593.5909142,50.013
1780415593.5968192,50.013
1780415593.6028492,50.013
1780415593.608716,50.012
1780415593.6147878,50.013
1780415593.620817,50.012
1780415593.6269765,50.012
1780415593.6328504,50.012
1780415593.638994,50.013
1780415593.6448815,50.013
1780415593.6508815,50.013
1780415593.6567528,50.013
1780415593.6629055,50.012
1780415593.6688156,50.012
1780415593.6748886,50.012
1780415593.6808908,50.013
1780415593.6869347,50.012
1780415593.6929445,50.013
1780415593.6988032,50.013
1780415593.704882,50.013
1780415593.7107923,50.012
1780415593.7168067,50.012
1780415593.7228324,50.012
1780415593.7288985,50.012
1780415593.7349336,50.012
1780415593.7409065,50.012
1780415593.746797,50.012
1780415593.7529125,50.013
1780415593.7587342,50.013
1780415593.7649019,50.013
1780415593.7707856,50.013
1780415593.7768602,50.013
1780415593.7828443,50.013
1780415593.7888498,50.012
1780415593.794812,50.013
1780415593.8009222,50.013
1780415593.8068962,50.013
1780415593.812853,50.012
1780415593.818776,50.012
1780415593.8248777,50.012
1780415593.8308525,50.012
1780415593.836867,50.012
1780415593.8428133,50.012
1780415593.8489444,50.012
1780415593.8547611,50.012
1780415593.8609424,50.012
1780415593.866932,50.011
1780415593.8729236,50.012
1780415593.8789008,50.012
1780415593.8848777,50.012
1780415593.8907926,50.012
1780415593.8967686,50.012
1780415593.9028654,50.011
1780415593.908834,50.011
1780415593.9148068,50.011
1780415593.9209106,50.012
1780415593.9269366,50.012
1780415593.9327912,50.012
1780415593.938932,50.012
1780415593.9447742,50.011
1780415593.9509566,50.012
1780415593.9567332,50.011
1780415593.963011,50.011
1780415593.9688487,50.011
1780415593.9748514,50.011
1780415593.980868,50.011
1780415593.9869485,50.011
1780415593.9929328,50.011
1780415593.9987354,50.011
1780415594.0048523,50.011
1780415594.0108464,50.011
1780415594.016746,50.011
1780415594.0228,50.011
1780415594.0288613,50.011
1780415594.0348794,50.011
1780415594.040872,50.011
1780415594.046917,50.011
1780415594.0529325,50.011
1780415594.0587676,50.011
1780415594.0649183,50.011
1780415594.070884,50.012
1780415594.076919,50.012
1780415594.082725,50.012
1780415594.0888927,50.011
1780415594.0946956,50.011
1780415594.1003816,50.011
1780415594.1068873,50.011
1780415594.1129084,50.012
1780415594.118878,50.012
1780415594.1249635,50.012
1780415594.130937,50.012
1780415594.1367354,50.012
1780415594.142816,50.012
1780415594.148844,50.011
1780415594.1547694,50.011
1780415594.1609137,50.011
1780415594.1668391,50.012
1780415594.1728625,50.012
1780415594.1789055,50.012
1780415594.1848285,50.012
1780415594.1908839,50.012
1780415594.1967132,50.012
1780415594.2023344,50.011
1780415594.208271,50.011
1780415594.21396,50.012
1780415594.219859,50.012
1780415594.225642,50.012
1780415594.2315984,50.012
1780415594.23762,50.011
1780415594.2436495,50.012
1780415594.2496815,50.011
1780415594.25554,50.011
1780415594.261603,50.011
1780415594.2675903,50.011
1780415594.2736125,50.01
1780415594.2796247,50.011
1780415594.285618,50.011
1780415594.2916734,50.011
1780415594.2976568,50.01
1780415594.3036416,50.01
1780415594.3097508,50.01
1780415594.3156142,50.01
1780415594.3216686,50.01
1780415594.3274832,50.01
1780415594.333639,50.01
1780415594.339707,50.01
1780415594.345738,50.01
1780415594.3517418,50.01
1780415594.3576295,50.011
1780415594.3635771,50.011
1780415594.3694797,50.01
1780415594.3756135,50.01
1780415594.381648,50.01
1780415594.3875673,50.01
1780415594.3936863,50.009
1780415594.3996394,50.009
1780415594.4057739,50.01
1780415594.4117858,50.01
1780415594.4176474,50.009
1780415594.4236999,50.009
1780415594.429778,50.01
1780415594.435719,50.009
1780415594.441629,50.01
1780415594.447635,50.009
1780415594.4536798,50.01
1780415594.4596467,50.009
1780415594.4655693,50.009
1780415594.47177,50.009
1780415594.477661,50.009
1780415594.4837048,50.009
1780415594.4895499,50.009
1780415594.4957285,50.009
1780415594.5015192,50.008
1780415594.5077395,50.009
1780415594.5136309,50.008
1780415594.5196736,50.008
1780415594.5256765,50.009
1780415594.5316541,50.009
1780415594.537659,50.009
1780415594.5435038,50.01
1780415594.5497856,50.009
1780415594.5555778,50.009
1780415594.5616198,50.009
1780415594.567684,50.008
1780415594.5736086,50.008
1780415594.5795822,50.009
1780415594.5856261,50.009
1780415594.5916483,50.009
1780415594.5976427,50.008
1780415594.603586,50.008
1780415594.6096606,50.009
1780415594.61552,50.008
1780415594.6217291,50.008
1780415594.6275816,50.008
1780415594.63371,50.008
1780415594.639614,50.007
1780415594.645666,50.008
1780415594.6515129,50.008
1780415594.6574657,50.008
1780415594.6637032,50.008
1780415594.6697528,50.008
1780415594.6756797,50.008
1780415594.6816716,50.008
1780415594.6876361,50.007
1780415594.693564,50.007
1780415594.699664,50.007
1780415594.7056808,50.007
1780415594.7115982,50.007
1780415594.717553,50.007
1780415594.723745,50.007
1780415594.7295988,50.008
1780415594.7357175,50.007
1780415594.7416153,50.007
1780415594.7476995,50.007
1780415594.7535923,50.007
1780415594.7596827,50.007
1780415594.765491,50.007
1780415594.7711792,50.008
1780415594.7771776,50.007
1780415594.7837813,50.008
1780415594.7897499,50.008
1780415594.7956405,50.008
1780415594.8016078,50.008
1780415594.8075411,50.007
1780415594.8136497,50.006
1780415594.8195934,50.006
1780415594.825585,50.006
1780415594.831728,50.007
1780415594.8376596,50.007
1780415594.8436272,50.006
1780415594.8497694,50.007
1780415594.8555777,50.007
1780415594.8617022,50.007
1780415594.8675706,50.006
1780415594.8736696,50.006
1780415594.8794718,50.006
1780415594.8851805,50.006
1780415594.8911705,50.007
1780415594.897459,50.017
1780415594.9028647,50.023
1780415594.9081469,50.026
1780415594.9133677,50.031
1780415594.918953,50.035
1780415594.924178,50.043
1780415594.9298115,50.045
1780415594.9350293,50.049
1780415594.9406064,50.052
1780415594.9458318,50.057
1780415594.951403,50.062
1780415594.956627,50.066
1780415594.9621718,50.072
1780415594.9673972,50.074
1780415594.9730084,50.079
1780415594.9782352,50.084
1780415594.98381,50.087
1780415594.9890263,50.092
1780415594.9946105,50.098
1780415594.9998496,50.101
1780415595.0053957,50.103
1780415595.0106115,50.109
1780415595.0161552,50.112
1780415595.0213733,50.117
1780415595.0269883,50.12
1780415595.0322218,50.127
1780415595.0377529,50.128
1780415595.0429506,50.133
1780415595.0485485,50.136
1780415595.0537667,50.14
1780415595.0594082,50.145
1780415595.0646288,50.151
1780415595.0701973,50.155
1780415595.0754395,50.156
1780415595.0809767,50.16
1780415595.0861843,50.164
1780415595.0917459,50.167
1780415595.0969672,50.172
1780415595.1026073,50.178
1780415595.1078448,50.179
1780415595.11339,50.183
1780415595.1186166,50.187
1780415595.1241608,50.191
1780415595.129384,50.195
1780415595.1350048,50.198
1780415595.1402433,50.204
1780415595.1457481,50.205
1780415595.1509714,50.21
1780415595.1565614,50.213
1780415595.161781,50.216
1780415595.1673503,50.22
1780415595.1725745,50.226
1780415595.1782105,50.228
1780415595.183428,50.231
1780415595.1889598,50.235
1780415595.1941807,50.238
1780415595.19976,50.241
1780415595.2049868,50.245
1780415595.2105682,50.25
1780415595.215795,50.252
1780415595.2213604,50.255
1780415595.2265885,51.003
1780415595.2322087,51.006
1780415595.2374232,51.01
1780415595.242966,51.015
1780415595.2482078,51.018
1780415595.2538087,51.019
1780415595.2590232,51.024
1780415595.264555,51.027
1780415595.2697718,51.031
1780415595.2754006,51.033
1780415595.2806427,51.039
1780415595.2861502,51.039
1780415595.2913659,51.042
1780415595.2970057,51.047
1780415595.3022172,51.049
1780415595.307803,51.053
1780415595.3130293,51.058
1780415595.318606,51.061
1780415595.3238304,51.062
1780415595.3293855,51.065
1780415595.3346107,51.069
1780415595.340147,51.071
1780415595.3453596,51.075
1780415595.3510056,51.08
1780415595.3562403,51.081
1780415595.3617852,51.084
1780415595.3670042,51.088
1780415595.3725502,51.09
1780415595.3777647,51.094
1780415595.383358,51.097
1780415595.3885894,51.101
1780415595.3941596,51.101
1780415595.399377,51.105
1780415595.404995,51.109
1780415595.410209,51.111
1780415595.4157999,51.114
1780415595.4210188,51.12
1780415595.4266078,51.12
1780415595.4318347,51.123
1780415595.4373584,51.126
1780415595.4425862,51.129
1780415595.4481978,51.132
1780415595.4534156,51.135
1780415595.4590116,51.139
1780415595.4642284,51.139
1780415595.4698126,51.143
1780415595.4750593,51.146
1780415595.4805534,51.148
1780415595.4857612,51.152
1780415595.4913707,51.156
1780415595.4966116,51.158
1780415595.5022125,51.159
1780415595.5074208,51.163
1780415595.5129702,51.165
1780415595.5181873,51.168
1780415595.523759,51.169
1780415595.529003,51.175
1780415595.534597,51.175
1780415595.5397847,51.179
1780415595.545399,51.182
1780415595.5506222,51.184
1780415595.556202,51.187
1780415595.5614283,51.192
1780415595.5670226,51.193
1780415595.5722644,51.193
1780415595.5779169,51.196
1780415595.5832818,51.2
1780415595.5885458,51.202
1780415595.5938659,51.205
1780415595.5993977,51.209
1780415595.6046212,51.209
1780415595.6101923,51.212
1780415595.6154156,51.215
1780415595.6209466,51.217
1780415595.6261778,51.22
1780415595.631795,51.222
1780415595.637028,51.225
1780415595.6426003,51.226
1780415595.6478186,51.229
1780415595.6533554,51.232
1780415595.6585722,51.234
1780415595.6641998,51.237
1780415595.6694243,51.241
1780415595.6750095,51.242
1780415595.6802294,51.244
1780415595.685761,51.246
1780415595.6909854,51.248
1780415595.696593,51.251
1780415595.7018127,51.254
1780415595.7074199,52.001
1780415595.7126439,52.001
1780415595.7181652,52.004
1780415595.723849,51.251
1780415595.730595,51.246
1780415595.7367163,51.244
1780415595.742449,51.243
1780415595.7483516,51.242
1780415595.7545013,51.241
1780415595.7603953,51.24
1780415595.7664866,51.238
1780415595.7722938,51.236
1780415595.778396,51.235
1780415595.7844653,51.232
1780415595.7904773,51.23
1780415595.7964785,51.227
1780415595.8024244,51.225
1780415595.8083308,51.221
1780415595.814485,51.219
1780415595.8204584,51.216
1780415595.8265183,51.214
1780415595.832328,51.211
1780415595.838435,51.209
1780415595.8444965,51.207
1780415595.8505235,51.204
1780415595.856469,51.201
1780415595.862327,51.199
1780415595.8683836,51.197
1780415595.8744714,51.194
1780415595.8804414,51.192
1780415595.8865106,51.189
1780415595.8923995,51.186
1780415595.898433,51.185
1780415595.9045007,51.183
1780415595.9105337,51.18
1780415595.9164736,51.178
1780415595.922377,51.175
1780415595.9284217,51.173
1780415595.9344323,51.171
1780415595.9403336,51.168
1780415595.9464767,51.166
1780415595.952496,51.163
1780415595.9584892,51.161
1780415595.964529,51.16
1780415595.9705207,51.157
1780415595.9764977,51.155
1780415595.9825227,51.153
1780415595.9885077,51.151
1780415595.9943078,51.148
1780415596.0004175,51.145
1780415596.0065687,51.143
1780415596.0124068,51.141
1780415596.0184894,51.14
1780415596.0243878,51.138
1780415596.0305152,51.136
1780415596.0364242,51.134
1780415596.0423923,51.132
1780415596.0484447,51.131
1780415596.054448,51.129
1780415596.0604262,51.126
1780415596.0665166,51.124
1780415596.0723383,51.123
1780415596.0784721,51.121
1780415596.084313,51.119
1780415596.090418,51.117
1780415596.0964112,51.115
1780415596.1024065,51.113
1780415596.1084986,51.11
1780415596.1143858,51.109
1780415596.1204612,51.107
1780415596.1262677,51.105
1780415596.1324794,51.103
1780415596.1384532,51.102
1780415596.1445255,51.1
1780415596.1504912,51.099
1780415596.1563227,51.097
1780415596.1623654,51.095
1780415596.16851,51.094
1780415596.1744196,51.092
1780415596.180504,51.09
1780415596.186402,51.089
1780415596.192494,51.086
1780415596.1984792,51.084
1780415596.2045763,51.082
1780415596.210459,51.081
1780415596.2164557,51.08
1780415596.2224329,51.078
1780415596.2284498,51.076
1780415596.234343,51.076
1780415596.2404997,51.075
1780415596.2464375,51.075
1780415596.2524765,51.073
1780415596.2583513,51.072
1780415596.2644584,51.071
1780415596.270421,51.069
1780415596.2763906,51.067
1780415596.2824576,51.065
1780415596.288303,51.064
1780415596.294435,51.064
1780415596.3002675,51.062
1780415596.3065362,51.06
1780415596.3123891,51.059
1780415596.3185153,51.058
1780415596.32436,51.057
1780415596.3304625,51.056
1780415596.336481,51.054
1780415596.3424025,51.053
1780415596.3484795,51.051
1780415596.3542635,51.05
1780415596.360459,51.048
1780415596.3665295,51.047
1780415596.3724554,51.045
1780415596.378346,51.044
1780415596.3844626,51.043
1780415596.390323,51.042
1780415596.3960114,51.04
1780415596.402527,51.039
1780415596.4084835,51.038
1780415596.4143856,51.036
1780415596.4207623,51.035
1780415596.42648,51.033
1780415596.4324975,51.032
1780415596.4384735,51.03
1780415596.444434,51.028
1780415596.4505026,51.027
1780415596.456427,51.026
1780415596.4623504,51.025
1780415596.4684374,51.024
1780415596.4743993,51.022
1780415596.4804604,51.02
1780415596.4863915,51.018
1780415596.492483,51.017
1780415596.4984064,51.016
1780415596.5044868,51.015
1780415596.5103838,51.014
1780415596.516298,51.013
1780415596.522488,51.012
1780415596.528265,51.01
1780415596.534515,51.009
1780415596.5404696,51.007
1780415596.546602,51.005
1780415596.5523858,51.004
1780415596.5584629,51.003
1780415596.5644293,51.002
1780415596.5704267,51.001
1780415596.576475,50.255
1780415596.5826151,50.254
1780415596.5883892,50.253
1780415596.594461,50.252
1780415596.6004317,50.251
1780415596.6064937,50.25
1780415596.6124492,50.248
1780415596.6184316,50.247
1780415596.6244822,50.246
1780415596.630449,50.245
1780415596.636404,50.243
1780415596.642491,50.242
1780415596.6484318,50.241
1780415596.6545308,50.239
1780415596.6603634,50.238
1780415596.666419,50.236
1780415596.6723795,50.236
1780415596.6785142,50.234
1780415596.6845,50.233
1780415596.6905158,50.232
1780415596.6965132,50.23
1780415596.7024782,50.229
1780415596.708457,50.228
1780415596.7145307,50.227
1780415596.7204423,50.225
1780415596.7264888,50.224
1780415596.7323577,50.222
1780415596.7384384,50.221
1780415596.7445061,50.22
1780415596.7505097,50.219
1780415596.7564902,50.217
1780415596.7623646,50.216
1780415596.7684503,50.215
1780415596.7744446,50.213
1780415596.780391,50.212
1780415596.7864811,50.211
1780415596.79245,50.21
1780415596.7984686,50.208
1780415596.8044965,50.207
1780415596.8105192,50.207
1780415596.8164964,50.205
1780415596.822447,50.205
1780415596.8284326,50.203
1780415596.8344567,50.202
1780415596.840343,50.201
1780415596.8465862,50.2
1780415596.852443,50.198
1780415596.8584971,50.197
1780415596.8643107,50.196
1780415596.870605,50.196
1780415596.876579,50.194
1780415596.8824482,50.193
1780415596.8884037,50.193
1780415596.8943717,50.192
1780415596.9003785,50.191
1780415596.9065342,50.189
1780415596.9123838,50.187
1780415596.918529,50.186
1780415596.9244149,50.185
1780415596.9305716,50.185
1780415596.936516,50.184
1780415596.9425478,50.183
1780415596.9485188,50.183
1780415596.954424,50.181
1780415596.9604475,50.179
1780415596.9664721,50.179
1780415596.9723797,50.177
1780415596.9784634,50.176
1780415596.9844322,50.175
1780415596.9905076,50.175
1780415596.9965413,50.174
1780415597.0023148,50.173
1780415597.0084362,50.172
1780415597.0144396,50.172
1780415597.0204225,50.171
1780415597.0263736,50.169
1780415597.032439,50.168
1780415597.038458,50.167
1780415597.0444698,50.167
1780415597.0505476,50.166
1780415597.0565407,50.164
1780415597.0624444,50.164
1780415597.0684848,50.163
1780415597.07436,50.163
1780415597.0804682,50.162
1780415597.0862832,50.162
1780415597.092027,50.16
1780415597.097957,50.158
1780415597.103686,50.158
1780415597.109557,50.157
1780415597.115455,50.156
1780415597.1211984,50.155
1780415597.127261,50.155
1780415597.133248,50.154
1780415597.1391551,50.153
1780415597.1454048,50.153
1780415597.1512258,50.152
1780415597.1572905,50.151
1780415597.163104,50.15
1780415597.1693022,50.149
1780415597.1754036,50.148
1780415597.1813314,50.147
1780415597.1872752,50.147
1780415597.193191,50.146
1780415597.1992357,50.145
1780415597.2052572,50.144
1780415597.211194,50.143
1780415597.217325,50.142
1780415597.2232728,50.141
1780415597.2292728,50.14
1780415597.2351491,50.139
1780415597.2410495,50.139
1780415597.247303,50.137
1780415597.2533116,50.137
1780415597.2593312,50.136
1780415597.265101,50.135
1780415597.2712462,50.134
1780415597.277367,50.133
1780415597.2832232,50.133
1780415597.289335,50.132
1780415597.2952864,50.133
1780415597.3012776,50.132
1780415597.3073425,50.132
1780415597.31323,50.13
1780415597.3193104,50.131
1780415597.3250825,50.13
1780415597.331338,50.13
1780415597.337094,50.129
1780415597.3433025,50.128
1780415597.3493943,50.127
1780415597.3553262,50.125
1780415597.3612676,50.125
1780415597.3672712,50.125
1780415597.3732705,50.124
1780415597.3792646,50.124
1780415597.3851697,50.123
1780415597.3913667,50.123
1780415597.397263,50.122
1780415597.403321,50.121
1780415597.4092348,50.121
1780415597.4152977,50.12
1780415597.421265,50.12
1780415597.4273024,50.118
1780415597.433258,50.118
1780415597.4392693,50.117
1780415597.4452658,50.117
1780415597.45109,50.116
1780415597.45724,50.116
1780415597.4632685,50.116
1780415597.4692113,50.116
1780415597.4751878,50.116
1780415597.4812539,50.116
1780415597.48711,50.115
1780415597.4933555,50.116
1780415597.4992244,50.116
1780415597.5053265,50.116
1780415597.5112374,50.115
1780415597.5173433,50.115
1780415597.5232391,50.116
1780415597.5293083,50.117
1780415597.535394,50.117
1780415597.5412903,50.117
1780415597.5472488,50.117
1780415597.5532982,50.118
1780415597.5593524,50.118
1780415597.5652065,50.118
1780415597.571262,50.118
1780415597.577276,50.118
1780415597.5832283,50.118
1780415597.5892363,50.118
1780415597.5952942,50.118
1780415597.6012685,50.117
1780415597.60709,50.117
1780415597.6131935,50.117
1780415597.6192625,50.117
1780415597.6251488,50.117
1780415597.6313999,50.117
1780415597.6372166,50.117
1780415597.643306,50.117
1780415597.6492324,50.117
1780415597.6553888,50.117
1780415597.6614163,50.118
1780415597.6672425,50.118
1780415597.6732855,50.118
1780415597.679198,50.117
1780415597.6852686,50.118
1780415597.6910856,50.117
1780415597.6973383,50.118
1780415597.7032259,50.118
1780415597.7092648,50.118
1780415597.715316,50.118
1780415597.7213256,50.118
1780415597.7273574,50.118
1780415597.7331958,50.118
1780415597.739273,50.118
1780415597.745142,50.118
1780415597.7512321,50.118
1780415597.7571492,50.118
1780415597.7632496,50.117
1780415597.769283,50.117
1780415597.7752478,50.116
1780415597.781235,50.116
1780415597.7872224,50.116
1780415597.793126,50.116
1780415597.7993495,50.116
1780415597.8051045,50.116
1780415597.8113208,50.115
1780415597.8172271,50.115
1780415597.823307,50.115
1780415597.829168,50.115
1780415597.8352978,50.115
1780415597.841259,50.114
1780415597.8471975,50.115
1780415597.85334,50.115
1780415597.8590963,50.115
1780415597.8647485,50.114
1780415597.8706582,50.114
1780415597.8764508,50.113
1780415597.882338,50.113
1780415597.8880234,50.113
1780415597.8941185,50.113
1780415597.9000375,50.113
1780415597.9060862,50.112
1780415597.9120688,50.111
1780415597.9180498,50.111
1780415597.9240203,50.11
1780415597.9300382,50.109
1780415597.9360304,50.109
1780415597.9420822,50.108
1780415597.948055,50.107
1780415597.954099,50.107
1780415597.9599707,50.107
1780415597.9659395,50.106
1780415597.972056,50.105
1780415597.9780512,50.105
1780415597.9840503,50.105
1780415597.9900393,50.104
1780415597.9960322,50.103
1780415598.0020456,50.102
1780415598.0079947,50.102
1780415598.0140793,50.102
1780415598.020079,50.101
1780415598.0260532,50.101
1780415598.0320816,50.101
1780415598.0380182,50.101
1780415598.0441582,50.101
1780415598.0500126,50.101
1780415598.0560591,50.101
1780415598.0619154,50.1
1780415598.0680714,50.1
1780415598.0740798,50.1
1780415598.0800886,50.1
1780415598.0860834,50.099
1780415598.092118,50.099
1780415598.0980678,50.098
1780415598.1040807,50.097
1780415598.1101336,50.097
1780415598.116044,50.097
1780415598.1220381,50.096
1780415598.1280925,50.096
1780415598.1340756,50.096
1780415598.14019,50.096
1780415598.1462166,50.095
1780415598.1520216,50.094
1780415598.1580775,50.094
1780415598.164073,50.093
1780415598.1700478,50.092
1780415598.1761165,50.092
1780415598.1820443,50.092
1780415598.1879957,50.092
1780415598.194035,50.091
1780415598.2001185,50.091
1780415598.2061143,50.091
1780415598.2120538,50.09
1780415598.2180877,50.09
1780415598.2239938,50.089
1780415598.2300546,50.089
1780415598.2361066,50.088
1780415598.2420478,50.088
1780415598.24807,50.087
1780415598.2540736,50.087
1780415598.2599566,50.086
1780415598.2661974,50.086
1780415598.272066,50.085
1780415598.2780907,50.085
1780415598.2840602,50.085
1780415598.2900884,50.084
1780415598.2960176,50.083
1780415598.3020961,50.083
1780415598.3079019,50.083
1780415598.314116,50.082
1780415598.3201,50.082
1780415598.3260915,50.081
1780415598.3320673,50.081
1780415598.3379843,50.08
1780415598.3440444,50.08
1780415598.350074,50.08
1780415598.3560615,50.079
1780415598.362105,50.078
1780415598.3680418,50.078
1780415598.374175,50.077
1780415598.3800025,50.078
1780415598.3861604,50.077
1780415598.3921208,50.077
1780415598.3981152,50.077
1780415598.4040618,50.077
1780415598.4100502,50.076
1780415598.4160426,50.075
1780415598.4221876,50.075
1780415598.4280417,50.074
1780415598.4340768,50.074
1780415598.4400866,50.073
1780415598.4460816,50.073
1780415598.452137,50.073
1780415598.45797,50.073
1780415598.4640527,50.072
1780415598.4700828,50.072
1780415598.4760456,50.072
1780415598.4820552,50.071
1780415598.4880679,50.07
1780415598.49404,50.07
1780415598.5000463,50.07
1780415598.5060823,50.07
1780415598.5120938,50.07
1780415598.518047,50.069
1780415598.5240922,50.069
1780415598.5299764,50.069
1780415598.5361629,50.068
1780415598.542022,50.068
1780415598.5480618,50.068
1780415598.5540786,50.067
1780415598.560066,50.067
1780415598.566053,50.066
1780415598.5720918,50.066
1780415598.577984,50.066
1780415598.5840998,50.066
1780415598.5900414,50.065
1780415598.5961645,50.065
1780415598.6020317,50.065
1780415598.6080773,50.064
1780415598.6140838,50.064
1780415598.6200643,50.064
1780415598.6260662,50.063
1780415598.6320925,50.064
1780415598.6381085,50.063
1780415598.6439602,50.063
1780415598.6500454,50.062
1780415598.656076,50.062
1780415598.662029,50.062
1780415598.6682115,50.061
1780415598.6740763,50.061
1780415598.6800973,50.061
1780415598.6860104,50.061
1780415598.6919057,50.061
1780415598.6980848,50.06
1780415598.7040634,50.06
1780415598.710061,50.06
1780415598.7160459,50.06
1780415598.7220874,50.059
1780415598.7280557,50.059
1780415598.7340565,50.058
1780415598.7400985,50.058
1780415598.7460446,50.058
1780415598.7520902,50.058
1780415598.7580965,50.058
1780415598.7639256,50.057
1780415598.770055,50.058
1780415598.77606,50.058
1780415598.782061,50.057
1780415598.7880526,50.056
1780415598.794061,50.056
1780415598.8000648,50.056
1780415598.8060715,50.056
1780415598.812048,50.056
1780415598.818088,50.056
1780415598.8240733,50.056
1780415598.8301694,50.056
1780415598.8360317,50.055
1780415598.8420951,50.055
1780415598.8480728,50.054
1780415598.8540554,50.054
1780415598.8600981,50.054
1780415598.8660698,50.054
1780415598.8720767,50.053
1780415598.877954,50.053
1780415598.8840392,50.054
1780415598.890176,50.053
1780415598.8960462,50.053
1780415598.9021957,50.052
1780415598.9080508,50.052
1780415598.914088,50.053
1780415598.9200346,50.052
1780415598.926051,50.052
1780415598.932062,50.052
1780415598.9380844,50.051
1780415598.944064,50.051
1780415598.9499578,50.051
1780415598.9560115,50.051
1780415598.9620929,50.05
1780415598.968082,50.05
1780415598.9741678,50.05
1780415598.980051,50.05
1780415598.9860249,50.049
1780415598.9920604,50.05
1780415598.9980452,50.05
1780415599.004102,50.05
1780415599.0100873,50.049
1780415599.0160384,50.049
1780415599.0220993,50.048
1780415599.0280454,50.048
1780415599.0341845,50.047
1780415599.0400333,50.047
1780415599.046076,50.046
1780415599.0521069,50.046
1780415599.0580509,50.046
1780415599.0640833,50.046
1780415599.0699825,50.047
1780415599.0760338,50.047
1780415599.081959,50.046
1780415599.088048,50.046
1780415599.0940504,50.046
1780415599.1000626,50.046
1780415599.1060853,50.045
1780415599.1120691,50.044
1780415599.1181362,50.045
1780415599.1240022,50.045
1780415599.130048,50.045
1780415599.1361635,50.045
1780415599.1420603,50.045
1780415599.1480982,50.044
1780415599.1540768,50.044
1780415599.1601183,50.044
1780415599.1660278,50.044
1780415599.1720393,50.044
1780415599.178141,50.044
1780415599.1840553,50.044
1780415599.1900756,50.044
1780415599.1960342,50.044
1780415599.2020428,50.044
1780415599.2080607,50.043
1780415599.2140641,50.043
1780415599.2201607,50.044
1780415599.2260861,50.044
1780415599.2320144,50.043
1780415599.238093,50.043
1780415599.2440827,50.043
1780415599.250115,50.043
1780415599.2560763,50.043
1780415599.2620773,50.042
1780415599.2679622,50.042
1780415599.274066,50.041
1780415599.2800517,50.041
1780415599.2860432,50.041
1780415599.2921534,50.041
1780415599.2980638,50.041
1780415599.3040793,50.04
1780415599.3101099,50.041
1780415599.3159447,50.04
1780415599.322219,50.04
1780415599.3280406,50.04
1780415599.33407,50.041
1780415599.340063,50.04
1780415599.3460915,50.04
1780415599.352063,50.04
1780415599.3580744,50.04
1780415599.3640523,50.04
1780415599.3700948,50.039
1780415599.3760853,50.039
1780415599.382097,50.039
1780415599.3880439,50.038
1780415599.3940916,50.039
1780415599.40005,50.038
1780415599.406097,50.038
1780415599.412074,50.038
1780415599.4180894,50.038
1780415599.4240558,50.038
1780415599.430163,50.038
1780415599.43602,50.038
1780415599.4420679,50.037
1780415599.4480286,50.037
1780415599.454104,50.037
1780415599.4600852,50.037
1780415599.4660943,50.037
1780415599.472123,50.036
1780415599.4778903,50.036
1780415599.4840782,50.036
1780415599.4901657,50.037
1780415599.496072,50.037
1780415599.502046,50.036
1780415599.5080414,50.036
1780415599.5140693,50.036
1780415599.520026,50.036
1780415599.5260875,50.036
1780415599.532081,50.035
1780415599.5380602,50.036
1780415599.5441368,50.036
1780415599.5499775,50.035
1780415599.5561318,50.035
1780415599.5620902,50.035
1780415599.5681427,50.034
1780415599.5740616,50.034
1780415599.5800917,50.034
1780415599.586087,50.034
1780415599.592102,50.034
1780415599.597982,50.034
1780415599.604179,50.034
1780415599.6100647,50.034
1780415599.6160972,50.034
1780415599.6220264,50.034
1780415599.62812,50.034
1780415599.6340463,50.033
1780415599.6401262,50.034
1780415599.6460917,50.034
1780415599.6521819,50.033
1780415599.6580787,50.034
1780415599.6640558,50.033
1780415599.6700435,50.034
1780415599.6761098,50.033
1780415599.6820698,50.033
1780415599.688213,50.033
1780415599.6940598,50.032
1780415599.7001734,50.032
1780415599.7059731,50.033
1780415599.7121994,50.032
1780415599.7182322,50.033
1780415599.7241137,50.033
1780415599.730072,50.033
1780415599.7360542,50.032
1780415599.742077,50.032
1780415599.7480302,50.032
1780415599.7540202,50.031
1780415599.760101,50.031
1780415599.766036,50.032
1780415599.7721055,50.031
1780415599.7780912,50.032
1780415599.784034,50.031
1780415599.790084,50.031
1780415599.7960267,50.032
1780415599.802403,50.031
1780415599.8081334,50.031
1780415599.8141205,50.031
1780415599.8200247,50.03
1780415599.8260648,50.03
1780415599.8320613,50.03
1780415599.8382075,50.03
1780415599.844073,50.03
1780415599.8500972,50.03
1780415599.8560371,50.03
1780415599.8620992,50.03
1780415599.8679726,50.03
1780415599.8741612,50.029
1780415599.880071,50.029
1780415599.886075,50.03
1780415599.8920329,50.029
1780415599.8980885,50.03
1780415599.9041197,50.029
1780415599.9100692,50.03
1780415599.9160738,50.03
1780415599.9221,50.029
1780415599.9280307,50.029
1780415599.9341197,50.029
1780415599.9400966,50.029
1780415599.9461076,50.029
1780415599.9520998,50.029
1780415599.9580882,50.029
1780415599.9640937,50.029
1780415599.9699445,50.029
1780415599.9762244,50.029
1780415599.9820762,50.028
1780415599.9880557,50.029
1780415599.994087,50.028
1780415600.0000644,50.028
1780415600.0059466,50.028
1780415600.0120535,50.028
1780415600.0179727,50.028
1780415600.0240915,50.028
1780415600.0300627,50.028
1780415600.036107,50.028
1780415600.0420504,50.028
1780415600.048093,50.028
1780415600.0539055,50.028
1780415600.0600889,50.028
1780415600.0660439,50.028
1780415600.072097,50.029
1780415600.0780613,50.03
1780415600.0840907,50.029
1780415600.0900388,50.029
1780415600.0960858,50.029
1780415600.1021113,50.029
1780415600.1080327,50.03
1780415600.1140525,50.029
1780415600.1200638,50.029
1780415600.1260912,50.029
1780415600.132077,50.029
1780415600.1381073,50.029
1780415600.1440785,50.029
1780415600.1501012,50.03
1780415600.1560295,50.029
1780415600.162134,50.03
1780415600.1680331,50.03
1780415600.1741312,50.03
1780415600.1801043,50.03
1780415600.1861584,50.03
1780415600.1920507,50.03
1780415600.198044,50.03
1780415600.2040582,50.029
1780415600.210106,50.03
1780415600.2160356,50.03
1780415600.222291,50.029
1780415600.2280939,50.029
1780415600.2340868,50.029
1780415600.240088,50.028
1780415600.2461581,50.029
1780415600.2520313,50.029
1780415600.2580595,50.029
1780415600.2641306,50.029
1780415600.2700703,50.029
1780415600.2760763,50.029
1780415600.282059,50.029
1780415600.2880213,50.029
1780415600.294072,50.028
1780415600.3000271,50.028
1780415600.306068,50.028
1780415600.3120987,50.028
1780415600.3180802,50.028
1780415600.3241084,50.028
1780415600.3300426,50.028
1780415600.3360798,50.027
1780415600.34208,50.027
1780415600.3481069,50.027
1780415600.3541412,50.027
1780415600.3601613,50.027
1780415600.3660293,50.027
1780415600.372053,50.027
1780415600.3780806,50.026
1780415600.384066,50.026
1780415600.3900402,50.027
1780415600.3960876,50.026
1780415600.4020524,50.026
1780415600.4081001,50.026
1780415600.4139433,50.025
1780415600.420172,50.025
1780415600.4260535,50.026
1780415600.43211,50.026
1780415600.4380748,50.026
1780415600.444039,50.025
1780415600.4500432,50.026
1780415600.4560711,50.025
1780415600.4620728,50.025
1780415600.4680905,50.025
1780415600.4740908,50.025
1780415600.480173,50.024
1780415600.4859943,50.024
1780415600.492255,50.024
1780415600.4982553,50.024
1780415600.5040915,50.024
1780415600.5101311,50.024
1780415600.5160964,50.024
1780415600.5221212,50.024
1780415600.5280151,50.023
1780415600.5340378,50.022
1780415600.5400991,50.022
1780415600.5460408,50.022
1780415600.552096,50.022
1780415600.5580957,50.022
1780415600.5640767,50.021
1780415600.5701456,50.022
1780415600.5760095,50.021
1780415600.583351,50.022
1780415600.5893354,50.022
1780415600.5953329,50.021
1780415600.6012802,50.021
1780415600.6072338,50.021
1780415600.613345,50.022
1780415600.6193526,50.02
1780415600.6252685,50.02
1780415600.6312895,50.02
1780415600.6374211,50.02
1780415600.64323,50.02
1780415600.6493597,50.02
1780415600.6552382,50.019
1780415600.6613123,50.019
1780415600.6673,50.019
1780415600.6733987,50.02
1780415600.6795614,50.019
1780415600.6853614,50.02
1780415600.6913419,50.02
1780415600.6971505,50.02
1780415600.7033193,50.02
1780415600.7092872,50.019
1780415600.7152374,50.019
1780415600.721276,50.019
1780415600.7271597,50.019
1780415600.7333798,50.02
1780415600.739556,50.019
1780415600.745317,50.019
1780415600.7513707,50.019
1780415600.7572443,50.018
1780415600.763346,50.019
1780415600.7693143,50.019
1780415600.7753932,50.018
1780415600.7812488,50.018
1780415600.7873745,50.018
1780415600.793273,50.018
1780415600.7992938,50.018
1780415600.805285,50.017
1780415600.8111575,50.018
1780415600.8172681,50.018
1780415600.8232574,50.017
1780415600.8291662,50.017
1780415600.8353884,50.017
1780415600.8412478,50.017
1780415600.8473718,50.017
1780415600.8532789,50.017
1780415600.8592541,50.017
1780415600.865321,50.016
1780415600.8713179,50.017
1780415600.877308,50.017
1780415600.8832967,50.017
1780415600.889316,50.016
1780415600.8953073,50.016
1780415600.9012594,50.015
1780415600.9071746,50.015
1780415600.9132528,50.016
1780415600.9192457,50.015
1780415600.925391,50.015
1780415600.9312692,50.015
1780415600.937373,50.016
1780415600.943269,50.015
1780415600.9493246,50.015
1780415600.9551728,50.015
1780415600.961267,50.014
1780415600.9673533,50.015
1780415600.9733305,50.015
1780415600.9792998,50.015
1780415600.9852831,50.015
1780415600.9912941,50.014
1780415600.9972634,50.015
1780415601.0032465,50.014
1780415601.0092793,50.014
1780415601.0152986,50.014
1780415601.021325,50.014
1780415601.027337,50.013
1780415601.0333195,50.014
1780415601.0392773,50.014
1780415601.0452197,50.014
1780415601.0512881,50.014
1780415601.0573123,50.014
1780415601.0633473,50.014
1780415601.0692875,50.014
1780415601.075253,50.015
1780415601.08135,50.015
1780415601.0872893,50.014
1780415601.093319,50.014
1780415601.099318,50.014
1780415601.1052854,50.014
1780415601.1112466,50.015
1780415601.117313,50.015
1780415601.1232944,50.015
1780415601.1292489,50.015
1780415601.1354125,50.015
1780415601.1413379,50.015
1780415601.147369,50.015
1780415601.1532729,50.015
1780415601.159346,50.015
1780415601.1653767,50.016
1780415601.1712,50.015
1780415601.1772847,50.015
1780415601.1831276,50.015
1780415601.1893196,50.015
1780415601.195337,50.015
1780415601.2012722,50.015
1780415601.2072766,50.015
1780415601.2132998,50.015
1780415601.219241,50.015
1780415601.224757,50.014
1780415601.230858,50.014
1780415601.2368503,50.014
1780415601.2428372,50.014
1780415601.2487574,50.014
1780415601.2548015,50.014
1780415601.2605872,50.014
1780415601.2665095,50.014
1780415601.2721865,50.014
1780415601.2781808,50.014
1780415601.284126,50.014
1780415601.2901459,50.014
1780415601.296115,50.015
1780415601.3020682,50.014
1780415601.308067,50.014
1780415601.3140585,50.014
1780415601.3200371,50.014
1780415601.3260572,50.013
1780415601.3320403,50.014
1780415601.3381033,50.014
1780415601.3441079,50.014
1780415601.3500328,50.014
1780415601.3561025,50.014
1780415601.3620243,50.014
1780415601.368088,50.013
1780415601.373901,50.013
1780415601.3801372,50.013
1780415601.386104,50.013
1780415601.3920739,50.013
1780415601.3980646,50.014
1780415601.404118,50.014
1780415601.4100406,50.014
1780415601.416074,50.013
1780415601.4221458,50.014
1780415601.4280922,50.013
1780415601.434063,50.013
1780415601.44013,50.013
1780415601.4460495,50.013
1780415601.4521024,50.013
1780415601.4580114,50.013
1780415601.4641645,50.013
1780415601.4701414,50.013
1780415601.4760845,50.013
1780415601.4820647,50.013
1780415601.488047,50.013
1780415601.4940772,50.013
1780415601.5000107,50.013
1780415601.506041,50.013
1780415601.5120602,50.013
1780415601.518098,50.013
1780415601.5241296,50.013
1780415601.53017,50.013
1780415601.5360498,50.013
1780415601.542136,50.014
1780415601.548033,50.013
1780415601.5541537,50.013
1780415601.5599165,50.013
1780415601.5661461,50.013
1780415601.5720494,50.013
1780415601.578152,50.013
1780415601.584139,50.013
1780415601.5900524,50.012
1780415601.5960772,50.012
1780415601.601931,50.012
1780415601.6080732,50.012
1780415601.6140559,50.012
1780415601.620038,50.012
1780415601.626056,50.012
1780415601.6320586,50.011
1780415601.638193,50.011
1780415601.6440384,50.011
1780415601.6500263,50.011
1780415601.6561294,50.011
1780415601.662067,50.012
1780415601.668139,50.011
1780415601.6740468,50.011
1780415601.6801403,50.011
1780415601.6860898,50.011
1780415601.692057,50.012
1780415601.6980197,50.012
1780415601.704056,50.012
1780415601.710043,50.012
1780415601.7160568,50.012
1780415601.7220862,50.012
1780415601.7284822,50.012
1780415601.7342784,50.011
1780415601.7400904,50.011
1780415601.7460735,50.011
1780415601.7520947,50.011
1780415601.7579443,50.011
1780415601.7642288,50.011
1780415601.7701912,50.011
1780415601.7760525,50.012
1780415601.7821124,50.011
1780415601.7880468,50.012
1780415601.7940736,50.012
1780415601.8001056,50.011
1780415601.806047,50.011
1780415601.8120668,50.011
1780415601.818023,50.011
1780415601.8239539,50.011
1780415601.8296058,50.011
1780415601.8356185,50.011
1780415601.8413136,50.01
1780415601.8472502,50.011
1780415601.8529513,50.011
1780415601.858937,50.011
1780415601.8648133,50.011
1780415601.8709095,50.011
1780415601.8766963,50.01
1780415601.8830218,50.011
1780415601.8890085,50.01
1780415601.8949263,50.01
1780415601.9008436,50.011
1780415601.9068244,50.011
1780415601.9129052,50.01
1780415601.918908,50.009
1780415601.924899,50.009
1780415601.9309237,50.009
1780415601.936787,50.009
1780415601.9429753,50.01
1780415601.9490237,50.01
1780415601.9548824,50.01
1780415601.961028,50.01
1780415601.966846,50.01
1780415601.9729643,50.01
1780415601.9787903,50.01
1780415601.9849262,50.009
1780415601.9909213,50.009
1780415601.9969006,50.009
1780415602.0029793,50.01
1780415602.0090218,50.009
1780415602.014995,50.01
1780415602.0207796,50.01
1780415602.026905,50.011
1780415602.0329823,50.01
1780415602.0388439,50.01
1780415602.0449476,50.01
1780415602.0509276,50.01
1780415602.057007,50.01
1780415602.0628808,50.009
1780415602.068868,50.01
1780415602.0749283,50.011
1780415602.080844,50.011
1780415602.0869586,50.011
1780415602.0928416,50.01
1780415602.0989559,50.009
1780415602.1048408,50.009
1780415602.1109502,50.009
1780415602.116704,50.01
1780415602.1230283,50.01
1780415602.128942,50.01
1780415602.1348531,50.011
1780415602.1408684,50.011
1780415602.1468656,50.011
1780415602.1528869,50.011
1780415602.1587942,50.011
1780415602.1648731,50.011
1780415602.1708713,50.011
1780415602.1768997,50.011
1780415602.1829438,50.011
1780415602.1888804,50.011
1780415602.1948802,50.011
1780415602.2009664,50.011
1780415602.2068524,50.011
1780415602.2129405,50.011
1780415602.2189162,50.011
1780415602.2248552,50.011
1780415602.230962,50.011
1780415602.236925,50.011
1780415602.2429345,50.011
1780415602.2489345,50.011
1780415602.2549024,50.011
1780415602.260825,50.011
1780415602.2668529,50.011
1780415602.2728736,50.011
1780415602.2789295,50.01
1780415602.2849643,50.01
1780415602.2909172,50.01
1780415602.2969332,50.01
1780415602.3028924,50.01
1780415602.3088782,50.01
1780415602.3149161,50.01
1780415602.3209734,50.01
1780415602.3269393,50.01
1780415602.3328545,50.01
1780415602.3388877,50.01
1780415602.3448994,50.01
1780415602.3509405,50.009
1780415602.356785,50.009
1780415602.3628554,50.009
1780415602.368779,50.01
1780415602.374363,50.009
1780415602.3804247,50.009
1780415602.386139,50.009
1780415602.3920276,50.009
1780415602.3977833,50.009
1780415602.4037213,50.009
1780415602.4096692,50.008
1780415602.4157472,50.008
1780415602.4215555,50.008
1780415602.427719,50.009
1780415602.433683,50.008
1780415602.4397051,50.009
1780415602.4457295,50.009
1780415602.4516273,50.009
1780415602.457682,50.009
1780415602.4636655,50.009
1780415602.4696515,50.009
1780415602.4758053,50.009
1780415602.4816966,50.008
1780415602.4877286,50.009
1780415602.4937491,50.008
1780415602.499711,50.009
1780415602.5057793,50.009
1780415602.5115883,50.009
1780415602.5176935,50.009
1780415602.5237432,50.009
1780415602.5296574,50.008
1780415602.5357757,50.008
1780415602.541754,50.009
1780415602.5476437,50.009
1780415602.5537703,50.008
1780415602.5597246,50.008
1780415602.565575,50.008
1780415602.571642,50.008
1780415602.5777414,50.008
1780415602.5835829,50.008
1780415602.5898502,50.008
1780415602.595683,50.008
1780415602.6017587,50.008
1780415602.6077132,50.008
1780415602.6137214,50.008
1780415602.6197298,50.008
1780415602.6255624,50.008
1780415602.6317015,50.008
1780415602.6377094,50.008
1780415602.6436949,50.008
1780415602.649732,50.008
1780415602.6556604,50.008
1780415602.6616378,50.008
1780415602.667682,50.008
1780415602.6736472,50.008
1780415602.6798308,50.008
1780415602.6856678,50.008
1780415602.6916413,50.008
1780415602.6975715,50.008
1780415602.703809,50.008
1780415602.7096267,50.008
1780415602.7157063,50.008
1780415602.7216542,50.008
1780415602.7277365,50.009
1780415602.7336154,50.008
1780415602.739582,50.008
1780415602.74569,50.008
1780415602.7517257,50.009
1780415602.7577076,50.009
1780415602.7637422,50.009
1780415602.7696707,50.009
1780415602.7756793,50.009
1780415602.7817109,50.008
1780415602.7875645,50.009
1780415602.7937195,50.008
1780415602.799652,50.009
1780415602.8058083,50.009
1780415602.8116915,50.008
1780415602.8177347,50.008
1780415602.823626,50.008
1780415602.8297682,50.008
1780415602.835641,50.007
1780415602.8417592,50.008
1780415602.8476326,50.007
1780415602.8536263,50.007
1780415602.8596938,50.008
1780415602.8656838,50.008
1780415602.87169,50.008
1780415602.877734,50.008
1780415602.883647,50.008
1780415602.8896713,50.009
1780415602.8956838,50.01
1780415602.9016013,50.01
1780415602.9077225,50.011
1780415602.9135842,50.012
1780415602.9195914,50.012
1780415602.9257014,50.013
1780415602.9315507,50.014
1780415602.937654,50.014
1780415602.9435523,50.015
1780415602.949674,50.015
1780415602.955553,50.016
1780415602.9617198,50.017
1780415602.9676852,50.018
1780415602.9736533,50.019
1780415602.9797473,50.019
1780415602.985613,50.02
1780415602.9916189,50.021
1780415602.99769,50.022
1780415603.0035994,50.023
1780415603.0097663,50.023
1780415603.0155942,50.023
1780415603.0216794,50.024
1780415603.0276535,50.025
1780415603.033724,50.025
1780415603.0397189,50.026
1780415603.045659,50.026
1780415603.0516837,50.027
1780415603.0576034,50.028
1780415603.063822,50.028
1780415603.069595,50.03
1780415603.075743,50.032
1780415603.0816398,50.032
1780415603.0878053,50.033
1780415603.0937762,50.034
1780415603.0997107,50.035
1780415603.105678,50.035
1780415603.1116247,50.036
1780415603.1177382,50.036
1780415603.1236756,50.037
1780415603.1297283,50.038
1780415603.1356509,50.039
1780415603.1417444,50.039
1780415603.1476414,50.04
1780415603.1537364,50.04
1780415603.159764,50.041
1780415603.165685,50.041
1780415603.171698,50.041
1780415603.1775923,50.042
1780415603.1837168,50.042
1780415603.1895926,50.042
1780415603.1957629,50.043
1780415603.201684,50.043
1780415603.2076957,50.043
1780415603.213668,50.043
1780415603.2195964,50.044
1780415603.225731,50.044
1780415603.2315943,50.044
1780415603.2377098,50.045
1780415603.2435963,50.046
1780415603.249776,50.047
1780415603.2556956,50.047
1780415603.2617195,50.047
1780415603.2676382,50.047
1780415603.2737398,50.047
1780415603.27971,50.048
1780415603.2856789,50.047
1780415603.2917535,50.048
1780415603.2976336,50.049
1780415603.303693,50.048
1780415603.3097014,50.048
1780415603.315831,50.048
1780415603.3217857,50.047
1780415603.3277566,50.047
1780415603.333717,50.047
1780415603.339788,50.047
1780415603.3458421,50.047
1780415603.3515735,50.046
1780415603.3577485,50.047
1780415603.363759,50.047
1780415603.3697705,50.046
1780415603.3758075,50.046
1780415603.3817868,50.046
1780415603.3876903,50.045
1780415603.3937411,50.045
1780415603.3995717,50.045
1780415603.4056726,50.045
1780415603.410932,50.058
1780415603.4162498,50.061
1780415603.4215002,50.066
1780415603.4270005,50.07
1780415603.4322245,50.076
1780415603.437867,50.08
1780415603.4430895,50.083
1780415603.4486346,50.087
1780415603.453864,50.092
1780415603.4594495,50.095
1780415603.4646769,50.1
1780415603.470247,50.106
1780415603.475488,50.109
1780415603.481049,50.11
1780415603.4862816,50.116
1780415603.4918423,50.12
1780415603.4970734,50.125
1780415603.5026147,50.127
1780415603.5078547,50.134
1780415603.5134118,50.135
1780415603.5186362,50.141
1780415603.5242171,50.144
1780415603.5294375,50.148
1780415603.5350106,50.152
1780415603.5402334,50.157
1780415603.545861,50.162
1780415603.5510461,50.164
1780415603.5566518,50.167
1780415603.5618799,50.172
1780415603.5674558,50.175
1780415603.5726893,50.179
1780415603.578258,50.185
1780415603.5834818,50.187
1780415603.589014,50.19
1780415603.5942357,50.194
1780415603.5998566,50.197
1780415603.6050837,50.202
1780415603.6106708,50.206
1780415603.615907,50.211
1780415603.621518,50.212
1780415603.6269672,50.216
1780415603.6322494,50.22
1780415603.6374776,50.224
1780415603.6430144,50.227
1780415603.6482573,50.233
1780415603.653813,50.232
1780415603.6590388,50.237
1780415603.664657,50.241
1780415603.669887,50.245
1780415603.6753933,50.248
1780415603.680618,50.252
1780415603.6862593,51.001
1780415603.6914947,51.002
1780415603.6969962,51.006
1780415603.702216,51.01
1780415603.7078059,51.012
1780415603.713031,51.016
1780415603.7186434,51.022
1780415603.7238858,51.024
1780415603.7294433,51.026
1780415603.734663,51.03
1780415603.740244,51.033
1780415603.7454607,51.037
1780415603.7510083,51.038
1780415603.756238,51.045
1780415603.7618527,51.045
1780415603.7670774,51.048
1780415603.7727957,51.052
1780415603.7781339,51.056
1780415603.7834506,51.059
1780415603.7886763,51.065
1780415603.794275,51.067
1780415603.7995071,51.069
1780415603.8050075,51.071
1780415603.810231,51.075
1780415603.8158474,51.078
1780415603.82108,51.081
1780415603.8266594,51.085
1780415603.831881,51.087
1780415603.8374567,51.09
1780415603.842694,51.094
1780415603.848215,51.096
1780415603.8534412,51.1
1780415603.859022,51.103
1780415603.8642526,51.107
1780415603.8698714,51.108
1780415603.875088,51.112
1780415603.8806224,51.113
1780415603.885848,51.117
1780415603.8914757,51.12
1780415603.896707,51.125
1780415603.9022114,51.126
1780415603.9074385,51.129
1780415603.9130135,51.131
1780415603.918238,51.135
1780415603.9238586,51.137
1780415603.9290895,51.141
1780415603.9346576,51.145
1780415603.9398868,51.145
1780415603.9454076,51.148
1780415603.9506373,51.152
1780415603.956204,51.154
1780415603.9614246,51.157
1780415603.9670691,51.161
1780415603.9723117,51.163
1780415603.9778388,51.165
1780415603.9830582,51.168
1780415603.988602,51.171
1780415603.9938185,51.173
1780415603.9994078,51.175
1780415604.0046506,51.18
1780415604.0102072,51.18
1780415604.015436,51.184
1780415604.0210593,51.186
1780415604.0262809,51.189
1780415604.0318127,51.192
1780415604.0370388,51.196
1780415604.0426748,51.198
1780415604.047901,51.199
1780415604.0534484,51.201
1780415604.058672,51.204
1780415604.064255,51.207
1780415604.0694814,51.21
1780415604.075065,51.214
1780415604.080295,51.214
1780415604.0858555,51.217
1780415604.0910861,51.22
1780415604.0966604,51.222
1780415604.1018884,51.225
1780415604.1074662,51.227
1780415604.1127017,51.231
1780415604.118224,51.231
1780415604.1234472,51.234
1780415604.1290355,51.236
1780415604.1342633,51.239
1780415604.1398692,51.241
1780415604.1450977,51.246
1780415604.150614,51.246
1780415604.1558435,51.248
1780415604.1614106,51.25
1780415604.166638,51.253
1780415604.1722586,51.254
1780415604.1774871,52.002
1780415604.18308,52.006
1780415604.1883037,52.005
1780415604.193804,52.008
1780415604.199033,52.011
1780415604.2046077,52.013
1780415604.2098348,52.015
1780415604.2154558,52.019
1780415604.2206953,52.02
1780415604.2262688,52.021
1780415604.2317183,52.015
1780415604.2382424,52.011
1780415604.2445595,52.008
1780415604.2505183,52.007
1780415604.256505,52.006
1780415604.2623806,52.004
1780415604.26845,52.003
1780415604.2745936,52.002
1780415604.2804585,52.0
1780415604.2865837,51.254
1780415604.292405,51.253
1780415604.2984054,51.25
1780415604.30452,51.248
1780415604.310539,51.245
1780415604.3165357,51.242
1780415604.322426,51.24
1780415604.3285248,51.236
1780415604.3345575,51.233
1780415604.3404627,51.231
1780415604.346599,51.228
1780415604.3525162,51.226
1780415604.3584962,51.223
1780415604.3645282,51.22
1780415604.3706052,51.218
1780415604.3765829,51.216
1780415604.3825383,51.213
1780415604.3885427,51.21
1780415604.3945127,51.208
1780415604.4004889,51.205
1780415604.4065788,51.202
1780415604.4124968,51.2
1780415604.4185548,51.198
1780415604.424558,51.196
1780415604.4305766,51.194
1780415604.4365745,51.191
1780415604.4425588,51.188
1780415604.448546,51.186
1780415604.4544876,51.183
1780415604.4604447,51.181
1780415604.4665709,51.178
1780415604.4724824,51.176
1780415604.4785714,51.174
1780415604.4845726,51.172
1780415604.490381,51.169
1780415604.496588,51.167
1780415604.50259,51.165
1780415604.508575,51.162
1780415604.5144963,51.16
1780415604.5204694,51.157
1780415604.5265396,51.155
1780415604.532544,51.153
1780415604.5386262,51.151
1780415604.5446124,51.149
1780415604.5504858,51.147
1780415604.5565495,51.145
1780415604.5625057,51.143
1780415604.568569,51.14
1780415604.5745654,51.138
1780415604.5805545,51.136
1780415604.5865543,51.133
1780415604.5924485,51.131
1780415604.598566,51.13
1780415604.6045663,51.128
1780415604.610542,51.126
1780415604.6165895,51.124
1780415604.6224098,51.122
1780415604.628552,51.119
1780415604.634578,51.117
1780415604.6405604,51.115
1780415604.6465137,51.113
1780415604.6524885,51.111
1780415604.6586819,51.109
1780415604.6646197,51.107
1780415604.6705232,51.105
1780415604.6765676,51.104
1780415604.6824882,51.102
1780415604.6885514,51.1
1780415604.6943364,51.098
1780415604.700639,51.097
1780415604.7065508,51.094
1780415604.7125885,51.092
1780415604.7184448,51.092
1780415604.7238572,51.09
1780415604.7297568,51.087
1780415604.7355905,51.086
1780415604.7414343,51.083
1780415604.7472908,51.082
1780415604.7533548,51.08
1780415604.7591584,51.078
1780415604.7654054,51.075
1780415604.77138,51.074
1780415604.7774286,51.073
1780415604.7834187,51.07
1780415604.789345,51.069
1780415604.7952123,51.067
1780415604.8013823,51.065
1780415604.807292,51.063
1780415604.81341,51.061
1780415604.8192253,51.059
1780415604.8252969,51.057
1780415604.8313673,51.056
1780415604.8374133,51.055
1780415604.843416,51.052
1780415604.8492444,51.051
1780415604.8552952,51.049
1780415604.8613875,51.047
1780415604.867331,51.045
1780415604.8733706,51.044
1780415604.8792908,51.041
1780415604.8853545,51.04
1780415604.8913445,51.039
1780415604.8974416,51.037
1780415604.9034834,51.035
1780415604.9092753,51.033
1780415604.915346,51.032
1780415604.921373,51.03
1780415604.9272513,51.028
1780415604.933435,51.026
1780415604.9392893,51.025
1780415604.945396,51.024
1780415604.9511933,51.022
1780415604.9573839,51.02
1780415604.9634118,51.019
1780415604.9693675,51.017
1780415604.97532,51.017
1780415604.9812503,51.015
1780415604.9872625,51.013
1780415604.993332,51.012
1780415604.9993067,51.01
1780415605.0053735,51.008
1780415605.011266,51.007
1780415605.0173826,51.005
1780415605.0233867,51.004
1780415605.0293415,51.003
1780415605.0353906,51.002
1780415605.041263,51.0
1780415605.0472982,50.254
1780415605.053343,50.253
1780415605.0592918,50.251
1780415605.0653806,50.25
1780415605.071362,50.249
1780415605.0774167,50.249
1780415605.0834637,50.248
1780415605.0892684,50.246
1780415605.0953724,50.244
1780415605.1012044,50.242
1780415605.1073213,50.241
1780415605.113387,50.24
1780415605.119368,50.239
1780415605.1253238,50.238
1780415605.1313472,50.237
1780415605.1373749,50.236
1780415605.143397,50.234
1780415605.1493204,50.233
1780415605.1553905,50.232
1780415605.161292,50.231
1780415605.1673703,50.23
1780415605.173183,50.228
1780415605.1793776,50.227
1780415605.1854036,50.226
1780415605.1913817,50.225
1780415605.197277,50.224
1780415605.203398,50.222
1780415605.2092707,50.221
1780415605.2153838,50.219
1780415605.2212675,50.219
1780415605.2273936,50.218
1780415605.2332773,50.217
1780415605.239388,50.215
1780415605.2451196,50.214
1780415605.2513676,50.212
1780415605.2573853,50.211
1780415605.263425,50.21
1780415605.2693663,50.209
1780415605.275341,50.208
1780415605.28125,50.207
1780415605.2873707,50.206
1780415605.2933433,50.205
1780415605.2994058,50.203
1780415605.3052614,50.202
1780415605.3113408,50.2
1780415605.3173711,50.2
1780415605.3234255,50.198
1780415605.329411,50.197
1780415605.3353117,50.197
1780415605.3413005,50.195
1780415605.347323,50.194
1780415605.3532763,50.192
1780415605.359391,50.191
1780415605.3653474,50.19
1780415605.3714087,50.189
1780415605.3772576,50.188
1780415605.3834188,50.186
1780415605.3893955,50.186
1780415605.3953536,50.185
1780415605.401341,50.184
1780415605.4072595,50.183
1780415605.4133277,50.181
1780415605.419355,50.18
1780415605.425264,50.179
1780415605.431403,50.178
1780415605.43732,50.177
1780415605.443315,50.176
1780415605.449331,50.176
1780415605.4554365,50.175
1780415605.4613965,50.174
1780415605.4673433,50.173
1780415605.4733377,50.172
1780415605.4792168,50.17
1780415605.4855926,50.169
1780415605.4914238,50.168
1780415605.4973261,50.167
1780415605.5033693,50.166
1780415605.509411,50.166
1780415605.5152256,50.165
1780415605.521386,50.164
1780415605.5273776,50.163
1780415605.5333967,50.162
1780415605.5393248,50.162
1780415605.5453248,50.16
1780415605.551366,50.159
1780415605.5572288,50.158
1780415605.563262,50.157
1780415605.5694342,50.157
1780415605.575284,50.156
1780415605.5813763,50.156
1780415605.587309,50.155
1780415605.5933666,50.154
1780415605.5993228,50.153
1780415605.6053283,50.152
1780415605.611365,50.152
1780415605.6174164,50.15
1780415605.6233268,50.149
1780415605.6292853,50.148
1780415605.6352823,50.147
1780415605.641436,50.147
1780415605.6473255,50.146
1780415605.653427,50.145
1780415605.6592753,50.144
1780415605.6653624,50.143
1780415605.671422,50.142
1780415605.6773741,50.142
1780415605.683402,50.141
1780415605.6893692,50.14
1780415605.6953583,50.14
1780415605.701192,50.139
1780415605.7073164,50.138
1780415605.7134428,50.138
1780415605.7193334,50.136
1780415605.7254038,50.135
1780415605.7313154,50.135
1780415605.7374158,50.134
1780415605.7432544,50.133
1780415605.7491689,50.133
1780415605.7553587,50.132
1780415605.761433,50.132
1780415605.767378,50.131
1780415605.7732713,50.13
1780415605.7793353,50.129
1780415605.7853355,50.128
1780415605.7912219,50.128
1780415605.7974122,50.127
1780415605.8033397,50.126
1780415605.8093057,50.126
1780415605.8153641,50.125
1780415605.8211386,50.125
1780415605.8274,50.124
1780415605.8333645,50.123
1780415605.8393888,50.123
1780415605.845318,50.121
1780415605.8513389,50.12
1780415605.8573942,50.12
1780415605.8633356,50.119
1780415605.869299,50.119
1780415605.875377,50.118
1780415605.8813043,50.118
1780415605.8873672,50.117
1780415605.893187,50.116
1780415605.8993232,50.115
1780415605.9053035,50.115
1780415605.9113417,50.114
1780415605.9173627,50.113
1780415605.9234104,50.112
1780415605.9293306,50.112
1780415605.9353945,50.111
1780415605.9413376,50.111
1780415605.947411,50.11
1780415605.953361,50.109
1780415605.9593768,50.108
1780415605.9651997,50.107
1780415605.9714293,50.107
1780415605.9774303,50.106
1780415605.9834502,50.105
1780415605.9894438,50.104
1780415605.9952533,50.104
1780415606.0013204,50.103
1780415606.0074403,50.103
1780415606.0133448,50.102
1780415606.019383,50.101
1780415606.0253553,50.101
1780415606.0313773,50.1
1780415606.0371652,50.1
1780415606.0433822,50.099
1780415606.049296,50.099
1780415606.0554216,50.098
1780415606.061397,50.098
1780415606.067237,50.098
1780415606.0732942,50.097
1780415606.079303,50.098
1780415606.0852416,50.097
1780415606.0913124,50.096
1780415606.0972261,50.094
1780415606.103216,50.094
1780415606.1094503,50.094
1780415606.115302,50.094
1780415606.1213837,50.093
1780415606.1272771,50.093
1780415606.1333272,50.092
1780415606.1393359,50.092
1780415606.1453264,50.091
1780415606.1513765,50.091
1780415606.1573534,50.091
1780415606.1631784,50.091
1780415606.168849,50.09
1780415606.174893,50.089
1780415606.1808834,50.089
1780415606.1868713,50.089
1780415606.1927044,50.088
1780415606.198613,50.087
1780415606.2044125,50.087
1780415606.2103488,50.086
1780415606.2160769,50.085
1780415606.222219,50.085
1780415606.2281065,50.084
1780415606.2340739,50.084
1780415606.2400832,50.084
1780415606.2460613,50.084
1780415606.252054,50.084
1780415606.2581823,50.084
1780415606.2640445,50.083
1780415606.2702928,50.083
1780415606.2760794,50.083
1780415606.2821012,50.083
1780415606.2881255,50.082
1780415606.2940366,50.082
1780415606.300099,50.083
1780415606.3060446,50.083
1780415606.312099,50.083
1780415606.318051,50.082
1780415606.324142,50.082
1780415606.3300738,50.081
1780415606.3361156,50.08
1780415606.3421745,50.08
1780415606.3480704,50.08
1780415606.3540838,50.08
1780415606.360097,50.08
1780415606.3661366,50.08
1780415606.3721075,50.079
1780415606.3780754,50.079
1780415606.3840718,50.078
1780415606.3901315,50.078
1780415606.3961577,50.077
1780415606.402115,50.077
1780415606.4080825,50.077
1780415606.4141405,50.077
1780415606.420164,50.077
1780415606.426056,50.076
1780415606.432151,50.077
1780415606.438102,50.076
1780415606.4440787,50.076
1780415606.4500144,50.076
1780415606.4560704,50.076
1780415606.4620252,50.075
1780415606.4681172,50.075
1780415606.4740846,50.076
1780415606.4800308,50.076
1780415606.4862204,50.076
1780415606.4919746,50.076
1780415606.498172,50.076
1780415606.5040412,50.075
1780415606.5101926,50.074
1780415606.5160484,50.074
1780415606.5221736,50.074
1780415606.5281906,50.074
1780415606.5342216,50.073
1780415606.5402784,50.074
1780415606.5461693,50.073
1780415606.5521665,50.073
1780415606.5580523,50.073
1780415606.5640812,50.073
1780415606.5701432,50.072
1780415606.5760632,50.071
1780415606.5822854,50.071
1780415606.5881069,50.071
1780415606.5941281,50.071
1780415606.600266,50.07
1780415606.6060214,50.071
1780415606.6121733,50.07
1780415606.6180575,50.07
1780415606.6241293,50.07
1780415606.6301742,50.069
1780415606.6361294,50.069
1780415606.6420906,50.068
1780415606.648105,50.068
1780415606.654058,50.067
1780415606.660191,50.067
1780415606.6660666,50.067
1780415606.6721785,50.067
1780415606.6780744,50.067
1780415606.684164,50.066
1780415606.6900067,50.066
1780415606.6961286,50.066
1780415606.702201,50.066
1780415606.7082174,50.065
1780415606.7141895,50.065
1780415606.7200637,50.064
1780415606.7261217,50.064
1780415606.7322164,50.063
1780415606.7380738,50.063
1780415606.7442381,50.063
1780415606.750096,50.062
1780415606.7561786,50.062
1780415606.762056,50.062
1780415606.7682302,50.062
1780415606.774244,50.061
1780415606.7800822,50.061
1780415606.7861493,50.061
1780415606.7921019,50.06
1780415606.7981234,50.06
1780415606.8041031,50.06
1780415606.8100553,50.059
1780415606.8162215,50.058
1780415606.8221529,50.059
1780415606.8282518,50.059
1780415606.8342927,50.058
1780415606.8400366,50.058
1780415606.8461134,50.058
1780415606.852225,50.058
1780415606.8582098,50.057
1780415606.8640957,50.057
1780415606.8700945,50.057
1780415606.8760867,50.056
1780415606.882073,50.056
1780415606.8881655,50.055
1780415606.8942711,50.056
1780415606.9000747,50.055
1780415606.9061892,50.055
1780415606.912066,50.055
1780415606.9181182,50.054
1780415606.924192,50.054
1780415606.9301386,50.054
1780415606.9361646,50.054
1780415606.9421942,50.053
1780415606.9480906,50.053
1780415606.9540057,50.052
1780415606.960048,50.052
1780415606.9662063,50.053
1780415606.972176,50.053
1780415606.9782372,50.052
1780415606.9840877,50.052
1780415606.990151,50.052
1780415606.9961827,50.051
1780415607.0021296,50.051
1780415607.00818,50.052
1780415607.0141165,50.051
1780415607.0201395,50.051
1780415607.026214,50.05
1780415607.0320742,50.05
1780415607.038275,50.05
1780415607.0441058,50.049
1780415607.0504131,50.049
1780415607.0560892,50.049
1780415607.0621865,50.049
1780415607.0679524,50.05
1780415607.074002,50.049
1780415607.0801084,50.05
1780415607.0859447,50.049
1780415607.0921981,50.049
1780415607.0980642,50.048
1780415607.1040468,50.048
1780415607.110182,50.048
1780415607.1160777,50.048
1780415607.122055,50.048
1780415607.1280863,50.048
1780415607.1341927,50.048
1780415607.1401203,50.048
1780415607.146104,50.048
1780415607.1522632,50.049
1780415607.1580951,50.048
1780415607.1641881,50.048
1780415607.1700478,50.048
1780415607.1761236,50.048
1780415607.1821995,50.047
1780415607.188148,50.048
1780415607.1941733,50.047
1780415607.200085,50.047
1780415607.2061422,50.047
1780415607.2120826,50.047
1780415607.2180495,50.046
1780415607.2241852,50.046
1780415607.2301452,50.046
1780415607.2361524,50.046
1780415607.2420866,50.045
1780415607.2482285,50.046
1780415607.25424,50.046
1780415607.2600646,50.046
1780415607.2662027,50.046
1780415607.2720892,50.046
1780415607.27819,50.045
1780415607.2840438,50.045
1780415607.290118,50.045
1780415607.2961197,50.045
1780415607.3020966,50.044
1780415607.3081706,50.044
1780415607.3141696,50.044
1780415607.3200824,50.044
1780415607.32623,50.044
1780415607.3319821,50.044
1780415607.3382425,50.043
1780415607.3440742,50.043
1780415607.3501267,50.043
1780415607.3560526,50.043
1780415607.3620806,50.043
1780415607.3681984,50.043
1780415607.374204,50.042
1780415607.380097,50.042
1780415607.3862324,50.043
1780415607.392068,50.042
1780415607.3981483,50.041
1780415607.4041805,50.041
1780415607.4101636,50.041
1780415607.41612,50.04
1780415607.4221604,50.04
1780415607.4282196,50.04
1780415607.4342554,50.04
1780415607.4401925,50.04
1780415607.4460247,50.039
1780415607.452073,50.04
1780415607.458196,50.039
1780415607.4640899,50.039
1780415607.4702168,50.038
1780415607.476132,50.038
1780415607.4822419,50.038
1780415607.4880404,50.039
1780415607.4941921,50.038
1780415607.5001929,50.038
1780415607.5062046,50.038
1780415607.5121841,50.038
1780415607.5181692,50.038
1780415607.5241618,50.039
1780415607.5300925,50.039
1780415607.5361483,50.038
1780415607.5420647,50.038
1780415607.5481474,50.037
1780415607.5541232,50.037
1780415607.5602388,50.037
1780415607.5660932,50.037
1780415607.5720916,50.037
1780415607.5781937,50.037
1780415607.584215,50.037
1780415607.5900881,50.037
1780415607.5961452,50.037
1780415607.602094,50.036
1780415607.6082604,50.037
1780415607.6141741,50.037
1780415607.6200955,50.037
1780415607.6261904,50.037
1780415607.6319656,50.037
1780415607.6382174,50.037
1780415607.644192,50.036
1780415607.6501932,50.036
1780415607.6560888,50.036
1780415607.662152,50.035
1780415607.6680365,50.036
1780415607.674147,50.035
1780415607.6800199,50.035
1780415607.6862066,50.036
1780415607.692149,50.035
1780415607.6982331,50.035
1780415607.7040904,50.035
1780415607.7101734,50.034
1780415607.7159975,50.034
1780415607.722159,50.034
1780415607.7282627,50.035
1780415607.7343283,50.034
1780415607.7402995,50.034
1780415607.7460546,50.034
1780415607.752168,50.034
1780415607.7582061,50.034
1780415607.7640958,50.033
1780415607.770191,50.033
1780415607.7761393,50.033
1780415607.7822342,50.033
1780415607.7881048,50.032
1780415607.7941284,50.032
1780415607.8001666,50.032
1780415607.8059556,50.032
1780415607.812193,50.032
1780415607.8182628,50.032
1780415607.8242555,50.032
1780415607.8300543,50.032
1780415607.8361778,50.03
1780415607.8422177,50.03
1780415607.8481202,50.03
1780415607.854203,50.03
1780415607.8602731,50.03
1780415607.8660898,50.03
1780415607.8722324,50.03
1780415607.878006,50.03
1780415607.8842313,50.029
1780415607.8901367,50.03
1780415607.8961873,50.029
1780415607.9021633,50.029
1780415607.908104,50.029
1780415607.9140599,50.029
1780415607.9200392,50.028
1780415607.9260702,50.028
1780415607.9320812,50.028
1780415607.9380698,50.028
1780415607.944225,50.027
1780415607.9501011,50.027
1780415607.9561737,50.027
1780415607.9620235,50.027
1780415607.9681454,50.027
1780415607.974266,50.027
1780415607.9801202,50.026
1780415607.986149,50.026
1780415607.9920816,50.026
1780415607.9980874,50.027
1780415608.0041263,50.026
1780415608.0100513,50.026
1780415608.0162165,50.025
1780415608.0221899,50.025
1780415608.0283039,50.025
1780415608.0340962,50.025
1780415608.0400317,50.025
1780415608.0461795,50.025
1780415608.0521798,50.025
1780415608.0582418,50.025
1780415608.0641868,50.025
1780415608.0701277,50.025
1780415608.0760558,50.025
1780415608.0821166,50.025
1780415608.0880466,50.025
1780415608.0941827,50.024
1780415608.100209,50.023
1780415608.1060116,50.024
1780415608.1121135,50.024
1780415608.1180978,50.024
1780415608.1241755,50.024
1780415608.1302052,50.024
1780415608.1360872,50.024
1780415608.142251,50.024
1780415608.1480777,50.024
1780415608.1541784,50.024
1780415608.160179,50.023
1780415608.1660702,50.023
1780415608.1722217,50.024
1780415608.1781435,50.024
1780415608.1841915,50.024
1780415608.190029,50.024
1780415608.1961193,50.023
1780415608.2021112,50.023
1780415608.2081575,50.023
1780415608.2142687,50.023
1780415608.2204022,50.023
1780415608.2262378,50.022
1780415608.232211,50.023
1780415608.2380745,50.022
1780415608.244174,50.022
1780415608.250205,50.022
1780415608.2561839,50.022
1780415608.2622354,50.022
1780415608.268209,50.022
1780415608.2740734,50.022
1780415608.2803037,50.021
1780415608.2862003,50.021
1780415608.2921047,50.021
1780415608.2980318,50.021
1780415608.3042247,50.021
1780415608.309999,50.022
1780415608.3161945,50.022
1780415608.322138,50.022
1780415608.3281717,50.023
1780415608.3340802,50.023
1780415608.3401918,50.024
1780415608.3462098,50.024
1780415608.3521216,50.025
1780415608.358158,50.025
1780415608.3640707,50.026
1780415608.3701463,50.027
1780415608.3760502,50.027
1780415608.3821707,50.028
1780415608.388021,50.028
1780415608.394121,50.029
1780415608.4003215,50.029
1780415608.406024,50.031
1780415608.4121034,50.032
1780415608.4180806,50.032
1780415608.4241872,50.033
1780415608.430155,50.033
1780415608.436101,50.034
1780415608.442097,50.034
1780415608.4481359,50.034
1780415608.4540646,50.035
1780415608.460247,50.035
1780415608.4662044,50.035
1780415608.4720423,50.036
1780415608.4781153,50.036
1780415608.4842246,50.037
1780415608.4900746,50.037
1780415608.496212,50.037
1780415608.5020494,50.037
1780415608.507602,50.038
1780415608.5141184,50.039
1780415608.5200117,50.039
1780415608.525624,50.039
1780415608.5316586,50.04
1780415608.5376754,50.041
1780415608.5436797,50.041
1780415608.5493817,50.042
1780415608.5553718,50.042
1780415608.5610592,50.043
1780415608.567012,50.042
1780415608.5729456,50.043
1780415608.5790408,50.044
1780415608.585036,50.044
1780415608.5909317,50.045
1780415608.5970166,50.045
1780415608.6028383,50.045
1780415608.609025,50.045
1780415608.6148288,50.045
1780415608.6209545,50.046
1780415608.6268191,50.046
1780415608.632957,50.046
1780415608.6390185,50.047
1780415608.6449997,50.047
1780415608.651035,50.047
1780415608.656807,50.047
1780415608.6629944,50.048
1780415608.6688101,50.048
1780415608.6749165,50.048
1780415608.6809056,50.049
1780415608.686855,50.049
1780415608.692892,50.049
1780415608.6989105,50.049
1780415608.704924,50.049
1780415608.7110085,50.05
1780415608.716961,50.05
1780415608.7229278,50.051
1780415608.728939,50.051
1780415608.7349799,50.05
1780415608.7409413,50.049
1780415608.7469463,50.049
1780415608.752859,50.049
1780415608.7590423,50.049
1780415608.7649865,50.048
1780415608.7709792,50.048
1780415608.7770176,50.048
1780415608.7828715,50.048
1780415608.7889767,50.047
1780415608.7950027,50.047
1780415608.800996,50.046
1780415608.807016,50.046
1780415608.8129854,50.046
1780415608.8189263,50.046
1780415608.82555,50.045
1780415608.8313713,50.045
1780415608.837097,50.045
1780415608.8430345,50.044
1780415608.849041,50.044
1780415608.854925,50.044
1780415608.8610585,50.044
1780415608.8669293,50.043
1780415608.8729656,50.043
1780415608.8788643,50.043
1780415608.8850539,50.043
1780415608.8910463,50.043
1780415608.8969786,50.042
1780415608.9029703,50.043
1780415608.9088225,50.042
1780415608.91493,50.041
1780415608.9209664,50.041
1780415608.926901,50.041
1780415608.9330337,50.041
1780415608.9389536,50.04
1780415608.945015,50.039
1780415608.9510252,50.039
1780415608.956825,50.039
1780415608.9629436,50.039
1780415608.968982,50.04
1780415608.9750335,50.04
1780415608.980986,50.039
1780415608.9869802,50.038
1780415608.9928298,50.038
1780415608.9988976,50.038
1780415609.005019,50.038
1780415609.0110452,50.038
1780415609.016945,50.038
1780415609.0230572,50.038
1780415609.0288994,50.038
1780415609.034987,50.037
1780415609.0410244,50.037
1780415609.047027,50.037
1780415609.0530372,50.037
1780415609.0590422,50.037
1780415609.0648634,50.037
1780415609.0703104,50.037
1780415609.0760427,50.038
1780415609.0818293,50.038
1780415609.0877674,50.037
1780415609.0936615,50.037
1780415609.0997758,50.037
1780415609.1056821,50.037
1780415609.1118789,50.037
1780415609.1177595,50.037
1780415609.1238053,50.037
1780415609.129877,50.036
1780415609.13577,50.036
1780415609.1418023,50.036
1780415609.1476064,50.036
1780415609.1537516,50.036
1780415609.159823,50.036
1780415609.1659203,50.036
1780415609.1717727,50.035
1780415609.17781,50.035
1780415609.183659,50.035
1780415609.1898403,50.034
1780415609.1957273,50.034
1780415609.2018569,50.034
1780415609.207797,50.034
1780415609.213808,50.034
1780415609.2197566,50.034
1780415609.2257903,50.033
1780415609.2316968,50.033
1780415609.2378185,50.033
1780415609.2436523,50.033
1780415609.2497764,50.033
1780415609.2557855,50.032
1780415609.2618098,50.032
1780415609.2678025,50.032
1780415609.2736409,50.032
1780415609.279759,50.031
1780415609.2858095,50.031
1780415609.2917092,50.031
1780415609.2978063,50.031
1780415609.303787,50.031
1780415609.3098476,50.03
1780415609.3158085,50.03
1780415609.321897,50.03
1780415609.3279622,50.03
1780415609.3337731,50.03
1780415609.3398108,50.03
1780415609.3458474,50.03
1780415609.3518333,50.029
1780415609.3577433,50.03
1780415609.3637671,50.029
1780415609.369763,50.029
1780415609.375613,50.028
1780415609.3817215,50.028
1780415609.3877594,50.028
1780415609.393764,50.027
1780415609.3998473,50.028
1780415609.405789,50.027
1780415609.4117987,50.027
1780415609.4177089,50.027
1780415609.4238226,50.027
1780415609.429693,50.027
1780415609.4358017,50.027
1780415609.4417825,50.027
1780415609.4477837,50.027
1780415609.4537787,50.027
1780415609.4596753,50.027
1780415609.4657762,50.027
1780415609.4716187,50.027
1780415609.4777157,50.027
1780415609.483874,50.027
1780415609.489771,50.027
1780415609.4956863,50.027
1780415609.501864,50.027
1780415609.507721,50.027
1780415609.513812,50.027
1780415609.5197034,50.027
1780415609.5258117,50.027
1780415609.5318027,50.026
1780415609.5378275,50.027
1780415609.5437834,50.026
1780415609.549803,50.026
1780415609.5557902,50.026
1780415609.5616972,50.026
1780415609.5677392,50.026
1780415609.5737648,50.026
1780415609.5797114,50.026
1780415609.5858762,50.025
1780415609.591762,50.025
1780415609.597817,50.025
1780415609.6037233,50.025
1780415609.6097636,50.025
1780415609.6157708,50.025
1780415609.6218593,50.025
1780415609.6278577,50.025
1780415609.6337411,50.025
1780415609.639771,50.025
1780415609.6457536,50.024
1780415609.651763,50.024
1780415609.6576257,50.024
1780415609.6637163,50.025
1780415609.6698382,50.025
1780415609.6757925,50.025
1780415609.6817608,50.024
1780415609.6878793,50.025
1780415609.6937642,50.024
1780415609.6998472,50.024
1780415609.7056518,50.024
1780415609.7117808,50.024
1780415609.7175484,50.024
1780415609.723931,50.025
1780415609.729774,50.025
1780415609.7356787,50.024
1780415609.7417479,50.025
1780415609.7478228,50.025
1780415609.7538064,50.026
1780415609.759731,50.027
1780415609.765855,50.028
1780415609.7716928,50.028
1780415609.7777565,50.029
1780415609.7837145,50.031
1780415609.7897882,50.032
1780415609.7957299,50.032
1780415609.8017218,50.034
1780415609.807738,50.037
1780415609.8137848,50.039
1780415609.819861,50.041
1780415609.8256369,50.043
1780415609.831819,50.045
1780415609.837614,50.047
1780415609.8438964,50.05
1780415609.8496604,50.051
1780415609.8558526,50.053
1780415609.8617966,50.054
1780415609.8677628,50.055
1780415609.8737993,50.057
1780415609.879637,50.058
1780415609.8859577,50.058
1780415609.89176,50.058
1780415609.8977878,50.059
1780415609.9036925,50.06
1780415609.909782,50.063
1780415609.9156885,50.065
1780415609.9217186,50.067
1780415609.927753,50.069
1780415609.9337206,50.071
1780415609.939798,50.074
1780415609.9456882,50.075
1780415609.9518876,50.078
1780415609.9577172,50.08
1780415609.963783,50.082
1780415609.9696689,50.085
1780415609.9757853,50.087
1780415609.981721,50.089
1780415609.9876065,50.091
1780415609.9937654,50.094
1780415609.999617,50.097
1780415610.0058136,50.1
1780415610.0116582,50.102
1780415610.0177932,50.104
1780415610.0237167,50.106
1780415610.0295997,50.108
1780415610.035958,50.11
1780415610.0419219,50.113
1780415610.0476077,50.116
1780415610.0537715,50.119
1780415610.0597372,50.121
1780415610.0656886,50.124
1780415610.0716116,50.13
1780415610.0777452,50.136
1780415610.0836368,50.142
1780415610.0901692,50.145
1780415610.095939,50.148
1780415610.1019585,50.15
1780415610.1077516,50.152
1780415610.1136498,50.154
1780415610.1199994,50.156
1780415610.125872,50.157
1780415610.131597,50.157
1780415610.137717,50.157
1780415610.1440806,50.156
1780415610.1499565,50.155
1780415610.1558158,50.154
1780415610.1617334,50.154
1780415610.167799,50.153
1780415610.1737883,50.153
1780415610.179722,50.152
1780415610.1857533,50.152
1780415610.1915767,50.151
1780415610.1978364,50.151
1780415610.2038014,50.154
1780415610.2098057,50.154
1780415610.215768,50.155
1780415610.2218058,50.154
1780415610.2277133,50.154
1780415610.233756,50.154
1780415610.2397327,50.155
1780415610.2458434,50.156
1780415610.2518237,50.157
1780415610.2578366,50.157
1780415610.2637887,50.157
1780415610.2696993,50.159
1780415610.2759545,50.159
1780415610.2818215,50.16
1780415610.2877219,50.159
1780415610.2937908,50.159
1780415610.29971,50.159
1780415610.3057506,50.158
1780415610.3116302,50.158
1780415610.317774,50.157
1780415610.3236895,50.157
1780415610.3296463,50.156
1780415610.3358684,50.156
1780415610.3418062,50.155
1780415610.3478258,50.154
1780415610.353796,50.153
1780415610.3597262,50.153
1780415610.3658736,50.152
1780415610.371653,50.15
1780415610.3777702,50.15
1780415610.383621,50.149
1780415610.3898113,50.148
1780415610.3959014,50.147
1780415610.4020348,50.147
1780415610.4080622,50.145
1780415610.4137998,50.145
1780415610.419759,50.145
1780415610.425621,50.144
1780415610.4317336,50.143
1780415610.437821,50.142
1780415610.4437099,50.142
1780415610.4497383,50.141
1780415610.4557233,50.141
1780415610.4618301,50.14
1780415610.4678826,50.139
1780415610.4737213,50.139
1780415610.4798703,50.138
1780415610.485687,50.137
1780415610.4917598,50.136
1780415610.4976354,50.136
1780415610.5038397,50.135
1780415610.5097566,50.134
1780415610.5158024,50.134
1780415610.5217657,50.134
1780415610.5277548,50.133
1780415610.533842,50.133
1780415610.5397031,50.132
1780415610.5457428,50.131
1780415610.5516675,50.13
1780415610.5577173,50.129
1780415610.563787,50.129
1780415610.5697887,50.128
1780415610.5758271,50.128
1780415610.581757,50.128
1780415610.58781,50.127
1780415610.5939264,50.126
1780415610.5996943,50.126
1780415610.6058614,50.125
1780415610.6115754,50.125
1780415610.617804,50.124
1780415610.6238544,50.124
1780415610.6298418,50.123
1780415610.635787,50.123
1780415610.641827,50.122
1780415610.6477718,50.121
1780415610.653659,50.12
1780415610.6597612,50.12
1780415610.665773,50.119
1780415610.6716511,50.119
1780415610.6777813,50.119
1780415610.6836667,50.119
1780415610.68989,50.119
1780415610.6956487,50.119
1780415610.7018018,50.119
1780415610.7077155,50.118
1780415610.713617,50.119
1780415610.7197783,50.12
1780415610.725697,50.121
1780415610.7317705,50.122
1780415610.7376235,50.123
1780415610.7437282,50.124
1780415610.7496457,50.124
1780415610.755796,50.125
1780415610.7615955,50.125
1780415610.7677267,50.125
1780415610.7737577,50.125
1780415610.7796211,50.125
1780415610.7857416,50.125
1780415610.7916572,50.126
1780415610.7977982,50.126
1780415610.8036518,50.126
1780415610.8098006,50.126
1780415610.8155859,50.126
1780415610.8219368,50.126
1780415610.827915,50.127
1780415610.8337686,50.127
1780415610.8397462,50.127
1780415610.8458066,50.127
1780415610.8517685,50.128
1780415610.8577933,50.128
1780415610.8637989,50.128
1780415610.869738,50.128
1780415610.8757703,50.128
1780415610.8816948,50.128
1780415610.8878162,50.128
1780415610.8939464,50.128
1780415610.8998106,50.128
1780415610.905847,50.129
1780415610.9117198,50.129
1780415610.9178698,50.13
1780415610.923702,50.13
1780415610.9298954,50.13
1780415610.9357333,50.13
1780415610.9418223,50.13
1780415610.9477491,50.131
1780415610.9538445,50.131
1780415610.9598277,50.13
1780415610.9658,50.131
1780415610.9718065,50.131
1780415610.977811,50.131
1780415610.9838037,50.132
1780415610.9895682,50.133
1780415610.9958212,50.133
1780415611.0017378,50.134
1780415611.007849,50.135
1780415611.0137403,50.136
1780415611.0196478,50.136
1780415611.025804,50.136
1780415611.0316982,50.136
1780415611.0377078,50.136
1780415611.0436544,50.136
1780415611.0497942,50.136
1780415611.0556934,50.136
1780415611.0618045,50.135
1780415611.0676723,50.135
1780415611.0736084,50.135
1780415611.0793176,50.134
1780415611.0857182,50.133
1780415611.0917387,50.132
1780415611.0976617,50.131
1780415611.1037543,50.13
1780415611.1096466,50.129
1780415611.1158235,50.129
1780415611.1218584,50.129
1780415611.1277988,50.128
1780415611.1337478,50.129
1780415611.1396022,50.128
1780415611.1458569,50.128
1780415611.1516333,50.128
1780415611.157807,50.128
1780415611.163704,50.128
1780415611.1698062,50.128
1780415611.1757183,50.128
1780415611.181863,50.127
1780415611.1877246,50.127
1780415611.193863,50.127
1780415611.1999633,50.126
1780415611.2057426,50.125
1780415611.211857,50.125
1780415611.2176082,50.125
1780415611.2238245,50.125
1780415611.2297976,50.124
1780415611.235824,50.124
1780415611.2419162,50.122
1780415611.2479231,50.122
1780415611.2536654,50.121
1780415611.2598877,50.12
1780415611.2658453,50.12
1780415611.2717774,50.12
1780415611.2776845,50.119
1780415611.2838287,50.118
1780415611.2896886,50.118
1780415611.2958183,50.117
1780415611.3017945,50.116
1780415611.307837,50.115
1780415611.3137352,50.115
1780415611.319738,50.114
1780415611.3258648,50.114
1780415611.3316414,50.113
1780415611.3378122,50.113
1780415611.3437378,50.113
1780415611.3497574,50.113
1780415611.3558123,50.112
1780415611.3618283,50.11
1780415611.3676329,50.11
1780415611.3737426,50.11
1780415611.3797457,50.109
1780415611.385807,50.108
1780415611.3916872,50.108
1780415611.3977678,50.107
1780415611.4036932,50.107
1780415611.4098516,50.106
1780415611.415751,50.106
1780415611.421902,50.105
1780415611.4277685,50.105
1780415611.4338946,50.105
1780415611.439829,50.104
1780415611.4458158,50.103
1780415611.4518328,50.103
1780415611.4576435,50.103
1780415611.463847,50.102
1780415611.4698021,50.102
1780415611.475839,50.101
1780415611.4817808,50.101
1780415611.4878178,50.1
1780415611.4937341,50.1
1780415611.4998224,50.1
1780415611.5057478,50.099
1780415611.5117893,50.099
1780415611.517727,50.099
1780415611.5237868,50.099
1780415611.5296717,50.098
1780415611.5358164,50.097
1780415611.54178,50.097
1780415611.5478957,50.096
1780415611.5537183,50.096
1780415611.5597196,50.095
1780415611.5658443,50.095
1780415611.5715666,50.095
1780415611.5778108,50.095
1780415611.5838742,50.095
1780415611.589829,50.094
1780415611.5957744,50.094
1780415611.6017919,50.093
1780415611.6076753,50.093
1780415611.613766,50.093
1780415611.6196375,50.092
1780415611.625248,50.092
1780415611.6313472,50.092
1780415611.6372805,50.092
1780415611.6437356,50.091
1780415611.6498218,50.091
1780415611.6557803,50.09
1780415611.6618245,50.089
1780415611.6677463,50.089
1780415611.6738343,50.089
1780415611.6796613,50.089
1780415611.6858733,50.088
1780415611.691857,50.088
1780415611.6978335,50.088
1780415611.7038252,50.088
1780415611.7097385,50.087
1780415611.715815,50.086
1780415611.7216818,50.086
1780415611.727753,50.086
1780415611.7337384,50.086
1780415611.739898,50.086
1780415611.7459586,50.084
1780415611.751835,50.084
1780415611.7577686,50.084
1780415611.7638266,50.084
1780415611.769721,50.083
1780415611.7758288,50.083
1780415611.7816792,50.082
1780415611.7878106,50.082
1780415611.7937603,50.082
1780415611.7998421,50.082
1780415611.8058832,50.081
1780415611.8117797,50.081
1780415611.8178058,50.081
1780415611.8236716,50.081
1780415611.8297398,50.08
1780415611.8357387,50.08
1780415611.8417337,50.079
1780415611.8478472,50.079
1780415611.853755,50.079
1780415611.859894,50.079
1780415611.8660712,50.078
1780415611.8718286,50.078
1780415611.8778176,50.078
1780415611.8836787,50.077
1780415611.8897815,50.077
1780415611.8957667,50.077
1780415611.9017854,50.077
1780415611.907845,50.076
1780415611.9138331,50.076
1780415611.91979,50.076
1780415611.9257264,50.072
1780415611.9309845,50.087
1780415611.9362514,50.089
1780415611.941479,50.094
1780415611.9471114,50.098
1780415611.9523273,50.103
1780415611.9578729,50.111
1780415611.9631143,50.113
1780415611.968707,50.116
1780415611.9739342,50.121
1780415611.9795098,50.124
1780415611.9847393,50.129
1780415611.9903193,50.132
1780415611.9955506,50.139
1780415612.0010753,50.14
1780415612.006299,50.145
1780415612.0118756,50.148
1780415612.0171037,50.153
1780415612.0226624,50.156
1780415612.0278919,50.163
1780415612.0335345,50.165
1780415612.0389655,50.168
1780415612.0442908,50.172
1780415612.0495157,50.176
1780415612.055061,50.179
1780415612.0603187,50.183
1780415612.0658648,50.189
1780415612.0710895,50.19
1780415612.0767138,50.195
1780415612.0819497,50.198
1780415612.087452,50.202
1780415612.0926769,50.206
1780415612.098301,50.209
1780415612.1035502,50.215
1780415612.109057,50.216
1780415612.11427,50.22
1780415612.1198518,50.224
1780415612.125078,50.228
1780415612.1306992,50.231
1780415612.1359212,50.237
1780415612.1415112,50.239
1780415612.146734,50.242
1780415612.152268,50.245
1780415612.157492,50.249
1780415612.163071,50.252
1780415612.1683,51.0
1780415612.1739187,51.005
1780415612.179147,51.006
1780415612.1847012,51.01
1780415612.1899397,51.014
1780415612.1954591,51.016
1780415612.2006855,51.02
1780415612.2063115,51.025
1780415612.2115529,51.028
1780415612.217107,51.029
1780415612.2223296,51.034
1780415612.227872,51.037
1780415612.2330937,51.04
1780415612.23871,51.043
1780415612.243958,51.049
1780415612.2494695,51.049
1780415612.254685,51.053
1780415612.2602785,51.056
1780415612.265504,51.059
1780415612.2710767,51.062
1780415612.2763093,51.068
1780415612.2819335,51.07
1780415612.287345,51.072
1780415612.2927139,51.075
1780415612.297941,51.079
1780415612.3035085,51.081
1780415612.3087466,51.084
1780415612.3142579,51.09
1780415612.3194788,51.09
1780415612.3251095,51.093
1780415612.3303409,51.097
1780415612.3358629,51.1
1780415612.3410845,51.103
1780415612.3466678,51.106
1780415612.3519032,51.11
1780415612.3575153,51.111
1780415612.3627307,51.115
1780415612.368264,51.117
1780415612.373488,51.121
1780415612.379045,51.123
1780415612.3843646,51.129
1780415612.3898666,51.129
1780415612.3950925,51.132
1780415612.4006612,51.135
1780415612.405899,51.138
1780415612.4114647,51.14
1780415612.416695,51.144
1780415612.4223278,51.148
1780415612.4277475,51.149
1780415612.4331055,51.152
1780415612.4383354,51.155
1780415612.4439182,51.157
1780415612.4491549,51.16
1780415612.454668,51.165
1780415612.4599128,51.166
1780415612.465523,51.167
1780415612.470748,51.171
1780415612.4762645,51.173
1780415612.481488,51.176
1780415612.4871101,51.178
1780415612.4923587,51.183
1780415612.4978697,51.183
1780415612.5030818,51.187
1780415612.508681,51.189
1780415612.5139034,51.192
1780415612.5194762,51.194
1780415612.52471,51.199
1780415612.530327,51.201
1780415612.5355518,51.202
1780415612.5411098,51.205
1780415612.546339,51.207
1780415612.5519161,51.21
1780415612.5571475,51.212
1780415612.5627193,51.217
1780415612.5679374,51.217
1780415612.57352,51.219
1780415612.578753,51.222
1780415612.5842528,51.224
1780415612.589479,51.227
1780415612.5951188,51.23
1780415612.60036,51.234
1780415612.6058667,51.234
1780415612.611086,51.237
1780415612.6167064,51.239
1780415612.6219366,51.241
1780415612.6274552,51.244
1780415612.6326916,51.248
1780415612.6382577,51.248
1780415612.6434846,51.251
1780415612.6490638,51.253
1780415612.6542897,51.255
1780415612.6598656,52.002
1780415612.6650891,52.005
1780415612.6707222,52.008
1780415612.6759493,52.009
1780415612.6815004,52.011
1780415612.686732,52.013
1780415612.6923149,52.015
1780415612.6975346,52.018
1780415612.7031982,52.022
1780415612.708595,52.022
1780415612.7139022,52.024
1780415612.7191248,52.027
1780415612.72471,52.028
1780415612.72994,52.031
1780415612.735479,52.032
1780415612.7407188,52.037
1780415612.7462807,52.037
1780415612.7516792,52.04
1780415612.7580376,52.029
1780415612.7640476,52.025
1780415612.7700655,52.024
1780415612.7761147,52.023
1780415612.7820435,52.021
1780415612.7882006,52.02
1780415612.7941005,52.018
1780415612.800063,52.017
1780415612.806048,52.015
1780415612.8120878,52.013
1780415612.8180923,52.011
1780415612.8241055,52.008
1780415612.830067,52.005
1780415612.8359487,52.003
1780415612.8417647,52.0
1780415612.8475597,51.253
1780415612.8534212,51.25
1780415612.859433,51.248
1780415612.865345,51.244
1780415612.8713875,51.242
1780415612.8774402,51.24
1780415612.883521,51.237
1780415612.890634,51.234
1780415612.8966112,51.232
1780415612.9026248,51.229
1780415612.9085317,51.227
1780415612.91462,51.224
1780415612.9205334,51.221
1780415612.9266307,51.219
1780415612.9324663,51.217
1780415612.9386892,51.214
1780415612.9447305,51.212
1780415612.9506228,51.21
1780415612.9565992,51.207
1780415612.9624686,51.205
1780415612.9685087,51.203
1780415612.9746938,51.2
1780415612.9805727,51.197
1780415612.9866984,51.195
1780415612.9924946,51.193
1780415612.9986198,51.191
1780415613.0046484,51.188
1780415613.0106046,51.186
1780415613.016592,51.184
1780415613.0225208,51.182
1780415613.0284808,51.179
1780415613.0345988,51.177
1780415613.0405943,51.174
1780415613.0466456,51.172
1780415613.0525215,51.17
1780415613.0586896,51.168
1780415613.0647264,51.166
1780415613.0705576,51.165
1780415613.0767946,51.163
1780415613.0826488,51.161
1780415613.0886753,51.158
1780415613.0945745,51.156
1780415613.1005456,51.153
1780415613.1064873,51.151
1780415613.112511,51.149
1780415613.1186793,51.147
1780415613.1247365,51.146
1780415613.1305234,51.144
1780415613.1366029,51.142
1780415613.142431,51.141
1780415613.1485243,51.139
1780415613.154888,51.137
1780415613.1613066,51.134
1780415613.1673195,51.132
1780415613.1731582,51.131
1780415613.179046,51.129
1780415613.1850367,51.126
1780415613.1908586,51.124
1780415613.196639,51.123
1780415613.2025084,51.121
1780415613.208639,51.119
1780415613.214462,51.116
1780415613.2205675,51.114
1780415613.2266042,51.112
1780415613.2326174,51.111
1780415613.238527,51.109
1780415613.2446501,51.107
1780415613.2505257,51.106
1780415613.2566164,51.104
1780415613.2625036,51.102
1780415613.268648,51.1
1780415613.2745242,51.098
1780415613.2805698,51.096
1780415613.286555,51.094
1780415613.292591,51.093
1780415613.2985835,51.091
1780415613.3046532,51.089
1780415613.310554,51.088
1780415613.3165522,51.086
1780415613.3224497,51.084
1780415613.3286262,51.082
1780415613.334529,51.08
1780415613.3406117,51.079
1780415613.3464303,51.077
1780415613.3525436,51.076
1780415613.3585763,51.074
1780415613.3646133,51.072
1780415613.3706174,51.071
1780415613.3766165,51.069
1780415613.3824668,51.067
1780415613.3886137,51.065
1780415613.3945138,51.064
1780415613.4006395,51.062
1780415613.4064674,51.06
1780415613.4125903,51.059
1780415613.418628,51.057
1780415613.424853,51.055
1780415613.4308002,51.054
1780415613.436555,51.052
1780415613.4425726,51.052
1780415613.4486353,51.049
1780415613.4545739,51.048
1780415613.4606576,51.046
1780415613.4665377,51.044
1780415613.4726393,51.043
1780415613.4784548,51.042
1780415613.4846208,51.04
1780415613.4906437,51.039
1780415613.4965863,51.038
1780415613.502591,51.036
1780415613.508555,51.034
1780415613.514468,51.033
1780415613.520638,51.031
1780415613.5265455,51.029
1780415613.5326574,51.028
1780415613.5385525,51.026
1780415613.5445197,51.025
1780415613.5505955,51.023
1780415613.5566857,51.022
1780415613.5626562,51.021
1780415613.5685675,51.019
1780415613.574577,51.017
1780415613.5806377,51.016
1780415613.5865226,51.014
1780415613.5926247,51.013
1780415613.598614,51.012
1780415613.6046276,51.01
1780415613.6106145,51.009
1780415613.6165438,51.007
1780415613.6225827,51.006
1780415613.6286566,51.005
1780415613.634661,51.003
1780415613.640442,51.002
1780415613.6465497,51.0
1780415613.6526976,50.255
1780415613.6585643,50.254
1780415613.6646335,50.252
1780415613.670609,50.252
1780415613.6765227,50.25
1780415613.682599,50.249
1780415613.6886082,50.248
1780415613.6945887,50.247
1780415613.7005,50.246
1780415613.7065897,50.243
1780415613.7126095,50.242
1780415613.7184772,50.242
1780415613.724534,50.241
1780415613.7305572,50.241
1780415613.736491,50.241
1780415613.7426317,50.24
1780415613.748522,50.239
1780415613.7546074,50.238
1780415613.7605665,50.238
1780415613.7666187,50.238
1780415613.7725627,50.237
1780415613.7785661,50.237
1780415613.7844753,50.236
1780415613.7905016,50.236
1780415613.7965817,50.235
1780415613.802473,50.235
1780415613.8085818,50.234
1780415613.8145661,50.233
1780415613.820561,50.233
1780415613.826611,50.232
1780415613.8325734,50.232
1780415613.8386202,50.232
1780415613.8446345,50.232
1780415613.850558,50.231
1780415613.8565335,50.23
1780415613.8625445,50.23
1780415613.8684504,50.23
1780415613.8745463,50.229
1780415613.880626,50.228
1780415613.886494,50.228
1780415613.8925793,50.227
1780415613.8984091,50.227
1780415613.904589,50.226
1780415613.9106586,50.226
1780415613.9165666,50.225
1780415613.9226234,50.225
1780415613.9285095,50.224
1780415613.9346137,50.224
1780415613.9404807,50.224
1780415613.9466207,50.223
1780415613.9526057,50.222
1780415613.9586456,50.222
1780415613.9646025,50.222
1780415613.9706488,50.221
1780415613.9766352,50.221
1780415613.9825833,50.221
1780415613.9885426,50.22
1780415613.9944892,50.22
1780415614.0005963,50.219
1780415614.0064576,50.218
1780415614.0125484,50.218
1780415614.0185363,50.217
1780415614.0245755,50.217
1780415614.030576,50.216
1780415614.036612,50.215
1780415614.042444,50.214
1780415614.0480556,50.214
1780415614.0540903,50.214
1780415614.0600429,50.214
1780415614.066085,50.212
1780415614.0718784,50.214
1780415614.077777,50.214
1780415614.083492,50.214
1780415614.0893695,50.213
1780415614.095392,50.212
1780415614.1012726,50.211
1780415614.1074047,50.211
1780415614.1133618,50.21
1780415614.1194491,50.21
1780415614.1253564,50.21
1780415614.1314201,50.21
1780415614.1373756,50.21
1780415614.1434503,50.209
1780415614.1493547,50.208
1780415614.1553102,50.207
1780415614.1613955,50.206
1780415614.167376,50.206
1780415614.173381,50.204
1780415614.1794136,50.203
1780415614.1854339,50.203
1780415614.191312,50.201
1780415614.197344,50.2
1780415614.203454,50.199
1780415614.2093601,50.197
1780415614.215372,50.197
1780415614.2215207,50.196
1780415614.2272933,50.195
1780415614.2333856,50.195
1780415614.2393956,50.193
1780415614.2453706,50.192
1780415614.2514126,50.191
1780415614.2573962,50.19
1780415614.2634337,50.189
1780415614.269396,50.188
1780415614.2753367,50.187
1780415614.2814999,50.186
1780415614.2873435,50.185
1780415614.2934341,50.184
1780415614.2992864,50.183
1780415614.305387,50.182
1780415614.3113801,50.181
1780415614.3174124,50.18
1780415614.3234117,50.179
1780415614.3294764,50.178
1780415614.335397,50.177
1780415614.341432,50.176
1780415614.3473377,50.175
1780415614.3534374,50.174
1780415614.359406,50.173
1780415614.3654363,50.172
1780415614.3713133,50.171
1780415614.3774219,50.171
1780415614.383464,50.169
1780415614.3894658,50.169
1780415614.3954148,50.168
1780415614.4013417,50.167
1780415614.4073796,50.167
1780415614.4134119,50.166
1780415614.4193559,50.165
1780415614.4254754,50.164
1780415614.4314075,50.163
1780415614.4374073,50.163
1780415614.443205,50.162
1780415614.449426,50.161
1780415614.4553938,50.161
1780415614.461437,50.16
1780415614.467396,50.159
1780415614.4733384,50.158
1780415614.479321,50.158
1780415614.4854405,50.157
1780415614.4913442,50.155
1780415614.497483,50.155
1780415614.5033507,50.154
1780415614.509341,50.153
1780415614.5154097,50.152
1780415614.521371,50.151
1780415614.5274076,50.151
1780415614.5334418,50.151
1780415614.5394099,50.15
1780415614.545274,50.149
1780415614.551362,50.147
1780415614.5573518,50.147
1780415614.5633018,50.147
1780415614.5694318,50.145
1780415614.575495,50.145
1780415614.5813482,50.144
1780415614.5873961,50.143
1780415614.5934181,50.143
1780415614.59944,50.142
1780415614.6054034,50.142
1780415614.611428,50.141
1780415614.6174047,50.14
1780415614.6233191,50.14
1780415614.62948,50.139
1780415614.6354387,50.138
1780415614.6413891,50.138
1780415614.6474507,50.137
1780415614.6532922,50.136
1780415614.659389,50.136
1780415614.6654215,50.135
1780415614.6713874,50.134
1780415614.677383,50.133
1780415614.683404,50.133
1780415614.6892712,50.133
1780415614.6953983,50.132
1780415614.7012837,50.131
1780415614.707461,50.13
1780415614.7133217,50.13
1780415614.719459,50.129
1780415614.7253227,50.129
1780415614.731362,50.128
1780415614.737413,50.127
1780415614.7433825,50.127
1780415614.7493942,50.127
1780415614.7553718,50.125
1780415614.7614014,50.125
1780415614.7674363,50.124
1780415614.7733076,50.124
1780415614.779449,50.123
1780415614.7853565,50.122
1780415614.7914429,50.121
1780415614.7973154,50.12
1780415614.8034003,50.12
1780415614.8094656,50.12
1780415614.8154018,50.119
1780415614.821474,50.118
1780415614.827306,50.118
1780415614.8333676,50.117
1780415614.8393762,50.116
1780415614.8452783,50.115
1780415614.8514633,50.115
1780415614.8573844,50.114
1780415614.8634608,50.113
1780415614.8693178,50.113
1780415614.8752172,50.112
1780415614.8815017,50.112
1780415614.8874736,50.112
1780415614.8935187,50.111
1780415614.8993554,50.11
1780415614.9053369,50.11
1780415614.911431,50.109
1780415614.9173234,50.108
1780415614.9234264,50.108
1780415614.9293537,50.107
1780415614.935402,50.106
1780415614.9414458,50.106
1780415614.9473045,50.106
1780415614.9533727,50.105
1780415614.9594402,50.104
1780415614.965437,50.104
1780415614.9714296,50.103
1780415614.9773755,50.103
1780415614.9832478,50.102
1780415614.9893959,50.102
1780415614.9956234,50.101
1780415615.0014646,50.101
1780415615.0073774,50.101
1780415615.013435,50.1
1780415615.0192623,50.099
1780415615.025384,50.099
1780415615.0314915,50.098
1780415615.0375142,50.098
1780415615.0434463,50.098
1780415615.049446,50.099
1780415615.0554414,50.099
1780415615.0613475,50.099
1780415615.0673375,50.1
1780415615.0733273,50.101
1780415615.0793731,50.102
1780415615.0852997,50.102
1780415615.0913813,50.102
1780415615.0972831,50.102
1780415615.103335,50.103
1780415615.1093209,50.103
1780415615.115452,50.104
1780415615.121396,50.104
1780415615.1273694,50.105
1780415615.13333,50.105
1780415615.1393895,50.106
1780415615.1452875,50.106
1780415615.1514926,50.107
1780415615.1573613,50.107
1780415615.1635,50.107
1780415615.1693408,50.108
1780415615.1754332,50.108
1780415615.181465,50.109
1780415615.1873014,50.109
1780415615.193456,50.109
1780415615.1993337,50.109
1780415615.2054174,50.109
1780415615.2112658,50.109
1780415615.2174742,50.109
1780415615.22332,50.109
1780415615.2294476,50.109
1780415615.2352097,50.109
1780415615.2413423,50.11
1780415615.2473726,50.111
1780415615.253417,50.111
1780415615.25935,50.112
1780415615.2653587,50.112
1780415615.2714012,50.111
1780415615.2774436,50.111
1780415615.283415,50.112
1780415615.2894077,50.112
1780415615.2954652,50.111
1780415615.301379,50.112
1780415615.3074055,50.112
1780415615.3133795,50.113
1780415615.3193448,50.114
1780415615.3254008,50.115
1780415615.3312812,50.116
1780415615.3373601,50.117
1780415615.3432925,50.117
1780415615.349377,50.117
1780415615.355246,50.118
1780415615.3607566,50.117
1780415615.3665044,50.117
1780415615.3723733,50.116
1780415615.3782344,50.116
1780415615.3842323,50.115
1780415615.3902597,50.115
1780415615.39613,50.115
1780415615.4022968,50.114
1780415615.408079,50.114
1780415615.414255,50.113
1780415615.4202712,50.113
1780415615.4262166,50.112
1780415615.432377,50.112
1780415615.4382207,50.112
1780415615.4442027,50.111
1780415615.4500618,50.111
1780415615.4561844,50.111
1780415615.4621105,50.111
1780415615.468132,50.111
1780415615.4742584,50.11
1780415615.480263,50.11
1780415615.486083,50.11
1780415615.4922526,50.11
1780415615.4981482,50.11
1780415615.5042293,50.109
1780415615.5102098,50.108
1780415615.5162642,50.108
1780415615.5220697,50.107
1780415615.5282643,50.107
1780415615.5342228,50.107
1780415615.5403233,50.106
1780415615.546355,50.106
1780415615.5521064,50.105
1780415615.558157,50.105
1780415615.5642126,50.105
1780415615.570155,50.104
1780415615.5762694,50.103
1780415615.5821989,50.102
1780415615.5882921,50.102
1780415615.594184,50.102
1780415615.6002252,50.101
1780415615.6062827,50.1
1780415615.612041,50.1
1780415615.6182687,50.1
1780415615.6242416,50.099
1780415615.630244,50.098
1780415615.6361787,50.097
1780415615.642154,50.097
1780415615.6483293,50.096
1780415615.6541686,50.096
1780415615.6601532,50.096
1780415615.666243,50.095
1780415615.6721575,50.095
1780415615.678193,50.094
1780415615.684188,50.094
1780415615.6902175,50.093
1780415615.6962028,50.093
1780415615.7021706,50.092
1780415615.7081575,50.092
1780415615.7142038,50.092
1780415615.7202432,50.091
1780415615.7260923,50.091
1780415615.7322035,50.09
1780415615.73818,50.09
1780415615.744092,50.09
1780415615.750321,50.09
1780415615.7562006,50.089
1780415615.762238,50.089
1780415615.7682285,50.088
1780415615.7742445,50.089
1780415615.7800767,50.088
1780415615.7860556,50.088
1780415615.7921648,50.087
1780415615.7981863,50.087
1780415615.8042245,50.087
1780415615.810104,50.085
1780415615.8162024,50.085
1780415615.822214,50.084
1780415615.828114,50.084
1780415615.8342235,50.084
1780415615.8402205,50.083
1780415615.8462203,50.083
1780415615.85225,50.082
1780415615.8580759,50.082
1780415615.8642373,50.081
1780415615.870285,50.081
1780415615.8762884,50.08
1780415615.8821952,50.08
1780415615.888293,50.079
1780415615.8942628,50.079
1780415615.9002943,50.078
1780415615.9061499,50.078
1780415615.9122686,50.077
1780415615.9182322,50.077
1780415615.9242904,50.077
1780415615.9301672,50.076
1780415615.9362297,50.076
1780415615.9420004,50.075
1780415615.9482908,50.075
1780415615.954274,50.075
1780415615.9603257,50.074
1780415615.9662695,50.073
1780415615.9720657,50.073
1780415615.9781313,50.073
1780415615.984281,50.072
1780415615.990169,50.071
1780415615.9963229,50.071
1780415616.0021813,50.07
1780415616.0082688,50.07
1780415616.0140147,50.07
1780415616.0202434,50.07
1780415616.0261633,50.069
1780415616.0322094,50.069
1780415616.0381937,50.069
1780415616.0440722,50.068
1780415616.0502286,50.067
1780415616.0560663,50.067
1780415616.0621514,50.066
1780415616.0681612,50.067
1780415616.0741205,50.066
1780415616.0801017,50.066
1780415616.0862975,50.066
1780415616.0921113,50.066
1780415616.098276,50.065
1780415616.1041553,50.064
1780415616.110288,50.064
1780415616.1161742,50.064
1780415616.1222167,50.064
1780415616.1283126,50.064
1780415616.1342943,50.064
1780415616.1402433,50.064
1780415616.146217,50.064
1780415616.1522777,50.064
1780415616.158085,50.064
1780415616.1642044,50.063
1780415616.1702201,50.063
1780415616.176197,50.062
1780415616.1822546,50.062
1780415616.1882362,50.062
1780415616.1942568,50.062
1780415616.2001843,50.062
1780415616.2060676,50.061
1780415616.2121675,50.061
1780415616.2181966,50.061
1780415616.2242045,50.061
1780415616.230286,50.061
1780415616.236249,50.061
1780415616.2422013,50.061
1780415616.2482455,50.062
1780415616.254223,50.062
1780415616.2603333,50.062
1780415616.2663748,50.061
1780415616.2721534,50.06
1780415616.2781549,50.061
1780415616.2842286,50.061
1780415616.2901618,50.061
1780415616.2961855,50.061
1780415616.3021896,50.061
1780415616.3082292,50.061
1780415616.3141336,50.061
1780415616.3201313,50.061
1780415616.326263,50.061
1780415616.3322191,50.061
1780415616.3381822,50.06
1780415616.3442018,50.06
1780415616.3502462,50.06
1780415616.356095,50.06
1780415616.3623247,50.06
1780415616.368296,50.06
1780415616.3742852,50.06
1780415616.3802688,50.06
1780415616.3862388,50.06
1780415616.3922458,50.06
1780415616.3980572,50.06
1780415616.4042263,50.059
1780415616.4102557,50.059
1780415616.416252,50.059
1780415616.422233,50.058
1780415616.4282012,50.058
1780415616.4340618,50.058
1780415616.4401531,50.057
1780415616.4461813,50.057
1780415616.4521801,50.057
1780415616.458109,50.057
1780415616.4643047,50.057
1780415616.4700797,50.056
1780415616.4762356,50.057
1780415616.4820704,50.058
1780415616.4883316,50.057
1780415616.4942203,50.057
1780415616.500258,50.058
1780415616.5061498,50.057
1780415616.51216,50.056
1780415616.518281,50.056
1780415616.5240617,50.056
1780415616.5302095,50.056
1780415616.5360045,50.056
1780415616.5422225,50.056
1780415616.5481687,50.056
1780415616.5542595,50.056
1780415616.5601315,50.056
1780415616.56627,50.056
1780415616.5721881,50.056
1780415616.57829,50.056
1780415616.5841672,50.055
1780415616.59024,50.055
1780415616.5961945,50.054
1780415616.6022797,50.054
1780415616.6081789,50.053
1780415616.6142557,50.053
1780415616.6200404,50.053
1780415616.6262252,50.053
1780415616.632238,50.053
1780415616.6382248,50.052
1780415616.6442122,50.053
1780415616.650078,50.052
1780415616.656213,50.052
1780415616.6622303,50.051
1780415616.668224,50.051
1780415616.6742463,50.051
1780415616.6802309,50.051
1780415616.6862483,50.051
1780415616.6923156,50.051
1780415616.6981251,50.051
1780415616.704267,50.05
1780415616.71022,50.05
1780415616.7162213,50.05
1780415616.7222998,50.049
1780415616.7282648,50.049
1780415616.734167,50.049
1780415616.74019,50.048
1780415616.7461314,50.048
1780415616.7516878,50.048
1780415616.7577403,50.048
1780415616.763732,50.048
1780415616.7697527,50.047
1780415616.775621,50.047
1780415616.7816768,50.047
1780415616.7877526,50.047
1780415616.7943416,50.046
1780415616.8003237,50.046
1780415616.8062332,50.047
1780415616.812203,50.046
1780415616.8182216,50.046
1780415616.8241065,50.046
1780415616.830202,50.046
1780415616.8363354,50.045
1780415616.8422313,50.045
1780415616.8482797,50.044
1780415616.8541696,50.044
1780415616.8602517,50.044
1780415616.866059,50.044
1780415616.8722067,50.044
1780415616.8782291,50.043
1780415616.8842638,50.043
1780415616.8902614,50.043
1780415616.8960986,50.043
1780415616.9022193,50.042
1780415616.9082403,50.041
1780415616.9141629,50.041
1780415616.9205964,50.042
1780415616.9264438,50.041
1780415616.9322917,50.041
1780415616.9382734,50.041
1780415616.9442065,50.04
1780415616.9502597,50.04
1780415616.956054,50.04
1780415616.9621954,50.04
1780415616.9683385,50.039
1780415616.9742968,50.039
1780415616.9802039,50.039
1780415616.9862773,50.039
1780415616.992257,50.039
1780415616.9981456,50.039
1780415617.0041206,50.039
1780415617.0101933,50.039
1780415617.0161917,50.039
1780415617.0222514,50.038
1780415617.0282352,50.039
1780415617.0342612,50.038
1780415617.04009,50.038
1780415617.0462718,50.038
1780415617.0534277,50.038
1780415617.059395,50.038
1780415617.0654836,50.038
1780415617.0715544,50.039
1780415617.0774207,50.039
1780415617.0834408,50.039
1780415617.0893261,50.038
1780415617.0953934,50.037
1780415617.1013784,50.037
1780415617.1074336,50.037
1780415617.1133964,50.036
1780415617.1193492,50.037
1780415617.125296,50.037
1780415617.1314964,50.037
1780415617.1373298,50.037
1780415617.143462,50.037
1780415617.1493795,50.037
1780415617.155413,50.036
1780415617.161265,50.036
1780415617.1674476,50.037
1780415617.1734211,50.037
1780415617.1794734,50.036
1780415617.1854098,50.037
1780415617.1913464,50.036
1780415617.1974094,50.035
1780415617.2034578,50.035
1780415617.2093127,50.035
1780415617.2154782,50.035
1780415617.2214098,50.035
1780415617.2274613,50.035
1780415617.233462,50.035
1780415617.2393522,50.034
1780415617.245465,50.034
1780415617.251192,50.034
1780415617.2574944,50.034
1780415617.26333,50.034
1780415617.2693954,50.034
1780415617.275395,50.034
1780415617.2814343,50.034
1780415617.2873461,50.034
1780415617.2934494,50.034
1780415617.299373,50.034
1780415617.3053763,50.034
1780415617.3112822,50.034
1780415617.3174603,50.033
1780415617.323356,50.033
1780415617.3294346,50.033
1780415617.33535,50.032
1780415617.3414216,50.032
1780415617.3472912,50.032
1780415617.353413,50.032
1780415617.3593686,50.032
1780415617.3653474,50.032
1780415617.3714273,50.032
1780415617.3773851,50.031
1780415617.3833816,50.031
1780415617.3892431,50.03
1780415617.3953593,50.03
1780415617.4013655,50.03
1780415617.407421,50.03
1780415617.413413,50.029
1780415617.4195185,50.029
1780415617.4253476,50.029
1780415617.431467,50.029
1780415617.437249,50.03
1780415617.4429808,50.029
1780415617.4488666,50.029
1780415617.4545858,50.029
1780415617.4604316,50.029
1780415617.4661722,50.029
1780415617.4722342,50.028
1780415617.4781642,50.029
1780415617.484208,50.029
1780415617.4902358,50.029
1780415617.4963362,50.028
1780415617.5021605,50.028
1780415617.508272,50.028
1780415617.5141425,50.027
1780415617.5202446,50.028
1780415617.526246,50.027
1780415617.5322473,50.027
1780415617.5382135,50.027
1780415617.5442626,50.027
1780415617.550259,50.028
1780415617.5560691,50.027
1780415617.5621717,50.027
1780415617.5682733,50.027
1780415617.5741532,50.027
1780415617.5802562,50.027
1780415617.586235,50.027
1780415617.5922713,50.026
1780415617.5983338,50.027
1780415617.6041434,50.027
1780415617.6102242,50.027
1780415617.6162493,50.027
1780415617.622223,50.026
1780415617.6282213,50.027
1780415617.6342452,50.026
1780415617.64011,50.026
1780415617.6462288,50.026
1780415617.6521115,50.026
1780415617.6576922,50.026
1780415617.6637456,50.025
1780415617.6694512,50.026
1780415617.675342,50.025
1780415617.6810637,50.025
1780415617.687055,50.026
1780415617.6929,50.025
1780415617.6990278,50.026
1780415617.705017,50.026
1780415617.7110846,50.026
1780415617.717046,50.025
1780415617.723006,50.025
1780415617.7290008,50.026
1780415617.73491,50.026
1780415617.7409835,50.026
1780415617.746936,50.025
1780415617.7529616,50.025
1780415617.7588904,50.026
1780415617.7649844,50.026
1780415617.77089,50.026
1780415617.77706,50.026
1780415617.782984,50.026
1780415617.7890162,50.026
1780415617.7949154,50.027
1780415617.801073,50.027
1780415617.80698,50.027
1780415617.8130474,50.027
1780415617.8189805,50.027
1780415617.8250544,50.028
1780415617.8309145,50.028
1780415617.837029,50.027
1780415617.8430157,50.028
1780415617.8490663,50.028
1780415617.855013,50.028
1780415617.8610156,50.028
1780415617.8670325,50.027
1780415617.8730521,50.027
1780415617.8789496,50.027
1780415617.8850524,50.027
1780415617.891049,50.027
1780415617.8970423,50.027
1780415617.9030523,50.027
1780415617.9089813,50.027
1780415617.9150765,50.027
1780415617.9208543,50.026
1780415617.9270415,50.026
1780415617.9330554,50.026
1780415617.9390094,50.026
1780415617.9450555,50.026
1780415617.9510357,50.026
1780415617.9570196,50.026
1780415617.9630482,50.025
1780415617.9690123,50.025
1780415617.9750881,50.026
1780415617.9810379,50.025
1780415617.987057,50.025
1780415617.9929988,50.025
1780415617.9990501,50.025
1780415618.0048509,50.025
1780415618.0109787,50.025
1780415618.017017,50.025
1780415618.0230227,50.025
1780415618.0290396,50.025
1780415618.034972,50.025
1780415618.041011,50.025
1780415618.047032,50.024
1780415618.052915,50.024
1780415618.0590441,50.024
1780415618.065048,50.024
1780415618.0710435,50.025
1780415618.07695,50.025
1780415618.0829427,50.025
1780415618.0890625,50.025
1780415618.0950086,50.025
1780415618.1010528,50.024
1780415618.106917,50.023
1780415618.1130211,50.024
1780415618.1190538,50.024
1780415618.1250396,50.024
1780415618.1310854,50.024
1780415618.1370425,50.024
1780415618.1430302,50.025
1780415618.148928,50.025
1780415618.1549668,50.025
1780415618.1610332,50.025
1780415618.1669178,50.025
1780415618.1730494,50.025
1780415618.1790118,50.025
1780415618.1850572,50.024
1780415618.1909673,50.025
1780415618.1969466,50.024
1780415618.2030063,50.024
1780415618.2090166,50.025
1780415618.2150407,50.025
1780415618.2210722,50.025
1780415618.2270463,50.025
1780415618.2329304,50.024
1780415618.2390256,50.024
1780415618.2450452,50.024
1780415618.251048,50.024
1780415618.257057,50.024
1780415618.2630682,50.024
1780415618.2690084,50.024
1780415618.2750611,50.024
1780415618.2809224,50.024
1780415618.287017,50.024
1780415618.2930384,50.023
1780415618.2990363,50.024
1780415618.3050559,50.023
1780415618.3110456,50.023
1780415618.3169048,50.024
1780415618.3225005,50.023
1780415618.3285847,50.023
1780415618.3345225,50.023
1780415618.3405495,50.023
1780415618.3462474,50.023
1780415618.3522468,50.023
1780415618.3580585,50.023
1780415618.3639734,50.023
1780415618.3696752,50.022
1780415618.3758461,50.023
1780415618.3818576,50.023
1780415618.3878822,50.023
1780415618.393855,50.023
1780415618.3997674,50.023
1780415618.4057856,50.023
1780415618.411676,50.023
1780415618.4177449,50.022
1780415618.423937,50.022
1780415618.4298134,50.022
1780415618.4359136,50.023
1780415618.4419513,50.022
1780415618.4478016,50.023
1780415618.4538856,50.022
1780415618.4596584,50.022
1780415618.4657815,50.023
1780415618.471812,50.023
1780415618.4778476,50.022
1780415618.4838185,50.022
1780415618.4898555,50.022
1780415618.4958506,50.022
1780415618.5018528,50.022
1780415618.5078573,50.022
1780415618.5138593,50.022
1780415618.5197594,50.022
1780415618.5259194,50.022
1780415618.531767,50.022
1780415618.53791,50.022
1780415618.5437312,50.022
1780415618.5498486,50.022
1780415618.5558832,50.022
1780415618.5618994,50.022
1780415618.5678318,50.022
1780415618.5737698,50.022
1780415618.579828,50.022
1780415618.5856953,50.022
1780415618.5917566,50.021
1780415618.5978425,50.021
1780415618.6037276,50.021
1780415618.609921,50.02
1780415618.6158276,50.021
1780415618.6219091,50.02
1780415618.6278436,50.021
1780415618.6337469,50.02
1780415618.6398816,50.02
1780415618.6456587,50.02
1780415618.6518211,50.02
1780415618.6577752,50.02
1780415618.6638458,50.019
1780415618.6698427,50.019
1780415618.67585,50.019
1780415618.6818726,50.019
1780415618.6876845,50.019
1780415618.6937752,50.019
1780415618.6998382,50.019
1780415618.7057455,50.019
1780415618.711885,50.019
1780415618.717824,50.018
1780415618.7239506,50.018
1780415618.72978,50.018
1780415618.7358441,50.018
1780415618.7417336,50.018
1780415618.7476385,50.018
1780415618.7538905,50.018
1780415618.759868,50.019
1780415618.7658298,50.019
1780415618.7717664,50.019
1780415618.777807,50.019
1780415618.7838066,50.018
1780415618.7897532,50.019
1780415618.795952,50.019
1780415618.801872,50.018
1780415618.8078158,50.018
1780415618.8138914,50.018
1780415618.819781,50.019
1780415618.825904,50.018
1780415618.8317044,50.018
1780415618.8382475,50.018
1780415618.844069,50.017
1780415618.8500388,50.017
1780415618.8557851,50.017
1780415618.8618789,50.017
1780415618.8678515,50.018
1780415618.8737643,50.018
1780415618.8797793,50.018
1780415618.885929,50.017
1780415618.8918307,50.017
1780415618.8979285,50.017
1780415618.9038155,50.017
1780415618.9099193,50.017
1780415618.915772,50.017
1780415618.9218807,50.017
1780415618.9278345,50.017
1780415618.9337687,50.017
1780415618.939834,50.018
1780415618.9458368,50.018
1780415618.9518733,50.018
1780415618.9578872,50.017
1780415618.963844,50.017
1780415618.969788,50.017
1780415618.9758294,50.017
1780415618.981672,50.018
1780415618.987794,50.017
1780415618.993731,50.017
1780415618.9999049,50.017
1780415619.005779,50.017
1780415619.0119317,50.017
1780415619.0178149,50.017
1780415619.0238752,50.017
1780415619.0297394,50.017
1780415619.035855,50.017
1780415619.04192,50.018
1780415619.0478501,50.017
1780415619.053824,50.017
1780415619.0598567,50.017
1780415619.0658076,50.017
1780415619.0717297,50.018
1780415619.0777986,50.018
1780415619.0837615,50.017
1780415619.08983,50.017
1780415619.095743,50.017
1780415619.1019351,50.017
1780415619.1079514,50.017
1780415619.1138625,50.017
1780415619.1198013,50.018
1780415619.12585,50.018
1780415619.1317563,50.018
1780415619.137799,50.019
1780415619.1436954,50.02
1780415619.1498618,50.02
1780415619.1557992,50.02
1780415619.1618414,50.022
1780415619.1678836,50.022
1780415619.1737635,50.023
1780415619.179926,50.024
1780415619.1857314,50.025
1780415619.1918788,50.025
1780415619.1978056,50.026
1780415619.203853,50.027
1780415619.2097657,50.028
1780415619.2158728,50.028
1780415619.2217739,50.029
1780415619.2278082,50.029
1780415619.2338321,50.03
1780415619.2397897,50.031
1780415619.2458825,50.033
1780415619.251721,50.033
1780415619.2578745,50.033
1780415619.2636812,50.034
1780415619.2693913,50.035
1780415619.2752323,50.035
1780415619.2809465,50.035
1780415619.2868783,50.036
1780415619.292781,50.037
1780415619.298457,50.038
1780415619.304642,50.038
1780415619.3106258,50.038
1780415619.316612,50.039
1780415619.3227308,50.039
1780415619.3286295,50.04
1780415619.3345666,50.041
1780415619.3406355,50.041
1780415619.346639,50.042
1780415619.352632,50.042
1780415619.3586416,50.043
1780415619.364606,50.044
1780415619.370593,50.045
1780415619.3765402,50.045
1780415619.3826149,50.045
1780415619.388512,50.046
1780415619.3945706,50.047
1780415619.4004507,50.047
1780415619.4065812,50.048
1780415619.4126494,50.048
1780415619.4184473,50.049
1780415619.4245493,50.049
1780415619.4305995,50.049
1780415619.4365408,50.05
1780415619.4425755,50.05
1780415619.4485583,50.051
1780415619.454622,50.051
1780415619.460543,50.052
1780415619.4666202,50.052
1780415619.4726465,50.052
1780415619.478541,50.054
1780415619.4846604,50.054
1780415619.4905064,50.055
1780415619.496599,50.055
1780415619.5025244,50.055
1780415619.5085945,50.055
1780415619.514563,50.056
1780415619.5206444,50.056
1780415619.526501,50.057
1780415619.5326216,50.056
1780415619.5386093,50.056
1780415619.5445468,50.056
1780415619.55071,50.057
1780415619.5566318,50.056
1780415619.5626814,50.056
1780415619.5685937,50.055
1780415619.5751393,50.055
1780415619.5809712,50.055
1780415619.5869622,50.055
1780415619.5927222,50.055
1780415619.5986276,50.055
1780415619.6046214,50.056
1780415619.610647,50.055
1780415619.616705,50.055
1780415619.622547,50.055
1780415619.628609,50.055
1780415619.6345572,50.054
1780415619.6405673,50.054
1780415619.6466365,50.054
1780415619.6526234,50.054
1780415619.6585872,50.053
1780415619.6646984,50.053
1780415619.6705973,50.053
1780415619.676605,50.053
1780415619.6824684,50.053
1780415619.688597,50.053
1780415619.694626,50.053
1780415619.7005918,50.052
1780415619.7066567,50.053
1780415619.7126722,50.052
1780415619.7186222,50.053
1780415619.7244952,50.052
1780415619.7305608,50.052
1780415619.7366445,50.052
1780415619.7425134,50.052
1780415619.7486966,50.052
1780415619.7546008,50.051
1780415619.7606883,50.051
1780415619.7665806,50.051
1780415619.7726204,50.051
1780415619.7786677,50.051
1780415619.7844694,50.051
1780415619.7907035,50.051
1780415619.7965832,50.051
1780415619.8026161,50.051
1780415619.8086617,50.05
1780415619.8146665,50.05
1780415619.8205428,50.05
1780415619.8266191,50.05
1780415619.8325565,50.05
1780415619.8381634,50.049
1780415619.8441207,50.05
1780415619.8499107,50.049
1780415619.8559349,50.049
1780415619.86176,50.049
1780415619.867785,50.049
1780415619.873625,50.048
1780415619.8795762,50.048
1780415619.8852541,50.049
1780415619.8914957,50.048
1780415619.897527,50.048
1780415619.9034543,50.048
1780415619.909456,50.048
1780415619.9153829,50.048
1780415619.921455,50.047
1780415619.9274848,50.047
1780415619.9334018,50.047
1780415619.9394305,50.047
1780415619.945333,50.047
1780415619.9514806,50.047
1780415619.95757,50.046
1780415619.963452,50.046
1780415619.9695203,50.046
1780415619.9753656,50.046
1780415619.9814382,50.046
1780415619.9872713,50.046
1780415619.993404,50.046
1780415619.999406,50.046
1780415620.0054045,50.046
1780415620.0114849,50.046
1780415620.01757,50.045
1780415620.0235267,50.046
1780415620.0294168,50.045
1780415620.035404,50.045
1780415620.041481,50.045
1780415620.0473657,50.045
1780415620.0535004,50.044
1780415620.0593932,50.045
1780415620.065507,50.045
1780415620.0713837,50.046
1780415620.0774536,50.046
1780415620.0834663,50.046
1780415620.089368,50.045
1780415620.0954669,50.045
1780415620.1013498,50.044
1780415620.1074777,50.044
1780415620.1132429,50.044
1780415620.119491,50.044
1780415620.1253934,50.044
1780415620.1314857,50.045
1780415620.1374059,50.045
1780415620.1434548,50.045
1780415620.1494756,50.045
1780415620.1553504,50.046
1780415620.1613653,50.045
1780415620.167409,50.044
1780415620.1733797,50.044
1780415620.1794133,50.044
1780415620.1854272,50.044
1780415620.1915312,50.044
1780415620.19738,50.044
1780415620.2034614,50.044
1780415620.2094564,50.044
1780415620.2153132,50.044
1780415620.2215524,50.044
1780415620.2274547,50.044
1780415620.2334664,50.043
1780415620.2393515,50.043
1780415620.2454925,50.043
1780415620.2514231,50.044
1780415620.2574875,50.043
1780415620.2634418,50.044
1780415620.2692933,50.043
1780415620.2754037,50.043
1780415620.2814162,50.043
1780415620.2874165,50.043
1780415620.2935264,50.043
1780415620.299395,50.043
1780415620.3054872,50.043
1780415620.3114042,50.043
1780415620.317375,50.043
1780415620.3234596,50.044
1780415620.3294315,50.044
1780415620.3355088,50.044
1780415620.3414924,50.043
1780415620.3475049,50.043
1780415620.3534267,50.043
1780415620.3594754,50.043
1780415620.3653955,50.044
1780415620.3714638,50.045
1780415620.3773193,50.046
1780415620.3833506,50.046
1780415620.3894145,50.047
1780415620.3953872,50.047
1780415620.40142,50.049
1780415620.4073722,50.049
1780415620.4134042,50.05
1780415620.4192977,50.05
1780415620.4253926,50.051
1780415620.43127,50.051
1780415620.4374511,50.053
1780415620.443382,50.061
1780415620.4491997,50.067
1780415620.45461,50.073
1780415620.4599726,50.076
1780415620.4652035,50.081
1780415620.4707108,50.086
1780415620.475958,50.091
1780415620.4815187,50.093
1780415620.486746,50.098
1780415620.492311,50.102
1780415620.4975388,50.106
1780415620.5032055,50.11
1780415620.508651,50.116
1780415620.5139596,50.118
1780415620.5191877,50.123
1780415620.5247164,50.126
1780415620.529943,50.131
1780415620.5355167,50.134
1780415620.5407474,50.139
1780415620.5463827,50.144
1780415620.551612,50.146
1780415620.5571525,50.151
1780415620.5623863,50.154
1780415620.5679598,50.158
1780415620.5731816,50.162
1780415620.5787587,50.168
1780415620.583996,50.17
1780415620.5895698,50.173
1780415620.5947962,50.177
1780415620.6003244,50.181
1780415620.6055493,50.185
1780415620.611131,50.187
1780415620.6163766,50.194
1780415620.621975,50.195
1780415620.6272042,50.2
1780415620.6327217,50.204
1780415620.637947,50.207
1780415620.6435328,50.211
1780415620.6487627,50.217
1780415620.6543934,50.22
1780415620.6596167,50.222
1780415620.665161,50.225
1780415620.6703868,50.229
1780415620.675971,50.232
1780415620.681451,50.235
1780415620.6867614,50.242
1780415620.6919885,50.243
1780415620.697567,50.246
1780415620.7027981,50.25
1780415620.70837,50.253
1780415620.7136002,51.002
1780415620.7191622,51.005
1780415620.7244537,51.009
1780415620.7299647,51.011
1780415620.7351954,51.014
1780415620.740837,51.017
1780415620.7462375,51.022
1780415620.751548,51.025
1780415620.756782,51.031
1780415620.762365,51.032
1780415620.7675934,51.035
1780415620.7731159,51.038
1780415620.7783473,51.042
1780415620.783965,51.045
1780415620.789195,51.049
1780415620.794774,51.053
1780415620.8000035,51.054
1780415620.8055189,51.058
1780415620.8107486,51.061
1780415620.8163702,51.063
1780415620.8215997,51.067
1780415620.8271258,51.072
1780415620.832374,51.074
1780415620.837967,51.076
1780415620.84319,51.08
1780415620.848771,51.083
1780415620.853989,51.086
1780415620.859532,51.087
1780415620.864772,51.094
1780415620.870326,51.094
1780415620.8755438,51.098
1780415620.8811789,51.101
1780415620.886401,51.104
1780415620.891934,51.107
1780415620.8971708,51.112
1780415620.9027927,51.114
1780415620.9082103,51.115
1780415620.9135175,51.118
1780415620.9187508,51.122
1780415620.9243364,51.124
1780415620.929558,51.127
1780415620.9351811,51.132
1780415620.9404128,51.132
1780415620.9459653,51.136
1780415620.9511971,51.139
1780415620.9567685,51.142
1780415620.9619923,51.144
1780415620.967578,51.148
1780415620.9728148,51.152
1780415620.9783652,51.152
1780415620.9835851,51.156
1780415620.9891229,51.158
1780415620.9943404,51.161
1780415621.0000172,51.164
1780415621.0054572,51.169
1780415621.0107563,51.169
1780415621.0159698,51.172
1780415621.0215292,51.174
1780415621.0267558,51.177
1780415621.03236,51.18
1780415621.037595,51.183
1780415621.0431683,51.187
1780415621.048398,51.188
1780415621.0539665,51.19
1780415621.0591972,51.193
1780415621.0647228,51.195
1780415621.0699587,51.2
1780415621.0755322,51.202
1780415621.0807607,51.204
1780415621.0863857,51.205
1780415621.0916255,51.208
1780415621.097117,51.211
1780415621.1023545,51.214
1780415621.1079335,51.215
1780415621.1131704,51.22
1780415621.1187341,51.22
1780415621.1239562,51.223
1780415621.1295292,51.226
1780415621.1347513,51.228
1780415621.1403399,51.23
1780415621.1455727,51.235
1780415621.1511807,51.237
1780415621.1564083,51.238
1780415621.1619701,51.24
1780415621.1672058,51.243
1780415621.1727152,51.244
1780415621.1779459,51.247
1780415621.1835864,51.251
1780415621.1888158,51.251
1780415621.1943595,51.254
1780415621.1995883,52.001
1780415621.2051275,52.002
1780415621.210356,52.005
1780415621.2159767,52.008
1780415621.221213,52.011
1780415621.2267604,52.011
1780415621.2319815,52.014
1780415621.2375245,52.016
1780415621.242752,52.019
1780415621.2483237,52.02
1780415621.2535713,52.025
1780415621.259127,52.024
1780415621.2643495,52.027
1780415621.2701113,52.018
1780415621.2764797,52.015
1780415621.2824183,52.013
1780415621.288417,52.012
1780415621.294254,52.01
1780415621.3002677,52.009
1780415621.3060863,52.007
1780415621.3122096,52.006
1780415621.318257,52.004
1780415621.3242304,52.002
1780415621.3302755,52.0
1780415621.3362658,51.253
1780415621.3421624,51.25
1780415621.3482888,51.248
1780415621.3543067,51.245
1780415621.3602967,51.242
1780415621.3661919,51.239
1780415621.372245,51.236
1780415621.37832,51.233
1780415621.3842545,51.23
1780415621.39034,51.228
1780415621.396244,51.226
1780415621.4021862,51.223
1780415621.4083,51.22
1780415621.4143076,51.218
1780415621.420337,51.216
1780415621.4262319,51.213
1780415621.43226,51.21
1780415621.4382365,51.207
1780415621.444275,51.205
1780415621.4502826,51.203
1780415621.4562635,51.2
1780415621.4622147,51.197
1780415621.4682467,51.195
1780415621.474324,51.192
1780415621.4802997,51.19
1780415621.4862516,51.188
1780415621.4922626,51.185
1780415621.4982653,51.183
1780415621.5042207,51.179
1780415621.510303,51.177
1780415621.5162015,51.175
1780415621.522219,51.173
1780415621.5282447,51.171
1780415621.5340216,51.168
1780415621.5403342,51.166
1780415621.5462706,51.164
1780415621.552255,51.162
1780415621.5580857,51.159
1780415621.564209,51.157
1780415621.5703034,51.154
1780415621.5762677,51.152
1780415621.582258,51.15
1780415621.588288,51.148
1780415621.594138,51.146
1780415621.6001868,51.144
1780415621.6063027,51.142
1780415621.6122823,51.14
1780415621.618196,51.137
1780415621.6242542,51.134
1780415621.6302896,51.132
1780415621.6362317,51.13
1780415621.6423063,51.128
1780415621.6482947,51.126
1780415621.6542122,51.124
1780415621.660292,51.122
1780415621.666138,51.12
1780415621.6723104,51.118
1780415621.678303,51.116
1780415621.6843188,51.114
1780415621.6900895,51.112
1780415621.6962738,51.11
1780415621.7021918,51.108
1780415621.7082944,51.106
1780415621.7141762,51.105
1780415621.7203124,51.102
1780415621.7261207,51.1
1780415621.7322042,51.099
1780415621.7382936,51.096
1780415621.7442682,51.095
1780415621.7502067,51.093
1780415621.756261,51.09
1780415621.7622354,51.088
1780415621.7683504,51.086
1780415621.7741992,51.084
1780415621.7802787,51.083
1780415621.7861664,51.081
1780415621.7922785,51.079
1780415621.7980227,51.077
1780415621.8042593,51.075
1780415621.8102539,51.073
1780415621.8163183,51.071
1780415621.822254,51.069
1780415621.82824,51.067
1780415621.8342333,51.066
1780415621.8403072,51.064
1780415621.8462448,51.062
1780415621.8523118,51.06
1780415621.858089,51.058
1780415621.8643546,51.056
1780415621.8702428,51.055
1780415621.8763509,51.053
1780415621.8823454,51.051
1780415621.8882964,51.049
1780415621.8941665,51.048
1780415621.9003015,51.046
1780415621.9062274,51.044
1780415621.9123094,51.042
1780415621.9181747,51.04
1780415621.9242365,51.039
1780415621.9302135,51.037
1780415621.9363444,51.036
1780415621.9422612,51.034
1780415621.9480941,51.033
1780415621.954218,51.031
1780415621.960341,51.029
1780415621.9662964,51.028
1780415621.9723427,51.026
1780415621.978213,51.024
1780415621.9843013,51.023
1780415621.990292,51.021
1780415621.996246,51.02
1780415622.0023088,51.018
1780415622.008253,51.017
1780415622.0142105,51.016
1780415622.0202742,51.014
1780415622.026207,51.012
1780415622.0323043,51.01
1780415622.038171,51.009
1780415622.0442803,51.008
1780415622.0500815,51.006
1780415622.0563152,51.004
1780415622.062283,51.003
1780415622.0682838,51.003
1780415622.0742214,51.002
1780415622.0801592,51.001
1780415622.0862727,50.255
1780415622.0921607,50.253
1780415622.0982325,50.251
1780415622.1042318,50.25
1780415622.1101604,50.249
1780415622.1162972,50.247
1780415622.1223495,50.246
1780415622.1281936,50.245
1780415622.1343248,50.244
1780415622.1401315,50.242
1780415622.1462119,50.241
1780415622.152312,50.24
1780415622.158262,50.238
1780415622.1642056,50.237
1780415622.1702392,50.236
1780415622.1761837,50.235
1780415622.1817844,50.232
1780415622.1882951,50.231
1780415622.194318,50.23
1780415622.2002187,50.228
1780415622.206292,50.227
1780415622.212039,50.225
1780415622.2182865,50.224
1780415622.224334,50.223
1780415622.230299,50.222
1780415622.2361803,50.221
1780415622.2415512,50.219
1780415622.2474706,50.218
1780415622.2532763,50.217
1780415622.2590494,50.216
1780415622.2650728,50.215
1780415622.2710576,50.214
1780415622.276869,50.212
1780415622.2830222,50.211
1780415622.289067,50.209
1780415622.2950559,50.209
1780415622.3010643,50.207
1780415622.3070338,50.206
1780415622.3129075,50.205
1780415622.3190916,50.203
1780415622.3250275,50.202
1780415622.3310564,50.201
1780415622.3369305,50.199
1780415622.3430495,50.198
1780415622.3490596,50.197
1780415622.3550906,50.197
1780415622.3610923,50.196
1780415622.3669524,50.194
1780415622.372999,50.193
1780415622.379085,50.192
1780415622.3850315,50.191
1780415622.3910797,50.189
1780415622.397017,50.188
1780415622.4030433,50.187
1780415622.4090383,50.186
1780415622.4150639,50.185
1780415622.421052,50.184
1780415622.4270644,50.182
1780415622.4330418,50.182
1780415622.4390268,50.18
1780415622.4450707,50.179
1780415622.4510818,50.178
1780415622.457081,50.177
1780415622.463065,50.176
1780415622.46888,50.175
1780415622.4751718,50.174
1780415622.4811563,50.173
1780415622.4870932,50.172
1780415622.4930549,50.171
1780415622.499057,50.17
1780415622.5049832,50.169
1780415622.511081,50.168
1780415622.517041,50.166
1780415622.523072,50.165
1780415622.5289855,50.165
1780415622.5350664,50.164
1780415622.541069,50.163
1780415622.5470889,50.162
1780415622.5530496,50.161
1780415622.559025,50.16
1780415622.5650287,50.159
1780415622.5710323,50.158
1780415622.5770237,50.157
1780415622.5830595,50.156
1780415622.5891683,50.155
1780415622.5950694,50.154
1780415622.6010914,50.153
1780415622.606882,50.152
1780415622.6130576,50.152
1780415622.6190856,50.151
1780415622.625041,50.15
1780415622.630997,50.149
1780415622.6370425,50.147
1780415622.6430383,50.147
1780415622.6490417,50.145
1780415622.6550674,50.144
1780415622.6610868,50.144
1780415622.6670384,50.143
1780415622.6730587,50.142
1780415622.6788688,50.142
1780415622.6851044,50.142
1780415622.6910598,50.142
1780415622.6970785,50.142
1780415622.7030883,50.141
1780415622.70906,50.14
1780415622.714973,50.14
1780415622.7210824,50.139
1780415622.72702,50.137
1780415622.733098,50.137
1780415622.7390392,50.136
1780415622.745137,50.135
1780415622.751028,50.134
1780415622.7570796,50.133
1780415622.7628317,50.132
1780415622.7690458,50.132
1780415622.7750628,50.131
1780415622.7810833,50.131
1780415622.7870505,50.13
1780415622.7930355,50.129
1780415622.7990334,50.128
1780415622.8050725,50.128
1780415622.8110478,50.126
1780415622.8170655,50.126
1780415622.8229182,50.125
1780415622.8290112,50.124
1780415622.8350348,50.124
1780415622.8410926,50.123
1780415622.8470657,50.122
1780415622.8529642,50.122
1780415622.859019,50.121
1780415622.8650358,50.12
1780415622.871065,50.119
1780415622.8771183,50.118
1780415622.8830276,50.117
1780415622.8890672,50.117
1780415622.8949425,50.116
1780415622.9010735,50.115
1780415622.9070518,50.114
1780415622.91306,50.114
1780415622.9190292,50.114
1780415622.9249454,50.112
1780415622.931031,50.111
1780415622.9370558,50.111
1780415622.9430075,50.11
1780415622.9490886,50.11
1780415622.955055,50.108
1780415622.9610581,50.108
1780415622.967085,50.108
1780415622.972849,50.107
1780415622.9791274,50.107
1780415622.9850936,50.106
1780415622.9910533,50.105
1780415622.9970121,50.104
1780415623.0030344,50.103
1780415623.0090413,50.102
1780415623.015049,50.102
1780415623.0210903,50.101
1780415623.027086,50.101
1780415623.0330374,50.1
1780415623.0390668,50.1
1780415623.0448472,50.099
1780415623.0510468,50.099
1780415623.0570962,50.098
1780415623.0630586,50.097
1780415623.0690215,50.098
1780415623.0750148,50.097
1780415623.0810485,50.097
1780415623.0869007,50.096
1780415623.0929582,50.095
1780415623.099033,50.094
1780415623.1049504,50.092
1780415623.1111042,50.092
1780415623.1169999,50.092
1780415623.12309,50.092
1780415623.1289258,50.091
1780415623.135036,50.091
1780415623.1410317,50.091
1780415623.1470854,50.09
1780415623.15303,50.09
1780415623.1590195,50.089
1780415623.165027,50.089
1780415623.171027,50.089
1780415623.1770353,50.087
1780415623.183106,50.087
1780415623.1890247,50.087
1780415623.1950834,50.086
1780415623.200974,50.085
1780415623.2068973,50.085
1780415623.2130377,50.084
1780415623.21905,50.084
1780415623.2250745,50.083
1780415623.2310412,50.082
1780415623.2370365,50.081
1780415623.2430463,50.08
1780415623.2490394,50.08
1780415623.2550468,50.079
1780415623.2610462,50.079
1780415623.2670581,50.078
1780415623.273038,50.078
1780415623.2788565,50.077
1780415623.2851079,50.077
1780415623.2910392,50.077
1780415623.2970269,50.076
1780415623.3029556,50.075
1780415623.3090165,50.075
1780415623.3151066,50.074
1780415623.3210068,50.074
1780415623.3270347,50.073
1780415623.3330917,50.073
1780415623.338978,50.072
1780415623.3450394,50.072
1780415623.3511598,50.071
1780415623.3570821,50.071
1780415623.3630512,50.07
1780415623.3690617,50.069
1780415623.3748972,50.069
1780415623.381029,50.068
1780415623.3870354,50.069
1780415623.393104,50.068
1780415623.3990095,50.068
1780415623.4050632,50.067
1780415623.4109135,50.067
1780415623.417022,50.066
1780415623.4230373,50.065
1780415623.4290488,50.064
1780415623.4350429,50.064
1780415623.4410312,50.064
1780415623.447005,50.063
1780415623.4531126,50.063
1780415623.4590151,50.063
1780415623.465054,50.062
1780415623.4710414,50.061
1780415623.4770453,50.061
1780415623.4828951,50.06
1780415623.4890354,50.06
1780415623.4951015,50.059
1780415623.5010507,50.059
1780415623.5070512,50.058
1780415623.5129433,50.058
1780415623.519003,50.058
1780415623.5250967,50.057
1780415623.531045,50.056
1780415623.5370567,50.056
1780415623.5430129,50.055
1780415623.5490568,50.055
1780415623.5548728,50.056
1780415623.5611668,50.054
1780415623.5670745,50.054
1780415623.5730872,50.054
1780415623.5790622,50.054
1780415623.5849466,50.054
1780415623.5910256,50.052
1780415623.5971324,50.051
1780415623.6029725,50.051
1780415623.6090722,50.05
1780415623.6150372,50.05
1780415623.6210074,50.05
1780415623.6270454,50.05
1780415623.6330547,50.05
1780415623.6390388,50.05
1780415623.6450572,50.049
1780415623.6510525,50.048
1780415623.6569219,50.048
1780415623.663003,50.047
1780415623.6690555,50.047
1780415623.675024,50.046
1780415623.6810336,50.046
1780415623.6870837,50.046
1780415623.6930158,50.046
1780415623.699047,50.046
1780415623.705028,50.046
1780415623.7110655,50.045
1780415623.7170682,50.044
1780415623.7230465,50.044
1780415623.7289364,50.043
1780415623.7350404,50.043
1780415623.7409053,50.043
1780415623.7465675,50.042
1780415623.7525957,50.042
1780415623.758343,50.041
1780415623.764344,50.041
1780415623.7700298,50.041
1780415623.7760236,50.04
1780415623.7818625,50.039
1780415623.7878766,50.039
1780415623.7938843,50.038
1780415623.8000093,50.039
1780415623.8059819,50.038
1780415623.8118737,50.037
1780415623.817813,50.037
1780415623.8239007,50.037
1780415623.829794,50.036
1780415623.8359113,50.036
1780415623.8417785,50.035
1780415623.8478518,50.035
1780415623.8538632,50.034
1780415623.8599052,50.035
1780415623.86589,50.034
1780415623.87185,50.033
1780415623.8778791,50.033
1780415623.8837337,50.033
1780415623.8897552,50.033
1780415623.8959188,50.032
1780415623.9017928,50.032
1780415623.9079309,50.031
1780415623.9137976,50.031
1780415623.919964,50.031
1780415623.9259765,50.03
1780415623.9318335,50.03
1780415623.937814,50.03
1780415623.9438627,50.029
1780415623.9498436,50.029
1780415623.955901,50.028
1780415623.9617777,50.028
1780415623.9678674,50.027
1780415623.9737954,50.027
1780415623.9799833,50.028
1780415623.9860232,50.027
1780415623.9917855,50.027
1780415623.9978542,50.027
1780415624.0038218,50.026
1780415624.009843,50.026
1780415624.0159233,50.025
1780415624.0219312,50.025
1780415624.0277393,50.024
1780415624.033813,50.025
1780415624.039872,50.024
1780415624.045877,50.023
1780415624.0518098,50.023
1780415624.057987,50.023
1780415624.0638027,50.023
1780415624.0699546,50.024
1780415624.075667,50.023
1780415624.0819025,50.023
1780415624.0877082,50.022
1780415624.0938807,50.022
1780415624.0998876,50.021
1780415624.105962,50.02
1780415624.1119766,50.02
1780415624.1178796,50.02
1780415624.1238654,50.02
1780415624.1296976,50.02
1780415624.135763,50.02
1780415624.1419587,50.02
1780415624.1478646,50.02
1780415624.1538932,50.02
1780415624.159895,50.02
1780415624.1658528,50.02
1780415624.1719089,50.02
1780415624.177699,50.02
1780415624.183842,50.019
1780415624.1898565,50.019
1780415624.195858,50.019
1780415624.201845,50.019
1780415624.2078803,50.018
1780415624.2137356,50.018
1780415624.219776,50.018
1780415624.22587,50.017
1780415624.2319758,50.017
1780415624.2378335,50.017
1780415624.2439723,50.017
1780415624.249777,50.017
1780415624.255847,50.016
1780415624.261936,50.016
1780415624.2679214,50.016
1780415624.2739022,50.016
1780415624.279922,50.016
1780415624.2859101,50.015
1780415624.2918801,50.015
1780415624.2978601,50.015
1780415624.3039951,50.015
1780415624.309845,50.014
1780415624.3159337,50.014
1780415624.3218493,50.013
1780415624.3278823,50.013
1780415624.3338146,50.013
1780415624.3398604,50.013
1780415624.3459258,50.012
1780415624.3519225,50.013
1780415624.3578985,50.012
1780415624.363731,50.012
1780415624.3698194,50.012
1780415624.3758638,50.011
1780415624.381754,50.011
1780415624.3878963,50.011
1780415624.3938444,50.01
1780415624.3999395,50.01
1780415624.405782,50.009
1780415624.41168,50.009
1780415624.417873,50.009
1780415624.423939,50.009
1780415624.4299388,50.009
1780415624.4357998,50.008
1780415624.4418492,50.008
1780415624.4478347,50.008
1780415624.4538052,50.008
1780415624.45993,50.008
1780415624.4658945,50.007
1780415624.4718766,50.007
1780415624.4779043,50.007
1780415624.4837327,50.007
1780415624.4898524,50.007
1780415624.4958732,50.007
1780415624.5019174,50.006
1780415624.5079207,50.006
1780415624.51423,50.005
1780415624.5200045,50.006
1780415624.525961,50.005
1780415624.5318003,50.006
1780415624.5379508,50.006
1780415624.543856,50.007
1780415624.5499349,50.007
1780415624.5558338,50.007
1780415624.561929,50.008
1780415624.5678437,50.008
1780415624.5739174,50.009
1780415624.5797832,50.009
1780415624.5858445,50.009
1780415624.5919068,50.01
1780415624.5978253,50.011
1780415624.6038713,50.012
1780415624.6097686,50.014
1780415624.6159115,50.014
1780415624.6217008,50.014
1780415624.62793,50.015
1780415624.6337001,50.015
1780415624.6399355,50.017
1780415624.6459112,50.018
1780415624.651712,50.017
1780415624.6579168,50.018
1780415624.663843,50.018
1780415624.6698368,50.018
1780415624.6758041,50.018
1780415624.681908,50.019
1780415624.6878896,50.019
1780415624.6938467,50.02
1780415624.6998534,50.022
1780415624.705947,50.023
1780415624.7119772,50.022
1780415624.717773,50.023
1780415624.7238655,50.022
1780415624.729818,50.023
1780415624.7357883,50.023
1780415624.7417455,50.024
1780415624.747741,50.024
1780415624.753868,50.024
1780415624.7597888,50.025
1780415624.7659492,50.026
1780415624.7719603,50.026
1780415624.777758,50.026
1780415624.783883,50.027
1780415624.7898057,50.027
1780415624.795975,50.027
1780415624.801835,50.028
1780415624.8079977,50.028
1780415624.813842,50.028
1780415624.8198946,50.029
1780415624.8258288,50.029
1780415624.8319175,50.029
1780415624.8379536,50.03
1780415624.8437538,50.03
1780415624.8499296,50.031
1780415624.8557346,50.031
1780415624.8619156,50.031
1780415624.8677492,50.032
1780415624.8739114,50.032
1780415624.8797739,50.033
1780415624.8858597,50.033
1780415624.8916924,50.033
1780415624.897679,50.034
1780415624.9038281,50.034
1780415624.9097211,50.035
1780415624.915848,50.035
1780415624.9218514,50.035
1780415624.9278848,50.036
1780415624.9338715,50.035
1780415624.9398685,50.036
1780415624.9459016,50.035
1780415624.951924,50.035
1780415624.9578993,50.035
1780415624.963732,50.034
1780415624.969823,50.034
1780415624.9758425,50.034
1780415624.9817917,50.033
1780415624.987919,50.033
1780415624.9938257,50.032
1780415624.999935,50.032
1780415625.0057812,50.032
1780415625.0117655,50.031
1780415625.017851,50.031
1780415625.0239503,50.031
1780415625.0299168,50.031
1780415625.035898,50.031
1780415625.0418727,50.03
1780415625.0477638,50.03
1780415625.0538783,50.029
1780415625.0598752,50.028
1780415625.065804,50.028
1780415625.071893,50.029
1780415625.0778804,50.029
1780415625.0836942,50.029
1780415625.0899487,50.028
1780415625.095777,50.028
1780415625.1019685,50.028
1780415625.1078444,50.027
1780415625.113967,50.028
1780415625.1197479,50.027
1780415625.1258762,50.027
1780415625.1319315,50.028
1780415625.1378744,50.027
1780415625.143854,50.028
1780415625.1498704,50.028
1780415625.1558669,50.028
1780415625.161851,50.027
1780415625.1677775,50.026
1780415625.1739857,50.027
1780415625.17985,50.026
1780415625.1859035,50.026
1780415625.191919,50.026
1780415625.1977918,50.025
1780415625.2039135,50.025
1780415625.2097116,50.026
1780415625.2159412,50.025
1780415625.2218485,50.025
1780415625.227843,50.025
1780415625.2338903,50.024
1780415625.2399235,50.023
1780415625.2457652,50.023
1780415625.251903,50.023
1780415625.257979,50.023
1780415625.2639954,50.023
1780415625.2699184,50.023
1780415625.276045,50.022
1780415625.2818642,50.022
1780415625.2879572,50.022
1780415625.2937515,50.021
1780415625.2998667,50.021
1780415625.3058782,50.022
1780415625.3119836,50.021
1780415625.3180017,50.02
1780415625.3238585,50.02
1780415625.3298712,50.02
1780415625.3359215,50.02
1780415625.3418014,50.019
1780415625.3478868,50.019
1780415625.353898,50.018
1780415625.359972,50.018
1780415625.3659034,50.018
1780415625.3719764,50.018
1780415625.377986,50.018
1780415625.3836517,50.018
1780415625.3899684,50.018
1780415625.3959851,50.017
1780415625.401981,50.018
1780415625.4077806,50.017
1780415625.4138184,50.017
1780415625.4198406,50.017
1780415625.425827,50.016
1780415625.4319375,50.017
1780415625.4381034,50.016
1780415625.4439251,50.017
1780415625.44992,50.017
1780415625.455743,50.016
1780415625.4619205,50.017
1780415625.4677353,50.017
1780415625.4738464,50.018
1780415625.4797852,50.018
1780415625.4858365,50.018
1780415625.491885,50.019
1780415625.497897,50.019
1780415625.5039053,50.021
1780415625.5098412,50.021
1780415625.515885,50.022
1780415625.5219119,50.022
1780415625.5278974,50.023
1780415625.533911,50.023
1780415625.539903,50.024
1780415625.5458663,50.025
1780415625.5518765,50.025
1780415625.5578713,50.025
1780415625.5638144,50.026
1780415625.5699046,50.026
1780415625.5757518,50.028
1780415625.5818524,50.029
1780415625.5877776,50.031
1780415625.5938761,50.032
1780415625.5998638,50.033
1780415625.6058488,50.034
1780415625.6117246,50.034
1780415625.617855,50.035
1780415625.6238718,50.035
1780415625.62978,50.035
1780415625.6358073,50.036
1780415625.641739,50.036
1780415625.647829,50.035
1780415625.6538482,50.035
1780415625.6599379,50.034
1780415625.6659143,50.035
1780415625.6718252,50.035
1780415625.6778564,50.035
1780415625.6839142,50.035
1780415625.6897054,50.035
1780415625.6958532,50.035
1780415625.7019558,50.035
1780415625.707911,50.034
1780415625.7138844,50.035
1780415625.7199073,50.035
1780415625.7258475,50.035
1780415625.731891,50.036
1780415625.737766,50.036
1780415625.7437568,50.037
1780415625.749852,50.037
1780415625.7559268,50.038
1780415625.7618046,50.038
1780415625.7679079,50.038
1780415625.7738183,50.037
1780415625.7799282,50.037
1780415625.785907,50.036
1780415625.7919369,50.036
1780415625.7978477,50.037
1780415625.8037345,50.036
1780415625.8098884,50.036
1780415625.8158412,50.036
1780415625.821887,50.035
1780415625.827905,50.035
1780415625.8338964,50.034
1780415625.839804,50.034
1780415625.8459167,50.035
1780415625.85187,50.034
1780415625.857875,50.035
1780415625.8639529,50.034
1780415625.8699327,50.034
1780415625.8758838,50.034
1780415625.8819366,50.034
1780415625.887772,50.033
1780415625.8939102,50.033
1780415625.899668,50.033
1780415625.9058967,50.032
1780415625.9118962,50.032
1780415625.917978,50.033
1780415625.9239833,50.032
1780415625.9297426,50.032
1780415625.9358857,50.033
1780415625.9419496,50.032
1780415625.9478846,50.031
1780415625.9539247,50.031
1780415625.959885,50.031
1780415625.9659364,50.031
1780415625.9717999,50.03
1780415625.9779549,50.031
1780415625.984038,50.031
1780415625.9899192,50.03
1780415625.9958892,50.031
1780415626.001915,50.03
1780415626.00792,50.03
1780415626.0138402,50.03
1780415626.0198703,50.029
1780415626.0258863,50.029
1780415626.031787,50.029
1780415626.0379207,50.029
1780415626.0440464,50.029
1780415626.0499392,50.028
1780415626.0559623,50.028
1780415626.0618742,50.028
1780415626.0679402,50.028
1780415626.0737793,50.028
1780415626.079839,50.029
1780415626.085796,50.028
1780415626.0918884,50.028
1780415626.0978131,50.028
1780415626.1038032,50.027
1780415626.109877,50.027
1780415626.1158993,50.027
1780415626.1218705,50.027
1780415626.1279373,50.027
1780415626.1339116,50.027
1780415626.1398356,50.026
1780415626.1459196,50.026
1780415626.151878,50.026
1780415626.1578188,50.026
1780415626.1638856,50.026
1780415626.1699498,50.026
1780415626.1758738,50.026
1780415626.1819403,50.026
1780415626.1878788,50.026
1780415626.1939356,50.026
1780415626.1997342,50.026
1780415626.205873,50.026
1780415626.2119598,50.025
1780415626.2179105,50.025
1780415626.2239037,50.025
1780415626.229857,50.026
1780415626.2358298,50.026
1780415626.2418587,50.026
1780415626.2479236,50.027
1780415626.2537804,50.026
1780415626.2598927,50.026
1780415626.2658668,50.026
1780415626.271767,50.026
1780415626.277896,50.026
1780415626.2838242,50.026
1780415626.289794,50.026
1780415626.2958882,50.027
1780415626.301855,50.027
1780415626.3078592,50.027
1780415626.3137405,50.027
1780415626.3198786,50.027
1780415626.325762,50.026
1780415626.3319,50.025
1780415626.3378007,50.025
1780415626.3439069,50.025
1780415626.3499186,50.026
1780415626.355825,50.026
1780415626.3618822,50.026
1780415626.3676736,50.026
1780415626.373936,50.027
1780415626.3797824,50.027
1780415626.3859034,50.026
1780415626.3918607,50.026
1780415626.3978353,50.026
1780415626.4038186,50.026
1780415626.4093132,50.026
1780415626.415434,50.026
1780415626.4214034,50.026
1780415626.4273784,50.026
1780415626.4332545,50.026
1780415626.4393172,50.026
1780415626.4450233,50.026
1780415626.4509602,50.026
1780415626.4566712,50.026
1780415626.4626982,50.026
1780415626.4686434,50.027
1780415626.4745615,50.027
1780415626.4807122,50.027
1780415626.4865682,50.027
1780415626.4926991,50.026
1780415626.4986057,50.026
1780415626.5047061,50.026
1780415626.5105145,50.026
1780415626.5167813,50.026
1780415626.5226402,50.026
1780415626.5287142,50.027
1780415626.5347707,50.027
1780415626.5406718,50.027
1780415626.5466633,50.027
1780415626.552569,50.026
1780415626.5586498,50.026
1780415626.5646505,50.026
1780415626.5705757,50.025
1780415626.5766928,50.026
1780415626.5826886,50.025
1780415626.588693,50.025
1780415626.5947,50.025
1780415626.6006625,50.024
1780415626.6067085,50.024
1780415626.612565,50.024
1780415626.6187117,50.024
1780415626.6246684,50.023
1780415626.6306748,50.023
1780415626.6366725,50.023
1780415626.642661,50.024
1780415626.6486669,50.023
1780415626.6545668,50.024
1780415626.6606524,50.023
1780415626.6666682,50.023
1780415626.6725547,50.023
1780415626.6787264,50.023
1780415626.6847377,50.023
1780415626.6907337,50.023
1780415626.696623,50.023
1780415626.7028058,50.022
1780415626.7087035,50.022
1780415626.7146657,50.022
1780415626.7207003,50.022
1780415626.7264998,50.022
1780415626.7327542,50.022
1780415626.7386725,50.021
1780415626.744656,50.022
1780415626.7507508,50.021
1780415626.756723,50.02
1780415626.7626238,50.021
1780415626.7687006,50.02
1780415626.774677,50.02
1780415626.7806811,50.02
1780415626.7865913,50.02
1780415626.792657,50.02
1780415626.798683,50.019
1780415626.8047688,50.019
1780415626.8106847,50.019
1780415626.8167462,50.019
1780415626.8226314,50.018
1780415626.828636,50.018
1780415626.8346934,50.018
1780415626.840694,50.018
1780415626.84672,50.018
1780415626.8527124,50.018
1780415626.8586743,50.018
1780415626.8646774,50.017
1780415626.870673,50.017
1780415626.8765664,50.016
1780415626.8826704,50.016
1780415626.8885462,50.017
1780415626.894211,50.016
1780415626.9002087,50.016
1780415626.9062064,50.016
1780415626.9122148,50.016
1780415626.917966,50.016
1780415626.9239438,50.016
1780415626.9296448,50.015
1780415626.9355357,50.016
1780415626.9414876,50.015
1780415626.9475434,50.016
1780415626.9535441,50.015
1780415626.9595351,50.015
1780415626.965478,50.016
1780415626.9714487,50.016
1780415626.9774446,50.015
1780415626.9834948,50.015
1780415626.9894092,50.014
1780415626.9954433,50.014
1780415627.0014012,50.015
1780415627.007501,50.014
1780415627.0135489,50.014
1780415627.0194097,50.014
1780415627.0255115,50.014
1780415627.0313213,50.014
1780415627.0375183,50.014
1780415627.043415,50.014
1780415627.049447,50.014
1780415627.0553966,50.014
1780415627.0614676,50.014
1780415627.0673456,50.014
1780415627.0734785,50.015
1780415627.0793886,50.015
1780415627.0853834,50.015
1780415627.0913877,50.015
1780415627.0974762,50.014
1780415627.103387,50.013
1780415627.109462,50.014
1780415627.1153824,50.014
1780415627.1215909,50.014
1780415627.1274562,50.014
1780415627.133488,50.014
1780415627.1395085,50.014
1780415627.1454298,50.014
1780415627.151495,50.014
1780415627.157326,50.014
1780415627.1634629,50.013
1780415627.169451,50.014
1780415627.1754475,50.013
1780415627.1815195,50.013
1780415627.187508,50.013
1780415627.193436,50.013
1780415627.1993213,50.013
1780415627.205438,50.012
1780415627.2114403,50.012
1780415627.2174666,50.012
1780415627.223488,50.012
1780415627.2294765,50.012
1780415627.2354956,50.011
1780415627.2414331,50.011
1780415627.2474654,50.011
1780415627.253487,50.011
1780415627.25926,50.011
1780415627.2654698,50.011
1780415627.271533,50.012
1780415627.277485,50.011
1780415627.2834287,50.011
1780415627.2894778,50.011
1780415627.2954655,50.01
1780415627.301373,50.01
1780415627.3074603,50.011
1780415627.3134818,50.011
1780415627.3194623,50.01
1780415627.3255186,50.01
1780415627.331432,50.01
1780415627.337532,50.01
1780415627.343318,50.009
1780415627.349452,50.009
1780415627.3554437,50.009
1780415627.3614852,50.009
1780415627.367512,50.009
1780415627.3735168,50.009
1780415627.3794813,50.009
1780415627.3853276,50.009
1780415627.3914099,50.009
1780415627.3974798,50.008
1780415627.4033482,50.008
1780415627.4095545,50.008
1780415627.4154232,50.009
1780415627.421623,50.009
1780415627.4274473,50.008
1780415627.4334235,50.008
1780415627.4394875,50.008
1780415627.4452715,50.008
1780415627.4514773,50.009
1780415627.4575467,50.009
1780415627.4634726,50.008
1780415627.4694402,50.008
1780415627.4754343,50.008
1780415627.4813297,50.007
1780415627.4873962,50.008
1780415627.493318,50.008
1780415627.4990306,50.008
1780415627.505025,50.008
1780415627.5107737,50.008
1780415627.516721,50.008
1780415627.522465,50.008
1780415627.528404,50.008
1780415627.534073,50.007
1780415627.5403123,50.007
1780415627.5462573,50.008
1780415627.5523305,50.007
1780415627.558319,50.007
1780415627.5642688,50.008
1780415627.570275,50.007
1780415627.5762873,50.007
1780415627.582244,50.007
1780415627.588303,50.007
1780415627.5941486,50.007
1780415627.6003492,50.007
1780415627.6062565,50.007
1780415627.6123633,50.007
1780415627.618366,50.006
1780415627.6241615,50.006
1780415627.6302521,50.006
1780415627.6363206,50.007
1780415627.6423945,50.006
1780415627.6483426,50.006
1780415627.654273,50.006
1780415627.6602585,50.006
1780415627.6662626,50.006
1780415627.6723182,50.006
1780415627.6783037,50.006
1780415627.6842499,50.006
1780415627.6903493,50.006
1780415627.6962237,50.007
1780415627.702403,50.006
1780415627.708255,50.006
1780415627.7143137,50.006
1780415627.7202146,50.006
1780415627.7263336,50.006
1780415627.7322516,50.006
1780415627.738373,50.006
1780415627.7443979,50.006
1780415627.7503254,50.006
1780415627.7563584,50.006
1780415627.7622404,50.006
1780415627.768292,50.006
1780415627.7740924,50.006
1780415627.7802892,50.005
1780415627.7862694,50.005
1780415627.7922843,50.005
1780415627.7982981,50.005
1780415627.804307,50.005
1780415627.810221,50.005
1780415627.8163457,50.005
1780415627.8221936,50.005
1780415627.8282876,50.005
1780415627.834306,50.005
1780415627.840314,50.005
1780415627.846326,50.004
1780415627.8523242,50.005
1780415627.858333,50.004
1780415627.8642051,50.005
1780415627.8702512,50.005
1780415627.87627,50.005
1780415627.8823378,50.004
1780415627.888325,50.004
1780415627.894212,50.004
1780415627.9003353,50.005
1780415627.9061625,50.006
1780415627.9123163,50.006
1780415627.9182003,50.005
1780415627.9241686,50.006
1780415627.9302773,50.006
1780415627.9362102,50.007
1780415627.9423225,50.007
1780415627.9481833,50.007
1780415627.9543538,50.007
1780415627.9602518,50.006
1780415627.9663243,50.006
1780415627.9722354,50.006
1780415627.978314,50.006
1780415627.984367,50.006
1780415627.990161,50.007
1780415627.9963346,50.007
1780415628.00233,50.007
1780415628.0082781,50.007
1780415628.0143414,50.007
1780415628.0202427,50.007
1780415628.0262985,50.007
1780415628.0322788,50.007
1780415628.0380895,50.007
1780415628.0443285,50.006
1780415628.050237,50.006
1780415628.0563407,50.006
1780415628.0622346,50.006
1780415628.0682695,50.007
1780415628.0741916,50.007
1780415628.0802743,50.007
1780415628.0860908,50.006
1780415628.0923367,50.006
1780415628.0982454,50.006
1780415628.1042633,50.006
1780415628.1103575,50.007
1780415628.1162565,50.007
1780415628.1223397,50.007
1780415628.128102,50.007
1780415628.1338801,50.007
1780415628.1403337,50.007
1780415628.1462753,50.007
1780415628.1522887,50.007
1780415628.1583335,50.007
1780415628.1642978,50.007
1780415628.1701808,50.007
1780415628.176278,50.007
1780415628.182268,50.007
1780415628.1881688,50.006
1780415628.1943533,50.006
1780415628.200218,50.006
1780415628.2063687,50.006
1780415628.2122555,50.006
1780415628.2183506,50.006
1780415628.224356,50.006
1780415628.230079,50.006
1780415628.2363424,50.006
1780415628.2424378,50.007
1780415628.2483652,50.006
1780415628.2542832,50.007
1780415628.260249,50.006
1780415628.2663014,50.005
1780415628.2722483,50.006
1780415628.2783363,50.006
1780415628.2843666,50.006
1780415628.2902312,50.006
1780415628.296304,50.006
1780415628.302232,50.005
1780415628.3083322,50.005
1780415628.3141694,50.005
1780415628.3203213,50.005
1780415628.3260822,50.005
1780415628.3323052,50.005
1780415628.338268,50.005
1780415628.3446789,50.005
1780415628.3506515,50.005
1780415628.3564715,50.005
1780415628.3623426,50.005
1780415628.3682513,50.005
1780415628.3742256,50.005
1780415628.3805373,50.005
1780415628.3864417,50.005
1780415628.3923235,50.005
1780415628.3982646,50.005
1780415628.4043138,50.005
1780415628.410388,50.005
1780415628.4161458,50.005
1780415628.4222953,50.005
1780415628.4283087,50.005
1780415628.434623,50.006
1780415628.4404645,50.005
1780415628.4465654,50.005
1780415628.4523745,50.005
1780415628.4583788,50.006
1780415628.4642906,50.005
1780415628.4701943,50.005
1780415628.4762442,50.005
1780415628.4823434,50.005
1780415628.4882152,50.005
1780415628.494385,50.005
1780415628.5002747,50.004
1780415628.506362,50.004
1780415628.5122185,50.005
1780415628.5183597,50.005
1780415628.5242364,50.004
1780415628.5302088,50.004
1780415628.5363326,50.005
1780415628.5422606,50.005
1780415628.548324,50.005
1780415628.5542288,50.004
1780415628.560379,50.004
1780415628.566265,50.004
1780415628.5723114,50.004
1780415628.5781164,50.004
1780415628.5842578,50.004
1780415628.590202,50.004
1780415628.5963118,50.004
1780415628.602279,50.004
1780415628.6083663,50.003
1780415628.6142867,50.003
1780415628.620318,50.003
1780415628.6262927,50.003
1780415628.63232,50.004
1780415628.6381938,50.003
1780415628.644179,50.004
1780415628.6502655,50.004
1780415628.6562994,50.004
1780415628.6623726,50.004
1780415628.6683066,50.004
1780415628.6742966,50.003
1780415628.6802146,50.004
1780415628.686331,50.004
1780415628.692242,50.004
1780415628.6982627,50.004
1780415628.7042184,50.004
1780415628.7097082,50.003
1780415628.715831,50.004
1780415628.7218757,50.004
1780415628.7283418,50.004
1780415628.734352,50.003
1780415628.7402785,50.004
1780415628.7463775,50.004
1780415628.7522824,50.003
1780415628.758326,50.003
1780415628.7641957,50.003
1780415628.7703297,50.003
1780415628.7763486,50.003
1780415628.7822714,50.003
1780415628.78835,50.003
1780415628.7943296,50.003
1780415628.8003206,50.002
1780415628.8062449,50.002
1780415628.8122988,50.002
1780415628.8181038,50.002
1780415628.8243277,50.002
1780415628.8303049,50.002
1780415628.8363667,50.002
1780415628.8423476,50.003
1780415628.8483596,50.003
1780415628.854278,50.002
1780415628.860321,50.002
1780415628.8662932,50.002
1780415628.8723238,50.002
1780415628.8782144,50.002
1780415628.8842888,50.002
1780415628.890305,50.002
1780415628.8962543,50.002
1780415628.9023275,50.002
1780415628.9082825,50.002
1780415628.914278,50.002
1780415628.920252,50.001
1780415628.92628,50.001
1780415628.932222,50.001
1780415628.9382124,50.002
1780415628.944364,50.001
1780415628.9502394,50.002
1780415628.956046,50.015
1780415628.9612584,50.019
1780415628.96678,50.023
1780415628.97201,50.029
1780415628.977625,50.033
1780415628.982869,50.038
1780415628.988428,50.041
1780415628.993655,50.046
1780415628.9991784,50.05
1780415629.004406,50.055
1780415629.0100386,50.059
1780415629.0152795,50.066
1780415629.0208879,50.067
1780415629.0262997,50.072
1780415629.031564,50.076
1780415629.0367963,50.081
1780415629.042388,50.085
1780415629.0476217,50.089
1780415629.0532415,50.095
1780415629.0584722,50.097
1780415629.0640152,50.101
1780415629.0692415,50.108
1780415629.0748336,50.109
1780415629.0800614,50.114
1780415629.0856116,50.12
1780415629.0908132,50.122
1780415629.0964334,50.126
1780415629.1016672,50.13
1780415629.1072161,50.134
1780415629.112445,50.139
1780415629.118011,50.141
1780415629.123247,50.148
1780415629.1287766,50.149
1780415629.1340065,50.154
1780415629.1395755,50.158
1780415629.144799,50.162
1780415629.150413,50.166
1780415629.1556447,50.171
1780415629.161418,50.174
1780415629.1667087,50.177
1780415629.171974,50.18
1780415629.177197,50.185
1780415629.1828232,50.188
1780415629.1880648,50.192
1780415629.193623,50.198
1780415629.1988585,50.199
1780415629.204413,50.203
1780415629.209644,50.207
1780415629.215175,50.21
1780415629.2204046,50.214
1780415629.226024,50.219
1780415629.2312632,50.223
1780415629.2368374,50.225
1780415629.2420645,50.229
1780415629.2475755,50.232
1780415629.2528,50.236
1780415629.2584195,50.239
1780415629.263668,50.245
1780415629.2691855,50.245
1780415629.2744045,50.249
1780415629.2800355,50.253
1780415629.285258,51.001
1780415629.29079,51.004
1780415629.296015,51.008
1780415629.3016453,51.013
1780415629.3068743,51.014
1780415629.312421,51.017
1780415629.3176513,51.022
1780415629.3231778,51.024
1780415629.3284063,51.027
1780415629.3340306,51.034
1780415629.3392718,51.035
1780415629.3448267,51.038
1780415629.350042,51.042
1780415629.3556132,51.045
1780415629.360834,51.048
1780415629.3663785,51.05
1780415629.371626,51.056
1780415629.3772314,51.057
1780415629.3826768,51.061
1780415629.3879666,51.063
1780415629.3931828,51.066
1780415629.39877,51.07
1780415629.404006,51.075
1780415629.4096205,51.078
1780415629.414854,51.08
1780415629.420378,51.082
1780415629.4256108,51.086
1780415629.431173,51.089
1780415629.4363997,51.091
1780415629.4420261,51.097
1780415629.4472415,51.097
1780415629.4528224,51.1
1780415629.4580407,51.104
1780415629.4635804,51.106
1780415629.4687917,51.11
1780415629.47438,51.113
1780415629.4796152,51.117
1780415629.4851792,51.118
1780415629.490386,51.121
1780415629.4959803,51.124
1780415629.5011842,51.127
1780415629.5067904,51.13
1780415629.5120296,51.135
1780415629.517587,51.135
1780415629.522804,51.139
1780415629.528394,51.141
1780415629.5336118,51.144
1780415629.5392318,51.147
1780415629.5444658,51.151
1780415629.5500379,51.154
1780415629.555264,51.155
1780415629.560849,51.158
1780415629.5663338,51.16
1780415629.5717094,51.163
1780415629.5771086,51.166
1780415629.5824242,51.171
1780415629.5876622,51.172
1780415629.593245,51.174
1780415629.5984607,51.177
1780415629.6040077,51.18
1780415629.609218,51.183
1780415629.6148152,51.184
1780415629.6200774,51.188
1780415629.6257472,51.189
1780415629.6311064,51.193
1780415629.6364076,51.195
1780415629.641623,51.198
1780415629.6471682,51.2
1780415629.6523929,51.205
1780415629.6580186,51.207
1780415629.6632335,51.208
1780415629.6688101,51.211
1780415629.6740322,51.212
1780415629.6796153,51.216
1780415629.6848376,51.218
1780415629.690427,51.222
1780415629.6956482,51.222
1780415629.7011766,51.225
1780415629.7064097,51.228
1780415629.7119846,51.229
1780415629.7172105,51.233
1780415629.7227874,51.237
1780415629.7280283,51.239
1780415629.733594,51.238
1780415629.738895,51.241
1780415629.7444983,51.245
1780415629.7499015,51.247
1780415629.7552164,51.249
1780415629.7604666,51.254
1780415629.766028,51.253
1780415629.7712445,52.0
1780415629.7770238,51.248
1780415629.7833667,51.245
1780415629.7893097,51.241
1780415629.7950294,51.24
1780415629.8010461,51.239
1780415629.8070948,51.238
1780415629.8130586,51.237
1780415629.8190777,51.236
1780415629.8250573,51.233
1780415629.8310597,51.231
1780415629.837069,51.229
1780415629.8430922,51.226
1780415629.84905,51.224
1780415629.8550582,51.221
1780415629.8610315,51.219
1780415629.8671057,51.216
1780415629.8730717,51.213
1780415629.8790908,51.211
1780415629.885068,51.208
1780415629.8911014,51.205
1780415629.8971179,51.203
1780415629.9031339,51.201
1780415629.9090493,51.198
1780415629.9150724,51.196
1780415629.9210758,51.194
1780415629.9271626,51.192
1780415629.9330544,51.19
1780415629.9390566,51.189
1780415629.945029,51.187
1780415629.9511633,51.185
1780415629.9570491,51.182
1780415629.9630826,51.18
1780415629.9690967,51.179
1780415629.974928,51.178
1780415629.981116,51.177
1780415629.9870996,51.175
1780415629.9930232,51.173
1780415629.9990745,51.173
1780415630.005093,51.171
1780415630.010966,51.169
1780415630.0170372,51.168
1780415630.0230129,51.167
1780415630.0285072,51.165
1780415630.0346038,51.165
1780415630.0406172,51.164
1780415630.0466087,51.162
1780415630.052248,51.16
1780415630.0581834,51.158
1780415630.0638494,51.157
1780415630.0698934,51.156
1780415630.0757954,51.155
1780415630.0819004,51.154
1780415630.0879328,51.153
1780415630.0938497,51.152
1780415630.0998762,51.151
1780415630.105724,51.149
1780415630.1118634,51.147
1780415630.1178358,51.146
1780415630.1238797,51.144
1780415630.129865,51.143
1780415630.1358924,51.142
1780415630.1418576,51.141
1780415630.1479564,51.14
1780415630.1538608,51.138
1780415630.159822,51.137
1780415630.1658652,51.136
1780415630.1722302,51.134
1780415630.1780605,51.133
1780415630.1839294,51.131
1780415630.1897414,51.13
1780415630.195918,51.128
1780415630.2018638,51.127
1780415630.2079356,51.126
1780415630.2139544,51.124
1780415630.2197897,51.123
1780415630.2259765,51.122
1780415630.2317991,51.12
1780415630.237931,51.119
1780415630.243812,51.117
1780415630.249898,51.115
1780415630.2557704,51.114
1780415630.2618697,51.113
1780415630.2679224,51.112
1780415630.2737553,51.111
1780415630.279849,51.11
1780415630.2858608,51.109
1780415630.291867,51.107
1780415630.297907,51.106
1780415630.3038883,51.105
1780415630.3098893,51.103
1780415630.3159661,51.102
1780415630.3218412,51.101
1780415630.327996,51.1
1780415630.3339736,51.098
1780415630.3398223,51.097
1780415630.3458526,51.095
1780415630.3518572,51.093
1780415630.3578944,51.091
1780415630.3639586,51.089
1780415630.3698485,51.087
1780415630.375975,51.085
1780415630.3817828,51.084
1780415630.3873143,51.083
1780415630.393044,51.081
1780415630.3990164,51.079
1780415630.4047782,51.077
1780415630.4107287,51.075
1780415630.416549,51.073
1780415630.4226305,51.072
1780415630.4287844,51.07
1780415630.4347053,51.068
1780415630.4407,51.067
1780415630.4467285,51.065
1780415630.4526134,51.063
1780415630.4587483,51.062
1780415630.464664,51.06
1780415630.4706967,51.058
1780415630.476703,51.057
1780415630.4826815,51.055
1780415630.4887197,51.053
1780415630.4946322,51.051
1780415630.5007663,51.049
1780415630.5066726,51.048
1780415630.5126424,51.046
1780415630.5187504,51.045
1780415630.5245245,51.043
1780415630.5307732,51.042
1780415630.5367134,51.04
1780415630.5427163,51.038
1780415630.5486166,51.036
1780415630.554673,51.035
1780415630.5607011,51.033
1780415630.5667384,51.032
1780415630.5726779,51.03
1780415630.5787442,51.029
1780415630.584661,51.027
1780415630.590735,51.026
1780415630.596594,51.024
1780415630.6026661,51.023
1780415630.60869,51.021
1780415630.6147256,51.019
1780415630.620639,51.019
1780415630.6267505,51.018
1780415630.6327,51.017
1780415630.6386127,51.016
1780415630.6446803,51.015
1780415630.6506546,51.014
1780415630.6566374,51.014
1780415630.6626432,51.014
1780415630.6685367,51.013
1780415630.6747549,51.012
1780415630.6806371,51.011
1780415630.6867247,51.011
1780415630.6926925,51.01
1780415630.6986635,51.009
1780415630.7047436,51.009
1780415630.7106113,51.009
1780415630.716745,51.008
1780415630.7225254,51.007
1780415630.7287533,51.006
1780415630.7346976,51.006
1780415630.7407107,51.007
1780415630.7466383,51.007
1780415630.752645,51.006
1780415630.7586405,51.006
1780415630.7647579,51.006
1780415630.7706516,51.006
1780415630.7766874,51.006
1780415630.7826262,51.006
1780415630.7887087,51.005
1780415630.7946599,51.004
1780415630.8006446,51.003
1780415630.8066735,51.002
1780415630.812681,51.0
1780415630.8187046,50.255
1780415630.8247275,50.253
1780415630.8307064,50.252
1780415630.836667,50.251
1780415630.8427608,50.25
1780415630.8485909,50.248
1780415630.8546865,50.247
1780415630.8607635,50.246
1780415630.8666997,50.244
1780415630.8726919,50.242
1780415630.8786736,50.242
1780415630.8846846,50.241
1780415630.8906295,50.24
1780415630.896638,50.24
1780415630.9027,50.239
1780415630.9086268,50.238
1780415630.914661,50.237
1780415630.9205642,50.237
1780415630.9267008,50.236
1780415630.932693,50.234
1780415630.9386215,50.233
1780415630.944817,50.231
1780415630.9506154,50.23
1780415630.9567797,50.229
1780415630.9625633,50.228
1780415630.9686563,50.227
1780415630.9747314,50.225
1780415630.9806647,50.224
1780415630.9867318,50.224
1780415630.9926894,50.223
1780415630.9987013,50.222
1780415631.004654,50.221
1780415631.0106876,50.22
1780415631.0166943,50.219
1780415631.0225837,50.217
1780415631.0287647,50.216
1780415631.0346637,50.215
1780415631.0407538,50.214
1780415631.0466907,50.212
1780415631.0527093,50.212
1780415631.0587225,50.211
1780415631.0645592,50.21
1780415631.0706947,50.211
1780415631.0767179,50.212
1780415631.0827076,50.211
1780415631.0885363,50.211
1780415631.0947068,50.211
1780415631.100673,50.209
1780415631.1067066,50.209
1780415631.1126914,50.209
1780415631.1187077,50.208
1780415631.124681,50.208
1780415631.130639,50.208
1780415631.1366806,50.208
1780415631.142724,50.208
1780415631.1486456,50.207
1780415631.1546633,50.207
1780415631.1606011,50.207
1780415631.16673,50.207
1780415631.1726632,50.207
1780415631.178728,50.206
1780415631.1847277,50.206
1780415631.1906428,50.206
1780415631.196703,50.206
1780415631.2026434,50.206
1780415631.2087004,50.205
1780415631.214697,50.204
1780415631.2210393,50.204
1780415631.2268393,50.203
1780415631.232893,50.203
1780415631.2388954,50.202
1780415631.244865,50.202
1780415631.2508416,50.2
1780415631.2566352,50.199
1780415631.2626724,50.198
1780415631.2687492,50.196
1780415631.2746542,50.195
1780415631.2807622,50.194
1780415631.286572,50.193
1780415631.2928011,50.192
1780415631.2987888,50.191
1780415631.3047276,50.19
1780415631.3106482,50.189
1780415631.3166203,50.188
1780415631.3226402,50.187
1780415631.3286755,50.186
1780415631.3346229,50.185
1780415631.3407855,50.183
1780415631.3466225,50.183
1780415631.3527608,50.182
1780415631.3587422,50.181
1780415631.3647509,50.18
1780415631.3707454,50.179
1780415631.376721,50.178
1780415631.3826683,50.177
1780415631.3886116,50.175
1780415631.394673,50.174
1780415631.4006684,50.173
1780415631.4066434,50.172
1780415631.4128013,50.171
1780415631.4188387,50.17
1780415631.424658,50.169
1780415631.430726,50.169
1780415631.4367027,50.168
1780415631.4426737,50.167
1780415631.4487054,50.165
1780415631.4546955,50.164
1780415631.4606018,50.163
1780415631.4666772,50.162
1780415631.4727755,50.161
1780415631.4788144,50.16
1780415631.4846845,50.159
1780415631.4908082,50.158
1780415631.4966335,50.157
1780415631.5026941,50.156
1780415631.508637,50.156
1780415631.5147538,50.155
1780415631.520692,50.154
1780415631.5267599,50.153
1780415631.5325892,50.153
1780415631.5388038,50.152
1780415631.544716,50.151
1780415631.5507565,50.15
1780415631.5566826,50.149
1780415631.562774,50.148
1780415631.5687127,50.147
1780415631.574722,50.146
1780415631.580625,50.145
1780415631.586716,50.145
1780415631.5927887,50.144
1780415631.5988102,50.143
1780415631.6047654,50.143
1780415631.6107402,50.142
1780415631.6166372,50.141
1780415631.622735,50.14
1780415631.6287184,50.139
1780415631.6348007,50.139
1780415631.640652,50.137
1780415631.6467438,50.137
1780415631.6525512,50.137
1780415631.6587114,50.136
1780415631.6646867,50.135
1780415631.670712,50.134
1780415631.6767108,50.134
1780415631.6825814,50.133
1780415631.6886811,50.132
1780415631.6946776,50.131
1780415631.7006521,50.13
1780415631.7067115,50.13
1780415631.7127233,50.13
1780415631.7187216,50.129
1780415631.7247932,50.13
1780415631.7306032,50.129
1780415631.7367618,50.13
1780415631.7426052,50.129
1780415631.748695,50.129
1780415631.754609,50.128
1780415631.7606564,50.127
1780415631.766794,50.127
1780415631.7727172,50.126
1780415631.7787173,50.126
1780415631.7846777,50.125
1780415631.7906609,50.125
1780415631.796659,50.125
1780415631.8026571,50.124
1780415631.8086917,50.124
1780415631.8145874,50.123
1780415631.8207543,50.122
1780415631.82663,50.122
1780415631.8327758,50.121
1780415631.8386455,50.12
1780415631.8445928,50.119
1780415631.8506486,50.119
1780415631.8567657,50.118
1780415631.8626626,50.117
1780415631.8687506,50.116
1780415631.8746886,50.115
1780415631.8807406,50.114
1780415631.8866317,50.113
1780415631.8928046,50.113
1780415631.8985915,50.112
1780415631.9046988,50.112
1780415631.9107983,50.111
1780415631.9166594,50.111
1780415631.922695,50.11
1780415631.9287024,50.109
1780415631.934685,50.109
1780415631.9406824,50.107
1780415631.9466822,50.107
1780415631.952645,50.107
1780415631.9587364,50.106
1780415631.9646664,50.105
1780415631.970686,50.104
1780415631.976639,50.103
1780415631.982779,50.103
1780415631.9886928,50.102
1780415631.9947267,50.101
1780415632.0005684,50.1
1780415632.0068038,50.1
1780415632.0126622,50.099
1780415632.0187314,50.099
1780415632.02468,50.098
1780415632.030631,50.098
1780415632.0366955,50.097
1780415632.0426788,50.097
1780415632.0486329,50.096
1780415632.0547485,50.095
1780415632.0606542,50.094
1780415632.066766,50.094
1780415632.0726237,50.094
1780415632.0786548,50.094
1780415632.0847235,50.093
1780415632.0906851,50.093
1780415632.096711,50.092
1780415632.1026273,50.091
1780415632.1087286,50.091
1780415632.1147184,50.091
1780415632.1207457,50.09
1780415632.126628,50.09
1780415632.1327097,50.09
1780415632.138556,50.09
1780415632.1441307,50.089
1780415632.1502779,50.088
1780415632.156218,50.088
1780415632.1621997,50.088
1780415632.1677842,50.087
1780415632.1737287,50.087
1780415632.1794271,50.086
1780415632.1854978,50.085
1780415632.191472,50.085
1780415632.1975398,50.085
1780415632.20349,50.084
1780415632.209576,50.084
1780415632.2155356,50.084
1780415632.2214053,50.083
1780415632.2274935,50.082
1780415632.233502,50.081
1780415632.2393928,50.081
1780415632.2455087,50.08
1780415632.2514608,50.08
1780415632.2575881,50.079
1780415632.2635818,50.078
1780415632.269356,50.078
1780415632.2756531,50.078
1780415632.2814724,50.078
1780415632.2874732,50.077
1780415632.2935164,50.076
1780415632.2994921,50.076
1780415632.3053522,50.075
1780415632.311432,50.075
1780415632.3175092,50.074
1780415632.3235595,50.074
1780415632.3294868,50.073
1780415632.3356187,50.073
1780415632.341444,50.073
1780415632.3475294,50.072
1780415632.353312,50.072
1780415632.3595707,50.071
1780415632.365476,50.071
1780415632.371517,50.07
1780415632.3774765,50.07
1780415632.3835726,50.069
1780415632.3894851,50.069
1780415632.3955534,50.068
1780415632.4013653,50.068
1780415632.4075592,50.067
1780415632.4135082,50.067
1780415632.4196606,50.066
1780415632.4254649,50.066
1780415632.4315157,50.066
1780415632.4375334,50.065
1780415632.4434636,50.065
1780415632.449567,50.065
1780415632.4555247,50.065
1780415632.4614944,50.064
1780415632.467412,50.064
1780415632.473476,50.062
1780415632.4794793,50.062
1780415632.485382,50.061
1780415632.4915495,50.061
1780415632.4974842,50.061
1780415632.5035186,50.06
1780415632.5095747,50.06
1780415632.515359,50.059
1780415632.5214915,50.059
1780415632.5274322,50.059
1780415632.5334985,50.058
1780415632.5395257,50.058
1780415632.545527,50.057
1780415632.551391,50.057
1780415632.5574439,50.057
1780415632.5635018,50.056
1780415632.5696042,50.056
1780415632.5754864,50.056
1780415632.5815394,50.056
1780415632.5874608,50.056
1780415632.5939832,50.055
1780415632.5997753,50.055
1780415632.6057065,50.055
1780415632.6115222,50.054
1780415632.617522,50.054
1780415632.6235166,50.053
1780415632.6293995,50.054
1780415632.6354792,50.052
1780415632.6416051,50.052
1780415632.6474457,50.052
1780415632.6535583,50.051
1780415632.6595197,50.051
1780415632.665519,50.05
1780415632.6713526,50.05
1780415632.6775262,50.05
1780415632.6835482,50.05
1780415632.6894753,50.05
1780415632.6955025,50.05
1780415632.7015097,50.049
1780415632.70755,50.049
1780415632.7134037,50.048
1780415632.719526,50.048
1780415632.7255216,50.048
1780415632.7314627,50.047
1780415632.737516,50.048
1780415632.743485,50.047
1780415632.7494946,50.047
1780415632.755545,50.047
1780415632.7613742,50.047
1780415632.7674854,50.046
1780415632.7735198,50.046
1780415632.7795312,50.046
1780415632.7854981,50.045
1780415632.7915316,50.045
1780415632.7973745,50.045
1780415632.8035443,50.044
1780415632.8094203,50.044
1780415632.8155625,50.044
1780415632.8215,50.044
1780415632.8275158,50.044
1780415632.833466,50.043
1780415632.8395185,50.043
1780415632.8455126,50.042
1780415632.8514938,50.041
1780415632.85752,50.042
1780415632.8635974,50.041
1780415632.8695233,50.041
1780415632.8755705,50.041
1780415632.8814418,50.04
1780415632.8875892,50.04
1780415632.8934932,50.039
1780415632.8995059,50.039
1780415632.9055026,50.038
1780415632.911536,50.038
1780415632.917349,50.038
1780415632.923559,50.038
1780415632.929516,50.038
1780415632.9355392,50.037
1780415632.9415479,50.037
1780415632.9474092,50.037
1780415632.9534256,50.037
1780415632.9594944,50.036
1780415632.9653854,50.036
1780415632.9715674,50.036
1780415632.9775257,50.035
1780415632.983532,50.035
1780415632.9895535,50.035
1780415632.9953701,50.034
1780415633.0015903,50.035
1780415633.0075145,50.035
1780415633.0134807,50.035
1780415633.0195153,50.034
1780415633.025503,50.034
1780415633.0315511,50.033
1780415633.0374405,50.033
1780415633.0435643,50.033
1780415633.0495608,50.033
1780415633.0554569,50.032
1780415633.0615513,50.033
1780415633.067381,50.033
1780415633.0734928,50.033
1780415633.0793843,50.033
1780415633.0855207,50.032
1780415633.0913906,50.032
1780415633.0975342,50.031
1780415633.1034243,50.031
1780415633.1094546,50.031
1780415633.1155572,50.031
1780415633.121566,50.031
1780415633.1275249,50.031
1780415633.1334116,50.031
1780415633.139496,50.03
1780415633.1454926,50.03
1780415633.1513803,50.029
1780415633.1575792,50.029
1780415633.1634932,50.03
1780415633.1694763,50.029
1780415633.1755655,50.029
1780415633.1813908,50.029
1780415633.1876218,50.029
1780415633.1934636,50.029
1780415633.1995006,50.029
1780415633.205564,50.029
1780415633.2115042,50.028
1780415633.2174375,50.028
1780415633.2235603,50.028
1780415633.2295601,50.027
1780415633.2354786,50.027
1780415633.24148,50.027
1780415633.2475562,50.027
1780415633.2535303,50.026
1780415633.259556,50.027
1780415633.2653973,50.026
1780415633.2715142,50.026
1780415633.2775707,50.025
1780415633.2836304,50.026
1780415633.2896287,50.026
1780415633.2954934,50.025
1780415633.3015027,50.025
1780415633.3075285,50.025
1780415633.3133955,50.025
1780415633.3195546,50.024
1780415633.3254519,50.024
1780415633.3315468,50.024
1780415633.3374717,50.024
1780415633.3436146,50.023
1780415633.3496103,50.023
1780415633.3554857,50.023
1780415633.3615057,50.023
1780415633.3675096,50.023
1780415633.3735027,50.022
1780415633.379399,50.022
1780415633.3854945,50.022
1780415633.3914826,50.021
1780415633.3975196,50.021
1780415633.4035363,50.021
1780415633.4096081,50.021
1780415633.4155083,50.02
1780415633.4215672,50.02
1780415633.4273345,50.02
1780415633.4335709,50.02
1780415633.4394596,50.02
1780415633.445509,50.019
1780415633.451499,50.019
1780415633.4575555,50.019
1780415633.4635673,50.019
1780415633.469579,50.019
1780415633.4754624,50.019
1780415633.481636,50.019
1780415633.4874973,50.019
1780415633.4936361,50.018
1780415633.4998085,50.018
1780415633.5057545,50.019
1780415633.511568,50.018
1780415633.5175498,50.018
1780415633.523571,50.018
1780415633.529567,50.018
1780415633.5355215,50.018
1780415633.54141,50.018
1780415633.5474548,50.018
1780415633.553498,50.017
1780415633.559412,50.017
1780415633.565528,50.016
1780415633.5715258,50.016
1780415633.5775483,50.016
1780415633.583483,50.016
1780415633.589521,50.016
1780415633.595998,50.016
1780415633.6017423,50.016
1780415633.6076694,50.017
1780415633.613489,50.017
1780415633.6195042,50.016
1780415633.625449,50.015
1780415633.6314437,50.015
1780415633.6375492,50.015
1780415633.6433952,50.015
1780415633.6495574,50.014
1780415633.655564,50.015
1780415633.6614606,50.015
1780415633.6675296,50.015
1780415633.673378,50.015
1780415633.6796074,50.015
1780415633.6854675,50.014
1780415633.6915033,50.014
1780415633.6975234,50.015
1780415633.703575,50.014
1780415633.709519,50.014
1780415633.71542,50.014
1780415633.7214627,50.014
1780415633.7275584,50.014
1780415633.7333472,50.013
1780415633.7396114,50.014
1780415633.7454624,50.013
1780415633.751589,50.013
1780415633.7575185,50.013
1780415633.7635214,50.013
1780415633.76945,50.013
1780415633.7753012,50.013
1780415633.7810414,50.013
1780415633.7870402,50.013
1780415633.7927325,50.013
1780415633.798533,50.013
1780415633.8043892,50.012
1780415633.8102539,50.012
1780415633.8162873,50.012
1780415633.822302,50.012
1780415633.828317,50.011
1780415633.83435,50.012
1780415633.8403285,50.012
1780415633.8463328,50.012
1780415633.8521872,50.011
1780415633.8584015,50.011
1780415633.8643303,50.011
1780415633.8704128,50.011
1780415633.8763313,50.011
1780415633.8823147,50.01
1780415633.8882697,50.011
1780415633.8942242,50.011
1780415633.9002883,50.01
1780415633.906315,50.011
1780415633.9122927,50.01
1780415633.918327,50.01
1780415633.9243028,50.009
1780415633.9303417,50.009
1780415633.9362493,50.009
1780415633.942362,50.009
1780415633.9484756,50.009
1780415633.9543285,50.009
1780415633.960344,50.009
1780415633.966344,50.009
1780415633.972326,50.009
1780415633.9782085,50.009
1780415633.9842644,50.008
1780415633.9905052,50.008
1780415633.996246,50.008
1780415634.0023637,50.008
1780415634.0085194,50.008
1780415634.014423,50.008
1780415634.0203612,50.008
1780415634.026289,50.008
1780415634.0323753,50.008
1780415634.03814,50.008
1780415634.0444705,50.008
1780415634.0502634,50.008
1780415634.056316,50.008
1780415634.062314,50.008
1780415634.0683246,50.008
1780415634.074293,50.009
1780415634.0801144,50.009
1780415634.0862885,50.009
1780415634.0921454,50.009
1780415634.0982733,50.009
1780415634.104104,50.009
1780415634.1102986,50.009
1780415634.1162815,50.009
1780415634.1223183,50.009
1780415634.1284027,50.009
1780415634.1344354,50.009
1780415634.140314,50.008
1780415634.1463747,50.009
1780415634.1522486,50.008
1780415634.1583452,50.008
1780415634.164136,50.008
1780415634.170365,50.008
1780415634.1762826,50.009
1780415634.1823378,50.009
1780415634.1882768,50.008
1780415634.1944091,50.008
1780415634.2002969,50.008
1780415634.2063158,50.008
1780415634.212168,50.008
1780415634.2184339,50.008
1780415634.2242725,50.008
1780415634.2304316,50.007
1780415634.2362785,50.007
1780415634.2423675,50.007
1780415634.2482822,50.007
1780415634.2543564,50.007
1780415634.2603223,50.007
1780415634.2663333,50.007
1780415634.2723725,50.006
1780415634.2782366,50.007
1780415634.2842762,50.006
1780415634.2903473,50.006
1780415634.2962277,50.005
1780415634.3024147,50.005
1780415634.308335,50.005
1780415634.3143604,50.005
1780415634.3203933,50.005
1780415634.326294,50.005
1780415634.332378,50.005
1780415634.338173,50.005
1780415634.344312,50.004
1780415634.3503647,50.005
1780415634.3563437,50.005
1780415634.36237,50.005
1780415634.368348,50.005
1780415634.3743498,50.005
1780415634.3801653,50.005
1780415634.3862894,50.005
1780415634.3922842,50.005
1780415634.3981915,50.005
1780415634.404388,50.004
1780415634.4102857,50.003
1780415634.4163477,50.003
1780415634.4223018,50.003
1780415634.428336,50.003
1780415634.4341698,50.003
1780415634.4404037,50.003
1780415634.4463444,50.003
1780415634.4523523,50.003
1780415634.4582653,50.003
1780415634.4642904,50.002
1780415634.470403,50.002
1780415634.4763536,50.002
1780415634.4822512,50.002
1780415634.4883864,50.002
1780415634.4943116,50.002
1780415634.5002875,50.002
1780415634.5064034,50.002
1780415634.512317,50.002
1780415634.5183425,50.002
1780415634.524182,50.002
1780415634.530323,50.002
1780415634.5363452,50.001
1780415634.5423405,50.001
1780415634.5483992,50.001
1780415634.5544019,50.001
1780415634.5605357,50.001
1780415634.5664446,50.001
1780415634.57232,50.001
1780415634.5782952,50.001
1780415634.5842438,50.001
1780415634.5904698,50.001
1780415634.5962853,50.001
1780415634.6024005,50.001
1780415634.6082683,50.001
1780415634.6142564,50.001
1780415634.620311,50.001
1780415634.6263487,50.0
1780415634.632317,50.0
1780415634.638365,50.001
1780415634.6444004,50.001
1780415634.650237,50.001
1780415634.6562855,50.0
1780415634.6623836,50.0
1780415634.6682496,49.255
1780415634.6743715,49.255
1780415634.6803935,49.255
1780415634.686331,49.255
1780415634.6923554,50.0
1780415634.6982398,49.255
1780415634.7043622,49.255
1780415634.7105167,49.255
1780415634.716463,49.255
1780415634.7223492,49.255
1780415634.728383,49.255
1780415634.7342563,50.0
1780415634.7401817,49.255
1780415634.746286,49.255
1780415634.7523117,49.255
1780415634.7582254,49.255
1780415634.7644436,49.255
1780415634.770273,49.254
1780415634.7763958,49.254
1780415634.782323,49.254
1780415634.788373,49.254
1780415634.7942054,49.254
1780415634.8003623,49.254
1780415634.806334,49.254
1780415634.8123786,49.255
1780415634.8183186,49.254
1780415634.8242548,49.254
1780415634.8303514,49.254
1780415634.8362458,49.253
1780415634.8422484,49.253
1780415634.8483696,49.253
1780415634.8543634,49.254
1780415634.8603358,49.254
1780415634.8663898,49.254
1780415634.8722794,49.253
1780415634.8783514,49.254
1780415634.884129,49.254
1780415634.8903852,49.253
1780415634.896294,49.253
1780415634.9023814,49.253
1780415634.908295,49.253
1780415634.9143596,49.253
1780415634.9203227,49.252
1780415634.9263132,49.252
1780415634.932226,49.252
1780415634.9383793,49.252
1780415634.9442618,49.252
1780415634.9504595,49.252
1780415634.9562795,49.252
1780415634.9624119,49.251
1780415634.968256,49.252
1780415634.9743881,49.252
1780415634.9804409,49.251
1780415634.9863286,49.251
1780415634.992315,49.251
1780415634.9983437,49.251
1780415635.00429,49.251
1780415635.0102718,49.251
1780415635.0163321,49.251
1780415635.0223382,49.25
1780415635.028244,49.25
1780415635.0344408,49.25
1780415635.0404627,49.25
1780415635.0463,49.25
1780415635.0524359,49.25
1780415635.0582657,49.25
1780415635.0643735,49.25
1780415635.0702376,49.251
1780415635.0763304,49.251
1780415635.0820475,49.251
1780415635.0878642,49.251
1780415635.0937452,49.251
1780415635.0995646,49.25
1780415635.105352,49.249
1780415635.111292,49.25
1780415635.1170955,49.25
1780415635.123178,49.251
1780415635.1290746,49.251
1780415635.1350899,49.25
1780415635.1410341,49.25
1780415635.1470206,49.251
1780415635.153075,49.251
1780415635.1590805,49.251
1780415635.165085,49.25
1780415635.1711164,49.251
1780415635.177077,49.25
1780415635.1831675,49.25
1780415635.1890516,49.25
1780415635.1951327,49.25
1780415635.2010386,49.25
1780415635.207191,49.25
1780415635.2131755,49.25
1780415635.2191675,49.25
1780415635.2251878,49.25
1780415635.2310376,49.25
1780415635.237068,49.25
1780415635.2431526,49.25
1780415635.2490125,49.25
1780415635.2551885,49.249
1780415635.2610753,49.249
1780415635.2672532,49.249
1780415635.2730906,49.249
1780415635.2791495,49.249
1780415635.2851179,49.249
1780415635.290957,49.249
1780415635.2972033,49.25
1780415635.3031807,49.249
1780415635.3090787,49.249
1780415635.3151,49.249
1780415635.321152,49.249
1780415635.3270159,49.248
1780415635.3330464,49.249
1780415635.3390124,49.249
1780415635.3445485,49.25
1780415635.3506622,49.25
1780415635.3566844,49.251
1780415635.362638,49.251
1780415635.3685813,49.252
1780415635.374655,49.252
1780415635.3803551,49.253
1780415635.3862484,49.254
1780415635.3920472,49.254
1780415635.3980362,50.0
1780415635.4040272,50.0
1780415635.4099042,50.001
1780415635.4159815,50.002
1780415635.4218607,50.002
1780415635.4280212,50.003
1780415635.433877,50.004
1780415635.4399989,50.005
1780415635.445836,50.006
1780415635.4519632,50.006
1780415635.4578457,50.007
1780415635.4639573,50.007
1780415635.4699423,50.008
1780415635.4758275,50.009
1780415635.4819765,50.009
1780415635.4877691,50.01
1780415635.494014,50.011
1780415635.4997575,50.012
1780415635.505995,50.013
1780415635.5119102,50.013
1780415635.5178924,50.014
1780415635.523948,50.014
1780415635.5298889,50.014
1780415635.5359297,50.015
1780415635.5420167,50.016
1780415635.5479634,50.017
1780415635.5539,50.017
1780415635.5599842,50.018
1780415635.5659566,50.019
1780415635.5719197,50.019
1780415635.577914,50.019
1780415635.584,50.02
1780415635.589903,50.02
1780415635.5959048,50.021
1780415635.6019037,50.022
1780415635.6078684,50.022
1780415635.61389,50.024
1780415635.6199784,50.024
1780415635.6258848,50.024
1780415635.6319203,50.025
1780415635.6378932,50.025
1780415635.6439357,50.026
1780415635.649919,50.025
1780415635.6559124,50.026
1780415635.6619165,50.026
1780415635.6678498,50.027
1780415635.6739109,50.027
1780415635.6799247,50.028
1780415635.6859477,50.028
1780415635.6919668,50.028
1780415635.697898,50.029
1780415635.7039711,50.029
1780415635.7099435,50.029
1780415635.7158422,50.03
1780415635.7219234,50.031
1780415635.7278783,50.03
1780415635.734219,50.03
1780415635.7399771,50.03
1780415635.7458036,50.03
1780415635.7519436,50.03
1780415635.7578416,50.031
1780415635.7640092,50.03
1780415635.7700593,50.029
1780415635.7759347,50.03
1780415635.7819963,50.03
1780415635.7878647,50.03
1780415635.7940018,50.03
1780415635.7998319,50.031
1780415635.8059678,50.032
1780415635.8118045,50.031
1780415635.8180084,50.032
1780415635.8238306,50.033
1780415635.8298593,50.033
1780415635.8359463,50.034
1780415635.8417678,50.035
1780415635.8479815,50.035
1780415635.8539295,50.036
1780415635.8599136,50.036
1780415635.865825,50.036
1780415635.8719382,50.037
1780415635.8779755,50.038
1780415635.8839629,50.038
1780415635.889881,50.038
1780415635.8959248,50.039
1780415635.9018521,50.04
1780415635.9079056,50.042
1780415635.9138987,50.043
1780415635.919871,50.044
1780415635.9259417,50.045
1780415635.9320652,50.046
1780415635.9380596,50.046
1780415635.943903,50.047
1780415635.9499211,50.047
1780415635.955997,50.047
1780415635.9619508,50.047
1780415635.9679077,50.048
1780415635.9739325,50.048
1780415635.9799576,50.047
1780415635.9858258,50.047
1780415635.9919024,50.046
1780415635.9979312,50.046
1780415636.0038881,50.046
1780415636.010008,50.046
1780415636.015987,50.045
1780415636.021953,50.045
1780415636.0280051,50.044
1780415636.0338943,50.044
1780415636.040032,50.044
1780415636.0458744,50.044
1780415636.0519953,50.045
1780415636.057872,50.045
1780415636.0639746,50.045
1780415636.069849,50.047
1780415636.0757911,50.048
1780415636.0820477,50.048
1780415636.0878758,50.048
1780415636.0940232,50.048
1780415636.0999007,50.048
1780415636.1060445,50.048
1780415636.11184,50.047
1780415636.1179373,50.047
1780415636.1239448,50.047
1780415636.1299956,50.048
1780415636.1360083,50.048
1780415636.1419086,50.048
1780415636.1479464,50.048
1780415636.1539621,50.048
1780415636.1599083,50.047
1780415636.1658773,50.047
1780415636.1719456,50.046
1780415636.17791,50.046
1780415636.1838753,50.045
1780415636.1899617,50.046
1780415636.195949,50.045
1780415636.201903,50.045
1780415636.2080142,50.044
1780415636.2138696,50.045
1780415636.2200093,50.044
1780415636.2258956,50.044
1780415636.232023,50.044
1780415636.2379358,50.044
1780415636.2439744,50.044
1780415636.2499313,50.045
1780415636.255931,50.044
1780415636.261895,50.045
1780415636.2678206,50.044
1780415636.2739644,50.045
1780415636.2797987,50.044
1780415636.2859502,50.043
1780415636.2918353,50.043
1780415636.2979305,50.043
1780415636.303798,50.044
1780415636.310026,50.044
1780415636.3158536,50.044
1780415636.3218625,50.045
1780415636.3279762,50.044
1780415636.3337824,50.043
1780415636.339963,50.043
1780415636.3460042,50.043
1780415636.3519938,50.043
1780415636.3579514,50.042
1780415636.3640013,50.043
1780415636.369912,50.043
1780415636.375978,50.043
1780415636.3819218,50.042
1780415636.3879938,50.042
1780415636.3938794,50.042
1780415636.3999956,50.041
1780415636.4059734,50.041
1780415636.41204,50.041
1780415636.4178767,50.041
1780415636.4240267,50.041
1780415636.429861,50.04
1780415636.435838,50.04
1780415636.4419553,50.041
1780415636.4477973,50.041
1780415636.453981,50.041
1780415636.459799,50.041
1780415636.4659045,50.04
1780415636.471745,50.041
1780415636.477966,50.041
1780415636.4837804,50.042
1780415636.4899316,50.042
1780415636.4959438,50.042
1780415636.5018818,50.041
1780415636.5079672,50.041
1780415636.5139716,50.04
1780415636.5199757,50.04
1780415636.5258536,50.04
1780415636.5319722,50.04
1780415636.537803,50.04
1780415636.5439036,50.04
1780415636.5499551,50.04
1780415636.555977,50.04
1780415636.5620122,50.04
1780415636.5679834,50.04
1780415636.5739367,50.04
1780415636.5799863,50.039
1780415636.5859113,50.039
1780415636.5920444,50.039
1780415636.5978377,50.039
1780415636.6039505,50.038
1780415636.6099539,50.038
1780415636.616056,50.038
1780415636.6220279,50.037
1780415636.6279671,50.037
1780415636.6339376,50.037
1780415636.6398444,50.037
1780415636.645941,50.037
1780415636.6519978,50.036
1780415636.6578846,50.036
1780415636.6639092,50.036
1780415636.6699467,50.035
1780415636.6759968,50.035
1780415636.682015,50.034
1780415636.687921,50.034
1780415636.6940331,50.034
1780415636.6999385,50.034
1780415636.7059948,50.034
1780415636.7118554,50.034
1780415636.7179718,50.033
1780415636.723928,50.033
1780415636.729956,50.033
1780415636.7359724,50.033
1780415636.7420146,50.032
1780415636.7479832,50.032
1780415636.7538884,50.032
1780415636.759945,50.032
1780415636.7657967,50.032
1780415636.7718885,50.032
1780415636.777937,50.031
1780415636.783867,50.03
1780415636.7900388,50.031
1780415636.7959273,50.031
1780415636.801985,50.03
1780415636.8080428,50.03
1780415636.813888,50.03
1780415636.819981,50.029
1780415636.825754,50.029
1780415636.8314903,50.029
1780415636.8374135,50.029
1780415636.8430698,50.029
1780415636.8489287,50.029
1780415636.8547242,50.028
1780415636.8607712,50.028
1780415636.8667438,50.028
1780415636.872743,50.028
1780415636.8786967,50.028
1780415636.8847518,50.028
1780415636.890706,50.026
1780415636.8967705,50.026
1780415636.9026823,50.026
1780415636.9088109,50.026
1780415636.9146986,50.026
1780415636.920864,50.026
1780415636.9267712,50.026
1780415636.9325829,50.026
1780415636.938741,50.026
1780415636.9447074,50.025
1780415636.9507222,50.026
1780415636.9567003,50.026
1780415636.9627202,50.025
1780415636.9686136,50.025
1780415636.974719,50.025
1780415636.9806244,50.024
1780415636.9867377,50.024
1780415636.9926286,50.024
1780415636.9987912,50.025
1780415637.0047219,50.025
1780415637.0107763,50.024
1780415637.016678,50.024
1780415637.0228353,50.024
1780415637.0286765,50.024
1780415637.0347865,50.023
1780415637.0407896,50.023
1780415637.0466857,50.023
1780415637.0527058,50.023
1780415637.0588388,50.023
1780415637.0649118,50.023
1780415637.0706806,50.024
1780415637.0767345,50.024
1780415637.0827317,50.024
1780415637.088732,50.024
1780415637.0947578,50.024
1780415637.1012018,50.024
1780415637.107252,50.024
1780415637.112969,50.024
1780415637.1189334,50.024
1780415637.124785,50.024
1780415637.1306894,50.024
1780415637.1368053,50.024
1780415637.142729,50.024
1780415637.1488008,50.024
1780415637.1547318,50.023
1780415637.160808,50.023
1780415637.1668987,50.023
1780415637.172692,50.023
1780415637.178782,50.023
1780415637.1847374,50.023
1780415637.1908002,50.023
1780415637.196759,50.023
1780415637.2027264,50.023
1780415637.208806,50.023
1780415637.2148082,50.022
1780415637.2207325,50.023
1780415637.2268264,50.022
1780415637.2327812,50.022
1780415637.2387078,50.022
1780415637.244689,50.022
1780415637.2507405,50.021
1780415637.25663,50.021
1780415637.2628574,50.021
1780415637.268732,50.02
1780415637.274874,50.02
1780415637.280742,50.021
1780415637.2867098,50.02
1780415637.292768,50.021
1780415637.2987902,50.02
1780415637.304786,50.021
1780415637.3108451,50.02
1780415637.3169115,50.02
1780415637.3227336,50.02
1780415637.32875,50.019
1780415637.334684,50.019
1780415637.3407319,50.019
1780415637.3467224,50.019
1780415637.3527265,50.019
1780415637.3586564,50.018
1780415637.364872,50.019
1780415637.3707292,50.019
1780415637.3768637,50.018
1780415637.3827538,50.018
1780415637.3888006,50.017
1780415637.3946598,50.018
1780415637.4007568,50.018
1780415637.4067504,50.017
1780415637.4128022,50.018
1780415637.4187865,50.018
1780415637.4247856,50.017
1780415637.4308853,50.017
1780415637.436719,50.017
1780415637.4427745,50.016
1780415637.4487522,50.016
1780415637.4547226,50.016
1780415637.4608557,50.016
