timestamp,gpu_power_w
1780415224.8064573,53.251
1780415224.8116615,54.018
1780415224.817097,54.011
1780415224.8226027,54.011
1780415224.8279305,54.007
1780415224.833256,54.004
1780415224.8387015,54.009
1780415224.8440387,54.009
1780415224.849268,54.011
1780415224.8548458,54.008
1780415224.8602965,54.008
1780415224.86565,54.01
1780415224.8710961,54.009
1780415224.8764997,54.01
1780415224.8819375,54.008
1780415224.88725,54.01
1780415224.8927174,54.01
1780415224.898011,54.01
1780415224.9032798,54.01
1780415224.908838,54.007
1780415224.9142952,54.009
1780415224.9196432,54.01
1780415224.9251006,54.009
1780415224.9304428,54.008
1780415224.9359007,54.008
1780415224.9412427,54.008
1780415224.9466925,54.01
1780415224.9520438,54.008
1780415224.957504,54.008
1780415224.9628406,54.009
1780415224.9682927,54.008
1780415224.9736388,54.011
1780415224.9791083,54.009
1780415224.984444,54.008
1780415224.9898903,54.009
1780415224.995199,54.008
1780415225.0004747,54.011
1780415225.0060463,54.007
1780415225.0114915,54.008
1780415225.0168579,54.009
1780415225.022305,54.008
1780415225.0276482,54.008
1780415225.0330958,54.007
1780415225.0385926,54.008
1780415225.0439327,54.009
1780415225.0492508,54.008
1780415225.0546942,54.008
1780415225.0600538,54.007
1780415225.065498,54.008
1780415225.0708551,54.008
1780415225.0763004,54.008
1780415225.0816534,54.006
1780415225.0870984,54.007
1780415225.0924425,54.008
1780415225.097888,54.009
1780415225.1032443,54.007
1780415225.108699,54.006
1780415225.1140513,54.008
1780415225.1194947,54.008
1780415225.1248276,54.008
1780415225.1304605,54.0
1780415225.136326,53.246
1780415225.1419659,53.252
1780415225.1477997,53.251
1780415225.1537936,53.251
1780415225.1598797,53.251
1780415225.1657228,53.251
1780415225.1718268,53.251
1780415225.1777303,53.251
1780415225.1838033,53.251
1780415225.1898406,53.251
1780415225.195669,53.251
1780415225.2012575,53.251
1780415225.2067883,53.251
1780415225.212656,53.252
1780415225.218599,53.251
1780415225.2245293,53.251
1780415225.2300076,53.251
1780415225.2355793,53.251
1780415225.2414732,53.251
1780415225.2473958,53.251
1780415225.2533302,53.251
1780415225.2594194,53.252
1780415225.2653763,53.252
1780415225.2713304,53.252
1780415225.2774582,53.251
1780415225.2833765,53.251
1780415225.2893372,53.252
1780415225.2949274,53.252
1780415225.3005192,53.251
1780415225.3062246,53.251
1780415225.3122907,53.252
1780415225.318117,53.252
1780415225.3236828,53.252
1780415225.329409,53.252
1780415225.335032,53.252
1780415225.340948,53.252
1780415225.3470237,53.252
1780415225.3530648,53.252
1780415225.3589597,53.252
1780415225.3648562,53.252
1780415225.3705184,53.252
1780415225.3761322,53.252
1780415225.3817916,53.252
1780415225.3877056,53.252
1780415225.3932881,53.252
1780415225.3990326,53.251
1780415225.40467,53.252
1780415225.4105709,53.252
1780415225.4165642,53.252
1780415225.4225883,53.252
1780415225.4285822,53.252
1780415225.4346178,53.252
1780415225.4405692,53.252
1780415225.4466665,53.252
1780415225.4525428,53.252
1780415225.4585276,53.252
1780415225.4640296,53.252
1780415225.4695427,53.252
1780415225.4754553,53.252
1780415225.481339,53.252
1780415225.486918,53.252
1780415225.4924998,53.252
1780415225.4981072,53.252
1780415225.5043166,53.252
1780415225.5100868,53.252
1780415225.515689,53.252
1780415225.5213308,53.252
1780415225.5269713,53.252
1780415225.5330486,53.253
1780415225.539041,53.252
1780415225.545055,53.252
1780415225.550952,53.252
1780415225.5570278,53.252
1780415225.5629816,53.252
1780415225.5690203,53.253
1780415225.574955,53.252
1780415225.5811307,53.252
1780415225.5870326,53.252
1780415225.5930133,53.253
1780415225.5989316,53.253
1780415225.604536,53.252
1780415225.6102648,53.253
1780415225.6158266,53.252
1780415225.62168,53.252
1780415225.6272717,53.252
1780415225.6328535,53.253
1780415225.63849,53.253
1780415225.6440978,53.253
1780415225.6497817,53.253
1780415225.6552591,53.252
1780415225.6613412,53.252
1780415225.6673236,53.253
1780415225.673435,53.252
1780415225.6793559,53.253
1780415225.6853116,53.253
1780415225.6913853,53.253
1780415225.6973658,53.253
1780415225.70345,53.253
1780415225.709256,53.252
1780415225.7153754,53.253
1780415225.7214615,53.253
1780415225.7273726,53.252
1780415225.733383,53.253
1780415225.7393987,53.253
1780415225.7453995,53.253
1780415225.7513726,53.253
1780415225.7573247,53.253
1780415225.763412,53.253
1780415225.7694416,53.253
1780415225.7752824,53.253
1780415225.7813752,53.253
1780415225.7874649,53.253
1780415225.793378,53.252
1780415225.799481,53.253
1780415225.8053448,53.253
1780415225.8114681,53.253
1780415225.8173642,53.253
1780415225.8233466,53.253
1780415225.8294291,53.253
1780415225.8354115,53.253
1780415225.8414633,53.253
1780415225.8473997,53.253
1780415225.8534343,53.253
1780415225.8594112,53.253
1780415225.8654983,53.253
1780415225.8714309,53.253
1780415225.877391,53.253
1780415225.8833735,53.253
1780415225.8893282,53.253
1780415225.8954244,53.253
1780415225.901385,53.253
1780415225.9074397,53.253
1780415225.9133852,53.253
1780415225.919398,53.253
1780415225.925424,53.253
1780415225.9314845,53.253
1780415225.9373868,53.253
1780415225.943399,53.253
1780415225.9494226,53.253
1780415225.955256,53.254
1780415225.9613826,53.254
1780415225.9673774,53.253
1780415225.9733849,53.253
1780415225.9793706,53.253
1780415225.98533,53.253
1780415225.9913726,53.253
1780415225.9974298,53.253
1780415226.003289,53.253
1780415226.0094416,53.254
1780415226.0154638,53.253
1780415226.021399,53.253
1780415226.0273843,53.253
1780415226.0333927,53.254
1780415226.0394845,53.253
1780415226.0452673,53.253
1780415226.0509431,53.253
1780415226.056554,53.253
1780415226.0622447,53.254
1780415226.0682497,53.254
1780415226.0741942,53.253
1780415226.08027,53.253
1780415226.08607,53.253
1780415226.091648,53.253
1780415226.0971963,53.254
1780415226.1030889,53.254
1780415226.1090257,53.253
1780415226.1149843,53.253
1780415226.1210113,53.254
1780415226.1270554,53.254
1780415226.132984,53.254
1780415226.1390214,53.253
1780415226.145019,53.254
1780415226.15094,53.254
1780415226.1570365,53.253
1780415226.1630137,53.254
1780415226.1689775,53.254
1780415226.1750708,53.253
1780415226.1808312,53.254
1780415226.1864412,53.254
1780415226.192063,53.254
1780415226.197799,53.254
1780415226.2037618,53.254
1780415226.2097998,53.253
1780415226.2156606,53.254
1780415226.2218306,53.254
1780415226.2277997,53.254
1780415226.2339394,53.254
1780415226.239694,53.254
1780415226.2458136,53.254
1780415226.2518487,53.254
1780415226.257808,53.253
1780415226.2638106,53.254
1780415226.269821,53.254
1780415226.275865,53.254
1780415226.281727,53.254
1780415226.2878206,53.254
1780415226.2938123,53.254
1780415226.2998512,53.254
1780415226.3057194,53.254
1780415226.3118274,53.254
1780415226.3177745,53.254
1780415226.323739,53.253
1780415226.3297355,53.254
1780415226.335822,53.254
1780415226.341689,53.254
1780415226.3472269,53.254
1780415226.3528268,53.254
1780415226.3586016,53.254
1780415226.3646371,53.254
1780415226.370657,53.254
1780415226.3765066,53.254
1780415226.3821099,53.254
1780415226.3877666,53.254
1780415226.3935087,53.254
1780415226.3993614,53.254
1780415226.4054298,53.254
1780415226.4114208,53.254
1780415226.4173408,53.254
1780415226.4229157,53.253
1780415226.4284554,53.254
1780415226.434321,53.254
1780415226.440111,53.254
1780415226.4461799,53.254
1780415226.4521997,53.254
1780415226.458203,53.254
1780415226.4640877,53.254
1780415226.4702744,53.254
1780415226.476196,53.254
1780415226.4821708,53.254
1780415226.4880846,53.254
1780415226.4941542,53.254
1780415226.5002513,53.254
1780415226.5061214,53.254
1780415226.512171,53.254
1780415226.5182374,53.254
1780415226.5242183,53.254
1780415226.5301065,53.254
1780415226.536229,53.254
1780415226.5422385,53.254
1780415226.5481417,53.254
1780415226.5537086,53.254
1780415226.5590243,53.254
1780415226.5650609,53.254
1780415226.5708861,53.254
1780415226.57703,53.254
1780415226.583134,53.254
1780415226.5890305,53.254
1780415226.5948577,53.254
1780415226.60052,53.254
1780415226.6062126,53.254
1780415226.611795,53.254
1780415226.6177268,53.254
1780415226.6233184,53.254
1780415226.6288903,53.254
1780415226.634691,53.254
1780415226.6405315,53.254
1780415226.6466613,53.254
1780415226.652503,53.254
1780415226.6588526,53.255
1780415226.6645615,53.254
1780415226.670668,53.254
1780415226.67649,53.254
1780415226.682107,53.254
1780415226.6877499,53.254
1780415226.6935048,53.254
1780415226.699369,53.254
1780415226.7053823,53.254
1780415226.711419,53.254
1780415226.7173293,53.254
1780415226.7235034,53.255
1780415226.7293842,53.255
1780415226.7354088,53.254
1780415226.7413373,53.254
1780415226.7473345,53.254
1780415226.753376,53.253
1780415226.7595162,53.254
1780415226.7652903,53.254
1780415226.7714446,53.254
1780415226.7774522,53.254
1780415226.7833,53.254
1780415226.788955,53.254
1780415226.7946038,53.255
1780415226.8002832,53.254
1780415226.8061414,53.254
1780415226.812347,53.254
1780415226.8180597,53.255
1780415226.8241649,53.255
1780415226.830163,53.254
1780415226.8363078,53.254
1780415226.8421135,53.255
1780415226.8477387,53.255
1780415226.8536386,53.254
1780415226.859348,53.254
1780415226.864973,53.254
1780415226.870973,53.254
1780415226.877036,53.254
1780415226.8828993,53.255
1780415226.889042,53.255
1780415226.8950052,53.254
1780415226.9010677,53.255
1780415226.9070015,53.254
1780415226.913048,53.254
1780415226.9190245,53.254
1780415226.9250684,53.255
1780415226.9309602,53.255
1780415226.9370286,53.254
1780415226.9430218,53.254
1780415226.9489284,53.254
1780415226.9545343,53.255
1780415226.960145,53.255
1780415226.9658337,53.255
1780415226.9717617,53.254
1780415226.977823,53.254
1780415226.983769,53.255
1780415226.989647,53.255
1780415226.9957886,53.255
1780415227.0018818,53.254
1780415227.0077903,53.255
1780415227.0137768,53.254
1780415227.019802,53.254
1780415227.0258977,53.254
1780415227.0317023,53.254
1780415227.0372698,53.255
1780415227.0430357,53.254
1780415227.0485017,53.255
1780415227.0546048,53.255
1780415227.0606263,53.255
1780415227.0666366,53.254
1780415227.0725121,53.254
1780415227.0785563,53.255
1780415227.0845256,53.254
1780415227.090542,53.255
1780415227.0966244,53.255
1780415227.1024451,53.255
1780415227.1080635,53.254
1780415227.1136632,53.255
1780415227.1193304,53.254
1780415227.1253963,53.255
1780415227.1313996,53.255
1780415227.137499,53.255
1780415227.1433268,53.255
1780415227.1489277,53.254
1780415227.1546397,53.255
1780415227.1603656,53.255
1780415227.1661863,53.255
1780415227.172218,53.255
1780415227.178238,53.255
1780415227.1842089,53.254
1780415227.1901355,53.255
1780415227.1957433,53.255
1780415227.201493,53.255
1780415227.2070413,53.255
1780415227.2129629,53.254
1780415227.2190454,53.255
1780415227.225031,53.255
1780415227.230996,53.255
1780415227.2369637,53.255
1780415227.2430515,53.255
1780415227.248971,53.255
1780415227.2549675,53.255
1780415227.2609696,53.254
1780415227.267057,53.255
1780415227.2730167,53.254
1780415227.2790353,53.255
1780415227.285021,53.254
1780415227.2910287,53.255
1780415227.2969542,53.255
1780415227.3030415,53.255
1780415227.308862,53.255
1780415227.3145404,53.255
1780415227.3205163,53.255
1780415227.3261693,53.255
1780415227.3317804,53.255
1780415227.3378036,53.255
1780415227.3437624,53.255
1780415227.3497808,53.254
1780415227.3557022,53.255
1780415227.3618417,53.255
1780415227.3678656,53.255
1780415227.3737247,53.255
1780415227.37927,53.255
1780415227.3849442,53.255
1780415227.3906493,53.255
1780415227.3965597,53.255
1780415227.4021387,53.255
1780415227.4078288,53.255
1780415227.4134336,53.255
1780415227.4193466,53.255
1780415227.424966,53.255
1780415227.4308536,53.255
1780415227.4364452,53.255
1780415227.4421198,53.255
1780415227.4476516,54.0
1780415227.4534078,53.255
1780415227.4589043,53.255
1780415227.4644265,53.255
1780415227.469935,53.255
1780415227.475815,53.255
1780415227.481735,53.255
1780415227.487733,53.255
1780415227.493799,53.255
1780415227.4997888,53.255
1780415227.5057216,53.255
1780415227.5117226,53.255
1780415227.5178454,53.255
1780415227.5238461,53.255
1780415227.5297835,53.255
1780415227.5358021,53.255
1780415227.5418108,53.255
1780415227.5477285,53.255
1780415227.5538104,53.255
1780415227.5598226,53.255
1780415227.5657496,53.255
1780415227.5717747,53.255
1780415227.5778584,53.255
1780415227.5837991,53.255
1780415227.5896735,53.255
1780415227.595358,53.255
1780415227.6010447,53.255
1780415227.6065495,53.255
1780415227.6121058,53.255
1780415227.617652,53.255
1780415227.6234193,53.255
1780415227.6292768,53.255
1780415227.6349251,53.255
1780415227.6405659,53.255
1780415227.6461673,53.255
1780415227.6521947,54.0
1780415227.658443,53.255
1780415227.6641667,53.255
1780415227.6701794,53.255
1780415227.6757197,53.255
1780415227.6813126,53.255
1780415227.687026,53.255
1780415227.6929479,53.255
1780415227.6985636,53.255
1780415227.7043648,53.255
1780415227.709821,53.255
1780415227.7157824,53.255
1780415227.7217731,53.255
1780415227.7278984,53.255
1780415227.7338197,53.255
1780415227.7398498,53.255
1780415227.7457669,53.255
1780415227.7518463,53.255
1780415227.757777,53.255
1780415227.763835,53.255
1780415227.7696474,53.255
1780415227.7753282,53.255
1780415227.7809625,53.255
1780415227.7866988,53.255
1780415227.79246,53.255
1780415227.7986538,53.255
1780415227.8045769,53.255
1780415227.810521,53.255
1780415227.8160894,53.255
1780415227.8216555,53.255
1780415227.82744,53.255
1780415227.8333669,53.255
1780415227.8393815,53.255
1780415227.845451,54.0
1780415227.8514364,54.0
1780415227.8574142,54.0
1780415227.863395,53.255
1780415227.8694663,53.255
1780415227.8753476,53.255
1780415227.8813236,53.255
1780415227.8874643,53.255
1780415227.8933957,53.255
1780415227.8994002,53.255
1780415227.9053802,53.255
1780415227.9113693,54.0
1780415227.9174297,54.0
1780415227.9233925,53.255
1780415227.9294157,53.255
1780415227.935354,53.255
1780415227.9409306,53.255
1780415227.9465435,54.0
1780415227.952173,54.0
1780415227.9581559,54.0
1780415227.9637587,53.255
1780415227.9695857,53.255
1780415227.975148,53.255
1780415227.9809523,53.255
1780415227.9869978,53.255
1780415227.9930346,53.255
1780415227.9989476,54.0
1780415228.0045135,53.255
1780415228.0102265,53.255
1780415228.0157554,53.255
1780415228.0218203,53.255
1780415228.0277736,53.255
1780415228.0338976,53.255
1780415228.0396945,53.255
1780415228.0457,53.255
1780415228.051861,53.255
1780415228.0577462,53.255
1780415228.063766,53.255
1780415228.0697904,53.255
1780415228.0757668,53.255
1780415228.0817394,53.255
1780415228.0878282,53.255
1780415228.093702,54.0
1780415228.0993257,53.255
1780415228.104967,53.255
1780415228.1105416,54.0
1780415228.1166456,54.0
1780415228.1225579,53.255
1780415228.128591,53.255
1780415228.134538,53.255
1780415228.1406314,53.255
1780415228.1465771,53.254
1780415228.1526914,53.255
1780415228.1585407,53.255
1780415228.1646821,53.255
1780415228.1705163,54.0
1780415228.1760786,53.255
1780415228.1816764,53.255
1780415228.1874712,53.255
1780415228.1933384,54.0
1780415228.198943,53.255
1780415228.2048173,53.255
1780415228.2104304,53.255
1780415228.21615,54.0
1780415228.2217667,53.255
1780415228.2276235,53.255
1780415228.2331746,53.255
1780415228.2390044,53.255
1780415228.2450209,54.0
1780415228.2504103,54.0
1780415228.2559953,54.0
1780415228.261775,54.0
1780415228.2678466,53.255
1780415228.2737267,53.255
1780415228.2797604,53.255
1780415228.2859056,53.255
1780415228.2916336,53.255
1780415228.2973118,53.255
1780415228.3030012,53.255
1780415228.308537,53.255
1780415228.3145473,53.254
1780415228.320641,54.0
1780415228.3266497,54.0
1780415228.3325737,53.255
1780415228.3386528,53.255
1780415228.3445163,54.0
1780415228.3506792,54.0
1780415228.3566058,53.255
1780415228.3626058,53.255
1780415228.3685164,54.0
1780415228.374127,53.255
1780415228.3797164,53.255
1780415228.385525,53.255
1780415228.391327,53.255
1780415228.3969378,53.255
1780415228.4026024,54.0
1780415228.408175,53.255
1780415228.4142034,53.255
1780415228.4202695,54.0
1780415228.4262822,53.255
1780415228.4321125,53.255
1780415228.4383237,53.255
1780415228.4440846,54.0
1780415228.4500957,54.0
1780415228.4562552,53.255
1780415228.4622073,53.255
1780415228.4681268,54.0
1780415228.4736936,53.255
1780415228.4794106,53.254
1780415228.4850342,53.255
1780415228.49101,53.255
1780415228.497008,53.255
1780415228.5031395,53.255
1780415228.508917,53.255
1780415228.515013,54.0
1780415228.5210714,54.0
1780415228.5268974,54.0
1780415228.5325012,54.0
1780415228.5381413,54.0
1780415228.5437632,54.0
1780415228.5497992,54.0
1780415228.5558047,53.255
1780415228.56185,54.0
1780415228.567723,54.0
1780415228.573201,53.255
1780415228.578717,53.255
1780415228.584683,53.255
1780415228.590572,54.0
1780415228.5966697,54.0
1780415228.6025255,53.255
1780415228.6081305,53.255
1780415228.613783,54.0
1780415228.619589,53.255
1780415228.625293,53.255
1780415228.630948,53.255
1780415228.6368182,53.255
1780415228.6422958,54.0
1780415228.6481845,54.0
1780415228.654274,53.255
1780415228.660104,53.255
1780415228.665751,54.0
1780415228.6713984,53.255
1780415228.6769853,54.0
1780415228.6829758,54.0
1780415228.6889951,54.0
1780415228.6950393,54.0
1780415228.7009697,54.0
1780415228.7070615,53.255
1780415228.7129712,53.255
1780415228.7188754,54.0
1780415228.7245328,54.0
1780415228.7302272,54.0
1780415228.7357657,54.0
1780415228.7413123,54.0
1780415228.7469716,54.0
1780415228.752657,54.0
1780415228.7586,54.0
1780415228.764646,54.0
1780415228.7704785,53.255
1780415228.776074,54.0
1780415228.781803,54.0
1780415228.787518,54.0
1780415228.7932556,53.255
1780415228.7993674,53.255
1780415228.805392,53.255
1780415228.8113708,53.254
1780415228.817424,54.0
1780415228.8233953,53.255
1780415228.829478,53.255
1780415228.835322,54.0
1780415228.8414333,54.0
1780415228.8473957,54.0
1780415228.853313,53.255
1780415228.8594158,53.255
1780415228.8654513,53.255
1780415228.8712854,53.255
1780415228.876838,54.0
1780415228.8823805,54.0
1780415228.8883066,54.0
1780415228.8940847,54.0
1780415228.8995981,54.0
1780415228.9052548,53.255
1780415228.9109383,54.0
1780415228.917026,54.0
1780415228.9230497,53.255
1780415228.928972,53.255
1780415228.9350593,53.255
1780415228.940889,54.0
1780415228.9464924,53.255
1780415228.952015,54.0
1780415228.957873,54.0
1780415228.9637163,54.0
1780415228.9693217,54.0
1780415228.9749868,53.255
1780415228.9806209,54.0
1780415228.9865732,54.0
1780415228.9926758,54.0
1780415228.9985118,54.0
1780415229.0040467,53.255
1780415229.0095794,54.0
1780415229.0153873,54.0
1780415229.0213997,54.0
1780415229.027318,54.0
1780415229.032927,54.0
1780415229.0386405,53.255
1780415229.0441308,54.0
1780415229.0501285,54.0
1780415229.0562356,53.255
1780415229.062162,53.255
1780415229.068297,54.0
1780415229.074088,54.0
1780415229.0802126,53.255
1780415229.0862932,54.0
1780415229.0922017,54.0
1780415229.0982394,54.0
1780415229.1040695,53.255
1780415229.1101837,54.0
1780415229.1160393,54.0
1780415229.1221082,54.0
1780415229.1281724,53.255
1780415229.1341233,54.0
1780415229.140233,53.255
1780415229.1461055,54.0
1780415229.1520221,54.0
1780415229.1577017,53.255
1780415229.1633503,54.0
1780415229.1690023,54.0
1780415229.1748888,54.0
1780415229.1808958,54.0
1780415229.186554,54.0
1780415229.1924458,54.0
1780415229.1979284,54.0
1780415229.2038224,54.0
1780415229.209684,54.0
1780415229.2152748,54.0
1780415229.2209148,54.0
1780415229.226535,53.255
1780415229.2327347,53.255
1780415229.2385323,53.255
1780415229.2440667,53.255
1780415229.2496614,53.255
1780415229.2554855,54.0
1780415229.2613149,54.0
1780415229.267506,54.0
1780415229.273234,54.0
1780415229.2789342,54.0
1780415229.2845566,54.0
1780415229.2903233,53.255
1780415229.2961133,54.0
1780415229.30172,54.0
1780415229.3073845,54.0
1780415229.312893,53.255
1780415229.319003,54.0
1780415229.3250184,54.0
1780415229.330966,54.0
1780415229.3369944,53.255
1780415229.3431265,54.0
1780415229.348899,54.0
1780415229.3542783,54.017
1780415229.3596292,54.013
1780415229.3648899,54.012
1780415229.3704329,54.012
1780415229.3758917,54.011
1780415229.381225,54.012
1780415229.3866732,54.011
1780415229.3920276,54.013
1780415229.3972836,54.011
1780415229.4028335,54.01
1780415229.4082854,54.011
1780415229.4136298,54.011
1780415229.4188948,54.013
1780415229.4244437,54.01
1780415229.4298882,54.009
1780415229.4352293,54.012
1780415229.4404883,54.011
1780415229.4460263,54.011
1780415229.4515114,54.01
1780415229.456845,54.012
1780415229.4622874,54.011
1780415229.467628,54.011
1780415229.4728928,54.011
1780415229.478447,54.009
1780415229.483908,54.011
1780415229.4893804,54.012
1780415229.4947252,54.011
1780415229.5000346,54.009
1780415229.5054705,54.01
1780415229.5108485,54.01
1780415229.5162823,54.011
1780415229.5216413,54.01
1780415229.5270877,54.009
1780415229.5323887,54.01
1780415229.5376513,54.01
1780415229.5432582,54.012
1780415229.5487013,54.01
1780415229.5540361,54.008
1780415229.559483,54.009
1780415229.5648406,54.009
1780415229.5702875,54.011
1780415229.5756266,54.009
1780415229.5808914,54.008
1780415229.586446,54.01
1780415229.5918887,54.009
1780415229.5972486,54.01
1780415229.6027243,54.009
1780415229.6080103,54.01
1780415229.6132858,54.01
1780415229.618822,54.01
1780415229.6240883,54.01
1780415229.6296294,54.008
1780415229.6350937,54.01
1780415229.6404974,54.011
1780415229.6459103,54.01
1780415229.6512232,54.008
1780415229.6564908,54.008
1780415229.6620276,54.009
1780415229.667286,54.01
1780415229.672978,53.248
1780415229.6789865,53.248
1780415229.6850524,53.253
1780415229.691036,53.253
1780415229.6970267,53.253
1780415229.7028503,53.253
1780415229.7089455,53.253
1780415229.7145264,53.253
1780415229.7201948,53.252
1780415229.7258096,53.252
1780415229.7317433,53.252
1780415229.737771,53.253
1780415229.7437325,53.253
1780415229.749866,53.253
1780415229.7557893,53.252
1780415229.7617679,53.253
1780415229.7677915,53.253
1780415229.7738352,53.253
1780415229.7797418,53.253
1780415229.7858012,53.252
1780415229.7918704,53.253
1780415229.7976756,53.253
1780415229.803296,53.253
1780415229.8089356,53.253
1780415229.814649,53.253
1780415229.8206563,53.253
1780415229.8265219,53.253
1780415229.8321185,53.253
1780415229.8377411,53.253
1780415229.8433752,53.253
1780415229.8493593,53.253
1780415229.8553734,53.253
1780415229.8613775,53.253
1780415229.8673847,53.253
1780415229.8733423,53.252
1780415229.8793523,53.253
1780415229.8853717,53.253
1780415229.8913896,53.253
1780415229.8972285,53.253
1780415229.9034095,53.253
1780415229.9093375,53.253
1780415229.9154887,53.253
1780415229.9213538,53.253
1780415229.9273467,53.253
1780415229.933472,53.253
1780415229.939407,53.252
1780415229.9452739,53.253
1780415229.9509184,53.253
1780415229.9565701,53.253
1780415229.962146,53.253
1780415229.9680872,53.253
1780415229.9742875,53.253
1780415229.9802,53.253
1780415229.9862814,53.253
1780415229.9920473,53.253
1780415229.9976795,53.253
1780415230.003346,53.253
1780415230.0090477,53.254
1780415230.0149062,53.253
1780415230.0210392,53.253
1780415230.0270095,53.253
1780415230.0329058,53.253
1780415230.0384731,53.252
1780415230.0440319,53.253
1780415230.049836,53.253
1780415230.0557528,53.254
1780415230.0617514,53.253
1780415230.0678387,53.254
1780415230.0738328,53.254
1780415230.0797591,53.253
1780415230.0858047,53.253
1780415230.091798,53.253
1780415230.0977232,53.254
1780415230.1032364,53.254
1780415230.1085322,53.254
1780415230.1145818,53.253
1780415230.1206574,53.254
1780415230.1265206,53.253
1780415230.1325548,53.254
1780415230.1385508,53.253
1780415230.144619,53.253
1780415230.150521,53.253
1780415230.156665,53.254
1780415230.1625073,53.254
1780415230.1685066,53.253
1780415230.1744533,53.254
1780415230.180031,53.253
1780415230.185732,53.253
1780415230.19125,53.253
1780415230.197393,53.254
1780415230.2033463,53.253
1780415230.2094874,53.253
1780415230.2153819,53.253
1780415230.2213335,53.253
1780415230.2274275,53.254
1780415230.2334497,53.254
1780415230.2393892,53.254
1780415230.2454083,53.254
1780415230.2514155,53.254
1780415230.2573214,53.253
1780415230.2629488,53.253
1780415230.2685769,53.253
1780415230.274328,53.254
1780415230.2801495,53.253
1780415230.286251,53.253
1780415230.292194,53.253
1780415230.298108,53.254
1780415230.3037076,53.253
1780415230.3093235,53.254
1780415230.3150635,53.254
1780415230.3210363,53.254
1780415230.3269653,53.254
1780415230.3330445,53.254
1780415230.3390126,53.254
1780415230.345027,53.254
1780415230.3509326,53.254
1780415230.3570309,53.254
1780415230.3629396,53.254
1780415230.3690014,53.253
1780415230.3750002,53.254
1780415230.381022,53.254
1780415230.3870614,53.254
1780415230.392938,53.254
1780415230.399019,53.254
1780415230.405051,53.254
1780415230.411049,53.254
1780415230.4169388,53.254
1780415230.4229596,53.253
1780415230.4290514,53.254
1780415230.434974,53.253
1780415230.4410157,53.254
1780415230.44703,53.254
1780415230.4530177,53.254
1780415230.4590194,53.254
1780415230.4649935,53.254
1780415230.470971,53.254
1780415230.4770498,53.254
1780415230.4829466,53.254
1780415230.488893,53.254
1780415230.4944763,53.254
1780415230.5000336,53.253
1780415230.5058208,53.254
1780415230.5117872,53.254
1780415230.5178616,53.254
1780415230.5237248,53.254
1780415230.529289,53.254
1780415230.534979,53.254
1780415230.540714,53.254
1780415230.5465577,53.254
1780415230.5525393,53.254
1780415230.558694,53.254
1780415230.5644603,53.254
1780415230.5705714,53.254
1780415230.5765994,53.254
1780415230.5825927,53.253
1780415230.5885077,53.254
1780415230.5940695,53.254
1780415230.5996418,53.254
1780415230.6054497,53.254
1780415230.611344,53.254
1780415230.6173308,53.254
1780415230.6234562,53.254
1780415230.62928,53.254
1780415230.6354845,53.254
1780415230.6413202,53.254
1780415230.647443,53.254
1780415230.653236,53.254
1780415230.659367,53.254
1780415230.665316,53.254
1780415230.6714365,53.254
1780415230.6774213,53.254
1780415230.683347,53.254
1780415230.6894388,53.254
1780415230.6952803,53.254
1780415230.7014718,53.254
1780415230.7073667,53.254
1780415230.7134137,53.254
1780415230.7192495,53.254
1780415230.7253194,53.254
1780415230.7313476,53.254
1780415230.7374382,53.254
1780415230.7434297,53.254
1780415230.7493672,53.254
1780415230.7554092,53.254
1780415230.7613168,53.255
1780415230.7674923,53.255
1780415230.773379,53.254
1780415230.7794821,53.254
1780415230.7852418,53.254
1780415230.7908926,53.254
1780415230.7964647,53.254
1780415230.8022048,53.254
1780415230.808243,53.254
1780415230.814187,53.254
1780415230.8201828,53.254
1780415230.8261182,53.254
1780415230.8321033,53.254
1780415230.8382165,53.254
1780415230.844225,53.254
1780415230.8500626,53.254
1780415230.8557203,53.254
1780415230.8613734,53.255
1780415230.8670845,53.255
1780415230.8730247,53.254
1780415230.8790102,53.254
1780415230.8851337,53.254
1780415230.89089,53.254
1780415230.896938,53.254
1780415230.9029605,53.254
1780415230.9090116,53.254
1780415230.9148486,53.254
1780415230.9210088,53.254
1780415230.9270198,53.255
1780415230.9330354,53.255
1780415230.9388437,53.254
1780415230.945031,53.254
1780415230.9509408,53.254
1780415230.95691,53.255
1780415230.9624956,53.254
1780415230.9680426,53.254
1780415230.9738178,53.254
1780415230.9797506,53.254
1780415230.985715,53.254
1780415230.9918017,53.254
1780415230.9978342,53.255
1780415231.0039232,53.255
1780415231.0097442,53.254
1780415231.015838,53.254
1780415231.0216472,53.254
1780415231.0277996,53.254
1780415231.033852,53.255
1780415231.0398445,53.255
1780415231.0457232,53.254
1780415231.0517254,53.255
1780415231.0578113,53.254
1780415231.0638213,53.254
1780415231.0698233,53.255
1780415231.075806,53.254
1780415231.0818145,53.254
1780415231.0876844,53.254
1780415231.0932348,53.255
1780415231.0987773,53.255
1780415231.104658,53.255
1780415231.110496,53.254
1780415231.1160493,53.254
1780415231.1217785,53.255
1780415231.1273625,53.254
1780415231.1334445,53.255
1780415231.1393974,53.254
1780415231.1454134,53.254
1780415231.1512694,53.254
1780415231.157428,53.254
1780415231.163369,53.255
1780415231.169455,53.255
1780415231.175293,53.254
1780415231.1814458,53.254
1780415231.1872885,53.255
1780415231.1933944,53.254
1780415231.199287,53.255
1780415231.2054167,53.254
1780415231.21134,53.255
1780415231.2173223,53.254
1780415231.2233222,53.254
1780415231.2294161,53.255
1780415231.2354743,53.255
1780415231.241389,53.254
1780415231.2473764,53.255
1780415231.2532985,53.254
1780415231.259325,53.254
1780415231.2653859,53.255
1780415231.2714224,53.255
1780415231.277303,53.255
1780415231.2833328,53.255
1780415231.2894068,53.255
1780415231.295443,53.255
1780415231.301333,53.255
1780415231.3069432,53.255
1780415231.3128288,53.255
1780415231.3183594,53.255
1780415231.3241267,53.255
1780415231.3300853,53.255
1780415231.3356233,53.255
1780415231.3412318,53.255
1780415231.3469565,53.254
1780415231.3530405,53.255
1780415231.3589609,53.254
1780415231.3651533,53.255
1780415231.371043,53.255
1780415231.3770046,53.255
1780415231.3829758,53.254
1780415231.3890011,53.255
1780415231.3949811,53.255
1780415231.4010859,53.255
1780415231.4069595,53.255
1780415231.4129817,53.255
1780415231.419037,53.255
1780415231.4250016,53.254
1780415231.4309728,53.255
1780415231.437022,53.255
1780415231.4430501,53.255
1780415231.449002,53.255
1780415231.4550135,53.255
1780415231.461,53.255
1780415231.4670548,53.254
1780415231.4729521,53.255
1780415231.4789965,53.255
1780415231.4850557,53.254
1780415231.4909477,53.254
1780415231.4970188,53.255
1780415231.5030098,53.255
1780415231.5090415,53.255
1780415231.5148873,53.255
1780415231.521031,53.255
1780415231.5270202,53.255
1780415231.5330665,53.255
1780415231.5389836,53.255
1780415231.5450623,53.255
1780415231.5508552,53.255
1780415231.5564408,53.255
1780415231.5618937,53.255
1780415231.567777,53.255
1780415231.5738297,53.255
1780415231.579714,53.255
1780415231.585862,53.255
1780415231.5917213,53.255
1780415231.597874,53.255
1780415231.603719,53.255
1780415231.609865,53.255
1780415231.6157322,53.255
1780415231.6217663,53.255
1780415231.6277077,53.255
1780415231.6339064,53.255
1780415231.6398377,53.255
1780415231.645778,53.255
1780415231.6518078,53.255
1780415231.6577816,53.255
1780415231.66387,53.255
1780415231.6698017,53.255
1780415231.6758044,53.255
1780415231.6816988,53.255
1780415231.6877966,53.255
1780415231.6936862,53.255
1780415231.699835,53.255
1780415231.7057025,53.255
1780415231.7118168,53.255
1780415231.717791,53.255
1780415231.7237027,53.255
1780415231.7297852,53.255
1780415231.7357557,53.255
1780415231.7418187,53.255
1780415231.7476757,53.255
1780415231.7532878,53.255
1780415231.758985,54.0
1780415231.7646391,53.255
1780415231.7705646,53.255
1780415231.7765815,53.255
1780415231.782612,53.255
1780415231.7885485,53.254
1780415231.794616,54.0
1780415231.800616,53.255
1780415231.806562,53.255
1780415231.812536,53.255
1780415231.818709,53.255
1780415231.8246512,53.255
1780415231.8306572,53.255
1780415231.8365908,53.255
1780415231.8426063,53.255
1780415231.8485134,53.255
1780415231.854081,54.0
1780415231.8594203,54.0
1780415231.865436,53.255
1780415231.871286,53.255
1780415231.8768969,53.255
1780415231.8825338,53.255
1780415231.8881376,53.254
1780415231.8941958,53.255
1780415231.9002013,53.255
1780415231.9061878,53.255
1780415231.912133,53.255
1780415231.9176965,53.255
1780415231.9233255,53.255
1780415231.929004,53.255
1780415231.9349115,53.254
1780415231.9410295,53.255
1780415231.947032,53.255
1780415231.9529114,54.0
1780415231.9590254,54.0
1780415231.9650235,53.255
1780415231.9710228,53.255
1780415231.9769425,53.255
1780415231.9830177,53.255
1780415231.988913,53.255
1780415231.9950285,53.255
1780415232.000977,53.255
1780415232.0070307,53.255
1780415232.0129068,53.255
1780415232.0189726,54.0
1780415232.024908,54.0
1780415232.031043,53.255
1780415232.0368717,53.255
1780415232.0430417,53.255
1780415232.048977,53.255
1780415232.0550332,53.255
1780415232.0608842,53.255
1780415232.066985,53.255
1780415232.0730457,53.255
1780415232.0789063,53.255
1780415232.0844228,53.255
1780415232.0901644,54.0
1780415232.0957143,53.255
1780415232.1013336,53.255
1780415232.107023,53.255
1780415232.112544,54.0
1780415232.1181264,53.255
1780415232.1237218,53.255
1780415232.1294065,53.255
1780415232.135333,53.255
1780415232.1409469,53.255
1780415232.1465907,53.255
1780415232.1521962,54.0
1780415232.158122,54.0
1780415232.1637273,54.0
1780415232.1694558,53.255
1780415232.1750226,53.255
1780415232.1809256,53.255
1780415232.187007,53.255
1780415232.1930492,53.255
1780415232.1990023,53.255
1780415232.2051446,53.255
1780415232.2110393,53.255
1780415232.216928,53.255
1780415232.223015,54.0
1780415232.2290184,53.255
1780415232.235018,54.0
1780415232.240925,53.255
1780415232.246987,53.255
1780415232.2528994,53.255
1780415232.2590923,53.255
1780415232.2649496,54.0
1780415232.2710147,54.0
1780415232.276895,54.0
1780415232.282493,54.0
1780415232.2881866,54.0
1780415232.2939322,54.0
1780415232.2998214,53.255
1780415232.3057365,53.255
1780415232.3118155,53.255
1780415232.3177495,54.0
1780415232.3237195,53.255
1780415232.3298025,53.255
1780415232.335825,53.255
1780415232.341884,53.255
1780415232.3478196,53.255
1780415232.353759,53.255
1780415232.3598945,53.255
1780415232.365713,53.255
1780415232.3712819,53.255
1780415232.3770452,53.255
1780415232.3825014,53.255
1780415232.3886514,54.0
1780415232.3946474,54.0
1780415232.4006515,53.255
1780415232.4065475,53.255
1780415232.412562,54.0
1780415232.4186063,53.255
1780415232.4244852,53.255
1780415232.4301143,53.255
1780415232.4359035,53.255
1780415232.4414248,53.255
1780415232.4473803,53.255
1780415232.4533873,53.255
1780415232.459434,53.255
1780415232.4652984,54.0
1780415232.4714603,54.0
1780415232.477314,53.255
1780415232.4833925,54.0
1780415232.489287,53.255
1780415232.495406,53.255
1780415232.5013192,53.255
1780415232.5073543,53.255
1780415232.5133734,53.255
1780415232.519345,53.255
1780415232.5254064,54.0
1780415232.531408,53.255
1780415232.5373924,53.255
1780415232.543323,53.255
1780415232.5493767,53.255
1780415232.555406,53.255
1780415232.5614877,53.255
1780415232.5674002,53.255
1780415232.5734804,54.0
1780415232.5793157,53.255
1780415232.5852885,53.255
1780415232.5913785,53.255
1780415232.5974443,53.255
1780415232.6033614,54.0
1780415232.6089551,53.255
1780415232.6147633,53.255
1780415232.6204011,53.255
1780415232.6261156,54.0
1780415232.6317477,53.255
1780415232.637434,53.255
1780415232.643011,53.255
1780415232.6490266,53.255
1780415232.6549842,54.0
1780415232.6610224,54.0
1780415232.6669827,54.0
1780415232.672489,53.255
1780415232.6782012,54.0
1780415232.6838272,53.255
1780415232.6898544,54.0
1780415232.6958423,53.255
1780415232.7017462,53.255
1780415232.7077122,54.0
1780415232.713793,54.0
1780415232.7198615,54.0
1780415232.7256854,53.255
1780415232.7318108,53.255
1780415232.7377849,53.255
1780415232.7437952,54.0
1780415232.7498016,53.255
1780415232.755793,54.0
1780415232.7618237,53.255
1780415232.7677238,53.255
1780415232.773866,54.0
1780415232.7797089,53.255
1780415232.7856505,54.0
1780415232.7918282,54.0
1780415232.7978566,53.255
1780415232.803721,54.0
1780415232.8097792,53.255
1780415232.8157816,54.0
1780415232.8211796,54.0
1780415232.8267791,54.0
1780415232.832566,53.255
1780415232.8386238,53.255
1780415232.8444965,54.0
1780415232.8506951,53.255
1780415232.8566046,54.0
1780415232.862588,54.0
1780415232.8686244,54.0
1780415232.8745894,53.255
1780415232.8806152,53.255
1780415232.8865538,54.0
1780415232.892615,53.255
1780415232.8986254,54.0
1780415232.9045134,54.0
1780415232.910049,53.255
1780415232.9157066,54.0
1780415232.9214582,54.0
1780415232.9274137,54.0
1780415232.9334543,53.255
1780415232.9394097,53.255
1780415232.945275,53.255
1780415232.9508905,53.255
1780415232.956563,53.255
1780415232.9621537,54.0
1780415232.9682357,54.0
1780415232.9742239,54.0
1780415232.9802005,54.0
1780415232.9861586,54.0
1780415232.9922068,54.0
1780415232.998245,54.0
1780415233.0040731,53.255
1780415233.0102086,53.255
1780415233.016136,53.255
1780415233.0223093,53.255
1780415233.0281608,53.255
1780415233.034227,54.0
1780415233.040106,54.0
1780415233.0461729,54.0
1780415233.052167,54.0
1780415233.058244,53.255
1780415233.064098,53.255
1780415233.0697196,54.0
1780415233.0756133,53.255
1780415233.0812109,54.0
1780415233.0869513,53.255
1780415233.0930507,53.255
1780415233.0989928,54.0
1780415233.105032,53.255
1780415233.1108804,54.0
1780415233.1164608,53.254
1780415233.1219742,54.0
1780415233.1278136,54.0
1780415233.1336982,54.0
1780415233.139308,54.0
1780415233.1448958,53.255
1780415233.150587,53.255
1780415233.1564965,54.0
1780415233.1621041,54.0
1780415233.1677945,54.0
1780415233.1733243,53.255
1780415233.1788707,53.255
1780415233.1845815,53.255
1780415233.1901996,53.255
1780415233.1961284,53.255
1780415233.2016714,54.0
1780415233.2074044,54.0
1780415233.2128718,53.255
1780415233.2185335,54.0
1780415233.2241137,53.255
1780415233.229795,53.255
1780415233.2357173,54.0
1780415233.2418878,53.255
1780415233.2476895,54.0
1780415233.2536986,54.0
1780415233.2598338,53.255
1780415233.2657764,53.255
1780415233.2716937,54.0
1780415233.2778394,53.255
1780415233.2837763,53.255
1780415233.2896485,54.0
1780415233.2952983,53.255
1780415233.301012,54.0
1780415233.306525,54.0
1780415233.3125527,53.255
1780415233.3185673,54.0
1780415233.324695,54.0
1780415233.330578,53.255
1780415233.3365943,54.0
1780415233.3424766,53.255
1780415233.348014,54.0
1780415233.3533232,54.0
1780415233.3594224,53.255
1780415233.3653505,54.0
1780415233.3713899,53.255
1780415233.3773263,53.255
1780415233.3834019,53.255
1780415233.389305,53.255
1780415233.3954632,54.0
1780415233.401227,53.255
1780415233.4069128,53.255
1780415233.412525,53.255
1780415233.4182527,53.255
1780415233.4241319,53.255
1780415233.4297502,53.255
1780415233.4354312,53.255
1780415233.4409668,53.255
1780415233.447031,54.0
1780415233.453026,54.0
1780415233.4590702,54.0
1780415233.4649656,53.255
1780415233.4709866,53.255
1780415233.4769473,53.255
1780415233.482475,53.254
1780415233.4880524,54.0
1780415233.4938319,53.255
1780415233.4997015,54.0
1780415233.5052407,53.255
1780415233.5109756,53.255
1780415233.516566,53.255
1780415233.5225384,53.255
1780415233.5285912,54.0
1780415233.5345101,53.255
1780415233.540538,54.0
1780415233.546588,54.0
1780415233.5526478,54.0
1780415233.558572,54.0
1780415233.564604,53.255
1780415233.5704918,54.0
1780415233.5765069,54.0
1780415233.582574,53.255
1780415233.588641,53.255
1780415233.5945508,53.255
1780415233.6001225,54.0
1780415233.6060333,54.0
1780415233.6115587,54.0
1780415233.6174464,53.255
1780415233.6234689,54.0
1780415233.6292534,53.255
1780415233.63492,54.0
1780415233.6405303,53.255
1780415233.6461854,53.255
1780415233.65219,54.0
1780415233.658198,53.255
1780415233.6642098,53.255
1780415233.6701112,53.255
1780415233.6762714,53.255
1780415233.6821868,53.255
1780415233.688116,54.0
1780415233.6937249,53.255
1780415233.6994524,54.0
1780415233.7050202,54.0
1780415233.7109783,54.0
1780415233.7169409,53.255
1780415233.7230206,53.255
1780415233.7289863,54.0
1780415233.7350233,54.0
1780415233.7409592,54.0
1780415233.7464986,53.255
1780415233.752128,54.0
1780415233.7578263,53.255
1780415233.7636886,54.0
1780415233.7692537,54.0
1780415233.7749763,53.255
1780415233.7805617,54.0
1780415233.7864864,54.0
1780415233.792597,54.0
1780415233.798534,54.0
1780415233.8046184,53.255
1780415233.8104987,54.0
1780415233.8165653,53.255
1780415233.8225875,54.0
1780415233.8286848,54.0
1780415233.8345394,54.0
1780415233.840582,54.0
1780415233.8466423,54.0
1780415233.8526487,54.0
1780415233.8585653,54.0
1780415233.8646529,53.255
1780415233.870503,54.0
1780415233.8765395,54.0
1780415233.8825033,54.0
1780415233.8878903,54.018
1780415233.8932424,54.013
1780415233.8986897,54.012
1780415233.9040148,54.012
1780415233.909271,54.012
1780415233.9148374,54.01
1780415233.9202757,54.012
1780415233.9256313,54.013
1780415233.931084,54.012
1780415233.936421,54.01
1780415233.9418623,54.011
1780415233.9472291,54.011
1780415233.952671,54.012
1780415233.9580343,54.011
1780415233.963488,54.01
1780415233.9688385,54.012
1780415233.9742787,54.011
1780415233.9796321,54.013
1780415233.9850802,54.011
1780415233.99043,54.01
1780415233.9958813,54.011
1780415234.0012228,54.01
1780415234.0066648,54.013
1780415234.0120256,54.01
1780415234.0174816,54.009
1780415234.022847,54.012
1780415234.0282903,54.01
1780415234.0336683,54.011
1780415234.0391133,54.01
1780415234.0443907,54.011
1780415234.049663,54.011
1780415234.055232,54.011
1780415234.0606723,54.011
1780415234.0660286,54.009
1780415234.0714693,54.01
1780415234.076825,54.011
1780415234.0822692,54.01
1780415234.0876315,54.009
1780415234.093079,54.009
1780415234.098417,54.009
1780415234.1036792,54.011
1780415234.1092322,54.009
1780415234.1146717,54.008
1780415234.120028,54.01
1780415234.1254718,54.009
1780415234.130829,54.011
1780415234.1362636,54.009
1780415234.1416385,54.01
1780415234.147091,54.01
1780415234.152417,54.01
1780415234.1576812,54.011
1780415234.1632526,54.009
1780415234.1688,54.01
1780415234.1740804,54.01
1780415234.1795106,54.009
1780415234.1848323,54.009
1780415234.1902766,54.008
1780415234.1956294,54.009
1780415234.2010818,54.01
1780415234.2065635,53.248
1780415234.212557,53.248
1780415234.2187338,53.252
1780415234.2246046,53.253
1780415234.2306297,53.253
1780415234.2365208,53.253
1780415234.242062,53.253
1780415234.2474499,53.253
1780415234.2534134,53.253
1780415234.2593372,53.252
1780415234.2648997,53.253
1780415234.2705376,53.253
1780415234.276201,53.252
1780415234.282157,53.253
1780415234.287723,53.252
1780415234.2933972,53.253
1780415234.298967,53.254
1780415234.3050148,53.253
1780415234.3110147,53.252
1780415234.3169217,53.253
1780415234.3230364,53.253
1780415234.3288736,53.253
1780415234.3349664,53.253
1780415234.3409982,53.253
1780415234.3469977,53.253
1780415234.3529663,53.253
1780415234.3590164,53.253
1780415234.364924,53.253
1780415234.3708792,53.253
1780415234.3764453,53.253
1780415234.3820941,53.253
1780415234.3877122,53.253
1780415234.3932593,53.253
1780415234.3990638,53.253
1780415234.404637,53.253
1780415234.4104972,53.253
1780415234.41665,53.253
1780415234.4225192,53.253
1780415234.4285643,53.253
1780415234.4345608,53.253
1780415234.4405053,53.253
1780415234.4460607,53.253
1780415234.451718,53.253
1780415234.45725,53.253
1780415234.4629054,53.253
1780415234.4685733,53.253
1780415234.4741292,53.254
1780415234.4802184,53.253
1780415234.486199,53.253
1780415234.4922564,53.253
1780415234.4981205,53.253
1780415234.5042512,53.253
1780415234.5101464,53.253
1780415234.5162718,53.253
1780415234.5221927,53.253
1780415234.5281732,53.253
1780415234.534206,53.253
1780415234.5401144,53.253
1780415234.546204,53.253
1780415234.55214,53.253
1780415234.558236,53.253
1780415234.5641448,53.253
1780415234.5701225,53.253
1780415234.576137,53.253
1780415234.582237,53.253
1780415234.5880675,53.253
1780415234.5942159,53.253
1780415234.6002076,53.253
1780415234.6060984,53.253
1780415234.6121209,53.254
1780415234.6181612,53.253
1780415234.6242125,53.253
1780415234.6300578,53.253
1780415234.6361656,53.253
1780415234.6422296,53.253
1780415234.6482036,53.253
1780415234.6542635,53.253
1780415234.6600337,53.253
1780415234.6662009,53.253
1780415234.6722307,53.254
1780415234.6781986,53.254
1780415234.6841357,53.254
1780415234.690239,53.254
1780415234.6961882,53.253
1780415234.7021644,53.253
1780415234.7080736,53.253
1780415234.713676,53.254
1780415234.7193716,53.253
1780415234.7249515,53.253
1780415234.7309494,53.253
1780415234.7370732,53.254
1780415234.7430143,53.254
1780415234.7490745,53.254
1780415234.7549303,53.253
1780415234.7604542,53.254
1780415234.766158,53.254
1780415234.7717166,53.254
1780415234.7777371,53.254
1780415234.7838602,53.253
1780415234.7897604,53.254
1780415234.7957182,53.254
1780415234.8017578,53.254
1780415234.8078103,53.254
1780415234.8138435,53.253
1780415234.8196392,53.254
1780415234.825783,53.254
1780415234.831833,53.254
1780415234.8377042,53.254
1780415234.8437207,53.254
1780415234.8497906,53.253
1780415234.8558176,53.254
1780415234.8616288,53.253
1780415234.8677046,53.254
1780415234.8732903,53.253
1780415234.8788629,53.254
1780415234.8846402,53.254
1780415234.8905816,53.254
1780415234.8965604,53.254
1780415234.9025736,53.254
1780415234.9086385,53.254
1780415234.9145298,53.254
1780415234.9201374,53.254
1780415234.9258323,53.254
1780415234.931342,53.254
1780415234.9372518,53.254
1780415234.9433842,53.254
1780415234.949499,53.254
1780415234.9552407,53.254
1780415234.9609282,53.254
1780415234.9664986,53.254
1780415234.9721332,53.254
1780415234.9782684,53.254
1780415234.9841988,53.254
1780415234.9901698,53.254
1780415234.996265,53.254
1780415235.0021539,53.254
1780415235.0082061,53.254
1780415235.0141835,53.254
1780415235.0202703,53.254
1780415235.0261407,53.254
1780415235.0317106,53.254
1780415235.0373127,53.254
1780415235.0430546,53.254
1780415235.049042,53.254
1780415235.0549803,53.254
1780415235.0610626,53.254
1780415235.066895,53.254
1780415235.0730345,53.254
1780415235.0789618,53.254
1780415235.085052,53.254
1780415235.0909286,53.254
1780415235.0970285,53.254
1780415235.1029162,53.254
1780415235.109083,53.254
1780415235.1149297,53.254
1780415235.1210272,53.254
1780415235.1268597,53.254
1780415235.1329582,53.254
1780415235.1389775,53.254
1780415235.145063,53.254
1780415235.1508803,53.254
1780415235.1570072,53.254
1780415235.1630266,53.254
1780415235.1689346,53.253
1780415235.1748767,53.254
1780415235.1810536,53.254
1780415235.187041,53.254
1780415235.1929436,53.254
1780415235.1989245,53.254
1780415235.2050357,53.254
1780415235.2110193,53.254
1780415235.2169223,53.254
1780415235.2224963,53.254
1780415235.2281382,53.254
1780415235.2337408,53.255
1780415235.2397785,53.254
1780415235.2457592,53.254
1780415235.251844,53.254
1780415235.257782,53.254
1780415235.263755,53.254
1780415235.2692435,53.254
1780415235.274883,53.254
1780415235.2805076,53.254
1780415235.286555,53.254
1780415235.2925959,53.254
1780415235.29861,53.255
1780415235.3046374,53.254
1780415235.310547,53.254
1780415235.3166158,53.254
1780415235.322473,53.254
1780415235.3280554,53.255
1780415235.333596,53.254
1780415235.3394217,53.254
1780415235.345343,53.254
1780415235.3513465,53.254
1780415235.3573859,53.254
1780415235.3633056,53.254
1780415235.369308,53.255
1780415235.3753397,53.254
1780415235.3814366,53.254
1780415235.3873324,53.254
1780415235.39331,53.255
1780415235.3994207,53.254
1780415235.4053905,53.255
1780415235.411454,53.254
1780415235.417329,53.255
1780415235.4234607,53.254
1780415235.4292347,53.254
1780415235.4353085,53.254
1780415235.4413178,53.254
1780415235.4468675,53.254
1780415235.452581,53.254
1780415235.4581316,53.254
1780415235.4642174,53.254
1780415235.4701395,53.255
1780415235.4762073,53.254
1780415235.4821634,53.254
1780415235.4876919,53.254
1780415235.4933395,53.254
1780415235.4989452,53.254
1780415235.5049524,53.255
1780415235.5110557,53.254
1780415235.5170445,53.255
1780415235.5229776,53.255
1780415235.5290058,53.255
1780415235.5350268,53.255
1780415235.5410633,53.254
1780415235.5469146,53.254
1780415235.5524826,53.254
1780415235.558138,53.255
1780415235.563812,53.255
1780415235.5696702,53.255
1780415235.5752895,53.255
1780415235.5810065,53.254
1780415235.5865483,53.255
1780415235.5925586,53.255
1780415235.5986917,53.254
1780415235.6046722,53.255
1780415235.6104133,53.254
1780415235.6160274,53.254
1780415235.621668,53.254
1780415235.6273606,53.255
1780415235.633405,53.254
1780415235.6393106,53.254
1780415235.6454446,53.254
1780415235.6512213,53.255
1780415235.6573627,53.255
1780415235.6632986,53.255
1780415235.6687615,53.255
1780415235.6743572,53.254
1780415235.680115,53.254
1780415235.6861792,53.254
1780415235.6920512,53.255
1780415235.6976683,53.254
1780415235.7032478,53.255
1780415235.7089796,53.255
1780415235.7150211,53.255
1780415235.720885,53.255
1780415235.7264044,53.254
1780415235.7319407,53.254
1780415235.7378569,53.255
1780415235.743694,53.255
1780415235.7491653,53.254
1780415235.7547905,53.254
1780415235.7604816,53.254
1780415235.766624,53.255
1780415235.7726073,53.254
1780415235.7786644,53.254
1780415235.784475,53.255
1780415235.7899952,53.255
1780415235.7955534,53.255
1780415235.8014028,53.255
1780415235.807362,53.255
1780415235.8133888,53.255
1780415235.8194573,53.255
1780415235.8252938,53.255
1780415235.830829,53.254
1780415235.8364115,53.255
1780415235.8422728,53.254
1780415235.8480463,53.255
1780415235.8536499,53.254
1780415235.8592687,53.255
1780415235.864914,53.255
1780415235.8710015,53.255
1780415235.8769987,53.255
1780415235.8830137,53.255
1780415235.8889432,53.255
1780415235.8950212,53.254
1780415235.9009979,53.255
1780415235.9070306,53.255
1780415235.9129283,53.255
1780415235.919034,53.254
1780415235.9249334,53.255
1780415235.931013,53.255
1780415235.9369383,53.255
1780415235.9430637,53.255
1780415235.9488456,53.255
1780415235.9549842,53.255
1780415235.9609325,53.255
1780415235.9664261,53.255
1780415235.9720294,53.255
1780415235.9777992,53.255
1780415235.983769,53.255
1780415235.98971,53.255
1780415235.9956577,53.254
1780415236.0012994,53.255
1780415236.007009,53.255
1780415236.0125232,53.255
1780415236.0186098,53.255
1780415236.024545,53.255
1780415236.0306566,53.255
1780415236.0364807,53.255
1780415236.0420976,53.255
1780415236.0477614,53.255
1780415236.053289,53.255
1780415236.058903,53.255
1780415236.0646164,53.255
1780415236.0703168,53.255
1780415236.0761523,54.0
1780415236.0816588,53.254
1780415236.0873652,53.255
1780415236.0929563,53.255
1780415236.0989366,54.0
1780415236.1045172,53.255
1780415236.1101732,53.255
1780415236.115905,53.255
1780415236.1218135,53.255
1780415236.1276844,53.254
1780415236.1339133,53.255
1780415236.1397545,53.255
1780415236.1458406,53.255
1780415236.1516707,53.255
1780415236.157772,53.255
1780415236.1638072,54.0
1780415236.1698432,53.255
1780415236.1757982,53.255
1780415236.181762,53.255
1780415236.187711,53.255
1780415236.1938293,53.255
1780415236.19967,54.0
1780415236.2053049,53.254
1780415236.2109847,53.255
1780415236.2165775,53.255
1780415236.2225897,53.255
1780415236.228578,53.254
1780415236.234477,53.255
1780415236.2400792,53.255
1780415236.2458637,53.255
1780415236.2513976,53.255
1780415236.2572997,53.255
1780415236.2628787,53.255
1780415236.2685428,53.255
1780415236.274062,53.255
1780415236.279704,53.255
1780415236.2853549,53.255
1780415236.29096,53.255
1780415236.2964365,53.255
1780415236.3019733,53.255
1780415236.307858,53.255
1780415236.3136985,53.255
1780415236.3192625,53.255
1780415236.3248432,53.255
1780415236.3306417,53.255
1780415236.3365176,53.255
1780415236.342108,53.255
1780415236.3477418,53.255
1780415236.3533132,54.0
1780415236.358834,54.0
1780415236.3644395,53.255
1780415236.3701103,53.255
1780415236.37633,53.255
1780415236.382056,53.255
1780415236.3877141,53.255
1780415236.393679,53.255
1780415236.3992553,53.255
1780415236.4048464,53.255
1780415236.4110367,53.255
1780415236.4169846,53.255
1780415236.4229026,53.255
1780415236.4289577,53.255
1780415236.4350169,53.255
1780415236.4410255,53.255
1780415236.446946,53.255
1780415236.4530306,53.255
1780415236.4588988,54.0
1780415236.4650552,53.255
1780415236.4710279,53.255
1780415236.4770308,53.255
1780415236.482907,53.255
1780415236.4884992,53.255
1780415236.4940627,53.255
1780415236.4998326,53.255
1780415236.505698,53.255
1780415236.5118217,53.255
1780415236.5177672,53.255
1780415236.5236683,53.255
1780415236.5292616,53.254
1780415236.5347927,53.255
1780415236.5406456,53.255
1780415236.5464692,53.255
1780415236.5520387,53.255
1780415236.5576925,53.255
1780415236.5633314,53.255
1780415236.5693307,53.255
1780415236.5748432,53.255
1780415236.580595,53.255
1780415236.5861712,54.0
1780415236.592266,54.0
1780415236.5982382,53.255
1780415236.6042507,53.255
1780415236.6101604,53.255
1780415236.6163065,53.255
1780415236.6220994,53.255
1780415236.6276567,53.255
1780415236.6332207,53.255
1780415236.6390424,53.255
1780415236.6449292,53.255
1780415236.650468,53.255
1780415236.6560667,53.255
1780415236.6617332,53.254
1780415236.6676946,54.0
1780415236.673796,53.255
1780415236.6798182,53.255
1780415236.68565,54.0
1780415236.6917775,53.255
1780415236.697743,54.0
1780415236.7038264,53.255
1780415236.7097533,53.255
1780415236.715849,53.255
1780415236.7216885,54.0
1780415236.7276251,53.255
1780415236.7337823,53.255
1780415236.7398686,53.255
1780415236.7457232,53.255
1780415236.751766,53.255
1780415236.7577546,53.255
1780415236.763843,54.0
1780415236.769739,53.255
1780415236.7757642,54.0
1780415236.7818244,53.255
1780415236.7876847,54.0
1780415236.7932603,53.255
1780415236.7988408,53.255
1780415236.8046505,53.255
1780415236.8105402,54.0
1780415236.8165655,53.255
1780415236.8224854,53.255
1780415236.8280547,53.254
1780415236.8335636,53.255
1780415236.8394384,53.255
1780415236.8453124,53.255
1780415236.8509336,54.0
1780415236.856543,53.255
1780415236.8622108,53.255
1780415236.8681538,53.255
1780415236.8737152,53.255
1780415236.8793828,53.255
1780415236.884946,53.255
1780415236.8910508,53.255
1780415236.8969476,54.0
1780415236.9030402,54.0
1780415236.9089074,53.255
1780415236.915043,53.255
1780415236.9208634,53.255
1780415236.9264483,53.254
1780415236.9319975,54.0
1780415236.9378555,53.255
1780415236.943663,53.255
1780415236.949277,54.0
1780415236.9548793,54.0
1780415236.960601,53.255
1780415236.9664953,53.255
1780415236.9725847,53.255
1780415236.9786534,53.255
1780415236.984663,53.255
1780415236.9906173,54.0
1780415236.996577,54.0
1780415237.0026047,53.255
1780415237.0085151,53.255
1780415237.0146184,53.255
1780415237.0204644,53.255
1780415237.0260487,53.254
1780415237.0315778,53.255
1780415237.037392,53.255
1780415237.0432544,53.255
1780415237.0489063,53.255
1780415237.0545094,53.255
1780415237.0601792,53.255
1780415237.0660489,53.255
1780415237.0716476,53.255
1780415237.0773473,53.255
1780415237.0829072,54.0
1780415237.0884562,54.0
1780415237.0939665,53.255
1780415237.0996811,53.255
1780415237.105308,53.255
1780415237.1109946,54.0
1780415237.1165137,53.255
1780415237.122072,53.255
1780415237.1277163,54.0
1780415237.1334949,53.255
1780415237.1393163,53.255
1780415237.1449277,53.255
1780415237.1505892,53.255
1780415237.1561203,53.255
1780415237.1622002,54.0
1780415237.1681597,54.0
1780415237.174238,53.255
1780415237.180078,54.0
1780415237.1862738,53.255
1780415237.192073,53.254
1780415237.1982467,53.255
1780415237.204223,53.255
1780415237.2102175,53.255
1780415237.216124,54.0
1780415237.2221558,53.255
1780415237.228187,54.0
1780415237.2342663,54.0
1780415237.2401521,53.255
1780415237.2462044,53.255
1780415237.25211,53.255
1780415237.2581356,53.254
1780415237.2641225,54.0
1780415237.2702541,53.255
1780415237.2760432,53.255
1780415237.2816646,53.255
1780415237.2872467,53.255
1780415237.2929416,53.255
1780415237.2988925,53.255
1780415237.305045,53.255
1780415237.3109992,53.255
1780415237.3168652,53.255
1780415237.3224623,53.255
1780415237.3280907,54.0
1780415237.3338103,53.255
1780415237.3397284,53.255
1780415237.3458517,53.255
1780415237.351707,54.0
1780415237.3572416,54.0
1780415237.3625634,54.0
1780415237.3686213,53.255
1780415237.3745053,53.255
1780415237.380101,53.255
1780415237.3857427,53.255
1780415237.3913305,53.255
1780415237.3973687,54.0
1780415237.4029026,54.0
1780415237.4088478,54.0
1780415237.4143214,54.0
1780415237.4201713,53.255
1780415237.4261208,53.255
1780415237.4322872,53.255
1780415237.438158,53.255
1780415237.4441717,53.255
1780415237.450098,54.0
1780415237.4561872,54.0
1780415237.4621255,53.255
1780415237.4682558,53.255
1780415237.4740665,53.255
1780415237.480269,53.255
1780415237.4860358,54.0
1780415237.4916613,53.255
1780415237.497166,54.0
1780415237.5030444,53.255
1780415237.5088463,53.255
1780415237.5144858,53.255
1780415237.520058,54.0
1780415237.5257616,53.255
1780415237.5317519,54.0
1780415237.5373116,53.255
1780415237.5430303,53.255
1780415237.548584,53.255
1780415237.5545893,53.255
1780415237.560562,54.0
1780415237.5666919,54.0
1780415237.5725484,54.0
1780415237.5787244,54.0
1780415237.584492,54.0
1780415237.590052,54.0
1780415237.5956128,54.0
1780415237.6012752,54.0
1780415237.6069076,54.0
1780415237.6126447,53.255
1780415237.6182077,54.0
1780415237.6240942,53.255
1780415237.6296377,54.0
1780415237.6352406,53.255
1780415237.6410317,53.255
1780415237.6470377,53.255
1780415237.6528776,53.255
1780415237.6590192,53.255
1780415237.6650245,53.255
1780415237.6710472,53.255
1780415237.676975,53.255
1780415237.6830513,54.0
1780415237.6890407,53.255
1780415237.6950102,54.0
1780415237.7010138,54.0
1780415237.7070277,54.0
1780415237.7128808,53.255
1780415237.7189484,54.0
1780415237.7249186,53.255
1780415237.7309282,54.0
1780415237.7370493,53.255
1780415237.7429984,53.255
1780415237.7488704,53.255
1780415237.7550197,53.255
1780415237.761024,54.0
1780415237.7670307,54.0
1780415237.773024,54.0
1780415237.7790298,54.0
1780415237.7850113,54.0
1780415237.7909727,53.255
1780415237.796977,54.0
1780415237.8030624,53.255
1780415237.8089375,54.0
1780415237.8150575,54.0
1780415237.8208928,53.255
1780415237.8268938,54.0
1780415237.8330257,53.255
1780415237.8390133,54.0
1780415237.8449137,53.255
1780415237.8504577,53.255
1780415237.8562052,53.255
1780415237.8618803,54.0
1780415237.8677983,53.255
1780415237.8737922,54.0
1780415237.879663,54.0
1780415237.885303,53.255
1780415237.8908646,53.255
1780415237.8966708,54.0
1780415237.902482,54.0
1780415237.9081361,54.0
1780415237.9138086,54.0
1780415237.9193845,54.0
1780415237.9254074,53.255
1780415237.9313993,54.0
1780415237.937386,54.0
1780415237.9433808,53.255
1780415237.9493718,54.0
1780415237.955331,53.255
1780415237.9613488,54.0
1780415237.9673421,53.255
1780415237.973408,53.255
1780415237.9793108,53.255
1780415237.9854286,54.0
1780415237.9913003,53.255
1780415237.9973278,53.255
1780415238.0034394,53.255
1780415238.0093813,53.255
1780415238.015472,53.255
1780415238.0213969,54.0
1780415238.0273955,54.0
1780415238.0335588,53.255
1780415238.0393918,53.255
1780415238.0453734,53.255
1780415238.0513551,53.255
1780415238.0569308,54.0
1780415238.062265,54.0
1780415238.0681603,54.0
1780415238.074172,54.0
1780415238.0801854,54.0
1780415238.0861442,54.0
1780415238.092163,53.255
1780415238.0983193,54.0
1780415238.1041358,54.0
1780415238.1102302,54.0
1780415238.1162102,54.0
1780415238.1220784,53.255
1780415238.1276462,54.0
1780415238.1334045,54.0
1780415238.1390302,54.0
1780415238.1450245,53.255
1780415238.1510248,53.255
1780415238.1569037,54.0
1780415238.1629312,54.0
1780415238.1690302,54.0
1780415238.1750188,54.0
1780415238.1809442,54.0
1780415238.1864305,53.255
1780415238.192013,53.255
1780415238.1977482,54.0
1780415238.2033534,53.255
1780415238.2092364,54.0
1780415238.2148075,54.0
1780415238.2206073,53.255
1780415238.2264578,53.255
1780415238.2326055,54.0
1780415238.2386212,53.255
1780415238.2445827,54.0
1780415238.2505171,54.0
1780415238.2566218,54.0
1780415238.2625594,54.0
1780415238.2686427,53.255
1780415238.274564,53.255
1780415238.280666,53.255
1780415238.286503,53.255
1780415238.2925346,53.255
1780415238.2981148,54.0
1780415238.3040404,54.0
1780415238.3095727,53.255
1780415238.3153882,54.0
1780415238.3213127,53.255
1780415238.326828,53.255
1780415238.3323638,54.0
1780415238.338245,53.255
1780415238.3440866,53.255
1780415238.3501277,53.255
1780415238.3561957,53.255
1780415238.3623693,54.0
1780415238.368217,54.0
1780415238.3742774,53.255
1780415238.3801074,54.0
1780415238.3856952,53.255
1780415238.3913352,53.255
1780415238.397014,54.0
1780415238.4030185,53.255
1780415238.4090464,53.255
1780415238.4149663,54.0
1780415238.420897,54.0
1780415238.4263654,53.25
1780415238.4316304,54.018
1780415238.4370732,54.011
1780415238.4426208,54.012
1780415238.4479094,54.011
1780415238.4532452,54.012
1780415238.4587078,54.011
1780415238.4639952,54.012
1780415238.4692523,54.012
1780415238.4748323,54.012
1780415238.4802692,54.012
1780415238.4856124,54.01
1780415238.4910588,54.012
1780415238.496471,54.013
1780415238.5019073,54.012
1780415238.507217,54.01
1780415238.512661,54.01
1780415238.5180323,54.011
1780415238.5234857,54.012
1780415238.5288076,54.011
1780415238.5342927,54.011
1780415238.539621,54.01
1780415238.5450683,54.011
1780415238.55041,54.012
1780415238.5556715,54.011
1780415238.561297,54.009
1780415238.5667078,54.009
1780415238.5720217,54.01
1780415238.5774667,54.012
1780415238.582821,54.009
1780415238.5882678,54.009
1780415238.5936189,54.011
1780415238.5990708,54.01
1780415238.604415,54.011
1780415238.6098936,54.009
1780415238.615228,54.011
1780415238.6206746,54.01
1780415238.6260183,54.011
1780415238.6314728,54.011
1780415238.6368575,54.009
1780415238.642391,54.01
1780415238.6476722,54.011
1780415238.653101,54.01
1780415238.6583877,54.009
1780415238.6636558,54.009
1780415238.6692276,54.009
1780415238.674676,54.01
1780415238.6800406,54.01
1780415238.6855059,54.009
1780415238.6908371,54.008
1780415238.696282,54.009
1780415238.7016268,54.011
1780415238.7070699,54.009
1780415238.712427,54.008
1780415238.7178705,54.008
1780415238.7232184,54.009
1780415238.728465,54.01
1780415238.7339754,54.008
1780415238.7392395,54.008
1780415238.7448306,54.009
1780415238.7503452,53.246
1780415238.7562747,53.248
1780415238.761883,53.253
1780415238.7677925,53.253
1780415238.7736425,53.253
1780415238.7797608,53.253
1780415238.785804,53.252
1780415238.7917938,53.252
1780415238.7978017,53.253
1780415238.8036842,53.253
1780415238.8097515,53.253
1780415238.8157353,53.253
1780415238.8218293,53.253
1780415238.827682,53.253
1780415238.8333378,53.253
1780415238.8389664,53.253
1780415238.8445566,53.253
1780415238.8505561,53.252
1780415238.8565989,53.253
1780415238.8626199,53.252
1780415238.8685822,53.253
1780415238.87443,53.253
1780415238.8806012,53.253
1780415238.8865998,53.253
1780415238.8926911,53.253
1780415238.898503,53.253
1780415238.9040737,53.253
1780415238.9096875,53.253
1780415238.9152944,53.253
1780415238.9213173,53.253
1780415238.927305,53.253
1780415238.9334748,53.253
1780415238.9393027,53.253
1780415238.9452822,53.253
1780415238.9508684,53.252
1780415238.9563546,53.253
1780415238.9621818,53.253
1780415238.9681067,53.253
1780415238.974135,53.253
1780415238.9796705,53.253
1780415238.9853263,53.253
1780415238.9910326,53.253
1780415238.9969833,53.253
1780415239.0030096,53.253
1780415239.0090294,53.253
1780415239.0149333,53.253
1780415239.020957,53.253
1780415239.026982,53.253
1780415239.0329864,53.253
1780415239.0389376,53.253
1780415239.0449636,53.253
1780415239.0510106,53.253
1780415239.0570583,53.253
1780415239.0628152,53.253
1780415239.0689967,53.254
1780415239.0749686,53.253
1780415239.0808368,53.253
1780415239.0868835,53.253
1780415239.092503,53.253
1780415239.0981963,53.253
1780415239.1037445,53.253
1780415239.109758,53.253
1780415239.115768,53.253
1780415239.1217692,53.254
1780415239.127734,53.253
1780415239.1338334,53.253
1780415239.139749,53.253
1780415239.1457698,53.253
1780415239.1516695,53.253
1780415239.1578307,53.253
1780415239.1638436,53.253
1780415239.1696835,53.253
1780415239.1752923,53.253
1780415239.1809204,53.253
1780415239.1866615,53.253
1780415239.1926126,53.253
1780415239.1984963,53.254
1780415239.2040453,53.253
1780415239.2097204,53.254
1780415239.2153325,53.254
1780415239.2213323,53.254
1780415239.2274077,53.253
1780415239.2334542,53.253
1780415239.239368,53.254
1780415239.2453785,53.253
1780415239.251309,53.254
1780415239.2568073,53.253
1780415239.262422,53.253
1780415239.268142,53.254
1780415239.2742195,53.254
1780415239.2800596,53.253
1780415239.2863002,53.253
1780415239.2920802,53.253
1780415239.2982323,53.254
1780415239.3042026,53.254
1780415239.3100653,53.254
1780415239.3161514,53.254
1780415239.3221645,53.254
1780415239.3281646,53.254
1780415239.3340766,53.254
1780415239.340159,53.253
1780415239.346119,53.253
1780415239.3522701,53.254
1780415239.35811,53.254
1780415239.364169,53.254
1780415239.370176,53.254
1780415239.376127,53.254
1780415239.3821502,53.254
1780415239.3881817,53.254
1780415239.394351,53.254
1780415239.400144,53.254
1780415239.4056985,53.253
1780415239.4112585,53.253
1780415239.417057,53.254
1780415239.4228153,53.254
1780415239.4284842,53.254
1780415239.434098,53.254
1780415239.4396582,53.253
1780415239.445784,53.254
1780415239.4517975,53.254
1780415239.4577825,53.254
1780415239.463781,53.254
1780415239.4696927,53.254
1780415239.4752498,53.254
1780415239.4806938,53.254
1780415239.4866083,53.254
1780415239.49257,53.254
1780415239.4980328,53.254
1780415239.5036902,53.254
1780415239.5092068,53.254
1780415239.5148966,53.255
1780415239.5205424,53.254
1780415239.5260277,53.254
1780415239.5316522,53.254
1780415239.5372863,53.254
1780415239.5429525,53.253
1780415239.549007,53.254
1780415239.5550094,53.254
1780415239.5608437,53.254
1780415239.566922,53.254
1780415239.5729113,53.254
1780415239.578943,53.255
1780415239.5849712,53.254
1780415239.59098,53.254
1780415239.5970259,53.254
1780415239.6028845,53.254
1780415239.6088924,53.254
1780415239.6143687,53.254
1780415239.6199756,53.254
1780415239.6257534,53.255
1780415239.6318157,53.254
1780415239.6376023,53.254
1780415239.6431906,53.254
1780415239.648758,53.254
1780415239.6545694,53.254
1780415239.6605213,53.255
1780415239.6666157,53.254
1780415239.6724753,53.255
1780415239.67805,53.254
1780415239.6836412,53.254
1780415239.689389,53.254
1780415239.6953483,53.254
1780415239.7007704,53.254
1780415239.7062795,53.255
1780415239.7121427,53.254
1780415239.7181742,53.254
1780415239.7241013,53.254
1780415239.729669,53.254
1780415239.7352977,53.254
1780415239.740862,53.255
1780415239.7464623,53.254
1780415239.752085,53.254
1780415239.7576275,53.254
1780415239.7633083,53.254
1780415239.768954,53.254
1780415239.7745848,53.254
1780415239.7805634,53.254
1780415239.7865467,53.254
1780415239.7925932,53.254
1780415239.798458,53.254
1780415239.8045883,53.254
1780415239.8105412,53.254
1780415239.816663,53.254
1780415239.8225884,53.254
1780415239.828601,53.254
1780415239.834579,53.254
1780415239.8405578,53.254
1780415239.846612,53.255
1780415239.8526177,53.254
1780415239.8587737,53.254
1780415239.8645523,53.254
1780415239.8705149,53.254
1780415239.8766184,53.254
1780415239.8826158,53.254
1780415239.888567,53.254
1780415239.8946183,53.254
1780415239.9004676,53.254
1780415239.9064815,53.254
1780415239.912073,53.254
1780415239.917732,53.254
1780415239.923313,53.254
1780415239.92934,53.254
1780415239.9353628,53.254
1780415239.941311,53.255
1780415239.9472947,53.255
1780415239.953349,53.254
1780415239.9594183,53.254
1780415239.9653502,53.254
1780415239.971285,53.254
1780415239.9768946,53.254
1780415239.9825108,53.255
1780415239.9882355,53.254
1780415239.9941232,53.254
1780415240.0001874,53.255
1780415240.0061386,53.254
1780415240.0121963,53.254
1780415240.0182133,53.254
1780415240.0242014,53.254
1780415240.0300877,53.254
1780415240.035657,53.254
1780415240.0413039,53.254
1780415240.0470383,53.254
1780415240.0528595,53.254
1780415240.0590527,53.254
1780415240.0649576,53.254
1780415240.0708702,53.255
1780415240.0770404,53.254
1780415240.0830233,53.254
1780415240.0888155,53.254
1780415240.0950053,53.254
1780415240.1009512,53.255
1780415240.1069622,53.255
1780415240.1128268,53.255
1780415240.119029,53.254
1780415240.1249766,53.255
1780415240.1309416,53.254
1780415240.1369529,53.255
1780415240.1430194,53.255
1780415240.1490476,53.255
1780415240.1549087,53.254
1780415240.1608934,53.254
1780415240.1670175,53.254
1780415240.1729825,53.255
1780415240.1789448,53.255
1780415240.184949,53.254
1780415240.1910288,53.254
1780415240.1969159,53.254
1780415240.2024775,53.254
1780415240.2081451,53.254
1780415240.213769,53.254
1780415240.2196994,53.254
1780415240.225306,53.255
1780415240.230957,53.255
1780415240.2365155,53.254
1780415240.2420557,53.254
1780415240.2475953,53.254
1780415240.2533643,53.255
1780415240.259238,53.254
1780415240.2648754,53.255
1780415240.2704623,53.255
1780415240.2761958,53.255
1780415240.2822673,53.254
1780415240.288124,53.254
1780415240.2942755,53.255
1780415240.3000507,53.254
1780415240.3056238,53.255
1780415240.3109424,53.255
1780415240.317027,53.254
1780415240.32284,53.254
1780415240.3284893,53.255
1780415240.3340967,53.254
1780415240.3397253,53.254
1780415240.3457935,53.255
1780415240.3518238,53.254
1780415240.3577373,53.255
1780415240.3637493,53.255
1780415240.3697243,53.255
1780415240.3758123,53.255
1780415240.3818111,53.255
1780415240.387774,53.255
1780415240.3937702,53.255
1780415240.3998325,53.255
1780415240.4057255,53.254
1780415240.4117687,53.254
1780415240.4180245,53.254
1780415240.423776,53.255
1780415240.4296942,53.255
1780415240.4352038,53.255
1780415240.4407322,53.254
1780415240.4465911,53.255
1780415240.452526,53.255
1780415240.458575,53.255
1780415240.4645643,53.255
1780415240.4705718,53.255
1780415240.476437,53.255
1780415240.4819558,53.255
1780415240.4876258,53.255
1780415240.4932957,53.254
1780415240.49948,53.255
1780415240.505288,53.254
1780415240.5114968,53.255
1780415240.5173478,53.254
1780415240.5233939,53.254
1780415240.5292652,53.255
1780415240.5348861,53.255
1780415240.5404673,53.255
1780415240.546242,53.255
1780415240.5520313,53.255
1780415240.557682,53.255
1780415240.5633144,53.255
1780415240.5689285,53.255
1780415240.575036,53.255
1780415240.5809517,53.255
1780415240.587052,53.254
1780415240.5928254,53.255
1780415240.5984702,53.255
1780415240.6040454,53.255
1780415240.6098123,53.255
1780415240.615735,53.255
1780415240.621762,53.255
1780415240.627749,53.255
1780415240.6336799,53.255
1780415240.639652,53.254
1780415240.6458118,53.255
1780415240.6517973,53.255
1780415240.6577027,53.255
1780415240.6637342,53.255
1780415240.6697936,53.255
1780415240.6757967,53.255
1780415240.6817682,53.254
1780415240.687872,53.255
1780415240.6937132,53.255
1780415240.699678,53.255
1780415240.705743,53.255
1780415240.7118044,53.255
1780415240.7178068,53.255
1780415240.7237027,53.255
1780415240.729172,53.255
1780415240.7346883,54.0
1780415240.740619,54.0
1780415240.746546,53.255
1780415240.7525952,53.255
1780415240.7584991,53.255
1780415240.764496,53.255
1780415240.7700548,53.254
1780415240.7756627,53.255
1780415240.7813437,53.255
1780415240.7873988,53.255
1780415240.7934494,53.255
1780415240.7993312,53.255
1780415240.804865,53.255
1780415240.8103979,53.255
1780415240.8161566,53.255
1780415240.8220587,53.255
1780415240.8276846,53.255
1780415240.8332958,53.255
1780415240.8389657,53.255
1780415240.844812,53.255
1780415240.8510287,53.255
1780415240.8570318,53.255
1780415240.862966,53.255
1780415240.868895,53.255
1780415240.8749743,53.255
1780415240.881037,53.255
1780415240.886906,53.255
1780415240.8929832,53.255
1780415240.898996,53.255
1780415240.9049737,53.255
1780415240.910965,53.255
1780415240.9169984,53.255
1780415240.922946,53.255
1780415240.9289417,53.255
1780415240.9348607,54.0
1780415240.940353,54.0
1780415240.9459968,53.255
1780415240.9517133,53.255
1780415240.9578714,53.255
1780415240.9636834,53.255
1780415240.9696453,53.255
1780415240.9757783,53.255
1780415240.9817965,53.255
1780415240.9876692,53.255
1780415240.993264,53.255
1780415240.9988403,53.255
1780415241.004566,53.255
1780415241.010423,53.255
1780415241.0160828,53.255
1780415241.0217655,53.255
1780415241.0272746,53.255
1780415241.0328453,53.255
1780415241.038541,53.255
1780415241.0442638,53.255
1780415241.0501168,53.255
1780415241.0561674,53.255
1780415241.062168,53.255
1780415241.0680747,53.255
1780415241.074126,54.0
1780415241.079667,53.255
1780415241.08539,53.255
1780415241.0910096,54.0
1780415241.0970235,53.255
1780415241.1029496,53.255
1780415241.1089075,53.255
1780415241.1150286,53.255
1780415241.12104,53.255
1780415241.1268468,53.255
1780415241.1330526,54.0
1780415241.1390123,54.0
1780415241.1449466,54.0
1780415241.1509817,53.255
1780415241.1569657,53.255
1780415241.1628916,53.255
1780415241.1688766,53.254
1780415241.1749778,53.255
1780415241.1810246,53.255
1780415241.1869864,53.255
1780415241.1929698,53.255
1780415241.1990244,53.255
1780415241.205001,54.0
1780415241.2109585,53.255
1780415241.2170067,53.255
1780415241.222912,53.255
1780415241.2288926,53.255
1780415241.2344708,53.255
1780415241.240043,54.0
1780415241.2458308,53.255
1780415241.2517571,53.255
1780415241.2577968,53.255
1780415241.2637112,54.0
1780415241.2692502,53.255
1780415241.274796,54.0
1780415241.2807267,53.255
1780415241.2864778,53.255
1780415241.2920592,53.255
1780415241.2976544,53.255
1780415241.3033817,53.255
1780415241.3092918,53.255
1780415241.3149166,53.255
1780415241.3205717,53.255
1780415241.3261325,53.255
1780415241.3316913,53.255
1780415241.3373241,54.0
1780415241.342981,53.255
1780415241.3489408,53.255
1780415241.3549533,53.255
1780415241.3609483,54.0
1780415241.3669755,53.255
1780415241.3729515,53.255
1780415241.379002,53.255
1780415241.3849223,54.0
1780415241.3909261,53.255
1780415241.396977,53.255
1780415241.4029944,54.0
1780415241.4090161,53.255
1780415241.4149947,53.255
1780415241.420963,53.255
1780415241.4269388,53.255
1780415241.4328732,53.255
1780415241.4389145,54.0
1780415241.445028,53.255
1780415241.450937,53.255
1780415241.4564853,53.255
1780415241.4621024,53.255
1780415241.467763,53.255
1780415241.4737432,54.0
1780415241.4798408,53.255
1780415241.4857736,53.255
1780415241.491644,54.0
1780415241.4972441,53.255
1780415241.5029163,54.0
1780415241.5086257,54.0
1780415241.514573,53.255
1780415241.5206504,53.255
1780415241.5264568,53.255
1780415241.5320086,53.255
1780415241.5374048,54.0
1780415241.5434139,54.0
1780415241.5493727,54.0
1780415241.5553653,53.255
1780415241.5614147,53.255
1780415241.567367,53.255
1780415241.5732884,53.255
1780415241.5788937,53.255
1780415241.5845964,53.255
1780415241.5901372,53.255
1780415241.5956938,53.255
1780415241.6012876,53.255
1780415241.6069412,54.0
1780415241.6128988,53.255
1780415241.618492,53.255
1780415241.624156,53.255
1780415241.629685,53.255
1780415241.6357508,54.0
1780415241.641775,53.255
1780415241.6477883,53.255
1780415241.6536634,53.255
1780415241.6597788,53.255
1780415241.665677,54.0
1780415241.6718776,54.0
1780415241.6777618,53.255
1780415241.6838434,54.0
1780415241.689692,53.255
1780415241.6957154,53.255
1780415241.7017558,54.0
1780415241.7078087,54.0
1780415241.713718,54.0
1780415241.7192914,53.255
1780415241.7249405,54.0
1780415241.7305982,54.0
1780415241.7364912,54.0
1780415241.742117,53.255
1780415241.747794,54.0
1780415241.7533855,54.0
1780415241.7593632,54.0
1780415241.7654877,53.255
1780415241.7712674,53.255
1780415241.7774367,53.255
1780415241.7833772,53.255
1780415241.7892997,53.255
1780415241.7948477,54.0
1780415241.800558,54.0
1780415241.806175,53.255
1780415241.812138,53.255
1780415241.8176875,53.255
1780415241.8233857,53.255
1780415241.8288422,53.255
1780415241.8344934,54.0
1780415241.8400993,53.255
1780415241.8457758,54.0
1780415241.8516817,54.0
1780415241.8571942,53.255
1780415241.8627222,53.255
1780415241.8684933,54.0
1780415241.8746517,54.0
1780415241.8806157,53.255
1780415241.8864958,53.255
1780415241.8925786,53.255
1780415241.898466,53.255
1780415241.9046907,53.255
1780415241.9105694,53.255
1780415241.9165704,54.0
1780415241.922501,53.255
1780415241.9285378,53.255
1780415241.9345293,54.0
1780415241.9406533,54.0
1780415241.9465299,53.255
1780415241.9525998,53.255
1780415241.9584577,53.255
1780415241.9644468,53.255
1780415241.9700642,54.0
1780415241.9758027,53.255
1780415241.9813516,54.0
1780415241.987394,53.255
1780415241.993387,54.0
1780415241.9993045,53.255
1780415242.0054023,54.0
1780415242.0114214,53.255
1780415242.017227,53.255
1780415242.0233002,54.0
1780415242.0288692,54.0
1780415242.0345285,54.0
1780415242.0401444,53.255
1780415242.0461977,53.255
1780415242.052177,54.0
1780415242.0580592,54.0
1780415242.0636454,54.0
1780415242.0690482,54.0
1780415242.0749846,54.0
1780415242.0809329,53.255
1780415242.0870438,53.255
1780415242.0928912,54.0
1780415242.0984266,53.255
1780415242.104019,54.0
1780415242.1096258,54.0
1780415242.1152744,53.255
1780415242.1209602,54.0
1780415242.126482,53.255
1780415242.1320477,53.255
1780415242.1375813,54.0
1780415242.1433961,54.0
1780415242.1493425,54.0
1780415242.15536,53.255
1780415242.1612954,53.255
1780415242.1673217,54.0
1780415242.1733189,54.0
1780415242.1794453,54.0
1780415242.1853135,54.0
1780415242.191337,54.0
1780415242.1972938,54.0
1780415242.2028546,53.255
1780415242.208435,53.255
1780415242.2141669,53.255
1780415242.2201796,54.0
1780415242.226168,53.255
1780415242.232155,53.255
1780415242.2377243,53.255
1780415242.243645,53.255
1780415242.2491558,53.255
1780415242.2549715,53.255
1780415242.2608635,53.255
1780415242.2668588,53.255
1780415242.2730186,54.0
1780415242.2790155,54.0
1780415242.2849324,53.255
1780415242.290488,53.255
1780415242.2961812,54.0
1780415242.3018854,54.0
1780415242.3077195,53.255
1780415242.313263,53.255
1780415242.318996,53.255
1780415242.324526,53.255
1780415242.3306024,53.255
1780415242.3366454,54.0
1780415242.3425581,53.255
1780415242.348575,54.0
1780415242.3546038,53.255
1780415242.3605738,54.0
1780415242.3666058,54.0
1780415242.3725967,53.255
1780415242.3786514,53.255
1780415242.3844912,53.255
1780415242.3899958,53.255
1780415242.3955092,54.0
1780415242.4015243,54.0
1780415242.4073498,54.0
1780415242.41336,53.255
1780415242.419269,54.0
1780415242.4253063,53.255
1780415242.4313452,53.255
1780415242.4374,53.255
1780415242.4433396,54.0
1780415242.4494135,54.0
1780415242.455349,54.0
1780415242.461321,54.0
1780415242.4673676,54.0
1780415242.473451,53.255
1780415242.4792845,53.255
1780415242.4852984,54.0
1780415242.4914072,54.0
1780415242.4973388,53.254
1780415242.5033946,54.0
1780415242.5094128,54.0
1780415242.51535,53.255
1780415242.5213084,54.0
1780415242.5268307,53.255
1780415242.5323431,53.255
1780415242.538079,53.255
1780415242.544189,53.255
1780415242.5502264,53.255
1780415242.5561473,54.0
1780415242.562216,54.0
1780415242.5682144,54.0
1780415242.5741637,54.0
1780415242.5801902,53.255
1780415242.586195,53.255
1780415242.5921237,54.0
1780415242.5976598,53.255
1780415242.603221,53.255
1780415242.609041,53.255
1780415242.6149151,54.0
1780415242.6204708,54.0
1780415242.6261735,54.0
1780415242.6317055,53.255
1780415242.6377964,54.0
1780415242.6438153,54.0
1780415242.6497731,54.0
1780415242.655744,53.255
1780415242.6617584,54.0
1780415242.6677718,54.0
1780415242.6737268,54.0
1780415242.679782,53.255
1780415242.6857636,54.0
1780415242.6916966,53.255
1780415242.6976888,53.255
1780415242.7038665,54.0
1780415242.7096655,53.255
1780415242.7157795,54.0
1780415242.7218115,54.0
1780415242.72766,54.0
1780415242.733788,54.0
1780415242.739803,53.255
1780415242.7456384,53.255
1780415242.7518172,53.255
1780415242.7577436,54.0
1780415242.7637575,53.254
1780415242.7697759,54.0
1780415242.7758138,54.0
1780415242.7818282,54.0
1780415242.787732,54.0
1780415242.7938194,54.0
1780415242.7997673,54.0
1780415242.8057241,54.0
1780415242.811271,54.0
1780415242.8168976,54.0
1780415242.8225162,54.0
1780415242.8286095,54.0
1780415242.8346193,54.0
1780415242.840588,53.255
1780415242.8465707,54.0
1780415242.8525972,53.255
1780415242.8585167,53.255
1780415242.8645804,53.255
1780415242.8706381,53.255
1780415242.876584,53.255
1780415242.882541,54.0
1780415242.8886495,54.0
1780415242.8945174,54.0
1780415242.9005609,54.0
1780415242.9066179,54.0
1780415242.912445,54.0
1780415242.9185724,53.255
1780415242.924659,53.255
1780415242.9305632,53.255
1780415242.9366117,54.0
1780415242.9425714,54.0
1780415242.9485254,54.0
1780415242.9545794,54.0
1780415242.9605987,53.255
1780415242.9663808,54.006
1780415242.9716072,54.014
1780415242.9772189,54.012
1780415242.982662,54.01
1780415242.9880052,54.011
1780415242.993264,54.012
1780415242.9988127,54.012
1780415243.0042644,54.011
1780415243.0095682,54.011
1780415243.0148356,54.012
1780415243.0204194,54.013
1780415243.0258641,54.011
1780415243.0312138,54.009
1780415243.0366652,54.01
1780415243.0420165,54.011
1780415243.0474658,54.013
1780415243.0528102,54.01
1780415243.0582583,54.009
1780415243.0636132,54.012
1780415243.0690727,54.01
1780415243.074411,54.008
1780415243.0798538,54.01
1780415243.0851736,54.011
1780415243.0904617,54.012
1780415243.0959847,54.011
1780415243.1012692,54.011
1780415243.1068199,54.009
1780415243.1122637,54.01
1780415243.1175785,54.011
1780415243.1228428,54.011
1780415243.1284277,54.009
1780415243.1338599,54.009
1780415243.1392248,54.01
1780415243.144661,54.011
1780415243.150019,54.009
1780415243.1554573,54.008
1780415243.1608298,54.01
1780415243.16627,54.01
1780415243.171614,54.011
1780415243.1770556,54.009
1780415243.1824198,54.01
1780415243.187867,54.01
1780415243.1932158,54.011
1780415243.1986594,54.011
1780415243.2040281,54.009
1780415243.2095835,54.01
1780415243.214863,54.01
1780415243.220296,54.009
1780415243.225572,54.009
1780415243.2308395,54.008
1780415243.2364254,54.009
1780415243.2418768,54.011
1780415243.247221,54.009
1780415243.2526922,54.009
1780415243.258008,54.008
1780415243.2634513,54.009
1780415243.2688131,54.011
1780415243.2742574,54.009
1780415243.2796094,54.008
1780415243.2850661,54.008
1780415243.2906685,53.246
1780415243.2966108,53.249
1780415243.3025255,53.253
1780415243.3086226,53.253
1780415243.31456,53.253
1780415243.320501,53.253
1780415243.3260565,53.252
1780415243.331691,53.253
1780415243.3373227,53.252
1780415243.3433015,53.253
1780415243.3494158,53.253
1780415243.3553343,53.253
1780415243.3614411,53.253
1780415243.367359,53.253
1780415243.3733208,53.253
1780415243.3793175,53.253
1780415243.3853283,53.253
1780415243.3908696,53.252
1780415243.3963733,53.253
1780415243.4022048,53.253
1780415243.4082448,53.253
1780415243.4140792,53.253
1780415243.4202595,53.253
1780415243.4262133,53.253
1780415243.4322307,53.253
1780415243.4381773,53.253
1780415243.4442012,53.253
1780415243.4502034,53.253
1780415243.456124,53.252
1780415243.4620638,53.253
1780415243.4682317,53.253
1780415243.4740932,53.253
1780415243.4800463,53.253
1780415243.486085,53.253
1780415243.4921463,53.253
1780415243.4982386,53.253
1780415243.5042121,53.253
1780415243.5101142,53.253
1780415243.516173,53.253
1780415243.52215,53.253
1780415243.5282695,53.253
1780415243.534129,53.253
1780415243.5402257,53.253
1780415243.5461855,53.253
1780415243.5521314,53.253
1780415243.5581152,53.253
1780415243.5641558,53.253
1780415243.5701644,53.253
1780415243.5760849,53.253
1780415243.5820653,53.253
1780415243.5876637,53.253
1780415243.5932336,53.253
1780415243.599037,53.253
1780415243.6048765,53.253
1780415243.610432,53.253
1780415243.6161458,53.253
1780415243.6217403,53.253
1780415243.6276944,53.253
1780415243.6338487,53.253
1780415243.6398284,53.253
1780415243.6457024,53.253
1780415243.651265,53.253
1780415243.6570337,53.254
1780415243.662899,53.254
1780415243.668614,53.253
1780415243.6745484,53.253
1780415243.680599,53.253
1780415243.686583,53.253
1780415243.6926372,53.253
1780415243.69852,53.253
1780415243.7040732,53.254
1780415243.7097027,53.253
1780415243.7152789,53.253
1780415243.720872,53.253
1780415243.7263148,53.253
1780415243.7322106,53.253
1780415243.738176,53.254
1780415243.744057,53.253
1780415243.7495887,53.253
1780415243.7552302,53.254
1780415243.761073,53.253
1780415243.7669497,53.254
1780415243.7729821,53.253
1780415243.778978,53.254
1780415243.784947,53.253
1780415243.7909753,53.253
1780415243.797036,53.253
1780415243.8030045,53.254
1780415243.8089862,53.254
1780415243.8149555,53.253
1780415243.8210232,53.254
1780415243.8270333,53.254
1780415243.8329418,53.254
1780415243.8390021,53.254
1780415243.8449824,53.254
1780415243.8509774,53.253
1780415243.8568785,53.254
1780415243.8624723,53.253
1780415243.8690302,53.253
1780415243.8749123,53.254
1780415243.8809524,53.254
1780415243.8869715,53.254
1780415243.8930447,53.254
1780415243.8988056,53.254
1780415243.904468,53.254
1780415243.9100523,53.253
1780415243.9157126,53.254
1780415243.9211504,53.254
1780415243.9267514,53.254
1780415243.932502,53.253
1780415243.9385571,53.254
1780415243.944587,53.254
1780415243.950503,53.253
1780415243.9565227,53.254
1780415243.9625819,53.254
1780415243.9685044,53.254
1780415243.974077,53.254
1780415243.979673,53.254
1780415243.9853542,53.254
1780415243.9914572,53.254
1780415243.997281,53.254
1780415244.0033834,53.254
1780415244.0092852,53.254
1780415244.0153646,53.253
1780415244.0214128,53.254
1780415244.027401,53.254
1780415244.0333805,53.254
1780415244.0392666,53.254
1780415244.0453699,53.254
1780415244.051386,53.254
1780415244.057471,53.254
1780415244.0632832,53.254
1780415244.069396,53.255
1780415244.0752397,53.254
1780415244.0808406,53.254
1780415244.0862706,53.254
1780415244.0922098,53.254
1780415244.0981078,53.254
1780415244.103675,53.254
1780415244.1092815,53.254
1780415244.1149082,53.253
1780415244.1208403,53.254
1780415244.1270194,53.254
1780415244.133041,53.254
1780415244.13887,53.254
1780415244.144484,53.254
1780415244.1501122,53.254
1780415244.1558511,53.254
1780415244.1618476,53.254
1780415244.1676908,53.254
1780415244.1738944,53.254
1780415244.1797786,53.254
1780415244.1857924,53.254
1780415244.191684,53.254
1780415244.1978443,53.254
1780415244.2037532,53.254
1780415244.2096486,53.254
1780415244.2152398,53.254
1780415244.2208529,53.254
1780415244.2265625,53.254
1780415244.2324495,53.254
1780415244.2380342,53.254
1780415244.2437031,53.254
1780415244.2492568,53.254
1780415244.2553208,53.254
1780415244.2614248,53.254
1780415244.2673464,53.254
1780415244.273297,53.254
1780415244.2792816,53.254
1780415244.284894,53.254
1780415244.2905855,53.254
1780415244.296164,53.254
1780415244.3020954,53.254
1780415244.3081615,53.254
1780415244.3141036,53.254
1780415244.32003,53.254
1780415244.3261666,53.254
1780415244.3321805,53.254
1780415244.3380344,53.254
1780415244.3436713,53.254
1780415244.3493562,53.255
1780415244.3550577,53.254
1780415244.361017,53.254
1780415244.366909,53.254
1780415244.3730352,53.254
1780415244.3789864,53.253
1780415244.3850467,53.254
1780415244.3909419,53.254
1780415244.3970363,53.254
1780415244.4029841,53.254
1780415244.4088798,53.254
1780415244.4144888,53.254
1780415244.4200163,53.254
1780415244.4257984,53.254
1780415244.4317424,53.254
1780415244.4372864,53.254
1780415244.4429991,53.255
1780415244.4486961,53.255
1780415244.4545395,53.255
1780415244.460667,53.254
1780415244.4665484,53.254
1780415244.4724975,53.255
1780415244.4780478,53.254
1780415244.4836037,53.254
1780415244.4894142,53.254
1780415244.4952686,53.254
1780415244.5008726,53.254
1780415244.5064802,53.254
1780415244.5121346,53.254
1780415244.5182612,53.254
1780415244.5241559,53.254
1780415244.5301607,53.254
1780415244.5360427,53.254
1780415244.5421975,53.255
1780415244.5480454,53.255
1780415244.5542448,53.254
1780415244.5600157,53.255
1780415244.566201,53.254
1780415244.5721211,53.254
1780415244.578124,53.254
1780415244.584012,53.255
1780415244.5901823,53.254
1780415244.5961761,53.254
1780415244.6020663,53.254
1780415244.6081116,53.255
1780415244.6140366,53.255
1780415244.6195529,53.254
1780415244.6251495,53.254
1780415244.6308928,53.255
1780415244.6370256,53.254
1780415244.6429405,53.254
1780415244.6490378,53.254
1780415244.654896,53.254
1780415244.6604204,53.255
1780415244.666178,53.254
1780415244.67167,53.254
1780415244.677244,53.254
1780415244.6827457,53.254
1780415244.6885562,53.254
1780415244.694535,53.254
1780415244.7000632,53.254
1780415244.7056916,53.254
1780415244.7113361,53.255
1780415244.7172968,53.255
1780415244.723403,53.254
1780415244.7293978,53.255
1780415244.7353086,53.254
1780415244.7408683,53.255
1780415244.746174,53.255
1780415244.7522848,53.255
1780415244.7580485,53.254
1780415244.7637186,53.255
1780415244.7693326,53.255
1780415244.7748876,53.254
1780415244.7809331,53.255
1780415244.7870271,53.255
1780415244.7928526,53.255
1780415244.7989128,53.254
1780415244.8049264,53.255
1780415244.8109682,53.255
1780415244.8169086,53.255
1780415244.8230202,53.255
1780415244.8289063,53.255
1780415244.834927,53.254
1780415244.840953,53.255
1780415244.8468904,53.255
1780415244.8530126,53.254
1780415244.8589783,53.255
1780415244.8648765,53.255
1780415244.8703792,53.255
1780415244.8759446,53.254
1780415244.881715,54.0
1780415244.8872354,53.255
1780415244.892929,53.255
1780415244.8984807,53.255
1780415244.9045854,53.255
1780415244.9104645,53.255
1780415244.9165003,53.255
1780415244.922002,54.0
1780415244.9275827,53.255
1780415244.9332848,53.255
1780415244.9387798,53.255
1780415244.944245,53.254
1780415244.9500468,53.255
1780415244.9555666,53.255
1780415244.9611123,53.255
1780415244.9669173,53.255
1780415244.9730237,53.255
1780415244.9789248,53.255
1780415244.9849706,53.255
1780415244.991003,53.255
1780415244.996879,53.255
1780415245.0023828,53.255
1780415245.0079355,54.0
1780415245.0137677,53.255
1780415245.019776,53.255
1780415245.0257664,53.255
1780415245.0317347,53.255
1780415245.0378277,53.255
1780415245.0436893,53.254
1780415245.0498857,53.255
1780415245.0557408,53.255
1780415245.0618212,53.255
1780415245.0676346,53.255
1780415245.0732758,53.255
1780415245.0789413,53.255
1780415245.0845358,53.255
1780415245.0905275,53.255
1780415245.0965695,53.255
1780415245.102443,53.254
1780415245.1080537,53.255
1780415245.11374,53.255
1780415245.1194463,53.255
1780415245.1252382,53.255
1780415245.1309195,53.254
1780415245.1365023,53.255
1780415245.1420789,53.255
1780415245.14803,53.255
1780415245.1541474,53.255
1780415245.1602561,53.254
1780415245.1660337,53.255
1780415245.17166,53.255
1780415245.1772106,53.254
1780415245.183027,53.255
1780415245.1888232,53.255
1780415245.1944714,53.255
1780415245.2001026,53.255
1780415245.2056475,53.255
1780415245.2112455,53.255
1780415245.216761,53.255
1780415245.22259,53.255
1780415245.2285414,53.255
1780415245.2345586,53.255
1780415245.2406373,53.255
1780415245.2465718,53.255
1780415245.2524662,53.255
1780415245.2580526,53.255
1780415245.2637215,53.255
1780415245.269292,53.255
1780415245.2748282,53.255
1780415245.2801938,53.255
1780415245.2862594,53.255
1780415245.2920525,53.255
1780415245.2976806,53.255
1780415245.3032734,53.255
1780415245.3089206,53.254
1780415245.3148804,53.255
1780415245.3210237,53.255
1780415245.3269818,53.255
1780415245.3329647,53.255
1780415245.338962,53.255
1780415245.34495,54.0
1780415245.3510544,53.255
1780415245.356883,53.255
1780415245.3630397,53.255
1780415245.3688474,53.255
1780415245.374395,53.255
1780415245.3797548,53.255
1780415245.385779,53.255
1780415245.3917472,53.255
1780415245.3977203,53.255
1780415245.4032252,53.255
1780415245.4087667,53.255
1780415245.4144447,53.255
1780415245.4200659,53.255
1780415245.4257867,53.255
1780415245.4313004,53.255
1780415245.4372737,53.255
1780415245.4428532,53.255
1780415245.4484947,53.255
1780415245.4541037,53.255
1780415245.460193,53.255
1780415245.4662516,53.255
1780415245.472121,53.255
1780415245.478239,54.0
1780415245.4842257,53.255
1780415245.490219,53.255
1780415245.4961555,53.255
1780415245.501703,53.255
1780415245.507282,54.0
1780415245.5129468,54.0
1780415245.5188932,53.255
1780415245.524691,53.255
1780415245.530422,53.255
1780415245.53598,53.255
1780415245.5416975,53.254
1780415245.547289,53.255
1780415245.5530362,53.255
1780415245.5585608,53.255
1780415245.5644834,53.255
1780415245.570569,53.255
1780415245.576498,53.255
1780415245.5825808,53.255
1780415245.5885704,53.255
1780415245.5945501,53.255
1780415245.6004717,53.255
1780415245.6064816,53.255
1780415245.6119587,53.255
1780415245.6175482,53.255
1780415245.6233296,53.255
1780415245.629364,53.255
1780415245.6352751,53.255
1780415245.6412404,53.254
1780415245.6473365,54.0
1780415245.6534414,53.255
1780415245.6592941,53.255
1780415245.6653152,53.255
1780415245.6713603,54.0
1780415245.6774182,54.0
1780415245.6833649,53.255
1780415245.689385,53.255
1780415245.6954265,53.255
1780415245.7012813,53.255
1780415245.7068455,53.254
1780415245.7123952,53.255
1780415245.7182493,53.255
1780415245.7241075,53.255
1780415245.730288,53.255
1780415245.7360466,53.255
1780415245.7416463,53.255
1780415245.7471578,53.255
1780415245.752976,53.255
1780415245.7590246,53.255
1780415245.7648823,53.255
1780415245.770474,53.255
1780415245.776123,53.255
1780415245.7817767,53.255
1780415245.7877789,54.0
1780415245.7938192,53.255
1780415245.7997012,53.255
1780415245.8052614,54.0
1780415245.8106081,54.0
1780415245.8165894,53.255
1780415245.8225372,53.255
1780415245.8285654,53.255
1780415245.8345168,53.255
1780415245.8405101,53.255
1780415245.846545,53.255
1780415245.8526037,53.255
1780415245.8584104,53.255
1780415245.8644965,53.255
1780415245.870552,54.0
1780415245.8765862,54.0
1780415245.882469,53.255
1780415245.8886409,53.255
1780415245.894566,53.255
1780415245.9004986,53.255
1780415245.9060276,53.254
1780415245.9114861,53.255
1780415245.9174056,53.255
1780415245.9233396,53.255
1780415245.9288893,54.0
1780415245.9345706,53.255
1780415245.940209,53.255
1780415245.946127,53.255
1780415245.9521437,53.255
1780415245.9581892,53.255
1780415245.96408,53.255
1780415245.969645,54.0
1780415245.97531,53.255
1780415245.9809387,53.255
1780415245.98697,53.255
1780415245.9929674,53.255
1780415245.9989374,53.255
1780415246.0044568,54.0
1780415246.0097878,54.0
1780415246.0158107,54.0
1780415246.0216992,54.0
1780415246.027299,54.0
1780415246.0329373,54.0
1780415246.0385695,53.255
1780415246.0445597,54.0
1780415246.0500762,53.255
1780415246.055821,53.255
1780415246.0613544,53.255
1780415246.0673196,54.0
1780415246.0733795,53.255
1780415246.079273,53.255
1780415246.085396,53.255
1780415246.0912697,53.255
1780415246.097361,54.0
1780415246.1033912,54.0
1780415246.1093752,54.0
1780415246.1153352,54.0
1780415246.1213803,53.255
1780415246.127293,53.255
1780415246.133283,54.0
1780415246.139326,53.255
1780415246.1453488,53.255
1780415246.1512668,53.255
1780415246.1567647,53.255
1780415246.1623118,54.0
1780415246.1681545,53.255
1780415246.174191,53.255
1780415246.1803205,54.0
1780415246.1861415,54.0
1780415246.1921537,53.255
1780415246.1980574,54.0
1780415246.204201,54.0
1780415246.2101035,54.0
1780415246.2161956,53.255
1780415246.2221735,53.255
1780415246.22812,53.255
1780415246.2336116,53.255
1780415246.2392755,54.0
1780415246.2450237,54.0
1780415246.2509537,53.255
1780415246.256434,53.255
1780415246.262174,53.255
1780415246.2676857,54.0
1780415246.273224,53.255
1780415246.2787988,54.0
1780415246.2846014,53.255
1780415246.2905629,54.0
1780415246.296574,54.0
1780415246.3025064,53.255
1780415246.3080437,53.255
1780415246.313585,54.0
1780415246.3193636,53.255
1780415246.3252785,53.255
1780415246.3308334,53.255
1780415246.3364637,54.0
1780415246.342019,53.255
1780415246.348127,54.0
1780415246.354198,54.0
1780415246.3600826,54.0
1780415246.3661973,53.255
1780415246.372058,54.0
1780415246.378257,54.0
1780415246.3841972,53.255
1780415246.3901699,54.0
1780415246.396146,53.255
1780415246.402123,53.255
1780415246.4081478,53.255
1780415246.4140933,53.255
1780415246.4202669,53.255
1780415246.4261496,53.255
1780415246.4321651,54.0
1780415246.4381802,54.0
1780415246.4441419,54.0
1780415246.4502099,53.255
1780415246.4561214,53.255
1780415246.462251,54.0
1780415246.4680889,54.0
1780415246.4736612,53.255
1780415246.4791737,54.0
1780415246.4849958,54.0
1780415246.4909384,53.255
1780415246.4964883,53.255
1780415246.5021358,53.255
1780415246.507773,53.255
1780415246.513798,54.0
1780415246.5197716,53.255
1780415246.5257726,53.255
1780415246.5316827,54.0
1780415246.5372415,53.255
1780415246.5429003,54.0
1780415246.5485644,53.255
1780415246.5545416,53.255
1780415246.560587,53.255
1780415246.5664978,53.255
1780415246.5720584,54.0
1780415246.5774283,54.0
1780415246.583356,54.0
1780415246.5893652,53.255
1780415246.5948286,53.255
1780415246.6005049,53.255
1780415246.6060812,53.254
1780415246.6122124,54.0
1780415246.6182137,53.255
1780415246.6240218,53.255
1780415246.6301088,53.255
1780415246.6362097,53.255
1780415246.6420658,54.0
1780415246.6481402,53.255
1780415246.6541734,53.255
1780415246.6602511,53.255
1780415246.6660507,53.255
1780415246.6720674,54.0
1780415246.677546,54.0
1780415246.6831365,54.0
1780415246.6889777,53.255
1780415246.694969,53.255
1780415246.7009366,54.0
1780415246.7068977,53.255
1780415246.7124987,53.255
1780415246.7184234,53.255
1780415246.72394,53.255
1780415246.7297208,54.0
1780415246.7358444,53.255
1780415246.7417285,53.255
1780415246.7476835,54.0
1780415246.75323,54.0
1780415246.7589996,53.255
1780415246.764527,54.0
1780415246.7706118,54.0
1780415246.7766333,54.0
1780415246.782478,53.255
1780415246.7880614,53.255
1780415246.793729,53.255
1780415246.799296,54.0
1780415246.8048844,53.255
1780415246.810226,54.0
1780415246.8161864,54.0
1780415246.8221686,54.0
1780415246.828214,54.0
1780415246.8341491,54.0
1780415246.8401806,53.255
1780415246.8461165,53.255
1780415246.8522658,53.255
1780415246.8580475,54.0
1780415246.8636622,54.0
1780415246.8692858,53.255
1780415246.8749495,53.255
1780415246.880925,53.255
1780415246.8870041,54.0
1780415246.8930268,54.0
1780415246.8988848,53.255
1780415246.90486,54.0
1780415246.9110503,53.255
1780415246.9169369,53.255
1780415246.923,53.255
1780415246.9290051,54.0
1780415246.9349158,54.0
1780415246.9410126,54.0
1780415246.9469986,54.0
1780415246.953035,53.255
1780415246.9588842,53.255
1780415246.9643786,53.255
1780415246.9698873,54.0
1780415246.975662,54.0
1780415246.981838,54.0
1780415246.98775,54.0
1780415246.9937441,53.255
1780415246.9997861,54.0
1780415247.005769,53.255
1780415247.0118446,54.0
1780415247.0177596,53.255
1780415247.0237641,54.0
1780415247.0296671,53.255
1780415247.035217,54.0
1780415247.040886,54.0
1780415247.046605,54.0
1780415247.0525355,54.0
1780415247.0580194,54.0
1780415247.0636952,54.0
1780415247.0692413,54.0
1780415247.0748382,54.0
1780415247.0805373,53.255
1780415247.0861354,53.255
1780415247.0921881,53.255
1780415247.09804,54.0
1780415247.1036656,53.255
1780415247.1092849,54.0
1780415247.1150315,53.255
1780415247.120924,54.0
1780415247.1264873,54.0
1780415247.1321504,54.0
1780415247.1377287,54.0
1780415247.1437404,54.0
1780415247.1497555,54.0
1780415247.155874,53.255
1780415247.1617086,54.0
1780415247.1677861,54.0
1780415247.1737566,53.255
1780415247.179708,54.0
1780415247.1857293,53.255
1780415247.1917968,54.0
1780415247.1976304,54.0
1780415247.2037613,53.255
1780415247.2098234,54.0
1780415247.2156537,53.255
1780415247.2218194,54.0
1780415247.2277997,54.0
1780415247.2336907,54.0
1780415247.2392585,53.255
1780415247.2447376,54.0
1780415247.2505844,53.255
1780415247.2564723,54.0
1780415247.2620049,54.0
1780415247.2675447,53.255
1780415247.2733126,53.255
1780415247.2793329,53.255
1780415247.2854323,53.255
1780415247.2913125,53.255
1780415247.2968903,53.255
1780415247.3025382,53.255
1780415247.308074,53.255
1780415247.3141458,54.0
1780415247.319687,54.0
1780415247.325408,53.255
1780415247.330973,53.255
1780415247.3370326,54.0
1780415247.3429768,54.0
1780415247.3488276,54.0
1780415247.3544812,53.255
1780415247.3601696,54.0
1780415247.365729,54.0
1780415247.371264,54.0
1780415247.3766282,54.0
1780415247.3826215,53.255
1780415247.3884928,53.255
1780415247.3946574,53.255
1780415247.400439,54.0
1780415247.4060376,53.255
1780415247.4115615,54.0
1780415247.4174237,54.0
1780415247.423321,54.0
1780415247.429305,53.255
1780415247.4352896,53.255
1780415247.4413261,54.0
1780415247.4475298,54.0
1780415247.453416,53.255
1780415247.4592328,53.255
1780415247.4648929,54.0
1780415247.4705853,54.0
1780415247.4762871,54.0
1780415247.4821048,53.255
1780415247.4877086,54.0
1780415247.4933932,54.0
1780415247.4989667,54.0
1780415247.5048625,54.0
1780415247.5103598,54.007
1780415247.5155866,54.011
1780415247.5208158,54.015
1780415247.5265114,53.254
1780415247.5318756,53.253
1780415247.5372276,54.005
1780415247.5426676,54.007
1780415247.5481703,54.013
1780415247.553495,54.011
1780415247.5587816,54.012
1780415247.5640495,54.012
1780415247.5696225,54.012
1780415247.575075,54.012
1780415247.580419,54.011
1780415247.5858638,54.011
1780415247.5912626,54.013
1780415247.5966907,54.012
1780415247.6020164,54.01
1780415247.6074634,54.008
1780415247.61282,54.011
1780415247.618258,54.012
1780415247.6236084,54.011
1780415247.6290631,54.01
1780415247.63437,54.01
1780415247.6396356,54.01
1780415247.645158,54.012
1780415247.6504247,54.011
1780415247.656002,54.008
1780415247.66126,54.009
1780415247.6668203,54.011
1780415247.6722615,54.013
1780415247.6776035,54.009
1780415247.6830544,54.009
1780415247.6884017,54.011
1780415247.6938534,54.01
1780415247.6991932,54.011
1780415247.7046947,54.01
1780415247.7099767,54.009
1780415247.7152443,54.007
1780415247.7208295,54.01
1780415247.7262645,54.004
1780415247.7316499,54.011
1780415247.7370934,54.009
1780415247.7423975,54.01
1780415247.7478924,54.009
1780415247.7532434,54.01
1780415247.7586932,54.01
1780415247.7640052,54.011
1780415247.7692566,54.01
1780415247.774813,54.008
1780415247.7802496,54.008
1780415247.7856069,54.011
1780415247.7910836,54.01
1780415247.7964234,54.008
1780415247.8018665,54.008
1780415247.8072097,54.009
1780415247.8126478,54.011
1780415247.8179653,54.009
1780415247.8232145,54.008
1780415247.8288176,54.009
1780415247.834282,54.003
1780415247.8397586,54.01
1780415247.8452299,54.002
1780415247.8510756,53.248
1780415247.8566976,53.252
1780415247.8626347,53.252
1780415247.8685324,53.253
1780415247.874564,53.253
1780415247.8805273,53.253
1780415247.88663,53.253
1780415247.8925643,53.253
1780415247.8984833,53.253
1780415247.9045448,53.253
1780415247.9105158,53.253
1780415247.9164991,53.252
1780415247.9224901,53.253
1780415247.928621,53.253
1780415247.9344556,53.252
1780415247.940507,53.253
1780415247.9466062,53.253
1780415247.9525955,53.253
1780415247.9585507,53.253
1780415247.9644935,53.253
1780415247.9705687,53.253
1780415247.9766037,53.253
1780415247.982509,53.252
1780415247.9885383,53.253
1780415247.9945326,53.253
1780415248.0005617,53.253
1780415248.0065188,53.253
1780415248.0125122,53.253
1780415248.0184686,53.253
1780415248.0239422,53.253
1780415248.0295203,53.253
1780415248.035247,53.253
1780415248.0408323,53.253
1780415248.0464823,53.253
1780415248.0521636,53.253
1780415248.0580792,53.253
1780415248.0636835,53.253
1780415248.0693367,53.254
1780415248.0748808,53.253
1780415248.0804634,53.253
1780415248.0859623,53.253
1780415248.0918007,53.253
1780415248.0978072,53.253
1780415248.1037445,53.253
1780415248.1098406,53.253
1780415248.115697,53.253
1780415248.121753,53.253
1780415248.1277323,53.253
1780415248.1337693,53.253
1780415248.139791,53.253
1780415248.1456823,53.254
1780415248.1512613,53.254
1780415248.1569395,53.253
1780415248.162542,53.253
1780415248.1684847,53.253
1780415248.173985,53.253
1780415248.1795309,53.253
1780415248.1854205,53.253
1780415248.1913342,53.253
1780415248.197328,53.253
1780415248.2033808,53.253
1780415248.2092216,53.254
1780415248.2153716,53.254
1780415248.2213464,53.253
1780415248.227336,53.253
1780415248.2333527,53.253
1780415248.2392707,53.253
1780415248.245353,53.253
1780415248.2513733,53.253
1780415248.2573044,53.253
1780415248.263339,53.253
1780415248.2693071,53.253
1780415248.2753,53.254
1780415248.281436,53.254
1780415248.2873068,53.254
1780415248.293386,53.253
1780415248.2992795,53.253
1780415248.3052626,53.253
1780415248.3108227,53.253
1780415248.3163583,53.254
1780415248.3222165,53.254
1780415248.3281815,53.254
1780415248.33412,53.253
1780415248.3401804,53.254
1780415248.3462245,53.254
1780415248.352105,53.253
1780415248.3582222,53.254
1780415248.3641732,53.254
1780415248.3701394,53.254
1780415248.375644,53.254
1780415248.380938,53.254
1780415248.3870485,53.254
1780415248.392871,53.253
1780415248.3989503,53.254
1780415248.4050143,53.254
1780415248.410893,53.253
1780415248.4170146,53.254
1780415248.4229426,53.254
1780415248.4290304,53.254
1780415248.434915,53.254
1780415248.4409242,53.254
1780415248.4468248,53.254
1780415248.4530296,53.254
1780415248.4589822,53.253
1780415248.464835,53.254
1780415248.4709563,53.254
1780415248.477007,53.254
1780415248.483033,53.254
1780415248.4889214,53.253
1780415248.4949799,53.254
1780415248.501011,53.254
1780415248.5069294,53.254
1780415248.512839,53.254
1780415248.5184767,53.254
1780415248.5241547,53.254
1780415248.529728,53.254
1780415248.5357292,53.254
1780415248.5417674,53.254
1780415248.5477827,53.254
1780415248.553789,53.254
1780415248.5596797,53.254
1780415248.5652359,53.254
1780415248.5709114,53.254
1780415248.5764825,53.254
1780415248.5825508,53.254
1780415248.588583,53.254
1780415248.5945642,53.254
1780415248.6004949,53.254
1780415248.6060605,53.254
1780415248.6113667,53.254
1780415248.617424,53.254
1780415248.623212,53.254
1780415248.6288586,53.254
1780415248.6344395,53.254
1780415248.640044,53.254
1780415248.6456048,53.254
1780415248.6511843,53.254
1780415248.6569521,53.254
1780415248.662951,53.254
1780415248.6688154,53.254
1780415248.6744173,53.254
1780415248.6800232,53.254
1780415248.6857727,53.254
1780415248.691656,53.254
1780415248.6972525,53.254
1780415248.7028508,53.254
1780415248.7085521,53.254
1780415248.7145581,53.254
1780415248.720495,53.254
1780415248.726602,53.254
1780415248.7325904,53.254
1780415248.7385378,53.253
1780415248.7445402,53.254
1780415248.7505572,53.254
1780415248.7566023,53.254
1780415248.7625105,53.254
1780415248.7685535,53.254
1780415248.7745156,53.255
1780415248.7806213,53.254
1780415248.7865477,53.254
1780415248.7925603,53.254
1780415248.7986155,53.254
1780415248.8045003,53.254
1780415248.8105693,53.254
1780415248.816568,53.254
1780415248.8226743,53.254
1780415248.828432,53.254
1780415248.8345485,53.255
1780415248.840591,53.254
1780415248.8466325,53.254
1780415248.8524778,53.254
1780415248.8581426,53.254
1780415248.8640115,53.254
1780415248.8696046,53.254
1780415248.8753006,53.255
1780415248.8808908,53.255
1780415248.886607,53.254
1780415248.8921344,53.254
1780415248.8980892,53.254
1780415248.9036307,53.254
1780415248.9092207,53.254
1780415248.9148955,53.254
1780415248.9209847,53.254
1780415248.9270456,53.254
1780415248.9329262,53.254
1780415248.9389253,53.255
1780415248.944923,53.254
1780415248.9510086,53.254
1780415248.9568949,53.254
1780415248.9628997,53.254
1780415248.968912,53.254
1780415248.9750319,53.255
1780415248.9809198,53.254
1780415248.9869437,53.254
1780415248.9930048,53.254
1780415248.9988213,53.254
1780415249.0049236,53.254
1780415249.0109055,53.254
1780415249.0170274,53.254
1780415249.0229733,53.255
1780415249.0289237,53.254
1780415249.034857,53.255
1780415249.0404007,53.255
1780415249.0461462,53.255
1780415249.0517762,53.254
1780415249.0578182,53.254
1780415249.063668,53.254
1780415249.0721362,53.254
1780415249.0781868,53.254
1780415249.0842264,53.254
1780415249.090139,53.254
1780415249.0961676,53.254
1780415249.1021416,53.254
1780415249.1082568,53.254
1780415249.1141477,53.254
1780415249.1201992,53.254
1780415249.1261523,53.255
1780415249.1320932,53.255
1780415249.1376884,53.255
1780415249.1433077,53.255
1780415249.149025,53.254
1780415249.1549258,53.254
1780415249.1609833,53.255
1780415249.166869,53.255
1780415249.1729436,53.255
1780415249.178956,53.254
1780415249.1850245,53.254
1780415249.1908433,53.254
1780415249.196497,53.254
1780415249.202118,53.254
1780415249.2078083,53.255
1780415249.2137825,53.255
1780415249.2196934,53.254
1780415249.2258203,53.255
1780415249.231768,53.255
1780415249.2378378,53.255
1780415249.243698,53.255
1780415249.2498546,53.254
1780415249.2555923,53.254
1780415249.261684,53.254
1780415249.267716,53.254
1780415249.2738144,53.254
1780415249.2797184,53.255
1780415249.2857397,53.255
1780415249.2918336,53.255
1780415249.2977073,53.255
1780415249.3040395,53.255
1780415249.3097565,53.254
1780415249.31584,53.254
1780415249.32164,53.254
1780415249.3276923,53.255
1780415249.3332539,53.254
1780415249.3388681,53.255
1780415249.344486,53.254
1780415249.3505707,53.254
1780415249.356563,53.254
1780415249.362485,53.255
1780415249.3680792,53.254
1780415249.3735301,53.255
1780415249.3794458,53.255
1780415249.3852649,53.255
1780415249.3913167,53.254
1780415249.3968546,53.255
1780415249.402573,53.255
1780415249.40819,53.255
1780415249.4141862,53.255
1780415249.4202402,53.255
1780415249.4260867,53.255
1780415249.431595,53.255
1780415249.4369578,53.255
1780415249.4429805,53.255
1780415249.4489737,53.255
1780415249.4549656,53.255
1780415249.4610295,53.254
1780415249.4669306,53.254
1780415249.4728835,53.255
1780415249.4789798,53.255
1780415249.484952,53.254
1780415249.490876,53.255
1780415249.4969945,53.255
1780415249.5028584,53.255
1780415249.5090315,53.255
1780415249.5148263,53.254
1780415249.5209603,53.255
1780415249.5270116,53.255
1780415249.533025,53.254
1780415249.5388954,53.255
1780415249.544972,53.255
1780415249.5510256,53.255
1780415249.5569103,53.254
1780415249.5624807,53.255
1780415249.5681307,53.255
1780415249.5738895,53.255
1780415249.5797083,53.255
1780415249.58531,53.255
1780415249.590959,53.255
1780415249.596552,53.255
1780415249.6024446,53.255
1780415249.6081069,53.255
1780415249.6137953,53.255
1780415249.6193557,53.255
1780415249.6252842,53.254
1780415249.6308599,53.254
1780415249.6364734,53.255
1780415249.6421893,53.255
1780415249.6481936,53.254
1780415249.6542091,53.255
1780415249.660108,53.255
1780415249.6656435,53.254
1780415249.6711948,53.255
1780415249.6770146,53.255
1780415249.6828759,53.255
1780415249.688498,53.255
1780415249.6941066,53.255
1780415249.6997902,53.255
1780415249.7057083,53.255
1780415249.7118306,53.255
1780415249.7177382,53.255
1780415249.7237253,53.255
1780415249.7292612,53.255
1780415249.7345853,53.255
1780415249.7405958,53.255
1780415249.74646,53.255
1780415249.7526278,53.255
1780415249.758589,53.255
1780415249.764552,53.255
1780415249.7705271,53.255
1780415249.7765148,53.255
1780415249.782623,53.255
1780415249.7884145,53.255
1780415249.7946045,53.255
1780415249.8005319,53.255
1780415249.806603,53.255
1780415249.812511,53.255
1780415249.8186457,53.255
1780415249.8244405,53.255
1780415249.8300533,53.254
1780415249.8356695,53.255
1780415249.8414373,53.255
1780415249.8473005,53.255
1780415249.8533177,53.255
1780415249.8593593,53.255
1780415249.8653886,53.255
1780415249.8712249,53.255
1780415249.8774383,53.255
1780415249.8833594,53.255
1780415249.8893416,53.255
1780415249.8952904,53.255
1780415249.9009173,53.255
1780415249.9066381,53.255
1780415249.912248,53.255
1780415249.918137,53.255
1780415249.9241865,53.255
1780415249.9301498,53.254
1780415249.9361012,53.255
1780415249.9416926,53.255
1780415249.9474468,53.255
1780415249.9529526,53.254
1780415249.9589736,53.255
1780415249.9649398,53.255
1780415249.971005,53.255
1780415249.9769614,53.255
1780415249.9829097,53.255
1780415249.9889977,53.255
1780415249.9948905,53.254
1780415250.0009983,53.255
1780415250.006929,53.255
1780415250.0130265,53.255
1780415250.0189264,53.255
1780415250.0249724,54.0
1780415250.0309975,54.0
1780415250.0369835,53.255
1780415250.0429366,53.255
1780415250.048903,53.255
1780415250.0548775,53.255
1780415250.0609214,54.0
1780415250.0664408,54.0
1780415250.0719173,53.255
1780415250.0777707,54.0
1780415250.0836408,54.0
1780415250.089191,53.255
1780415250.0947456,54.0
1780415250.1004772,54.0
1780415250.1065207,53.255
1780415250.1126468,53.255
1780415250.1185205,53.255
1780415250.1245458,53.255
1780415250.130562,54.0
1780415250.136671,54.0
1780415250.1425397,53.255
1780415250.1486175,53.255
1780415250.1545012,53.255
1780415250.1599696,53.255
1780415250.1655848,54.0
1780415250.171322,53.255
1780415250.1773512,53.255
1780415250.1833723,53.255
1780415250.1894927,53.255
1780415250.195384,54.0
1780415250.2012625,54.0
1780415250.2074122,53.255
1780415250.2133763,54.0
1780415250.219296,53.255
1780415250.2247753,53.255
1780415250.2303,53.255
1780415250.2360523,54.0
1780415250.241691,53.255
1780415250.2473538,53.255
1780415250.2529135,54.0
1780415250.2583961,54.0
1780415250.263974,53.255
1780415250.2697084,54.0
1780415250.275861,53.255
1780415250.281717,53.255
1780415250.2877474,53.255
1780415250.2938178,53.255
1780415250.2997534,53.255
1780415250.3057168,54.0
1780415250.3118458,53.255
1780415250.3176582,53.255
1780415250.3237817,54.0
1780415250.3297553,53.255
1780415250.335825,53.255
1780415250.3417027,53.255
1780415250.3472383,53.255
1780415250.3529863,53.255
1780415250.3584652,53.255
1780415250.3640127,53.255
1780415250.3695362,53.255
1780415250.3754182,53.255
1780415250.3812907,53.255
1780415250.387403,53.255
1780415250.3932338,53.255
1780415250.3992455,53.255
1780415250.4053426,53.255
1780415250.4113588,53.255
1780415250.4172993,53.255
1780415250.4228897,53.255
1780415250.4285467,53.255
1780415250.4341793,54.0
1780415250.4401445,53.255
1780415250.4456823,53.255
1780415250.4513383,54.0
1780415250.4569702,53.255
1780415250.462975,53.255
1780415250.4689412,53.255
1780415250.4750617,54.0
1780415250.48092,54.0
1780415250.4870265,53.255
1780415250.4928567,53.255
1780415250.49843,53.255
1780415250.5038993,53.255
1780415250.5098073,53.255
1780415250.5156815,53.255
1780415250.521701,53.255
1780415250.5272532,53.255
1780415250.5329232,54.0
1780415250.5385575,53.255
1780415250.544547,53.255
1780415250.5505228,53.255
1780415250.5565276,53.255
1780415250.562492,54.0
1780415250.5685544,53.255
1780415250.5745666,53.255
1780415250.580478,53.255
1780415250.5866153,53.255
1780415250.5924258,53.255
1780415250.5980282,53.254
1780415250.603533,53.255
1780415250.6093676,53.255
1780415250.6152263,53.255
1780415250.6208699,53.255
1780415250.6264622,53.255
1780415250.6321435,54.0
1780415250.6380742,53.255
1780415250.6442118,53.255
1780415250.6501665,53.255
1780415250.6561694,54.0
1780415250.6621394,53.255
1780415250.6677036,54.0
1780415250.6735866,53.255
1780415250.6791856,53.255
1780415250.684965,53.255
1780415250.6910748,53.255
1780415250.6969175,53.255
1780415250.7028618,54.0
1780415250.7084467,53.255
1780415250.7141712,53.255
1780415250.7197473,53.255
1780415250.7257855,53.255
1780415250.7317872,54.0
1780415250.7379708,54.0
1780415250.743766,53.255
1780415250.7497485,53.255
1780415250.7557032,53.255
1780415250.7612505,53.255
1780415250.766589,54.0
1780415250.7725737,54.0
1780415250.778526,53.255
1780415250.7840672,53.255
1780415250.7897336,53.255
1780415250.7953036,53.254
1780415250.8013895,53.255
1780415250.8073454,53.255
1780415250.8132567,53.255
1780415250.819292,53.255
1780415250.82529,53.255
1780415250.831395,54.0
1780415250.8372474,53.255
1780415250.8434598,53.255
1780415250.849336,54.0
1780415250.8552988,53.255
1780415250.8613706,53.255
1780415250.8673663,53.255
1780415250.8734546,53.255
1780415250.8793375,53.255
1780415250.8853345,53.255
1780415250.8912926,53.255
1780415250.8968608,53.255
1780415250.9024038,54.0
1780415250.908243,54.0
1780415250.9140894,53.255
1780415250.920088,53.255
1780415250.9255545,53.255
1780415250.931184,53.255
1780415250.9368832,54.0
1780415250.9424992,53.255
1780415250.9481914,53.255
1780415250.9536905,54.0
1780415250.9592826,53.255
1780415250.9649282,54.0
1780415250.9705877,53.255
1780415250.9765615,53.255
1780415250.9825914,53.255
1780415250.9885058,53.255
1780415250.9944804,53.255
1780415251.0005157,53.255
1780415251.0067103,54.0
1780415251.0124986,53.255
1780415251.0180614,53.255
1780415251.0236983,53.255
1780415251.0293553,53.255
1780415251.035307,53.255
1780415251.0409105,53.255
1780415251.0468006,53.255
1780415251.0522797,54.0
1780415251.0582361,54.0
1780415251.064204,53.255
1780415251.070084,53.255
1780415251.0762541,53.255
1780415251.0821784,54.0
1780415251.088085,54.0
1780415251.0941458,54.0
1780415251.100196,54.0
1780415251.1060958,54.0
1780415251.1122267,53.255
1780415251.118173,53.255
1780415251.1240308,54.0
1780415251.130205,54.0
1780415251.1362138,54.0
1780415251.1421185,53.255
1780415251.14822,53.255
1780415251.1541338,54.0
1780415251.1601567,53.255
1780415251.1660447,54.0
1780415251.1720505,53.255
1780415251.178111,54.0
1780415251.184148,53.255
1780415251.1901426,53.255
1780415251.1962426,53.255
1780415251.202062,54.0
1780415251.208254,54.0
1780415251.214094,53.255
1780415251.2196836,53.255
1780415251.225334,54.0
1780415251.2309964,53.255
1780415251.2369213,53.255
1780415251.2424917,54.0
1780415251.248177,53.255
1780415251.2536995,54.0
1780415251.259836,54.0
1780415251.2657886,54.0
1780415251.2718408,53.255
1780415251.2777758,54.0
1780415251.2838695,54.0
1780415251.2897463,54.0
1780415251.2952805,53.255
1780415251.3007977,54.0
1780415251.3066142,53.255
1780415251.3125017,53.255
1780415251.3186097,53.255
1780415251.3245041,53.255
1780415251.3304787,54.0
1780415251.3366382,53.255
1780415251.3426096,53.255
1780415251.3484406,54.0
1780415251.3545928,54.0
1780415251.3604467,54.0
1780415251.3665843,54.0
1780415251.372492,54.0
1780415251.378624,54.0
1780415251.3845043,54.0
1780415251.390021,53.255
1780415251.3956785,53.255
1780415251.401411,53.255
1780415251.4072697,53.255
1780415251.412796,53.255
1780415251.4184985,54.0
1780415251.424039,53.255
1780415251.4302006,54.0
1780415251.4363182,54.0
1780415251.4420614,54.0
1780415251.447694,53.255
1780415251.4533172,54.0
1780415251.4589694,53.255
1780415251.4649322,54.0
1780415251.4709313,54.0
1780415251.4770007,53.255
1780415251.4829402,53.255
1780415251.489025,54.0
1780415251.4948854,53.255
1780415251.501023,54.0
1780415251.5069628,53.255
1780415251.5130496,53.255
1780415251.5189254,54.0
1780415251.5244327,54.0
1780415251.5301714,54.0
1780415251.5358286,54.0
1780415251.5417423,54.0
1780415251.547825,53.255
1780415251.553635,53.255
1780415251.5592875,54.0
1780415251.5649753,54.0
1780415251.5707746,54.0
1780415251.576497,54.0
1780415251.582069,53.255
1780415251.587755,53.255
1780415251.5933416,53.255
1780415251.5993092,54.0
1780415251.605345,53.255
1780415251.6114292,54.0
1780415251.6173213,54.0
1780415251.6233346,53.255
1780415251.6292775,53.255
1780415251.6352947,54.0
1780415251.6414154,53.255
1780415251.647406,53.255
1780415251.6532686,54.0
1780415251.6587853,54.0
1780415251.6644554,54.0
1780415251.6702046,53.255
1780415251.676156,54.0
1780415251.682226,53.255
1780415251.6880736,54.0
1780415251.6941032,54.0
1780415251.7001045,54.0
1780415251.7062364,54.0
1780415251.712147,54.0
1780415251.718181,54.0
1780415251.7241094,54.0
1780415251.7296665,53.255
1780415251.7351902,53.255
1780415251.7410073,53.255
1780415251.7468927,54.0
1780415251.7525125,54.0
1780415251.7581704,53.255
1780415251.763805,54.0
1780415251.7697654,54.0
1780415251.7757914,54.0
1780415251.781835,54.0
1780415251.7877305,53.255
1780415251.7936518,54.0
1780415251.799224,54.0
1780415251.8047981,54.0
1780415251.8105352,53.255
1780415251.8166327,53.255
1780415251.8224368,53.255
1780415251.82804,53.255
1780415251.833561,54.0
1780415251.839398,54.0
1780415251.845313,53.255
1780415251.851352,53.255
1780415251.857266,54.0
1780415251.863296,53.255
1780415251.8695257,53.255
1780415251.8753746,53.255
1780415251.881265,53.255
1780415251.8874435,53.255
1780415251.8933158,54.0
1780415251.8992522,54.0
1780415251.9049156,54.0
1780415251.9106405,53.255
1780415251.916173,54.0
1780415251.9222097,54.0
1780415251.9281416,53.255
1780415251.9342387,53.255
1780415251.9401493,53.255
1780415251.9461935,53.255
1780415251.952097,53.255
1780415251.9581265,54.0
1780415251.9641364,54.0
1780415251.9702265,54.0
1780415251.9761252,54.0
1780415251.9822338,54.0
1780415251.9880602,54.0
1780415251.993669,54.0
1780415251.9990005,54.0
1780415252.0050159,54.0
1780415252.0109642,54.0
1780415252.0169938,53.255
1780415252.0230403,53.255
1780415252.0289538,53.255
1780415252.034917,54.0
1780415252.0410464,54.0
1780415252.046884,54.0
1780415252.052484,54.0
1780415252.0581152,53.255
1780415252.063645,54.005
1780415252.069067,54.015
1780415252.0744052,54.008
1780415252.0798545,54.01
1780415252.0852048,54.011
1780415252.0906403,54.012
1780415252.0960047,54.011
1780415252.1014478,54.01
1780415252.1068084,54.012
1780415252.1122477,54.011
1780415252.1176026,54.012
1780415252.1230466,54.01
1780415252.1283941,54.012
1780415252.133865,54.011
1780415252.1392086,54.012
1780415252.1446533,54.012
1780415252.1500247,54.008
1780415252.1555269,54.007
1780415252.1609502,54.013
1780415252.166291,54.011
1780415252.1716058,54.009
1780415252.177045,54.009
1780415252.182397,54.01
1780415252.1878388,54.012
1780415252.1931474,54.01
1780415252.1984065,54.009
1780415252.2039993,54.011
1780415252.2092392,54.006
1780415252.2148542,54.011
1780415252.2202847,54.01
1780415252.2255678,54.011
1780415252.2308412,54.011
1780415252.2363923,54.011
1780415252.2416596,54.011
1780415252.2472112,54.009
1780415252.2526588,54.011
1780415252.2581143,54.011
1780415252.2634907,54.009
1780415252.2687702,54.009
1780415252.2740357,54.009
1780415252.279612,54.009
1780415252.28505,54.011
1780415252.2904074,54.01
1780415252.295858,54.009
1780415252.3012025,54.01
1780415252.306453,54.01
1780415252.3120081,54.012
1780415252.3174486,54.009
1780415252.3228083,54.008
1780415252.328251,54.009
1780415252.3336139,54.011
1780415252.3390584,54.01
1780415252.34441,54.008
1780415252.3498578,54.01
1780415252.355349,54.011
1780415252.3606906,54.009
1780415252.3659918,54.009
1780415252.3714387,54.008
1780415252.3767943,54.009
1780415252.3820548,54.006
1780415252.3877668,53.249
1780415252.3939211,53.249
1780415252.3997555,53.253
1780415252.405833,53.253
1780415252.411635,53.252
1780415252.4176793,53.252
1780415252.4236622,53.253
1780415252.4291983,53.253
1780415252.434937,53.252
1780415252.4405591,53.253
1780415252.4465034,53.253
1780415252.452647,53.253
1780415252.458545,53.252
1780415252.4644303,53.253
1780415252.4705787,53.252
1780415252.4766183,53.253
1780415252.4824135,53.253
1780415252.488534,53.253
1780415252.4944322,53.253
1780415252.5005748,53.253
1780415252.5065644,53.253
1780415252.512424,53.253
1780415252.5180802,53.253
1780415252.5236945,53.252
1780415252.52941,53.253
1780415252.5353618,53.253
1780415252.541365,53.253
1780415252.5474005,53.253
1780415252.5532541,53.253
1780415252.5594418,53.253
1780415252.565229,53.253
1780415252.5708869,53.253
1780415252.5768044,53.253
1780415252.5823781,53.253
1780415252.5880961,53.253
1780415252.5937042,53.253
1780415252.5993736,53.253
1780415252.605014,53.253
1780415252.6109118,53.253
1780415252.6170247,53.253
1780415252.6229968,53.252
1780415252.6289806,53.253
1780415252.6349325,53.253
1780415252.6409967,53.253
1780415252.6470222,53.253
1780415252.6529093,53.253
1780415252.6588964,53.253
1780415252.664961,53.253
1780415252.6710293,53.253
1780415252.676937,53.253
1780415252.6829472,53.253
1780415252.6889946,53.253
1780415252.695004,53.253
1780415252.7009187,53.253
1780415252.7069588,53.253
1780415252.7129335,53.253
1780415252.718968,53.253
1780415252.724819,53.254
1780415252.7305121,53.253
1780415252.7361197,53.253
1780415252.7416706,53.253
1780415252.7476704,53.253
1780415252.753744,53.253
1780415252.7598355,53.253
1780415252.765845,53.253
1780415252.7716644,53.253
1780415252.7772107,53.254
1780415252.7829607,53.253
1780415252.7884815,53.254
1780415252.7945328,53.253
1780415252.8005812,53.253
1780415252.8065667,53.254
1780415252.812557,53.253
1780415252.818479,53.253
1780415252.824537,53.253
1780415252.8306623,53.253
1780415252.8364303,53.253
1780415252.842047,53.253
1780415252.84761,53.254
1780415252.8532424,53.253
1780415252.858801,53.254
1780415252.8643944,53.254
1780415252.8700993,53.253
1780415252.87622,53.253
1780415252.8820248,53.254
1780415252.8876421,53.254
1780415252.8932216,53.253
1780415252.8990464,53.254
1780415252.904851,53.253
1780415252.910891,53.254
1780415252.9168863,53.253
1780415252.9230144,53.254
1780415252.9289522,53.254
1780415252.9349396,53.254
1780415252.9410274,53.254
1780415252.9469268,53.254
1780415252.9529488,53.254
1780415252.9589944,53.254
1780415252.9649565,53.253
1780415252.9710042,53.253
1780415252.9769309,53.254
1780415252.982934,53.254
1780415252.988503,53.254
1780415252.9941964,53.254
1780415252.9998026,53.254
1780415253.005703,53.254
1780415253.0118027,53.254
1780415253.0177405,53.253
1780415253.0238183,53.253
1780415253.0297022,53.254
1780415253.0357635,53.254
1780415253.0417721,53.254
1780415253.0477421,53.254
1780415253.0537612,53.254
1780415253.0597458,53.254
1780415253.0657754,53.254
1780415253.0717385,53.254
1780415253.0777705,53.254
1780415253.0838342,53.253
1780415253.0897653,53.254
1780415253.095816,53.254
1780415253.1018078,53.254
1780415253.107708,53.254
1780415253.1132646,53.254
1780415253.1188955,53.254
1780415253.1246142,53.254
1780415253.130466,53.254
1780415253.1360645,53.254
1780415253.1416922,53.254
1780415253.1472988,53.254
1780415253.1533196,53.254
1780415253.1593297,53.254
1780415253.1653752,53.254
1780415253.1712663,53.254
1780415253.1773293,53.254
1780415253.1833363,53.254
1780415253.18943,53.254
1780415253.1952238,53.254
1780415253.201329,53.254
1780415253.2073112,53.254
1780415253.213336,53.254
1780415253.2192101,53.254
1780415253.225348,53.254
1780415253.2314103,53.254
1780415253.2372887,53.254
1780415253.2428827,53.254
1780415253.248534,53.253
1780415253.2542841,53.254
1780415253.2602186,53.254
1780415253.2661314,53.254
1780415253.272222,53.254
1780415253.2780435,53.254
1780415253.2842238,53.254
1780415253.2901788,53.254
1780415253.2962651,53.254
1780415253.3020425,53.254
1780415253.3076866,53.254
1780415253.313381,53.253
1780415253.3190417,53.254
1780415253.325051,53.254
1780415253.3309245,53.254
1780415253.3370237,53.254
1780415253.342838,53.254
1780415253.348443,53.254
1780415253.354065,53.254
1780415253.359876,53.254
1780415253.3657742,53.254
1780415253.3716326,53.254
1780415253.3772948,53.254
1780415253.3829808,53.254
1780415253.3886902,53.254
1780415253.3945324,53.254
1780415253.400481,53.254
1780415253.4066207,53.254
1780415253.4124768,53.254
1780415253.418527,53.254
1780415253.4245594,53.254
1780415253.4306207,53.254
1780415253.4365523,53.254
1780415253.442512,53.254
1780415253.4485695,53.254
1780415253.4546053,53.254
1780415253.460487,53.254
1780415253.4665036,53.254
1780415253.4725952,53.254
1780415253.4785016,53.253
1780415253.4845772,53.254
1780415253.4906163,53.254
1780415253.4965632,53.254
1780415253.5024478,53.254
1780415253.5080638,53.254
1780415253.51373,53.254
1780415253.5194,53.254
1780415253.5253036,53.254
1780415253.5309033,53.254
1780415253.5365798,53.254
1780415253.5421364,53.255
1780415253.5482056,53.255
1780415253.5541809,53.254
1780415253.5602727,53.254
1780415253.5660996,53.254
1780415253.5716903,53.254
1780415253.5773416,53.254
1780415253.5830688,53.254
1780415253.5890408,53.254
1780415253.5949798,53.255
1780415253.601039,53.254
1780415253.606897,53.255
1780415253.6124575,53.254
1780415253.6180425,53.254
1780415253.6238132,53.254
1780415253.629808,53.255
1780415253.6357288,53.254
1780415253.6417727,53.255
1780415253.6478446,53.255
1780415253.6538107,53.254
1780415253.6597486,53.254
1780415253.665859,53.255
1780415253.6716552,53.255
1780415253.6772432,53.254
1780415253.682801,53.255
1780415253.6885905,53.254
1780415253.6946342,53.255
1780415253.7005062,53.255
1780415253.7065718,53.254
1780415253.7125676,53.254
1780415253.7185946,53.255
1780415253.7245119,53.255
1780415253.7306592,53.255
1780415253.7365518,53.254
1780415253.7425303,53.254
1780415253.7485065,53.254
1780415253.7546365,53.254
1780415253.7605238,53.254
1780415253.766516,53.255
1780415253.772661,53.254
1780415253.7786098,53.255
1780415253.7846534,53.255
1780415253.7905328,53.255
1780415253.7966034,53.255
1780415253.8024628,53.255
1780415253.8079703,53.255
1780415253.8133616,53.255
1780415253.8193665,53.254
1780415253.8254197,53.255
1780415253.8313103,53.255
1780415253.8374074,53.254
1780415253.8432677,53.254
1780415253.8494713,53.255
1780415253.855283,53.255
1780415253.8614078,53.255
1780415253.8674374,53.255
1780415253.8732846,53.255
1780415253.8792226,53.255
1780415253.8848772,53.255
1780415253.890571,53.255
1780415253.8961933,53.255
1780415253.9021761,53.254
1780415253.908132,53.254
1780415253.9142346,53.255
1780415253.9201841,53.255
1780415253.926184,53.255
1780415253.9321659,53.254
1780415253.9380715,53.255
1780415253.9442418,53.255
1780415253.9502082,53.255
1780415253.9562206,53.255
1780415253.9620845,53.255
1780415253.9682202,53.255
1780415253.974035,53.255
1780415253.9802492,53.255
1780415253.9861405,53.254
1780415253.992263,53.255
1780415253.9981134,53.255
1780415254.0041344,53.255
1780415254.010162,54.0
1780415254.0162394,53.255
1780415254.0220618,53.255
1780415254.0277565,53.255
1780415254.0333712,53.255
1780415254.0389302,53.255
1780415254.0450182,53.255
1780415254.0509043,53.255
1780415254.0570352,53.255
1780415254.0628283,53.255
1780415254.0688748,54.0
1780415254.074438,53.254
1780415254.080112,53.255
1780415254.0857658,53.255
1780415254.091814,53.255
1780415254.0977569,53.255
1780415254.1037369,53.255
1780415254.1097524,53.255
1780415254.1158314,53.255
1780415254.121775,53.255
1780415254.1277788,53.255
1780415254.133807,53.255
1780415254.139747,53.254
1780415254.1458158,53.255
1780415254.1518056,53.255
1780415254.1578617,53.255
1780415254.1636958,53.255
1780415254.169272,53.255
1780415254.1749327,53.255
1780415254.1806834,53.255
1780415254.186438,53.255
1780415254.192058,53.255
1780415254.1976964,53.254
1780415254.2033026,53.255
1780415254.2093768,54.0
1780415254.2153232,53.255
1780415254.221411,53.255
1780415254.2272828,53.255
1780415254.2332702,53.255
1780415254.2393608,53.254
1780415254.2454083,53.255
1780415254.2512918,53.255
1780415254.2573197,53.255
1780415254.263338,53.255
1780415254.2692242,53.255
1780415254.275354,54.0
1780415254.2813694,53.255
1780415254.2873724,53.255
1780415254.2932518,53.255
1780415254.2988238,53.255
1780415254.3044095,53.255
1780415254.3102546,53.255
1780415254.3160548,53.255
1780415254.3216412,53.255
1780415254.3273728,53.255
1780415254.333016,53.255
1780415254.3390305,53.254
1780415254.3449793,53.255
1780415254.351044,53.255
1780415254.3569257,53.255
1780415254.3630366,53.255
1780415254.3688745,53.255
1780415254.3750477,53.255
1780415254.3809514,53.255
1780415254.3870382,53.255
1780415254.3928394,53.255
1780415254.3984723,53.255
1780415254.4041533,53.254
1780415254.4098635,53.255
1780415254.4156191,53.255
1780415254.421268,53.255
1780415254.4269593,53.255
1780415254.432501,53.255
1780415254.4384184,53.254
1780415254.4440808,53.255
1780415254.4497454,53.255
1780415254.4553423,53.255
1780415254.461296,53.255
1780415254.4673796,53.255
1780415254.4733646,53.255
1780415254.4793901,53.255
1780415254.4853683,53.255
1780415254.4913785,53.255
1780415254.497295,53.255
1780415254.5032876,53.255
1780415254.5093513,53.255
1780415254.515404,53.255
1780415254.5212638,53.255
1780415254.527377,53.255
1780415254.5332928,53.255
1780415254.5393164,53.255
1780415254.5453036,53.255
1780415254.5508273,53.255
1780415254.556554,53.255
1780415254.562025,53.255
1780415254.5681877,53.255
1780415254.5741584,53.255
1780415254.5801854,53.255
1780415254.5861468,53.255
1780415254.5921576,53.255
1780415254.5980635,53.255
1780415254.6036482,53.254
1780415254.609177,53.255
1780415254.6150153,53.255
1780415254.6208246,53.255
1780415254.6264696,53.255
1780415254.6320333,53.255
1780415254.6377046,53.254
1780415254.6436296,53.255
1780415254.649285,53.255
1780415254.6550171,53.255
1780415254.6604865,53.255
1780415254.666053,53.255
1780415254.671652,53.255
1780415254.677421,53.255
1780415254.6831977,53.255
1780415254.6888947,53.255
1780415254.694532,53.255
1780415254.7000515,53.255
1780415254.7062683,53.255
1780415254.71217,53.255
1780415254.718274,53.255
1780415254.724055,53.255
1780415254.730072,53.255
1780415254.7361379,53.255
1780415254.7421818,53.255
1780415254.7480607,53.255
1780415254.754222,53.255
1780415254.7601936,53.255
1780415254.7660275,53.255
1780415254.7721813,53.255
1780415254.7781537,54.0
1780415254.784207,53.255
1780415254.7900512,53.255
1780415254.795571,53.255
1780415254.801095,53.255
1780415254.8070247,53.255
1780415254.8128915,53.255
1780415254.8190434,53.255
1780415254.8248322,53.255
1780415254.8304496,53.255
1780415254.8360336,53.255
1780415254.841795,54.0
1780415254.8477402,53.255
1780415254.8537314,54.0
1780415254.859776,53.255
1780415254.8657203,53.255
1780415254.8717198,54.0
1780415254.877803,54.0
1780415254.8837974,53.255
1780415254.8897214,53.255
1780415254.8952565,53.255
1780415254.9009047,53.255
1780415254.906621,54.0
1780415254.9125576,54.0
1780415254.9185784,54.0
1780415254.9246237,53.255
1780415254.9304602,53.255
1780415254.936034,53.255
1780415254.9416196,53.255
1780415254.9473548,53.255
1780415254.953278,53.255
1780415254.9594407,53.255
1780415254.9655147,53.255
1780415254.971322,54.0
1780415254.9773571,54.0
1780415254.9833837,53.255
1780415254.989298,53.255
1780415254.995323,53.255
1780415255.001298,53.254
1780415255.0074573,53.255
1780415255.0132723,53.255
1780415255.0193744,54.0
1780415255.025387,53.255
1780415255.0312536,53.255
1780415255.0373096,54.0
1780415255.0434108,54.0
1780415255.0492625,53.255
1780415255.0553138,54.0
1780415255.0614378,54.0
1780415255.067294,53.255
1780415255.0733242,54.0
1780415255.0793834,53.255
1780415255.085293,54.0
1780415255.0914114,54.0
1780415255.0972905,53.255
1780415255.1032298,53.255
1780415255.1088984,53.255
1780415255.1145928,53.255
1780415255.12016,53.255
1780415255.1260867,53.255
1780415255.1322024,53.255
1780415255.1381576,54.0
1780415255.1441786,54.0
1780415255.150167,53.255
1780415255.1561499,53.255
1780415255.1620958,54.0
1780415255.1682909,53.255
1780415255.1742582,53.255
1780415255.1800838,53.255
1780415255.1856947,53.255
1780415255.1913776,54.0
1780415255.196953,54.0
1780415255.2029233,54.0
1780415255.208995,53.255
1780415255.2150214,53.255
1780415255.220974,53.255
1780415255.227002,54.0
1780415255.2330632,54.0
1780415255.2390518,53.255
1780415255.2449338,53.255
1780415255.2510107,54.0
1780415255.2568243,53.255
1780415255.2624874,54.0
1780415255.2680392,53.255
1780415255.2737978,53.255
1780415255.2797,53.255
1780415255.2858348,54.0
1780415255.2917082,53.255
1780415255.2977111,54.0
1780415255.3037205,54.0
1780415255.3098469,54.0
1780415255.315704,53.255
1780415255.321958,54.0
1780415255.3276613,54.0
1780415255.3336554,54.0
1780415255.339173,54.0
1780415255.3446794,54.0
1780415255.3505154,54.0
1780415255.3564532,54.0
1780415255.362072,54.0
1780415255.36768,54.0
1780415255.3733978,54.0
1780415255.379406,54.0
1780415255.3853652,54.0
1780415255.3912778,54.0
1780415255.3968067,53.255
1780415255.4023483,53.255
1780415255.408048,54.0
1780415255.4136882,53.255
1780415255.4193792,53.255
1780415255.424942,54.0
1780415255.4310348,53.255
1780415255.4369423,53.255
1780415255.442865,54.0
1780415255.4483461,54.0
1780415255.453826,54.0
1780415255.4597335,54.0
1780415255.4655757,53.255
1780415255.471266,53.255
1780415255.4768069,53.255
1780415255.482521,53.255
1780415255.4885387,54.0
1780415255.494502,53.255
1780415255.5004864,54.0
1780415255.50593,54.0
1780415255.5115688,54.0
1780415255.517365,53.255
1780415255.5233264,54.0
1780415255.5292687,54.0
1780415255.5353987,53.255
1780415255.5414312,54.0
1780415255.547293,53.255
1780415255.5533087,53.255
1780415255.5593505,54.0
1780415255.5652857,53.255
1780415255.5714374,53.255
1780415255.5774105,54.0
1780415255.5833669,53.255
1780415255.5893536,54.0
1780415255.5954115,53.255
1780415255.6012597,53.255
1780415255.6073537,54.0
1780415255.6133928,53.255
1780415255.6194122,54.0
1780415255.6253119,53.255
1780415255.631419,54.0
1780415255.6373265,53.255
1780415255.6432745,54.0
1780415255.6488953,53.255
1780415255.6546113,53.255
1780415255.660158,53.255
1780415255.6661594,53.255
1780415255.6721063,53.255
1780415255.6782374,54.0
1780415255.6840966,54.0
1780415255.6902826,53.255
1780415255.6960838,53.255
1780415255.7016914,54.0
1780415255.7073889,54.0
1780415255.7131298,53.255
1780415255.7188861,54.0
1780415255.7244806,54.0
1780415255.7301095,54.0
1780415255.7357602,54.0
1780415255.7417321,54.0
1780415255.7472868,54.0
1780415255.7529204,54.0
1780415255.7585142,54.0
1780415255.764588,54.0
1780415255.7704363,53.255
1780415255.7766337,54.0
1780415255.7825637,53.255
1780415255.7886462,53.255
1780415255.7945004,54.0
1780415255.8005233,53.255
1780415255.8065567,54.0
1780415255.8126497,53.255
1780415255.818485,53.255
1780415255.8246348,53.255
1780415255.830473,54.0
1780415255.8364997,53.255
1780415255.842556,53.255
1780415255.848613,54.0
1780415255.854493,53.255
1780415255.8605692,54.0
1780415255.8665838,54.0
1780415255.872504,54.0
1780415255.8784952,54.0
1780415255.8845954,53.255
1780415255.890477,53.255
1780415255.8965163,53.255
1780415255.9025278,54.0
1780415255.908038,54.0
1780415255.9135723,53.255
1780415255.919363,53.255
1780415255.9253669,54.0
1780415255.9313002,53.255
1780415255.9373136,53.255
1780415255.943406,53.255
1780415255.9492238,53.255
1780415255.9548903,54.0
1780415255.9605563,54.0
1780415255.966108,54.0
1780415255.9716682,53.255
1780415255.9772105,54.0
1780415255.9829798,53.255
1780415255.9889317,53.255
1780415255.9949558,53.255
1780415256.0009556,54.0
1780415256.0070443,54.0
1780415256.0129273,54.0
1780415256.0189857,53.255
1780415256.024923,54.0
1780415256.0304868,53.255
1780415256.0361037,54.0
1780415256.0417628,54.0
1780415256.047791,53.255
1780415256.0538003,53.255
1780415256.0596337,54.0
1780415256.065684,53.255
1780415256.0717359,54.0
1780415256.0778804,54.0
1780415256.0837197,54.0
1780415256.0897987,54.0
1780415256.095645,54.0
1780415256.101852,54.0
1780415256.1078188,54.0
1780415256.1137815,53.255
1780415256.1198287,54.0
1780415256.1257854,53.255
1780415256.1317015,54.0
1780415256.137789,53.255
1780415256.1437714,53.255
1780415256.149698,53.255
1780415256.1553147,53.255
1780415256.1612012,54.0
1780415256.166682,53.255
1780415256.1725252,54.0
1780415256.1786442,54.0
1780415256.1845496,54.0
1780415256.1906028,54.0
1780415256.1964583,53.255
1780415256.2020328,54.0
1780415256.2076187,54.0
1780415256.213321,54.0
1780415256.219362,54.0
1780415256.2252877,53.255
1780415256.2308683,54.0
1780415256.2365916,54.0
1780415256.2422993,54.0
1780415256.2481623,53.255
1780415256.2542074,53.255
1780415256.2600248,53.255
1780415256.2656806,53.255
1780415256.2713506,53.254
1780415256.2770777,54.0
1780415256.2828364,53.255
1780415256.2885153,53.255
1780415256.294194,54.0
1780415256.2997038,54.0
1780415256.305808,53.255
1780415256.3118165,54.0
1780415256.3177645,54.0
1780415256.3237145,53.255
1780415256.3297553,53.255
1780415256.3356667,53.255
1780415256.3417776,54.0
1780415256.347788,54.0
1780415256.3537138,54.0
1780415256.3598151,54.0
1780415256.3656468,54.0
1780415256.371657,54.0
1780415256.377212,54.0
1780415256.382749,53.255
1780415256.388583,53.255
1780415256.3945312,54.0
1780415256.400422,53.255
1780415256.4065137,53.255
1780415256.4126434,53.255
1780415256.418422,53.255
1780415256.424567,54.0
1780415256.4305563,53.255
1780415256.4364798,54.0
1780415256.4425843,54.0
1780415256.4485507,53.255
1780415256.4545639,53.255
1780415256.4604862,54.0
1780415256.4666486,54.0
1780415256.4725308,53.255
1780415256.4785001,53.255
1780415256.4840808,54.0
1780415256.4898226,54.0
1780415256.4953585,53.255
1780415256.501377,53.255
1780415256.5073907,53.255
1780415256.5133648,54.0
1780415256.5193715,54.0
1780415256.5254004,53.255
1780415256.5313134,53.255
1780415256.536885,53.255
1780415256.5425386,54.0
1780415256.5482042,53.255
1780415256.5541508,53.255
1780415256.5601513,53.255
1780415256.5660627,53.255
1780415256.572039,53.254
1780415256.578128,53.255
1780415256.5841835,53.255
1780415256.590067,54.0
1780415256.5961738,53.255
1780415256.6020548,53.255
1780415256.6080067,54.001
1780415256.6132417,54.015
1780415256.6187904,54.011
1780415256.6242514,54.01
1780415256.6295831,54.011
1780415256.634846,54.013
1780415256.6403859,54.011
1780415256.6456387,54.009
1780415256.651202,54.012
1780415256.656644,54.012
1780415256.6619973,54.013
1780415256.6674407,54.011
1780415256.6727953,54.012
1780415256.6782577,54.012
1780415256.6835613,54.011
1780415256.6888218,54.013
1780415256.694407,54.01
1780415256.6998885,54.01
1780415256.7052143,54.012
1780415256.7106586,54.011
1780415256.715965,54.011
1780415256.7212338,54.01
1780415256.7267947,54.011
1780415256.7328622,54.011
1780415256.738289,54.01
1780415256.743602,54.01
1780415256.7490458,54.009
1780415256.7543592,54.01
1780415256.7599788,54.011
1780415256.7652442,54.01
1780415256.7706826,54.01
1780415256.776014,54.009
1780415256.7814443,54.01
1780415256.7868,54.011
1780415256.7922385,54.01
1780415256.797608,54.008
1780415256.8030553,54.009
1780415256.808405,54.009
1780415256.8138485,54.011
1780415256.8191516,54.009
1780415256.8244033,54.007
1780415256.8300061,54.01
1780415256.8354502,54.009
1780415256.8408113,54.011
1780415256.846258,54.009
1780415256.8515646,54.01
1780415256.8568308,54.009
1780415256.8623884,54.01
1780415256.8678343,54.01
1780415256.8731925,54.006
1780415256.8786395,54.008
1780415256.8840575,54.011
1780415256.8895116,54.01
1780415256.8948174,54.008
1780415256.9002674,54.008
1780415256.9055953,54.009
1780415256.9110444,54.011
1780415256.9163494,54.009
1780415256.9216127,54.008
1780415256.9272091,54.009
1780415256.932781,53.241
1780415256.9383104,53.244
1780415256.944168,53.251
1780415256.9502614,53.249
1780415256.9560487,53.249
1780415256.9617074,53.249
1780415256.9673483,53.25
1780415256.9729934,53.25
1780415256.978945,53.249
1780415256.985018,53.249
1780415256.990983,53.25
1780415256.9969926,53.249
1780415257.002873,53.249
1780415257.0089984,53.25
1780415257.0150583,53.249
1780415257.0208023,53.25
1780415257.0264823,53.249
1780415257.032055,53.25
1780415257.0377634,53.25
1780415257.0437965,53.25
1780415257.0497708,53.249
1780415257.0557299,53.25
1780415257.0618634,53.25
1780415257.0677676,53.25
1780415257.0737798,53.25
1780415257.0797663,53.25
1780415257.0856369,53.25
1780415257.0916698,53.25
1780415257.097739,53.25
1780415257.1037776,53.25
1780415257.1097324,53.25
1780415257.1156578,53.25
1780415257.1217763,53.25
1780415257.1277692,53.25
1780415257.133684,53.25
1780415257.1397066,53.25
1780415257.1457367,53.25
1780415257.1518157,53.25
1780415257.1576488,53.25
1780415257.163725,53.251
1780415257.1697426,53.25
1780415257.1758213,53.25
1780415257.1816807,53.25
1780415257.1872551,53.25
1780415257.1928499,53.25
1780415257.1984875,53.25
1780415257.2046132,53.25
1780415257.2104695,53.251
1780415257.2165983,53.25
1780415257.2225013,53.25
1780415257.2284756,53.25
1780415257.2340627,53.251
1780415257.2396123,53.251
1780415257.2453961,53.251
1780415257.2512925,53.251
1780415257.256888,53.25
1780415257.2625449,53.251
1780415257.268293,53.251
1780415257.274011,53.251
1780415257.2796693,53.251
1780415257.28531,53.25
1780415257.2909172,53.251
1780415257.2969368,53.25
1780415257.3029826,53.251
1780415257.3089843,53.251
1780415257.3150203,53.251
1780415257.3208404,53.251
1780415257.3264103,53.251
1780415257.3321095,53.251
1780415257.3378165,53.251
1780415257.3436615,53.251
1780415257.349763,53.251
1780415257.3558319,53.251
1780415257.3617475,53.251
1780415257.3676167,53.251
1780415257.3737915,53.251
1780415257.3797965,53.251
1780415257.385638,53.251
1780415257.391719,53.251
1780415257.3976974,53.251
1780415257.4038794,53.251
1780415257.409628,53.251
1780415257.4157217,53.251
1780415257.4217322,53.251
1780415257.4277074,53.251
1780415257.4336941,53.251
1780415257.439765,53.251
1780415257.445839,53.251
1780415257.4516714,53.251
1780415257.4576604,53.251
1780415257.4637253,53.252
1780415257.469868,53.252
1780415257.4757295,53.252
1780415257.4817755,53.252
1780415257.487759,53.252
1780415257.4936988,53.252
1780415257.4997199,53.252
1780415257.505725,53.251
1780415257.5117993,53.252
1780415257.5176806,53.252
1780415257.5237203,53.251
1780415257.5297685,53.252
1780415257.5358186,53.252
1780415257.5417657,53.252
1780415257.5476692,53.251
1780415257.553239,53.252
1780415257.5589337,53.252
1780415257.5646765,53.252
1780415257.5705047,53.252
1780415257.5766509,53.252
1780415257.582557,53.252
1780415257.5885627,53.252
1780415257.594479,53.251
1780415257.600065,53.252
1780415257.605769,53.252
1780415257.6113498,53.252
1780415257.6172829,53.252
1780415257.6233523,53.252
1780415257.6293404,53.252
1780415257.6354544,53.252
1780415257.6412797,53.252
1780415257.6474075,53.252
1780415257.6533022,53.252
1780415257.6593153,53.251
1780415257.6652567,53.252
1780415257.671377,53.252
1780415257.6773827,53.252
1780415257.6832225,53.252
1780415257.6893773,53.252
1780415257.6953325,53.253
1780415257.7014058,53.252
1780415257.707276,53.252
1780415257.7128432,53.252
1780415257.718471,53.252
1780415257.7240784,53.253
1780415257.7300067,53.253
1780415257.7361648,53.252
1780415257.7422686,53.252
1780415257.7480319,53.252
1780415257.7536488,53.252
1780415257.7592537,53.252
1780415257.7649775,53.252
1780415257.7710285,53.253
1780415257.776946,53.252
1780415257.78238,53.252
1780415257.788056,53.252
1780415257.7937033,53.252
1780415257.7996838,53.252
1780415257.8058097,53.252
1780415257.8118014,53.253
1780415257.8177567,53.253
1780415257.8237095,53.252
1780415257.8297575,53.253
1780415257.8358452,53.253
1780415257.8416967,53.253
1780415257.847172,53.252
1780415257.8527782,53.253
1780415257.858482,53.252
1780415257.8645945,53.252
1780415257.8705685,53.253
1780415257.8765123,53.253
1780415257.8825366,53.253
1780415257.8884754,53.252
1780415257.8945549,53.253
1780415257.9005682,53.253
1780415257.9065514,53.253
1780415257.9124331,53.252
1780415257.9185092,53.253
1780415257.9244857,53.253
1780415257.9306288,53.253
1780415257.9365273,53.252
1780415257.9425044,53.253
1780415257.9485765,53.253
1780415257.9545314,53.253
1780415257.960658,53.253
1780415257.966466,53.253
1780415257.9720576,53.252
1780415257.9777458,53.253
1780415257.9832525,53.253
1780415257.9893334,53.253
1780415257.9948645,53.253
1780415258.0006254,53.253
1780415258.0061698,53.253
1780415258.01211,53.253
1780415258.018112,53.253
1780415258.024199,53.253
1780415258.0301268,53.253
1780415258.036147,53.253
1780415258.0421638,53.253
1780415258.048159,53.253
1780415258.0541584,53.253
1780415258.060134,53.253
1780415258.0662193,53.253
1780415258.072093,53.253
1780415258.0782115,53.253
1780415258.0840607,53.253
1780415258.089637,53.252
1780415258.095143,53.253
1780415258.100978,53.253
1780415258.1068466,53.253
1780415258.112495,53.253
1780415258.1180944,53.253
1780415258.123726,53.253
1780415258.1296642,53.253
1780415258.1357584,53.253
1780415258.1418455,53.253
1780415258.1476505,53.253
1780415258.1537035,53.254
1780415258.1596587,53.253
1780415258.165734,53.253
1780415258.1715899,53.253
1780415258.1772404,53.253
1780415258.182828,53.253
1780415258.1885366,53.252
1780415258.1946747,53.253
1780415258.2004933,53.253
1780415258.206603,53.253
1780415258.2124457,53.253
1780415258.2184596,53.253
1780415258.2245328,53.253
1780415258.2306278,53.253
1780415258.2365024,53.253
1780415258.2425237,53.253
1780415258.2484975,53.253
1780415258.2545125,53.253
1780415258.260686,53.253
1780415258.2665865,53.253
1780415258.272557,53.253
1780415258.278483,53.253
1780415258.284064,53.253
1780415258.2897427,53.253
1780415258.295446,53.254
1780415258.3013031,53.253
1780415258.3073313,53.253
1780415258.3133707,53.253
1780415258.3192809,53.254
1780415258.325202,53.254
1780415258.330891,53.254
1780415258.3365517,53.253
1780415258.3421628,53.253
1780415258.3480492,53.254
1780415258.3536565,53.253
1780415258.3592288,53.254
1780415258.3650365,53.253
1780415258.3708966,53.253
1780415258.3769612,53.253
1780415258.3828166,53.254
1780415258.388438,53.253
1780415258.3940628,53.254
1780415258.3997827,53.254
1780415258.405823,53.254
1780415258.411697,53.254
1780415258.4178238,53.254
1780415258.4237986,53.254
1780415258.4297776,53.254
1780415258.435708,53.254
1780415258.4418423,53.254
1780415258.4476104,53.253
1780415258.453766,53.253
1780415258.4596834,53.254
1780415258.4658122,53.254
1780415258.4717615,53.254
1780415258.4777226,53.254
1780415258.4838128,53.254
1780415258.4898634,53.254
1780415258.4955986,53.254
1780415258.5018039,53.254
1780415258.5077972,53.254
1780415258.5136838,53.254
1780415258.5196295,53.253
1780415258.5257838,53.254
1780415258.531751,53.254
1780415258.537668,53.254
1780415258.5432253,53.254
1780415258.5487916,53.254
1780415258.5545807,53.254
1780415258.5605793,53.254
1780415258.5665784,53.254
1780415258.572572,53.254
1780415258.578449,53.254
1780415258.5840135,53.254
1780415258.589325,53.254
1780415258.5953736,53.254
1780415258.6012611,53.254
1780415258.6074007,53.254
1780415258.61333,53.254
1780415258.6193738,53.254
1780415258.625259,53.254
1780415258.6308887,53.254
1780415258.6365767,53.254
1780415258.642074,53.254
1780415258.648086,53.254
1780415258.653673,53.254
1780415258.659337,53.254
1780415258.6649587,53.254
1780415258.6709492,53.254
1780415258.677039,53.254
1780415258.6828976,53.254
1780415258.688878,53.254
1780415258.6949284,53.254
1780415258.7010202,53.254
1780415258.7068377,53.254
1780415258.7129238,53.254
1780415258.7189536,53.254
1780415258.7250414,53.254
1780415258.7308366,53.254
1780415258.736477,53.254
1780415258.7421246,53.254
1780415258.747654,53.254
1780415258.7538595,53.254
1780415258.7597163,53.254
1780415258.7660291,53.254
1780415258.7716641,53.254
1780415258.7777278,53.254
1780415258.7837477,53.254
1780415258.7898524,53.254
1780415258.7956915,53.254
1780415258.8013065,53.254
1780415258.8070152,53.254
1780415258.812548,53.254
1780415258.8184915,53.254
1780415258.8245976,53.254
1780415258.8305483,53.254
1780415258.8365004,53.254
1780415258.8420634,53.254
1780415258.848037,53.254
1780415258.8536851,53.254
1780415258.859349,53.254
1780415258.8654258,53.254
1780415258.871332,53.254
1780415258.8772836,53.254
1780415258.8832817,53.254
1780415258.8887446,53.254
1780415258.8945436,53.254
1780415258.9002664,53.254
1780415258.9062185,53.254
1780415258.9120553,53.254
1780415258.9176552,53.254
1780415258.9231625,53.254
1780415258.929028,53.254
1780415258.9349818,53.254
1780415258.9409614,53.254
1780415258.9469326,53.255
1780415258.952999,53.255
1780415258.9588282,53.254
1780415258.965012,53.254
1780415258.970964,53.254
1780415258.9769516,53.254
1780415258.982909,53.254
1780415258.9889522,53.254
1780415258.9949863,53.254
1780415259.0009072,53.254
1780415259.0069437,53.254
1780415259.0130415,53.255
1780415259.0190244,53.255
1780415259.0249808,53.254
1780415259.0309408,53.254
1780415259.0370004,53.254
1780415259.0428252,53.254
1780415259.048995,53.254
1780415259.05494,53.254
1780415259.0610254,53.254
1780415259.0668342,53.254
1780415259.0724196,53.254
1780415259.0780954,53.254
1780415259.0837455,53.254
1780415259.0897224,53.254
1780415259.0957713,53.254
1780415259.101745,53.254
1780415259.107817,53.254
1780415259.1137242,53.255
1780415259.1198068,53.255
1780415259.125703,53.255
1780415259.131795,53.254
1780415259.1377,53.254
1780415259.1432884,53.254
1780415259.148893,53.254
1780415259.1547086,53.255
1780415259.1604776,53.255
1780415259.1660814,53.255
1780415259.1717453,53.255
1780415259.1773264,53.255
1780415259.1832643,53.255
1780415259.1894152,53.254
1780415259.1953528,53.254
1780415259.2012956,53.254
1780415259.207314,53.254
1780415259.2133303,53.255
1780415259.2194257,53.254
1780415259.225349,53.255
1780415259.2313411,53.255
1780415259.2373207,53.254
1780415259.243261,53.254
1780415259.2488635,53.254
1780415259.2544694,53.255
1780415259.2602232,53.255
1780415259.2661207,53.254
1780415259.272183,53.254
1780415259.2780392,53.255
1780415259.28423,53.255
1780415259.290146,53.255
1780415259.2962341,53.255
1780415259.3020504,53.254
1780415259.3080628,53.255
1780415259.3136635,53.254
1780415259.3193035,53.255
1780415259.324864,53.254
1780415259.3310192,53.254
1780415259.337025,53.254
1780415259.3429382,53.255
1780415259.3489516,53.255
1780415259.355033,53.254
1780415259.3610327,53.254
1780415259.3668633,53.255
1780415259.3724477,53.255
1780415259.378159,53.255
1780415259.3837948,53.255
1780415259.3897672,53.255
1780415259.3957932,53.255
1780415259.4018295,53.255
1780415259.4076924,53.255
1780415259.4138396,53.254
1780415259.4198236,53.255
1780415259.4257095,53.255
1780415259.4317415,53.255
1780415259.4377534,53.255
1780415259.4437237,53.255
1780415259.449685,53.255
1780415259.4557395,53.255
1780415259.4618068,53.255
1780415259.467736,53.255
1780415259.4737318,53.255
1780415259.4797823,53.254
1780415259.4858332,53.255
1780415259.491711,53.255
1780415259.4977818,53.254
1780415259.5037088,53.255
1780415259.5096996,53.255
1780415259.515798,53.255
1780415259.5217936,53.255
1780415259.5277376,53.255
1780415259.533718,53.254
1780415259.5397317,53.255
1780415259.5457091,53.254
1780415259.551809,53.255
1780415259.557809,53.254
1780415259.5637872,53.255
1780415259.569725,53.255
1780415259.5753005,53.255
1780415259.580915,54.0
1780415259.5866535,53.255
1780415259.5924716,53.255
1780415259.5980744,53.255
1780415259.6037347,53.255
1780415259.609303,53.255
1780415259.6153398,53.255
1780415259.6213984,53.255
1780415259.6273613,53.255
1780415259.6332843,53.255
1780415259.6388557,53.255
1780415259.6445277,53.255
1780415259.6501908,53.255
1780415259.656155,53.255
1780415259.6621566,53.255
1780415259.6681206,53.255
1780415259.6740625,53.255
1780415259.6796045,53.254
1780415259.6852305,53.255
1780415259.6908727,53.255
1780415259.6969497,53.255
1780415259.7029605,53.255
1780415259.7089386,53.255
1780415259.7148814,54.0
1780415259.7209983,53.254
1780415259.7269666,53.255
1780415259.7330008,53.255
1780415259.7389524,53.255
1780415259.7449112,53.254
1780415259.7510476,53.255
1780415259.7568903,53.255
1780415259.7630205,53.255
1780415259.7688935,53.255
1780415259.7749436,53.255
1780415259.7809694,54.0
1780415259.7870424,53.255
1780415259.7928414,53.255
1780415259.7989347,53.255
1780415259.805003,53.255
1780415259.8109589,53.254
1780415259.8169785,53.255
1780415259.8230174,53.255
1780415259.8289945,53.255
1780415259.8348775,53.255
1780415259.840973,53.255
1780415259.8470306,53.255
1780415259.8529036,53.255
1780415259.85902,53.255
1780415259.864995,53.255
1780415259.8709712,53.255
1780415259.876927,53.255
1780415259.882502,53.255
1780415259.8882182,53.255
1780415259.8937585,53.255
1780415259.8997564,53.255
1780415259.9057584,53.255
1780415259.9117,53.254
1780415259.9176598,53.255
1780415259.9232538,53.255
1780415259.9290087,53.255
1780415259.934495,53.255
1780415259.940639,53.255
1780415259.9465177,53.255
1780415259.952592,53.255
1780415259.9585876,53.255
1780415259.9645247,53.255
1780415259.9705036,53.255
1780415259.9765003,53.255
1780415259.9825246,53.255
1780415259.988603,53.255
1780415259.9945214,53.255
1780415260.0006,53.255
1780415260.0064237,53.255
1780415260.0124946,53.255
1780415260.0185392,53.255
1780415260.0245912,53.255
1780415260.0304842,53.255
1780415260.036065,53.255
1780415260.041747,53.255
1780415260.047469,54.0
1780415260.0532875,53.255
1780415260.0589087,53.255
1780415260.0647626,53.255
1780415260.0703285,54.0
1780415260.0760705,54.0
1780415260.0815644,53.255
1780415260.0870516,53.255
1780415260.0930095,53.255
1780415260.0989864,53.255
1780415260.1048388,53.255
1780415260.1103795,53.255
1780415260.1163104,53.255
1780415260.1219275,53.255
1780415260.1277144,53.255
1780415260.1338007,53.255
1780415260.1397018,53.255
1780415260.145237,53.255
1780415260.150811,53.255
1780415260.156589,53.255
1780415260.162483,53.255
1780415260.1680892,53.255
1780415260.1737168,53.255
1780415260.179396,53.255
1780415260.1853113,53.255
1780415260.1909387,53.255
1780415260.196793,53.255
1780415260.2023137,53.255
1780415260.2081275,53.255
1780415260.2142088,53.255
1780415260.2201233,53.255
1780415260.2261522,54.0
1780415260.2321742,53.255
1780415260.2380552,53.255
1780415260.244122,53.254
1780415260.2501104,54.0
1780415260.2562296,53.255
1780415260.2620578,53.255
1780415260.2682455,53.255
1780415260.2740607,53.255
1780415260.2801282,53.255
1780415260.2861285,53.255
1780415260.292138,53.255
1780415260.2980976,53.255
1780415260.3036642,53.255
1780415260.3093596,54.0
1780415260.3150141,54.0
1780415260.3209755,53.255
1780415260.3270173,53.255
1780415260.3329415,53.255
1780415260.3388538,53.255
1780415260.3449306,53.255
1780415260.3510315,54.0
1780415260.3568807,53.255
1780415260.3624983,53.255
1780415260.3681562,53.255
1780415260.3737252,53.255
1780415260.3797555,54.0
1780415260.3853977,54.0
1780415260.3911955,54.0
1780415260.396762,54.0
1780415260.4025922,54.0
1780415260.4085877,54.0
1780415260.4145734,54.0
1780415260.4205642,53.255
1780415260.4265978,53.255
1780415260.4325154,54.0
1780415260.4380736,53.255
1780415260.4436936,53.255
1780415260.4494772,53.255
1780415260.455313,53.255
1780415260.4609146,53.255
1780415260.4667506,53.255
1780415260.4722655,53.255
1780415260.4781635,54.0
1780415260.484146,53.255
1780415260.4902503,53.255
1780415260.4960387,53.255
1780415260.5021858,53.255
1780415260.508048,53.255
1780415260.514143,53.255
1780415260.5201824,53.255
1780415260.5261943,53.255
1780415260.5320482,54.0
1780415260.5382304,54.0
1780415260.5440576,53.255
1780415260.5501509,54.0
1780415260.5562189,54.0
1780415260.562069,53.255
1780415260.5680916,54.0
1780415260.5740743,54.0
1780415260.5801296,54.0
1780415260.5860844,53.255
1780415260.5921013,54.0
1780415260.5981,54.0
1780415260.604164,53.255
1780415260.6100142,54.0
1780415260.6156518,54.0
1780415260.621278,53.255
1780415260.626884,53.255
1780415260.6330416,54.0
1780415260.6388268,53.255
1780415260.6444416,53.255
1780415260.6498787,54.0
1780415260.6560273,54.0
1780415260.6617742,54.0
1780415260.667765,54.0
1780415260.6736598,54.0
1780415260.679249,53.255
1780415260.6848662,54.0
1780415260.690438,54.0
1780415260.6960142,54.0
1780415260.7017086,54.0
1780415260.707364,54.0
1780415260.7133338,54.0
1780415260.7193103,54.0
1780415260.7253194,54.0
1780415260.7312896,54.0
1780415260.7372901,53.255
1780415260.7427146,53.255
1780415260.7482617,54.0
1780415260.754122,54.0
1780415260.7601895,54.0
1780415260.7660432,54.0
1780415260.7721968,53.255
1780415260.778053,53.255
1780415260.784164,54.0
1780415260.7902203,54.0
1780415260.7960622,53.255
1780415260.8021653,54.0
1780415260.8081884,53.255
1780415260.8140538,53.255
1780415260.820126,53.255
1780415260.8262415,54.0
1780415260.8320696,53.255
1780415260.838123,53.255
1780415260.8442132,54.0
1780415260.850221,54.0
1780415260.8560567,53.255
1780415260.8615565,53.255
1780415260.867137,53.255
1780415260.8728526,53.255
1780415260.8788738,54.0
1780415260.884416,54.0
1780415260.890026,53.255
1780415260.8957422,53.255
1780415260.90178,53.255
1780415260.9076347,53.255
1780415260.9131997,53.255
1780415260.9187768,53.255
1780415260.9245863,53.255
1780415260.9304864,54.0
1780415260.9366107,53.255
1780415260.9424968,53.255
1780415260.9480565,53.255
1780415260.9536064,53.255
1780415260.9593642,53.255
1780415260.9652948,53.255
1780415260.9708576,53.255
1780415260.9765224,54.0
1780415260.9820771,54.0
1780415260.9881415,53.255
1780415260.9941618,54.0
1780415261.0000694,53.255
1780415261.0056512,53.255
1780415261.011348,54.0
1780415261.017045,53.255
1780415261.02287,53.255
1780415261.0290272,53.255
1780415261.0349946,53.255
1780415261.0408604,54.0
1780415261.0468996,53.255
1780415261.0530477,53.255
1780415261.0588868,53.255
1780415261.0649292,53.255
1780415261.0710428,54.0
1780415261.0769517,54.0
1780415261.0830133,54.0
1780415261.0889769,54.0
1780415261.0949974,53.255
1780415261.1009703,53.255
1780415261.1068764,54.0
1780415261.1124358,54.0
1780415261.117869,53.255
1780415261.1238031,53.255
1780415261.1296751,53.255
1780415261.1358323,54.0
1780415261.1416614,53.255
1780415261.1471994,53.252
1780415261.1524022,54.02
1780415261.1578484,54.012
1780415261.1633823,54.012
1780415261.1686776,54.011
1780415261.174003,54.011
1780415261.179451,54.011
1780415261.1847904,54.011
1780415261.1900535,54.012
1780415261.195603,54.011
1780415261.2010524,54.011
1780415261.2063997,54.01
1780415261.2118368,54.011
1780415261.217161,54.012
1780415261.2224238,54.011
1780415261.2280118,54.009
1780415261.233461,54.009
1780415261.2388082,54.011
1780415261.2442484,54.012
1780415261.2496002,54.01
1780415261.2550428,54.009
1780415261.2603993,54.011
1780415261.2658317,54.01
1780415261.2711914,54.012
1780415261.2766378,54.01
1780415261.2820485,54.011
1780415261.2874873,54.011
1780415261.2927995,54.011
1780415261.2982461,54.012
1780415261.3036034,54.009
1780415261.309099,54.011
1780415261.3144896,54.011
1780415261.3198743,54.011
1780415261.325184,54.009
1780415261.3306413,54.009
1780415261.335951,54.01
1780415261.3412077,54.011
1780415261.3467913,54.01
1780415261.352278,54.009
1780415261.3575907,54.009
1780415261.36304,54.009
1780415261.368367,54.011
1780415261.373634,54.01
1780415261.3791864,54.008
1780415261.3846354,54.009
1780415261.3899796,54.009
1780415261.3952515,54.011
1780415261.4007933,54.009
1780415261.4062424,54.008
1780415261.4115944,54.011
1780415261.4170477,54.009
1780415261.422393,54.009
1780415261.4278646,54.009
1780415261.433197,54.01
1780415261.438655,54.009
1780415261.4440005,54.01
1780415261.449453,54.009
1780415261.4548035,54.008
1780415261.4602668,54.01
1780415261.465738,54.01
1780415261.4712143,53.249
1780415261.4767396,53.249
1780415261.4825296,53.253
1780415261.4886363,53.252
1780415261.4945161,53.253
1780415261.5004697,53.252
1780415261.5065515,53.252
1780415261.5125484,53.252
1780415261.5185997,53.252
1780415261.5244918,53.252
1780415261.5300667,53.253
1780415261.5356627,53.252
1780415261.54135,53.252
1780415261.5472798,53.253
1780415261.553293,53.252
1780415261.5594437,53.253
1780415261.5653543,53.252
1780415261.5713203,53.253
1780415261.5771923,53.253
1780415261.5833783,53.252
1780415261.589347,53.253
1780415261.595202,53.253
1780415261.601327,53.253
1780415261.607318,53.253
1780415261.61337,53.253
1780415261.6192925,53.253
1780415261.6253521,53.253
1780415261.6313238,53.253
1780415261.6373017,53.253
1780415261.6433668,53.253
1780415261.6493099,53.252
1780415261.6554177,53.253
1780415261.6612685,53.253
1780415261.6672678,53.253
1780415261.6728196,53.253
1780415261.6783848,53.253
1780415261.6841865,53.253
1780415261.6901436,53.253
1780415261.69611,53.253
1780415261.7022052,53.253
1780415261.7081542,53.253
1780415261.7140687,53.253
1780415261.7202387,53.253
1780415261.7262216,53.253
1780415261.7320583,53.253
1780415261.737657,53.252
1780415261.7432382,53.253
1780415261.749027,53.253
1780415261.755034,53.253
1780415261.7608194,53.253
1780415261.7664492,53.253
1780415261.7720847,53.253
1780415261.7777567,53.253
1780415261.7836297,53.253
1780415261.7897482,53.253
1780415261.7957566,53.253
1780415261.8016925,53.254
1780415261.8077147,53.253
1780415261.8136916,53.253
1780415261.819769,53.253
1780415261.825815,53.253
1780415261.8316357,53.253
1780415261.8377123,53.254
1780415261.8438115,53.254
1780415261.8498092,53.253
1780415261.85571,53.253
1780415261.8617396,53.253
1780415261.867748,53.254
1780415261.8737612,53.253
1780415261.879712,53.253
1780415261.8857677,53.254
1780415261.8917649,53.253
1780415261.8977575,53.253
1780415261.9036918,53.253
1780415261.90974,53.254
1780415261.9158251,53.254
1780415261.9216642,53.254
1780415261.9272604,53.253
1780415261.9329212,53.254
1780415261.9386191,53.254
1780415261.9446464,53.254
1780415261.9504614,53.253
1780415261.9560409,53.253
1780415261.9616945,53.253
1780415261.9673173,53.253
1780415261.9732916,53.254
1780415261.9794095,53.253
1780415261.985334,53.253
1780415261.9913113,53.253
1780415261.996876,53.254
1780415262.0025506,53.254
1780415262.008267,53.253
1780415262.014126,53.253
1780415262.0200953,53.253
1780415262.026157,53.253
1780415262.032055,53.254
1780415262.037541,53.254
1780415262.0431755,53.254
1780415262.048975,53.253
1780415262.054956,53.253
1780415262.0608852,53.254
1780415262.0668352,53.253
1780415262.0729563,53.254
1780415262.079036,53.254
1780415262.0849345,53.254
1780415262.0909762,53.254
1780415262.0968502,53.254
1780415262.1030462,53.254
1780415262.1088452,53.254
1780415262.1150303,53.254
1780415262.1209826,53.254
1780415262.1268547,53.253
1780415262.1324883,53.253
1780415262.1379757,53.254
1780415262.143783,53.254
1780415262.1496615,53.254
1780415262.1557007,53.254
1780415262.1617708,53.254
1780415262.1676629,53.254
1780415262.173716,53.254
1780415262.1798093,53.254
1780415262.185761,53.254
1780415262.1917202,53.254
1780415262.1977122,53.253
1780415262.2037857,53.254
1780415262.2097597,53.254
1780415262.2157307,53.254
1780415262.221676,53.254
1780415262.2278035,53.254
1780415262.2338324,53.254
1780415262.2396696,53.254
1780415262.2457538,53.254
1780415262.2518547,53.254
1780415262.2577386,53.254
1780415262.2636456,53.254
1780415262.2692566,53.254
1780415262.2749581,53.254
1780415262.2805326,53.254
1780415262.2865224,53.254
1780415262.2925167,53.254
1780415262.2985315,53.253
1780415262.3045301,53.254
1780415262.310538,53.254
1780415262.3166163,53.254
1780415262.3226013,53.254
1780415262.32851,53.254
1780415262.3344002,53.254
1780415262.3405826,53.254
1780415262.3465912,53.254
1780415262.3524764,53.254
1780415262.3586419,53.254
1780415262.3645122,53.254
1780415262.3706698,53.254
1780415262.3764534,53.254
1780415262.3825808,53.254
1780415262.38853,53.254
1780415262.394481,53.254
1780415262.4003978,53.254
1780415262.4060614,53.254
1780415262.4117577,53.254
1780415262.4173608,53.254
1780415262.4233553,53.254
1780415262.4293115,53.253
1780415262.4354188,53.254
1780415262.4413507,53.254
1780415262.4473698,53.254
1780415262.4533253,53.254
1780415262.4592707,53.254
1780415262.465342,53.254
1780415262.4713738,53.254
1780415262.4774287,53.254
1780415262.4832528,53.254
1780415262.4893937,53.254
1780415262.4953763,53.254
1780415262.50145,53.254
1780415262.507339,53.254
1780415262.5133736,53.254
1780415262.5193677,53.254
1780415262.5254638,53.254
1780415262.5313826,53.255
1780415262.537359,53.254
1780415262.543372,53.254
1780415262.5493457,53.254
1780415262.5553372,53.254
1780415262.5612833,53.254
1780415262.5674338,53.254
1780415262.5733604,53.254
1780415262.5794067,53.254
1780415262.585388,53.254
1780415262.5912359,53.254
1780415262.5973265,53.255
1780415262.6033428,53.254
1780415262.6093655,53.254
1780415262.6152833,53.254
1780415262.6213439,53.255
1780415262.6272807,53.254
1780415262.6333816,53.254
1780415262.6393237,53.254
1780415262.6453722,53.254
1780415262.6512642,53.254
1780415262.6572652,53.254
1780415262.6633136,53.255
1780415262.66941,53.254
1780415262.6753807,53.254
1780415262.6812878,53.254
1780415262.6873806,53.254
1780415262.6932836,53.253
1780415262.69947,53.255
1780415262.7053058,53.254
1780415262.711359,53.254
1780415262.7172194,53.254
1780415262.7228885,53.254
1780415262.7285597,53.255
1780415262.7342892,53.254
1780415262.7402358,53.254
1780415262.7460823,53.255
1780415262.7515533,53.255
1780415262.75716,53.255
1780415262.762973,53.255
1780415262.7689307,53.254
1780415262.774995,53.254
1780415262.7809396,53.254
1780415262.7868657,53.254
1780415262.79239,53.254
1780415262.7979696,53.254
1780415262.8037958,53.255
1780415262.8096616,53.254
1780415262.815235,53.254
1780415262.820968,53.255
1780415262.8264716,53.254
1780415262.8325915,53.255
1780415262.8385272,53.254
1780415262.844568,53.255
1780415262.8504755,53.255
1780415262.856652,53.255
1780415262.8625627,53.255
1780415262.868593,53.255
1780415262.874511,53.255
1780415262.8806186,53.255
1780415262.8864143,53.254
1780415262.8924053,53.254
1780415262.898495,53.254
1780415262.9045637,53.254
1780415262.9104273,53.254
1780415262.9164984,53.255
1780415262.92206,53.255
1780415262.9277413,53.255
1780415262.9333878,53.255
1780415262.9393425,53.255
1780415262.9454195,53.255
1780415262.9512732,53.254
1780415262.9567802,53.255
1780415262.9621809,53.255
1780415262.968173,53.254
1780415262.9742112,53.255
1780415262.980089,53.254
1780415262.986167,53.255
1780415262.9920802,53.254
1780415262.998036,53.254
1780415263.0041697,53.255
1780415263.0101597,53.255
1780415263.0160503,53.255
1780415263.021648,53.255
1780415263.0273895,53.255
1780415263.0331218,53.255
1780415263.039027,53.255
1780415263.0449355,53.254
1780415263.0510368,53.254
1780415263.0568864,53.254
1780415263.0630677,53.255
1780415263.0689597,53.255
1780415263.074963,53.254
1780415263.0808773,53.255
1780415263.0863614,53.254
1780415263.0918856,53.254
1780415263.097819,53.255
1780415263.1037002,53.255
1780415263.1098158,53.255
1780415263.1156256,53.255
1780415263.12171,53.255
1780415263.1276462,53.255
1780415263.133854,53.254
1780415263.1395924,53.255
1780415263.1452744,53.255
1780415263.1508994,53.255
1780415263.1564822,53.254
1780415263.1626985,53.255
1780415263.1684978,53.255
1780415263.1745934,53.255
1780415263.1804023,53.255
1780415263.186027,53.255
1780415263.19166,53.255
1780415263.197409,53.255
1780415263.2033741,53.255
1780415263.2092922,53.254
1780415263.2154005,53.255
1780415263.22128,53.255
1780415263.2272105,53.255
1780415263.2333448,53.254
1780415263.2394314,53.255
1780415263.2452998,53.255
1780415263.2509112,53.255
1780415263.2565453,53.254
1780415263.2622936,53.255
1780415263.268026,53.255
1780415263.273685,53.255
1780415263.2793472,53.255
1780415263.2848701,53.255
1780415263.2904544,53.254
1780415263.2960346,53.255
1780415263.3017848,53.254
1780415263.307608,53.255
1780415263.3132722,53.255
1780415263.3188503,53.255
1780415263.3246064,53.255
1780415263.3306503,53.255
1780415263.3365333,53.255
1780415263.3425808,53.255
1780415263.3484218,53.255
1780415263.3540108,53.255
1780415263.3593886,53.255
1780415263.3653824,53.255
1780415263.37131,53.255
1780415263.3773112,53.255
1780415263.3834121,53.255
1780415263.3893151,53.254
1780415263.3952627,53.255
1780415263.4013588,53.255
1780415263.4073205,53.255
1780415263.4132338,53.255
1780415263.4192798,53.255
1780415263.425223,53.255
1780415263.4313805,53.255
1780415263.4372568,53.255
1780415263.4433377,53.255
1780415263.4493418,53.255
1780415263.4553514,53.254
1780415263.4612796,53.255
1780415263.4668925,53.255
1780415263.4726036,53.255
1780415263.4781342,53.255
1780415263.4841187,53.255
1780415263.4901888,53.255
1780415263.4962049,53.255
1780415263.5020683,53.255
1780415263.5077372,53.255
1780415263.5135272,53.255
1780415263.5191064,53.255
1780415263.524853,53.255
1780415263.5304778,53.255
1780415263.536191,53.255
1780415263.5416806,53.255
1780415263.5477085,53.255
1780415263.5537372,53.255
1780415263.5598693,53.255
1780415263.5656807,53.255
1780415263.571291,53.255
1780415263.5769637,53.255
1780415263.5825195,53.255
1780415263.5880308,53.255
1780415263.5935755,53.255
1780415263.5994418,53.255
1780415263.6052525,53.255
1780415263.6108787,53.255
1780415263.6165025,53.255
1780415263.622181,53.255
1780415263.6281302,53.255
1780415263.6341622,53.255
1780415263.6401334,53.255
1780415263.6461546,53.255
1780415263.6520867,53.255
1780415263.658143,53.255
1780415263.6641786,53.255
1780415263.6700897,53.255
1780415263.6761432,53.255
1780415263.6820517,53.255
1780415263.6881588,54.0
1780415263.6941652,53.255
1780415263.7002525,53.255
1780415263.7062151,53.255
1780415263.7120545,53.255
1780415263.7180214,53.255
1780415263.723533,54.0
1780415263.7291603,54.0
1780415263.73489,53.255
1780415263.7410333,53.255
1780415263.7468393,53.255
1780415263.7528822,53.255
1780415263.7589371,53.255
1780415263.7650194,53.255
1780415263.7708256,53.255
1780415263.7764807,53.255
1780415263.7820792,53.255
1780415263.7877743,53.255
1780415263.7936401,54.0
1780415263.7993,53.255
1780415263.8050306,53.255
1780415263.810574,53.255
1780415263.816553,53.255
1780415263.822484,54.0
1780415263.8280325,53.255
1780415263.8336084,53.255
1780415263.8392828,53.255
1780415263.8453772,53.255
1780415263.8512678,53.254
1780415263.8573635,53.255
1780415263.8633626,53.255
1780415263.8693645,53.255
1780415263.8752258,53.255
1780415263.8807614,54.0
1780415263.8863542,53.255
1780415263.892198,53.255
1780415263.8980353,53.255
1780415263.9041734,53.255
1780415263.910106,54.0
1780415263.916159,53.255
1780415263.9220333,53.255
1780415263.9275346,53.255
1780415263.9331713,53.255
1780415263.9388957,53.255
1780415263.944934,53.255
1780415263.9509003,53.254
1780415263.9570255,54.0
1780415263.96295,53.255
1780415263.969033,53.255
1780415263.9748735,53.255
1780415263.9808905,53.255
1780415263.9869342,53.255
1780415263.9930341,53.255
1780415263.9989262,53.255
1780415264.0049808,53.255
1780415264.010978,53.255
1780415264.0169199,53.254
1780415264.0229716,53.255
1780415264.029026,53.255
1780415264.0348163,54.0
1780415264.040466,53.255
1780415264.0460691,53.255
1780415264.0517087,53.255
1780415264.0576222,53.255
1780415264.0637455,53.255
1780415264.0698113,54.0
1780415264.0757082,54.0
1780415264.0818627,54.0
1780415264.0877733,54.0
1780415264.0937116,53.255
1780415264.099258,53.255
1780415264.104933,53.255
1780415264.1105404,53.255
1780415264.11656,53.254
1780415264.1226563,53.255
1780415264.1285968,53.255
1780415264.1344788,53.255
1780415264.140611,53.255
1780415264.1465592,53.255
1780415264.1524775,53.255
1780415264.1585407,53.255
1780415264.1646605,53.255
1780415264.170457,54.0
1780415264.176544,53.255
1780415264.182545,54.0
1780415264.188572,53.255
1780415264.1945353,53.255
1780415264.2005575,53.255
1780415264.2065449,53.255
1780415264.2124484,53.255
1780415264.2185137,53.255
1780415264.22458,53.255
1780415264.2304575,53.255
1780415264.2365882,53.255
1780415264.2426543,54.0
1780415264.2485657,54.0
1780415264.254544,54.0
1780415264.2605436,53.255
1780415264.2666001,53.255
1780415264.2724338,53.255
1780415264.2785838,53.255
1780415264.2844512,53.255
1780415264.2906055,53.255
1780415264.2965326,54.0
1780415264.3025937,53.255
1780415264.3084776,54.0
1780415264.314059,54.0
1780415264.3197327,54.0
1780415264.3255131,54.0
1780415264.3312309,53.255
1780415264.337386,53.255
1780415264.3433676,53.255
1780415264.3493242,53.255
1780415264.3553202,53.255
1780415264.361371,53.255
1780415264.3673844,53.255
1780415264.3732467,53.255
1780415264.3787682,53.255
1780415264.3843431,53.255
1780415264.3902838,53.255
1780415264.3961356,53.255
1780415264.4022095,53.255
1780415264.4080412,53.255
1780415264.4139364,53.255
1780415264.4200542,54.0
1780415264.4262345,53.255
1780415264.4320767,54.0
1780415264.4381714,54.0
1780415264.4442086,53.255
1780415264.450164,53.255
1780415264.4560542,53.255
1780415264.4622293,53.255
1780415264.4680204,53.255
1780415264.4736576,53.255
1780415264.4792454,53.255
1780415264.4849215,54.0
1780415264.490873,53.255
1780415264.4969735,53.255
1780415264.5030267,53.255
1780415264.508827,54.0
1780415264.514883,54.0
1780415264.5203433,54.0
1780415264.5260253,53.255
1780415264.5317223,53.255
1780415264.5377703,54.0
1780415264.5436816,54.0
1780415264.5496693,53.254
1780415264.5552883,54.0
1780415264.561042,54.0
1780415264.566643,53.255
1780415264.5724971,53.255
1780415264.5785928,53.255
1780415264.5845144,54.0
1780415264.5905602,54.0
1780415264.5966153,54.0
1780415264.6025736,53.255
1780415264.6085153,53.255
1780415264.6140413,54.0
1780415264.6196203,54.0
1780415264.6252346,54.0
1780415264.6308866,54.0
1780415264.6365895,53.255
1780415264.6421022,54.0
1780415264.647659,54.0
1780415264.6529965,54.0
1780415264.6589742,54.0
1780415264.6649275,53.255
1780415264.6704876,53.255
1780415264.6761556,53.255
1780415264.681778,53.255
1780415264.687765,54.0
1780415264.6937642,53.255
1780415264.6997604,53.255
1780415264.7056963,54.0
1780415264.7117941,54.0
1780415264.717775,54.0
1780415264.7236433,54.0
1780415264.7298386,53.255
1780415264.7357507,54.0
1780415264.7417388,53.255
1780415264.7476895,53.255
1780415264.7532907,54.0
1780415264.7592382,54.0
1780415264.7649229,53.255
1780415264.7707016,53.255
1780415264.7764843,54.0
1780415264.782054,53.254
1780415264.78757,54.0
1780415264.793344,53.255
1780415264.7993228,53.255
1780415264.8053308,53.255
1780415264.8112557,53.255
1780415264.8173523,54.0
1780415264.8233075,54.0
1780415264.829393,53.255
1780415264.8352678,54.0
1780415264.8408904,53.255
1780415264.846565,54.0
1780415264.852292,54.0
1780415264.8580554,54.0
1780415264.8636866,54.0
1780415264.8693738,53.255
1780415264.8749254,53.255
1780415264.8804457,54.0
1780415264.8858614,54.0
1780415264.8917768,54.0
1780415264.8977177,54.0
1780415264.9038265,54.0
1780415264.9096544,54.0
1780415264.9157798,53.255
1780415264.921703,54.0
1780415264.9278543,53.255
1780415264.93365,54.0
1780415264.9392953,53.255
1780415264.9449532,53.255
1780415264.9505553,53.255
1780415264.9564788,53.255
1780415264.9626968,54.0
1780415264.9685678,54.0
1780415264.9744315,54.0
1780415264.9805877,53.255
1780415264.9866018,53.255
1780415264.9925575,54.0
1780415264.998577,53.255
1780415265.0045748,54.0
1780415265.0105095,54.0
1780415265.0165071,53.255
1780415265.0225797,53.255
1780415265.028582,53.255
1780415265.0344498,53.255
1780415265.0405502,54.0
1780415265.0465405,54.0
1780415265.0524356,54.0
1780415265.0585656,54.0
1780415265.0646327,53.255
1780415265.070443,54.0
1780415265.0760412,54.0
1780415265.081621,53.255
1780415265.0873182,54.0
1780415265.0928845,53.255
1780415265.098582,53.255
1780415265.1041465,54.0
1780415265.1101637,54.0
1780415265.116079,53.255
1780415265.122188,53.255
1780415265.128191,53.255
1780415265.1341515,53.255
1780415265.1401558,54.0
1780415265.146187,54.0
1780415265.1521666,54.0
1780415265.158181,53.255
1780415265.1641195,53.255
1780415265.1701205,54.0
1780415265.176103,54.0
1780415265.1816578,53.255
1780415265.1872275,53.255
1780415265.1930473,53.255
1780415265.1989043,54.0
1780415265.2049844,53.255
1780415265.2108324,53.255
1780415265.2169075,54.0
1780415265.2229497,54.0
1780415265.2290235,53.255
1780415265.2348456,53.255
1780415265.2408962,54.0
1780415265.2469685,54.0
1780415265.252966,53.255
1780415265.2589493,53.255
1780415265.264979,54.0
1780415265.2708235,54.0
1780415265.2764397,53.255
1780415265.2820144,53.255
1780415265.2877758,53.255
1780415265.293738,53.255
1780415265.2997265,54.0
1780415265.3058028,54.0
1780415265.3116028,54.0
1780415265.3173006,54.0
1780415265.3229485,53.255
1780415265.3285685,53.255
1780415265.3344805,53.255
1780415265.3406172,53.255
1780415265.3464832,54.0
1780415265.352422,54.0
1780415265.3580785,53.255
1780415265.363766,53.255
1780415265.369357,53.255
1780415265.3753402,54.0
1780415265.3813143,53.255
1780415265.3874295,54.0
1780415265.3932834,53.255
1780415265.3994138,54.0
1780415265.4052742,53.255
1780415265.4108818,54.0
1780415265.416495,54.0
1780415265.4221878,53.255
1780415265.428134,53.255
1780415265.434162,53.255
1780415265.440108,54.0
1780415265.4461186,54.0
1780415265.4520466,54.0
1780415265.4575577,53.255
1780415265.4630685,54.0
1780415265.4689562,54.0
1780415265.4749582,54.0
1780415265.4809093,53.255
1780415265.4869308,54.0
1780415265.4929507,54.0
1780415265.498985,53.255
1780415265.50484,53.255
1780415265.5109816,54.0
1780415265.5169823,54.0
1780415265.5228438,53.255
1780415265.5290236,54.0
1780415265.5350273,54.0
1780415265.5408213,54.0
1780415265.5463634,54.0
1780415265.5519185,54.0
1780415265.5577817,54.0
1780415265.5637128,53.255
1780415265.569766,53.255
1780415265.5756385,54.0
1780415265.5812292,53.255
1780415265.5868132,53.255
1780415265.5925634,53.255
1780415265.598545,53.255
1780415265.6045837,54.0
1780415265.6104403,54.0
1780415265.6160555,53.255
1780415265.6215603,53.255
1780415265.627393,54.0
1780415265.6332698,54.0
1780415265.6389127,53.255
1780415265.6447396,54.0
1780415265.6503742,53.255
1780415265.65609,53.255
1780415265.6616974,54.0
1780415265.6676,53.255
1780415265.6731334,53.255
1780415265.678966,54.0
1780415265.684865,54.022
1780415265.6902688,54.012
1780415265.6955853,54.014
1780415265.701035,54.011
1780415265.7063944,54.012
1780415265.711841,54.012
1780415265.7171466,54.011
1780415265.7224028,54.013
1780415265.7280033,54.011
1780415265.7334456,54.012
1780415265.7387805,54.012
1780415265.744043,54.011
1780415265.7495925,54.011
1780415265.7550356,54.01
1780415265.7603433,54.011
1780415265.7656546,54.012
1780415265.7711527,54.011
1780415265.7763877,54.006
1780415265.7820168,54.005
1780415265.7874389,54.01
1780415265.792791,54.009
1780415265.7980247,54.01
1780415265.803596,54.005
1780415265.8090308,54.009
1780415265.8143852,54.013
1780415265.8196402,54.006
1780415265.8251848,54.01
1780415265.830431,54.011
1780415265.8359714,54.007
1780415265.841221,54.008
1780415265.8467941,54.011
1780415265.852222,54.005
1780415265.8575962,54.011
1780415265.8630044,54.011
1780415265.8683581,54.008
1780415265.873612,54.009
1780415265.87919,54.01
1780415265.8846314,54.01
1780415265.8900106,54.011
1780415265.895457,54.009
1780415265.9007933,54.011
1780415265.9062476,54.01
1780415265.911547,54.011
1780415265.916824,54.011
1780415265.922411,54.008
1780415265.9278557,54.01
1780415265.9333112,54.011
1780415265.938672,54.01
1780415265.943999,54.009
1780415265.9494357,54.008
1780415265.9547894,54.009
1780415265.960247,54.01
1780415265.9655924,54.01
1780415265.971073,54.009
1780415265.9763994,54.009
1780415265.9818425,54.009
1780415265.987167,54.011
1780415265.9924207,54.009
1780415265.9979808,54.008
1780415266.003242,54.008
1780415266.008791,54.009
1780415266.0142345,54.011
1780415266.019717,53.252
1780415266.0259402,53.249
1780415266.031844,53.253
1780415266.0377908,53.253
1780415266.043808,53.252
1780415266.0496054,53.253
1780415266.0557077,53.253
1780415266.061603,53.253
1780415266.0672204,53.253
1780415266.0729282,53.253
1780415266.0785031,53.253
1780415266.0840383,53.253
1780415266.089567,53.253
1780415266.0952516,53.253
1780415266.1012955,53.253
1780415266.1073415,53.253
1780415266.1133256,53.253
1780415266.1192617,53.253
1780415266.1247854,53.252
1780415266.130306,53.253
1780415266.1361992,53.253
1780415266.1420934,53.253
1780415266.147655,53.253
1780415266.153384,53.253
1780415266.15901,53.253
1780415266.164881,53.253
1780415266.1705062,53.253
1780415266.1763573,53.253
1780415266.181881,53.254
1780415266.1877623,53.253
1780415266.193755,53.253
1780415266.1997511,53.253
1780415266.205717,53.253
1780415266.211826,53.253
1780415266.217699,53.253
1780415266.2237666,53.253
1780415266.229763,53.253
1780415266.235839,53.253
1780415266.2416172,53.253
1780415266.2472174,53.253
1780415266.2529082,53.253
1780415266.2584665,53.253
1780415266.2644398,53.253
1780415266.2705503,53.253
1780415266.2765234,53.253
1780415266.2824707,53.253
1780415266.287975,53.253
1780415266.293344,53.253
1780415266.2993224,53.253
1780415266.3055863,53.253
1780415266.311224,53.253
1780415266.3172932,53.253
1780415266.3232791,53.253
1780415266.329395,53.253
1780415266.335259,53.253
1780415266.3414137,53.253
1780415266.347252,53.253
1780415266.3528655,53.254
1780415266.3585882,53.253
1780415266.364196,53.253
1780415266.3700988,53.253
1780415266.376207,53.253
1780415266.3820882,53.253
1780415266.3881233,53.253
1780415266.3941107,53.254
1780415266.3996654,53.253
1780415266.405401,53.253
1780415266.410974,53.253
1780415266.4168873,53.254
1780415266.4224093,53.253
1780415266.4280598,53.253
1780415266.433625,53.253
1780415266.439801,53.253
1780415266.4460037,53.253
1780415266.4517224,53.254
1780415266.4578247,53.254
1780415266.4637537,53.254
1780415266.4697833,53.253
1780415266.475653,53.253
1780415266.4817414,53.253
1780415266.487733,53.253
1780415266.4938097,53.253
1780415266.4998214,53.253
1780415266.5057113,53.254
1780415266.5117998,53.253
1780415266.517656,53.254
1780415266.5238066,53.254
1780415266.5296638,53.254
1780415266.535753,53.254
1780415266.5417833,53.254
1780415266.547658,53.254
1780415266.5537505,53.254
1780415266.5597014,53.254
1780415266.565774,53.254
1780415266.5717022,53.253
1780415266.5776737,53.253
1780415266.5837426,53.254
1780415266.58981,53.254
1780415266.5956872,53.254
1780415266.6012623,53.254
1780415266.6069338,53.254
1780415266.612442,53.254
1780415266.617995,53.254
1780415266.6233516,53.254
1780415266.6293604,53.254
1780415266.635299,53.254
1780415266.6413004,53.253
1780415266.6473567,53.254
1780415266.6533115,53.253
1780415266.6594255,53.254
1780415266.665308,53.254
1780415266.6713834,53.254
1780415266.677345,53.253
1780415266.6832874,53.254
1780415266.6893659,53.254
1780415266.695315,53.254
1780415266.701397,53.254
1780415266.7072515,53.254
1780415266.712746,53.254
1780415266.7182677,53.253
1780415266.724142,53.254
1780415266.7302096,53.254
1780415266.7361295,53.254
1780415266.742048,53.254
1780415266.7476666,53.254
1780415266.7533,53.254
1780415266.7590244,53.254
1780415266.765034,53.254
1780415266.7708888,53.254
1780415266.777028,53.254
1780415266.7829092,53.254
1780415266.78893,53.254
1780415266.7948308,53.254
1780415266.8009534,53.254
1780415266.8070238,53.254
1780415266.8128397,53.254
1780415266.8189988,53.254
1780415266.8249378,53.254
1780415266.8310084,53.254
1780415266.836968,53.254
1780415266.8429754,53.254
1780415266.8490124,53.254
1780415266.854325,53.255
1780415266.8599443,53.254
1780415266.8657894,53.254
1780415266.8717363,53.254
1780415266.877729,53.254
1780415266.883738,53.254
1780415266.8897789,53.254
1780415266.8957872,53.254
1780415266.9017553,53.254
1780415266.9077091,53.254
1780415266.913863,53.254
1780415266.9198134,53.254
1780415266.9257462,53.254
1780415266.9317484,53.254
1780415266.9377487,53.254
1780415266.9436522,53.254
1780415266.949257,53.254
1780415266.9548175,53.254
1780415266.960615,53.254
1780415266.9664714,53.254
1780415266.9720533,53.254
1780415266.977647,53.254
1780415266.983303,53.254
1780415266.989398,53.254
1780415266.9953318,53.254
1780415267.001392,53.254
1780415267.0073593,53.254
1780415267.013347,53.254
1780415267.019229,53.254
1780415267.0247376,53.254
1780415267.03046,53.254
1780415267.0360563,53.254
1780415267.0421736,53.254
1780415267.0480735,53.253
1780415267.0542443,53.254
1780415267.0600538,53.254
1780415267.0656414,53.254
1780415267.071381,53.254
1780415267.0768373,53.254
1780415267.0829074,53.255
1780415267.0890436,53.254
1780415267.094904,53.254
1780415267.1004596,53.254
1780415267.1060953,53.255
1780415267.111727,53.254
1780415267.1177397,53.255
1780415267.1237664,53.254
1780415267.129751,53.254
1780415267.1356337,53.254
1780415267.1412544,53.254
1780415267.1468306,53.254
1780415267.1525645,53.255
1780415267.1585405,53.254
1780415267.1644926,53.254
1780415267.1705997,53.254
1780415267.1764805,53.254
1780415267.1825166,53.255
1780415267.1885796,53.255
1780415267.194561,53.254
1780415267.2005532,53.254
1780415267.2064512,53.254
1780415267.2119865,53.255
1780415267.2175,53.255
1780415267.2233868,53.254
1780415267.2292655,53.254
1780415267.2347956,53.254
1780415267.2404373,53.254
1780415267.2460377,53.254
1780415267.2521098,53.254
1780415267.2576709,53.254
1780415267.263394,53.254
1780415267.2688797,53.254
1780415267.2748382,53.254
1780415267.280455,53.254
1780415267.2860608,53.254
1780415267.2917755,53.254
1780415267.2976856,53.255
1780415267.3038075,53.255
1780415267.3097315,53.255
1780415267.3158104,53.255
1780415267.321692,53.254
1780415267.3278024,53.255
1780415267.33359,53.255
1780415267.339735,53.254
1780415267.3456726,53.254
1780415267.351826,53.254
1780415267.3577073,53.255
1780415267.3637137,53.254
1780415267.3698106,53.254
1780415267.375652,53.255
1780415267.3818293,53.255
1780415267.3876843,53.255
1780415267.3937838,53.255
1780415267.39974,53.254
1780415267.4056578,53.254
1780415267.4112236,53.254
1780415267.4168115,53.255
1780415267.422582,53.254
1780415267.4284577,53.254
1780415267.434601,53.254
1780415267.4404805,53.255
1780415267.4465513,53.255
1780415267.452479,53.254
1780415267.4580395,53.255
1780415267.463728,53.255
1780415267.4693668,53.255
1780415267.475353,53.255
1780415267.4813259,53.255
1780415267.4873867,53.255
1780415267.4933295,53.254
1780415267.4993298,53.254
1780415267.5053263,53.254
1780415267.5113144,53.254
1780415267.5173535,53.255
1780415267.5233912,53.254
1780415267.5293689,53.254
1780415267.5352225,53.255
1780415267.540856,53.254
1780415267.5465205,53.255
1780415267.5521765,53.255
1780415267.5580924,53.255
1780415267.564064,53.255
1780415267.5701675,53.255
1780415267.5760589,53.254
1780415267.5821328,53.255
1780415267.5881953,53.254
1780415267.5941548,53.255
1780415267.6000445,53.255
1780415267.6061668,53.255
1780415267.612096,53.255
1780415267.6181667,53.254
1780415267.62409,53.255
1780415267.630121,53.255
1780415267.636213,53.255
1780415267.642076,53.254
1780415267.6481628,53.255
1780415267.654162,53.255
1780415267.660138,53.255
1780415267.6660242,53.255
1780415267.6715395,53.255
1780415267.6770945,53.255
1780415267.6829627,53.255
1780415267.6888986,53.254
1780415267.6949108,53.255
1780415267.7010078,53.255
1780415267.7069445,53.255
1780415267.71297,53.255
1780415267.7189555,53.254
1780415267.7249954,53.255
1780415267.730939,53.255
1780415267.7369845,53.255
1780415267.7429268,53.254
1780415267.7490382,53.255
1780415267.7549627,53.254
1780415267.760979,53.255
1780415267.766931,53.255
1780415267.7729113,53.255
1780415267.7788124,53.255
1780415267.7844312,53.255
1780415267.7901754,53.255
1780415267.7958112,53.255
1780415267.8017788,53.254
1780415267.807648,53.255
1780415267.8138695,53.255
1780415267.8196924,53.255
1780415267.8258388,53.255
1780415267.8315887,53.255
1780415267.8376777,53.255
1780415267.8437598,53.255
1780415267.8498468,53.255
1780415267.855598,53.255
1780415267.8617606,53.255
1780415267.8677049,53.255
1780415267.873756,53.254
1780415267.8796303,53.255
1780415267.8858159,53.255
1780415267.8917003,53.255
1780415267.897661,54.0
1780415267.9032161,54.0
1780415267.908808,53.255
1780415267.914489,54.0
1780415267.9205685,53.255
1780415267.9265778,53.255
1780415267.9324963,53.255
1780415267.938563,54.0
1780415267.9445481,53.255
1780415267.9504735,53.255
1780415267.9565842,53.255
1780415267.9626076,53.255
1780415267.9685009,53.255
1780415267.9740367,53.254
1780415267.9795625,53.255
1780415267.9854124,53.255
1780415267.991253,53.255
1780415267.9973571,53.255
1780415268.003335,53.255
1780415268.0094302,54.0
1780415268.0152755,53.255
1780415268.0214193,53.255
1780415268.0273418,53.255
1780415268.0332928,53.255
1780415268.038888,53.255
1780415268.0442123,53.255
1780415268.0502098,53.255
1780415268.0560622,53.255
1780415268.061696,53.255
1780415268.0673397,53.255
1780415268.0729442,53.254
1780415268.0789816,53.255
1780415268.0850327,53.255
1780415268.0909288,53.255
1780415268.0969615,53.255
1780415268.1030025,53.255
1780415268.109023,53.255
1780415268.1148355,53.255
1780415268.1209967,53.255
1780415268.127005,53.255
1780415268.132966,53.255
1780415268.1388896,53.255
1780415268.1448653,53.255
1780415268.1510148,53.255
1780415268.156922,53.255
1780415268.162937,53.255
1780415268.1690218,53.255
1780415268.1749136,53.255
1780415268.1809468,53.255
1780415268.18698,53.255
1780415268.1932805,53.255
1780415268.198901,53.255
1780415268.2048395,53.255
1780415268.2103124,54.0
1780415268.2159393,53.255
1780415268.2218235,53.255
1780415268.2278192,53.255
1780415268.2336714,53.255
1780415268.2396603,53.255
1780415268.2457352,53.255
1780415268.2518272,53.255
1780415268.257631,53.255
1780415268.263267,53.255
1780415268.2688408,54.0
1780415268.2745879,53.255
1780415268.2804518,53.255
1780415268.286067,53.255
1780415268.2917502,54.0
1780415268.2973042,53.255
1780415268.3028655,53.255
1780415268.3084693,54.0
1780415268.3142204,53.255
1780415268.3200402,53.255
1780415268.32567,53.255
1780415268.331311,53.255
1780415268.336965,53.255
1780415268.3428473,53.255
1780415268.3489575,53.255
1780415268.354983,53.255
1780415268.360915,53.255
1780415268.3665247,53.255
1780415268.3723705,53.254
1780415268.3780622,54.0
1780415268.383699,53.255
1780415268.3897374,53.255
1780415268.395708,53.255
1780415268.4016426,53.255
1780415268.4077318,54.0
1780415268.4137938,53.255
1780415268.4196723,54.0
1780415268.4257298,54.0
1780415268.4318085,54.0
1780415268.4377341,53.254
1780415268.4437368,53.255
1780415268.4497674,53.255
1780415268.4557958,53.255
1780415268.4616714,53.255
1780415268.46775,54.0
1780415268.473779,54.0
1780415268.4798367,54.0
1780415268.485722,53.255
1780415268.4917593,53.255
1780415268.4976866,53.255
1780415268.5037713,53.254
1780415268.5097678,53.255
1780415268.5157793,53.255
1780415268.5217586,53.255
1780415268.5277193,53.255
1780415268.5337868,53.255
1780415268.5397837,53.255
1780415268.5456212,53.255
1780415268.551276,53.255
1780415268.556945,53.255
1780415268.5624669,53.255
1780415268.5680604,54.0
1780415268.573725,54.0
1780415268.5794928,54.0
1780415268.585223,53.255
1780415268.5908694,53.255
1780415268.5965095,54.0
1780415268.6021628,54.0
1780415268.6081355,54.0
1780415268.6141002,53.255
1780415268.6202297,53.255
1780415268.6260157,53.255
1780415268.6322243,53.255
1780415268.6381497,53.255
1780415268.6442375,53.255
1780415268.650121,53.255
1780415268.656155,53.255
1780415268.6620395,53.255
1780415268.6680698,53.255
1780415268.6740308,54.0
1780415268.680175,54.0
1780415268.6860545,53.255
1780415268.691691,54.0
1780415268.6973007,54.0
1780415268.7029462,53.255
1780415268.7089024,53.255
1780415268.7144911,53.255
1780415268.7201905,53.255
1780415268.7257187,53.255
1780415268.731637,53.255
1780415268.7377899,53.255
1780415268.7438478,53.255
1780415268.7497528,54.0
1780415268.7558055,54.0
1780415268.7617395,53.255
1780415268.7677112,54.0
1780415268.7736099,54.0
1780415268.7791512,54.0
1780415268.78475,53.255
1780415268.7904866,53.255
1780415268.7965653,53.255
1780415268.802554,53.255
1780415268.8084586,53.255
1780415268.8140619,53.255
1780415268.8197763,53.255
1780415268.8253016,54.0
1780415268.830854,53.255
1780415268.8364444,53.255
1780415268.8421233,53.255
1780415268.8480606,53.255
1780415268.8536792,53.255
1780415268.8593454,53.255
1780415268.8648722,53.255
1780415268.870904,54.0
1780415268.8769863,54.0
1780415268.883023,54.0
1780415268.8889022,53.255
1780415268.8944757,54.0
1780415268.9001849,53.255
1780415268.9058902,54.0
1780415268.911711,53.255
1780415268.9177701,54.0
1780415268.9237492,53.255
1780415268.9296381,53.255
1780415268.9357076,53.255
1780415268.9418473,53.255
1780415268.9477444,53.255
1780415268.9537065,53.255
1780415268.9597807,53.255
1780415268.9656656,54.0
1780415268.9717171,54.0
1780415268.9777217,53.255
1780415268.9838107,53.255
1780415268.989608,54.0
1780415268.9958248,53.255
1780415269.0016842,53.255
1780415269.0077753,53.255
1780415269.0137672,53.255
1780415269.0197465,54.0
1780415269.0256941,54.0
1780415269.0312512,54.0
1780415269.036852,54.0
1780415269.042601,54.0
1780415269.0484831,53.255
1780415269.0540683,53.255
1780415269.0597112,53.255
1780415269.065308,54.0
1780415269.07138,54.0
1780415269.077419,53.255
1780415269.0832481,53.255
1780415269.0888646,54.0
1780415269.0945196,53.255
1780415269.1001678,54.0
1780415269.1061273,54.0
1780415269.1121514,53.255
1780415269.1182125,53.255
1780415269.124051,54.0
1780415269.129572,54.0
1780415269.1350694,53.254
1780415269.141018,54.0
1780415269.146964,53.255
1780415269.1530416,53.255
1780415269.158881,53.255
1780415269.1648898,54.0
1780415269.1709647,54.0
1780415269.1770139,54.0
1780415269.1829286,54.0
1780415269.1889648,54.0
1780415269.1948745,53.255
1780415269.20088,53.255
1780415269.2069058,54.0
1780415269.2130053,53.255
1780415269.2188306,53.255
1780415269.2244642,54.0
1780415269.2300582,53.255
1780415269.2356906,53.255
1780415269.2416842,54.0
1780415269.2477872,53.255
1780415269.2537546,53.255
1780415269.2596047,53.255
1780415269.2651935,53.255
1780415269.2708943,54.0
1780415269.276608,54.0
1780415269.2824671,54.0
1780415269.288591,53.255
1780415269.2944264,54.0
1780415269.2999966,54.0
1780415269.305346,54.0
1780415269.3113883,54.0
1780415269.3172233,53.255
1780415269.3228524,53.255
1780415269.3284686,54.0
1780415269.3341064,53.254
1780415269.3400986,54.0
1780415269.345665,54.0
1780415269.3513927,53.255
1780415269.3569558,53.255
1780415269.3629243,54.0
1780415269.3690052,54.0
1780415269.375009,53.255
1780415269.3809252,54.0
1780415269.3870163,54.0
1780415269.3929129,54.0
1780415269.3989275,54.0
1780415269.404849,54.0
1780415269.410953,54.0
1780415269.4169145,54.0
1780415269.4229798,53.255
1780415269.428822,53.255
1780415269.4348674,53.255
1780415269.4409337,54.0
1780415269.4470286,53.255
1780415269.4528773,53.255
1780415269.4588969,53.255
1780415269.4650064,53.255
1780415269.4710152,54.0
1780415269.4769223,54.0
1780415269.4824004,53.255
1780415269.4881182,53.255
1780415269.4936295,53.255
1780415269.4991746,54.0
1780415269.5047355,54.0
1780415269.510503,54.0
1780415269.5165224,54.0
1780415269.522539,53.255
1780415269.5284843,54.0
1780415269.5340111,53.255
1780415269.5395734,54.0
1780415269.5453799,53.255
1780415269.5512788,53.255
1780415269.5568528,53.255
1780415269.562505,53.255
1780415269.5680633,53.255
1780415269.5741808,53.255
1780415269.5801542,53.255
1780415269.5860093,54.0
1780415269.5916402,54.0
1780415269.5972195,54.0
1780415269.603015,54.0
1780415269.6088479,54.0
1780415269.6144974,54.0
1780415269.6201513,54.0
1780415269.6257043,54.0
1780415269.6312656,54.0
1780415269.636935,54.0
1780415269.6425881,54.0
1780415269.6484737,54.0
1780415269.654044,54.0
1780415269.6597753,53.255
1780415269.6653132,53.255
1780415269.6712034,54.0
1780415269.6768095,54.0
1780415269.6825018,53.255
1780415269.6880548,54.0
1780415269.693574,54.0
1780415269.6990654,54.0
1780415269.704956,54.0
1780415269.7109501,53.255
1780415269.7170243,53.255
1780415269.722881,53.255
1780415269.728995,54.0
1780415269.7348974,53.255
1780415269.7410283,54.0
1780415269.746898,54.0
1780415269.7530477,53.255
1780415269.7588606,54.0
1780415269.7649271,54.0
1780415269.7708497,54.0
1780415269.7769403,53.255
1780415269.782906,54.0
1780415269.7884712,53.255
1780415269.7941494,53.255
1780415269.799702,53.254
1780415269.8057804,54.0
1780415269.8117957,54.0
1780415269.8177593,53.255
1780415269.8236926,54.0
1780415269.82925,53.255
1780415269.8347902,53.255
1780415269.8404655,54.0
1780415269.8460748,54.0
1780415269.8518152,53.255
1780415269.8573768,53.255
1780415269.8634193,54.0
1780415269.8693552,54.0
1780415269.8754675,53.255
1780415269.8813436,54.0
1780415269.887343,54.0
1780415269.8932638,54.0
1780415269.898873,54.0
1780415269.9042375,54.0
1780415269.9101982,54.0
1780415269.9161165,53.255
1780415269.9221325,54.0
1780415269.9280648,54.0
1780415269.9341128,53.255
1780415269.9401245,54.0
1780415269.9462192,54.0
1780415269.9520676,53.255
1780415269.9581318,54.0
1780415269.9641185,54.0
1780415269.970191,54.0
1780415269.9760263,54.0
1780415269.9821408,54.0
1780415269.988033,53.255
1780415269.994059,54.0
1780415270.000199,53.255
1780415270.0061686,54.0
1780415270.012174,54.0
1780415270.018215,54.0
1780415270.024027,54.0
1780415270.0300615,53.255
1780415270.036146,54.0
1780415270.0422227,53.255
1780415270.0480554,53.255
1780415270.0536218,53.255
1780415270.059299,54.0
1780415270.0648625,54.0
1780415270.0708928,54.0
1780415270.0769377,54.0
1780415270.0829124,54.0
1780415270.0890028,54.0
1780415270.094907,54.0
1780415270.1004236,53.255
1780415270.1059866,53.255
1780415270.1118062,54.0
1780415270.1176505,54.0
1780415270.1234417,53.255
1780415270.1291564,53.255
1780415270.1347234,53.255
1780415270.1405218,54.0
1780415270.1465967,53.255
1780415270.1524422,53.255
1780415270.1580586,54.0
1780415270.1637564,54.0
1780415270.1692889,54.0
1780415270.175377,54.0
1780415270.181428,53.255
1780415270.1873012,54.0
1780415270.1932366,54.0
1780415270.199324,53.255
1780415270.2053614,53.255
1780415270.211315,54.0
1780415270.2173512,53.255
1780415270.2232096,53.255
1780415270.22928,54.0
