timestamp,gpu_power_w
1780415035.5019143,53.25
1780415035.5072339,54.018
1780415035.5124857,54.007
1780415035.5178008,54.012
1780415035.5232427,54.007
1780415035.5285907,54.009
1780415035.5338519,54.008
1780415035.5393925,54.008
1780415035.5448976,54.012
1780415035.550208,54.006
1780415035.55564,54.007
1780415035.5609963,54.007
1780415035.5662336,54.008
1780415035.5717568,54.007
1780415035.5770009,54.009
1780415035.5826263,54.008
1780415035.5880764,54.007
1780415035.5934057,54.006
1780415035.5988665,54.008
1780415035.6041517,54.008
1780415035.6093984,54.008
1780415035.6150084,54.012
1780415035.620452,54.006
1780415035.6257415,54.007
1780415035.6309998,54.007
1780415035.6366005,54.007
1780415035.6420608,54.006
1780415035.6473577,54.007
1780415035.6526284,54.008
1780415035.6581995,54.007
1780415035.6634462,54.007
1780415035.6689498,54.007
1780415035.6741824,54.008
1780415035.6797986,54.007
1780415035.6850457,54.012
1780415035.690585,54.005
1780415035.6958432,54.007
1780415035.7013838,54.006
1780415035.7066438,54.007
1780415035.7121832,54.006
1780415035.717439,54.007
1780415035.7229462,54.009
1780415035.7282016,54.006
1780415035.733794,54.006
1780415035.7390432,54.007
1780415035.7445915,54.006
1780415035.7500505,54.007
1780415035.7554562,54.01
1780415035.7608876,54.005
1780415035.76621,54.006
1780415035.7716572,54.009
1780415035.7769976,54.006
1780415035.7822387,54.009
1780415035.787806,54.007
1780415035.7934558,53.245
1780415035.7991507,53.247
1780415035.8048515,53.25
1780415035.8108156,53.252
1780415035.8168423,53.252
1780415035.822782,53.252
1780415035.8287017,53.252
1780415035.8343046,53.251
1780415035.8398032,53.252
1780415035.8456147,53.252
1780415035.8516304,53.252
1780415035.8576243,53.252
1780415035.8635197,53.252
1780415035.8691416,53.252
1780415035.875088,53.251
1780415035.880709,53.252
1780415035.8863401,53.252
1780415035.892394,53.252
1780415035.8983572,53.252
1780415035.9042869,53.252
1780415035.9099436,53.252
1780415035.9159608,53.252
1780415035.9215968,53.252
1780415035.927289,53.252
1780415035.933177,53.252
1780415035.9393134,53.252
1780415035.945056,53.252
1780415035.9510937,53.252
1780415035.9572034,53.252
1780415035.963285,53.252
1780415035.9692495,53.252
1780415035.9752066,53.252
1780415035.981132,53.252
1780415035.9871695,53.253
1780415035.9932017,53.252
1780415035.999205,53.253
1780415036.0051491,53.252
1780415036.0112066,53.252
1780415036.017152,53.253
1780415036.0231497,53.252
1780415036.0290735,53.252
1780415036.0352516,53.252
1780415036.0411952,53.253
1780415036.047114,53.252
1780415036.0527086,53.252
1780415036.058412,53.253
1780415036.0640588,53.253
1780415036.0699253,53.254
1780415036.0759265,53.252
1780415036.0819335,53.253
1780415036.0874152,53.252
1780415036.0930543,53.253
1780415036.098734,53.253
1780415036.1047587,53.253
1780415036.1107972,53.253
1780415036.1167386,53.252
1780415036.122704,53.253
1780415036.1282048,53.253
1780415036.1337938,53.253
1780415036.1395342,53.253
1780415036.145462,53.253
1780415036.151453,53.253
1780415036.1575952,53.253
1780415036.163597,53.253
1780415036.1694088,53.253
1780415036.1750715,53.253
1780415036.1805983,53.253
1780415036.1861804,53.253
1780415036.1924388,53.254
1780415036.1983104,53.253
1780415036.2038147,53.253
1780415036.209328,53.253
1780415036.2152057,53.253
1780415036.2212148,53.253
1780415036.227112,53.253
1780415036.2330804,53.253
1780415036.2392607,53.253
1780415036.2450895,53.253
1780415036.2510598,53.253
1780415036.2566714,53.253
1780415036.2621741,53.252
1780415036.268006,53.253
1780415036.2738855,53.253
1780415036.280016,53.253
1780415036.2854035,53.253
1780415036.2910144,53.253
1780415036.2968693,53.253
1780415036.3028398,53.253
1780415036.308663,53.253
1780415036.3142629,53.253
1780415036.319953,53.253
1780415036.3255513,53.254
1780415036.3315787,53.254
1780415036.337524,53.253
1780415036.3435166,53.253
1780415036.3495483,53.253
1780415036.3555884,53.253
1780415036.3614314,53.253
1780415036.367063,53.253
1780415036.372711,53.253
1780415036.3783813,53.253
1780415036.384497,53.253
1780415036.3904624,53.253
1780415036.3962798,53.253
1780415036.401841,53.253
1780415036.4073963,53.253
1780415036.4132173,53.253
1780415036.4191258,53.253
1780415036.4251342,53.253
1780415036.4312088,53.253
1780415036.4372265,53.253
1780415036.443225,53.253
1780415036.4492342,53.253
1780415036.4551675,53.253
1780415036.4612718,53.253
1780415036.4671962,53.253
1780415036.4731505,53.253
1780415036.4791882,53.253
1780415036.4851894,53.253
1780415036.4911523,53.253
1780415036.4972007,53.253
1780415036.5030935,53.252
1780415036.5092077,53.254
1780415036.5151176,53.253
1780415036.5206885,53.253
1780415036.5262797,53.254
1780415036.5320158,53.254
1780415036.5380492,53.254
1780415036.5440161,53.253
1780415036.5500035,53.253
1780415036.5560024,53.253
1780415036.562062,53.254
1780415036.5680332,53.254
1780415036.5739927,53.254
1780415036.5800266,53.253
1780415036.5860322,53.253
1780415036.5919826,53.253
1780415036.5979922,53.253
1780415036.6039226,53.253
1780415036.6099377,53.253
1780415036.6154938,53.253
1780415036.621051,53.253
1780415036.6268215,53.253
1780415036.6328378,53.253
1780415036.638879,53.254
1780415036.644915,53.253
1780415036.6508489,53.254
1780415036.6568604,53.254
1780415036.6627755,53.254
1780415036.6688495,53.254
1780415036.6748462,53.254
1780415036.68087,53.254
1780415036.6868567,53.253
1780415036.69277,53.254
1780415036.6988547,53.254
1780415036.704721,53.253
1780415036.7107675,53.254
1780415036.7167523,53.254
1780415036.7228034,53.254
1780415036.7287908,53.254
1780415036.7347457,53.254
1780415036.7407613,53.254
1780415036.746784,53.253
1780415036.752671,53.254
1780415036.7587729,53.254
1780415036.7648487,53.254
1780415036.770737,53.254
1780415036.7767556,53.253
1780415036.7827709,53.253
1780415036.788853,53.254
1780415036.7948127,53.254
1780415036.8007436,53.254
1780415036.8067782,53.253
1780415036.8128777,53.253
1780415036.8188682,53.254
1780415036.8246806,53.254
1780415036.830683,53.254
1780415036.836858,53.254
1780415036.8427923,53.254
1780415036.848772,53.254
1780415036.8548632,53.254
1780415036.860724,53.254
1780415036.8667507,53.253
1780415036.8728092,53.254
1780415036.8788996,53.254
1780415036.8849049,53.254
1780415036.8908286,53.254
1780415036.8968654,53.254
1780415036.9029102,53.254
1780415036.9087665,53.253
1780415036.9148107,53.254
1780415036.9208555,53.254
1780415036.926716,53.254
1780415036.9322872,53.254
1780415036.9377654,53.254
1780415036.9436126,53.254
1780415036.9495814,53.254
1780415036.955498,53.254
1780415036.961044,53.254
1780415036.966776,53.254
1780415036.97232,53.254
1780415036.9784524,53.254
1780415036.9844081,53.254
1780415036.9903498,53.254
1780415036.9964182,53.254
1780415037.002351,53.254
1780415037.008449,53.254
1780415037.0144587,53.254
1780415037.0204675,53.254
1780415037.0264459,53.254
1780415037.0323923,53.254
1780415037.0384097,53.254
1780415037.0444715,53.254
1780415037.0504413,53.254
1780415037.0563838,53.254
1780415037.0624564,53.254
1780415037.0683632,53.255
1780415037.0744483,53.254
1780415037.080336,53.254
1780415037.0864198,53.254
1780415037.0924726,53.254
1780415037.0983505,53.254
1780415037.1042798,53.254
1780415037.1099355,53.254
1780415037.1154892,53.255
1780415037.121248,53.254
1780415037.1271706,53.254
1780415037.133276,53.254
1780415037.1392875,53.254
1780415037.145246,53.254
1780415037.151253,53.254
1780415037.1572106,53.254
1780415037.1631737,53.254
1780415037.169209,53.254
1780415037.1751468,53.254
1780415037.1811478,53.254
1780415037.1872766,53.254
1780415037.1931581,53.254
1780415037.1991572,53.254
1780415037.2052193,53.255
1780415037.2111607,53.255
1780415037.2167046,53.254
1780415037.222347,53.254
1780415037.22802,53.255
1780415037.2339547,53.254
1780415037.2399566,53.254
1780415037.2459028,53.254
1780415037.2520058,53.254
1780415037.2580097,53.254
1780415037.2639563,53.255
1780415037.2700236,53.254
1780415037.2759838,53.255
1780415037.2819173,53.254
1780415037.287978,53.254
1780415037.2939653,53.254
1780415037.2999578,53.254
1780415037.3059766,53.254
1780415037.3119774,53.254
1780415037.318006,53.255
1780415037.3239694,53.254
1780415037.3300052,53.254
1780415037.3359299,53.255
1780415037.3419142,53.254
1780415037.3480084,53.255
1780415037.354239,53.254
1780415037.359959,53.254
1780415037.3659668,53.255
1780415037.3720298,53.255
1780415037.3779986,53.255
1780415037.383982,53.254
1780415037.3899977,53.255
1780415037.3959982,53.254
1780415037.4020143,53.254
1780415037.4079258,53.254
1780415037.4139593,53.253
1780415037.4199984,53.254
1780415037.4259627,53.254
1780415037.4320667,53.254
1780415037.4380355,53.255
1780415037.4439454,53.255
1780415037.450081,53.254
1780415037.456027,53.254
1780415037.4619577,53.254
1780415037.468054,53.255
1780415037.4739702,53.254
1780415037.4794912,53.255
1780415037.485096,53.254
1780415037.4908457,53.255
1780415037.496824,53.254
1780415037.5026915,53.254
1780415037.5087228,53.254
1780415037.514667,53.254
1780415037.5208468,53.255
1780415037.526734,53.255
1780415037.5328043,53.254
1780415037.5387883,53.255
1780415037.544732,53.254
1780415037.5507705,53.254
1780415037.5567143,53.254
1780415037.5622501,53.255
1780415037.56798,53.255
1780415037.5735655,53.255
1780415037.5796962,53.255
1780415037.5855613,53.255
1780415037.591511,53.254
1780415037.597138,53.254
1780415037.6027398,53.255
1780415037.6084266,53.254
1780415037.6144276,53.255
1780415037.6204112,53.255
1780415037.6264408,53.255
1780415037.6323333,53.255
1780415037.6379461,53.254
1780415037.6435037,53.255
1780415037.6491902,53.255
1780415037.6552603,53.255
1780415037.661258,53.255
1780415037.6671782,53.254
1780415037.6732407,53.255
1780415037.6792436,53.254
1780415037.6852255,53.254
1780415037.6911566,53.255
1780415037.6971533,53.255
1780415037.702624,53.255
1780415037.7081656,53.255
1780415037.7140167,53.255
1780415037.7200515,53.255
1780415037.7260337,53.255
1780415037.7320285,53.255
1780415037.7379065,53.255
1780415037.7435122,53.255
1780415037.7490335,53.255
1780415037.754887,53.255
1780415037.760836,53.255
1780415037.76681,53.255
1780415037.7728179,53.255
1780415037.7787242,53.255
1780415037.7848527,53.255
1780415037.790785,53.255
1780415037.7967646,53.255
1780415037.8028395,53.255
1780415037.8087976,53.255
1780415037.814749,53.255
1780415037.8203125,53.254
1780415037.825877,53.255
1780415037.8316662,53.255
1780415037.8375833,53.255
1780415037.8435953,53.255
1780415037.849698,53.254
1780415037.8555646,53.255
1780415037.8615692,53.254
1780415037.8675516,53.254
1780415037.8735688,53.255
1780415037.8796132,53.255
1780415037.8855522,53.255
1780415037.891108,53.255
1780415037.8968472,53.255
1780415037.902494,53.254
1780415037.9083602,53.255
1780415037.913843,53.255
1780415037.9195957,53.255
1780415037.9254024,53.255
1780415037.9312112,53.255
1780415037.9371152,53.255
1780415037.942788,53.254
1780415037.9483926,53.255
1780415037.95393,53.255
1780415037.9600296,53.255
1780415037.9660423,53.255
1780415037.9720006,53.255
1780415037.9779382,53.255
1780415037.9834888,53.254
1780415037.9891346,53.255
1780415037.9947429,53.255
1780415038.0007644,53.255
1780415038.0069177,53.255
1780415038.0127892,53.255
1780415038.0187783,53.255
1780415038.024864,53.254
1780415038.0307944,53.255
1780415038.0368006,53.255
1780415038.042815,53.255
1780415038.0488482,53.255
1780415038.0547898,53.255
1780415038.060866,53.254
1780415038.0668242,53.254
1780415038.0727108,54.0
1780415038.0782337,53.255
1780415038.0839858,53.255
1780415038.0897934,53.255
1780415038.0955455,53.255
1780415038.101128,53.255
1780415038.106833,53.254
1780415038.112587,53.255
1780415038.118382,53.255
1780415038.1243124,53.255
1780415038.1304126,53.255
1780415038.1363482,53.255
1780415038.1418684,53.255
1780415038.1475132,53.254
1780415038.1532326,53.255
1780415038.1592464,53.255
1780415038.1651986,53.255
1780415038.1712086,53.255
1780415038.1771398,53.255
1780415038.1832232,53.255
1780415038.1892395,53.254
1780415038.1952338,53.255
1780415038.2012358,54.0
1780415038.2073095,53.255
1780415038.2131703,53.255
1780415038.2186897,54.0
1780415038.2242162,53.255
1780415038.230015,53.255
1780415038.2360384,53.255
1780415038.2420354,53.255
1780415038.2480402,53.255
1780415038.2545917,53.255
1780415038.2602394,53.255
1780415038.265979,53.255
1780415038.272006,53.254
1780415038.2779036,53.255
1780415038.2839653,53.255
1780415038.2900019,53.255
1780415038.2959423,53.255
1780415038.3019998,53.255
1780415038.3079731,53.255
1780415038.3139803,53.255
1780415038.3200083,53.255
1780415038.326008,53.255
1780415038.331903,53.255
1780415038.3379996,54.0
1780415038.3439965,53.255
1780415038.3500435,53.255
1780415038.356048,53.255
1780415038.3619816,53.255
1780415038.3680375,53.255
1780415038.3738809,53.253
1780415038.379266,54.009
1780415038.3846543,54.006
1780415038.3898797,54.014
1780415038.3954475,54.006
1780415038.4006908,54.009
1780415038.4062629,54.015
1780415038.411698,54.008
1780415038.41704,54.009
1780415038.4222958,54.01
1780415038.4278438,54.009
1780415038.4330876,54.009
1780415038.4386022,54.009
1780415038.443839,54.01
1780415038.4494598,54.009
1780415038.4548917,54.014
1780415038.4602492,54.008
1780415038.465509,54.009
1780415038.471054,54.008
1780415038.4764836,54.009
1780415038.4818497,54.008
1780415038.487097,54.009
1780415038.492645,54.011
1780415038.498093,54.009
1780415038.503439,54.008
1780415038.5086908,54.009
1780415038.5142398,54.008
1780415038.519497,54.009
1780415038.525003,54.012
1780415038.5302567,54.007
1780415038.5358417,54.008
1780415038.5411,54.007
1780415038.5466404,54.008
1780415038.5520916,54.007
1780415038.5573978,54.007
1780415038.5626638,54.01
1780415038.568258,54.008
1780415038.573683,54.008
1780415038.5789912,54.008
1780415038.5842292,54.009
1780415038.5898383,54.008
1780415038.5950909,54.012
1780415038.6006389,54.006
1780415038.605898,54.007
1780415038.611438,54.006
1780415038.6166918,54.008
1780415038.6222422,54.007
1780415038.6275,54.007
1780415038.6330514,54.011
1780415038.6384904,54.007
1780415038.6438382,54.009
1780415038.649094,54.007
1780415038.6546519,54.007
1780415038.6601028,54.012
1780415038.6655521,53.251
1780415038.6716018,53.249
1780415038.6777194,53.248
1780415038.6834903,53.253
1780415038.68973,53.252
1780415038.695691,53.252
1780415038.7016046,53.253
1780415038.7077413,53.253
1780415038.7136226,53.253
1780415038.7195218,53.252
1780415038.725215,53.253
1780415038.7311974,53.252
1780415038.7368205,53.253
1780415038.7425358,53.252
1780415038.74844,53.253
1780415038.7543564,53.253
1780415038.7604513,53.252
1780415038.7663808,53.253
1780415038.7724273,53.253
1780415038.7784994,53.252
1780415038.7844822,53.253
1780415038.79048,53.252
1780415038.7963846,53.253
1780415038.802461,53.253
1780415038.808481,53.253
1780415038.814462,53.253
1780415038.8203297,53.253
1780415038.8263874,53.253
1780415038.8324578,53.253
1780415038.8385074,53.253
1780415038.8444715,53.253
1780415038.8503156,53.253
1780415038.8564646,53.253
1780415038.862398,53.253
1780415038.8684387,53.253
1780415038.8742695,53.253
1780415038.8799076,53.253
1780415038.8858066,53.253
1780415038.891421,53.253
1780415038.8972535,53.253
1780415038.9032657,53.253
1780415038.9092078,53.252
1780415038.915213,53.253
1780415038.9212327,53.253
1780415038.9272625,53.253
1780415038.9332356,53.253
1780415038.93929,53.253
1780415038.9451215,53.253
1780415038.9507813,53.252
1780415038.9563878,53.253
1780415038.962062,53.253
1780415038.9680388,53.253
1780415038.973981,53.253
1780415038.9800458,53.253
1780415038.9859471,53.254
1780415038.991559,53.253
1780415038.9972334,53.253
1780415039.0028837,53.253
1780415039.008872,53.253
1780415039.014815,53.253
1780415039.0208216,53.253
1780415039.0267456,53.253
1780415039.0323381,53.253
1780415039.037891,53.253
1780415039.0436652,53.253
1780415039.0496392,53.252
1780415039.055636,53.253
1780415039.0615208,53.253
1780415039.0675485,53.254
1780415039.0736496,53.253
1780415039.0795288,53.253
1780415039.0856545,53.253
1780415039.0915632,53.253
1780415039.0974867,53.253
1780415039.1035542,53.253
1780415039.1095767,53.253
1780415039.1156826,53.253
1780415039.1217213,53.253
1780415039.1275685,53.253
1780415039.133156,53.253
1780415039.1386318,53.253
1780415039.1443863,53.253
1780415039.1504674,53.253
1780415039.1564226,53.253
1780415039.162359,53.254
1780415039.1679156,53.253
1780415039.1737497,53.253
1780415039.1793933,53.254
1780415039.1852105,53.253
1780415039.1912065,53.253
1780415039.1972136,53.254
1780415039.203248,53.253
1780415039.2092712,53.253
1780415039.2154183,53.254
1780415039.2211452,53.254
1780415039.2267945,53.254
1780415039.2326798,53.253
1780415039.2383325,53.253
1780415039.2440627,53.254
1780415039.2500584,53.253
1780415039.2559204,53.254
1780415039.262051,53.254
1780415039.2680762,53.254
1780415039.2740228,53.253
1780415039.2800212,53.253
1780415039.2860265,53.254
1780415039.2920535,53.253
1780415039.2980382,53.253
1780415039.303981,53.254
1780415039.3095505,53.254
1780415039.3151987,53.254
1780415039.320962,53.254
1780415039.3268511,53.254
1780415039.332883,53.253
1780415039.338838,53.254
1780415039.3448715,53.254
1780415039.3508203,53.254
1780415039.3566756,53.254
1780415039.3628178,53.254
1780415039.368833,53.254
1780415039.3748112,53.254
1780415039.3807948,53.254
1780415039.386784,53.254
1780415039.39286,53.253
1780415039.398801,53.254
1780415039.4046993,53.254
1780415039.410835,53.254
1780415039.4167423,53.254
1780415039.4228098,53.254
1780415039.4287817,53.254
1780415039.4343843,53.253
1780415039.439951,53.254
1780415039.4456713,53.254
1780415039.4516351,53.254
1780415039.4576294,53.254
1780415039.4636114,53.254
1780415039.4696746,53.254
1780415039.4756346,53.254
1780415039.4816272,53.254
1780415039.4876416,53.254
1780415039.4936585,53.253
1780415039.4996603,53.254
1780415039.5055537,53.254
1780415039.5110922,53.254
1780415039.516726,53.254
1780415039.5225,53.254
1780415039.5284464,53.254
1780415039.5344486,53.254
1780415039.5404518,53.254
1780415039.5463877,53.254
1780415039.5524235,53.254
1780415039.558289,53.254
1780415039.563902,53.254
1780415039.5695713,53.254
1780415039.5752497,53.253
1780415039.581254,53.254
1780415039.587198,53.254
1780415039.5931768,53.254
1780415039.5986204,53.254
1780415039.604246,53.254
1780415039.6100152,53.254
1780415039.6160135,53.254
1780415039.6219518,53.254
1780415039.6279862,53.254
1780415039.6340237,53.253
1780415039.6401753,53.254
1780415039.64596,53.254
1780415039.6520305,53.254
1780415039.6580076,53.254
1780415039.663972,53.254
1780415039.6694565,53.254
1780415039.6750443,53.254
1780415039.68091,53.254
1780415039.6868365,53.254
1780415039.6928306,53.254
1780415039.6988556,53.255
1780415039.7048697,53.254
1780415039.7108521,53.254
1780415039.7167642,53.254
1780415039.7228448,53.254
1780415039.728897,53.255
1780415039.734842,53.254
1780415039.7408485,53.254
1780415039.7468517,53.255
1780415039.7527864,53.254
1780415039.7588785,53.254
1780415039.7648904,53.254
1780415039.770848,53.254
1780415039.7768602,53.254
1780415039.7828424,53.254
1780415039.788812,53.255
1780415039.794882,53.254
1780415039.8007493,53.254
1780415039.806798,53.255
1780415039.8128545,53.254
1780415039.818865,53.254
1780415039.8248892,53.255
1780415039.8308053,53.255
1780415039.8368108,53.254
1780415039.8428528,53.254
1780415039.8488,53.254
1780415039.8549101,53.255
1780415039.860867,53.255
1780415039.866795,53.254
1780415039.872903,53.255
1780415039.8788185,53.254
1780415039.884841,53.254
1780415039.8908203,53.255
1780415039.896738,53.255
1780415039.9027843,53.255
1780415039.908322,53.255
1780415039.9139667,53.254
1780415039.9197214,53.254
1780415039.9257185,53.254
1780415039.9316075,53.254
1780415039.9376423,53.254
1780415039.943692,53.254
1780415039.9495986,53.255
1780415039.9555223,53.254
1780415039.9616709,53.255
1780415039.9676924,53.255
1780415039.973632,53.255
1780415039.979657,53.254
1780415039.985719,53.254
1780415039.991588,53.255
1780415039.9976356,53.254
1780415040.0030758,53.255
1780415040.008616,53.255
1780415040.014529,53.254
1780415040.0205057,53.254
1780415040.0264173,53.255
1780415040.0325353,53.255
1780415040.0384376,53.254
1780415040.0444398,53.254
1780415040.0505354,53.255
1780415040.056362,53.255
1780415040.0625243,53.255
1780415040.0685558,54.0
1780415040.074501,53.255
1780415040.0803733,53.254
1780415040.086446,53.254
1780415040.0923026,53.254
1780415040.0980263,53.255
1780415040.1040158,53.255
1780415040.109639,53.254
1780415040.115307,53.254
1780415040.1212902,53.254
1780415040.1272776,53.254
1780415040.1332726,53.255
1780415040.1393135,53.255
1780415040.1452267,53.255
1780415040.1512182,53.254
1780415040.1572065,53.254
1780415040.1631598,53.254
1780415040.1692827,53.255
1780415040.1753607,53.254
1780415040.1812913,53.254
1780415040.187382,53.254
1780415040.1932662,53.254
1780415040.1992621,53.255
1780415040.2052765,53.255
1780415040.2113771,53.255
1780415040.2172253,53.255
1780415040.2232335,53.254
1780415040.2293212,53.255
1780415040.235253,53.255
1780415040.2412093,53.255
1780415040.2467663,53.255
1780415040.2522984,53.255
1780415040.2580628,53.255
1780415040.264027,53.254
1780415040.270026,53.255
1780415040.2760525,53.255
1780415040.2820008,53.254
1780415040.2874591,53.255
1780415040.2930746,53.255
1780415040.298995,53.255
1780415040.3049035,53.255
1780415040.310827,53.254
1780415040.3168836,53.255
1780415040.3228421,53.254
1780415040.3288596,53.255
1780415040.334973,53.255
1780415040.3408294,53.255
1780415040.3468838,53.255
1780415040.352915,53.255
1780415040.358815,53.255
1780415040.3647747,53.254
1780415040.3709166,53.255
1780415040.3767803,53.255
1780415040.382792,53.255
1780415040.3887253,53.255
1780415040.394967,53.255
1780415040.4008026,53.255
1780415040.4069595,53.255
1780415040.4128351,53.255
1780415040.4187963,53.255
1780415040.424834,53.254
1780415040.4308648,53.255
1780415040.4368281,53.255
1780415040.4428928,53.255
1780415040.4488611,53.255
1780415040.4548512,53.255
1780415040.4608297,53.255
1780415040.4668808,53.254
1780415040.4728708,53.255
1780415040.4788232,53.255
1780415040.4848504,53.255
1780415040.4907668,53.255
1780415040.496885,53.255
1780415040.5028815,53.255
1780415040.5087888,53.255
1780415040.5149195,53.255
1780415040.5209134,53.255
1780415040.5268886,53.254
1780415040.532967,53.255
1780415040.5389574,53.255
1780415040.5448797,53.255
1780415040.5508704,53.255
1780415040.5569384,53.255
1780415040.5628042,53.255
1780415040.5683932,53.254
1780415040.5739954,53.255
1780415040.5796428,53.255
1780415040.585633,53.255
1780415040.5917017,53.255
1780415040.5976903,53.255
1780415040.6036181,53.255
1780415040.609645,53.254
1780415040.6156871,53.255
1780415040.6216068,53.255
1780415040.6272116,53.255
1780415040.6330683,53.255
1780415040.6387105,53.255
1780415040.6444826,53.255
1780415040.650424,53.254
1780415040.6564417,53.255
1780415040.6624742,53.255
1780415040.6684203,53.255
1780415040.6739228,53.255
1780415040.6794696,53.255
1780415040.6852903,53.255
1780415040.691309,53.255
1780415040.697233,53.255
1780415040.7033572,53.255
1780415040.7092285,53.255
1780415040.7146673,53.255
1780415040.720217,53.255
1780415040.726071,53.255
1780415040.732039,53.254
1780415040.7380173,53.255
1780415040.7440302,53.255
1780415040.7500088,53.255
1780415040.7555113,54.0
1780415040.7610464,53.255
1780415040.766871,54.0
1780415040.7728157,53.255
1780415040.7788572,53.255
1780415040.784906,53.255
1780415040.790784,53.255
1780415040.796348,54.0
1780415040.801884,53.255
1780415040.8076758,53.255
1780415040.8136873,53.255
1780415040.8196719,53.255
1780415040.8256338,53.255
1780415040.8315983,53.255
1780415040.8371718,54.0
1780415040.8427467,53.255
1780415040.8484,53.255
1780415040.854417,53.254
1780415040.8605347,53.255
1780415040.866431,53.255
1780415040.8719988,53.255
1780415040.8776064,53.255
1780415040.8833077,53.255
1780415040.889216,53.255
1780415040.895206,53.254
1780415040.9013047,53.255
1780415040.9072175,53.255
1780415040.9131699,53.255
1780415040.919163,54.0
1780415040.9251957,53.255
1780415040.93126,53.255
1780415040.9372396,53.255
1780415040.943257,53.255
1780415040.9492548,54.0
1780415040.9552686,53.254
1780415040.9612236,53.255
1780415040.967266,53.255
1780415040.9732525,53.255
1780415040.9793139,54.0
1780415040.9853392,54.0
1780415040.9912927,53.255
1780415040.9973032,53.255
1780415041.0032594,54.0
1780415041.0092475,54.0
1780415041.015241,53.255
1780415041.0212383,53.255
1780415041.0267546,53.255
1780415041.0323782,53.255
1780415041.0380435,53.255
1780415041.0439684,53.255
1780415041.0495775,53.255
1780415041.055355,53.255
1780415041.0611653,53.255
1780415041.0667489,53.255
1780415041.0723026,53.255
1780415041.0779104,53.254
1780415041.0837007,53.255
1780415041.0897458,54.0
1780415041.0956304,53.255
1780415041.101713,54.0
1780415041.1079383,53.255
1780415041.1136603,53.255
1780415041.1196983,53.255
1780415041.1256733,53.255
1780415041.1315794,53.255
1780415041.1377153,53.255
1780415041.1436737,54.0
1780415041.1496813,54.0
1780415041.1556222,53.255
1780415041.1617184,53.255
1780415041.1676433,53.255
1780415041.1736357,53.255
1780415041.179573,53.255
1780415041.1856315,53.255
1780415041.1916015,53.255
1780415041.197719,53.255
1780415041.2036839,53.255
1780415041.209716,53.255
1780415041.215601,53.255
1780415041.22157,53.254
1780415041.227667,53.255
1780415041.2336159,53.255
1780415041.2396657,54.0
1780415041.2455645,54.014
1780415041.2509742,54.008
1780415041.2564678,54.015
1780415041.261777,54.008
1780415041.267089,54.009
1780415041.2725387,54.011
1780415041.2778964,54.007
1780415041.283125,54.005
1780415041.2886875,54.014
1780415041.2939208,54.008
1780415041.299461,54.007
1780415041.3049674,54.003
1780415041.3105035,54.01
1780415041.3157716,54.006
1780415041.3210852,54.009
1780415041.326333,54.01
1780415041.3319194,54.009
1780415041.337343,54.007
1780415041.3427055,54.01
1780415041.3481326,54.01
1780415041.353501,54.009
1780415041.3589492,54.006
1780415041.36436,54.003
1780415041.3697786,54.013
1780415041.3750982,54.008
1780415041.3803177,54.008
1780415041.3858945,54.009
1780415041.3913329,54.008
1780415041.3966472,54.008
1780415041.4018998,54.012
1780415041.407503,54.007
1780415041.4129457,54.008
1780415041.4182336,54.007
1780415041.4234774,54.005
1780415041.429104,54.009
1780415041.4345374,54.008
1780415041.43989,54.013
1780415041.4453251,54.007
1780415041.4506876,54.006
1780415041.455933,54.008
1780415041.46148,54.008
1780415041.4667306,54.007
1780415041.4722896,54.003
1780415041.477818,54.011
1780415041.4832325,54.008
1780415041.488584,54.007
1780415041.4938502,54.008
1780415041.499097,54.007
1780415041.5046823,54.008
1780415041.5098932,54.011
1780415041.515505,54.009
1780415041.520957,54.008
1780415041.5263042,54.012
1780415041.5317416,54.005
1780415041.5370831,54.008
1780415041.5423477,54.009
1780415041.5479982,53.246
1780415041.5541167,53.248
1780415041.5600953,53.25
1780415041.566013,53.254
1780415041.5719862,53.253
1780415041.5780683,53.253
1780415041.5840077,53.253
1780415041.5901,53.252
1780415041.5960746,53.252
1780415041.6020157,53.253
1780415041.608038,53.253
1780415041.614005,53.253
1780415041.6201348,53.253
1780415041.6260688,53.253
1780415041.6320877,53.253
1780415041.6380796,53.253
1780415041.6440675,53.253
1780415041.6500394,53.252
1780415041.656187,53.253
1780415041.6620748,53.253
1780415041.668029,53.253
1780415041.674012,53.253
1780415041.6801362,53.253
1780415041.6861305,53.253
1780415041.6920822,53.253
1780415041.6980624,53.253
1780415041.7040534,53.253
1780415041.7100856,53.252
1780415041.7160308,53.253
1780415041.721906,53.253
1780415041.7279983,53.253
1780415041.734,53.253
1780415041.7400873,53.253
1780415041.7460408,53.253
1780415041.7520878,53.253
1780415041.7580445,53.253
1780415041.7640388,53.253
1780415041.7700844,53.253
1780415041.7762651,53.253
1780415041.782045,53.253
1780415041.7880166,53.253
1780415041.7940202,53.253
1780415041.8001335,53.253
1780415041.8061478,53.253
1780415041.8121357,53.253
1780415041.8180401,53.253
1780415041.824011,53.253
1780415041.8301172,53.252
1780415041.8360524,53.253
1780415041.8419795,53.253
1780415041.8476272,53.253
1780415041.8536627,53.253
1780415041.8592284,53.254
1780415041.8649077,53.253
1780415041.8708484,53.253
1780415041.876809,53.253
1780415041.8824008,53.254
1780415041.8880732,53.253
1780415041.8938046,53.254
1780415041.8996716,53.253
1780415041.9057157,53.253
1780415041.9116926,53.253
1780415041.9175742,53.253
1780415041.9236681,53.253
1780415041.9297218,53.253
1780415041.9356723,53.253
1780415041.9415948,53.253
1780415041.9476683,53.253
1780415041.9536998,53.254
1780415041.9597023,53.254
1780415041.965644,53.253
1780415041.9716308,53.253
1780415041.9776723,53.253
1780415041.983673,53.253
1780415041.9896717,53.253
1780415041.9956305,53.254
1780415042.0017016,53.254
1780415042.0076466,53.254
1780415042.0136466,53.254
1780415042.0196443,53.254
1780415042.0256517,53.254
1780415042.031723,53.253
1780415042.037572,53.253
1780415042.0431876,53.254
1780415042.0488973,53.254
1780415042.0546672,53.254
1780415042.0604796,53.254
1780415042.0665557,53.254
1780415042.0724823,53.254
1780415042.0784566,53.253
1780415042.0845075,53.254
1780415042.0905252,53.253
1780415042.0964673,53.254
1780415042.1025531,53.254
1780415042.1084018,53.253
1780415042.1145186,53.254
1780415042.1204796,53.254
1780415042.1265168,53.254
1780415042.1324759,53.253
1780415042.1384249,53.254
1780415042.1439445,53.253
1780415042.1497178,53.254
1780415042.1555293,53.254
1780415042.1613312,53.254
1780415042.1673083,53.254
1780415042.1732364,53.253
1780415042.1792982,53.253
1780415042.1852653,53.254
1780415042.1912673,53.253
1780415042.1972194,53.254
1780415042.2032928,53.254
1780415042.2092133,53.254
1780415042.2153106,53.254
1780415042.2212858,53.254
1780415042.227303,53.254
1780415042.2333376,53.253
1780415042.239175,53.254
1780415042.2452607,53.254
1780415042.25125,53.253
1780415042.257249,53.254
1780415042.2631962,53.254
1780415042.2692842,53.254
1780415042.2753465,53.254
1780415042.2812629,53.254
1780415042.2872176,53.254
1780415042.2932417,53.253
1780415042.2992697,53.254
1780415042.3052795,53.254
1780415042.3111734,53.254
1780415042.3171778,53.254
1780415042.323327,53.254
1780415042.3293076,53.254
1780415042.335197,53.254
1780415042.3412383,53.254
1780415042.3473127,53.254
1780415042.3532784,53.253
1780415042.3593292,53.254
1780415042.3652496,53.254
1780415042.3712955,53.254
1780415042.3772862,53.254
1780415042.3832169,53.254
1780415042.3893163,53.254
1780415042.395329,53.254
1780415042.4012477,53.254
1780415042.4073265,53.254
1780415042.4132087,53.253
1780415042.4193392,53.254
1780415042.4252627,53.254
1780415042.431283,53.254
1780415042.437242,53.254
1780415042.443195,53.254
1780415042.4488604,53.254
1780415042.454782,53.254
1780415042.4604573,53.254
1780415042.4660857,53.254
1780415042.4721196,53.254
1780415042.478066,53.255
1780415042.4840753,53.254
1780415042.4900715,53.254
1780415042.4961674,53.254
1780415042.5020738,53.254
1780415042.5080616,53.254
1780415042.5140643,53.253
1780415042.520115,53.254
1780415042.526124,53.254
1780415042.5321615,53.254
1780415042.5380683,53.254
1780415042.5440862,53.254
1780415042.5500894,53.254
1780415042.5560179,53.253
1780415042.561526,53.254
1780415042.5671928,53.254
1780415042.572813,53.254
1780415042.5790126,53.254
1780415042.5850072,53.254
1780415042.5908768,53.254
1780415042.5968704,53.254
1780415042.6029625,53.254
1780415042.608854,53.255
1780415042.6148376,53.254
1780415042.6203065,53.255
1780415042.6259313,53.255
1780415042.631751,53.254
1780415042.637703,53.254
1780415042.6436744,53.254
1780415042.6497035,53.255
1780415042.6557114,53.253
1780415042.6616952,53.254
1780415042.6676013,53.254
1780415042.6737022,53.254
1780415042.6796572,53.255
1780415042.6856396,53.254
1780415042.6911242,53.254
1780415042.696774,53.254
1780415042.7025635,53.254
1780415042.7085366,53.254
1780415042.7144818,53.254
1780415042.7204833,53.255
1780415042.7265522,53.254
1780415042.7324839,53.254
1780415042.7384095,53.254
1780415042.7444718,53.254
1780415042.7505329,53.254
1780415042.7564218,53.254
1780415042.7625313,53.254
1780415042.7685196,53.255
1780415042.7744663,53.255
1780415042.7804832,53.254
1780415042.786525,53.254
1780415042.7925246,53.255
1780415042.7985806,53.254
1780415042.8045566,53.254
1780415042.8104875,53.254
1780415042.8165634,53.254
1780415042.822421,53.255
1780415042.8284798,53.255
1780415042.8344414,53.254
1780415042.8403964,53.255
1780415042.8465064,53.254
1780415042.8525262,53.255
1780415042.8585649,53.254
1780415042.8645635,53.255
1780415042.8705146,53.254
1780415042.8764756,53.254
1780415042.8825414,53.255
1780415042.8885438,53.254
1780415042.8945713,53.254
1780415042.9004533,53.254
1780415042.90654,53.255
1780415042.9125974,53.255
1780415042.918444,53.254
1780415042.9238753,53.255
1780415042.9295099,53.255
1780415042.9353182,53.255
1780415042.9412854,53.255
1780415042.9473042,53.255
1780415042.9532864,53.255
1780415042.9592311,53.254
1780415042.9652917,53.255
1780415042.9712827,53.255
1780415042.9774373,53.254
1780415042.9832592,53.255
1780415042.9892852,53.255
1780415042.9953327,53.254
1780415043.0012753,53.254
1780415043.0072489,53.254
1780415043.0132577,53.255
1780415043.0193048,53.255
1780415043.0252044,53.255
1780415043.0313041,53.255
1780415043.0373065,53.255
1780415043.0433302,53.254
1780415043.0492887,53.255
1780415043.0552847,53.255
1780415043.0613155,53.254
1780415043.0673,53.255
1780415043.0732203,53.255
1780415043.0794005,53.255
1780415043.0852723,53.255
1780415043.091271,53.255
1780415043.0972464,53.255
1780415043.103167,53.254
1780415043.10922,53.255
1780415043.1153297,53.255
1780415043.1212988,53.255
1780415043.127263,53.255
1780415043.1332464,53.255
1780415043.1393478,53.255
1780415043.1452434,53.255
1780415043.1512814,53.254
1780415043.1572905,53.255
1780415043.1633234,53.254
1780415043.1693983,53.255
1780415043.1752439,53.255
1780415043.181207,53.255
1780415043.1873956,53.255
1780415043.193301,53.255
1780415043.199227,53.255
1780415043.2048807,53.254
1780415043.2104056,53.255
1780415043.2161555,53.255
1780415043.2221987,53.255
1780415043.2281308,53.255
1780415043.2341282,53.255
1780415043.2402613,53.255
1780415043.2460232,53.254
1780415043.2521508,53.255
1780415043.2580996,53.255
1780415043.2640066,53.255
1780415043.269571,53.255
1780415043.2751071,53.255
1780415043.280936,53.255
1780415043.287001,53.255
1780415043.292906,53.255
1780415043.2989566,53.255
1780415043.304831,53.255
1780415043.310944,53.255
1780415043.3169374,53.255
1780415043.3229198,53.255
1780415043.3289132,53.255
1780415043.3349464,53.255
1780415043.3407724,53.255
1780415043.346852,53.254
1780415043.3528674,53.255
1780415043.3588352,53.255
1780415043.3644354,53.255
1780415043.3701453,53.255
1780415043.3757954,53.255
1780415043.3816998,53.255
1780415043.3876932,53.255
1780415043.3936853,53.255
1780415043.399587,53.255
1780415043.4052212,53.255
1780415043.4108741,53.255
1780415043.4166887,53.255
1780415043.4224927,53.255
1780415043.4284976,53.254
1780415043.4344943,53.255
1780415043.4404418,53.255
1780415043.4464364,53.255
1780415043.4523885,53.255
1780415043.4580007,53.255
1780415043.4636538,53.255
1780415043.4693568,53.254
1780415043.4753087,53.255
1780415043.4812198,53.255
1780415043.487293,53.255
1780415043.4931405,54.0
1780415043.498796,53.255
1780415043.5044117,53.255
1780415043.510043,53.255
1780415043.5161564,53.255
1780415043.5220168,53.255
1780415043.5280266,53.255
1780415043.533957,53.255
1780415043.5401385,53.255
1780415043.5460515,53.255
1780415043.5521367,53.255
1780415043.5579965,53.255
1780415043.5640237,53.255
1780415043.5700665,53.254
1780415043.5761633,53.255
1780415043.5820208,53.255
1780415043.5881343,53.255
1780415043.5940824,53.255
1780415043.6001048,53.255
1780415043.6060457,53.255
1780415043.6121316,53.255
1780415043.6181533,53.255
1780415043.6240978,53.255
1780415043.630131,53.255
1780415043.6360312,53.255
1780415043.642164,53.255
1780415043.648097,53.255
1780415043.6541023,53.255
1780415043.6601748,53.255
1780415043.6660402,53.255
1780415043.6715462,54.0
1780415043.6770236,54.0
1780415043.6829357,53.255
1780415043.688953,53.255
1780415043.694941,53.255
1780415043.7009504,53.255
1780415043.7068148,53.255
1780415043.7123148,53.255
1780415043.7177234,53.255
1780415043.7237518,53.255
1780415043.7296162,54.0
1780415043.7352967,53.255
1780415043.740832,53.255
1780415043.7464721,53.255
1780415043.7525172,53.255
1780415043.7584038,53.255
1780415043.7645452,53.255
1780415043.7704625,54.0
1780415043.7760425,53.255
1780415043.7815936,53.255
1780415043.7872653,53.255
1780415043.7932932,53.255
1780415043.799214,54.0
1780415043.805279,53.255
1780415043.8112273,53.255
1780415043.8173175,53.255
1780415043.823272,53.255
1780415043.8292227,53.255
1780415043.8353145,53.255
1780415043.8413324,53.255
1780415043.847199,53.255
1780415043.8533401,54.0
1780415043.859348,54.0
1780415043.8652935,53.255
1780415043.8713484,53.255
1780415043.8773353,53.255
1780415043.8834019,53.255
1780415043.8893707,53.255
1780415043.8952935,53.255
1780415043.901109,54.0
1780415043.9068239,53.255
1780415043.9124322,53.255
1780415043.9181652,53.255
1780415043.9240878,53.255
1780415043.930118,54.0
1780415043.9360287,53.255
1780415043.941939,54.0
1780415043.9475954,54.0
1780415043.9532487,53.255
1780415043.9589145,53.255
1780415043.9650412,53.255
1780415043.9708734,53.255
1780415043.9768448,53.255
1780415043.982815,54.0
1780415043.98895,53.255
1780415043.9948907,53.255
1780415044.0009387,53.255
1780415044.006839,53.255
1780415044.0129545,54.0
1780415044.0188134,53.255
1780415044.0244322,54.0
1780415044.0298984,54.0
1780415044.0357494,54.0
1780415044.041745,53.255
1780415044.0476792,53.255
1780415044.053772,54.0
1780415044.0596569,54.0
1780415044.0657735,53.255
1780415044.0716565,54.0
1780415044.077651,53.255
1780415044.0837574,53.255
1780415044.0897193,53.255
1780415044.0957444,53.255
1780415044.1017962,53.255
1780415044.107701,53.255
1780415044.113638,53.255
1780415044.1192074,53.255
1780415044.1246598,54.015
1780415044.130454,54.009
1780415044.135815,54.015
1780415044.141148,54.009
1780415044.146592,54.009
1780415044.1519372,54.014
1780415044.1573815,54.009
1780415044.1626842,54.011
1780415044.1679428,54.008
1780415044.1735423,54.009
1780415044.1787868,54.008
1780415044.1843321,54.009
1780415044.1895854,54.008
1780415044.1952026,54.009
1780415044.2006383,54.014
1780415044.2059376,54.008
1780415044.2111816,54.009
1780415044.216735,54.009
1780415044.2219698,54.009
1780415044.2275143,54.008
1780415044.232758,54.011
1780415044.2383602,54.01
1780415044.2437954,54.008
1780415044.2491524,54.008
1780415044.254599,54.009
1780415044.2598927,54.009
1780415044.2651436,54.009
1780415044.2706928,54.013
1780415044.2759519,54.007
1780415044.2814968,54.008
1780415044.2867522,54.008
1780415044.292348,54.008
1780415044.2977986,54.006
1780415044.3031425,54.008
1780415044.308587,54.01
1780415044.3139582,54.008
1780415044.319387,54.008
1780415044.324697,54.008
1780415044.329941,54.009
1780415044.335531,54.008
1780415044.3407838,54.013
1780415044.3463314,54.007
1780415044.3515842,54.008
1780415044.3571303,54.007
1780415044.362374,54.005
1780415044.3679342,54.008
1780415044.3731866,54.007
1780415044.378734,54.011
1780415044.3839738,54.007
1780415044.389506,54.009
1780415044.394765,54.007
1780415044.4003508,54.007
1780415044.4058168,54.011
1780415044.411256,53.25
1780415044.4173996,53.248
1780415044.423415,53.252
1780415044.4293082,53.253
1780415044.4353538,53.252
1780415044.4413226,53.252
1780415044.447302,53.252
1780415044.453207,53.252
1780415044.4592068,53.252
1780415044.4653351,53.253
1780415044.4713457,53.253
1780415044.477299,53.253
1780415044.4833195,53.252
1780415044.4892507,53.252
1780415044.49487,53.252
1780415044.500385,53.253
1780415044.5061483,53.253
1780415044.5121355,53.253
1780415044.5181122,53.253
1780415044.524014,53.253
1780415044.5296547,53.253
1780415044.5356557,53.252
1780415044.5412009,53.253
1780415044.5468369,53.253
1780415044.552883,53.253
1780415044.558886,53.253
1780415044.5647852,53.253
1780415044.570852,53.253
1780415044.5769548,53.253
1780415044.5830085,53.253
1780415044.5889409,53.253
1780415044.5949173,53.252
1780415044.6009288,53.253
1780415044.606882,53.253
1780415044.6130116,53.253
1780415044.6188722,53.253
1780415044.6248124,53.253
1780415044.6308694,53.253
1780415044.6364398,53.253
1780415044.6420302,53.253
1780415044.6477668,53.253
1780415044.6536884,53.253
1780415044.659679,53.253
1780415044.6656885,53.253
1780415044.6716957,53.253
1780415044.6777668,53.253
1780415044.6837957,53.253
1780415044.6897933,53.253
1780415044.6957722,53.253
1780415044.7017014,53.253
1780415044.7077148,53.253
1780415044.71369,53.253
1780415044.7197273,53.253
1780415044.7256663,53.253
1780415044.7311656,53.253
1780415044.7368972,53.253
1780415044.7425869,53.253
1780415044.748531,53.253
1780415044.7545857,53.252
1780415044.760515,53.254
1780415044.766465,53.253
1780415044.7720022,53.253
1780415044.7776184,53.253
1780415044.7833312,53.253
1780415044.7892733,53.253
1780415044.7952516,53.253
1780415044.8012695,53.254
1780415044.8068256,53.253
1780415044.8124695,53.253
1780415044.8181016,53.254
1780415044.8242075,53.253
1780415044.8300517,53.254
1780415044.836132,53.253
1780415044.84217,53.253
1780415044.8480487,53.253
1780415044.8540597,53.254
1780415044.8600965,53.253
1780415044.8660803,53.253
1780415044.8720493,53.253
1780415044.8780382,53.253
1780415044.8840919,53.253
1780415044.8901367,53.253
1780415044.896076,53.253
1780415044.9022017,53.253
1780415044.908158,53.254
1780415044.9142258,53.254
1780415044.920043,53.254
1780415044.9262161,53.253
1780415044.9321308,53.254
1780415044.9380925,53.253
1780415044.9442027,53.254
1780415044.9502301,53.254
1780415044.9560988,53.253
1780415044.9622457,53.254
1780415044.968132,53.253
1780415044.9741638,53.253
1780415044.9801252,53.254
1780415044.9861472,53.253
1780415044.9922013,53.254
1780415044.9982388,53.253
1780415045.0041518,53.253
1780415045.010124,53.253
1780415045.0161457,53.253
1780415045.0222142,53.254
1780415045.028137,53.254
1780415045.0340493,53.253
1780415045.0402093,53.254
1780415045.046137,53.254
1780415045.0521555,53.254
1780415045.0581172,53.253
1780415045.0640426,53.253
1780415045.0701528,53.254
1780415045.0760584,53.253
1780415045.0819817,53.254
1780415045.088209,53.254
1780415045.0940688,53.254
1780415045.1001065,53.254
1780415045.1060786,53.254
1780415045.1120508,53.254
1780415045.1180744,53.253
1780415045.1242313,53.254
1780415045.1300516,53.254
1780415045.1361961,53.254
1780415045.142236,53.254
1780415045.1482666,53.254
1780415045.154107,53.254
1780415045.1601126,53.253
1780415045.1661947,53.254
1780415045.1720777,53.254
1780415045.1780233,53.254
1780415045.1836317,53.254
1780415045.1892061,53.254
1780415045.1949835,53.254
1780415045.2009473,53.253
1780415045.2069068,53.254
1780415045.2129645,53.254
1780415045.2189183,53.253
1780415045.2249832,53.254
1780415045.2310135,53.254
1780415045.2368999,53.254
1780415045.242933,53.254
1780415045.2490087,53.254
1780415045.2549472,53.254
1780415045.261017,53.253
1780415045.2669272,53.254
1780415045.2729166,53.254
1780415045.278952,53.254
1780415045.2848425,53.255
1780415045.2908533,53.254
1780415045.2970288,53.254
1780415045.302837,53.254
1780415045.3089306,53.254
1780415045.3149486,53.254
1780415045.3209682,53.253
1780415045.3269732,53.254
1780415045.3329482,53.254
1780415045.3390448,53.254
1780415045.345063,53.254
1780415045.3509378,53.254
1780415045.3569782,53.254
1780415045.3629076,53.254
1780415045.3689108,53.254
1780415045.3749404,53.254
1780415045.3810387,53.253
1780415045.3869865,53.254
1780415045.3929615,53.254
1780415045.3989382,53.254
1780415045.4050372,53.255
1780415045.4109735,53.254
1780415045.4170218,53.254
1780415045.4230382,53.254
1780415045.4289725,53.254
1780415045.434943,53.254
1780415045.4409528,53.254
1780415045.4468608,53.254
1780415045.4530184,53.254
1780415045.4588978,53.254
1780415045.464958,53.254
1780415045.4709651,53.254
1780415045.476957,53.254
1780415045.4830167,53.254
1780415045.4889987,53.254
1780415045.4950168,53.254
1780415045.5010135,53.254
1780415045.5070157,53.254
1780415045.5130453,53.255
1780415045.5190456,53.255
1780415045.5249488,53.254
1780415045.5310159,53.254
1780415045.5369008,53.254
1780415045.54285,53.254
1780415045.5484467,53.255
1780415045.553945,53.255
1780415045.5598183,53.255
1780415045.5657966,53.254
1780415045.571751,53.254
1780415045.5777867,53.254
1780415045.5837414,53.253
1780415045.5897503,53.254
1780415045.5958126,53.254
1780415045.6017165,53.254
1780415045.6077728,53.255
1780415045.6137762,53.254
1780415045.6198032,53.255
1780415045.625673,53.254
1780415045.6317837,53.254
1780415045.637777,53.255
1780415045.6436806,53.255
1780415045.6495984,53.255
1780415045.6558206,53.254
1780415045.6617327,53.254
1780415045.6677518,53.255
1780415045.6737862,53.255
1780415045.6796658,53.255
1780415045.6856678,53.253
1780415045.6918654,53.254
1780415045.6976478,53.254
1780415045.7036657,53.255
1780415045.7098558,53.255
1780415045.7156448,53.255
1780415045.7217393,53.254
1780415045.727714,53.254
1780415045.7336307,53.255
1780415045.7392077,53.255
1780415045.7449753,53.254
1780415045.7507448,53.255
1780415045.7566478,53.254
1780415045.762557,53.254
1780415045.7685618,53.254
1780415045.7744656,53.254
1780415045.7804308,53.255
1780415045.7860806,53.255
1780415045.7917225,53.255
1780415045.7973647,53.254
1780415045.8033636,53.255
1780415045.809298,53.254
1780415045.8153646,53.254
1780415045.821284,53.255
1780415045.8273249,53.254
1780415045.8327773,53.255
1780415045.8384318,53.254
1780415045.8442159,53.255
1780415045.8502164,53.254
1780415045.8561256,53.254
1780415045.8622026,53.254
1780415045.8680725,53.255
1780415045.873643,53.255
1780415045.8791838,53.254
1780415045.8849983,53.255
1780415045.8909752,53.254
1780415045.897032,53.254
1780415045.9030116,53.255
1780415045.908848,53.255
1780415045.914422,53.255
1780415045.919955,53.255
1780415045.925799,53.254
1780415045.9318447,53.255
1780415045.9377248,53.255
1780415045.9437854,53.255
1780415045.9497356,53.255
1780415045.9551344,53.255
1780415045.9606562,53.255
1780415045.9665763,53.255
1780415045.9726114,53.254
1780415045.9785225,53.255
1780415045.984651,53.255
1780415045.990515,53.254
1780415045.996565,53.255
1780415046.0025783,53.255
1780415046.0085366,53.255
1780415046.0140805,53.255
1780415046.0196104,53.255
1780415046.0253212,53.255
1780415046.03131,53.254
1780415046.0373435,53.255
1780415046.0433953,53.255
1780415046.0493498,53.254
1780415046.055417,53.255
1780415046.0613596,53.255
1780415046.067322,53.255
1780415046.0733314,53.254
1780415046.0792203,53.255
1780415046.0853376,53.255
1780415046.0913901,53.255
1780415046.097384,53.255
1780415046.1033726,53.255
1780415046.1092699,53.255
1780415046.1152623,53.254
1780415046.1213129,53.255
1780415046.1273763,53.255
1780415046.1333117,54.0
1780415046.1394925,53.255
1780415046.1452882,53.255
1780415046.1513703,53.255
1780415046.1572924,53.255
1780415046.1633234,53.255
1780415046.169362,53.255
1780415046.17531,53.255
1780415046.1812844,53.255
1780415046.1872957,53.255
1780415046.1932545,54.0
1780415046.199298,54.0
1780415046.2053666,53.255
1780415046.2113235,53.255
1780415046.2173269,53.254
1780415046.2233539,53.255
1780415046.2292728,53.255
1780415046.2348993,53.255
1780415046.2408934,53.255
1780415046.2465484,53.255
1780415046.252073,53.255
1780415046.2580347,53.254
1780415046.2641406,53.255
1780415046.2701461,53.255
1780415046.2761366,53.255
1780415046.2821062,53.255
1780415046.2880907,53.255
1780415046.2936487,53.255
1780415046.2992132,53.254
1780415046.304898,53.255
1780415046.3109207,53.255
1780415046.316908,53.254
1780415046.3228824,53.255
1780415046.3288958,54.0
1780415046.3348677,53.255
1780415046.340994,53.255
1780415046.3470087,53.255
1780415046.352904,54.0
1780415046.358448,53.255
1780415046.3641882,54.0
1780415046.3697348,53.255
1780415046.375634,54.0
1780415046.381703,53.255
1780415046.3877254,53.255
1780415046.3937428,53.255
1780415046.3997316,54.0
1780415046.4057815,53.255
1780415046.411747,53.255
1780415046.4177198,53.255
1780415046.4236836,53.255
1780415046.429607,53.255
1780415046.4356842,53.255
1780415046.4417183,53.255
1780415046.4475112,53.255
1780415046.4537075,53.255
1780415046.4596117,53.255
1780415046.4656994,53.254
1780415046.4716392,53.255
1780415046.4777896,53.255
1780415046.4836318,53.255
1780415046.4891741,54.0
1780415046.4948583,53.255
1780415046.5005212,54.0
1780415046.5065048,53.254
1780415046.5124865,53.255
1780415046.5184858,53.255
1780415046.5240426,53.255
1780415046.5297122,53.255
1780415046.535326,54.0
1780415046.5407948,54.0
1780415046.5462942,53.255
1780415046.55215,54.0
1780415046.5580938,53.255
1780415046.5641057,54.0
1780415046.569658,53.255
1780415046.5753021,53.255
1780415046.5808253,53.255
1780415046.5863087,53.255
1780415046.5920405,53.255
1780415046.5977309,53.255
1780415046.6036706,53.255
1780415046.6091604,53.255
1780415046.6146944,54.0
1780415046.6205354,53.255
1780415046.626509,53.255
1780415046.632072,53.254
1780415046.637652,53.255
1780415046.6433265,53.255
1780415046.6493864,53.255
1780415046.6552916,54.0
1780415046.661282,53.255
1780415046.6672547,53.255
1780415046.673288,53.255
1780415046.6793835,53.255
1780415046.6852827,54.0
1780415046.6912856,53.254
1780415046.6972501,53.255
1780415046.70346,53.255
1780415046.7092974,53.255
1780415046.7153835,54.0
1780415046.7214155,53.255
1780415046.7273278,53.255
1780415046.7332964,53.255
1780415046.7397008,53.255
1780415046.7453158,54.0
1780415046.7508862,53.255
1780415046.7568893,53.255
1780415046.7628078,53.255
1780415046.7685678,53.255
1780415046.7742167,53.254
1780415046.780124,53.255
1780415046.7855515,53.255
1780415046.7911184,53.255
1780415046.7969682,53.255
1780415046.8029969,53.255
1780415046.8089435,53.255
1780415046.8148947,53.254
1780415046.8208768,53.255
1780415046.8270028,53.255
1780415046.8330047,54.0
1780415046.8390074,53.255
1780415046.8450158,54.0
1780415046.8509655,53.255
1780415046.8570027,53.254
1780415046.8628857,53.255
1780415046.8684137,53.255
1780415046.8740077,53.255
1780415046.8797307,53.255
1780415046.88565,53.255
1780415046.8917606,53.255
1780415046.897776,53.255
1780415046.90381,53.255
1780415046.9097705,53.255
1780415046.9156587,53.255
1780415046.9216256,54.0
1780415046.927635,53.255
1780415046.9337435,53.255
1780415046.939727,53.255
1780415046.9456806,53.255
1780415046.9517565,54.0
1780415046.957697,53.255
1780415046.9637778,53.255
1780415046.969716,53.255
1780415046.975643,53.255
1780415046.9818323,53.255
1780415046.9877381,53.255
1780415046.9937625,54.0
1780415046.9997213,53.255
1780415047.005056,54.017
1780415047.0103843,54.009
1780415047.0158317,54.012
1780415047.0211833,54.009
1780415047.0264215,54.013
1780415047.0320015,54.01
1780415047.0374396,54.009
1780415047.0427878,54.014
1780415047.048036,54.009
1780415047.0535831,54.009
1780415047.0588417,54.009
1780415047.0643806,54.009
1780415047.0696337,54.008
1780415047.0752084,54.007
1780415047.080642,54.009
1780415047.0860012,54.009
1780415047.0913079,54.008
1780415047.0968008,54.009
1780415047.1022737,54.01
1780415047.1075964,54.009
1780415047.1130238,54.013
1780415047.1184325,54.005
1780415047.1238852,54.005
1780415047.1291785,54.007
1780415047.1344259,54.009
1780415047.1399782,54.008
1780415047.1452386,54.008
1780415047.1507943,54.012
1780415047.156039,54.008
1780415047.161542,54.008
1780415047.1668007,54.009
1780415047.172349,54.008
1780415047.1776161,54.007
1780415047.1832643,54.005
1780415047.1886773,54.008
1780415047.1940124,54.008
1780415047.199444,54.007
1780415047.2047935,54.008
1780415047.2102294,54.008
1780415047.2155635,54.008
1780415047.221091,54.013
1780415047.2263837,54.006
1780415047.2316375,54.008
1780415047.23717,54.006
1780415047.2424197,54.005
1780415047.247994,54.008
1780415047.2532318,54.007
1780415047.2587895,54.012
1780415047.264044,54.007
1780415047.26959,54.009
1780415047.274848,54.007
1780415047.2804093,54.008
1780415047.2858586,54.012
1780415047.2913353,53.25
1780415047.297633,53.239
1780415047.3035717,53.243
1780415047.3093739,53.246
1780415047.3153694,53.245
1780415047.3212445,53.246
1780415047.327367,53.246
1780415047.333375,53.246
1780415047.3393714,53.246
1780415047.3453937,53.246
1780415047.3513405,53.246
1780415047.3574266,53.245
1780415047.3633292,53.246
1780415047.3692303,53.246
1780415047.374968,53.246
1780415047.3809695,53.246
1780415047.386627,53.246
1780415047.3922832,53.246
1780415047.3982868,53.246
1780415047.4040747,53.246
1780415047.4097192,53.247
1780415047.415684,53.247
1780415047.4215605,53.247
1780415047.4271524,53.246
1780415047.4329736,53.247
1780415047.4390512,53.247
1780415047.4449499,53.247
1780415047.45101,53.247
1780415047.4569986,53.246
1780415047.463003,53.247
1780415047.4688833,53.247
1780415047.4749286,53.247
1780415047.4810655,53.247
1780415047.4870317,53.247
1780415047.4930313,53.247
1780415047.4989479,53.246
1780415047.5049143,53.247
1780415047.5110185,53.247
1780415047.5170035,53.246
1780415047.5229208,53.247
1780415047.5289826,53.247
1780415047.5349793,53.247
1780415047.5409682,53.248
1780415047.5469613,53.248
1780415047.5529945,53.248
1780415047.559049,53.247
1780415047.5648787,53.248
1780415047.5705278,53.248
1780415047.576491,53.247
1780415047.5820804,53.248
1780415047.587851,53.248
1780415047.593792,53.248
1780415047.5998106,53.248
1780415047.6057367,53.248
1780415047.611785,53.248
1780415047.6177623,53.247
1780415047.6238132,53.248
1780415047.6296854,53.248
1780415047.6352582,53.248
1780415047.64083,53.248
1780415047.646619,53.248
1780415047.6526046,53.248
1780415047.6585948,53.247
1780415047.6646507,53.248
1780415047.6705499,53.248
1780415047.676612,53.248
1780415047.6826186,53.248
1780415047.6884851,53.248
1780415047.6945777,53.248
1780415047.7005372,53.248
1780415047.7065437,53.248
1780415047.7125971,53.249
1780415047.7186015,53.247
1780415047.7245967,53.248
1780415047.7305133,53.249
1780415047.73649,53.248
1780415047.7425277,53.249
1780415047.748494,53.249
1780415047.7545376,53.249
1780415047.7605705,53.248
1780415047.7664542,53.249
1780415047.772463,53.249
1780415047.778486,53.249
1780415047.7840602,53.249
1780415047.7896256,53.249
1780415047.7953951,53.249
1780415047.8014371,53.249
1780415047.8073437,53.249
1780415047.8134062,53.249
1780415047.8193226,53.248
1780415047.8253577,53.249
1780415047.8313708,53.249
1780415047.8373938,53.249
1780415047.8433867,53.249
1780415047.8493292,53.249
1780415047.8553867,53.249
1780415047.8613763,53.249
1780415047.867379,53.249
1780415047.8734198,53.25
1780415047.8793902,53.249
1780415047.8853753,53.25
1780415047.8912642,53.25
1780415047.8973014,53.249
1780415047.9034555,53.25
1780415047.9094157,53.249
1780415047.9152846,53.249
1780415047.9213212,53.249
1780415047.9273589,53.25
1780415047.9333014,53.25
1780415047.9394267,53.25
1780415047.9453483,53.25
1780415047.9513245,53.249
1780415047.9568393,53.25
1780415047.9625168,53.249
1780415047.968238,53.25
1780415047.9741952,53.25
1780415047.9801774,53.25
1780415047.9860647,53.25
1780415047.9921753,53.25
1780415047.998117,53.25
1780415048.0040698,53.25
1780415048.010213,53.25
1780415048.0162013,53.25
1780415048.0222745,53.249
1780415048.0282805,53.25
1780415048.0342202,53.25
1780415048.0402071,53.25
1780415048.0462203,53.25
1780415048.0521748,53.251
1780415048.058186,53.25
1780415048.0642192,53.25
1780415048.0701294,53.25
1780415048.0761995,53.251
1780415048.0821111,53.251
1780415048.08811,53.251
1780415048.0936158,53.25
1780415048.0994337,53.25
1780415048.1050951,53.25
1780415048.111057,53.25
1780415048.116933,53.25
1780415048.1229324,53.25
1780415048.128474,53.251
1780415048.1340048,53.251
1780415048.13981,53.251
1780415048.1458497,53.25
1780415048.1517448,53.25
1780415048.1578176,53.251
1780415048.1637678,53.25
1780415048.1698134,53.251
1780415048.1758237,53.251
1780415048.1817122,53.251
1780415048.1878316,53.251
1780415048.1937907,53.251
1780415048.1997693,53.251
1780415048.2058234,53.25
1780415048.2117372,53.251
1780415048.2178032,53.251
1780415048.2237976,53.251
1780415048.2297823,53.251
1780415048.2357345,53.251
1780415048.2418401,53.251
1780415048.2477665,53.251
1780415048.25372,53.251
1780415048.2598407,53.251
1780415048.2658103,53.25
1780415048.2718587,53.251
1780415048.277856,53.251
1780415048.2837448,53.251
1780415048.2898371,53.252
1780415048.2958329,53.251
1780415048.3017402,53.251
1780415048.3077826,53.251
1780415048.3137896,53.251
1780415048.3198318,53.251
1780415048.3257678,53.251
1780415048.3318262,53.252
1780415048.3377407,53.251
1780415048.3437743,53.251
1780415048.3498178,53.252
1780415048.3558705,53.252
1780415048.361622,53.252
1780415048.367316,53.25
1780415048.372855,53.251
1780415048.3786523,53.251
1780415048.384543,53.251
1780415048.3906653,53.252
1780415048.3966384,53.252
1780415048.4026105,53.252
1780415048.4086406,53.251
1780415048.4146333,53.251
1780415048.4205763,53.251
1780415048.4266777,53.252
1780415048.432513,53.252
1780415048.4386358,53.252
1780415048.4445438,53.251
1780415048.4505756,53.252
1780415048.4566202,53.252
1780415048.4627175,53.252
1780415048.4684968,53.251
1780415048.4746833,53.252
1780415048.480535,53.252
1780415048.4865687,53.252
1780415048.492659,53.252
1780415048.4986498,53.251
1780415048.5046053,53.252
1780415048.5106018,53.251
1780415048.516567,53.252
1780415048.5224502,53.252
1780415048.5285318,53.252
1780415048.5345552,53.252
1780415048.5405211,53.252
1780415048.5465517,53.252
1780415048.552557,53.252
1780415048.5585473,53.252
1780415048.5644917,53.252
1780415048.5705252,53.251
1780415048.576551,53.252
1780415048.5820336,53.252
1780415048.5875537,53.252
1780415048.593391,53.252
1780415048.5994198,53.252
1780415048.6052675,53.252
1780415048.611556,53.252
1780415048.6173625,53.252
1780415048.6233847,53.252
1780415048.6294188,53.252
1780415048.6354089,53.252
1780415048.6413374,53.252
1780415048.646868,53.252
1780415048.65247,53.252
1780415048.6581697,53.252
1780415048.664114,53.252
1780415048.6700847,53.252
1780415048.6760204,53.253
1780415048.6822371,53.252
1780415048.6881337,53.252
1780415048.6941082,53.252
1780415048.7002344,53.252
1780415048.7060823,53.253
1780415048.7120953,53.252
1780415048.7181463,53.253
1780415048.7241726,53.252
1780415048.7300322,53.252
1780415048.7356222,53.252
1780415048.7412615,53.253
1780415048.7469697,53.253
1780415048.7529132,53.252
1780415048.7590718,53.253
1780415048.7649093,53.253
1780415048.7710147,53.253
1780415048.7770064,53.253
1780415048.7829747,53.253
1780415048.788942,53.253
1780415048.7949953,53.252
1780415048.8010156,53.253
1780415048.8069818,53.253
1780415048.8130426,53.253
1780415048.818857,53.253
1780415048.825053,53.253
1780415048.8309557,53.253
1780415048.8364809,53.252
1780415048.842124,53.253
1780415048.8477478,53.253
1780415048.853844,53.253
1780415048.8597383,53.253
1780415048.8658452,53.253
1780415048.8717563,53.253
1780415048.877837,53.253
1780415048.8836455,53.253
1780415048.8897457,53.253
1780415048.8956764,53.252
1780415048.9018712,53.253
1780415048.9077091,53.253
1780415048.9132752,53.253
1780415048.9187965,53.253
1780415048.9245682,53.253
1780415048.9306812,53.253
1780415048.9366035,53.252
1780415048.9427097,53.253
1780415048.948512,53.253
1780415048.954498,53.253
1780415048.9606173,53.253
1780415048.966604,53.253
1780415048.9725854,53.253
1780415048.9785357,53.253
1780415048.9845266,53.253
1780415048.990051,53.253
1780415048.9956567,53.253
1780415049.0014582,53.253
1780415049.007382,53.253
1780415049.0133405,53.253
1780415049.0193472,53.253
1780415049.025285,53.253
1780415049.0313919,53.253
1780415049.0373921,53.253
1780415049.043276,53.253
1780415049.0493927,53.254
1780415049.0553443,53.253
1780415049.0613418,53.253
1780415049.0673373,53.254
1780415049.0733616,53.254
1780415049.0793633,53.252
1780415049.0854175,53.253
1780415049.0913897,53.253
1780415049.0972536,53.253
1780415049.1028845,53.253
1780415049.1084478,53.253
1780415049.1141708,53.253
1780415049.120162,53.252
1780415049.1261241,53.253
1780415049.132258,53.253
1780415049.1381204,53.253
1780415049.1443279,53.254
1780415049.1502373,53.253
1780415049.156269,53.253
1780415049.1622994,53.253
1780415049.168195,53.253
1780415049.174168,53.254
1780415049.1801238,53.253
1780415049.1861296,53.254
1780415049.1920602,53.254
1780415049.197667,53.254
1780415049.2032642,53.253
1780415049.2090614,53.254
1780415049.2149453,53.253
1780415049.2209592,53.253
1780415049.2269366,53.254
1780415049.2329533,53.253
1780415049.2384937,53.253
1780415049.2440686,53.253
1780415049.2497659,53.253
1780415049.2557762,53.253
1780415049.2617865,53.253
1780415049.2677708,53.254
1780415049.2737293,53.253
1780415049.2797892,53.254
1780415049.285781,53.253
1780415049.291774,53.254
1780415049.297862,53.254
1780415049.3037035,53.254
1780415049.3098648,53.253
1780415049.3158386,53.253
1780415049.3218222,53.254
1780415049.3278391,53.254
1780415049.333808,53.253
1780415049.339712,53.254
1780415049.3458297,53.253
1780415049.351729,53.254
1780415049.3572462,53.253
1780415049.3627763,53.254
1780415049.3686404,53.254
1780415049.3746033,53.254
1780415049.3805676,53.254
1780415049.3865256,53.253
1780415049.3925443,53.254
1780415049.3986032,53.254
1780415049.4046462,53.254
1780415049.410697,53.254
1780415049.416585,53.254
1780415049.4226573,53.254
1780415049.4285412,53.253
1780415049.4346313,53.254
1780415049.4406173,53.254
1780415049.4465644,53.254
1780415049.4519813,53.254
1780415049.4576864,53.254
1780415049.4634728,53.254
1780415049.4693034,53.253
1780415049.4753594,53.254
1780415049.480811,53.254
1780415049.4865963,53.254
1780415049.4923627,53.254
1780415049.498194,53.254
1780415049.5041478,53.254
1780415049.5101495,53.253
1780415049.516153,53.254
1780415049.5217004,53.254
1780415049.527228,53.254
1780415049.5329266,53.254
1780415049.538962,53.254
1780415049.5449953,53.254
1780415049.5509844,53.253
1780415049.5569777,53.254
1780415049.5629768,53.254
1780415049.569035,53.254
1780415049.5748012,53.254
1780415049.5809455,53.254
1780415049.587,53.254
1780415049.5930061,53.254
1780415049.5988994,53.254
1780415049.6049469,53.255
1780415049.6108973,53.254
1780415049.6164935,53.254
1780415049.62209,53.254
1780415049.6277912,53.254
1780415049.6338525,53.254
1780415049.6397347,53.254
1780415049.645793,53.254
1780415049.651799,53.253
1780415049.6578503,53.254
1780415049.6637332,53.254
1780415049.6696718,53.254
1780415049.6757288,53.254
1780415049.6818166,53.254
1780415049.6877186,53.255
1780415049.6937633,53.254
1780415049.6993113,53.255
1780415049.704869,53.254
1780415049.7105649,53.254
1780415049.7166526,53.254
1780415049.7226171,53.255
1780415049.7286286,53.254
1780415049.7346148,53.253
1780415049.740699,53.254
1780415049.7465525,53.254
1780415049.7521112,53.254
1780415049.7576644,53.254
1780415049.7634234,53.254
1780415049.769349,53.254
1780415049.7748604,53.254
1780415049.780306,53.254
1780415049.786209,53.254
1780415049.7920926,53.254
1780415049.7982106,53.254
1780415049.8041313,53.254
1780415049.8101993,53.254
1780415049.816108,53.254
1780415049.8222275,53.254
1780415049.8281853,53.254
1780415049.8342004,53.254
1780415049.8402464,53.254
1780415049.846201,53.254
1780415049.8520765,53.254
1780415049.8581896,53.253
1780415049.8642137,53.254
1780415049.8702598,53.254
1780415049.8762543,53.254
1780415049.8821497,54.017
1780415049.8875198,54.01
1780415049.892903,54.013
1780415049.8983097,54.007
1780415049.9035864,54.008
1780415049.9088457,54.01
1780415049.9144251,54.008
1780415049.9196732,54.013
1780415049.925237,54.007
1780415049.9306717,54.009
1780415049.9360282,54.007
1780415049.9412634,54.008
1780415049.946832,54.008
1780415049.952077,54.008
1780415049.9576406,54.011
1780415049.9628842,54.008
1780415049.9684353,54.008
1780415049.9738786,54.008
1780415049.979245,54.008
1780415049.9846864,54.008
1780415049.9900372,54.012
1780415049.9953017,54.006
1780415050.0008428,54.006
1780415050.006281,54.007
1780415050.0116327,54.008
1780415050.016874,54.007
1780415050.0224433,54.007
1780415050.0278852,54.01
1780415050.0332475,54.007
1780415050.0384912,54.007
1780415050.0440423,54.008
1780415050.0492864,54.008
1780415050.054839,54.007
1780415050.060087,54.009
1780415050.0656404,54.005
1780415050.070891,54.007
1780415050.0764408,54.007
1780415050.0818877,54.008
1780415050.087188,54.008
1780415050.0924366,54.007
1780415050.0979974,54.012
1780415050.1032667,54.006
1780415050.1088195,54.007
1780415050.1140883,54.006
1780415050.1196294,54.007
1780415050.125083,54.006
1780415050.1303883,54.007
1780415050.1356397,54.009
1780415050.1412358,54.007
1780415050.146484,54.011
1780415050.1520345,54.006
1780415050.157484,54.006
1780415050.162841,54.011
1780415050.1680973,53.249
1780415050.1739273,53.248
1780415050.1799493,53.248
1780415050.1858048,53.253
1780415050.1918738,53.252
1780415050.1978614,53.252
1780415050.203882,53.252
1780415050.2099016,53.252
1780415050.2158146,53.252
1780415050.221734,53.252
1780415050.227361,53.253
1780415050.233249,53.252
1780415050.2388947,53.253
1780415050.244653,53.253
1780415050.2506113,53.253
1780415050.2564633,53.253
1780415050.262057,53.253
1780415050.267676,53.252
1780415050.273377,53.252
1780415050.279436,53.252
1780415050.2854128,53.253
1780415050.2914555,53.252
1780415050.2973554,53.253
1780415050.3034198,53.252
1780415050.309397,53.252
1780415050.3154185,53.253
1780415050.3213904,53.253
1780415050.3274353,53.253
1780415050.3334384,53.252
1780415050.3392937,53.253
1780415050.345272,53.253
1780415050.3509822,53.253
1780415050.3568938,53.253
1780415050.362457,53.253
1780415050.3682396,53.253
1780415050.3742821,53.253
1780415050.3801825,53.253
1780415050.3862226,53.253
1780415050.3922431,53.252
1780415050.3982286,53.253
1780415050.4041507,53.253
1780415050.4097023,53.253
1780415050.4162784,53.253
1780415050.4223547,53.253
1780415050.4282012,53.253
1780415050.4341815,53.252
1780415050.440274,53.253
1780415050.4461925,53.253
1780415050.4521663,53.253
1780415050.4575925,53.253
1780415050.463175,53.253
1780415050.46916,53.253
1780415050.4749978,53.253
1780415050.4809253,53.253
1780415050.486555,53.253
1780415050.4922328,53.253
1780415050.4977381,53.253
1780415050.503857,53.253
1780415050.5098572,53.253
1780415050.5158966,53.253
1780415050.521839,53.253
1780415050.5277944,53.253
1780415050.5338097,53.252
1780415050.5398054,53.254
1780415050.5457273,53.253
1780415050.5518632,53.253
1780415050.5578427,53.253
1780415050.5637445,53.253
1780415050.5692902,53.254
1780415050.5748599,53.253
1780415050.5806234,53.253
1780415050.5866263,53.253
1780415050.5926363,53.253
1780415050.5985134,53.254
1780415050.6046352,53.254
1780415050.6106856,53.254
1780415050.6165369,53.253
1780415050.6226392,53.253
1780415050.6286032,53.253
1780415050.6346505,53.252
1780415050.6406946,53.253
1780415050.6465719,53.253
1780415050.6526105,53.253
1780415050.6586294,53.254
1780415050.6645262,53.254
1780415050.6706758,53.254
1780415050.676593,53.254
1780415050.6825495,53.253
1780415050.6880805,53.253
1780415050.6938014,53.253
1780415050.699355,53.254
1780415050.7054973,53.253
1780415050.7114284,53.253
1780415050.7173896,53.253
1780415050.7234375,53.254
1780415050.7294989,53.253
1780415050.7354774,53.252
1780415050.7414746,53.253
1780415050.7474396,53.254
1780415050.7534723,53.253
1780415050.7595048,53.254
1780415050.7653818,53.254
1780415050.7714221,53.254
1780415050.777468,53.254
1780415050.7834384,53.254
1780415050.789421,53.254
1780415050.7953277,53.254
1780415050.8009608,53.254
1780415050.8065925,53.253
1780415050.8122392,53.253
1780415050.8181171,53.254
1780415050.8241723,53.254
1780415050.830131,53.254
1780415050.8356588,53.254
1780415050.8410614,53.254
1780415050.8470137,53.254
1780415050.8530922,53.254
1780415050.8589387,53.254
1780415050.8650503,53.254
1780415050.871037,53.254
1780415050.8770208,53.253
1780415050.8830264,53.254
1780415050.8890102,53.254
1780415050.895053,53.254
1780415050.9011068,53.254
1780415050.9070427,53.254
1780415050.9130466,53.254
1780415050.9190617,53.254
1780415050.925007,53.254
1780415050.9310656,53.254
1780415050.9369814,53.254
1780415050.942511,53.254
1780415050.9481149,53.254
1780415050.9537978,53.254
1780415050.9598699,53.254
1780415050.9659264,53.254
1780415050.9716733,53.254
1780415050.9772727,53.254
1780415050.9828193,53.254
1780415050.9885817,53.254
1780415050.9946592,53.254
1780415051.000649,53.254
1780415051.0066397,53.254
1780415051.012623,53.254
1780415051.018656,53.253
1780415051.0247138,53.254
1780415051.0306025,53.254
1780415051.0366697,53.254
1780415051.042648,53.254
1780415051.048622,53.254
1780415051.0546505,53.254
1780415051.0606759,53.254
1780415051.066601,53.254
1780415051.0725443,53.254
1780415051.078616,53.254
1780415051.084085,53.254
1780415051.0896366,53.254
1780415051.0954726,53.254
1780415051.1014802,53.254
1780415051.1074512,53.254
1780415051.113551,53.254
1780415051.1193807,53.254
1780415051.1254935,53.254
1780415051.1314552,53.254
1780415051.1373954,53.254
1780415051.1434908,53.255
1780415051.1494544,53.254
1780415051.1555295,53.254
1780415051.1613195,53.254
1780415051.1675143,53.254
1780415051.1733322,53.254
1780415051.179333,53.254
1780415051.1852741,53.254
1780415051.1913986,53.254
1780415051.197345,53.254
1780415051.2030175,53.253
1780415051.2085798,53.254
1780415051.2143111,53.254
1780415051.220238,53.254
1780415051.2261117,53.254
1780415051.2322125,53.254
1780415051.2381752,53.254
1780415051.244181,53.254
1780415051.2502542,53.254
1780415051.2563343,53.254
1780415051.262321,53.253
1780415051.2683003,53.254
1780415051.2743082,53.254
1780415051.280195,53.255
1780415051.2863033,53.255
1780415051.2922676,53.254
1780415051.298337,53.255
1780415051.3041325,53.254
1780415051.3102126,53.254
1780415051.3163352,53.254
1780415051.3221724,53.254
1780415051.3276672,53.255
1780415051.333208,53.255
1780415051.3391116,53.254
1780415051.3450809,53.254
1780415051.3510115,53.254
1780415051.357124,53.254
1780415051.3630292,53.254
1780415051.3690276,53.254
1780415051.3750362,53.255
1780415051.3809493,53.254
1780415051.3865237,53.254
1780415051.392102,53.254
1780415051.3977566,53.254
1780415051.403707,53.255
1780415051.4097931,53.255
1780415051.41577,53.255
1780415051.421736,53.254
1780415051.427853,53.255
1780415051.4338086,53.255
1780415051.4398034,53.254
1780415051.4458888,53.254
1780415051.451841,53.254
1780415051.457846,53.255
1780415051.4638572,53.254
1780415051.4697845,53.255
1780415051.4758437,53.254
1780415051.4818125,53.254
1780415051.4878466,53.255
1780415051.4939036,53.254
1780415051.4997876,53.254
1780415051.5058014,53.254
1780415051.5118773,53.254
1780415051.5177379,53.255
1780415051.5233257,53.255
1780415051.528919,53.255
1780415051.534656,53.255
1780415051.5407133,53.254
1780415051.546626,53.254
1780415051.5527394,53.255
1780415051.5585442,53.254
1780415051.5646946,53.255
1780415051.5707111,53.254
1780415051.5765786,53.254
1780415051.5825431,53.254
1780415051.5882375,53.254
1780415051.5938325,53.254
1780415051.5994513,53.255
1780415051.6054122,53.254
1780415051.6114779,53.255
1780415051.617483,53.255
1780415051.6233196,53.255
1780415051.6289725,53.254
1780415051.634604,53.255
1780415051.6401951,53.255
1780415051.6461716,53.255
1780415051.6522188,53.255
1780415051.6581395,53.255
1780415051.6642666,53.255
1780415051.6702838,53.254
1780415051.6762156,53.255
1780415051.6821742,53.255
1780415051.688102,53.255
1780415051.6941953,53.255
1780415051.700099,53.255
1780415051.7056723,53.255
1780415051.71133,53.254
1780415051.716891,53.255
1780415051.7230453,53.255
1780415051.7290275,53.254
1780415051.735075,53.255
1780415051.7410333,53.255
1780415051.7470174,53.255
1780415051.7529845,53.254
1780415051.7589154,53.255
1780415051.7644536,53.255
1780415051.7700236,53.255
1780415051.77582,53.255
1780415051.7818081,53.255
1780415051.7876887,53.255
1780415051.7938058,53.254
1780415051.7998295,53.255
1780415051.8057735,53.255
1780415051.8118298,53.255
1780415051.81785,53.255
1780415051.823773,53.255
1780415051.8297997,53.255
1780415051.8357704,53.254
1780415051.841799,53.255
1780415051.8473356,53.255
1780415051.852846,53.255
1780415051.8585782,53.255
1780415051.8641126,53.255
1780415051.86965,53.255
1780415051.8753564,53.255
1780415051.8809137,53.255
1780415051.88675,53.255
1780415051.892451,53.255
1780415051.898226,53.254
1780415051.9041674,53.254
1780415051.9097173,53.255
1780415051.9153166,53.255
1780415051.9208896,53.255
1780415051.9270086,53.255
1780415051.933037,53.255
1780415051.9391015,53.255
1780415051.9450488,53.255
1780415051.95102,53.255
1780415051.9570382,53.254
1780415051.9630833,53.255
1780415051.9690237,53.255
1780415051.9750557,53.255
1780415051.9810767,53.255
1780415051.9870224,53.255
1780415051.9930515,53.255
1780415051.999036,53.254
1780415052.0050151,53.255
1780415052.0110512,53.255
1780415052.0170307,53.255
1780415052.0229824,53.255
1780415052.0290825,53.255
1780415052.0350711,53.255
1780415052.0409553,53.255
1780415052.0470436,53.255
1780415052.0530946,53.255
1780415052.0590715,53.254
1780415052.0651724,53.255
1780415052.071024,53.255
1780415052.077011,53.255
1780415052.083051,54.0
1780415052.089106,53.255
1780415052.0950527,53.255
1780415052.1010675,53.254
1780415052.1071653,53.255
1780415052.1130905,53.255
1780415052.1190736,53.255
1780415052.124985,53.255
1780415052.1310449,53.255
1780415052.1369767,53.255
1780415052.1426337,53.254
1780415052.148191,53.255
1780415052.153816,53.255
1780415052.15989,53.255
1780415052.1657403,53.255
1780415052.1719134,53.255
1780415052.177903,53.255
1780415052.1838553,53.255
1780415052.1899078,54.0
1780415052.195742,53.255
1780415052.2018197,53.254
1780415052.2078574,53.255
1780415052.2137992,53.255
1780415052.2198133,53.255
1780415052.2258363,54.0
1780415052.23184,53.255
1780415052.2378924,53.255
1780415052.243867,53.254
1780415052.2498643,53.255
1780415052.2558522,54.0
1780415052.261913,53.255
1780415052.267787,53.255
1780415052.2739108,53.255
1780415052.2798455,53.255
1780415052.2858899,53.255
1780415052.2918627,53.255
1780415052.297855,53.255
1780415052.3038185,53.254
1780415052.309864,53.255
1780415052.3158398,53.255
1780415052.3218622,53.255
1780415052.3278713,54.0
1780415052.3338716,53.255
1780415052.3398364,53.255
1780415052.3458724,53.254
1780415052.3518343,53.255
1780415052.358065,53.255
1780415052.3639212,53.255
1780415052.3698745,54.0
1780415052.3758988,53.255
1780415052.3818944,53.255
1780415052.3873358,53.254
1780415052.3929844,53.255
1780415052.398709,53.255
1780415052.4047267,53.255
1780415052.4105735,54.0
1780415052.4167235,53.255
1780415052.4226086,53.255
1780415052.4286287,53.255
1780415052.4346316,53.255
1780415052.4406269,53.255
1780415052.446549,53.254
1780415052.4526613,53.255
1780415052.4586875,53.255
1780415052.4645665,53.255
1780415052.4706464,54.0
1780415052.476728,53.255
1780415052.4826872,54.0
1780415052.4885604,53.255
1780415052.4947479,53.255
1780415052.5006514,53.255
1780415052.5066216,53.255
1780415052.5125835,54.0
1780415052.518235,53.255
1780415052.524145,53.255
1780415052.529732,53.255
1780415052.535515,53.255
1780415052.5414553,53.255
1780415052.5474217,53.255
1780415052.5534408,53.255
1780415052.5593948,53.255
1780415052.5649292,54.0
1780415052.5705063,53.254
1780415052.5762303,53.255
1780415052.582365,53.255
1780415052.5882516,53.255
1780415052.594259,53.255
1780415052.6002095,53.255
1780415052.6063817,53.255
1780415052.6123185,53.255
1780415052.6183286,54.0
1780415052.6242921,53.255
1780415052.6302583,53.255
1780415052.6357412,54.0
1780415052.6412919,53.255
1780415052.6471279,53.255
1780415052.653048,53.255
1780415052.659082,53.255
1780415052.6650343,53.255
1780415052.670641,53.255
1780415052.6765037,54.0
1780415052.6821642,53.255
1780415052.6878424,53.255
1780415052.693849,53.255
1780415052.6998441,53.255
1780415052.7057693,54.0
1780415052.711809,53.255
1780415052.7177718,54.0
1780415052.7237842,54.0
1780415052.72981,53.255
1780415052.7358093,53.255
1780415052.7419307,53.255
1780415052.747751,54.0
1780415052.7537234,53.255
1780415052.7591531,54.019
1780415052.7646492,54.007
1780415052.7699783,54.014
1780415052.7752826,54.008
1780415052.7805164,54.012
1780415052.7860916,54.011
1780415052.7915328,54.009
1780415052.7968717,54.014
1780415052.802334,54.008
1780415052.8076713,54.009
1780415052.813135,54.009
1780415052.818484,54.009
1780415052.8237312,54.008
1780415052.829237,54.009
1780415052.8344972,54.01
1780415052.8400936,54.009
1780415052.8453343,54.008
1780415052.8508437,54.009
1780415052.8560853,54.01
1780415052.861704,54.009
1780415052.8671324,54.013
1780415052.8724911,54.007
1780415052.8779314,54.009
1780415052.883282,54.008
1780415052.8884888,54.009
1780415052.8940618,54.008
1780415052.8993094,54.009
1780415052.9049067,54.011
1780415052.9103343,54.008
1780415052.9156811,54.008
1780415052.9209433,54.009
1780415052.9264345,54.008
1780415052.9316924,54.008
1780415052.93727,54.012
1780415052.9425287,54.007
1780415052.94809,54.008
1780415052.9533427,54.007
1780415052.95888,54.008
1780415052.9643335,54.008
1780415052.9696455,54.007
1780415052.9749107,54.01
1780415052.980491,54.008
1780415052.9857383,54.008
1780415052.9912293,54.008
1780415052.9964747,54.008
1780415053.0020862,54.007
1780415053.0073307,54.011
1780415053.012884,54.007
1780415053.018137,54.007
1780415053.023695,54.012
1780415053.029133,54.007
1780415053.0344763,54.009
1780415053.0397348,54.008
1780415053.0454311,53.247
1780415053.051617,53.247
1780415053.0573664,53.253
1780415053.0634573,53.252
1780415053.069477,53.253
1780415053.075438,53.252
1780415053.0815296,53.252
1780415053.0873914,53.251
1780415053.0934927,53.252
1780415053.0995,53.252
1780415053.105505,53.252
1780415053.1113546,53.252
1780415053.116975,53.252
1780415053.122841,53.252
1780415053.1284466,53.252
1780415053.1342568,53.252
1780415053.1403275,53.252
1780415053.1462014,53.251
1780415053.1522095,53.252
1780415053.157756,53.252
1780415053.1634624,53.252
1780415053.1692007,53.252
1780415053.175064,53.252
1780415053.1810572,53.252
1780415053.1870122,53.251
1780415053.1930103,53.252
1780415053.19861,53.252
1780415053.2042756,53.252
1780415053.2099562,53.252
1780415053.2158742,53.252
1780415053.221879,53.253
1780415053.2278395,53.252
1780415053.2337866,53.252
1780415053.2394145,53.252
1780415053.2454093,53.252
1780415053.2512436,53.252
1780415053.2568083,53.252
1780415053.2626655,53.252
1780415053.2686462,53.252
1780415053.2745802,53.252
1780415053.2801566,53.252
1780415053.2858646,53.252
1780415053.2913663,53.253
1780415053.2974665,53.253
1780415053.3034523,53.253
1780415053.3095102,53.252
1780415053.315472,53.253
1780415053.321396,53.252
1780415053.3275034,53.252
1780415053.3334525,53.253
1780415053.3394418,53.252
1780415053.3454072,53.253
1780415053.3514037,53.253
1780415053.3574953,53.252
1780415053.363579,53.253
1780415053.369438,53.253
1780415053.3754623,53.253
1780415053.3814652,53.253
1780415053.3874538,53.252
1780415053.3934782,53.253
1780415053.3993652,53.253
1780415053.4055152,53.253
1780415053.4114711,53.253
1780415053.4173388,53.253
1780415053.4230564,53.253
1780415053.429041,53.252
1780415053.4346936,53.253
1780415053.44041,53.253
1780415053.446244,53.253
1780415053.45225,53.253
1780415053.4582503,53.253
1780415053.4642332,53.253
1780415053.4704006,53.253
1780415053.47626,53.253
1780415053.4821,53.253
1780415053.487796,53.252
1780415053.4934525,53.253
1780415053.499153,53.253
1780415053.5050538,53.253
1780415053.5110402,53.253
1780415053.5169795,53.253
1780415053.5230181,53.253
1780415053.529071,53.252
1780415053.5350668,53.253
1780415053.5410333,53.253
1780415053.5470006,53.253
1780415053.552567,53.253
1780415053.5581508,53.253
1780415053.5639195,53.253
1780415053.5699646,53.253
1780415053.5758076,53.253
1780415053.581768,53.253
1780415053.587846,53.253
1780415053.5939555,53.253
1780415053.599968,53.253
1780415053.6058848,53.253
1780415053.6119483,53.254
1780415053.6179202,53.253
1780415053.623955,53.253
1780415053.6299372,53.253
1780415053.6358464,53.253
1780415053.6419163,53.254
1780415053.6479096,53.252
1780415053.6539762,53.253
1780415053.6598084,53.253
1780415053.6659245,53.254
1780415053.671875,53.254
1780415053.6777802,53.253
1780415053.683441,53.253
1780415053.6894665,53.252
1780415053.69502,53.253
1780415053.7006571,53.253
1780415053.706704,53.253
1780415053.7126937,53.254
1780415053.7186148,53.253
1780415053.72477,53.253
1780415053.7306457,53.253
1780415053.7365649,53.253
1780415053.7426078,53.253
1780415053.7487001,53.253
1780415053.7547414,53.253
1780415053.7606456,53.253
1780415053.766561,53.253
1780415053.7727096,53.254
1780415053.7787547,53.254
1780415053.78473,53.253
1780415053.7905877,53.253
1780415053.796684,53.253
1780415053.8027363,53.253
1780415053.8086567,53.252
1780415053.8146534,53.253
1780415053.820692,53.253
1780415053.8266761,53.253
1780415053.8326488,53.254
1780415053.8387294,53.254
1780415053.8446453,53.253
1780415053.8507025,53.253
1780415053.8565848,53.253
1780415053.8622322,53.254
1780415053.8681448,53.253
1780415053.8738456,53.254
1780415053.879513,53.254
1780415053.885522,53.254
1780415053.8915434,53.253
1780415053.897476,53.254
1780415053.9035273,53.254
1780415053.9094634,53.253
1780415053.9154172,53.254
1780415053.9215293,53.254
1780415053.9274356,53.254
1780415053.9334784,53.254
1780415053.9394937,53.254
1780415053.9454587,53.254
1780415053.9514468,53.253
1780415053.9574394,53.254
1780415053.9629538,53.253
1780415053.9687028,53.254
1780415053.9744933,53.254
1780415053.9803028,53.254
1780415053.9864237,53.253
1780415053.9921744,53.253
1780415053.9982839,53.254
1780415054.0043406,53.254
1780415054.0102303,53.254
1780415054.0162604,53.254
1780415054.0223172,53.254
1780415054.0282104,53.254
1780415054.0343041,53.254
1780415054.0403075,53.253
1780415054.0462897,53.254
1780415054.0522845,53.253
1780415054.0582163,53.254
1780415054.0642934,53.254
1780415054.0703142,53.254
1780415054.0762572,53.254
1780415054.0823073,53.254
1780415054.0883322,53.254
1780415054.0943549,53.254
1780415054.1003275,53.254
1780415054.1061559,53.254
1780415054.112279,53.253
1780415054.118298,53.254
1780415054.1241941,53.254
1780415054.1298015,53.254
1780415054.135347,53.254
1780415054.1410792,53.254
1780415054.1471424,53.254
1780415054.1530383,53.253
1780415054.1591241,53.254
1780415054.1650314,53.254
1780415054.1711419,53.254
1780415054.177176,53.254
1780415054.1830807,53.254
1780415054.1891153,53.254
1780415054.1950853,53.254
1780415054.2011046,53.254
1780415054.207016,53.254
1780415054.2125895,53.254
1780415054.2182531,53.254
1780415054.2240229,53.254
1780415054.2297752,53.254
1780415054.2358835,53.254
1780415054.2418926,53.254
1780415054.2479758,53.254
1780415054.253943,53.254
1780415054.2599077,53.254
1780415054.2659538,53.254
1780415054.2718687,53.254
1780415054.277936,53.254
1780415054.2838326,53.254
1780415054.2897305,53.254
1780415054.2954383,53.253
1780415054.301023,53.254
1780415054.3067467,53.254
1780415054.312677,53.254
1780415054.3186898,53.254
1780415054.3247757,53.254
1780415054.330639,53.254
1780415054.33669,53.254
1780415054.3427746,53.254
1780415054.348555,53.254
1780415054.3542109,53.254
1780415054.3602319,53.254
1780415054.366229,53.254
1780415054.3719618,53.254
1780415054.3776066,53.254
1780415054.3835077,53.255
1780415054.3895423,53.255
1780415054.3954058,53.254
1780415054.40134,53.254
1780415054.406995,53.254
1780415054.4126332,53.254
1780415054.4183698,53.254
1780415054.4244003,53.254
1780415054.4303622,53.254
1780415054.436351,53.254
1780415054.4421508,53.255
1780415054.4482818,53.254
1780415054.4541817,53.254
1780415054.4598312,53.254
1780415054.4653938,53.254
1780415054.4710724,53.254
1780415054.477071,53.254
1780415054.483101,53.254
1780415054.4891002,53.254
1780415054.4950967,53.254
1780415054.5010753,53.254
1780415054.5071545,53.255
1780415054.513033,53.254
1780415054.5190058,53.253
1780415054.5251956,53.254
1780415054.5310838,53.255
1780415054.5370257,53.254
1780415054.5432513,53.254
1780415054.5490127,53.254
1780415054.555036,53.254
1780415054.5610845,53.254
1780415054.567033,53.255
1780415054.5730033,53.255
1780415054.5790384,53.254
1780415054.5850763,53.255
1780415054.5910423,53.254
1780415054.5970314,53.254
1780415054.6030633,53.255
1780415054.6090875,53.255
1780415054.6151135,53.254
1780415054.62102,53.254
1780415054.6271727,53.254
1780415054.6330633,53.255
1780415054.6390145,53.254
1780415054.6451762,53.255
1780415054.6510046,53.254
1780415054.656579,53.255
1780415054.6622572,53.254
1780415054.66806,53.254
1780415054.6738734,53.255
1780415054.6799583,53.254
1780415054.6859407,53.255
1780415054.6918907,53.255
1780415054.6978724,53.254
1780415054.7039423,53.254
1780415054.709796,53.255
1780415054.7153444,53.254
1780415054.720964,53.255
1780415054.7267883,53.255
1780415054.732668,53.255
1780415054.7388096,53.255
1780415054.7446547,53.254
1780415054.7505646,53.255
1780415054.7561042,53.255
1780415054.7617111,53.255
1780415054.7674546,53.255
1780415054.7736008,53.255
1780415054.7793584,53.255
1780415054.78553,53.254
1780415054.791407,53.254
1780415054.79753,53.255
1780415054.8034952,53.255
1780415054.8095067,53.255
1780415054.8153849,53.255
1780415054.8214636,53.255
1780415054.8275647,53.254
1780415054.8335009,53.255
1780415054.8395019,53.255
1780415054.8456132,53.254
1780415054.8516219,53.255
1780415054.8574014,53.255
1780415054.8633947,53.255
1780415054.8695843,53.254
1780415054.8754232,53.255
1780415054.8809428,53.254
1780415054.886613,53.254
1780415054.8923914,53.255
1780415054.8982449,53.254
1780415054.9042032,53.254
1780415054.910405,53.255
1780415054.9162705,53.255
1780415054.9217467,53.254
1780415054.9274137,53.254
1780415054.9332626,53.254
1780415054.939205,53.255
1780415054.9451299,53.255
1780415054.9511907,53.255
1780415054.9570951,53.255
1780415054.9630604,53.255
1780415054.9690595,53.254
1780415054.9750435,53.255
1780415054.9810293,53.255
1780415054.9870946,53.255
1780415054.993063,53.255
1780415054.9990442,53.255
1780415055.0051312,53.255
1780415055.0110667,53.255
1780415055.0171404,53.255
1780415055.023067,53.255
1780415055.0289946,53.254
1780415055.0351276,53.255
1780415055.0410247,53.255
1780415055.0470521,53.255
1780415055.0531087,53.255
1780415055.0589974,53.255
1780415055.0650795,53.255
1780415055.0711472,53.254
1780415055.0770135,53.255
1780415055.0830393,53.255
1780415055.0890446,53.255
1780415055.0950882,53.255
1780415055.1010287,53.255
1780415055.107189,53.255
1780415055.1132011,53.255
1780415055.1191535,53.255
1780415055.1251035,53.255
1780415055.1310937,53.255
1780415055.1370437,53.255
1780415055.1431572,53.255
1780415055.1490443,53.255
1780415055.1550786,53.255
1780415055.1610398,53.255
1780415055.1670709,53.255
1780415055.1731076,53.254
1780415055.179066,53.255
1780415055.185088,53.255
1780415055.191053,53.255
1780415055.1971498,53.255
1780415055.2032354,53.255
1780415055.2090225,53.255
1780415055.214676,53.254
1780415055.2202265,53.255
1780415055.2260075,53.255
1780415055.2319689,53.255
1780415055.238004,54.0
1780415055.2439032,53.255
1780415055.249855,54.0
1780415055.2558582,53.254
1780415055.261819,53.255
1780415055.2673678,54.0
1780415055.2729146,53.255
1780415055.2786067,53.255
1780415055.284636,53.255
1780415055.290162,53.255
1780415055.2957573,53.254
1780415055.3015244,53.255
1780415055.307377,53.255
1780415055.3135014,53.255
1780415055.3194957,53.255
1780415055.3254375,53.255
1780415055.3314989,53.255
1780415055.3375092,53.254
1780415055.3435223,53.255
1780415055.349497,53.255
1780415055.3555503,53.255
1780415055.3612978,54.0
1780415055.3674648,53.255
1780415055.3734763,54.0
1780415055.3794644,53.255
1780415055.3854406,53.255
1780415055.3910306,54.0
1780415055.3965042,53.255
1780415055.402247,53.255
1780415055.4082577,53.255
1780415055.414312,53.255
1780415055.4203255,54.0
1780415055.4263208,53.255
1780415055.4324095,53.255
1780415055.4382188,53.255
1780415055.443808,54.0
1780415055.4493475,53.255
1780415055.455087,53.255
1780415055.4610226,53.255
1780415055.4671674,53.255
1780415055.4730916,53.255
1780415055.478633,54.0
1780415055.4843538,53.255
1780415055.4900358,53.255
1780415055.4959035,53.255
1780415055.501958,53.254
1780415055.5077765,53.255
1780415055.513365,53.255
1780415055.5188835,53.255
1780415055.5245998,53.255
1780415055.5306482,53.255
1780415055.536176,53.255
1780415055.5417736,53.254
1780415055.547462,53.255
1780415055.553414,53.255
1780415055.5590208,54.0
1780415055.5645578,53.255
1780415055.5702612,54.0
1780415055.5762603,53.255
1780415055.5822833,53.254
1780415055.5883355,53.255
1780415055.5943258,53.255
1780415055.600232,53.255
1780415055.606334,54.0
1780415055.6123796,53.255
1780415055.6182556,54.0
1780415055.6241715,53.254
1780415055.6295674,54.016
1780415055.6349843,54.004
1780415055.6410904,54.012
1780415055.6464138,54.009
1780415055.6517289,54.013
1780415055.657178,54.008
1780415055.662548,54.009
1780415055.6680043,54.013
1780415055.6733196,54.009
1780415055.6785545,54.009
1780415055.6840856,54.009
1780415055.6893234,54.008
1780415055.6949308,54.009
1780415055.7001715,54.013
1780415055.7057426,54.008
1780415055.7111776,54.008
1780415055.7164898,54.008
1780415055.7217393,54.008
1780415055.7273386,54.009
1780415055.7325842,54.008
1780415055.7381053,54.014
1780415055.743353,54.008
1780415055.7489433,54.008
1780415055.7543738,54.009
1780415055.7597306,54.009
1780415055.7649858,54.008
1780415055.770494,54.01
1780415055.775751,54.007
1780415055.7813501,54.008
1780415055.7867873,54.007
1780415055.7921336,54.009
1780415055.7973793,54.008
1780415055.802937,54.008
1780415055.8084006,54.012
1780415055.8137019,54.007
1780415055.8189335,54.008
1780415055.8244817,54.008
1780415055.8297188,54.008
1780415055.8352911,54.008
1780415055.8405428,54.01
1780415055.8461425,54.008
1780415055.8515801,54.008
1780415055.8568904,54.007
1780415055.8621376,54.008
1780415055.8676834,54.008
1780415055.8729243,54.008
1780415055.878531,54.012
1780415055.883786,54.007
1780415055.8893237,54.008
1780415055.8945794,54.009
1780415055.9001248,54.007
1780415055.905375,54.012
1780415055.9110498,54.0
1780415055.9173684,53.249
1780415055.923217,53.245
1780415055.9290988,53.251
1780415055.9352088,53.25
1780415055.9410625,53.251
1780415055.9470572,53.251
1780415055.9530883,53.251
1780415055.9591088,53.251
1780415055.9651093,53.251
1780415055.9710608,53.25
1780415055.9771385,53.25
1780415055.983132,53.25
1780415055.9890225,53.251
1780415055.9946468,53.25
1780415056.0006628,53.251
1780415056.0063422,53.251
1780415056.0120049,53.251
1780415056.018001,53.25
1780415056.0237973,53.251
1780415056.0294414,53.251
1780415056.035123,53.251
1780415056.0408576,53.251
1780415056.0466807,53.251
1780415056.0527098,53.251
1780415056.0587468,53.251
1780415056.0646539,53.251
1780415056.0701869,53.252
1780415056.0757904,53.251
1780415056.0814188,53.251
1780415056.087562,53.251
1780415056.0935237,53.251
1780415056.0994906,53.251
1780415056.1055596,53.251
1780415056.1113756,53.251
1780415056.1169758,53.251
1780415056.1225338,53.251
1780415056.128338,53.251
1780415056.1343083,53.251
1780415056.1402903,53.251
1780415056.1462855,53.251
1780415056.1523418,53.251
1780415056.1583881,53.25
1780415056.164375,53.251
1780415056.1702418,53.251
1780415056.1758192,53.252
1780415056.181378,53.251
1780415056.1870823,53.251
1780415056.1930585,53.252
1780415056.198981,53.252
1780415056.204977,53.252
1780415056.2110868,53.251
1780415056.2170713,53.252
1780415056.223177,53.252
1780415056.2290685,53.251
1780415056.2350729,53.252
1780415056.2412007,53.251
1780415056.2470222,53.252
1780415056.2526326,53.251
1780415056.2585363,53.252
1780415056.2642846,53.252
1780415056.2699223,53.252
1780415056.2760231,53.252
1780415056.2819812,53.251
1780415056.2878873,53.252
1780415056.2939587,53.252
1780415056.299882,53.251
1780415056.3058932,53.252
1780415056.3119757,53.251
1780415056.3179934,53.252
1780415056.3239326,53.252
1780415056.3298593,53.252
1780415056.335919,53.252
1780415056.3419635,53.252
1780415056.347967,53.252
1780415056.3538835,53.252
1780415056.3598864,53.252
1780415056.3658626,53.252
1780415056.3719435,53.252
1780415056.3778636,53.252
1780415056.383943,53.252
1780415056.390016,53.252
1780415056.3960118,53.252
1780415056.4019957,53.251
1780415056.4080026,53.252
1780415056.4139853,53.252
1780415056.419918,53.252
1780415056.425956,53.252
1780415056.4319508,53.252
1780415056.4379742,53.252
1780415056.443942,53.252
1780415056.4498363,53.252
1780415056.4554255,53.252
1780415056.461173,53.252
1780415056.4666014,53.252
1780415056.4727066,53.252
1780415056.478765,53.252
1780415056.4847312,53.252
1780415056.490717,53.252
1780415056.4967136,53.252
1780415056.5026958,53.252
1780415056.5087254,53.252
1780415056.5146847,53.252
1780415056.5207477,53.253
1780415056.5267313,53.253
1780415056.5326974,53.252
1780415056.5387425,53.252
1780415056.5447738,53.252
1780415056.5508194,53.252
1780415056.556674,53.252
1780415056.5627568,53.252
1780415056.5688388,53.252
1780415056.5748057,53.253
1780415056.5807621,53.253
1780415056.5867321,53.253
1780415056.5927358,53.252
1780415056.598765,53.252
1780415056.6047304,53.253
1780415056.6107063,53.253
1780415056.616678,53.253
1780415056.6226554,53.252
1780415056.6287646,53.253
1780415056.634698,53.253
1780415056.6406388,53.252
1780415056.6467824,53.253
1780415056.6526194,53.252
1780415056.6586483,53.253
1780415056.664762,53.252
1780415056.6707351,53.253
1780415056.676693,53.253
1780415056.6826727,53.253
1780415056.68815,53.253
1780415056.6937623,53.253
1780415056.699589,53.253
1780415056.7055185,53.253
1780415056.711445,53.253
1780415056.7175317,53.253
1780415056.723426,53.252
1780415056.729568,53.253
1780415056.7354383,53.253
1780415056.7414825,53.253
1780415056.7476163,53.253
1780415056.753626,53.253
1780415056.7595346,53.253
1780415056.765575,53.253
1780415056.7715878,53.253
1780415056.7776384,53.253
1780415056.7834766,53.253
1780415056.7890143,53.253
1780415056.794501,53.253
1780415056.800288,53.253
1780415056.806336,53.253
1780415056.812253,53.253
1780415056.8177745,53.253
1780415056.8234742,53.253
1780415056.829028,53.253
1780415056.8352032,53.253
1780415056.8410902,53.253
1780415056.8470397,53.253
1780415056.8532043,53.253
1780415056.8592432,53.253
1780415056.8651545,53.252
1780415056.8712137,53.253
1780415056.8771405,53.254
1780415056.8830974,53.253
1780415056.8891551,53.253
1780415056.8952248,53.253
1780415056.901106,53.254
1780415056.9070098,53.252
1780415056.9130704,53.253
1780415056.919015,53.253
1780415056.9251354,53.254
1780415056.9310749,53.254
1780415056.9370775,53.253
1780415056.943081,53.254
1780415056.9490619,53.253
1780415056.9550638,53.254
1780415056.9611852,53.254
1780415056.9670985,53.254
1780415056.9726212,53.254
1780415056.9781158,53.253
1780415056.983877,53.254
1780415056.989892,53.253
1780415056.9959223,53.253
1780415057.001862,53.254
1780415057.0074368,53.254
1780415057.013094,53.254
1780415057.01869,53.253
1780415057.0246148,53.254
1780415057.0308077,53.253
1780415057.0368006,53.254
1780415057.0427568,53.254
1780415057.0487301,53.253
1780415057.0545394,53.254
1780415057.060198,53.254
1780415057.0659063,53.254
1780415057.0715742,53.254
1780415057.0776012,53.254
1780415057.0835028,53.254
1780415057.089576,53.254
1780415057.095504,53.254
1780415057.1015444,53.254
1780415057.1075108,53.254
1780415057.1129975,53.253
1780415057.1186707,53.254
1780415057.1242578,53.253
1780415057.129838,53.253
1780415057.135419,53.254
1780415057.1411068,53.254
1780415057.1469803,53.254
1780415057.15258,53.254
1780415057.1580062,53.254
1780415057.1639478,53.254
1780415057.1699007,53.254
1780415057.1758957,53.254
1780415057.1819851,53.254
1780415057.187931,53.254
1780415057.1939142,53.252
1780415057.2000034,53.254
1780415057.2058964,53.254
1780415057.211857,53.254
1780415057.2180412,53.254
1780415057.22394,53.254
1780415057.2298808,53.254
1780415057.2358422,53.253
1780415057.2418628,53.254
1780415057.2474296,53.254
1780415057.2531378,53.254
1780415057.2588835,53.254
1780415057.2648332,53.254
1780415057.270689,53.254
1780415057.2766914,53.253
1780415057.2827468,53.253
1780415057.2886567,53.254
1780415057.294287,53.254
1780415057.3000994,53.254
1780415057.3057177,53.254
1780415057.3115923,53.254
1780415057.317517,53.253
1780415057.3235548,53.254
1780415057.32946,53.254
1780415057.3355136,53.254
1780415057.341067,53.254
1780415057.3465867,53.254
1780415057.3523946,53.254
1780415057.3583195,53.253
1780415057.3643403,53.254
1780415057.3704057,53.254
1780415057.3762996,53.254
1780415057.3818452,53.254
1780415057.3873937,53.254
1780415057.3931346,53.254
1780415057.3991292,53.253
1780415057.405115,53.254
1780415057.4111512,53.254
1780415057.4170537,53.254
1780415057.4230676,53.254
1780415057.4290104,53.254
1780415057.4350822,53.254
1780415057.4410832,53.254
1780415057.4471767,53.254
1780415057.45305,53.254
1780415057.459018,53.253
1780415057.4651787,53.254
1780415057.471059,53.254
1780415057.477169,53.254
1780415057.48316,53.254
1780415057.4891658,53.254
1780415057.4951265,53.254
1780415057.50124,53.253
1780415057.50714,53.254
1780415057.512976,53.254
1780415057.5190144,53.254
1780415057.5249383,53.254
1780415057.5312767,53.254
1780415057.537039,53.254
1780415057.5426726,53.254
1780415057.5483077,53.254
1780415057.5539293,53.254
1780415057.5599718,53.254
1780415057.5658834,53.255
1780415057.5719788,53.254
1780415057.5778637,53.254
1780415057.5834732,53.254
1780415057.589095,53.254
1780415057.594694,53.254
1780415057.600814,53.254
1780415057.6067033,53.254
1780415057.612679,53.254
1780415057.6186504,53.254
1780415057.6242545,53.254
1780415057.6298769,53.254
1780415057.6355577,53.254
1780415057.6415966,53.254
1780415057.647463,53.254
1780415057.6535625,53.254
1780415057.6594455,53.255
1780415057.6655166,53.255
1780415057.6715047,53.254
1780415057.6774964,53.254
1780415057.6835015,53.253
1780415057.689542,53.254
1780415057.6954453,53.254
1780415057.7015395,53.255
1780415057.7075598,53.254
1780415057.713556,53.255
1780415057.7195003,53.254
1780415057.7256467,53.254
1780415057.7316606,53.254
1780415057.7375312,53.255
1780415057.7435782,53.254
1780415057.7493775,53.254
1780415057.7555258,53.255
1780415057.7615385,53.254
1780415057.7675018,53.254
1780415057.7734618,53.254
1780415057.779039,53.254
1780415057.7845852,53.254
1780415057.7902157,53.254
1780415057.7958589,53.254
1780415057.8015451,53.254
1780415057.8071375,53.254
1780415057.8131018,53.254
1780415057.8191257,53.254
1780415057.8250644,53.254
1780415057.831106,53.254
1780415057.837068,53.254
1780415057.8425984,53.254
1780415057.8482192,53.254
1780415057.8538892,53.254
1780415057.8598404,53.254
1780415057.865446,53.254
1780415057.8711483,53.255
1780415057.8768423,53.255
1780415057.882688,53.254
1780415057.888705,53.254
1780415057.8947005,53.254
1780415057.9006667,53.254
1780415057.9062617,53.254
1780415057.9119842,53.255
1780415057.917692,53.254
1780415057.9234984,53.255
1780415057.9295413,53.254
1780415057.9355345,53.254
1780415057.9415007,53.254
1780415057.9475296,53.255
1780415057.9535618,53.255
1780415057.959469,53.255
1780415057.9656663,53.255
1780415057.9718263,53.255
1780415057.9775171,53.255
1780415057.9835343,53.255
1780415057.989433,53.254
1780415057.9950414,53.255
1780415058.0005875,53.255
1780415058.0063202,53.255
1780415058.0123274,53.254
1780415058.0183027,53.254
1780415058.0242662,53.255
1780415058.029851,53.255
1780415058.0355868,53.255
1780415058.0411105,53.255
1780415058.0470786,53.255
1780415058.0531158,53.254
1780415058.0590584,53.254
1780415058.0645783,53.255
1780415058.070091,53.255
1780415058.0759606,53.255
1780415058.0819778,53.255
1780415058.0880122,53.255
1780415058.0939615,53.254
1780415058.0999315,53.254
1780415058.1058502,53.254
1780415058.1114986,53.255
1780415058.1171994,53.255
1780415058.1227136,53.255
1780415058.1281645,53.255
1780415058.1336555,53.255
1780415058.1396384,53.255
1780415058.1455333,53.254
1780415058.1515572,53.255
1780415058.1575227,53.254
1780415058.1630063,53.254
1780415058.1686914,53.254
1780415058.174356,53.255
1780415058.1803555,53.255
1780415058.186345,53.255
1780415058.1923048,53.255
1780415058.1982453,53.255
1780415058.2042615,53.255
1780415058.2103386,53.255
1780415058.2163105,53.254
1780415058.2223728,53.254
1780415058.2282705,53.254
1780415058.2342021,53.255
1780415058.2404194,53.255
1780415058.2463586,53.255
1780415058.252358,53.255
1780415058.2582371,53.254
1780415058.2642877,53.255
1780415058.2702384,53.255
1780415058.2763436,53.255
1780415058.2823582,53.255
1780415058.2883015,53.255
1780415058.2944238,53.255
1780415058.3003426,53.254
1780415058.3063517,53.255
1780415058.312317,53.255
1780415058.3183339,53.255
1780415058.3237588,53.255
1780415058.3294244,53.255
1780415058.33518,53.255
1780415058.3411179,53.254
1780415058.347037,53.255
1780415058.3525996,53.255
1780415058.3582368,53.255
1780415058.3639667,53.255
1780415058.3699605,53.255
1780415058.3759131,53.255
1780415058.382,53.254
1780415058.3879676,53.255
1780415058.3939822,53.255
1780415058.400014,53.255
1780415058.4058013,53.255
1780415058.411447,53.255
1780415058.417027,53.255
1780415058.422636,53.254
1780415058.428842,53.255
1780415058.4346378,53.255
1780415058.4402773,53.255
1780415058.4459252,53.255
1780415058.4514878,53.255
1780415058.4574952,53.255
1780415058.4637027,53.254
1780415058.469495,53.255
1780415058.4755814,53.255
1780415058.4815934,53.255
1780415058.4876106,53.255
1780415058.4935925,53.255
1780415058.4994824,53.255
1780415058.5054119,53.251
1780415058.5108318,54.012
1780415058.516195,54.011
1780415058.5216362,54.011
1780415058.5269806,54.009
1780415058.5324168,54.014
1780415058.537798,54.008
1780415058.5432355,54.009
1780415058.548575,54.012
1780415058.5538328,54.009
1780415058.5593743,54.008
1780415058.5648308,54.009
1780415058.5701694,54.009
1780415058.575425,54.009
1780415058.5809786,54.012
1780415058.5864186,54.007
1780415058.591779,54.008
1780415058.5970304,54.008
1780415058.6025677,54.008
1780415058.6078234,54.008
1780415058.6133502,54.007
1780415058.6186128,54.011
1780415058.6241884,54.008
1780415058.6294177,54.008
1780415058.6349437,54.009
1780415058.640182,54.009
1780415058.6457899,54.008
1780415058.651222,54.012
1780415058.6565957,54.007
1780415058.6620345,54.007
1780415058.6673293,54.007
1780415058.6725802,54.008
1780415058.6781363,54.007
1780415058.6833985,54.007
1780415058.6889915,54.012
1780415058.6944277,54.007
1780415058.6997297,54.008
1780415058.7049868,54.008
1780415058.7105746,54.008
1780415058.7158315,54.007
1780415058.721373,54.011
1780415058.7266254,54.006
1780415058.732186,54.007
1780415058.73763,54.006
1780415058.74292,54.007
1780415058.7481744,54.007
1780415058.7537987,54.007
1780415058.7592564,54.011
1780415058.7645686,54.006
1780415058.7698195,54.01
1780415058.7753868,54.009
1780415058.7808175,54.007
1780415058.7862544,54.012
1780415058.7918146,54.0
1780415058.7979991,53.248
1780415058.8045323,53.249
1780415058.8103793,53.254
1780415058.8163881,53.252
1780415058.8224328,53.253
1780415058.8283412,53.253
1780415058.8343933,53.253
1780415058.8403473,53.253
1780415058.8463302,53.253
1780415058.8524075,53.253
1780415058.8583083,53.253
1780415058.8641953,53.253
1780415058.8699489,53.253
1780415058.8754718,53.253
1780415058.8810706,53.253
1780415058.8872058,53.253
1780415058.893195,53.253
1780415058.8991473,53.253
1780415058.9050808,53.253
1780415058.910694,53.253
1780415058.9164205,53.252
1780415058.922064,53.253
1780415058.9280453,53.253
1780415058.9339285,53.253
1780415058.939987,53.253
1780415058.94592,53.253
1780415058.9519637,53.253
1780415058.957957,53.253
1780415058.9640546,53.253
1780415058.9699008,53.253
1780415058.9759395,53.253
1780415058.9820406,53.254
1780415058.9878836,53.253
1780415058.9940019,53.253
1780415058.9999785,53.254
1780415059.0060544,53.253
1780415059.0120068,53.254
1780415059.0179937,53.253
1780415059.0239344,53.253
1780415059.0299385,53.253
1780415059.0359585,53.253
1780415059.041871,53.253
1780415059.0479622,53.253
1780415059.0539997,53.254
1780415059.0600057,53.253
1780415059.0659518,53.254
1780415059.0718985,53.253
1780415059.078016,53.253
1780415059.083949,53.254
1780415059.089931,53.253
1780415059.095976,53.253
1780415059.1020184,53.254
1780415059.1079507,53.254
1780415059.114032,53.253
1780415059.1199698,53.253
1780415059.125918,53.253
1780415059.131437,53.254
1780415059.1370413,53.254
1780415059.1426537,53.253
1780415059.148875,53.253
1780415059.1547718,53.253
1780415059.1607416,53.254
1780415059.1668923,53.254
1780415059.17279,53.254
1780415059.178771,53.253
1780415059.1848564,53.254
1780415059.1907525,53.254
1780415059.196772,53.254
1780415059.2028205,53.254
1780415059.208777,53.254
1780415059.2148175,53.254
1780415059.2207184,53.254
1780415059.2267222,53.253
1780415059.2326953,53.253
1780415059.23884,53.253
1780415059.244777,53.254
1780415059.2507253,53.254
1780415059.256775,53.253
1780415059.2627099,53.254
1780415059.268685,53.254
1780415059.274689,53.253
1780415059.280754,53.253
1780415059.286893,53.253
1780415059.2926435,53.254
1780415059.2987254,53.254
1780415059.3046873,53.254
1780415059.31077,53.254
1780415059.316738,53.254
1780415059.322786,53.254
1780415059.3288522,53.254
1780415059.3348324,53.254
1780415059.3406968,53.253
1780415059.3468351,53.254
1780415059.3528435,53.254
1780415059.3588142,53.254
1780415059.3646824,53.254
1780415059.3707907,53.254
1780415059.3768504,53.254
1780415059.3827295,53.254
1780415059.3886993,53.254
1780415059.3948765,53.254
1780415059.4008284,53.253
1780415059.4069092,53.254
1780415059.4128032,53.254
1780415059.4188187,53.254
1780415059.4248354,53.254
1780415059.4307795,53.254
1780415059.436802,53.254
1780415059.4428177,53.254
1780415059.44874,53.254
1780415059.4548106,53.254
1780415059.460747,53.253
1780415059.466786,53.254
1780415059.472773,53.254
1780415059.4788482,53.254
1780415059.484778,53.254
1780415059.4907897,53.254
1780415059.496775,53.254
1780415059.5027525,53.253
1780415059.5086818,53.254
1780415059.514784,53.254
1780415059.52074,53.254
1780415059.526727,53.254
1780415059.5327244,53.254
1780415059.5387642,53.254
1780415059.5448062,53.254
1780415059.5507634,53.254
1780415059.5567605,53.254
1780415059.5627594,53.253
1780415059.5688164,53.254
1780415059.57472,53.254
1780415059.5808291,53.254
1780415059.5867484,53.254
1780415059.592726,53.254
1780415059.5982516,53.254
1780415059.6038284,53.254
1780415059.6096046,53.254
1780415059.6155849,53.254
1780415059.6216218,53.254
1780415059.6274436,53.254
1780415059.633637,53.254
1780415059.6395502,53.254
1780415059.645581,53.254
1780415059.6515968,53.254
1780415059.6576278,53.254
1780415059.6636467,53.253
1780415059.6697323,53.254
1780415059.675607,53.254
1780415059.6814542,53.254
1780415059.687601,53.254
1780415059.6936615,53.254
1780415059.6995416,53.254
1780415059.7051394,53.253
1780415059.7107446,53.254
1780415059.71638,53.254
1780415059.7224343,53.254
1780415059.7285044,53.255
1780415059.734365,53.254
1780415059.7404165,53.254
1780415059.746453,53.254
1780415059.75231,53.254
1780415059.7584352,53.254
1780415059.7643588,53.254
1780415059.7704585,53.254
1780415059.7764583,53.254
1780415059.782385,53.255
1780415059.7883964,53.255
1780415059.7944643,53.254
1780415059.8003316,53.254
1780415059.80633,53.254
1780415059.8123744,53.254
1780415059.8182855,53.254
1780415059.824296,53.255
1780415059.8302503,53.254
1780415059.8360403,53.254
1780415059.8419762,53.255
1780415059.8478422,53.254
1780415059.8534746,53.254
1780415059.859216,53.254
1780415059.8652112,53.254
1780415059.8710477,53.255
1780415059.8772962,53.255
1780415059.88307,53.255
1780415059.888698,53.254
1780415059.8942835,53.254
1780415059.899927,53.254
1780415059.9060473,53.254
1780415059.9119647,53.254
1780415059.918018,53.254
1780415059.9239855,53.255
1780415059.93,53.254
1780415059.9360852,53.254
1780415059.9418676,53.255
1780415059.9474258,53.254
1780415059.9529774,53.254
1780415059.9587393,53.254
1780415059.9647925,53.254
1780415059.9706707,53.254
1780415059.9767082,53.254
1780415059.9828374,53.254
1780415059.9887948,53.254
1780415059.9948866,53.255
1780415060.000761,53.255
1780415060.006894,53.255
1780415060.0128608,53.255
1780415060.018847,53.254
1780415060.024798,53.254
1780415060.0307622,53.254
1780415060.0367782,53.255
1780415060.042721,53.255
1780415060.0487254,53.255
1780415060.0547392,53.255
1780415060.06076,53.255
1780415060.0667415,53.255
1780415060.0727596,53.255
1780415060.0787878,53.255
1780415060.0847282,54.0
1780415060.09023,53.255
1780415060.095649,53.255
1780415060.1016245,53.254
1780415060.1075099,53.255
1780415060.1131482,53.254
1780415060.1187084,53.254
1780415060.1243324,53.254
1780415060.1303768,53.255
1780415060.1363227,53.255
1780415060.1423156,53.255
1780415060.148282,53.255
1780415060.153949,53.254
1780415060.1594882,53.254
1780415060.165229,53.255
1780415060.171176,53.255
1780415060.1772134,53.255
1780415060.1830373,53.255
1780415060.1893067,53.255
1780415060.1952016,53.255
1780415060.2013016,53.255
1780415060.2071495,53.255
1780415060.2126195,53.255
1780415060.2180715,53.255
1780415060.2240324,53.255
1780415060.2300358,53.254
1780415060.236031,53.255
1780415060.2419164,53.255
1780415060.2478912,53.255
1780415060.2534328,53.255
1780415060.2588918,53.255
1780415060.2648394,53.255
1780415060.270672,53.255
1780415060.2768354,53.255
1780415060.2828474,53.255
1780415060.288677,53.255
1780415060.294799,53.254
1780415060.3007884,53.255
1780415060.3067334,53.255
1780415060.312792,53.255
1780415060.318775,53.255
1780415060.3247874,53.255
1780415060.3307807,53.255
1780415060.3368037,53.254
1780415060.3427072,53.255
1780415060.3488154,53.255
1780415060.3548052,53.255
1780415060.360789,53.255
1780415060.3668537,53.255
1780415060.3728025,53.255
1780415060.3787572,53.255
1780415060.3848166,53.255
1780415060.3906703,53.255
1780415060.396742,53.254
1780415060.4027913,53.255
1780415060.4087622,53.255
1780415060.4147508,53.255
1780415060.420801,53.255
1780415060.4266958,53.255
1780415060.4328058,53.255
1780415060.438837,53.254
1780415060.444792,53.255
1780415060.450744,53.255
1780415060.456858,53.255
1780415060.4626598,53.255
1780415060.46888,53.255
1780415060.474798,53.255
1780415060.4807577,53.255
1780415060.4869661,53.255
1780415060.4927022,53.255
1780415060.498216,53.255
1780415060.503613,53.255
1780415060.5095928,53.255
1780415060.515558,53.255
1780415060.5216877,53.255
1780415060.5275357,53.255
1780415060.5335255,53.255
1780415060.539547,53.254
1780415060.545602,53.255
1780415060.5515676,53.255
1780415060.5576353,53.255
1780415060.5635781,53.255
1780415060.5695708,53.255
1780415060.5756376,53.255
1780415060.5815706,53.255
1780415060.5875697,53.255
1780415060.5935638,54.0
1780415060.5995934,53.255
1780415060.6055117,54.0
1780415060.6115632,53.255
1780415060.617618,53.255
1780415060.6235948,53.255
1780415060.6296194,53.255
1780415060.6355643,53.255
1780415060.641595,53.254
1780415060.6476166,53.255
1780415060.6536348,53.255
1780415060.659673,53.255
1780415060.6656127,53.255
1780415060.6716173,53.255
1780415060.6777039,53.255
1780415060.6835637,53.255
1780415060.6896415,53.255
1780415060.6955261,53.255
1780415060.7015424,53.255
1780415060.7070625,53.255
1780415060.7126067,53.255
1780415060.7184913,53.255
1780415060.7244468,53.255
1780415060.7304358,53.255
1780415060.7363536,54.0
1780415060.742426,53.255
1780415060.7484283,53.255
1780415060.7544634,53.255
1780415060.7604198,53.255
1780415060.7664247,53.255
1780415060.7723386,53.255
1780415060.7784507,53.255
1780415060.7844398,53.254
1780415060.7903433,53.255
1780415060.795892,53.255
1780415060.8015614,53.255
1780415060.8073032,54.0
1780415060.8132458,53.255
1780415060.8191776,53.255
1780415060.8251126,53.255
1780415060.831163,53.255
1780415060.8371003,53.255
1780415060.84316,53.255
1780415060.8491488,53.255
1780415060.8551493,53.255
1780415060.8612094,53.255
1780415060.8672075,53.255
1780415060.873142,53.255
1780415060.8792176,53.255
1780415060.8851361,53.255
1780415060.8906775,53.255
1780415060.896187,53.255
1780415060.9020295,53.255
1780415060.9080012,53.255
1780415060.913946,53.255
1780415060.9200716,53.255
1780415060.9259827,53.255
1780415060.9314516,54.0
1780415060.9369211,53.255
1780415060.9428005,53.255
1780415060.9487784,53.255
1780415060.9547486,53.255
1780415060.9608474,53.255
1780415060.966799,53.254
1780415060.972769,53.255
1780415060.9788399,53.255
1780415060.9847832,53.255
1780415060.9908533,54.0
1780415060.9968278,53.255
1780415061.0027864,53.255
1780415061.0087805,53.254
1780415061.0147493,53.255
1780415061.02071,53.255
1780415061.0263054,53.255
1780415061.0319166,54.0
1780415061.0375526,53.255
1780415061.043466,54.0
1780415061.0491366,53.254
1780415061.0547059,53.255
1780415061.0603697,53.255
1780415061.0664256,53.255
1780415061.072288,54.0
1780415061.0784369,54.0
1780415061.0844023,53.255
1780415061.0904422,53.254
1780415061.096408,53.255
1780415061.1023772,53.255
1780415061.1083512,53.255
1780415061.114474,53.255
1780415061.120454,53.255
1780415061.126407,53.255
1780415061.1323667,53.255
1780415061.138364,53.255
1780415061.1443658,53.255
1780415061.15037,53.255
1780415061.156394,53.255
1780415061.162432,53.255
1780415061.1683536,53.255
1780415061.174467,53.255
1780415061.1804178,54.0
1780415061.1865041,53.255
1780415061.1924646,53.254
1780415061.1985388,53.255
1780415061.2043624,53.255
1780415061.2103562,53.255
1780415061.2164712,54.0
1780415061.2223363,53.255
1780415061.2278998,54.0
1780415061.2335036,53.254
1780415061.2391694,53.255
1780415061.245079,53.255
1780415061.2507007,53.255
1780415061.2562792,53.255
1780415061.26203,53.255
1780415061.267887,53.255
1780415061.2734537,54.0
1780415061.2788966,54.0
1780415061.284797,53.255
1780415061.2908218,53.255
1780415061.296812,53.255
1780415061.3027723,53.255
1780415061.3087656,53.255
1780415061.314794,53.254
1780415061.3208463,53.255
1780415061.3268495,53.255
1780415061.3326447,53.255
1780415061.3388686,54.0
1780415061.3449137,53.255
1780415061.3508277,53.255
1780415061.3567073,53.255
1780415061.3628428,53.255
1780415061.3686612,53.255
1780415061.3748088,54.0
1780415061.3806903,54.022
1780415061.3861022,54.01
1780415061.391416,54.014
1780415061.3966353,54.009
1780415061.4022222,54.01
1780415061.4074838,54.011
1780415061.413023,54.009
1780415061.4182644,54.014
1780415061.4238267,54.008
1780415061.429095,54.009
1780415061.4345782,54.008
1780415061.439824,54.009
1780415061.4454305,54.008
1780415061.4506767,54.01
1780415061.4562275,54.011
1780415061.461671,54.009
1780415061.467017,54.008
1780415061.472281,54.009
1780415061.4778264,54.009
1780415061.4830925,54.009
1780415061.4886227,54.013
1780415061.4940934,54.007
1780415061.4994357,54.008
1780415061.50487,54.008
1780415061.5102348,54.008
1780415061.5154603,54.008
1780415061.5210068,54.007
1780415061.5262733,54.01
1780415061.5318418,54.008
1780415061.5372765,54.008
1780415061.5426373,54.008
1780415061.5480828,54.008
1780415061.5533812,54.008
1780415061.5586302,54.012
1780415061.564255,54.007
1780415061.5696876,54.008
1780415061.5749826,54.007
1780415061.5802345,54.008
1780415061.5858312,54.007
1780415061.5912726,54.007
1780415061.5966349,54.012
1780415061.6020768,54.008
1780415061.6074128,54.008
1780415061.6126742,54.008
1780415061.618227,54.007
1780415061.6234882,54.008
1780415061.6290104,54.01
1780415061.6342497,54.007
1780415061.6398492,54.007
1780415061.6453035,54.011
1780415061.6506178,54.006
1780415061.655857,54.01
1780415061.6614287,54.009
1780415061.6668353,53.246
1780415061.6727443,53.248
1780415061.6784277,53.251
1780415061.6843603,53.254
1780415061.689968,53.253
1780415061.695516,53.253
1780415061.7011902,53.253
1780415061.7073166,53.253
1780415061.7132363,53.253
1780415061.7191448,53.253
1780415061.725166,53.253
1780415061.7306938,53.253
1780415061.7363188,53.253
1780415061.7420146,53.253
1780415061.7479646,53.253
1780415061.754064,53.253
1780415061.7601006,53.253
1780415061.7660086,53.253
1780415061.7720385,53.253
1780415061.7780406,53.253
1780415061.7840593,53.254
1780415061.790002,53.253
1780415061.7959607,53.253
1780415061.801917,53.253
1780415061.8080263,53.253
1780415061.814057,53.253
1780415061.8199441,53.253
1780415061.825979,53.253
1780415061.8320446,53.253
1780415061.838085,53.253
1780415061.8440747,53.253
1780415061.8500788,53.253
1780415061.8560348,53.254
1780415061.8620179,53.254
1780415061.867904,53.253
1780415061.8740473,53.253
1780415061.879985,53.253
1780415061.886014,53.253
1780415061.8920536,53.254
1780415061.8980954,53.253
1780415061.9041739,53.254
1780415061.909963,53.253
1780415061.916054,53.254
1780415061.922081,53.254
1780415061.9279985,53.253
1780415061.933987,53.253
1780415061.9400291,53.254
1780415061.946035,53.254
1780415061.9519312,53.254
1780415061.9579606,53.254
1780415061.9639213,53.253
1780415061.9700115,53.253
1780415061.9760876,53.254
1780415061.9820344,53.254
1780415061.987948,53.253
1780415061.9934864,53.254
1780415061.9991143,53.254
1780415062.00485,53.254
1780415062.0108824,53.254
1780415062.0169003,53.254
1780415062.022844,53.254
1780415062.0288546,53.253
1780415062.0348961,53.254
1780415062.0408728,53.254
1780415062.0468547,53.254
1780415062.0529168,53.254
1780415062.0588288,53.254
1780415062.0649357,53.254
1780415062.070866,53.255
1780415062.0768204,53.254
1780415062.0828836,53.254
1780415062.0887365,53.254
1780415062.0943198,53.254
1780415062.099953,53.254
1780415062.105601,53.254
1780415062.1116076,53.254
1780415062.1176841,53.254
1780415062.1235096,53.254
1780415062.129635,53.253
1780415062.1357057,53.254
1780415062.1416433,53.254
1780415062.1476626,53.254
1780415062.1536665,53.254
1780415062.1596243,53.254
1780415062.16559,53.254
1780415062.1715922,53.254
1780415062.1775737,53.254
1780415062.1835833,53.254
1780415062.1894855,53.254
1780415062.195053,53.254
1780415062.20064,53.254
1780415062.2063487,53.254
1780415062.2122777,53.253
1780415062.2184446,53.254
1780415062.224389,53.254
1780415062.230442,53.254
1780415062.2363431,53.254
1780415062.2424123,53.254
1780415062.2483122,53.254
1780415062.2539723,53.254
1780415062.2596319,53.254
1780415062.2652578,53.254
1780415062.2712188,53.254
1780415062.277085,53.254
1780415062.2832186,53.254
1780415062.2891243,53.254
1780415062.2952187,53.254
1780415062.3011494,53.254
1780415062.3066707,53.254
1780415062.3122401,53.254
1780415062.318038,53.255
1780415062.3240206,53.254
1780415062.330059,53.254
1780415062.336037,53.254
1780415062.3420665,53.254
1780415062.3479757,53.254
1780415062.3540583,53.254
1780415062.3594522,53.255
1780415062.365032,53.255
1780415062.3706694,53.254
1780415062.376343,53.253
1780415062.3819392,53.254
1780415062.3875184,53.254
1780415062.3936415,53.254
1780415062.3995662,53.254
1780415062.4056182,53.255
1780415062.4115825,53.254
1780415062.4176872,53.253
1780415062.4234967,53.254
1780415062.4295743,53.254
1780415062.4356294,53.254
1780415062.4415874,53.254
1780415062.4475598,53.254
1780415062.4530764,53.254
1780415062.4588118,53.254
1780415062.464537,53.254
1780415062.4705076,53.254
1780415062.4763963,53.254
1780415062.4824352,53.254
1780415062.488436,53.254
1780415062.4943593,53.254
1780415062.5004222,53.255
1780415062.50639,53.254
1780415062.5124285,53.255
1780415062.5184336,53.253
1780415062.5247498,53.254
1780415062.5304596,53.254
1780415062.5364285,53.254
1780415062.5424352,53.254
1780415062.5483694,53.254
1780415062.5539248,53.254
1780415062.5594902,53.254
1780415062.5652215,53.254
1780415062.5713172,53.255
1780415062.5772874,53.254
1780415062.5832243,53.254
1780415062.58926,53.254
1780415062.5951848,53.254
1780415062.6012583,53.255
1780415062.6072695,53.255
1780415062.6132376,53.254
1780415062.619254,53.254
1780415062.6251843,53.254
1780415062.6312165,53.254
1780415062.63725,53.254
1780415062.6432438,53.255
1780415062.6491215,53.254
1780415062.6552658,53.254
1780415062.661267,53.254
1780415062.667223,53.254
1780415062.673122,53.254
1780415062.6792169,53.253
1780415062.685239,53.254
1780415062.6911576,53.254
1780415062.6972504,53.254
1780415062.7032037,53.255
1780415062.70914,53.254
1780415062.7152236,53.254
1780415062.7212625,53.254
1780415062.727174,53.254
1780415062.7326956,53.254
1780415062.7383106,53.254
1780415062.7439692,53.255
1780415062.750089,53.254
1780415062.756057,53.254
1780415062.7620196,53.255
1780415062.768027,53.254
1780415062.7740862,53.254
1780415062.7800384,53.254
1780415062.7860813,53.254
1780415062.7920618,53.255
1780415062.7980413,53.254
1780415062.8040602,53.255
1780415062.810036,53.255
1780415062.8160818,53.254
1780415062.8220294,53.254
1780415062.8280406,53.254
1780415062.8340456,53.254
1780415062.8399534,53.254
1780415062.8454988,53.255
1780415062.851008,53.254
1780415062.8568764,53.255
1780415062.8628445,53.255
1780415062.868749,53.254
1780415062.874295,53.254
1780415062.8799493,53.254
1780415062.8855798,53.254
1780415062.8916283,53.255
1780415062.897588,53.254
1780415062.9036238,53.255
1780415062.909654,53.254
1780415062.9157116,53.254
1780415062.9216797,53.254
1780415062.9276764,53.255
1780415062.9336483,53.255
1780415062.939679,53.255
1780415062.9456255,53.255
1780415062.9516494,53.254
1780415062.9576619,53.254
1780415062.9636734,53.254
1780415062.969607,53.255
1780415062.9756675,53.255
1780415062.981598,53.254
1780415062.9876199,53.254
1780415062.9936733,53.254
1780415062.9995017,53.255
1780415063.005638,53.255
1780415063.0116472,53.254
1780415063.0176528,53.255
1780415063.0236099,53.254
1780415063.0295897,53.254
1780415063.03563,53.255
1780415063.041714,53.255
1780415063.047552,53.255
1780415063.053588,53.255
1780415063.0596764,53.255
1780415063.0656228,53.255
1780415063.0716183,53.254
1780415063.0775647,53.255
1780415063.0836906,53.254
1780415063.0896218,53.255
1780415063.0955539,53.255
1780415063.1016958,53.255
1780415063.1077185,53.255
1780415063.1135604,53.254
1780415063.119678,53.255
1780415063.1256452,53.254
1780415063.1315978,53.255
1780415063.137544,53.255
1780415063.1431663,53.255
1780415063.1488123,53.255
1780415063.1544757,53.255
1780415063.1605055,53.255
1780415063.1663678,53.254
1780415063.1724617,53.255
1780415063.1784859,53.255
1780415063.1844263,53.254
1780415063.1904624,53.255
1780415063.1964738,53.255
1780415063.202454,53.255
1780415063.2084713,53.255
1780415063.2145197,53.255
1780415063.22051,53.255
1780415063.2264342,53.254
1780415063.2324846,53.255
1780415063.2385676,53.255
1780415063.2443004,53.255
1780415063.250259,54.0
1780415063.2565157,53.255
1780415063.2624161,53.255
1780415063.2684038,53.255
1780415063.2744915,53.255
1780415063.280435,53.255
1780415063.2864127,53.254
1780415063.2925017,53.255
1780415063.2983575,53.255
1780415063.3044987,53.255
1780415063.3104646,53.255
1780415063.3165596,53.255
1780415063.322456,53.255
1780415063.3284895,53.254
1780415063.3344831,53.255
1780415063.3404338,53.255
1780415063.3463712,53.255
1780415063.351931,53.255
1780415063.3575718,53.255
1780415063.3632708,53.255
1780415063.3693078,53.254
1780415063.3753026,53.255
1780415063.381263,53.255
1780415063.3871677,53.255
1780415063.3926187,53.255
1780415063.3980927,53.255
1780415063.4040663,53.255
1780415063.4100661,53.255
1780415063.4160247,53.255
1780415063.4220643,53.255
1780415063.4280322,53.254
1780415063.434032,53.255
1780415063.440063,53.255
1780415063.446008,53.255
1780415063.452038,53.255
1780415063.4580264,53.255
1780415063.464091,53.255
1780415063.470069,53.255
1780415063.4760745,53.255
1780415063.4820073,53.255
1780415063.4880264,53.255
1780415063.493867,53.255
1780415063.5000162,53.255
1780415063.5060406,53.255
1780415063.5120595,53.255
1780415063.5180187,53.255
1780415063.5240088,53.255
1780415063.530033,53.254
1780415063.536073,53.255
1780415063.5419648,53.255
1780415063.548028,53.255
1780415063.5540268,53.255
1780415063.5599685,53.255
1780415063.5660148,53.255
1780415063.5720556,53.255
1780415063.578012,53.255
1780415063.5840502,53.255
1780415063.5900593,53.255
1780415063.5959766,53.255
1780415063.6022515,53.255
1780415063.6079934,53.255
1780415063.614017,53.255
1780415063.620034,53.255
1780415063.6260276,53.255
1780415063.6320279,53.254
1780415063.6380963,53.255
1780415063.6440132,54.0
1780415063.6499572,53.255
1780415063.6561522,53.255
1780415063.6619046,54.0
1780415063.6676357,53.255
1780415063.6735272,53.254
1780415063.6790988,53.255
1780415063.6847816,53.255
1780415063.690756,54.0
1780415063.6969268,53.255
1780415063.702798,53.255
1780415063.7088125,53.255
1780415063.7148662,53.254
1780415063.720766,53.255
1780415063.7268715,53.255
1780415063.732869,53.255
1780415063.7388291,53.255
1780415063.7448087,53.255
1780415063.7508302,53.255
1780415063.7568538,53.255
1780415063.7628794,54.0
1780415063.7688162,53.255
1780415063.7748094,53.255
1780415063.780813,53.255
1780415063.786777,53.255
1780415063.7923622,53.255
1780415063.7979434,54.0
1780415063.8036864,53.255
1780415063.809642,53.255
1780415063.8155956,53.254
1780415063.821631,53.255
1780415063.8275886,53.255
1780415063.8331547,53.255
1780415063.8387458,54.0
1780415063.844486,53.255
1780415063.8503323,54.0
1780415063.8559074,53.255
1780415063.8614728,54.0
1780415063.8672493,53.255
1780415063.8732638,53.255
1780415063.8792334,54.0
1780415063.885352,54.0
1780415063.8911252,53.255
1780415063.8966842,53.255
1780415063.9021032,53.255
1780415063.908069,53.255
1780415063.9140325,53.255
1780415063.9195454,53.255
1780415063.9250925,53.255
1780415063.9308906,54.0
1780415063.9368637,54.0
1780415063.942862,54.0
1780415063.9488301,54.0
1780415063.9548948,53.255
1780415063.960842,53.255
1780415063.9668307,54.0
1780415063.9728081,53.255
1780415063.9787831,53.254
1780415063.984882,53.255
1780415063.990743,54.0
1780415063.9968586,53.255
1780415064.0028384,54.0
1780415064.0088236,53.255
1780415064.0148404,54.0
1780415064.0209212,53.255
1780415064.0269086,53.255
1780415064.032825,53.255
1780415064.038982,53.255
1780415064.0446749,54.0
1780415064.050901,54.0
1780415064.0567617,53.255
1780415064.0628667,53.255
1780415064.0688457,54.0
1780415064.0748115,54.0
1780415064.08071,54.0
1780415064.0863824,54.0
1780415064.0919425,53.255
1780415064.0977116,54.0
1780415064.1036413,53.255
1780415064.1095674,53.255
1780415064.115615,53.255
1780415064.1216013,53.255
1780415064.1270814,54.0
1780415064.1326458,54.0
1780415064.1385252,53.255
1780415064.1444108,53.255
1780415064.150483,53.255
1780415064.1564403,53.255
1780415064.1623948,53.255
1780415064.1679525,54.0
1780415064.1735604,53.255
1780415064.1792002,53.255
1780415064.185195,53.255
1780415064.1912744,53.255
1780415064.1972687,53.255
1780415064.2032278,53.255
1780415064.209232,53.255
1780415064.2152286,54.0
1780415064.2212574,53.255
1780415064.2272816,53.255
1780415064.233237,53.255
1780415064.2392912,53.255
