timestamp,gpu_power_w
1780036978.8229158,53.251
1780036978.8281703,54.018
1780036978.8337736,54.009
1780036978.83923,54.011
1780036978.8445542,54.007
1780036978.8498123,54.012
1780036978.855366,54.009
1780036978.8608353,54.008
1780036978.8661673,54.013
1780036978.8716094,54.007
1780036978.8769426,54.008
1780036978.8821936,54.008
1780036978.8877351,54.008
1780036978.8929987,54.006
1780036978.8985004,54.003
1780036978.9037623,54.01
1780036978.909362,54.006
1780036978.914788,54.007
1780036978.9201045,54.007
1780036978.925346,54.007
1780036978.930944,54.007
1780036978.9361932,54.011
1780036978.9417508,54.006
1780036978.9470112,54.006
1780036978.9525406,54.005
1780036978.9577851,54.006
1780036978.9633439,54.006
1780036978.9685926,54.006
1780036978.9741602,54.012
1780036978.9795966,54.006
1780036978.9849417,54.007
1780036978.9902005,54.007
1780036978.9957433,54.007
1780036979.0010107,54.007
1780036979.006544,54.008
1780036979.0118043,54.005
1780036979.017353,54.007
1780036979.0226107,54.005
1780036979.0281487,54.007
1780036979.0335958,54.006
1780036979.0390308,54.007
1780036979.0444505,54.012
1780036979.0497415,54.005
1780036979.054994,54.007
1780036979.060552,54.006
1780036979.065997,54.007
1780036979.071357,54.006
1780036979.0767934,54.007
1780036979.082173,54.009
1780036979.0876107,54.006
1780036979.0929139,54.01
1780036979.098186,54.005
1780036979.1037672,54.005
1780036979.1092236,54.009
1780036979.1145794,53.25
1780036979.1203134,53.248
1780036979.1261256,53.249
1780036979.1317832,53.251
1780036979.137604,53.251
1780036979.1435874,53.251
1780036979.149515,53.252
1780036979.1555166,53.251
1780036979.1615317,53.251
1780036979.167405,53.251
1780036979.1734626,53.251
1780036979.179583,53.252
1780036979.185581,53.252
1780036979.1915216,53.252
1780036979.197515,53.251
1780036979.2035186,53.252
1780036979.2094579,53.252
1780036979.2154922,53.251
1780036979.2215545,53.252
1780036979.2276063,53.252
1780036979.2334816,53.252
1780036979.23942,53.252
1780036979.2455678,53.252
1780036979.2515063,53.252
1780036979.2575614,53.251
1780036979.2634735,53.252
1780036979.2695522,53.252
1780036979.2754796,53.252
1780036979.2814133,53.252
1780036979.2874923,53.252
1780036979.2935677,53.252
1780036979.299529,53.252
1780036979.3054357,53.252
1780036979.311089,53.252
1780036979.3167188,53.252
1780036979.322298,53.252
1780036979.3283052,53.252
1780036979.3342903,53.252
1780036979.3404381,53.253
1780036979.3464248,53.252
1780036979.3523953,53.252
1780036979.3582659,53.252
1780036979.364319,53.252
1780036979.3703008,53.252
1780036979.3762503,53.252
1780036979.3822563,53.252
1780036979.3878796,53.252
1780036979.3935654,53.252
1780036979.3992481,53.252
1780036979.4051943,53.252
1780036979.4110737,53.252
1780036979.4170606,53.252
1780036979.4230444,53.252
1780036979.4290416,53.252
1780036979.4351346,53.252
1780036979.4411032,53.252
1780036979.4472506,53.253
1780036979.4531987,53.252
1780036979.4590774,53.252
1780036979.4651892,53.252
1780036979.471166,53.253
1780036979.4772139,53.252
1780036979.4831226,53.253
1780036979.489037,53.253
1780036979.4946249,53.253
1780036979.500377,53.253
1780036979.5059793,53.252
1780036979.5119097,53.252
1780036979.5179935,53.252
1780036979.5239735,53.253
1780036979.5298235,53.253
1780036979.5358238,53.253
1780036979.5413582,53.253
1780036979.546994,53.253
1780036979.5527296,53.253
1780036979.5587778,53.253
1780036979.564773,53.253
1780036979.570638,53.253
1780036979.57685,53.252
1780036979.582831,53.253
1780036979.5887697,53.253
1780036979.5947373,53.253
1780036979.6007762,53.253
1780036979.6067271,53.253
1780036979.612728,53.253
1780036979.6186872,53.253
1780036979.6245606,53.253
1780036979.6302502,53.253
1780036979.6359057,53.253
1780036979.6414135,53.253
1780036979.6469526,53.253
1780036979.6527166,53.253
1780036979.6583145,53.253
1780036979.664357,53.253
1780036979.6704261,53.253
1780036979.676311,53.252
1780036979.6823273,53.253
1780036979.688289,53.253
1780036979.6942754,53.253
1780036979.7002804,53.253
1780036979.7062206,53.253
1780036979.7122288,53.253
1780036979.718289,53.253
1780036979.7244384,53.253
1780036979.7303047,53.253
1780036979.7363195,53.253
1780036979.7422972,53.253
1780036979.7483318,53.253
1780036979.7542799,53.253
1780036979.7603934,53.253
1780036979.7663054,53.253
1780036979.7718391,53.253
1780036979.7777615,53.252
1780036979.7833378,53.253
1780036979.789109,53.253
1780036979.795195,53.253
1780036979.8011386,53.254
1780036979.8070917,53.253
1780036979.812586,53.253
1780036979.8182333,53.253
1780036979.8239505,53.253
1780036979.8299627,53.254
1780036979.8359692,53.253
1780036979.8418229,53.254
1780036979.8473904,53.253
1780036979.85305,53.254
1780036979.8587136,53.253
1780036979.8647985,53.253
1780036979.870744,53.253
1780036979.8767095,53.252
1780036979.8827512,53.253
1780036979.8887,53.253
1780036979.8947327,53.253
1780036979.900721,53.254
1780036979.906688,53.253
1780036979.9122984,53.253
1780036979.918197,53.253
1780036979.9238138,53.253
1780036979.9295256,53.254
1780036979.935563,53.253
1780036979.941522,53.253
1780036979.9474993,53.253
1780036979.953519,53.253
1780036979.9594822,53.253
1780036979.965385,53.253
1780036979.9710786,53.254
1780036979.9767532,53.253
1780036979.9822633,53.254
1780036979.988342,53.254
1780036979.994287,53.254
1780036980.000326,53.253
1780036980.0063574,53.254
1780036980.0122473,53.254
1780036980.0184362,53.253
1780036980.0243387,53.254
1780036980.030251,53.253
1780036980.0362701,53.253
1780036980.0423205,53.254
1780036980.04831,53.254
1780036980.0542402,53.254
1780036980.0603113,53.254
1780036980.0663621,53.254
1780036980.0723953,53.254
1780036980.078361,53.253
1780036980.0843291,53.254
1780036980.0903661,53.254
1780036980.0963633,53.253
1780036980.102368,53.254
1780036980.108324,53.254
1780036980.1144037,53.254
1780036980.1203175,53.254
1780036980.1262,53.254
1780036980.1318998,53.254
1780036980.1375532,53.254
1780036980.1430557,53.254
1780036980.1491818,53.254
1780036980.155149,53.254
1780036980.1611395,53.254
1780036980.167201,53.254
1780036980.173103,53.253
1780036980.1790864,53.253
1780036980.185078,53.254
1780036980.1906884,53.254
1780036980.196376,53.254
1780036980.2020917,53.254
1780036980.2080324,53.254
1780036980.213957,53.254
1780036980.2199626,53.254
1780036980.225925,53.254
1780036980.231955,53.254
1780036980.2379553,53.254
1780036980.243877,53.254
1780036980.2499175,53.254
1780036980.2559662,53.254
1780036980.2619371,53.254
1780036980.2678723,53.254
1780036980.2734787,53.254
1780036980.2791605,53.253
1780036980.28489,53.254
1780036980.2908022,53.254
1780036980.2966592,53.254
1780036980.302798,53.254
1780036980.3087265,53.254
1780036980.31471,53.254
1780036980.3207219,53.254
1780036980.3267398,53.254
1780036980.332811,53.254
1780036980.3386867,53.254
1780036980.344683,53.254
1780036980.3502638,53.254
1780036980.3559446,53.254
1780036980.3616002,53.254
1780036980.3675585,53.254
1780036980.3735242,53.254
1780036980.379477,53.254
1780036980.385032,53.254
1780036980.3906007,53.254
1780036980.3963706,53.254
1780036980.4023435,53.254
1780036980.4082568,53.254
1780036980.413892,53.254
1780036980.419565,53.254
1780036980.4251204,53.254
1780036980.431129,53.254
1780036980.4371908,53.254
1780036980.4431958,53.254
1780036980.4491298,53.254
1780036980.4551153,53.254
1780036980.461141,53.253
1780036980.4671636,53.254
1780036980.473074,53.254
1780036980.4792295,53.254
1780036980.485135,53.254
1780036980.4911559,53.254
1780036980.4971406,53.254
1780036980.50312,53.254
1780036980.50907,53.254
1780036980.5150638,53.254
1780036980.5211337,53.253
1780036980.5271297,53.254
1780036980.5330882,53.255
1780036980.5386322,53.254
1780036980.5441406,53.254
1780036980.549978,53.254
1780036980.5559835,53.254
1780036980.561958,53.253
1780036980.5680325,53.254
1780036980.5739563,53.254
1780036980.5799813,53.254
1780036980.586012,53.255
1780036980.5919368,53.254
1780036980.5979767,53.254
1780036980.6039631,53.254
1780036980.6098566,53.254
1780036980.6159773,53.254
1780036980.6219058,53.254
1780036980.6279306,53.255
1780036980.6339166,53.255
1780036980.639896,53.254
1780036980.6459591,53.254
1780036980.651855,53.254
1780036980.6579502,53.255
1780036980.6639543,53.254
1780036980.6699378,53.254
1780036980.6760106,53.255
1780036980.6821704,53.254
1780036980.6879752,53.255
1780036980.693942,53.255
1780036980.6999555,53.255
1780036980.7059376,53.255
1780036980.7118971,53.254
1780036980.7173896,53.254
1780036980.7229736,53.254
1780036980.7287786,53.255
1780036980.734783,53.254
1780036980.7407374,53.254
1780036980.7467422,53.255
1780036980.752797,53.254
1780036980.7588134,53.254
1780036980.764707,53.254
1780036980.7708154,53.255
1780036980.7767446,53.254
1780036980.7827713,53.254
1780036980.7886257,53.255
1780036980.7947516,53.254
1780036980.8007414,53.254
1780036980.8066638,53.254
1780036980.8127506,53.254
1780036980.8187938,53.254
1780036980.824785,53.254
1780036980.8308005,53.255
1780036980.836795,53.255
1780036980.8428166,53.254
1780036980.8487616,53.255
1780036980.8547766,53.255
1780036980.8608248,53.255
1780036980.8667119,53.254
1780036980.8727803,53.255
1780036980.8788297,53.255
1780036980.884718,53.254
1780036980.8908095,53.254
1780036980.896822,53.255
1780036980.902788,53.254
1780036980.908812,53.255
1780036980.9147732,53.254
1780036980.9208431,53.255
1780036980.9267826,53.254
1780036980.9328172,53.254
1780036980.9388244,53.255
1780036980.9447358,53.255
1780036980.9506404,53.255
1780036980.9567752,53.255
1780036980.962735,53.254
1780036980.9687703,53.254
1780036980.97477,53.254
1780036980.9806762,53.255
1780036980.9866512,53.254
1780036980.9928522,53.254
1780036980.9988158,53.255
1780036981.0046504,53.255
1780036981.0108335,53.255
1780036981.0167363,53.255
1780036981.0226455,53.255
1780036981.028725,53.254
1780036981.0348418,53.255
1780036981.0407422,53.255
1780036981.0462537,53.255
1780036981.0519009,53.255
1780036981.0575476,53.255
1780036981.0635552,53.255
1780036981.069591,53.254
1780036981.075523,53.255
1780036981.081666,53.255
1780036981.087457,53.254
1780036981.0929396,53.255
1780036981.0985763,53.255
1780036981.1044393,53.254
1780036981.1104245,53.255
1780036981.1163187,53.255
1780036981.1223667,53.255
1780036981.1283364,53.255
1780036981.1337905,53.255
1780036981.139271,53.255
1780036981.1451437,53.255
1780036981.151126,53.254
1780036981.1566749,53.255
1780036981.162279,53.255
1780036981.167974,53.255
1780036981.173831,53.255
1780036981.1800933,53.255
1780036981.1858742,53.255
1780036981.1914487,53.255
1780036981.1970744,53.255
1780036981.202723,53.255
1780036981.2088094,53.255
1780036981.2146368,53.255
1780036981.2207353,53.255
1780036981.2267313,53.255
1780036981.2327087,53.255
1780036981.2387888,53.255
1780036981.2446897,53.255
1780036981.250684,53.254
1780036981.2568605,53.255
1780036981.2627366,53.255
1780036981.2686837,53.255
1780036981.2748291,53.255
1780036981.2807424,53.255
1780036981.286718,53.255
1780036981.2926927,53.254
1780036981.2986698,53.255
1780036981.3047616,53.255
1780036981.310777,53.255
1780036981.3167036,53.255
1780036981.3222334,53.255
1780036981.3278296,53.255
1780036981.3335319,53.255
1780036981.3395529,53.255
1780036981.3454711,53.255
1780036981.3510716,53.255
1780036981.356783,54.0
1780036981.362382,53.255
1780036981.3682837,53.255
1780036981.3739128,53.254
1780036981.3794942,53.255
1780036981.3851418,53.255
1780036981.391215,53.255
1780036981.3971574,54.0
1780036981.403232,53.255
1780036981.4091659,53.255
1780036981.4151297,53.254
1780036981.4212332,53.255
1780036981.4271452,53.255
1780036981.4331472,53.255
1780036981.4386704,54.0
1780036981.4441836,53.255
1780036981.4500492,53.255
1780036981.4560027,53.255
1780036981.4619792,54.0
1780036981.4678817,53.255
1780036981.4739647,53.255
1780036981.4794428,54.0
1780036981.4849856,53.255
1780036981.490834,53.255
1780036981.4967825,53.255
1780036981.5027533,53.255
1780036981.5087893,53.255
1780036981.5147264,53.255
1780036981.5201771,53.255
1780036981.5257165,53.255
1780036981.531542,53.255
1780036981.5375855,53.255
1780036981.5434973,53.255
1780036981.5495718,53.255
1780036981.5555189,53.255
1780036981.561578,53.255
1780036981.567645,53.255
1780036981.5735288,53.255
1780036981.579566,53.255
1780036981.5855474,53.255
1780036981.591469,53.255
1780036981.5970905,53.254
1780036981.6026924,53.255
1780036981.608436,53.255
1780036981.6143837,53.255
1780036981.6203256,54.0
1780036981.6264486,53.255
1780036981.6322405,53.255
1780036981.637919,53.254
1780036981.6434727,54.0
1780036981.6491616,53.255
1780036981.655157,53.255
1780036981.6612535,53.255
1780036981.6672628,53.255
1780036981.6731684,54.0
1780036981.6790373,53.254
1780036981.684421,54.015
1780036981.6898038,54.01
1780036981.6952434,54.012
1780036981.7006,54.008
1780036981.70585,54.014
1780036981.7114158,54.009
1780036981.716854,54.008
1780036981.7222033,54.014
1780036981.7276459,54.008
1780036981.7329445,54.009
1780036981.7382102,54.009
1780036981.7437482,54.009
1780036981.7490168,54.009
1780036981.7545927,54.011
1780036981.7600322,54.008
1780036981.7654026,54.009
1780036981.7708404,54.007
1780036981.7762005,54.009
1780036981.7816372,54.009
1780036981.7869382,54.009
1780036981.7922676,54.013
1780036981.7977464,54.007
1780036981.8029914,54.008
1780036981.808582,54.007
1780036981.8138323,54.008
1780036981.8193817,54.008
1780036981.8246324,54.009
1780036981.830192,54.01
1780036981.835639,54.008
1780036981.8409822,54.007
1780036981.846239,54.008
1780036981.8517892,54.008
1780036981.8570473,54.008
1780036981.862589,54.012
1780036981.8678422,54.007
1780036981.8733852,54.007
1780036981.8786402,54.007
1780036981.884185,54.007
1780036981.8894444,54.007
1780036981.8949878,54.007
1780036981.9002473,54.01
1780036981.9057953,54.007
1780036981.9110425,54.007
1780036981.9165912,54.008
1780036981.9220297,54.006
1780036981.9274082,54.008
1780036981.9328463,54.011
1780036981.938215,54.009
1780036981.943667,54.008
1780036981.9490116,54.012
1780036981.954447,54.007
1780036981.9597557,54.008
1780036981.9650214,54.009
1780036981.9707012,53.246
1780036981.9768293,53.249
1780036981.9828427,53.253
1780036981.9888668,53.252
1780036981.9947147,53.252
1780036982.0007327,53.253
1780036982.0066988,53.252
1780036982.0128798,53.252
1780036982.018727,53.253
1780036982.0246384,53.253
1780036982.030705,53.252
1780036982.0366683,53.253
1780036982.0427747,53.253
1780036982.048829,53.253
1780036982.0547066,53.252
1780036982.0602899,53.252
1780036982.0659492,53.252
1780036982.0714564,53.253
1780036982.0775769,53.253
1780036982.0835977,53.253
1780036982.0895793,53.253
1780036982.0955002,53.253
1780036982.1016233,53.253
1780036982.1074972,53.253
1780036982.1135266,53.252
1780036982.119541,53.253
1780036982.1256168,53.253
1780036982.1315062,53.252
1780036982.1374867,53.253
1780036982.143153,53.253
1780036982.1490653,53.253
1780036982.1546052,53.253
1780036982.1603668,53.253
1780036982.166355,53.253
1780036982.1723933,53.252
1780036982.1784098,53.253
1780036982.1843107,53.253
1780036982.1899192,53.253
1780036982.1956506,53.253
1780036982.2012289,53.253
1780036982.2071579,53.253
1780036982.2132125,53.253
1780036982.2192554,53.253
1780036982.225164,53.253
1780036982.2310677,53.253
1780036982.2366078,53.253
1780036982.242151,53.253
1780036982.247862,53.253
1780036982.2540321,53.253
1780036982.2600713,53.253
1780036982.2660859,53.253
1780036982.2720592,53.252
1780036982.2780333,53.253
1780036982.2840087,53.253
1780036982.2900217,53.253
1780036982.2959826,53.253
1780036982.3019238,53.253
1780036982.3079393,53.253
1780036982.313967,53.253
1780036982.320007,53.253
1780036982.3260632,53.253
1780036982.331959,53.253
1780036982.3380046,53.253
1780036982.343952,53.253
1780036982.3499875,53.253
1780036982.3559349,53.253
1780036982.3615046,53.253
1780036982.3671908,53.253
1780036982.3727982,53.253
1780036982.3787565,53.253
1780036982.3847175,53.253
1780036982.3907475,53.253
1780036982.396734,53.253
1780036982.4027207,53.254
1780036982.4082263,53.254
1780036982.4138246,53.253
1780036982.4195507,53.253
1780036982.4255633,53.254
1780036982.4316251,53.253
1780036982.4375703,53.254
1780036982.4434993,53.253
1780036982.4490507,53.253
1780036982.4545941,53.254
1780036982.460344,53.254
1780036982.4663782,53.254
1780036982.4724083,53.253
1780036982.478265,53.253
1780036982.4839137,53.253
1780036982.4895566,53.253
1780036982.4952302,53.254
1780036982.5011513,53.254
1780036982.5071774,53.254
1780036982.5131373,53.253
1780036982.5190766,53.254
1780036982.5247226,53.254
1780036982.5306804,53.253
1780036982.5364895,53.254
1780036982.542115,53.254
1780036982.5479667,53.253
1780036982.5539513,53.254
1780036982.5598736,53.254
1780036982.5659437,53.254
1780036982.5719478,53.253
1780036982.5780833,53.254
1780036982.5840404,53.254
1780036982.589987,53.254
1780036982.5960133,53.254
1780036982.6019917,53.254
1780036982.6080449,53.254
1780036982.6139932,53.254
1780036982.6199353,53.254
1780036982.6260262,53.254
1780036982.6319473,53.253
1780036982.638095,53.254
1780036982.6438768,53.254
1780036982.6494417,53.254
1780036982.6549816,53.254
1780036982.660752,53.254
1780036982.666747,53.254
1780036982.6727245,53.253
1780036982.6787083,53.254
1780036982.6843064,53.254
1780036982.6899934,53.254
1780036982.6956923,53.254
1780036982.7015972,53.254
1780036982.707555,53.254
1780036982.7136016,53.254
1780036982.7195878,53.254
1780036982.7255082,53.254
1780036982.731577,53.254
1780036982.7375333,53.254
1780036982.7434871,53.254
1780036982.7490559,53.254
1780036982.7548318,53.254
1780036982.7604651,53.254
1780036982.7664125,53.254
1780036982.7723079,53.253
1780036982.7783413,53.254
1780036982.7838323,53.254
1780036982.789467,53.254
1780036982.7951918,53.254
1780036982.8012428,53.254
1780036982.8072042,53.254
1780036982.8131936,53.253
1780036982.8192153,53.254
1780036982.8251646,53.254
1780036982.8312328,53.254
1780036982.837186,53.254
1780036982.8431742,53.254
1780036982.8491766,53.254
1780036982.8551455,53.254
1780036982.8610325,53.254
1780036982.867107,53.254
1780036982.8731754,53.253
1780036982.8792424,53.254
1780036982.8851752,53.254
1780036982.891244,53.254
1780036982.8972251,53.254
1780036982.9032323,53.254
1780036982.9092243,53.254
1780036982.9152386,53.254
1780036982.9212475,53.254
1780036982.9272146,53.254
1780036982.9330804,53.254
1780036982.9386942,53.254
1780036982.9442856,53.254
1780036982.949996,53.254
1780036982.9560003,53.254
1780036982.9620326,53.254
1780036982.9680645,53.254
1780036982.9740198,53.254
1780036982.979982,53.254
1780036982.9859583,53.254
1780036982.9919908,53.254
1780036982.9980175,53.254
1780036983.0039794,53.255
1780036983.01001,53.254
1780036983.0159242,53.254
1780036983.0215354,53.254
1780036983.02723,53.254
1780036983.0328248,53.254
1780036983.0386753,53.254
1780036983.0447972,53.254
1780036983.0508277,53.254
1780036983.0567448,53.254
1780036983.0628111,53.254
1780036983.0687568,53.254
1780036983.074772,53.254
1780036983.0808334,53.254
1780036983.0867794,53.254
1780036983.092813,53.254
1780036983.0987668,53.254
1780036983.1047747,53.254
1780036983.1107943,53.255
1780036983.1167884,53.254
1780036983.122704,53.254
1780036983.128714,53.254
1780036983.1347468,53.254
1780036983.1408904,53.254
1780036983.146698,53.254
1780036983.1522825,53.254
1780036983.1578476,53.255
1780036983.1636152,53.254
1780036983.1695566,53.255
1780036983.1756096,53.254
1780036983.181613,53.255
1780036983.187528,53.255
1780036983.1935787,53.255
1780036983.1995883,53.254
1780036983.205554,53.254
1780036983.211563,53.254
1780036983.2175488,53.254
1780036983.223476,53.254
1780036983.2291234,53.254
1780036983.234782,53.254
1780036983.2402687,53.255
1780036983.2463799,53.255
1780036983.2524574,53.254
1780036983.2584617,53.255
1780036983.264389,53.254
1780036983.270382,53.254
1780036983.2763882,53.254
1780036983.2818637,53.255
1780036983.287572,53.255
1780036983.2932127,53.255
1780036983.299253,53.255
1780036983.3052628,53.254
1780036983.31124,53.255
1780036983.3171742,53.254
1780036983.323228,53.255
1780036983.32924,53.254
1780036983.3352385,53.254
1780036983.341088,53.255
1780036983.347214,53.255
1780036983.3532383,53.255
1780036983.3592584,53.255
1780036983.365201,53.255
1780036983.3711586,53.255
1780036983.3771484,53.254
1780036983.3832202,53.255
1780036983.3891642,53.255
1780036983.39525,53.254
1780036983.4012291,53.255
1780036983.407116,53.255
1780036983.4132206,53.255
1780036983.4192133,53.255
1780036983.4251657,53.255
1780036983.4311903,53.255
1780036983.4371052,53.254
1780036983.4431279,53.254
1780036983.4486496,53.255
1780036983.4542792,53.254
1780036983.4600124,53.255
1780036983.4660392,53.255
1780036983.4720802,53.255
1780036983.4780362,53.254
1780036983.4840808,53.255
1780036983.4900515,53.255
1780036983.4960525,53.254
1780036983.5019784,53.255
1780036983.5080364,53.255
1780036983.5140107,53.254
1780036983.5199397,53.254
1780036983.5259821,53.255
1780036983.5320804,53.254
1780036983.5379014,53.255
1780036983.543481,53.255
1780036983.548963,53.255
1780036983.5547895,53.255
1780036983.5607858,53.255
1780036983.5666904,53.254
1780036983.5722303,53.254
1780036983.5778258,53.255
1780036983.583516,53.255
1780036983.5896153,53.255
1780036983.5955698,53.255
1780036983.6015997,53.255
1780036983.607589,53.255
1780036983.6136296,53.255
1780036983.6196382,53.254
1780036983.6256678,53.255
1780036983.6316516,53.255
1780036983.637558,53.254
1780036983.6436055,53.255
1780036983.6496224,53.255
1780036983.655513,53.255
1780036983.661534,53.254
1780036983.6676552,53.255
1780036983.6735444,53.255
1780036983.6796114,53.254
1780036983.6856601,53.255
1780036983.6916497,53.255
1780036983.697568,53.255
1780036983.7031076,53.255
1780036983.708593,53.255
1780036983.7143848,53.255
1780036983.720311,53.254
1780036983.726356,53.255
1780036983.7323914,53.255
1780036983.738329,53.255
1780036983.7444103,53.255
1780036983.7503788,53.255
1780036983.7564034,53.255
1780036983.7623823,53.255
1780036983.7684176,53.255
1780036983.7743385,53.255
1780036983.780412,53.255
1780036983.7862413,54.0
1780036983.7918649,53.255
1780036983.797515,53.255
1780036983.8032417,53.255
1780036983.8092763,53.255
1780036983.8151722,53.255
1780036983.8211524,53.255
1780036983.826698,53.255
1780036983.8322191,53.255
1780036983.8380015,53.255
1780036983.8439548,53.255
1780036983.8500397,53.255
1780036983.8560355,53.255
1780036983.8619845,53.254
1780036983.8680406,53.255
1780036983.8740053,53.255
1780036983.8799973,53.255
1780036983.886031,54.0
1780036983.8920724,53.255
1780036983.898039,53.255
1780036983.9038882,53.254
1780036983.91007,53.255
1780036983.91593,53.255
1780036983.9218993,53.255
1780036983.927936,53.255
1780036983.934067,53.255
1780036983.9400163,53.255
1780036983.9460104,53.255
1780036983.9521065,53.255
1780036983.9578636,53.255
1780036983.963432,53.255
1780036983.9688046,53.255
1780036983.9748375,53.255
1780036983.9808016,53.255
1780036983.986743,53.255
1780036983.9928205,53.255
1780036983.9989002,53.255
1780036984.0047722,53.254
1780036984.010876,53.255
1780036984.0167415,53.255
1780036984.022938,53.255
1780036984.0288396,53.255
1780036984.034907,53.255
1780036984.0407398,53.255
1780036984.046298,53.254
1780036984.0519004,53.255
1780036984.0576725,53.255
1780036984.0636384,53.255
1780036984.069622,53.255
1780036984.0756693,53.255
1780036984.0816164,53.255
1780036984.087555,53.255
1780036984.0936723,53.255
1780036984.09953,53.255
1780036984.1055605,53.255
1780036984.1110764,53.255
1780036984.1166136,53.255
1780036984.1224353,53.255
1780036984.1283998,53.255
1780036984.1344416,53.255
1780036984.1404464,53.255
1780036984.1463828,53.254
1780036984.1524832,53.255
1780036984.1584172,53.255
1780036984.164441,53.255
1780036984.1704412,54.0
1780036984.1765053,53.255
1780036984.1823754,53.255
1780036984.188355,53.255
1780036984.194421,53.255
1780036984.2002642,53.255
1780036984.2059186,53.255
1780036984.2119107,53.255
1780036984.2175283,53.255
1780036984.223141,53.255
1780036984.2291405,53.255
1780036984.2352812,53.255
1780036984.241162,53.255
1780036984.247148,53.255
1780036984.2531083,53.255
1780036984.2592232,53.255
1780036984.2651687,53.255
1780036984.2712288,53.255
1780036984.2770858,54.0
1780036984.2826695,53.255
1780036984.2882771,53.255
1780036984.293841,53.255
1780036984.299976,53.255
1780036984.305943,53.255
1780036984.3119373,53.255
1780036984.3179789,53.255
1780036984.3239682,53.255
1780036984.3294513,53.255
1780036984.334869,53.255
1780036984.3408484,53.255
1780036984.3467646,53.255
1780036984.3523264,53.255
1780036984.357911,54.0
1780036984.3635986,53.255
1780036984.3696675,53.255
1780036984.3755827,54.0
1780036984.3816273,54.0
1780036984.387577,53.255
1780036984.3935835,53.255
1780036984.3996894,53.255
1780036984.405461,54.0
1780036984.4110553,53.255
1780036984.416593,54.0
1780036984.4224293,53.255
1780036984.4286618,53.255
1780036984.4344387,54.0
1780036984.4404724,53.255
1780036984.4463592,53.255
1780036984.4523525,53.255
1780036984.4583826,53.255
1780036984.4642842,53.255
1780036984.4699018,53.255
1780036984.4754696,53.255
1780036984.4812589,54.0
1780036984.4871843,53.255
1780036984.4931462,53.255
1780036984.4992743,54.0
1780036984.5051212,53.255
1780036984.511221,53.255
1780036984.5171506,54.0
1780036984.523158,54.0
1780036984.5286984,53.255
1780036984.534215,54.015
1780036984.542448,54.012
1780036984.547713,54.014
1780036984.553034,54.009
1780036984.5584903,54.008
1780036984.563846,54.014
1780036984.5692837,54.009
1780036984.5746403,54.012
1780036984.5800827,54.008
1780036984.5854578,54.01
1780036984.5908864,54.008
1780036984.5962486,54.01
1780036984.60169,54.009
1780036984.6069832,54.01
1780036984.6125102,54.014
1780036984.6178315,54.008
1780036984.6230824,54.009
1780036984.6286318,54.008
1780036984.6338828,54.009
1780036984.6393855,54.008
1780036984.6446354,54.01
1780036984.6502516,54.011
1780036984.6556885,54.009
1780036984.661024,54.008
1780036984.666293,54.009
1780036984.6718273,54.009
1780036984.677086,54.008
1780036984.682643,54.013
1780036984.6880867,54.007
1780036984.693422,54.008
1780036984.6986775,54.007
1780036984.704182,54.008
1780036984.7094393,54.008
1780036984.715,54.007
1780036984.7202666,54.011
1780036984.7258484,54.007
1780036984.7312975,54.008
1780036984.73664,54.008
1780036984.7418928,54.007
1780036984.7474425,54.008
1780036984.7528856,54.012
1780036984.758256,54.007
1780036984.763694,54.007
1780036984.769032,54.007
1780036984.7742848,54.007
1780036984.7798343,54.008
1780036984.7850912,54.007
1780036984.7906601,54.013
1780036984.7961032,54.007
1780036984.801402,54.009
1780036984.8066647,54.009
1780036984.8122432,54.007
1780036984.817684,54.013
1780036984.8232002,53.254
1780036984.8293223,53.248
1780036984.8351603,53.249
1780036984.8412209,53.253
1780036984.8471653,53.252
1780036984.8526497,53.253
1780036984.8582249,53.252
1780036984.86403,53.253
1780036984.8699527,53.252
1780036984.876101,53.253
1780036984.8818908,53.252
1780036984.8875306,53.253
1780036984.8932326,53.253
1780036984.898835,53.253
1780036984.9047828,53.253
1780036984.910889,53.253
1780036984.9167805,53.253
1780036984.9226406,53.252
1780036984.9283109,53.252
1780036984.9339542,53.253
1780036984.9396014,53.252
1780036984.9455729,53.253
1780036984.9516451,53.253
1780036984.9576201,53.253
1780036984.9635518,53.252
1780036984.96956,53.252
1780036984.9756358,53.253
1780036984.9816298,53.253
1780036984.987597,53.252
1780036984.9936135,53.253
1780036984.999557,53.253
1780036985.005595,53.253
1780036985.0115688,53.253
1780036985.0175107,53.253
1780036985.0232027,53.253
1780036985.0288837,53.252
1780036985.0344949,53.253
1780036985.0404122,53.253
1780036985.0464694,53.253
1780036985.0524049,53.253
1780036985.058335,53.253
1780036985.0639565,53.253
1780036985.0699682,53.253
1780036985.0755877,53.253
1780036985.0812552,53.253
1780036985.0872543,53.253
1780036985.0931442,53.254
1780036985.0987937,53.253
1780036985.1047037,53.253
1780036985.11028,53.253
1780036985.1159992,53.253
1780036985.1220372,53.253
1780036985.1280184,53.252
1780036985.1340005,53.253
1780036985.1399343,53.253
1780036985.1460526,53.253
1780036985.1520076,53.254
1780036985.1579528,53.253
1780036985.163924,53.253
1780036985.169586,53.252
1780036985.1751056,53.253
1780036985.1807868,53.253
1780036985.1869102,53.253
1780036985.1928353,53.253
1780036985.1987858,53.253
1780036985.2047698,53.253
1780036985.2107344,53.253
1780036985.2168646,53.253
1780036985.2227046,53.253
1780036985.2287881,53.252
1780036985.2349253,53.253
1780036985.2408643,53.253
1780036985.2469344,53.253
1780036985.252882,53.254
1780036985.2588468,53.254
1780036985.264889,53.253
1780036985.2708733,53.253
1780036985.2768395,53.253
1780036985.2828002,53.254
1780036985.2888398,53.252
1780036985.2947373,53.254
1780036985.3004298,53.254
1780036985.3063495,53.253
1780036985.311927,53.253
1780036985.3176024,53.253
1780036985.323602,53.253
1780036985.329598,53.252
1780036985.3356571,53.253
1780036985.3415573,53.254
1780036985.3476584,53.253
1780036985.3536365,53.254
1780036985.3595195,53.253
1780036985.3651745,53.253
1780036985.3710628,53.253
1780036985.3766878,53.254
1780036985.3822796,53.253
1780036985.3884628,53.254
1780036985.3943598,53.254
1780036985.4004178,53.253
1780036985.4064417,53.254
1780036985.4123917,53.253
1780036985.4184499,53.254
1780036985.4244163,53.253
1780036985.4304564,53.253
1780036985.4363856,53.254
1780036985.4423184,53.254
1780036985.448343,53.253
1780036985.4544282,53.254
1780036985.4604738,53.254
1780036985.4663424,53.254
1780036985.4724047,53.254
1780036985.4784875,53.254
1780036985.4844887,53.254
1780036985.4905372,53.253
1780036985.4965134,53.254
1780036985.5024655,53.254
1780036985.5084877,53.254
1780036985.514534,53.254
1780036985.520395,53.254
1780036985.526463,53.254
1780036985.5324745,53.254
1780036985.5384696,53.254
1780036985.5443876,53.254
1780036985.550429,53.253
1780036985.5563436,53.254
1780036985.5618832,53.254
1780036985.5676465,53.254
1780036985.5732634,53.254
1780036985.5792546,53.254
1780036985.585291,53.254
1780036985.591267,53.253
1780036985.5972393,53.254
1780036985.6032474,53.254
1780036985.6092513,53.254
1780036985.6152756,53.254
1780036985.621221,53.254
1780036985.6273053,53.254
1780036985.6332638,53.254
1780036985.6392467,53.254
1780036985.6452403,53.254
1780036985.6511974,53.253
1780036985.6572263,53.254
1780036985.6631737,53.254
1780036985.6692007,53.254
1780036985.67524,53.254
1780036985.6812184,53.254
1780036985.6872478,53.254
1780036985.6931818,53.253
1780036985.6991155,53.254
1780036985.7051592,53.254
1780036985.711245,53.254
1780036985.7172182,53.254
1780036985.7231662,53.254
1780036985.729228,53.254
1780036985.73523,53.254
1780036985.7412446,53.254
1780036985.7471516,53.254
1780036985.7531717,53.253
1780036985.7591825,53.254
1780036985.765156,53.254
1780036985.770761,53.254
1780036985.7765548,53.254
1780036985.7822182,53.254
1780036985.7880046,53.254
1780036985.7940817,53.254
1780036985.7999506,53.254
1780036985.8060384,53.254
1780036985.812047,53.254
1780036985.81796,53.255
1780036985.8240132,53.254
1780036985.8300066,53.254
1780036985.8360877,53.254
1780036985.8420615,53.254
1780036985.8479664,53.254
1780036985.8540602,53.253
1780036985.8599856,53.254
1780036985.8655136,53.254
1780036985.8712406,53.254
1780036985.8769095,53.255
1780036985.8829284,53.254
1780036985.8889155,53.254
1780036985.894858,53.254
1780036985.9008288,53.254
1780036985.9069026,53.254
1780036985.9128425,53.254
1780036985.9188094,53.255
1780036985.9248297,53.254
1780036985.9308524,53.254
1780036985.9367917,53.254
1780036985.9428656,53.254
1780036985.94887,53.255
1780036985.9548702,53.253
1780036985.9608707,53.255
1780036985.966832,53.254
1780036985.9728174,53.254
1780036985.978945,53.254
1780036985.984803,53.254
1780036985.9909074,53.254
1780036985.9969118,53.254
1780036986.0028112,53.254
1780036986.0088396,53.254
1780036986.0147617,53.254
1780036986.0207644,53.255
1780036986.0268555,53.255
1780036986.0327744,53.254
1780036986.0389228,53.255
1780036986.0448403,53.254
1780036986.0507748,53.254
1780036986.056839,53.254
1780036986.0627959,53.254
1780036986.0688488,53.255
1780036986.0748665,53.254
1780036986.0807266,53.255
1780036986.0868979,53.255
1780036986.092871,53.254
1780036986.0987709,53.254
1780036986.1048377,53.255
1780036986.110834,53.255
1780036986.116854,53.254
1780036986.122826,53.254
1780036986.1287808,53.254
1780036986.13487,53.255
1780036986.1409135,53.255
1780036986.146801,53.254
1780036986.1528869,53.254
1780036986.1589522,53.254
1780036986.1648023,53.254
1780036986.170893,53.255
1780036986.176757,53.254
1780036986.1823144,53.255
1780036986.187902,53.255
1780036986.1936126,53.254
1780036986.199592,53.254
1780036986.2055748,53.254
1780036986.2115436,53.255
1780036986.2170887,53.255
1780036986.2225177,53.255
1780036986.2284262,53.255
1780036986.2344153,53.255
1780036986.240381,53.255
1780036986.2464805,53.255
1780036986.252384,53.255
1780036986.2584808,53.254
1780036986.2645054,53.255
1780036986.2704654,53.255
1780036986.276466,53.255
1780036986.282481,53.255
1780036986.2884822,53.255
1780036986.2946935,53.255
1780036986.3004518,53.254
1780036986.3065338,53.255
1780036986.3124402,53.255
1780036986.3184078,53.255
1780036986.3238719,53.255
1780036986.3294926,53.255
1780036986.3352866,53.255
1780036986.3412597,53.254
1780036986.3472745,53.255
1780036986.353273,53.255
1780036986.3591976,53.255
1780036986.3646107,53.255
1780036986.3702452,53.255
1780036986.3760624,53.255
1780036986.382032,53.255
1780036986.3879366,53.255
1780036986.3940482,53.254
1780036986.3999815,53.255
1780036986.4060655,53.255
1780036986.4120429,53.255
1780036986.4179473,53.254
1780036986.4240499,53.255
1780036986.430021,53.255
1780036986.4360704,53.255
1780036986.4420655,53.254
1780036986.4480178,53.255
1780036986.4540513,53.255
1780036986.4600906,53.255
1780036986.4660366,53.255
1780036986.4719942,53.255
1780036986.4780104,53.254
1780036986.4840314,53.255
1780036986.4900525,53.255
1780036986.4960642,53.255
1780036986.5019658,53.254
1780036986.5081375,53.255
1780036986.5139654,53.254
1780036986.5199742,53.255
1780036986.5260935,53.255
1780036986.5319843,53.255
1780036986.5379858,53.255
1780036986.543563,53.254
1780036986.5492346,53.255
1780036986.55486,53.255
1780036986.5608609,53.255
1780036986.566926,53.255
1780036986.5729425,53.255
1780036986.5788116,53.255
1780036986.5848446,53.255
1780036986.5909438,53.254
1780036986.5967932,53.255
1780036986.602331,53.255
1780036986.6079683,53.255
1780036986.6137013,53.255
1780036986.6197243,53.255
1780036986.6256194,53.254
1780036986.631681,53.255
1780036986.6377435,53.255
1780036986.6435695,53.255
1780036986.6491284,54.0
1780036986.6546843,53.255
1780036986.6605353,53.255
1780036986.6664834,53.254
1780036986.6725187,53.255
1780036986.6785386,53.255
1780036986.684368,53.255
1780036986.689925,54.0
1780036986.6954803,53.255
1780036986.7012784,53.255
1780036986.7072537,53.254
1780036986.7132204,53.255
1780036986.7192917,53.255
1780036986.7251537,53.255
1780036986.730686,54.0
1780036986.7363055,53.255
1780036986.7420132,53.255
1780036986.7481594,53.255
1780036986.7540736,53.255
1780036986.7600553,53.255
1780036986.7659407,53.255
1780036986.7714465,54.0
1780036986.7770693,53.255
1780036986.7828948,53.255
1780036986.7889178,53.254
1780036986.7948036,53.255
1780036986.8009121,53.255
1780036986.8068304,53.255
1780036986.8128405,53.255
1780036986.8188632,53.255
1780036986.824739,53.255
1780036986.830726,53.255
1780036986.8368292,53.255
1780036986.842798,53.255
1780036986.8487816,53.254
1780036986.8547783,53.255
1780036986.8602977,53.255
1780036986.8660305,53.255
1780036986.8718107,54.0
1780036986.877603,53.255
1780036986.88355,53.255
1780036986.8892,53.255
1780036986.8948333,53.255
1780036986.9004877,53.255
1780036986.9064457,53.255
1780036986.912462,53.255
1780036986.9185505,53.255
1780036986.9244406,53.255
1780036986.9305103,53.254
1780036986.936494,53.255
1780036986.9424567,53.255
1780036986.9484692,53.255
1780036986.9544435,53.255
1780036986.960365,53.255
1780036986.966558,53.255
1780036986.9724934,53.255
1780036986.9784713,53.255
1780036986.9844623,53.255
1780036986.990458,53.255
1780036986.996469,53.255
1780036987.0025449,53.255
1780036987.0084248,53.255
1780036987.014486,54.0
1780036987.0204475,53.255
1780036987.0263677,53.255
1780036987.0323172,53.254
1780036987.0384357,53.255
1780036987.0443635,53.255
1780036987.050478,53.255
1780036987.0564864,54.0
1780036987.0624723,53.255
1780036987.068446,53.255
1780036987.0745032,53.255
1780036987.080443,53.255
1780036987.086453,53.255
1780036987.092426,53.255
1780036987.0979435,54.0
1780036987.1035316,53.255
1780036987.1092386,53.255
1780036987.1152377,53.255
1780036987.1213067,53.255
1780036987.127241,53.255
1780036987.1332266,53.255
1780036987.1386716,54.0
1780036987.1443102,53.255
1780036987.1500258,53.255
1780036987.156089,53.255
1780036987.1621122,53.255
1780036987.1679587,53.255
1780036987.1735897,53.255
1780036987.1793435,54.0
1780036987.1849482,53.255
1780036987.190809,53.255
1780036987.1964288,53.254
1780036987.202027,53.255
1780036987.207691,53.255
1780036987.2136936,53.255
1780036987.2197366,54.0
1780036987.2256017,53.255
1780036987.2315977,53.255
1780036987.2371867,53.254
1780036987.2428057,53.255
1780036987.248355,53.255
1780036987.2543943,53.255
1780036987.2605126,54.0
1780036987.2664497,53.255
1780036987.2724044,53.255
1780036987.2784333,53.254
1780036987.2843764,53.255
1780036987.290533,53.255
1780036987.2964666,53.255
1780036987.3023229,53.255
1780036987.3084524,53.255
1780036987.3143752,53.255
1780036987.320336,53.255
1780036987.3264322,54.0
1780036987.3324292,53.255
1780036987.338382,53.254
1780036987.3444247,54.0
1780036987.3504438,53.255
1780036987.3563397,54.0
1780036987.3625612,54.0
1780036987.3685675,53.255
1780036987.3744411,53.255
1780036987.3803625,53.255
1780036987.386542,53.255
1780036987.3923404,53.255
1780036987.3979778,53.255
1780036987.4038665,54.02
1780036987.4091563,54.011
1780036987.4145627,54.014
1780036987.4198985,54.008
1780036987.4253438,54.01
1780036987.4306514,54.013
1780036987.435908,54.009
1780036987.441489,54.013
1780036987.4469352,54.008
1780036987.452295,54.008
1780036987.457729,54.008
1780036987.4630873,54.008
1780036987.4685297,54.009
1780036987.473909,54.009
1780036987.4793577,54.013
1780036987.4846873,54.008
1780036987.4901524,54.008
1780036987.4954813,54.009
1780036987.5007317,54.008
1780036987.5062985,54.008
1780036987.5117316,54.011
1780036987.5171049,54.009
1780036987.5225544,54.009
1780036987.5278745,54.007
1780036987.5331323,54.009
1780036987.538683,54.009
1780036987.5439317,54.008
1780036987.5495512,54.013
1780036987.5549703,54.007
1780036987.5602832,54.008
1780036987.5657299,54.008
1780036987.5710673,54.008
1780036987.5763297,54.008
1780036987.581878,54.007
1780036987.5871522,54.009
1780036987.5926917,54.008
1780036987.5981355,54.007
1780036987.603441,54.008
1780036987.608693,54.008
1780036987.6142848,54.007
1780036987.6197317,54.012
1780036987.625088,54.006
1780036987.6305392,54.007
1780036987.6358788,54.006
1780036987.641125,54.008
1780036987.6466455,54.008
1780036987.6519012,54.007
1780036987.6574874,54.012
1780036987.6629293,54.007
1780036987.6682842,54.01
1780036987.6737187,54.007
1780036987.6791706,54.007
1780036987.6845884,54.012
1780036987.6900961,53.251
1780036987.6961331,53.249
1780036987.7021017,53.251
1780036987.7079706,53.253
1780036987.7135148,53.253
1780036987.7189507,53.253
1780036987.7249086,53.253
1780036987.730919,53.253
1780036987.7368667,53.252
1780036987.7428424,53.252
1780036987.7488048,53.253
1780036987.7544174,53.252
1780036987.760017,53.253
1780036987.7657068,53.253
1780036987.771624,53.253
1780036987.777648,53.253
1780036987.7835636,53.253
1780036987.7892246,53.253
1780036987.7952547,53.252
1780036987.8008294,53.253
1780036987.80654,53.253
1780036987.8125381,53.253
1780036987.8184497,53.253
1780036987.8244913,53.253
1780036987.8304317,53.253
1780036987.8364964,53.253
1780036987.842514,53.253
1780036987.8484466,53.253
1780036987.8545427,53.252
1780036987.860532,53.253
1780036987.866467,53.253
1780036987.8724675,53.253
1780036987.8784595,53.253
1780036987.884415,53.253
1780036987.8904831,53.253
1780036987.8964822,53.253
1780036987.9023826,53.253
1780036987.9084034,53.253
1780036987.9144568,53.252
1780036987.920561,53.253
1780036987.9265366,53.253
1780036987.9325309,53.253
1780036987.9385087,53.253
1780036987.9444585,53.253
1780036987.9505413,53.253
1780036987.9564726,53.253
1780036987.9624417,53.253
1780036987.96845,53.253
1780036987.9745057,53.252
1780036987.9805932,53.253
1780036987.9863172,53.253
1780036987.9919682,53.253
1780036987.9977262,53.253
1780036988.0033069,53.253
1780036988.0091732,53.253
1780036988.0152948,53.252
1780036988.0212743,53.253
1780036988.0271735,53.253
1780036988.032791,53.253
1780036988.0387843,53.253
1780036988.0444932,53.253
1780036988.0501733,53.253
1780036988.0560691,53.252
1780036988.0620227,53.254
1780036988.068031,53.253
1780036988.074101,53.253
1780036988.0800533,53.254
1780036988.085967,53.253
1780036988.092063,53.253
1780036988.0981593,53.253
1780036988.104074,53.254
1780036988.110087,53.254
1780036988.115999,53.253
1780036988.1221685,53.253
1780036988.1280944,53.253
1780036988.134094,53.254
1780036988.1399586,53.254
1780036988.1460898,53.253
1780036988.1520896,53.253
1780036988.158228,53.254
1780036988.1640549,53.254
1780036988.1701217,53.254
1780036988.1760678,53.252
1780036988.1819787,53.254
1780036988.1876245,53.254
1780036988.1935542,53.254
1780036988.1993592,53.254
1780036988.205069,53.254
1780036988.2108316,53.254
1780036988.2168462,53.253
1780036988.2228699,53.254
1780036988.2288783,53.254
1780036988.2349267,53.254
1780036988.2409112,53.254
1780036988.2468417,53.254
1780036988.2528565,53.254
1780036988.2588458,53.253
1780036988.2648685,53.254
1780036988.2707515,53.254
1780036988.276421,53.253
1780036988.281932,53.254
1780036988.2876499,53.254
1780036988.293715,53.254
1780036988.299716,53.254
1780036988.3056548,53.254
1780036988.31169,53.254
1780036988.3176274,53.253
1780036988.323577,53.254
1780036988.3296542,53.254
1780036988.3356805,53.254
1780036988.3416274,53.254
1780036988.3476028,53.254
1780036988.3536325,53.254
1780036988.359637,53.254
1780036988.3656514,53.254
1780036988.3715374,53.254
1780036988.3776298,53.253
1780036988.3837664,53.254
1780036988.389574,53.254
1780036988.3955588,53.254
1780036988.4015555,53.254
1780036988.4077241,53.254
1780036988.4136226,53.254
1780036988.4196322,53.254
1780036988.4257152,53.254
1780036988.4317079,53.254
1780036988.4377205,53.253
1780036988.4436765,53.254
1780036988.4496408,53.254
1780036988.455697,53.254
1780036988.4617236,53.254
1780036988.4676337,53.254
1780036988.4737086,53.254
1780036988.4796703,53.254
1780036988.4856665,53.254
1780036988.4916236,53.254
1780036988.4976356,53.253
1780036988.5036101,53.254
1780036988.5091374,53.254
1780036988.5147877,53.254
1780036988.5205023,53.254
1780036988.5265346,53.254
1780036988.5325444,53.254
1780036988.5385287,53.253
1780036988.5446043,53.254
1780036988.5505693,53.254
1780036988.5564957,53.254
1780036988.5625849,53.254
1780036988.5684505,53.254
1780036988.5745597,53.254
1780036988.580537,53.254
1780036988.5864527,53.254
1780036988.5924923,53.254
1780036988.5984397,53.253
1780036988.6044838,53.254
1780036988.6104455,53.254
1780036988.6163943,53.254
1780036988.622453,53.254
1780036988.6284628,53.254
1780036988.634432,53.254
1780036988.6404583,53.253
1780036988.6464248,53.254
1780036988.651954,53.254
1780036988.6577108,53.254
1780036988.6634567,53.254
1780036988.6693425,53.254
1780036988.6753364,53.254
1780036988.681252,53.254
1780036988.68727,53.255
1780036988.6932762,53.254
1780036988.699189,53.254
1780036988.7047596,53.254
1780036988.710285,53.254
1780036988.7159877,53.254
1780036988.7220533,53.254
1780036988.7279918,53.254
1780036988.7335525,53.255
1780036988.7392426,53.254
1780036988.7448022,53.254
1780036988.7508988,53.254
1780036988.7569575,53.254
1780036988.7628458,53.254
1780036988.7688572,53.254
1780036988.7749195,53.254
1780036988.7809153,53.254
1780036988.7869651,53.254
1780036988.7929173,53.254
1780036988.7989542,53.254
1780036988.804887,53.255
1780036988.8109152,53.254
1780036988.8169594,53.254
1780036988.822839,53.254
1780036988.828906,53.255
1780036988.8349507,53.254
1780036988.8407896,53.254
1780036988.846372,53.255
1780036988.8519168,53.254
1780036988.8576248,53.254
1780036988.8636785,53.254
1780036988.869585,53.255
1780036988.875574,53.254
1780036988.8815758,53.254
1780036988.887681,53.255
1780036988.8936307,53.254
1780036988.899675,53.255
1780036988.9056785,53.254
1780036988.911545,53.254
1780036988.917226,53.254
1780036988.9231305,53.253
1780036988.9287436,53.255
1780036988.9345188,53.255
1780036988.9405482,53.254
1780036988.946469,53.255
1780036988.9524918,53.254
1780036988.9585714,53.255
1780036988.9644291,53.254
1780036988.9705215,53.254
1780036988.9765196,53.255
1780036988.9824567,53.254
1780036988.9878561,53.255
1780036988.9934838,53.254
1780036988.9993021,53.255
1780036989.0052836,53.255
1780036989.0112603,53.255
1780036989.0172575,53.254
1780036989.023247,53.254
1780036989.0292544,53.255
1780036989.035225,53.254
1780036989.0412228,53.255
1780036989.0472434,53.255
1780036989.0532565,53.255
1780036989.05926,53.255
1780036989.0652845,53.254
1780036989.0712447,53.255
1780036989.0772452,53.255
1780036989.0832767,53.255
1780036989.0891922,53.255
1780036989.0952663,53.255
1780036989.1012616,53.255
1780036989.1073031,53.255
1780036989.113258,53.254
1780036989.1192505,53.255
1780036989.1253278,53.254
1780036989.1312532,53.255
1780036989.13725,53.255
1780036989.1432652,53.254
1780036989.1493113,53.255
1780036989.155251,53.255
1780036989.1612537,53.255
1780036989.1672893,53.254
1780036989.1732323,53.254
1780036989.179342,53.255
1780036989.1852138,53.255
1780036989.1907504,53.255
1780036989.1963422,53.255
1780036989.2020776,53.255
1780036989.2080588,53.255
1780036989.2140737,53.255
1780036989.220043,53.255
1780036989.2261152,53.254
1780036989.2320812,53.255
1780036989.2380447,53.255
1780036989.244048,53.255
1780036989.2500722,53.255
1780036989.256004,53.254
1780036989.2615798,53.255
1780036989.2672367,53.254
1780036989.2730298,53.255
1780036989.2789664,53.255
1780036989.2849095,53.255
1780036989.2909217,54.0
1780036989.2970076,53.255
1780036989.3028932,53.255
1780036989.308929,53.254
1780036989.3150063,53.255
1780036989.3209076,53.255
1780036989.3268526,53.255
1780036989.3323164,53.255
1780036989.3380034,53.255
1780036989.3436403,53.255
1780036989.3496547,53.254
1780036989.3557456,53.255
1780036989.3616126,53.255
1780036989.367615,53.255
1780036989.3731651,54.0
1780036989.378707,53.255
1780036989.3845868,53.255
1780036989.3906593,53.254
1780036989.3964832,53.255
1780036989.4025474,53.255
1780036989.4084551,53.255
1780036989.4144719,53.255
1780036989.420552,53.255
1780036989.4265049,53.255
1780036989.4324858,53.255
1780036989.4385707,53.255
1780036989.4443448,53.255
1780036989.4500377,53.254
1780036989.4556046,53.255
1780036989.4612663,53.255
1780036989.4672894,53.255
1780036989.4733372,53.255
1780036989.4793594,53.255
1780036989.4852831,53.255
1780036989.4912689,53.255
1780036989.4973428,53.255
1780036989.5032654,53.255
1780036989.5092177,53.255
1780036989.5151486,53.255
1780036989.5212612,53.255
1780036989.5272522,53.255
1780036989.533269,53.255
1780036989.539221,53.255
1780036989.5447943,53.255
1780036989.550479,53.255
1780036989.5560024,53.255
1780036989.5621817,53.255
1780036989.5681012,53.255
1780036989.5739772,53.255
1780036989.5800614,53.255
1780036989.5860696,53.255
1780036989.592044,53.254
1780036989.5981193,53.255
1780036989.6040087,53.255
1780036989.6100993,53.255
1780036989.6161196,53.255
1780036989.6220229,53.255
1780036989.6280968,53.255
1780036989.6341264,53.255
1780036989.6400592,53.255
1780036989.646054,53.255
1780036989.652164,53.255
1780036989.6579642,54.0
1780036989.664105,53.255
1780036989.670096,53.255
1780036989.6760051,53.255
1780036989.6821692,53.255
1780036989.688079,53.255
1780036989.6940491,53.254
1780036989.7001753,53.255
1780036989.7059941,53.255
1780036989.711558,53.255
1780036989.7171307,53.255
1780036989.7229269,53.255
1780036989.7288296,53.255
1780036989.7348046,53.254
1780036989.7409928,53.255
1780036989.746851,53.255
1780036989.7528872,53.255
1780036989.7588701,54.0
1780036989.7648568,53.255
1780036989.770391,53.255
1780036989.7759697,53.254
1780036989.7817726,53.255
1780036989.7876008,53.255
1780036989.7932231,53.255
1780036989.7987971,53.255
1780036989.8044798,53.255
1780036989.8104613,53.255
1780036989.81641,53.254
1780036989.8225992,53.255
1780036989.8284934,53.255
1780036989.8344698,53.255
1780036989.8404326,54.0
1780036989.846422,53.255
1780036989.8519585,53.255
1780036989.8576114,53.254
1780036989.863322,54.0
1780036989.869226,53.255
1780036989.8752604,53.255
1780036989.8812692,54.0
1780036989.8871455,53.255
1780036989.8932545,54.0
1780036989.8992593,53.255
1780036989.905261,53.255
1780036989.9112318,53.255
1780036989.9172752,53.255
1780036989.923244,53.255
1780036989.9292605,53.255
1780036989.9353049,53.255
1780036989.9412403,53.255
1780036989.9472983,53.255
1780036989.9532518,53.255
1780036989.9592586,53.254
1780036989.9653552,53.255
1780036989.971204,53.255
1780036989.976775,53.255
1780036989.9823203,53.255
1780036989.9881396,53.255
1780036989.9940789,53.255
1780036990.0000153,53.254
1780036990.0061226,53.255
1780036990.0120504,54.0
1780036990.0175905,53.255
1780036990.0232296,53.255
1780036990.0290127,53.255
1780036990.0347953,53.255
1780036990.0403645,53.255
1780036990.0458658,54.0
1780036990.051728,53.255
1780036990.0575938,53.255
1780036990.06324,53.255
1780036990.0688035,53.255
1780036990.0745454,53.255
1780036990.0805712,53.255
1780036990.0863194,54.0
1780036990.0924718,54.0
1780036990.0984282,54.0
1780036990.1045277,54.0
1780036990.1104722,53.255
1780036990.116513,53.255
1780036990.1224782,53.255
1780036990.1279945,54.0
1780036990.1335726,54.0
1780036990.1392698,54.0
1780036990.1452985,53.255
1780036990.1512215,53.255
1780036990.1572857,53.255
1780036990.163245,53.255
1780036990.1693556,53.255
1780036990.1753852,53.255
1780036990.1812575,54.0
1780036990.1873095,54.0
1780036990.1933124,53.255
1780036990.1992528,53.255
1780036990.2051938,53.254
1780036990.2112553,54.0
1780036990.217245,53.255
1780036990.223277,53.255
1780036990.2292974,54.0
1780036990.2352545,54.0
1780036990.2412696,53.255
1780036990.2472975,53.255
1780036990.253237,54.0
1780036990.2592459,54.0
1780036990.2648246,53.255
1780036990.2705762,54.019
1780036990.275941,54.011
1780036990.281386,54.014
1780036990.2866888,54.008
1780036990.2919388,54.012
1780036990.2975385,54.012
1780036990.302993,54.009
1780036990.3083289,54.014
1780036990.3137715,54.008
1780036990.3190944,54.009
1780036990.3243563,54.009
1780036990.3299313,54.009
1780036990.3353696,54.009
1780036990.3407376,54.008
1780036990.3461845,54.012
1780036990.3515394,54.008
1780036990.3569682,54.008
1780036990.362332,54.009
1780036990.3675754,54.009
1780036990.3731315,54.009
1780036990.3785625,54.013
1780036990.3839393,54.008
1780036990.3893862,54.008
1780036990.3947308,54.007
1780036990.3999748,54.008
1780036990.405535,54.009
1780036990.4107788,54.008
1780036990.4163406,54.014
1780036990.421774,54.007
1780036990.4270766,54.009
1780036990.4323566,54.008
1780036990.4379156,54.008
1780036990.4433823,54.008
1780036990.4487069,54.009
1780036990.4539604,54.007
1780036990.4595451,54.008
1780036990.464983,54.007
1780036990.470319,54.008
1780036990.4755747,54.009
1780036990.4811225,54.008
1780036990.486376,54.013
1780036990.4919267,54.006
1780036990.497175,54.007
1780036990.5027218,54.007
1780036990.5079653,54.008
1780036990.5135243,54.007
1780036990.5187697,54.008
1780036990.524329,54.01
1780036990.5295799,54.007
1780036990.5351193,54.012
1780036990.540386,54.006
1780036990.5459404,54.007
1780036990.5513952,54.011
1780036990.5567577,53.253
1780036990.5622594,53.249
1780036990.5681238,53.248
1780036990.5736914,53.253
1780036990.5796905,53.253
1780036990.585203,53.253
1780036990.5908172,53.253
1780036990.5965595,53.252
1780036990.6025627,53.253
1780036990.6085765,53.253
1780036990.6146398,53.252
1780036990.6205235,53.252
1780036990.6265879,53.253
1780036990.6324995,53.253
1780036990.6385262,53.253
1780036990.644534,53.253
1780036990.6504724,53.253
1780036990.6565342,53.253
1780036990.662472,53.253
1780036990.6685503,53.253
1780036990.6744184,53.253
1780036990.6804404,53.252
1780036990.686584,53.253
1780036990.692516,53.253
1780036990.6985602,53.253
1780036990.7045496,53.253
1780036990.7104504,53.253
1780036990.7165177,53.253
1780036990.7224684,53.253
1780036990.7284133,53.253
1780036990.7344267,53.253
1780036990.7404811,53.252
1780036990.7466183,53.253
1780036990.7526321,53.253
1780036990.7584844,53.253
1780036990.7645326,53.253
1780036990.7705474,53.253
1780036990.7765296,53.253
1780036990.7825491,53.253
1780036990.7885115,53.253
1780036990.7944489,53.253
1780036990.800505,53.252
1780036990.8065097,53.253
1780036990.8124516,53.253
1780036990.8179805,53.253
1780036990.8235638,53.253
1780036990.8293064,53.253
1780036990.8352976,53.253
1780036990.8413157,53.252
1780036990.847294,53.253
1780036990.8532777,53.253
1780036990.8592877,53.253
1780036990.865259,53.254
1780036990.8711824,53.253
1780036990.8772256,53.254
1780036990.8828769,53.253
1780036990.8884492,53.253
1780036990.894097,53.253
1780036990.9000654,53.253
1780036990.9060133,53.254
1780036990.911616,53.253
1780036990.9174774,53.253
1780036990.9230998,53.253
1780036990.928906,53.253
1780036990.9349673,53.253
1780036990.9409382,53.253
1780036990.94692,53.254
1780036990.9528809,53.253
1780036990.9588585,53.253
1780036990.9648995,53.254
1780036990.9708695,53.253
1780036990.976928,53.254
1780036990.9829464,53.253
1780036990.9888349,53.253
1780036990.9948878,53.254
1780036991.0008678,53.254
1780036991.0069737,53.254
1780036991.0128443,53.254
1780036991.0188155,53.254
1780036991.024455,53.254
1780036991.030045,53.254
1780036991.035753,53.254
1780036991.0416791,53.253
1780036991.0477026,53.253
1780036991.0536637,53.254
1780036991.0592287,53.254
1780036991.0648324,53.253
1780036991.0704873,53.254
1780036991.0765111,53.254
1780036991.0825148,53.253
1780036991.0885122,53.254
1780036991.0944684,53.253
1780036991.1005712,53.253
1780036991.10648,53.254
1780036991.1124465,53.254
1780036991.1179616,53.254
1780036991.123713,53.253
1780036991.129504,53.254
1780036991.1352837,53.254
1780036991.1413753,53.254
1780036991.1472929,53.254
1780036991.1532927,53.254
1780036991.159294,53.254
1780036991.1653419,53.254
1780036991.1714091,53.254
1780036991.1772683,53.254
1780036991.1832623,53.253
1780036991.1892688,53.254
1780036991.1948311,53.254
1780036991.2005217,53.254
1780036991.2062416,53.254
1780036991.2121644,53.254
1780036991.2181234,53.254
1780036991.2241566,53.253
1780036991.23011,53.254
1780036991.2360852,53.254
1780036991.2421103,53.254
1780036991.2480595,53.254
1780036991.2540865,53.254
1780036991.2601202,53.254
1780036991.2661557,53.254
1780036991.272101,53.254
1780036991.27811,53.254
1780036991.2840722,53.253
1780036991.2901707,53.254
1780036991.2960372,53.254
1780036991.301633,53.254
1780036991.307662,53.254
1780036991.3132508,53.254
1780036991.318953,53.254
1780036991.3249626,53.254
1780036991.3308942,53.254
1780036991.3368876,53.254
1780036991.3429012,53.254
1780036991.3488278,53.254
1780036991.3548954,53.254
1780036991.3608832,53.254
1780036991.3669612,53.254
1780036991.372946,53.254
1780036991.3788242,53.254
1780036991.3848772,53.253
1780036991.3908658,53.255
1780036991.3964467,53.254
1780036991.4023972,53.254
1780036991.408082,53.255
1780036991.4138114,53.254
1780036991.419752,53.254
1780036991.425822,53.254
1780036991.4317608,53.254
1780036991.4377687,53.254
1780036991.443743,53.254
1780036991.4496455,53.254
1780036991.4557035,53.254
1780036991.4618013,53.254
1780036991.4676955,53.254
1780036991.4737318,53.254
1780036991.4796727,53.254
1780036991.485726,53.253
1780036991.4917173,53.254
1780036991.4976768,53.254
1780036991.503811,53.254
1780036991.5097616,53.254
1780036991.515719,53.254
1780036991.521731,53.254
1780036991.5276814,53.254
1780036991.533667,53.254
1780036991.539179,53.255
1780036991.5447896,53.254
1780036991.5504801,53.254
1780036991.55658,53.254
1780036991.562491,53.254
1780036991.5684757,53.254
1780036991.574537,53.255
1780036991.580533,53.254
1780036991.5866003,53.253
1780036991.5925817,53.254
1780036991.5985305,53.254
1780036991.604595,53.254
1780036991.6105695,53.255
1780036991.6165416,53.254
1780036991.6226256,53.254
1780036991.6285865,53.254
1780036991.6345158,53.254
1780036991.6405349,53.254
1780036991.6465392,53.253
1780036991.6524498,53.255
1780036991.6585474,53.255
1780036991.664499,53.254
1780036991.6705625,53.255
1780036991.6764624,53.255
1780036991.6825273,53.255
1780036991.6885364,53.254
1780036991.6944437,53.254
1780036991.7005296,53.254
1780036991.7065265,53.254
1780036991.7124503,53.254
1780036991.7185366,53.255
1780036991.7245328,53.254
1780036991.7305532,53.255
1780036991.7364888,53.254
1780036991.7425158,53.254
1780036991.7484787,53.253
1780036991.7545662,53.254
1780036991.7605312,53.254
1780036991.7665274,53.254
1780036991.7725546,53.255
1780036991.7784684,53.255
1780036991.7845867,53.254
1780036991.7905467,53.254
1780036991.7964177,53.254
1780036991.8025274,53.254
1780036991.8084402,53.254
1780036991.8139527,53.254
1780036991.8196907,53.255
1780036991.8252547,53.254
1780036991.8312707,53.255
1780036991.8374577,53.255
1780036991.843228,53.255
1780036991.8487785,53.255
1780036991.8542633,53.255
1780036991.860106,53.255
1780036991.8661468,53.254
1780036991.8720558,53.255
1780036991.878198,53.255
1780036991.8841584,53.254
1780036991.890174,53.254
1780036991.8961642,53.255
1780036991.9021099,53.255
1780036991.908222,53.255
1780036991.9143667,53.255
1780036991.9201326,53.254
1780036991.9261873,53.255
1780036991.9321964,53.254
1780036991.9381468,53.255
1780036991.9442039,53.255
1780036991.9501002,53.254
1780036991.9561543,53.255
1780036991.9621272,53.255
1780036991.9681334,53.255
1780036991.974108,53.255
1780036991.9801598,53.254
1780036991.9862447,53.255
1780036991.9921296,53.254
1780036991.9982266,53.255
1780036992.0040812,53.255
1780036992.0100064,53.255
1780036992.0159547,53.255
1780036992.0222342,53.255
1780036992.028018,53.255
1780036992.0341384,53.255
1780036992.0401468,53.254
1780036992.045979,53.255
1780036992.0516174,53.255
1780036992.0571659,53.255
1780036992.0629747,53.255
1780036992.068934,53.254
1780036992.0749228,53.255
1780036992.0809689,53.255
1780036992.0869431,53.255
1780036992.092939,53.254
1780036992.0989826,53.255
1780036992.1049318,53.255
1780036992.1109724,53.255
1780036992.1169794,53.255
1780036992.122932,53.255
1780036992.1289606,53.255
1780036992.1348648,53.254
1780036992.1409423,53.255
1780036992.1470277,53.255
1780036992.152839,53.255
1780036992.158369,53.255
1780036992.1639674,53.255
1780036992.1697197,53.255
1780036992.1757922,53.255
1780036992.181705,53.255
1780036992.187717,53.255
1780036992.193727,53.254
1780036992.199721,53.255
1780036992.2057223,53.255
1780036992.211715,53.255
1780036992.2176597,53.255
1780036992.223805,53.255
1780036992.2298362,53.254
1780036992.2357225,53.255
1780036992.2417643,53.255
1780036992.2478542,53.255
1780036992.2536922,53.255
1780036992.2595787,53.255
1780036992.2657697,53.255
1780036992.2716615,53.255
1780036992.2777767,53.255
1780036992.283718,53.255
1780036992.2896852,53.255
1780036992.2956674,53.254
1780036992.301761,53.255
1780036992.3077233,53.255
1780036992.3137457,53.255
1780036992.3197243,53.255
1780036992.3257263,53.255
1780036992.3317158,53.255
1780036992.3377688,53.254
1780036992.343639,53.255
1780036992.3497124,53.255
1780036992.355716,53.255
1780036992.3616695,53.255
1780036992.367709,53.255
1780036992.3737996,53.255
1780036992.3796544,53.255
1780036992.3857412,53.255
1780036992.3916945,53.255
1780036992.3977027,53.254
1780036992.403811,53.255
1780036992.4096801,53.255
1780036992.4156454,53.255
1780036992.4218328,54.0
1780036992.4275997,53.255
1780036992.433301,53.255
1780036992.439228,53.254
1780036992.4448507,53.255
1780036992.4506037,53.255
1780036992.456565,53.255
1780036992.4626384,54.0
1780036992.468602,53.255
1780036992.4744568,53.255
1780036992.480088,53.254
1780036992.485708,53.255
1780036992.491376,53.255
1780036992.4973211,53.255
1780036992.5033438,54.0
1780036992.5094154,53.255
1780036992.5152955,53.255
1780036992.5213284,53.254
1780036992.5272357,53.255
1780036992.5332277,53.255
1780036992.5392916,53.255
1780036992.5453587,54.0
1780036992.5512671,53.255
1780036992.5573397,53.255
1780036992.5633068,54.0
1780036992.5693529,53.255
1780036992.5752652,53.255
1780036992.581363,53.254
1780036992.5873034,53.255
1780036992.5932739,53.255
1780036992.5993955,53.255
1780036992.6053212,53.255
1780036992.6113744,53.255
1780036992.6172955,53.255
1780036992.6232831,53.255
1780036992.6294222,53.255
1780036992.6352901,53.255
1780036992.6409113,53.255
1780036992.6467667,54.0
1780036992.6524441,53.255
1780036992.658168,53.255
1780036992.6640968,53.254
1780036992.6701806,53.255
1780036992.6761043,53.255
1780036992.6820889,53.255
1780036992.6875622,54.0
1780036992.693258,53.255
1780036992.6989021,53.255
1780036992.704894,53.255
1780036992.710997,54.0
1780036992.7169409,53.255
1780036992.7228901,53.255
1780036992.728344,54.0
1780036992.7339628,53.255
1780036992.739684,53.255
1780036992.745278,53.254
1780036992.7508411,53.255
1780036992.75647,53.255
1780036992.7625732,53.255
1780036992.76859,54.0
1780036992.7745817,53.255
1780036992.7805033,54.0
1780036992.786503,53.254
1780036992.79248,53.255
1780036992.7985468,53.255
1780036992.804486,53.255
1780036992.8104017,54.0
1780036992.8165095,53.255
1780036992.822528,54.0
1780036992.8285007,53.255
1780036992.8344975,53.255
1780036992.840597,53.255
1780036992.8465664,53.254
1780036992.8526027,53.255
1780036992.858526,53.255
1780036992.8644538,53.255
1780036992.870483,54.0
1780036992.876443,53.255
1780036992.8820114,53.255
1780036992.8877332,53.254
1780036992.8934238,53.255
1780036992.8992317,54.0
1780036992.9048426,53.255
1780036992.9103923,54.0
1780036992.916171,53.255
1780036992.922126,54.0
1780036992.9280872,53.254
1780036992.9342237,54.0
1780036992.940076,53.255
1780036992.9456353,53.255
1780036992.9511847,53.255
1780036992.956982,54.0
1780036992.962865,53.255
1780036992.9683886,53.255
1780036992.9737732,54.0
1780036992.9797022,53.255
1780036992.9856937,53.255
1780036992.9917321,54.0
1780036992.9976847,54.0
1780036993.0032458,53.255
1780036993.0088263,53.255
1780036993.014483,54.0
1780036993.0204628,53.255
1780036993.0260336,53.255
1780036993.031533,53.255
1780036993.037261,54.0
1780036993.043214,53.255
1780036993.04933,53.255
1780036993.0553224,53.255
1780036993.0612907,53.255
1780036993.067349,53.255
1780036993.0733032,53.255
1780036993.0793061,53.255
1780036993.0853462,53.255
1780036993.0913584,53.255
1780036993.097406,53.255
1780036993.1032653,54.0
1780036993.1088202,53.255
1780036993.114469,53.255
1780036993.1200879,54.0
1780036993.126202,53.255
1780036993.1321223,53.255
1780036993.1374476,54.018
1780036993.1427753,54.011
1780036993.148232,54.014
1780036993.1535585,54.008
1780036993.1588023,54.012
1780036993.1643832,54.012
1780036993.1698177,54.01
1780036993.175162,54.014
1780036993.180414,54.008
1780036993.1859581,54.009
1780036993.1912036,54.009
1780036993.1967702,54.009
1780036993.2020235,54.008
1780036993.2075324,54.008
1780036993.2127964,54.011
1780036993.2183793,54.008
1780036993.2238057,54.009
1780036993.2291522,54.009
1780036993.2343893,54.009
1780036993.2399802,54.009
1780036993.2454212,54.013
1780036993.2507827,54.007
1780036993.256223,54.008
1780036993.2615666,54.007
1780036993.2668114,54.008
1780036993.2723725,54.008
1780036993.2776277,54.007
1780036993.2831893,54.014
1780036993.2886324,54.008
1780036993.2939506,54.009
1780036993.2992206,54.008
1780036993.3047647,54.009
1780036993.3102243,54.008
1780036993.3155577,54.01
1780036993.3208141,54.007
1780036993.3263938,54.008
1780036993.3318305,54.007
1780036993.3371556,54.008
1780036993.3424082,54.008
1780036993.3479557,54.008
1780036993.3532248,54.013
1780036993.3587751,54.007
1780036993.364021,54.008
1780036993.3695652,54.007
1780036993.3748107,54.008
1780036993.3803704,54.007
1780036993.3856206,54.009
1780036993.39118,54.01
1780036993.396617,54.007
1780036993.4019241,54.012
1780036993.4071863,54.006
1780036993.412784,54.007
1780036993.418235,54.01
1780036993.4235773,53.252
1780036993.429253,53.249
1780036993.4349706,53.249
1780036993.4405901,53.253
1780036993.4465413,53.252
1780036993.4525535,53.253
1780036993.458566,53.253
1780036993.4645405,53.252
1780036993.4705963,53.253
1780036993.4766235,53.253
1780036993.482535,53.253
1780036993.4885232,53.252
1780036993.4945877,53.253
1780036993.5006373,53.253
1780036993.506536,53.252
1780036993.512545,53.253
1780036993.518486,53.253
1780036993.524507,53.253
1780036993.530632,53.253
1780036993.536435,53.253
1780036993.5420933,53.253
1780036993.5477562,53.252
1780036993.5533636,53.253
1780036993.559304,53.253
1780036993.5652971,53.253
1780036993.5712671,53.253
1780036993.5773094,53.253
1780036993.583255,53.253
1780036993.5893617,53.253
1780036993.5953505,53.253
1780036993.6013796,53.253
1780036993.6073277,53.252
1780036993.6133635,53.253
1780036993.6192985,53.253
1780036993.625366,53.253
1780036993.6313152,53.253
1780036993.6372428,53.253
1780036993.6428523,53.253
1780036993.6485476,53.253
1780036993.6542475,53.253
1780036993.6601968,53.253
1780036993.6661098,53.253
1780036993.672069,53.254
1780036993.678125,53.253
1780036993.6841063,53.253
1780036993.6902637,53.253
1780036993.696106,53.253
1780036993.7022521,53.253
1780036993.7081282,53.253
1780036993.7141926,53.253
1780036993.7201784,53.253
1780036993.7262325,53.253
1780036993.7320824,53.253
1780036993.73817,53.253
1780036993.744146,53.253
1780036993.7501817,53.253
1780036993.756131,53.253
1780036993.7621138,53.253
1780036993.7681484,53.253
1780036993.7742434,53.253
1780036993.7801964,53.253
1780036993.7862434,53.253
1780036993.792069,53.254
1780036993.7982535,53.253
1780036993.8042839,53.254
1780036993.8101134,53.253
1780036993.816182,53.254
1780036993.8221672,53.254
1780036993.828136,53.253
1780036993.834174,53.253
1780036993.8400648,53.253
1780036993.8461776,53.253
1780036993.8521328,53.254
1780036993.858021,53.253
1780036993.8641326,53.254
1780036993.870173,53.253
1780036993.8762274,53.253
1780036993.882043,53.253
1780036993.8882504,53.253
1780036993.8942192,53.253
1780036993.9001815,53.254
1780036993.9061909,53.253
1780036993.9122524,53.254
1780036993.9182405,53.254
1780036993.9242258,53.254
1780036993.9301236,53.254
1780036993.9360993,53.254
1780036993.941656,53.254
1780036993.9472845,53.254
1780036993.9528477,53.254
1780036993.9589627,53.254
1780036993.9650261,53.254
1780036993.9710271,53.254
1780036993.9769278,53.254
1780036993.9829555,53.254
1780036993.9889708,53.253
1780036993.9949665,53.254
1780036994.0009375,53.254
1780036994.0069854,53.254
1780036994.012921,53.254
1780036994.0189064,53.254
1780036994.0249565,53.254
1780036994.031004,53.254
1780036994.0370648,53.254
1780036994.0429304,53.253
1780036994.04888,53.253
1780036994.0550666,53.254
1780036994.0609915,53.254
1780036994.066955,53.254
1780036994.0730252,53.254
1780036994.078986,53.254
1780036994.08499,53.254
1780036994.091003,53.254
1780036994.0969925,53.254
1780036994.1029668,53.254
1780036994.1088874,53.253
1780036994.1149218,53.254
1780036994.1209407,53.254
1780036994.1269317,53.254
1780036994.1328928,53.254
1780036994.1388588,53.254
1780036994.144906,53.254
1780036994.1505356,53.253
1780036994.156115,53.254
1780036994.1618092,53.254
1780036994.1677563,53.254
1780036994.1738067,53.254
1780036994.1796777,53.254
1780036994.1857715,53.254
1780036994.1917353,53.254
1780036994.1977205,53.254
1780036994.2037282,53.254
1780036994.209752,53.253
1780036994.2158377,53.254
1780036994.2216804,53.254
1780036994.227238,53.254
1780036994.232764,53.254
1780036994.2385871,53.254
1780036994.2445858,53.254
1780036994.2506073,53.253
1780036994.2565897,53.254
1780036994.2625723,53.254
1780036994.268626,53.254
1780036994.2746594,53.254
1780036994.280553,53.254
1780036994.2866442,53.254
1780036994.2926202,53.254
1780036994.2985024,53.254
1780036994.3045826,53.254
1780036994.310503,53.253
1780036994.316531,53.254
1780036994.3225198,53.254
1780036994.3285828,53.254
1780036994.3345025,53.254
1780036994.340024,53.254
1780036994.3456872,53.254
1780036994.3513403,53.254
1780036994.35747,53.254
1780036994.3634262,53.254
1780036994.3693304,53.254
1780036994.375396,53.255
1780036994.3813918,53.254
1780036994.3872654,53.254
1780036994.3932762,53.254
1780036994.3993506,53.254
1780036994.405388,53.254
1780036994.4113052,53.254
1780036994.416726,53.255
1780036994.4223168,53.254
1780036994.4281423,53.254
1780036994.434172,53.254
1780036994.4401112,53.254
1780036994.4456139,53.254
1780036994.4512362,53.254
1780036994.456887,53.254
1780036994.463016,53.254
1780036994.4689424,53.254
1780036994.4749596,53.254
1780036994.4809866,53.254
1780036994.4870205,53.254
1780036994.4930584,53.254
1780036994.4990468,53.255
1780036994.504961,53.254
1780036994.5110064,53.254
1780036994.5169768,53.255
1780036994.5229874,53.254
1780036994.5290656,53.254
1780036994.5350668,53.254
1780036994.5409794,53.254
1780036994.5470035,53.254
1780036994.5529034,53.255
1780036994.5584772,53.255
1780036994.5640848,53.255
1780036994.5698016,53.255
1780036994.5757587,53.254
1780036994.5817454,53.254
1780036994.587698,53.254
1780036994.5932178,53.254
1780036994.5986142,53.255
1780036994.6045282,53.255
1780036994.6105583,53.254
1780036994.6164706,53.254
1780036994.622551,53.254
1780036994.6285942,53.254
1780036994.6346064,53.254
1780036994.6405854,53.254
1780036994.646589,53.255
1780036994.652597,53.255
1780036994.6586547,53.255
1780036994.6645894,53.255
1780036994.6706464,53.254
1780036994.6766868,53.254
1780036994.6825674,53.254
1780036994.6885664,53.255
1780036994.6946158,53.254
1780036994.700523,53.255
1780036994.706642,53.254
1780036994.7124903,53.254
1780036994.7185495,53.255
1780036994.7246134,53.254
1780036994.730586,53.255
1780036994.7366025,53.254
1780036994.7425752,53.254
1780036994.7485464,53.254
1780036994.7545924,53.254
1780036994.760521,53.255
1780036994.7665849,53.255
1780036994.7726045,53.254
1780036994.7784774,53.255
1780036994.7844906,53.255
1780036994.790593,53.254
1780036994.7965956,53.254
1780036994.8025901,53.255
1780036994.8085623,53.255
1780036994.8146422,53.255
1780036994.8205826,53.255
1780036994.8265414,53.255
1780036994.83261,53.255
1780036994.8385522,53.254
1780036994.844618,53.255
1780036994.8506525,53.255
1780036994.856489,53.255
1780036994.8619742,53.255
1780036994.8675718,53.255
1780036994.8734162,53.254
1780036994.8793676,53.255
1780036994.885282,53.255
1780036994.8913782,53.255
1780036994.8972828,53.254
1780036994.9033692,53.255
1780036994.9093554,53.255
1780036994.9152508,53.255
1780036994.9214094,53.255
1780036994.9273357,53.255
1780036994.9333422,53.255
1780036994.93942,53.254
1780036994.9453547,53.255
1780036994.951278,53.254
1780036994.9574192,53.255
1780036994.9632564,53.255
1780036994.9692993,53.254
1780036994.975401,53.255
1780036994.981277,53.254
1780036994.9873495,53.255
1780036994.9934165,53.254
1780036994.9994097,53.254
1780036995.0054824,53.255
1780036995.0114312,53.255
1780036995.0174196,53.255
1780036995.0233986,53.255
1780036995.0294752,53.254
1780036995.0353894,53.255
1780036995.0414004,53.254
1780036995.0473862,53.255
1780036995.0532756,53.255
1780036995.0589423,53.255
1780036995.064803,53.255
1780036995.0704288,53.255
1780036995.0762322,53.255
1780036995.0822408,53.254
1780036995.0881782,53.255
1780036995.0942123,53.255
1780036995.1000874,53.255
1780036995.1055503,53.255
1780036995.111113,53.255
1780036995.1170092,53.255
1780036995.1229746,53.255
1780036995.129015,53.255
1780036995.1350114,53.255
1780036995.1408925,53.255
1780036995.146975,53.255
1780036995.153054,53.255
1780036995.1589327,53.255
1780036995.1649938,54.0
1780036995.1710372,53.255
1780036995.1769807,53.255
1780036995.1830282,53.255
1780036995.1890116,53.255
1780036995.1948917,53.254
1780036995.2008798,53.255
1780036995.2068505,53.255
1780036995.2131107,53.255
1780036995.2189107,53.255
1780036995.2249622,53.255
1780036995.2309902,53.255
1780036995.236898,53.255
1780036995.2430224,53.254
1780036995.2489836,53.255
1780036995.2549589,53.255
1780036995.260943,53.255
1780036995.2669811,53.255
1780036995.272965,53.255
1780036995.278936,53.255
1780036995.2849503,53.254
1780036995.2909262,53.255
1780036995.2969978,53.255
1780036995.303008,53.255
1780036995.309017,53.255
1780036995.3149588,53.255
1780036995.3209848,53.255
1780036995.3269997,53.255
1780036995.3330507,53.255
1780036995.3389068,53.255
1780036995.3449407,53.254
1780036995.3510845,53.255
1780036995.3569746,53.255
1780036995.362931,53.255
1780036995.369042,54.0
1780036995.3748739,53.255
1780036995.380473,53.255
1780036995.3861399,53.254
1780036995.3919299,53.255
1780036995.3977067,53.255
1780036995.403657,53.255
1780036995.40978,54.0
1780036995.4157302,53.255
1780036995.4217222,53.255
1780036995.4277027,53.254
1780036995.4336646,54.0
1780036995.4397705,53.255
1780036995.4458203,53.255
1780036995.45169,54.0
1780036995.4577293,53.255
1780036995.463802,53.255
1780036995.469765,53.255
1780036995.4757817,53.255
1780036995.4817686,53.255
1780036995.487826,53.254
1780036995.4938276,53.255
1780036995.4997525,53.255
1780036995.505701,53.255
1780036995.5117943,54.0
1780036995.5176504,53.255
1780036995.5233243,53.255
1780036995.528922,53.254
1780036995.534723,54.0
1780036995.5405476,53.255
1780036995.5466523,53.255
1780036995.552567,54.0
1780036995.5585632,53.255
1780036995.5645127,53.255
1780036995.570535,53.255
1780036995.5765064,54.0
1780036995.582025,53.255
1780036995.5877004,53.255
1780036995.59349,54.0
1780036995.5994012,53.255
1780036995.605299,53.255
1780036995.6113358,53.254
1780036995.617295,54.0
1780036995.622902,53.255
1780036995.6286845,53.255
1780036995.6344717,54.0
1780036995.640093,53.255
1780036995.645614,53.255
1780036995.6512315,53.254
1780036995.6570396,53.255
1780036995.6629176,53.255
1780036995.6689022,53.255
1780036995.675091,54.0
1780036995.6808734,53.255
1780036995.6870277,53.255
1780036995.6929812,53.255
1780036995.6989508,54.0
1780036995.7049382,53.255
1780036995.710957,53.255
1780036995.7169738,53.255
1780036995.72294,54.0
1780036995.728987,54.0
1780036995.735019,53.255
1780036995.7410586,53.255
1780036995.7469022,54.0
1780036995.7530234,53.254
1780036995.759022,54.0
1780036995.7648852,53.255
1780036995.7710006,53.255
1780036995.7770119,54.0
1780036995.7829993,53.255
1780036995.788974,53.255
1780036995.7950017,53.255
1780036995.8010395,53.255
1780036995.807013,53.255
1780036995.812897,53.255
1780036995.8188744,54.0
1780036995.8250246,53.255
1780036995.8309233,54.0
1780036995.836999,53.255
1780036995.8429077,53.255
1780036995.848979,53.255
1780036995.8548954,53.255
1780036995.8604803,53.255
1780036995.8660157,54.0
1780036995.8718472,54.0
1780036995.877836,53.255
1780036995.8838418,53.255
1780036995.889774,54.0
1780036995.895764,53.255
1780036995.901272,54.0
1780036995.9067895,53.255
1780036995.912648,53.255
1780036995.9185143,53.255
1780036995.9245908,53.255
1780036995.930661,53.255
1780036995.936464,53.255
1780036995.9420352,54.0
1780036995.9476874,53.255
1780036995.9533343,53.255
1780036995.9593267,53.255
1780036995.965364,54.0
1780036995.9712808,54.0
1780036995.9773548,53.255
1780036995.9833565,54.0
1780036995.9893165,53.255
1780036995.9954174,54.0
1780036996.0012999,54.001
1780036996.0066864,54.012
1780036996.012011,54.013
1780036996.017463,54.009
1780036996.022812,54.009
1780036996.0282736,54.013
1780036996.033605,54.008
1780036996.0388474,54.012
1780036996.0444272,54.011
1780036996.0499415,54.01
1780036996.0552194,54.009
1780036996.060461,54.01
1780036996.0660226,54.01
1780036996.0714688,54.009
1780036996.0768125,54.014
1780036996.0820687,54.008
1780036996.0875802,54.008
1780036996.0928361,54.007
1780036996.0983837,54.008
1780036996.1036434,54.008
1780036996.1091852,54.008
1780036996.1144512,54.011
1780036996.1200292,54.008
1780036996.12546,54.008
1780036996.1308181,54.009
1780036996.136062,54.008
1780036996.1416132,54.008
1780036996.1468585,54.012
1780036996.1524272,54.008
1780036996.1578617,54.007
1780036996.1632223,54.007
1780036996.168463,54.008
1780036996.1740146,54.008
1780036996.1792564,54.008
1780036996.1848285,54.013
1780036996.1902628,54.007
1780036996.1955802,54.008
1780036996.2008464,54.007
1780036996.2063732,54.008
1780036996.2116485,54.008
1780036996.2172105,54.009
1780036996.2226627,54.007
1780036996.2280421,54.008
1780036996.233479,54.006
1780036996.238812,54.008
1780036996.244255,54.009
1780036996.2496006,54.007
1780036996.2548473,54.013
1780036996.260418,54.006
1780036996.2656715,54.004
1780036996.27123,54.011
1780036996.2766614,54.007
1780036996.2819715,54.011
1780036996.2873719,54.007
1780036996.2932537,53.247
1780036996.2991421,53.249
1780036996.304972,53.254
1780036996.3110044,53.253
1780036996.3170905,53.253
1780036996.323099,53.253
1780036996.3290381,53.253
1780036996.3350759,53.252
1780036996.3410609,53.253
1780036996.3469892,53.253
1780036996.3530593,53.252
1780036996.3590024,53.253
1780036996.364926,53.253
1780036996.370464,53.253
1780036996.3762524,53.253
1780036996.3819041,53.253
1780036996.3877428,53.253
1780036996.3937867,53.252
1780036996.3997009,53.253
1780036996.4053304,53.253
1780036996.4109542,53.253
1780036996.4166436,53.253
1780036996.4226227,53.253
1780036996.4285388,53.253
1780036996.43453,53.253
1780036996.4405084,53.253
1780036996.4464865,53.253
1780036996.4525402,53.253
1780036996.4586375,53.253
1780036996.4646237,53.253
1780036996.4706194,53.253
1780036996.47661,53.253
1780036996.4826548,53.253
1780036996.4885783,53.253
1780036996.4946125,53.253
1780036996.500583,53.253
1780036996.5065718,53.253
1780036996.512629,53.253
1780036996.5186467,53.253
1780036996.5245488,53.253
1780036996.5300546,53.253
1780036996.5358384,53.252
1780036996.5415196,53.253
1780036996.5474045,53.253
1780036996.5532994,53.253
1780036996.5589466,53.253
1780036996.5646405,53.253
1780036996.5701718,53.253
1780036996.576194,53.253
1780036996.5821614,53.253
1780036996.5882,53.254
1780036996.5942113,53.253
1780036996.6002455,53.253
1780036996.6062324,53.253
1780036996.61224,53.253
1780036996.6181824,53.254
1780036996.6240785,53.253
1780036996.6297626,53.253
1780036996.635746,53.253
1780036996.6413958,53.253
1780036996.647051,53.254
1780036996.653066,53.253
1780036996.6588812,53.254
1780036996.6650004,53.253
1780036996.670988,53.254
1780036996.6769938,53.254
1780036996.6829128,53.253
1780036996.6885543,53.254
1780036996.6942391,53.253
1780036996.6998758,53.253
1780036996.7058072,53.254
1780036996.7117934,53.254
1780036996.7178483,53.254
1780036996.7237747,53.254
1780036996.729746,53.253
1780036996.73574,53.253
1780036996.7416728,53.254
1780036996.7477047,53.253
1780036996.7537572,53.253
1780036996.7598126,53.254
1780036996.7658134,53.254
1780036996.7716832,53.253
1780036996.7773347,53.254
1780036996.782972,53.254
1780036996.7886572,53.254
1780036996.7946348,53.253
1780036996.800599,53.254
1780036996.8065317,53.254
1780036996.8125708,53.254
1780036996.818634,53.254
1780036996.8246026,53.254
1780036996.8305883,53.254
1780036996.8365881,53.253
1780036996.8426685,53.254
1780036996.8486264,53.254
1780036996.854517,53.254
1780036996.8600643,53.254
1780036996.8656318,53.254
1780036996.8712816,53.254
1780036996.877477,53.254
1780036996.8832517,53.254
1780036996.8889372,53.254
1780036996.89461,53.254
1780036996.9000788,53.254
1780036996.906166,53.254
1780036996.9122636,53.254
1780036996.918147,53.254
1780036996.9242423,53.254
1780036996.9301853,53.254
1780036996.936165,53.253
1780036996.9422634,53.254
1780036996.9481533,53.254
1780036996.9542701,53.254
1780036996.9601657,53.254
1780036996.966141,53.254
1780036996.9722142,53.254
1780036996.9782116,53.254
1780036996.9841328,53.254
1780036996.9901736,53.254
1780036996.9962215,53.253
1780036997.0023022,53.254
1780036997.0080402,53.254
1780036997.0136626,53.254
1780036997.0194466,53.254
1780036997.0251153,53.254
1780036997.0309904,53.254
1780036997.0369692,53.253
1780036997.042977,53.254
1780036997.048995,53.254
1780036997.0550046,53.254
1780036997.0609846,53.254
1780036997.0668998,53.254
1780036997.072424,53.254
1780036997.0780604,53.254
1780036997.0838516,53.254
1780036997.0897899,53.254
1780036997.095877,53.254
1780036997.1016994,53.254
1780036997.1078255,53.254
1780036997.113872,53.254
1780036997.1197226,53.254
1780036997.125832,53.254
1780036997.131821,53.254
1780036997.1378272,53.253
1780036997.143913,53.254
1780036997.149767,53.254
1780036997.1558242,53.254
1780036997.161805,53.254
1780036997.1677806,53.254
1780036997.1737878,53.254
1780036997.179825,53.255
1780036997.185761,53.254
1780036997.191264,53.254
1780036997.1968732,53.254
1780036997.2025592,53.254
1780036997.2086408,53.254
1780036997.2145798,53.254
1780036997.2205896,53.254
1780036997.2266107,53.254
1780036997.2326238,53.254
1780036997.2386498,53.254
1780036997.2446306,53.254
1780036997.2506077,53.254
1780036997.2566588,53.254
1780036997.2625937,53.255
1780036997.2685804,53.254
1780036997.2746313,53.255
1780036997.280643,53.254
1780036997.2865815,53.254
1780036997.2926605,53.254
1780036997.2985823,53.253
1780036997.304624,53.254
1780036997.3106062,53.254
1780036997.316564,53.254
1780036997.3225877,53.255
1780036997.3285427,53.254
1780036997.334651,53.254
1780036997.3405778,53.254
1780036997.3465054,53.254
1780036997.3526576,53.254
1780036997.3586035,53.254
1780036997.3645031,53.255
1780036997.3705857,53.254
1780036997.3765798,53.254
1780036997.3826027,53.254
1780036997.3885126,53.254
1780036997.394548,53.254
1780036997.4005854,53.253
1780036997.4066336,53.254
1780036997.4125242,53.254
1780036997.4185908,53.254
1780036997.4245956,53.255
1780036997.4306033,53.254
1780036997.43662,53.254
1780036997.4425871,53.254
1780036997.4485257,53.254
1780036997.4540546,53.255
1780036997.4596462,53.254
1780036997.4652832,53.254
1780036997.4714825,53.255
1780036997.4774997,53.254
1780036997.4834065,53.254
1780036997.489419,53.254
1780036997.4954588,53.254
1780036997.5014894,53.254
1780036997.5074975,53.255
1780036997.5134563,53.255
1780036997.5193646,53.254
1780036997.5254748,53.255
1780036997.5314076,53.254
1780036997.5374553,53.254
1780036997.5432808,53.254
1780036997.5494094,53.254
1780036997.5556107,53.255
1780036997.5613875,53.254
1780036997.5668015,53.255
1780036997.5723915,53.255
1780036997.578217,53.255
1780036997.5842302,53.255
1780036997.5902324,53.255
1780036997.5961869,53.255
1780036997.6021369,53.255
1780036997.6077352,53.255
1780036997.6134012,53.254
1780036997.6189682,53.255
1780036997.6250203,53.255
1780036997.6311374,53.255
1780036997.6369588,53.254
1780036997.6424613,53.254
1780036997.6478415,53.255
1780036997.6537926,53.255
1780036997.6597905,53.254
1780036997.6657476,53.255
1780036997.6717997,53.254
1780036997.6778562,53.255
1780036997.6838408,53.254
1780036997.6899054,53.255
1780036997.6958413,53.255
1780036997.7017984,53.254
1780036997.7078547,53.255
1780036997.7138822,53.255
1780036997.7197604,53.254
1780036997.7257686,53.254
1780036997.7318711,53.255
1780036997.73788,53.254
1780036997.7438836,53.254
1780036997.7498052,53.255
1780036997.755825,53.255
1780036997.7617671,53.255
1780036997.7677875,53.255
1780036997.7739217,53.255
1780036997.779822,53.255
1780036997.7857866,53.254
1780036997.7918854,53.254
1780036997.7978454,53.255
1780036997.8037405,53.254
1780036997.8096848,53.255
1780036997.8159375,53.254
1780036997.8217194,53.255
1780036997.8273823,53.254
1780036997.8329127,53.255
1780036997.8386285,53.255
1780036997.8446324,53.255
1780036997.8505247,53.255
1780036997.85654,53.255
1780036997.8626454,53.255
1780036997.868538,53.255
1780036997.8746183,53.255
1780036997.8806198,53.255
1780036997.8866339,53.254
1780036997.8926835,53.255
1780036997.8986304,53.255
1780036997.904578,53.255
1780036997.9106424,53.255
1780036997.9167018,53.255
1780036997.9225671,53.255
1780036997.9285905,53.254
1780036997.9346838,53.255
1780036997.9405286,53.255
1780036997.9466255,53.255
1780036997.952099,53.255
1780036997.9576304,53.255
1780036997.9633925,53.255
1780036997.969482,53.255
1780036997.9754229,53.255
1780036997.9814236,53.255
1780036997.987355,53.255
1780036997.9929004,53.255
1780036997.998441,53.255
1780036998.0041904,53.255
1780036998.010225,53.255
1780036998.0162003,53.255
1780036998.022239,53.255
1780036998.0281827,53.254
1780036998.0342264,53.255
1780036998.040252,53.255
1780036998.046115,53.255
1780036998.052197,54.0
1780036998.058294,53.255
1780036998.0642364,53.255
1780036998.0702922,53.254
1780036998.0762515,53.255
1780036998.0822682,53.255
1780036998.0882602,53.255
1780036998.0940208,53.255
1780036998.1002963,53.255
1780036998.106145,53.255
1780036998.1117718,53.254
1780036998.1173487,53.255
1780036998.1230116,53.255
1780036998.1290836,53.255
1780036998.1349158,53.255
1780036998.1410174,53.255
1780036998.1470118,53.255
1780036998.1530592,53.255
1780036998.1590974,53.255
1780036998.1650136,53.255
1780036998.1709743,53.254
1780036998.1771216,53.255
1780036998.1830115,53.255
1780036998.188929,53.255
1780036998.1951036,53.255
1780036998.2010236,53.255
1780036998.2070096,53.255
1780036998.212944,53.254
1780036998.2189293,53.255
1780036998.2244656,53.255
1780036998.230128,53.255
1780036998.2358658,53.255
1780036998.2417994,53.255
1780036998.2477758,53.255
1780036998.2537403,53.255
1780036998.2597327,53.255
1780036998.265281,53.255
1780036998.271095,53.255
1780036998.276893,54.0
1780036998.2826233,53.255
1780036998.2885232,53.255
1780036998.2946193,53.255
1780036998.3004475,53.255
1780036998.3061864,53.255
1780036998.3120852,53.255
1780036998.3178258,54.0
1780036998.3235095,53.255
1780036998.329393,53.255
1780036998.3353157,53.254
1780036998.341437,53.255
1780036998.3474145,53.255
1780036998.3533921,53.255
1780036998.3593707,54.0
1780036998.3648753,53.255
1780036998.3705308,53.255
1780036998.3761296,53.254
1780036998.3821568,53.255
1780036998.3881752,53.255
1780036998.394251,53.255
1780036998.4002311,54.0
1780036998.4061916,53.255
1780036998.4122257,53.255
1780036998.4182773,53.255
1780036998.424281,53.255
1780036998.4302826,54.0
1780036998.43626,53.254
1780036998.4422622,54.0
1780036998.4481351,53.255
1780036998.4541743,53.255
1780036998.4602532,53.255
1780036998.4662528,53.255
1780036998.4722278,53.255
1780036998.4782014,53.255
1780036998.4841776,53.255
1780036998.489706,53.255
1780036998.4952939,53.255
1780036998.501101,53.255
1780036998.5070133,53.255
1780036998.5125096,53.255
1780036998.5181715,53.254
1780036998.5239367,53.255
1780036998.5297866,54.0
1780036998.5357487,53.255
1780036998.5418587,54.0
1780036998.5477097,53.255
1780036998.5538204,53.255
1780036998.5598266,53.254
1780036998.5657907,53.255
1780036998.571824,53.255
1780036998.577832,54.0
1780036998.583874,54.0
1780036998.589821,53.255
1780036998.5958388,54.0
1780036998.6017745,54.0
1780036998.6079378,53.255
1780036998.6137006,53.255
1780036998.6192665,53.255
1780036998.6246943,54.0
1780036998.6306815,54.0
1780036998.636657,53.255
1780036998.6424897,54.0
1780036998.648691,54.0
1780036998.6545968,53.255
1780036998.6605356,53.255
1780036998.6667006,54.0
1780036998.6725733,54.0
1780036998.678705,53.255
1780036998.6846716,54.0
1780036998.690692,53.255
1780036998.6966624,54.0
1780036998.7026675,53.255
1780036998.7086184,53.255
1780036998.7146037,53.255
1780036998.720575,53.255
1780036998.726584,54.0
1780036998.7325542,53.255
1780036998.738131,53.255
1780036998.743732,53.255
1780036998.7494795,53.255
1780036998.755296,54.0
1780036998.7609613,53.255
1780036998.766996,54.0
1780036998.77265,53.255
1780036998.7781625,53.255
1780036998.783797,53.254
1780036998.7894077,53.255
1780036998.7950995,54.0
1780036998.8010108,54.0
1780036998.807077,54.0
1780036998.8131084,53.255
1780036998.81899,53.255
1780036998.8248916,53.255
1780036998.8310795,53.255
1780036998.8369548,54.0
1780036998.843135,53.255
1780036998.849087,54.0
1780036998.8549821,53.255
1780036998.8609881,53.255
1780036998.8668268,53.25
1780036998.8720632,54.013
1780036998.8776689,54.012
1780036998.8831177,54.011
1780036998.8884528,54.009
1780036998.8937073,54.014
1780036998.8992574,54.009
1780036998.9045596,54.004
1780036998.9102204,54.014
1780036998.9155452,54.009
1780036998.9208655,54.009
1780036998.9263158,54.009
1780036998.9316108,54.009
1780036998.936874,54.009
1780036998.9424179,54.011
1780036998.9476776,54.008
1780036998.9532642,54.009
1780036998.9587042,54.007
1780036998.96407,54.009
1780036998.9695203,54.008
1780036998.974861,54.009
1780036998.980358,54.014
1780036998.9856584,54.008
1780036998.9909174,54.009
1780036998.9964619,54.008
1780036999.001715,54.009
1780036999.0072565,54.008
1780036999.0125077,54.009
1780036999.0180876,54.009
1780036999.0235708,54.007
1780036999.02899,54.008
1780036999.0343444,54.009
1780036999.0396068,54.007
1780036999.0448663,54.008
1780036999.0504212,54.012
1780036999.0556772,54.007
1780036999.061267,54.007
1780036999.0667148,54.007
1780036999.0720513,54.007
1780036999.0773358,54.005
1780036999.0830033,54.008
1780036999.0883644,54.012
1780036999.093646,54.007
1780036999.0988898,54.007
1780036999.1044488,54.008
1780036999.109694,54.007
1780036999.1152608,54.007
1780036999.1205049,54.009
1780036999.126066,54.01
1780036999.131509,54.007
1780036999.1368523,54.012
1780036999.142112,54.005
1780036999.1476722,54.006
1780036999.1531203,54.01
1780036999.1585193,53.246
1780036999.1646829,53.248
1780036999.1706383,53.252
1780036999.1765838,53.253
1780036999.1826477,53.252
1780036999.188641,53.252
1780036999.1945927,53.253
1780036999.2005885,53.253
1780036999.2061424,53.253
1780036999.2116973,53.253
1780036999.2174215,53.253
1780036999.223471,53.253
1780036999.2295265,53.253
1780036999.235442,53.253
1780036999.2415314,53.252
1780036999.2475216,53.253
1780036999.2534804,53.253
1780036999.259497,53.253
1780036999.2654712,53.253
1780036999.2714076,53.253
1780036999.277446,53.253
1780036999.2833686,53.253
1780036999.2893417,53.253
1780036999.2953815,53.253
1780036999.3013673,53.252
1780036999.3075407,53.253
1780036999.3134973,53.253
1780036999.3195133,53.253
1780036999.3255334,53.253
1780036999.3314676,53.253
1780036999.3374465,53.253
1780036999.3434367,53.253
1780036999.3493342,53.253
1780036999.355364,53.253
1780036999.3614178,53.252
1780036999.367511,53.253
1780036999.3734205,53.253
1780036999.3795276,53.253
1780036999.3854723,53.254
1780036999.3914905,53.253
1780036999.3975258,53.253
1780036999.4034464,53.253
1780036999.409415,53.253
1780036999.4153695,53.253
1780036999.4214408,53.252
1780036999.4276962,53.253
1780036999.433342,53.253
1780036999.439371,53.253
1780036999.4455378,53.253
1780036999.4515147,53.253
1780036999.457371,53.253
1780036999.4633958,53.253
1780036999.4694536,53.253
1780036999.4754753,53.253
1780036999.4814315,53.253
1780036999.4874685,53.254
1780036999.4933877,53.253
1780036999.4995165,53.253
1780036999.5054193,53.254
1780036999.511346,53.253
1780036999.517017,53.254
1780036999.523045,53.253
1780036999.528575,53.253
1780036999.5341854,53.253
1780036999.5402777,53.254
1780036999.5462227,53.254
1780036999.5521939,53.254
1780036999.558261,53.253
1780036999.5641832,53.253
1780036999.570203,53.253
1780036999.5761347,53.254
1780036999.5822015,53.253
1780036999.5882936,53.254
1780036999.5942614,53.254
1780036999.600283,53.254
1780036999.606265,53.254
1780036999.612256,53.254
1780036999.618297,53.253
1780036999.6242912,53.253
1780036999.6301577,53.254
1780036999.6362412,53.254
1780036999.6421578,53.253
1780036999.6481779,53.254
1780036999.6541553,53.254
1780036999.6602337,53.254
1780036999.666174,53.254
1780036999.672089,53.254
1780036999.6777935,53.254
1780036999.6834493,53.253
1780036999.6891108,53.254
1780036999.6949959,53.254
1780036999.701134,53.254
1780036999.7070932,53.254
1780036999.7129664,53.254
1780036999.7184794,53.254
1780036999.7241755,53.253
1780036999.7299535,53.254
1780036999.735847,53.253
1780036999.741855,53.254
1780036999.7478023,53.254
1780036999.753869,53.254
1780036999.759821,53.254
1780036999.7658494,53.254
1780036999.7719283,53.254
1780036999.7777867,53.254
1780036999.7839496,53.253
1780036999.7898436,53.254
1780036999.795778,53.254
1780036999.801353,53.254
1780036999.8071268,53.254
1780036999.8128595,53.254
1780036999.8186655,53.254
1780036999.8246865,53.253
1780036999.8306186,53.254
1780036999.8366246,53.254
1780036999.8426383,53.254
1780036999.8485594,53.254
1780036999.8546555,53.254
1780036999.8606389,53.254
1780036999.8666747,53.254
1780036999.8726432,53.254
1780036999.8785644,53.254
1780036999.8846714,53.253
1780036999.8906028,53.254
1780036999.8966286,53.254
1780036999.902656,53.254
1780036999.9086227,53.254
1780036999.9145722,53.254
1780036999.9200804,53.254
1780036999.9257336,53.254
1780036999.931449,53.254
1780036999.9374816,53.254
1780036999.9434495,53.254
1780036999.949294,53.254
1780036999.9554124,53.254
1780036999.9615405,53.254
1780036999.9674199,53.254
1780036999.9734411,53.254
1780036999.9793699,53.254
1780036999.9854987,53.254
1780036999.9914389,53.254
1780036999.997443,53.254
1780037000.0034418,53.254
1780037000.0094626,53.254
1780037000.0153666,53.254
1780037000.021446,53.254
1780037000.0274756,53.254
1780037000.033403,53.254
1780037000.038943,53.254
1780037000.0446405,53.254
1780037000.0502121,53.254
1780037000.0562553,53.254
1780037000.0621917,53.254
1780037000.0682268,53.254
1780037000.074257,53.254
1780037000.080249,53.254
1780037000.0862935,53.253
1780037000.092265,53.254
1780037000.0982285,53.254
1780037000.1042428,53.254
1780037000.1103237,53.255
1780037000.116222,53.254
1780037000.1222417,53.254
1780037000.128238,53.254
1780037000.1342416,53.254
1780037000.1401997,53.254
1780037000.146219,53.253
1780037000.1521587,53.255
1780037000.1582363,53.254
1780037000.1642551,53.254
1780037000.1702206,53.255
1780037000.1761682,53.254
1780037000.181768,53.254
1780037000.1874242,53.253
1780037000.1931903,53.255
1780037000.1990967,53.254
1780037000.2051167,53.254
1780037000.2111,53.255
1780037000.217061,53.254
1780037000.2230976,53.254
1780037000.2289956,53.254
1780037000.2350452,53.254
1780037000.2411282,53.254
1780037000.2470303,53.254
1780037000.2531142,53.254
1780037000.259137,53.254
1780037000.265065,53.255
1780037000.2710664,53.255
1780037000.2771738,53.254
1780037000.2830827,53.255
1780037000.2891684,53.254
1780037000.295101,53.254
1780037000.3010652,53.254
1780037000.3070898,53.255
1780037000.3130002,53.254
1780037000.3190784,53.255
1780037000.3250496,53.254
1780037000.33099,53.254
1780037000.3370485,53.254
1780037000.3430774,53.254
1780037000.3491125,53.253
1780037000.355084,53.254
1780037000.3610594,53.255
1780037000.367076,53.255
1780037000.3731387,53.255
1780037000.3790448,53.255
1780037000.3851185,53.254
1780037000.391146,53.254
1780037000.397044,53.254
1780037000.4031315,53.255
1780037000.4090564,53.254
1780037000.4150255,53.255
1780037000.4210484,53.254
1780037000.4269886,53.255
1780037000.4330382,53.255
1780037000.4391105,53.255
1780037000.4450495,53.255
1780037000.4511218,53.254
1780037000.45706,53.254
1780037000.4630623,53.254
1780037000.4691267,53.254
1780037000.4749558,53.255
1780037000.4810233,53.254
1780037000.4870946,53.254
1780037000.4929972,53.254
1780037000.4990754,53.254
1780037000.5050683,53.254
1780037000.511079,53.254
1780037000.517135,53.255
1780037000.5230894,53.255
1780037000.52912,53.254
1780037000.5351155,53.255
1780037000.5410666,53.255
1780037000.5471392,53.254
1780037000.5531704,53.254
1780037000.5590694,53.255
1780037000.5651135,53.254
1780037000.5710192,53.254
1780037000.5770967,53.255
1780037000.5830731,53.254
1780037000.589047,53.255
1780037000.595091,53.255
1780037000.6011467,53.254
1780037000.6070821,53.255
1780037000.6129758,53.254
1780037000.619158,53.255
1780037000.6250346,53.255
1780037000.6311128,53.255
1780037000.6369975,53.255
1780037000.643138,53.255
1780037000.6491082,53.254
1780037000.655062,53.255
1780037000.6611495,53.254
1780037000.6669588,53.255
1780037000.6729758,53.254
1780037000.6791754,53.255
1780037000.685052,53.254
1780037000.6910658,53.255
1780037000.6971555,53.255
1780037000.7031183,53.255
1780037000.7089477,53.255
1780037000.714648,53.254
1780037000.7202234,53.255
1780037000.7259414,53.255
1780037000.7319303,53.255
1780037000.7378855,53.255
1780037000.7438526,53.255
1780037000.7499394,53.255
1780037000.755774,53.254
1780037000.7619019,53.255
1780037000.7679224,53.255
1780037000.7737887,53.255
1780037000.779288,53.255
1780037000.7847874,53.255
1780037000.790697,53.255
1780037000.7967286,53.255
1780037000.8026292,53.255
1780037000.8087025,53.255
1780037000.8146484,53.254
1780037000.8206363,53.255
1780037000.8266885,53.255
1780037000.832623,53.255
1780037000.8388011,53.255
1780037000.8446825,53.255
1780037000.8507347,53.255
1780037000.856581,53.255
1780037000.8627615,53.255
1780037000.8686879,53.255
1780037000.8747199,53.255
1780037000.8804781,53.255
1780037000.8866024,53.255
1780037000.8925867,53.255
1780037000.8987029,53.255
1780037000.9046292,53.255
1780037000.9106033,53.255
1780037000.9166794,53.254
1780037000.922677,53.255
1780037000.928639,53.255
1780037000.9346437,53.255
1780037000.9406354,53.255
1780037000.9465501,53.255
1780037000.9526873,53.255
1780037000.9586194,53.254
1780037000.9645858,53.255
1780037000.9706602,53.255
1780037000.9766812,53.255
1780037000.982548,54.0
1780037000.98863,53.255
1780037000.9946387,53.255
1780037001.000629,53.255
1780037001.0067647,53.255
1780037001.0125296,53.255
1780037001.0186694,53.254
1780037001.0247424,53.255
1780037001.0305512,53.255
1780037001.0361996,53.255
1780037001.0418396,53.255
1780037001.0474603,53.255
1780037001.0535073,53.255
1780037001.059526,53.254
1780037001.0655487,53.255
1780037001.0713837,53.255
1780037001.076953,53.255
1780037001.0824604,53.255
1780037001.0882628,53.255
1780037001.0943012,53.255
1780037001.1003067,53.254
1780037001.106396,54.0
1780037001.1122518,53.255
1780037001.1183264,53.255
1780037001.1243107,53.255
1780037001.1302404,53.255
1780037001.1361995,53.255
1780037001.1417775,53.254
1780037001.1473606,53.255
1780037001.153099,53.255
1780037001.1591113,53.255
1780037001.165081,54.0
1780037001.1711586,53.255
1780037001.1770942,53.255
1780037001.1830583,53.254
1780037001.1889904,53.255
1780037001.195022,53.255
1780037001.2010236,53.255
1780037001.2070572,53.255
1780037001.2131217,53.255
1780037001.2191327,53.255
1780037001.2251143,54.0
1780037001.2310884,53.255
1780037001.2370842,53.255
1780037001.2431254,53.254
1780037001.2491302,53.255
1780037001.2551174,53.255
1780037001.261074,53.255
1780037001.2671227,54.0
1780037001.2730815,53.255
1780037001.2790651,53.255
1780037001.2850156,53.255
1780037001.2910433,53.255
1780037001.2970057,53.255
1780037001.303085,53.255
1780037001.3091023,54.0
1780037001.3150282,53.255
1780037001.3211098,54.0
1780037001.3272624,53.255
1780037001.3331187,53.255
1780037001.3391163,54.0
1780037001.3450646,53.254
1780037001.3511631,53.255
1780037001.357031,53.255
1780037001.3630166,53.255
1780037001.3690336,54.0
1780037001.374968,53.255
1780037001.3805647,54.0
1780037001.3861587,53.254
1780037001.3919,54.0
1780037001.3977382,53.255
1780037001.4033768,53.255
1780037001.408881,53.255
1780037001.4146688,53.255
1780037001.4206026,53.255
1780037001.4265802,53.254
1780037001.432791,53.255
1780037001.4385371,53.255
1780037001.4446564,54.0
1780037001.450654,54.0
1780037001.4566505,53.255
1780037001.4626443,53.255
1780037001.4686446,53.255
1780037001.4746294,54.0
1780037001.4806645,54.0
1780037001.4867234,53.255
1780037001.4925911,54.0
1780037001.4987051,54.0
1780037001.5045695,53.255
1780037001.5101724,53.255
1780037001.5157807,53.255
1780037001.5215154,54.0
1780037001.5275419,53.255
1780037001.5332844,54.0
1780037001.5389676,54.0
1780037001.5446005,54.0
1780037001.5503402,53.255
1780037001.5562816,54.0
1780037001.5622873,53.255
1780037001.5682187,53.255
1780037001.5741508,54.0
1780037001.5802703,53.255
1780037001.5862794,54.0
1780037001.5922358,53.255
1780037001.597851,53.255
1780037001.603468,54.0
1780037001.6090446,53.255
1780037001.6150384,54.0
1780037001.6209748,53.255
1780037001.6265883,54.0
1780037001.6321778,53.255
1780037001.6379542,53.255
1780037001.6437488,53.255
1780037001.6494243,53.255
1780037001.6553595,54.0
1780037001.661099,53.255
1780037001.666641,53.255
1780037001.6721926,53.255
1780037001.677768,54.0
1780037001.6834655,54.0
1780037001.689489,53.255
1780037001.6954923,53.255
1780037001.7014494,53.255
1780037001.7074409,54.0
1780037001.7134233,53.254
1780037001.719443,53.255
1780037001.7254937,54.0
1780037001.7315197,53.255
1780037001.7374287,54.018
1780037001.7427928,54.011
1780037001.7481432,54.014
1780037001.7535853,54.008
1780037001.7588985,54.009
1780037001.7643418,54.012
1780037001.7697058,54.009
1780037001.7751505,54.014
1780037001.7805078,54.008
1780037001.7859547,54.009
1780037001.7912946,54.007
1780037001.7965467,54.008
1780037001.8020947,54.009
1780037001.8073535,54.008
1780037001.8129113,54.014
1780037001.8183482,54.008
1780037001.8236554,54.009
1780037001.828913,54.009
1780037001.83447,54.008
1780037001.8397334,54.009
1780037001.845316,54.011
1780037001.850755,54.006
1780037001.8561318,54.009
1780037001.8615754,54.007
1780037001.8669071,54.009
1780037001.8723488,54.009
1780037001.8777103,54.009
1780037001.883182,54.013
1780037001.8885047,54.007
1780037001.893749,54.008
1780037001.8993084,54.007
1780037001.9045537,54.005
1780037001.9101202,54.007
1780037001.9155517,54.009
1780037001.920862,54.011
1780037001.926108,54.007
1780037001.9317162,54.007
1780037001.9371533,54.008
1780037001.9424908,54.007
1780037001.947753,54.008
1780037001.9532762,54.012
1780037001.9585361,54.006
1780037001.9641168,54.007
1780037001.9695609,54.006
1780037001.9748843,54.007
1780037001.9801426,54.007
1780037001.9857063,54.008
1780037001.9911668,54.012
1780037001.9964902,54.007
1780037002.0017488,54.01
1780037002.0073063,54.01
1780037002.012752,54.007
1780037002.0181003,54.012
1780037002.0237038,53.255
1780037002.02988,53.248
1780037002.0355954,53.248
1780037002.0411692,53.254
1780037002.0470326,53.253
1780037002.0529757,53.253
1780037002.059113,53.253
1780037002.065117,53.253
1780037002.071063,53.253
1780037002.0770667,53.253
1780037002.0830376,53.253
1780037002.0891144,53.253
1780037002.095122,53.253
1780037002.101163,53.253
1780037002.107132,53.253
1780037002.112994,53.253
1780037002.1190917,53.253
1780037002.1251445,53.253
1780037002.1311278,53.253
1780037002.1371262,53.253
1780037002.1430223,53.253
1780037002.1491027,53.252
1780037002.1550984,53.253
1780037002.1609309,53.253
1780037002.1666431,53.253
1780037002.1726413,53.253
1780037002.1782699,53.253
1780037002.1839285,53.253
1780037002.189922,53.252
1780037002.1957345,53.253
1780037002.2013905,53.253
1780037002.2070296,53.253
1780037002.2127492,53.253
1780037002.2186615,53.254
1780037002.224723,53.253
1780037002.2306442,53.253
1780037002.236511,53.253
1780037002.2422194,53.253
1780037002.2478764,53.253
1780037002.2533522,53.253
1780037002.2594836,53.253
1780037002.2654905,53.253
1780037002.2714677,53.253
1780037002.277452,53.253
1780037002.283412,53.253
1780037002.289492,53.253
1780037002.2954772,53.253
1780037002.3013673,53.253
1780037002.3070452,53.253
1780037002.3130558,53.254
1780037002.3187609,53.253
1780037002.3244162,53.253
1780037002.330247,53.253
1780037002.336185,53.254
1780037002.341801,53.254
1780037002.3475015,53.253
1780037002.3532383,53.254
1780037002.35912,53.254
1780037002.3651273,53.253
1780037002.3710465,53.254
1780037002.3770468,53.254
1780037002.38307,53.254
1780037002.3890681,53.253
1780037002.3952317,53.254
1780037002.400912,53.254
1780037002.4065902,53.254
1780037002.4122758,53.254
1780037002.417907,53.254
1780037002.4238822,53.254
1780037002.4299002,53.253
1780037002.4359186,53.254
1780037002.441735,53.254
1780037002.4474304,53.254
1780037002.4534266,53.254
1780037002.459078,53.254
1780037002.464739,53.254
1780037002.4706671,53.253
1780037002.4766145,53.254
1780037002.4826589,53.254
1780037002.4886742,53.253
1780037002.4946504,53.254
1780037002.5005803,53.254
1780037002.5066693,53.254
1780037002.5127559,53.254
1780037002.5188248,53.254
1780037002.524706,53.254
1780037002.5306103,53.253
1780037002.5367317,53.254
1780037002.5426831,53.254
1780037002.5487442,53.254
1780037002.554589,53.254
1780037002.5606797,53.254
1780037002.5667195,53.254
1780037002.5726795,53.254
1780037002.5787065,53.254
1780037002.5846305,53.254
1780037002.5906868,53.253
1780037002.5966384,53.254
1780037002.602235,53.254
1780037002.6079001,53.254
1780037002.613641,53.254
1780037002.6195433,53.254
1780037002.625495,53.254
1780037002.63153,53.253
1780037002.637442,53.254
1780037002.6435108,53.254
1780037002.64947,53.254
1780037002.6554203,53.254
1780037002.6614652,53.254
1780037002.6674902,53.254
1780037002.6735034,53.254
1780037002.6795008,53.254
1780037002.6854978,53.254
1780037002.6914272,53.253
1780037002.697438,53.254
1780037002.703052,53.254
1780037002.7087226,53.254
1780037002.7144496,53.254
1780037002.7203102,53.254
1780037002.7262714,53.254
1780037002.732358,53.253
1780037002.7382786,53.254
1780037002.7443085,53.254
1780037002.7502666,53.254
1780037002.756234,53.254
1780037002.762269,53.254
1780037002.7682598,53.254
1780037002.7742682,53.254
1780037002.78028,53.254
1780037002.786229,53.254
1780037002.7923334,53.253
1780037002.7982635,53.254
1780037002.8042574,53.254
1780037002.810288,53.254
1780037002.8162766,53.254
1780037002.8221867,53.254
1780037002.8282773,53.254
1780037002.8345025,53.254
1780037002.840243,53.254
1780037002.8462212,53.254
1780037002.8517268,53.254
1780037002.857131,53.254
1780037002.863096,53.254
1780037002.869151,53.254
1780037002.8749979,53.254
1780037002.8811066,53.254
1780037002.8871164,53.254
1780037002.8931088,53.253
1780037002.899126,53.255
1780037002.9050515,53.254
1780037002.9112034,53.254
1780037002.9171264,53.254
1780037002.923077,53.254
1780037002.9290614,53.254
1780037002.9350805,53.254
1780037002.9409888,53.254
1780037002.946678,53.255
1780037002.9522793,53.254
1780037002.9578342,53.255
1780037002.9639232,53.254
1780037002.9699376,53.254
1780037002.9758415,53.254
1780037002.981908,53.255
1780037002.9879377,53.254
1780037002.9939172,53.253
1780037002.9999263,53.255
1780037003.0058656,53.254
1780037003.0118914,53.254
1780037003.0179172,53.255
1780037003.0238483,53.254
1780037003.029952,53.255
1780037003.0359147,53.255
1780037003.041871,53.254
1780037003.047858,53.254
1780037003.053841,53.254
1780037003.0598564,53.255
1780037003.065848,53.254
1780037003.0718923,53.254
1780037003.0778534,53.255
1780037003.0839028,53.254
1780037003.0898895,53.254
1780037003.0959015,53.254
1780037003.101873,53.254
1780037003.1079185,53.255
1780037003.1139522,53.255
1780037003.1197872,53.255
1780037003.1258714,53.255
1780037003.1318521,53.254
1780037003.1379433,53.254
1780037003.1438327,53.255
1780037003.1498716,53.255
1780037003.155882,53.253
1780037003.1619136,53.255
1780037003.1677983,53.254
1780037003.1739814,53.254
1780037003.179893,53.255
1780037003.185931,53.254
1780037003.1919408,53.254
1780037003.198171,53.255
1780037003.2038684,53.255
1780037003.2098353,53.255
1780037003.2157896,53.255
1780037003.2214677,53.255
1780037003.2271519,53.255
1780037003.2326968,53.254
1780037003.238696,53.254
1780037003.2447412,53.255
1780037003.2506135,53.254
1780037003.256761,53.254
1780037003.2627792,53.255
1780037003.2686348,53.254
1780037003.2746851,53.255
1780037003.2807808,53.255
1780037003.2867634,53.255
1780037003.292634,53.255
1780037003.2986832,53.254
1780037003.3047438,53.255
1780037003.3106093,53.254
1780037003.3166084,53.254
1780037003.3221762,53.255
1780037003.3276975,53.254
1780037003.3334885,53.255
1780037003.3395576,53.254
1780037003.3454566,53.255
1780037003.351485,53.255
1780037003.3574824,53.254
1780037003.3635497,53.255
1780037003.3695164,53.255
1780037003.3754897,53.255
1780037003.3815157,53.255
1780037003.3874788,53.255
1780037003.3934793,53.255
1780037003.3995256,53.254
1780037003.4054725,53.255
1780037003.4114354,53.255
1780037003.4175243,53.255
1780037003.4234242,53.255
1780037003.429451,53.255
1780037003.4355357,53.255
1780037003.4413826,53.255
1780037003.447559,53.255
1780037003.4535234,53.254
1780037003.4595356,53.254
1780037003.4655356,53.255
1780037003.4714973,53.255
1780037003.477552,53.255
1780037003.4835129,53.255
1780037003.489526,53.254
1780037003.4955838,53.255
1780037003.501492,53.254
1780037003.507512,53.255
1780037003.513553,53.255
1780037003.5194416,53.255
1780037003.52489,53.255
1780037003.5304716,53.255
1780037003.5363028,53.255
1780037003.5422957,53.255
1780037003.5482302,53.255
1780037003.5542753,53.255
1780037003.560276,53.254
1780037003.5662339,53.255
1780037003.572271,53.255
1780037003.578255,53.255
1780037003.584369,53.255
1780037003.5903437,53.255
1780037003.5962808,53.255
1780037003.6024017,53.254
1780037003.608298,53.255
1780037003.614292,53.255
1780037003.6202898,53.255
1780037003.626192,53.255
1780037003.6323552,53.255
1780037003.6383338,53.255
1780037003.6442888,53.255
1780037003.6503396,53.255
1780037003.6562748,53.255
1780037003.6622322,53.254
1780037003.6684139,53.255
1780037003.6742322,53.255
1780037003.680396,53.255
1780037003.6863134,54.0
1780037003.6924574,53.254
1780037003.6983259,53.255
1780037003.7042706,53.254
1780037003.7102418,53.255
1780037003.7162333,53.255
1780037003.7218401,53.255
1780037003.7276678,53.255
1780037003.7332585,53.255
1780037003.7390316,53.255
1780037003.745062,53.254
1780037003.7511652,53.255
1780037003.7571635,53.255
1780037003.763083,53.255
1780037003.7685266,54.0
1780037003.774123,53.255
1780037003.7798777,53.255
1780037003.7858212,53.254
1780037003.7918808,53.255
1780037003.797913,53.255
1780037003.803879,53.255
1780037003.809927,53.255
1780037003.8158882,53.255
1780037003.8218336,53.255
1780037003.827962,53.255
1780037003.8339062,53.255
1780037003.8398283,53.255
1780037003.845465,53.255
1780037003.8510952,53.255
1780037003.8567002,53.255
1780037003.8626735,53.255
1780037003.8686802,54.0
1780037003.8748257,53.255
1780037003.8806615,53.255
1780037003.886232,53.254
1780037003.8917973,54.0
1780037003.8975198,53.255
1780037003.903449,53.255
1780037003.9095016,53.255
1780037003.9155757,53.255
1780037003.9215758,53.255
1780037003.9275336,53.254
1780037003.9335046,53.255
1780037003.9395154,53.255
1780037003.9455054,53.255
1780037003.9513378,54.0
1780037003.9574707,53.255
1780037003.9634767,53.255
1780037003.9694436,53.255
1780037003.9755175,53.255
1780037003.9815083,53.255
1780037003.987478,53.254
1780037003.9934437,53.255
1780037003.9989922,53.255
1780037004.0046096,53.255
1780037004.0102606,53.255
1780037004.0162528,53.255
1780037004.0222616,54.0
1780037004.0277596,53.255
1780037004.0331452,54.0
1780037004.0391326,53.255
1780037004.0450184,53.255
1780037004.0510058,53.255
1780037004.057077,53.255
1780037004.0630476,53.255
1780037004.0690556,53.254
1780037004.0751324,53.255
1780037004.08113,53.255
1780037004.0870955,53.255
1780037004.0931473,54.0
1780037004.099033,53.255
1780037004.1050358,53.255
1780037004.1111705,53.255
1780037004.117139,53.255
1780037004.1231508,53.255
1780037004.1291695,53.255
1780037004.134951,54.0
1780037004.1411586,53.255
1780037004.1470287,54.0
1780037004.1530063,53.255
1780037004.1592157,53.255
1780037004.1650558,53.255
1780037004.170555,53.255
1780037004.1759138,54.0
1780037004.1818812,53.255
1780037004.1878836,53.255
1780037004.1938412,53.255
1780037004.1999302,53.255
1780037004.2059476,54.0
1780037004.2118695,53.254
1780037004.217852,54.0
1780037004.2233875,54.0
1780037004.2288713,53.255
1780037004.2346232,53.255
1780037004.2407074,53.255
1780037004.2466493,53.255
1780037004.2526672,53.254
1780037004.2586617,54.0
1780037004.2642329,53.255
1780037004.2697024,53.255
1780037004.2754574,53.255
1780037004.281545,53.255
1780037004.2874262,53.255
1780037004.293416,53.255
1780037004.2994013,53.255
1780037004.3055558,53.255
1780037004.311437,53.255
1780037004.317523,54.0
1780037004.3235526,53.255
1780037004.3294916,53.255
1780037004.3354554,53.254
1780037004.3415654,53.255
1780037004.3474007,53.255
1780037004.3534558,53.255
1780037004.3594935,54.0
1780037004.3654406,53.255
1780037004.3710313,53.255
1780037004.3766208,53.255
1780037004.3822923,53.255
1780037004.3882487,53.255
1780037004.3938172,53.255
1780037004.3995266,54.0
1780037004.4053097,54.0
1780037004.4110997,53.255
1780037004.417134,53.255
1780037004.4230902,53.255
1780037004.429045,53.255
1780037004.4346697,53.255
1780037004.4403908,54.0
1780037004.4460192,53.255
1780037004.4517806,53.255
1780037004.4574914,53.254
1780037004.4631054,53.255
1780037004.4687173,53.255
1780037004.4747658,53.255
1780037004.480734,54.0
1780037004.4867423,53.255
1780037004.4926574,53.255
1780037004.4986606,53.254
1780037004.5046816,54.0
1780037004.5102103,54.0
1780037004.5157492,53.255
1780037004.5214365,54.0
1780037004.5275767,53.255
1780037004.5334125,54.0
1780037004.5395083,53.254
1780037004.5455284,53.255
1780037004.5514483,54.0
1780037004.5575562,53.255
1780037004.5635815,54.0
1780037004.5695863,54.0
1780037004.575549,53.255
1780037004.5813708,53.255
1780037004.5875072,53.255
1780037004.5934825,53.255
1780037004.5994337,53.255
1780037004.6053944,54.021
1780037004.6108289,54.01
1780037004.6163335,54.014
1780037004.6216276,54.009
1780037004.6268969,54.011
1780037004.6321578,54.011
1780037004.6377425,54.009
1780037004.6429849,54.014
1780037004.6485384,54.008
1780037004.653788,54.009
1780037004.6593437,54.008
1780037004.6645777,54.006
1780037004.6701362,54.008
1780037004.6753807,54.009
1780037004.6809425,54.013
1780037004.6861942,54.008
1780037004.691701,54.009
1780037004.69696,54.009
1780037004.7025006,54.008
1780037004.7077606,54.008
1780037004.7133543,54.012
1780037004.7187965,54.007
1780037004.7241533,54.008
1780037004.729592,54.007
1780037004.7349534,54.008
1780037004.740389,54.008
1780037004.7457662,54.009
1780037004.7512207,54.013
1780037004.7565491,54.008
1780037004.7617981,54.008
1780037004.7673533,54.009
1780037004.772597,54.008
1780037004.7781494,54.008
1780037004.7834167,54.008
1780037004.7891002,54.007
1780037004.7944365,54.008
1780037004.7997215,54.007
1780037004.8049805,54.009
1780037004.8105874,54.009
1780037004.8160152,54.008
1780037004.8213146,54.012
1780037004.8265736,54.006
1780037004.8320975,54.007
1780037004.837338,54.006
1780037004.8429472,54.007
1780037004.8483906,54.007
1780037004.8536892,54.007
1780037004.8589537,54.01
1780037004.8645473,54.007
1780037004.8699923,54.011
1780037004.875354,54.009
1780037004.8808124,54.008
1780037004.886105,54.013
1780037004.8915043,53.253
1780037004.897347,53.249
1780037004.9029946,53.25
1780037004.909169,53.253
1780037004.9151545,53.252
1780037004.9212556,53.253
1780037004.9269974,53.253
1780037004.9325979,53.253
1780037004.9382935,53.253
1780037004.9438982,53.253
1780037004.9498813,53.253
1780037004.955489,53.253
1780037004.9611278,53.253
1780037004.9668562,53.253
1780037004.9727378,53.253
1780037004.9787254,53.254
1780037004.984651,53.253
1780037004.9902575,53.253
1780037004.9962738,53.252
1780037005.0019102,53.253
1780037005.00757,53.253
1780037005.0135696,53.253
1780037005.0195122,53.253
1780037005.025479,53.253
1780037005.0314913,53.253
1780037005.0375395,53.253
1780037005.043553,53.253
1780037005.0495842,53.253
1780037005.0555484,53.252
1780037005.0617065,53.253
1780037005.0674567,53.253
1780037005.073541,53.253
1780037005.0795271,53.253
1780037005.085459,53.253
1780037005.0915294,53.253
1780037005.0976021,53.254
1780037005.103556,53.253
1780037005.1093397,53.253
1780037005.1150324,53.253
1780037005.1206965,53.254
1780037005.1263928,53.253
1780037005.1323006,53.253
1780037005.138297,53.253
1780037005.1442375,53.253
1780037005.150229,53.253
1780037005.1558585,53.252
1780037005.1615124,53.254
1780037005.1671329,53.254
1780037005.1730719,53.253
1780037005.179124,53.254
1780037005.1850672,53.253
1780037005.190688,53.253
1780037005.1966572,53.253
1780037005.2022645,53.254
1780037005.2078924,53.254
1780037005.2139716,53.253
1780037005.2199705,53.254
1780037005.2258675,53.254
1780037005.2313843,53.253
1780037005.2370677,53.253
1780037005.2428906,53.254
1780037005.2487369,53.253
1780037005.2547555,53.254
1780037005.2606654,53.254
1780037005.2667265,53.254
1780037005.272787,53.254
1780037005.2787676,53.253
1780037005.2847118,53.254
1780037005.2906954,53.254
1780037005.2968054,53.253
1780037005.3027246,53.254
1780037005.3085992,53.254
1780037005.3142698,53.254
1780037005.3202717,53.254
1780037005.3259604,53.253
1780037005.3316662,53.253
1780037005.3374941,53.253
1780037005.3434818,53.254
1780037005.3494966,53.254
1780037005.3554955,53.254
1780037005.3614848,53.254
1780037005.367469,53.254
1780037005.3734782,53.254
1780037005.3795652,53.254
1780037005.3856301,53.254
1780037005.391344,53.254
1780037005.3970394,53.253
1780037005.4026694,53.254
1780037005.408367,53.254
1780037005.4142456,53.254
1780037005.4202971,53.254
1780037005.4262462,53.254
1780037005.4318957,53.254
1780037005.4379053,53.253
1780037005.443477,53.254
1780037005.4491818,53.254
1780037005.4551313,53.254
1780037005.4611852,53.254
1780037005.467134,53.254
1780037005.4731262,53.254
1780037005.4791267,53.254
1780037005.4850261,53.254
1780037005.4907122,53.254
1780037005.4963515,53.254
1780037005.5018253,53.254
1780037005.5079153,53.254
1780037005.5139935,53.254
1780037005.5199943,53.254
1780037005.5259185,53.254
1780037005.5318754,53.254
1780037005.5379686,53.253
1780037005.5439794,53.254
1780037005.5498652,53.254
1780037005.555999,53.254
1780037005.561907,53.254
1780037005.56788,53.254
1780037005.5733905,53.254
1780037005.5790477,53.253
1780037005.5847545,53.254
1780037005.5907319,53.254
1780037005.5967908,53.254
1780037005.6026359,53.254
1780037005.6086528,53.254
1780037005.614775,53.254
1780037005.6207523,53.254
1780037005.6267476,53.254
1780037005.6326692,53.254
1780037005.6387055,53.253
1780037005.6446927,53.254
1780037005.6506946,53.254
1780037005.656733,53.254
1780037005.6627195,53.254
1780037005.6686292,53.254
1780037005.674736,53.254
1780037005.68076,53.254
1780037005.6866257,53.254
1780037005.6922605,53.254
1780037005.6979287,53.254
1780037005.7033987,53.255
1780037005.7095027,53.254
1780037005.7155657,53.254
1780037005.7215648,53.254
1780037005.727543,53.254
1780037005.733506,53.254
1780037005.7395136,53.253
1780037005.745552,53.254
1780037005.7514317,53.254
1780037005.7575843,53.254
1780037005.7635663,53.254
1780037005.76948,53.254
1780037005.7755315,53.254
1780037005.7815375,53.254
1780037005.787432,53.254
1780037005.7930698,53.254
1780037005.7987351,53.254
1780037005.8042352,53.254
1780037005.8104017,53.254
1780037005.8163235,53.254
1780037005.822314,53.255
1780037005.8283188,53.254
1780037005.8343596,53.255
1780037005.8403358,53.253
1780037005.8463347,53.255
1780037005.8522637,53.254
1780037005.8583994,53.254
1780037005.86439,53.255
1780037005.870253,53.254
1780037005.87635,53.254
1780037005.8823302,53.254
1780037005.8882828,53.254
1780037005.894388,53.254
1780037005.9002724,53.254
1780037005.906265,53.255
1780037005.9122553,53.254
1780037005.9182875,53.254
1780037005.924334,53.255
1780037005.9303217,53.254
1780037005.936245,53.254
1780037005.942293,53.254
1780037005.948262,53.255
1780037005.95387,53.254
1780037005.9595482,53.254
1780037005.9653003,53.255
1780037005.971168,53.254
1780037005.9772222,53.254
1780037005.9830906,53.254
1780037005.9891818,53.254
1780037005.99524,53.254
1780037006.0010839,53.254
1780037006.007124,53.255
1780037006.0131402,53.254
1780037006.019059,53.254
1780037006.0251977,53.255
1780037006.0311744,53.255
1780037006.0371592,53.254
1780037006.043226,53.254
1780037006.0491843,53.255
1780037006.0551977,53.255
1780037006.0611818,53.255
1780037006.0670674,53.255
1780037006.0731485,53.255
1780037006.0792446,53.254
1780037006.0850759,53.255
1780037006.0911968,53.255
1780037006.097156,53.255
1780037006.1031501,53.254
1780037006.1091535,53.255
1780037006.11512,53.255
1780037006.1211545,53.254
1780037006.127159,53.255
1780037006.1331182,53.254
1780037006.139202,53.255
1780037006.145144,53.254
1780037006.151137,53.254
1780037006.157251,53.255
1780037006.163029,53.255
1780037006.1686122,53.255
1780037006.1740844,53.255
1780037006.1799,53.255
1780037006.1859035,53.255
1780037006.1918662,53.254
1780037006.1978347,53.255
1780037006.203871,53.254
1780037006.2098815,53.255
1780037006.215421,53.255
1780037006.2210531,53.255
1780037006.2267652,53.255
1780037006.2327774,53.255
1780037006.2387738,53.255
1780037006.2447038,53.254
1780037006.2508276,53.255
1780037006.2566588,53.255
1780037006.2622204,53.254
1780037006.2678254,53.255
1780037006.2735753,53.254
1780037006.2795205,53.255
1780037006.285537,53.254
1780037006.291521,53.255
1780037006.2975056,53.255
1780037006.3035603,53.254
1780037006.3095934,53.255
1780037006.3155391,53.255
1780037006.3215997,53.255
1780037006.3276582,53.254
1780037006.3335252,53.255
1780037006.33954,53.255
1780037006.3456035,53.254
1780037006.3515356,53.255
1780037006.3575509,53.255
1780037006.363507,53.255
1780037006.3695683,53.255
1780037006.3756087,53.255
1780037006.3815606,53.255
1780037006.3874598,53.254
1780037006.3936338,53.255
1780037006.3996053,53.255
1780037006.4054976,53.255
1780037006.411356,53.255
1780037006.417561,53.255
1780037006.4234343,53.255
1780037006.4294736,53.255
1780037006.4356434,53.255
1780037006.4414434,53.255
1780037006.447494,53.254
1780037006.453626,53.255
1780037006.4594026,53.255
1780037006.465018,53.255
1780037006.4706206,53.255
1780037006.476397,53.255
1780037006.4823978,53.255
1780037006.4883995,53.254
1780037006.4943962,53.255
1780037006.50035,53.255
1780037006.5063367,53.255
1780037006.5124066,53.255
1780037006.518427,53.255
1780037006.5244236,53.255
1780037006.5302749,53.254
1780037006.5363448,53.255
1780037006.5423665,53.255
1780037006.5483284,53.255
1780037006.5538025,54.0
1780037006.5593631,53.255
1780037006.5651762,53.255
1780037006.5712566,53.255
1780037006.577168,53.255
1780037006.583224,53.255
1780037006.5891423,53.255
1780037006.5945423,53.255
1780037006.6001654,53.255
1780037006.605998,53.255
1780037006.6119545,53.255
1780037006.6178417,53.255
1780037006.623992,53.255
1780037006.6298983,53.255
1780037006.6354651,54.0
1780037006.641242,53.255
1780037006.646828,53.255
1780037006.652697,53.255
1780037006.6586604,53.255
1780037006.6646616,53.255
1780037006.6706524,53.255
1780037006.6767006,54.0
1780037006.6827111,53.255
1780037006.6887844,53.255
1780037006.6947658,53.255
1780037006.700722,53.255
1780037006.7067316,53.255
1780037006.7127645,53.255
1780037006.718777,53.255
1780037006.7247636,53.255
1780037006.7308211,53.255
1780037006.7367046,53.255
1780037006.7427938,53.255
1780037006.7487817,53.255
1780037006.7547767,54.0
1780037006.7608516,53.255
1780037006.766735,53.255
1780037006.772738,53.254
1780037006.7788436,53.255
1780037006.7846732,53.255
1780037006.7902591,53.255
1780037006.7957785,53.255
1780037006.8015695,53.255
1780037006.807676,53.255
1780037006.8136058,53.254
1780037006.8196437,53.255
1780037006.8257308,53.255
1780037006.831623,53.255
1780037006.8375638,53.255
1780037006.8435574,53.255
1780037006.8495095,53.255
1780037006.85549,53.254
1780037006.8614545,54.0
1780037006.8670175,53.255
1780037006.8728163,53.255
1780037006.8785896,54.0
1780037006.884277,53.255
1780037006.8904,53.255
1780037006.8962255,53.254
1780037006.9022324,54.0
1780037006.9079282,53.255
1780037006.9138832,53.255
1780037006.9196475,53.255
1780037006.925248,53.255
1780037006.931108,53.255
1780037006.9371023,53.254
1780037006.943083,53.255
1780037006.9490545,53.255
1780037006.9552205,53.255
1780037006.961125,54.0
1780037006.967173,53.255
1780037006.9732163,53.255
1780037006.979185,53.255
1780037006.9851446,53.255
1780037006.9911332,54.0
1780037006.997161,53.254
1780037007.0031786,53.255
1780037007.0091908,54.0
1780037007.0151513,53.255
1780037007.021214,54.0
1780037007.0272567,53.255
1780037007.0331147,53.255
1780037007.039143,53.255
1780037007.045118,54.0
1780037007.0511053,53.255
1780037007.0571492,53.255
1780037007.0631874,54.0
1780037007.0691223,53.255
1780037007.0751376,53.255
1780037007.0811157,53.255
1780037007.0872202,53.255
1780037007.0931985,53.255
1780037007.0992134,53.254
1780037007.1052835,54.0
1780037007.1110723,53.255
1780037007.117236,53.255
1780037007.1232536,54.0
1780037007.129134,54.0
1780037007.1351078,53.255
1780037007.1411016,53.255
1780037007.1470792,54.0
1780037007.1526196,53.255
1780037007.1582565,54.0
1780037007.1640134,54.0
1780037007.1699107,53.255
1780037007.1759071,54.0
1780037007.181885,53.255
1780037007.1878645,54.0
1780037007.1938992,53.255
1780037007.1999044,53.255
1780037007.2059042,54.0
1780037007.211892,54.0
1780037007.2179742,53.255
1780037007.2239177,53.255
1780037007.229963,54.0
1780037007.2358987,53.255
1780037007.2419198,53.254
1780037007.248038,54.0
1780037007.253856,53.255
1780037007.2594352,53.255
1780037007.2650025,53.255
1780037007.2708044,53.255
1780037007.2767322,53.255
1780037007.2826908,53.254
1780037007.2888196,54.0
1780037007.2946858,53.255
1780037007.300701,53.255
1780037007.3067572,53.255
1780037007.3127644,54.0
1780037007.3187587,53.255
1780037007.3247662,53.255
1780037007.33076,53.255
1780037007.3367352,54.0
1780037007.3428178,53.255
1780037007.3485875,54.0
1780037007.3548374,53.255
1780037007.3607316,53.255
1780037007.3667834,54.0
1780037007.3727934,54.0
1780037007.3788135,53.255
1780037007.384719,53.254
1780037007.3906894,54.0
1780037007.3968384,53.255
1780037007.4027193,53.255
1780037007.4088032,54.0
1780037007.414829,53.255
1780037007.4207153,53.255
1780037007.4267771,53.255
1780037007.4327683,54.0
1780037007.4387133,54.0
1780037007.444763,53.255
1780037007.4507632,54.0
1780037007.4567037,54.0
1780037007.462755,53.255
