timestamp,gpu_power_w
1780037167.0358963,53.25
1780037167.0411916,54.002
1780037167.0465133,54.01
1780037167.0518627,53.255
1780037167.0572934,53.25
1780037167.0626595,53.255
1780037167.0680833,53.254
1780037167.0734677,54.012
1780037167.0789077,54.01
1780037167.0842483,54.007
1780037167.0897756,54.009
1780037167.0950694,54.009
1780037167.10051,54.009
1780037167.1058452,54.007
1780037167.1113052,54.005
1780037167.1166596,54.008
1780037167.1221,54.011
1780037167.1274567,54.007
1780037167.1329157,54.009
1780037167.138225,54.009
1780037167.143501,54.009
1780037167.1490424,54.006
1780037167.1545002,54.007
1780037167.1598446,54.008
1780037167.1651082,54.009
1780037167.1706116,54.007
1780037167.175931,54.006
1780037167.1814525,54.009
1780037167.1869035,54.008
1780037167.192248,54.007
1780037167.1976972,54.007
1780037167.2030554,54.008
1780037167.2085001,54.009
1780037167.2138164,54.007
1780037167.2190814,54.006
1780037167.224687,54.008
1780037167.2301278,54.006
1780037167.2354634,54.008
1780037167.2409139,54.006
1780037167.2462602,54.008
1780037167.2517025,54.008
1780037167.2570584,54.007
1780037167.2625017,54.006
1780037167.2678664,54.008
1780037167.2733119,54.007
1780037167.278657,54.007
1780037167.2841156,54.005
1780037167.2894533,54.005
1780037167.2949045,54.009
1780037167.3002453,54.007
1780037167.3055089,54.006
1780037167.3110647,54.007
1780037167.3165054,54.007
1780037167.321859,54.007
1780037167.327334,54.006
1780037167.332634,54.007
1780037167.3378975,54.008
1780037167.3434467,54.006
1780037167.3488915,54.0
1780037167.3542926,54.008
1780037167.3597345,54.007
1780037167.365045,54.007
1780037167.3704998,54.005
1780037167.375846,54.007
1780037167.3813028,54.008
1780037167.3868506,53.247
1780037167.3930104,53.246
1780037167.3988767,53.251
1780037167.4048839,53.25
1780037167.4107573,53.25
1780037167.4167733,53.25
1780037167.4223087,53.25
1780037167.427871,53.25
1780037167.4336157,53.25
1780037167.4395874,53.25
1780037167.4456499,53.25
1780037167.4516263,53.25
1780037167.45756,53.249
1780037167.463564,53.25
1780037167.4696314,53.25
1780037167.475689,53.25
1780037167.4815521,53.25
1780037167.4871373,53.25
1780037167.492877,53.251
1780037167.498619,53.25
1780037167.504489,53.25
1780037167.5103147,53.25
1780037167.5159273,53.25
1780037167.521527,53.25
1780037167.5272298,53.25
1780037167.5332668,53.251
1780037167.5392392,53.251
1780037167.545284,53.25
1780037167.5512416,53.251
1780037167.5571768,53.251
1780037167.5631144,53.25
1780037167.569202,53.251
1780037167.5752501,53.251
1780037167.581185,53.25
1780037167.5871449,53.251
1780037167.5932264,53.251
1780037167.5992794,53.251
1780037167.605105,53.251
1780037167.611179,53.251
1780037167.6171856,53.251
1780037167.6232452,53.251
1780037167.6292906,53.251
1780037167.6351898,53.251
1780037167.6412466,53.251
1780037167.647256,53.251
1780037167.6531782,53.25
1780037167.6592174,53.251
1780037167.665275,53.251
1780037167.6712208,53.251
1780037167.6771557,53.251
1780037167.6832135,53.251
1780037167.689246,53.251
1780037167.6952455,53.251
1780037167.7012155,53.251
1780037167.707174,53.251
1780037167.7132487,53.251
1780037167.7192128,53.251
1780037167.725292,53.251
1780037167.7312405,53.251
1780037167.7372458,53.251
1780037167.7432442,53.251
1780037167.7492464,53.252
1780037167.7552166,53.251
1780037167.7612312,53.251
1780037167.7672555,53.252
1780037167.773142,53.252
1780037167.779184,53.251
1780037167.7852325,53.251
1780037167.791262,53.251
1780037167.797265,53.252
1780037167.8031998,53.251
1780037167.809258,53.252
1780037167.8152506,53.252
1780037167.8212395,53.252
1780037167.8271728,53.251
1780037167.833187,53.251
1780037167.8392267,53.252
1780037167.8451548,53.251
1780037167.8511453,53.251
1780037167.8572462,53.252
1780037167.863269,53.251
1780037167.8691154,53.252
1780037167.8751726,53.252
1780037167.881258,53.252
1780037167.8872771,53.252
1780037167.8932827,53.252
1780037167.899179,53.252
1780037167.9052515,53.252
1780037167.9111688,53.252
1780037167.9172444,53.251
1780037167.9231672,53.252
1780037167.9287727,53.252
1780037167.9346154,53.252
1780037167.9402432,53.252
1780037167.9459107,53.252
1780037167.9520366,53.252
1780037167.9581158,53.252
1780037167.9640043,53.252
1780037167.9699736,53.252
1780037167.9761183,53.252
1780037167.981987,53.251
1780037167.9881372,53.252
1780037167.994021,53.252
1780037168.00001,53.252
1780037168.0060601,53.252
1780037168.0119505,53.252
1780037168.0180337,53.252
1780037168.0240781,53.252
1780037168.030086,53.252
1780037168.0360098,53.252
1780037168.0419896,53.252
1780037168.0480294,53.252
1780037168.0540411,53.252
1780037168.0599597,53.252
1780037168.0659988,53.252
1780037168.0720358,53.252
1780037168.078016,53.252
1780037168.0840669,53.253
1780037168.0900416,53.252
1780037168.0960622,53.252
1780037168.101853,53.252
1780037168.1079478,53.252
1780037168.113952,53.252
1780037168.120093,53.252
1780037168.1259968,53.252
1780037168.1319394,53.253
1780037168.1380844,53.252
1780037168.143985,53.253
1780037168.1500835,53.253
1780037168.1560647,53.252
1780037168.1620057,53.253
1780037168.1680841,53.253
1780037168.1739967,53.252
1780037168.179995,53.252
1780037168.1860065,53.253
1780037168.1921144,53.252
1780037168.197978,53.253
1780037168.2035522,53.253
1780037168.2091956,53.252
1780037168.2148209,53.253
1780037168.2207909,53.253
1780037168.2268188,53.252
1780037168.2329364,53.253
1780037168.2388759,53.253
1780037168.2447994,53.252
1780037168.250786,53.253
1780037168.2568953,53.253
1780037168.2628639,53.253
1780037168.2687297,53.252
1780037168.2748632,53.253
1780037168.2808156,53.253
1780037168.2869956,53.253
1780037168.29283,53.253
1780037168.2988122,53.253
1780037168.3047867,53.253
1780037168.3107677,53.252
1780037168.316843,53.253
1780037168.322847,53.253
1780037168.328849,53.253
1780037168.3347633,53.253
1780037168.3403084,53.253
1780037168.3459144,53.253
1780037168.3516245,53.253
1780037168.3574953,53.253
1780037168.3636806,53.253
1780037168.3696008,53.253
1780037168.3755746,53.253
1780037168.3814478,53.253
1780037168.3876219,53.253
1780037168.393669,53.253
1780037168.3994777,53.253
1780037168.4051301,53.253
1780037168.4107573,53.253
1780037168.4164598,53.253
1780037168.422483,53.253
1780037168.4284067,53.253
1780037168.4344385,53.253
1780037168.4404614,53.253
1780037168.4464393,53.253
1780037168.4524114,53.253
1780037168.458422,53.253
1780037168.4644616,53.253
1780037168.4704394,53.253
1780037168.4763694,53.253
1780037168.4824073,53.253
1780037168.4884498,53.253
1780037168.4943855,53.253
1780037168.5003214,53.253
1780037168.5059228,53.253
1780037168.511626,53.253
1780037168.5172567,53.253
1780037168.523223,53.253
1780037168.5292745,53.253
1780037168.535229,53.253
1780037168.5412045,53.253
1780037168.5472438,53.254
1780037168.5532405,53.253
1780037168.5592625,53.253
1780037168.565133,53.253
1780037168.5707223,53.253
1780037168.5764194,53.253
1780037168.582073,53.254
1780037168.5879965,53.253
1780037168.5939867,53.253
1780037168.6000443,53.253
1780037168.6060302,53.254
1780037168.6119466,53.254
1780037168.6180398,53.253
1780037168.6240423,53.254
1780037168.629963,53.253
1780037168.6359205,53.254
1780037168.6420233,53.254
1780037168.6481507,53.254
1780037168.6539133,53.253
1780037168.66001,53.253
1780037168.6660025,53.253
1780037168.6720219,53.254
1780037168.6778893,53.254
1780037168.6835682,53.254
1780037168.6892462,53.253
1780037168.6948345,53.253
1780037168.7007396,53.254
1780037168.7063015,53.253
1780037168.7119067,53.254
1780037168.7177181,53.254
1780037168.723549,53.253
1780037168.7291303,53.254
1780037168.7348228,53.254
1780037168.740293,53.253
1780037168.746439,53.254
1780037168.7523966,53.254
1780037168.7584875,53.253
1780037168.7643993,53.254
1780037168.770492,53.254
1780037168.77643,53.254
1780037168.7824667,53.254
1780037168.7884073,53.253
1780037168.7944353,53.254
1780037168.800446,53.254
1780037168.8063974,53.253
1780037168.812373,53.254
1780037168.8184493,53.254
1780037168.8244436,53.253
1780037168.830415,53.254
1780037168.8359694,53.254
1780037168.8416452,53.254
1780037168.8474061,53.254
1780037168.853118,53.254
1780037168.8587754,53.254
1780037168.8643928,53.254
1780037168.869951,53.254
1780037168.8760712,53.254
1780037168.8819761,53.254
1780037168.8881052,53.254
1780037168.8942995,53.254
1780037168.899923,53.254
1780037168.9060206,53.254
1780037168.9121184,53.254
1780037168.9180064,53.254
1780037168.9240065,53.254
1780037168.9300678,53.254
1780037168.9360178,53.254
1780037168.9419978,53.254
1780037168.9480073,53.254
1780037168.9541068,53.254
1780037168.9599493,53.254
1780037168.9659998,53.254
1780037168.9719715,53.254
1780037168.9781003,53.254
1780037168.9840727,53.254
1780037168.9900143,53.254
1780037168.9961088,53.254
1780037169.0019605,53.254
1780037169.0079887,53.254
1780037169.0140169,53.254
1780037169.020107,53.254
1780037169.0258985,53.254
1780037169.0315456,53.254
1780037169.0371175,53.253
1780037169.042881,53.254
1780037169.048844,53.254
1780037169.054766,53.254
1780037169.0609465,53.254
1780037169.0668454,53.254
1780037169.0728357,53.254
1780037169.0789154,53.254
1780037169.0849266,53.254
1780037169.0906963,53.254
1780037169.0963495,53.254
1780037169.101921,53.254
1780037169.1076422,53.254
1780037169.1136897,53.254
1780037169.119604,53.254
1780037169.1257024,53.254
1780037169.1314867,53.254
1780037169.1375742,53.254
1780037169.1435885,53.254
1780037169.149696,53.254
1780037169.155579,53.254
1780037169.1615899,53.254
1780037169.1676311,53.254
1780037169.1736963,53.254
1780037169.179696,53.254
1780037169.1855931,53.254
1780037169.1917078,53.254
1780037169.197542,53.254
1780037169.2035284,53.254
1780037169.2096436,53.254
1780037169.2156563,53.254
1780037169.2215328,53.255
1780037169.227141,53.254
1780037169.2327857,53.254
1780037169.2384982,53.254
1780037169.2444513,53.254
1780037169.2504435,53.254
1780037169.2565432,53.254
1780037169.2623565,53.255
1780037169.2679274,53.254
1780037169.2734072,53.254
1780037169.279281,53.254
1780037169.2852695,53.254
1780037169.2912405,53.254
1780037169.2972386,53.254
1780037169.3032572,53.254
1780037169.309351,53.254
1780037169.3152192,53.254
1780037169.321275,53.254
1780037169.327259,53.254
1780037169.3331907,53.253
1780037169.3392248,53.254
1780037169.3453305,53.254
1780037169.3511062,53.254
1780037169.3572388,53.254
1780037169.3632257,53.254
1780037169.3692858,53.254
1780037169.3752296,53.254
1780037169.3812582,53.254
1780037169.3872845,53.254
1780037169.3931394,53.254
1780037169.3991559,53.254
1780037169.4052353,53.254
1780037169.411329,53.254
1780037169.4171002,53.254
1780037169.42322,53.254
1780037169.4292295,53.254
1780037169.4352436,53.254
1780037169.4411054,53.254
1780037169.447248,53.255
1780037169.453273,53.254
1780037169.4592156,53.254
1780037169.4647174,53.255
1780037169.4700632,53.254
1780037169.4761178,53.255
1780037169.4820154,53.254
1780037169.4880018,53.254
1780037169.4940221,53.254
1780037169.5000234,53.254
1780037169.5059438,53.254
1780037169.5121393,53.254
1780037169.5180357,53.254
1780037169.5240307,53.254
1780037169.5300326,53.255
1780037169.5360205,53.255
1780037169.5421379,53.254
1780037169.5480132,53.254
1780037169.5540047,53.254
1780037169.56001,53.255
1780037169.5659876,53.254
1780037169.5720332,53.255
1780037169.5780556,53.254
1780037169.5840945,53.255
1780037169.5899231,53.255
1780037169.595537,53.255
1780037169.6012416,53.255
1780037169.6068366,53.254
1780037169.6127918,53.254
1780037169.6183934,53.254
1780037169.6240392,53.255
1780037169.6296675,53.255
1780037169.6356173,53.255
1780037169.641649,53.255
1780037169.6477053,53.255
1780037169.6535757,53.255
1780037169.659648,53.254
1780037169.6655803,53.254
1780037169.6717257,53.255
1780037169.6775858,53.254
1780037169.683664,53.255
1780037169.689604,53.255
1780037169.695617,53.255
1780037169.7015429,53.255
1780037169.7076747,53.255
1780037169.7136238,53.254
1780037169.7195807,53.254
1780037169.7256925,53.255
1780037169.7315698,53.254
1780037169.7376435,53.255
1780037169.7436583,53.255
1780037169.74967,53.255
1780037169.755566,53.254
1780037169.7611883,53.254
1780037169.7668736,53.255
1780037169.772622,53.255
1780037169.7783353,53.255
1780037169.784412,53.255
1780037169.7904677,53.254
1780037169.7964065,53.254
1780037169.8024266,53.255
1780037169.8085408,53.255
1780037169.8144715,53.254
1780037169.8203578,53.255
1780037169.826494,53.254
1780037169.832464,53.255
1780037169.8385675,53.255
1780037169.8444133,53.255
1780037169.850469,53.255
1780037169.8563607,53.254
1780037169.8618877,53.255
1780037169.867261,53.255
1780037169.873274,53.255
1780037169.8792212,53.255
1780037169.8852372,53.255
1780037169.891239,53.255
1780037169.8972366,53.254
1780037169.9031374,53.255
1780037169.908785,53.255
1780037169.9145155,53.255
1780037169.920119,53.255
1780037169.925988,53.255
1780037169.9320261,53.255
1780037169.9381504,53.255
1780037169.9442506,53.255
1780037169.9500268,53.255
1780037169.9560735,53.255
1780037169.9619553,53.254
1780037169.968093,53.255
1780037169.974036,53.255
1780037169.9801416,53.255
1780037169.9859636,53.255
1780037169.9914713,53.255
1780037169.996979,53.255
1780037170.00295,53.255
1780037170.0087855,53.255
1780037170.014894,53.255
1780037170.0207303,53.255
1780037170.0267823,53.255
1780037170.0327582,54.0
1780037170.039015,53.255
1780037170.0447648,53.255
1780037170.050403,53.255
1780037170.0560386,53.255
1780037170.0616236,53.254
1780037170.0675857,53.255
1780037170.0737576,53.255
1780037170.0796788,53.255
1780037170.085641,53.255
1780037170.0916889,53.255
1780037170.0976286,53.255
1780037170.1037657,53.255
1780037170.109584,53.255
1780037170.1157553,53.255
1780037170.1216607,53.255
1780037170.127678,53.254
1780037170.133607,53.255
1780037170.1397812,53.255
1780037170.1455615,53.255
1780037170.1511936,53.255
1780037170.156822,53.255
1780037170.1624582,53.255
1780037170.1683476,53.255
1780037170.1739898,53.255
1780037170.1797154,53.255
1780037170.1852324,53.255
1780037170.191166,53.255
1780037170.1972346,53.255
1780037170.2032979,53.255
1780037170.2092407,53.255
1780037170.2152343,53.255
1780037170.2212412,53.255
1780037170.2271786,53.254
1780037170.2332954,53.255
1780037170.2392523,53.255
1780037170.245306,53.255
1780037170.2512476,53.255
1780037170.2572958,53.255
1780037170.2632642,53.255
1780037170.2692041,53.255
1780037170.2752752,53.255
1780037170.2812617,53.255
1780037170.2872381,53.255
1780037170.2932312,53.255
1780037170.2991977,53.255
1780037170.305325,53.255
1780037170.311254,53.255
1780037170.3172734,53.255
1780037170.3231401,53.255
1780037170.3292432,53.255
1780037170.3352213,53.255
1780037170.3412898,53.255
1780037170.3471227,53.255
1780037170.3527675,53.255
1780037170.3584337,53.255
1780037170.3641589,54.0
1780037170.370008,53.255
1780037170.3761115,53.255
1780037170.3820796,53.255
1780037170.388012,53.255
1780037170.3935132,53.255
1780037170.399106,53.255
1780037170.404929,53.255
1780037170.4108453,53.255
1780037170.4163918,54.0
1780037170.422021,53.255
1780037170.4276156,53.254
1780037170.4336345,54.0
1780037170.4392462,54.0
1780037170.4450736,53.255
1780037170.4506807,53.255
1780037170.4564826,53.255
1780037170.462443,53.255
1780037170.4685185,53.255
1780037170.4743986,53.255
1780037170.4804838,53.255
1780037170.4863358,53.255
1780037170.492504,53.254
1780037170.4984598,53.255
1780037170.50455,53.255
1780037170.5104344,53.255
1780037170.5164182,53.255
1780037170.5224857,53.255
1780037170.528388,53.255
1780037170.5344677,53.255
1780037170.5405054,54.0
1780037170.546529,53.255
1780037170.5523698,53.255
1780037170.5579438,53.255
1780037170.563525,54.0
1780037170.5692704,53.255
1780037170.5752642,54.0
1780037170.5813553,53.255
1780037170.5872133,53.255
1780037170.5927582,53.254
1780037170.5982602,53.255
1780037170.6041703,53.255
1780037170.609983,53.255
1780037170.6155734,53.255
1780037170.6211746,53.255
1780037170.6268873,53.255
1780037170.6327689,54.0
1780037170.6384096,54.0
1780037170.6441538,53.255
1780037170.649687,53.255
1780037170.655639,54.0
1780037170.661724,54.0
1780037170.6677506,54.0
1780037170.6736803,54.0
1780037170.6797035,53.255
1780037170.6856785,53.255
1780037170.6916695,53.255
1780037170.6976306,54.0
1780037170.7037368,53.255
1780037170.7095616,53.255
1780037170.7156358,53.255
1780037170.721626,53.255
1780037170.7276018,53.255
1780037170.733677,53.255
1780037170.739657,54.0
1780037170.7457318,54.0
1780037170.7515907,53.255
1780037170.7575607,53.255
1780037170.7637355,53.255
1780037170.7695286,53.255
1780037170.7752228,54.0
1780037170.7808661,53.255
1780037170.7865298,53.255
1780037170.7923553,53.255
1780037170.7984421,53.255
1780037170.8044903,53.255
1780037170.810432,53.255
1780037170.8159878,53.255
1780037170.8216367,53.255
1780037170.8272443,53.255
1780037170.83326,53.255
1780037170.8388312,53.255
1780037170.8446932,53.255
1780037170.850249,54.0
1780037170.8560743,54.0
1780037170.8621259,54.0
1780037170.8681462,53.255
1780037170.8740146,53.255
1780037170.8801024,53.255
1780037170.885951,54.0
1780037170.8915548,53.255
1780037170.8970652,54.0
1780037170.9029202,53.255
1780037170.9087374,53.255
1780037170.9143968,54.0
1780037170.9200025,54.0
1780037170.9256532,53.255
1780037170.9316225,53.255
1780037170.9377449,53.255
1780037170.9437191,54.0
1780037170.9496617,54.0
1780037170.9556422,53.255
1780037170.9616392,53.255
1780037170.9677496,53.255
1780037170.9736285,53.255
1780037170.9796832,53.255
1780037170.9855292,53.255
1780037170.991173,53.255
1780037170.9968202,53.255
1780037171.0026,53.255
1780037171.0083427,53.255
1780037171.0139933,53.255
1780037171.0196104,53.255
1780037171.0252566,53.255
1780037171.0311656,53.255
1780037171.0368066,54.0
1780037171.042691,54.0
1780037171.0482528,53.255
1780037171.054026,54.0
1780037171.0601022,54.0
1780037171.0661736,54.0
1780037171.0720863,54.0
1780037171.0781455,53.255
1780037171.0839372,53.255
1780037171.0899851,53.255
1780037171.096037,54.0
1780037171.1021335,53.255
1780037171.1079974,53.255
1780037171.1136024,53.255
1780037171.1192458,54.0
1780037171.124839,53.255
1780037171.1308548,54.0
1780037171.136442,53.255
1780037171.142326,53.255
1780037171.147893,53.255
1780037171.1536572,53.255
1780037171.159668,54.0
1780037171.1657898,53.255
1780037171.171632,53.255
1780037171.1777864,54.0
1780037171.183556,53.255
1780037171.1891444,54.0
1780037171.194514,54.0
1780037171.2005472,54.0
1780037171.206391,54.0
1780037171.212019,53.255
1780037171.2176626,53.255
1780037171.2232475,53.254
1780037171.2292578,53.255
1780037171.2353115,54.0
1780037171.241265,54.0
1780037171.247169,53.255
1780037171.253281,54.0
1780037171.2592678,54.0
1780037171.2652695,53.255
1780037171.2713099,53.255
1780037171.277282,54.0
1780037171.2832673,54.0
1780037171.2892609,54.0
1780037171.295249,54.0
1780037171.3013813,54.0
1780037171.307245,53.255
1780037171.3133502,53.255
1780037171.3192165,53.255
1780037171.3247643,53.255
1780037171.3303156,54.0
1780037171.3361502,53.255
1780037171.3420336,53.255
1780037171.3476148,54.0
1780037171.3532634,53.255
1780037171.3589404,54.0
1780037171.3648946,54.0
1780037171.3708596,53.255
1780037171.3768737,54.0
1780037171.3828278,53.255
1780037171.388781,54.0
1780037171.3942747,54.0
1780037171.3998542,54.0
1780037171.40571,54.0
1780037171.4117937,53.255
1780037171.417598,53.255
1780037171.4231682,53.254
1780037171.4287622,54.0
1780037171.4345226,54.0
1780037171.4404898,53.255
1780037171.446495,54.0
1780037171.4524128,54.0
1780037171.4584665,54.0
1780037171.4644713,54.0
1780037171.4705868,53.255
1780037171.476399,53.255
1780037171.482001,54.0
1780037171.4876893,53.255
1780037171.493421,54.0
1780037171.4992337,53.255
1780037171.505251,54.0
1780037171.511271,53.255
1780037171.5171874,54.0
1780037171.5232332,53.255
1780037171.5292869,53.255
1780037171.5352025,54.0
1780037171.5413477,53.255
1780037171.5472655,53.255
1780037171.5531406,53.255
1780037171.5592666,54.0
1780037171.5647664,54.0
1780037171.5705218,54.0
1780037171.5761755,53.255
1780037171.5821083,54.0
1780037171.5880253,53.255
1780037171.5938518,54.004
1780037171.5990543,54.013
1780037171.6047451,54.002
1780037171.6101594,54.009
1780037171.615579,54.012
1780037171.6210036,54.01
1780037171.6263175,54.014
1780037171.6317697,54.012
1780037171.63713,54.012
1780037171.642588,54.012
1780037171.6479204,54.013
1780037171.653366,54.012
1780037171.658725,54.01
1780037171.664165,54.011
1780037171.669481,54.013
1780037171.674748,54.011
1780037171.6803226,54.011
1780037171.6857946,54.005
1780037171.6912527,54.013
1780037171.6966105,54.011
1780037171.7019334,54.01
1780037171.707375,54.011
1780037171.7127168,54.013
1780037171.7181702,54.011
1780037171.723522,54.011
1780037171.7289908,54.011
1780037171.7342768,54.011
1780037171.7395487,54.007
1780037171.7451165,54.011
1780037171.7505755,54.01
1780037171.7558837,54.013
1780037171.761152,54.011
1780037171.7667167,54.011
1780037171.7721703,54.011
1780037171.7775207,54.011
1780037171.7829723,54.011
1780037171.7883153,54.009
1780037171.7937644,54.008
1780037171.7991104,54.012
1780037171.8045664,54.011
1780037171.8099205,54.011
1780037171.8153622,54.011
1780037171.8207157,54.011
1780037171.8261683,54.01
1780037171.8315208,54.009
1780037171.8369672,54.01
1780037171.8423145,54.012
1780037171.8477676,54.01
1780037171.8533616,54.001
1780037171.8593194,54.011
1780037171.864608,54.01
1780037171.869882,54.009
1780037171.8751545,54.009
1780037171.8807142,54.009
1780037171.8861675,54.011
1780037171.8914802,54.008
1780037171.8967426,54.008
1780037171.9023273,54.009
1780037171.9077935,54.005
1780037171.9132829,54.009
1780037171.918612,54.008
1780037171.923928,54.009
1780037171.9293675,54.011
1780037171.9348674,53.25
1780037171.9411159,53.248
1780037171.9469967,53.252
1780037171.9529145,53.252
1780037171.9589362,53.253
1780037171.9649868,53.252
1780037171.9708416,53.252
1780037171.97683,53.252
1780037171.9824305,53.252
1780037171.9881752,53.252
1780037171.9937778,53.253
1780037171.9996188,53.252
1780037172.0052295,53.252
1780037172.0107653,53.252
1780037172.0165675,53.253
1780037172.0224473,53.252
1780037172.0284462,53.252
1780037172.0344784,53.252
1780037172.0404491,53.253
1780037172.046417,53.252
1780037172.0524964,53.252
1780037172.0585093,53.252
1780037172.064401,53.253
1780037172.0705044,53.252
1780037172.076428,53.252
1780037172.0825343,53.253
1780037172.0884752,53.253
1780037172.0943801,53.253
1780037172.0999649,53.252
1780037172.105642,53.253
1780037172.1112797,53.252
1780037172.1171722,53.253
1780037172.1232526,53.253
1780037172.1293242,53.253
1780037172.1352208,53.253
1780037172.1412866,53.253
1780037172.1472168,53.252
1780037172.1533206,53.252
1780037172.1592638,53.253
1780037172.1652045,53.253
1780037172.171314,53.253
1780037172.1772907,53.253
1780037172.1832662,53.253
1780037172.189249,53.253
1780037172.195249,53.253
1780037172.2007785,53.253
1780037172.2063844,53.253
1780037172.2121766,53.253
1780037172.2180598,53.253
1780037172.224105,53.253
1780037172.2300754,53.253
1780037172.2360268,53.252
1780037172.2420619,53.253
1780037172.2480886,53.253
1780037172.254173,53.253
1780037172.2600434,53.253
1780037172.2660623,53.253
1780037172.2720118,53.253
1780037172.2782304,53.253
1780037172.2839608,53.253
1780037172.2900996,53.253
1780037172.2960773,53.253
1780037172.3020413,53.252
1780037172.3082151,53.253
1780037172.314034,53.253
1780037172.3201106,53.253
1780037172.3262167,53.253
1780037172.3320217,53.253
1780037172.3380167,53.253
1780037172.3440883,53.253
1780037172.350132,53.253
1780037172.3560567,53.253
1780037172.3616,53.253
1780037172.367266,53.252
1780037172.3730557,53.253
1780037172.3789544,53.253
1780037172.3848453,53.253
1780037172.3909545,53.253
1780037172.396859,53.253
1780037172.4029317,53.254
1780037172.4089088,53.253
1780037172.4149458,53.253
1780037172.4208899,53.253
1780037172.4268358,53.253
1780037172.4323692,53.252
1780037172.4379106,53.253
1780037172.4437475,53.253
1780037172.4495413,53.253
1780037172.4552455,53.253
1780037172.460807,53.253
1780037172.4664416,53.253
1780037172.4725857,53.253
1780037172.4785252,53.253
1780037172.484473,53.253
1780037172.4904714,53.253
1780037172.496452,53.254
1780037172.5024393,53.254
1780037172.508532,53.253
1780037172.5145147,53.253
1780037172.5204437,53.254
1780037172.5260136,53.253
1780037172.531644,53.253
1780037172.537367,53.254
1780037172.543271,53.253
1780037172.5492353,53.254
1780037172.5553296,53.253
1780037172.5612552,53.254
1780037172.5673442,53.253
1780037172.5732493,53.253
1780037172.5792365,53.254
1780037172.5853393,53.253
1780037172.5912616,53.254
1780037172.5972662,53.253
1780037172.6032734,53.253
1780037172.6092842,53.254
1780037172.6152363,53.254
1780037172.6212642,53.254
1780037172.627322,53.254
1780037172.633355,53.254
1780037172.6392577,53.254
1780037172.6452723,53.253
1780037172.651344,53.254
1780037172.6572723,53.253
1780037172.663264,53.253
1780037172.6692224,53.254
1780037172.6753235,53.254
1780037172.681274,53.254
1780037172.6872118,53.254
1780037172.6933298,53.254
1780037172.6992571,53.254
1780037172.7054546,53.254
1780037172.71131,53.254
1780037172.7173324,53.253
1780037172.7232883,53.254
1780037172.7293265,53.253
1780037172.7352638,53.254
1780037172.7412753,53.254
1780037172.7473187,53.254
1780037172.7532463,53.254
1780037172.7588239,53.254
1780037172.7644882,53.254
1780037172.7702389,53.254
1780037172.7759323,53.254
1780037172.781629,53.254
1780037172.7872355,53.254
1780037172.7928867,53.254
1780037172.7982948,53.254
1780037172.8039072,53.254
1780037172.8097212,53.254
1780037172.8157294,53.254
1780037172.8216283,53.254
1780037172.8276386,53.254
1780037172.8336916,53.254
1780037172.839771,53.254
1780037172.8455791,53.254
1780037172.85163,53.254
1780037172.8576293,53.254
1780037172.8637006,53.254
1780037172.8697672,53.254
1780037172.8756478,53.254
1780037172.8817134,53.254
1780037172.887631,53.254
1780037172.8936794,53.253
1780037172.8996046,53.254
1780037172.905238,53.254
1780037172.9109302,53.254
1780037172.916546,53.254
1780037172.922475,53.254
1780037172.9284973,53.254
1780037172.9345806,53.254
1780037172.9404745,53.254
1780037172.9464393,53.254
1780037172.952506,53.254
1780037172.9585118,53.253
1780037172.9644585,53.254
1780037172.970505,53.254
1780037172.9765182,53.254
1780037172.982489,53.254
1780037172.9884384,53.254
1780037172.9940321,53.254
1780037172.9996774,53.254
1780037173.0052745,53.254
1780037173.0112553,53.254
1780037173.0173452,53.254
1780037173.0232246,53.254
1780037173.0292437,53.254
1780037173.0352411,53.254
1780037173.0413747,53.254
1780037173.0473318,53.254
1780037173.053226,53.254
1780037173.059326,53.254
1780037173.0653315,53.254
1780037173.0712972,53.254
1780037173.0772448,53.254
1780037173.083363,53.254
1780037173.0892377,53.254
1780037173.0953324,53.254
1780037173.1012182,53.254
1780037173.10734,53.254
1780037173.1133459,53.254
1780037173.1191928,53.254
1780037173.1247945,53.254
1780037173.130408,53.254
1780037173.1361375,53.254
1780037173.142068,53.254
1780037173.147628,53.254
1780037173.153251,53.254
1780037173.1589,53.254
1780037173.1648586,53.254
1780037173.1709075,53.254
1780037173.1769662,53.254
1780037173.1828034,53.254
1780037173.1883469,53.255
1780037173.193753,53.254
1780037173.1997209,53.254
1780037173.2057264,53.254
1780037173.2116542,53.254
1780037173.2177446,53.255
1780037173.22369,53.254
1780037173.2297657,53.254
1780037173.2356162,53.254
1780037173.2412558,53.254
1780037173.247131,53.254
1780037173.2527483,53.254
1780037173.2584686,53.255
1780037173.2640762,53.254
1780037173.2700107,53.254
1780037173.2756112,53.254
1780037173.2812605,53.254
1780037173.2868097,53.255
1780037173.2923818,53.254
1780037173.2981513,53.254
1780037173.3041182,53.254
1780037173.3101437,53.254
1780037173.3159938,53.255
1780037173.3221202,53.254
1780037173.3280869,53.255
1780037173.3342228,53.254
1780037173.3399532,53.254
1780037173.3460784,53.254
1780037173.3521223,53.254
1780037173.3581176,53.255
1780037173.364168,53.254
1780037173.3700619,53.255
1780037173.3761668,53.254
1780037173.3819504,53.254
1780037173.3881614,53.254
1780037173.394009,53.254
1780037173.400169,53.254
1780037173.4060857,53.254
1780037173.412037,53.254
1780037173.418114,53.254
1780037173.4241369,53.255
1780037173.4301293,53.254
1780037173.4360983,53.254
1780037173.442167,53.254
1780037173.4479685,53.255
1780037173.4540968,53.254
1780037173.4600575,53.254
1780037173.4661987,53.254
1780037173.4721584,53.254
1780037173.4780507,53.255
1780037173.4841154,53.255
1780037173.4901192,53.255
1780037173.4961803,53.255
1780037173.5020967,53.255
1780037173.5082166,53.255
1780037173.513971,53.254
1780037173.5201073,53.254
1780037173.5260365,53.255
1780037173.5321484,53.255
1780037173.53819,53.255
1780037173.544036,53.254
1780037173.5501552,53.255
1780037173.5561402,53.255
1780037173.562173,53.255
1780037173.5680754,53.255
1780037173.574127,53.255
1780037173.5800624,53.255
1780037173.5861292,53.254
1780037173.5921223,53.254
1780037173.5981116,53.254
1780037173.6041243,53.255
1780037173.6100092,53.254
1780037173.6160998,53.255
1780037173.62214,53.255
1780037173.6282303,53.255
1780037173.6340544,53.255
1780037173.6401727,53.255
1780037173.6460872,53.254
1780037173.652071,53.254
1780037173.658017,53.255
1780037173.6641428,53.255
1780037173.6701658,53.255
1780037173.6760297,53.254
1780037173.6821253,53.255
1780037173.6881216,53.255
1780037173.6942408,53.255
1780037173.7000663,53.255
1780037173.706145,53.254
1780037173.7119925,53.254
1780037173.7175834,53.254
1780037173.7232282,53.255
1780037173.7289746,53.255
1780037173.7349324,53.254
1780037173.7408164,53.255
1780037173.7463245,53.255
1780037173.751852,53.254
1780037173.7577913,53.254
1780037173.7635942,53.255
1780037173.7691853,53.255
1780037173.7748976,53.255
1780037173.7804196,53.255
1780037173.7865252,53.255
1780037173.7924895,53.255
1780037173.7985528,53.255
1780037173.8044155,53.255
1780037173.809996,53.255
1780037173.815692,53.255
1780037173.821285,53.255
1780037173.8273191,53.255
1780037173.8334177,53.255
1780037173.8392975,53.255
1780037173.845288,53.255
1780037173.8513298,53.255
1780037173.8573287,53.254
1780037173.86339,53.255
1780037173.8692174,53.255
1780037173.875287,53.255
1780037173.8812528,53.255
1780037173.8873868,53.255
1780037173.8932743,53.255
1780037173.8993092,53.255
1780037173.9053206,53.255
1780037173.9112408,53.255
1780037173.9173133,53.255
1780037173.923279,53.255
1780037173.92935,53.255
1780037173.935242,53.255
1780037173.9413607,53.254
1780037173.9472325,53.255
1780037173.953405,53.255
1780037173.9592545,53.255
1780037173.9653053,53.255
1780037173.9711893,53.255
1780037173.9772682,53.255
1780037173.983259,53.255
1780037173.989401,53.255
1780037173.9953787,53.255
1780037174.0013134,53.255
1780037174.0073733,53.255
1780037174.0132577,53.255
1780037174.0192878,53.255
1780037174.0253434,53.255
1780037174.031338,53.255
1780037174.037239,53.255
1780037174.0428183,53.255
1780037174.048365,53.255
1780037174.0542133,53.255
1780037174.0599644,53.255
1780037174.06562,53.255
1780037174.0712554,53.255
1780037174.0767815,53.255
1780037174.0824206,53.255
1780037174.0880146,53.255
1780037174.093744,53.255
1780037174.0997553,53.255
1780037174.1056256,53.255
1780037174.1116903,53.255
1780037174.1177616,53.255
1780037174.123685,53.255
1780037174.1296976,53.255
1780037174.1357424,53.255
1780037174.1416147,53.255
1780037174.1475816,53.254
1780037174.1537063,53.255
1780037174.1597908,53.255
1780037174.1656296,53.255
1780037174.171672,53.255
1780037174.1777167,53.255
1780037174.1837778,54.0
1780037174.1896074,53.255
1780037174.195257,53.255
1780037174.2009542,53.255
1780037174.2064962,53.255
1780037174.2125425,53.254
1780037174.2184744,53.255
1780037174.2245634,53.255
1780037174.2304745,53.255
1780037174.2360396,53.255
1780037174.2416809,53.255
1780037174.2472808,53.255
1780037174.253238,53.255
1780037174.2588427,53.255
1780037174.2648118,53.255
1780037174.2703838,53.255
1780037174.2760627,53.255
1780037174.2816005,54.0
1780037174.2872615,53.255
1780037174.2928216,53.255
1780037174.299009,53.255
1780037174.3049078,53.255
1780037174.3108683,53.255
1780037174.3168268,54.0
1780037174.32248,53.255
1780037174.3283658,53.255
1780037174.333961,53.255
1780037174.3396165,53.255
1780037174.345232,53.254
1780037174.3508604,53.255
1780037174.3565283,53.255
1780037174.3625507,53.255
1780037174.368519,53.255
1780037174.374472,53.255
1780037174.3804624,54.0
1780037174.3865488,53.255
1780037174.3925314,53.255
1780037174.3984962,53.255
1780037174.40449,53.255
1780037174.4105341,54.0
1780037174.4165447,54.0
1780037174.4224875,53.255
1780037174.428539,53.255
1780037174.434504,53.255
1780037174.4404674,53.255
1780037174.4465425,53.255
1780037174.4525716,53.255
1780037174.458504,53.255
1780037174.4644861,53.255
1780037174.47059,53.255
1780037174.4764497,53.255
1780037174.482384,53.255
1780037174.4885397,53.255
1780037174.494554,53.255
1780037174.50048,53.255
1780037174.506046,53.255
1780037174.51166,53.255
1780037174.517421,53.255
1780037174.5232427,53.255
1780037174.5288522,53.255
1780037174.534533,53.255
1780037174.540104,53.255
1780037174.5457842,53.255
1780037174.551635,54.0
1780037174.5574052,53.255
1780037174.5630236,54.0
1780037174.568917,53.255
1780037174.5749416,54.0
1780037174.580948,53.255
1780037174.5869606,53.255
1780037174.593024,53.255
1780037174.5989952,54.0
1780037174.6049137,54.0
1780037174.6109548,53.255
1780037174.6169271,53.255
1780037174.6229908,54.0
1780037174.6288345,53.255
1780037174.6350045,53.255
1780037174.6409633,53.255
1780037174.6469488,54.0
1780037174.6528807,53.255
1780037174.658961,53.255
1780037174.6648147,53.255
1780037174.6709027,53.255
1780037174.676927,53.255
1780037174.6830347,53.255
1780037174.6887977,54.0
1780037174.694498,53.255
1780037174.7003803,53.255
1780037174.7059503,53.255
1780037174.7115865,53.254
1780037174.7177434,53.255
1780037174.723783,53.255
1780037174.7297175,53.255
1780037174.7357175,53.255
1780037174.7417035,53.255
1780037174.7471716,54.0
1780037174.752788,54.0
1780037174.758552,54.0
1780037174.7645931,53.255
1780037174.7704186,53.255
1780037174.7765903,53.255
1780037174.78255,53.255
1780037174.788587,53.255
1780037174.7945037,53.255
1780037174.8005698,53.255
1780037174.8064475,54.0
1780037174.812636,53.255
1780037174.8185177,53.255
1780037174.8245587,53.255
1780037174.8304644,53.255
1780037174.8360887,54.0
1780037174.841714,53.255
1780037174.8474464,54.0
1780037174.8531823,53.255
1780037174.8588793,53.255
1780037174.8648114,53.255
1780037174.870391,53.255
1780037174.8759925,53.254
1780037174.8821363,54.0
1780037174.8881602,53.255
1780037174.8940794,53.255
1780037174.900093,53.255
1780037174.9061453,53.255
1780037174.9121568,54.0
1780037174.918153,53.255
1780037174.9241471,54.0
1780037174.9300954,53.255
1780037174.936054,53.255
1780037174.9421933,53.255
1780037174.948232,54.0
1780037174.953984,53.255
1780037174.9601755,53.255
1780037174.9662223,53.255
1780037174.9721117,54.0
1780037174.9781744,54.0
1780037174.9841485,53.255
1780037174.9901648,54.0
1780037174.9961584,54.0
1780037175.0021598,53.255
1780037175.0081012,53.255
1780037175.0142336,53.255
1780037175.020114,53.255
1780037175.0261755,53.255
1780037175.032039,53.255
1780037175.038061,53.255
1780037175.0436423,53.255
1780037175.0492558,53.255
1780037175.0549064,54.0
1780037175.0609267,54.0
1780037175.0670285,53.255
1780037175.0728912,54.0
1780037175.0788329,54.0
1780037175.0849946,54.0
1780037175.0909357,54.0
1780037175.0968857,54.0
1780037175.1024654,54.0
1780037175.108104,53.255
1780037175.1137736,53.255
1780037175.1196914,54.0
1780037175.1252697,53.255
1780037175.131159,53.255
1780037175.1366575,54.0
1780037175.1425316,54.0
1780037175.148537,53.255
1780037175.1545672,53.255
1780037175.1604667,54.0
1780037175.1665788,53.255
1780037175.1724644,54.0
1780037175.1784875,53.255
1780037175.1846056,54.0
1780037175.1905468,53.255
1780037175.1965103,54.0
1780037175.2025137,53.255
1780037175.2085083,53.255
1780037175.2145975,54.0
1780037175.220543,53.255
1780037175.226572,53.255
1780037175.232402,53.255
1780037175.2380526,54.0
1780037175.2437828,54.0
1780037175.2495434,54.0
1780037175.255389,54.0
1780037175.2613158,54.0
1780037175.267442,53.255
1780037175.2733305,53.254
1780037175.27924,54.0
1780037175.2854092,53.255
1780037175.2913814,54.0
1780037175.2972665,53.255
1780037175.3028085,53.255
1780037175.3085387,53.255
1780037175.314142,54.0
1780037175.3201659,53.255
1780037175.3261974,53.255
1780037175.3322542,54.0
1780037175.3381083,54.0
1780037175.344054,54.0
1780037175.349528,53.255
1780037175.3551598,54.0
1780037175.360922,54.0
1780037175.3669553,53.255
1780037175.3729324,53.255
1780037175.3788633,53.255
1780037175.3850136,53.255
1780037175.3909664,53.255
1780037175.3968766,54.0
1780037175.4024165,54.0
1780037175.4081535,54.0
1780037175.4137704,54.0
1780037175.419704,53.255
1780037175.425777,54.0
1780037175.4317365,53.255
1780037175.4377222,54.0
1780037175.4436488,54.0
1780037175.449778,53.255
1780037175.4556503,53.255
1780037175.4616983,54.0
1780037175.467705,53.255
1780037175.4736931,53.255
1780037175.4796178,54.0
1780037175.485797,53.255
1780037175.4916706,54.0
1780037175.4977274,53.255
1780037175.5037577,54.0
1780037175.5098066,54.0
1780037175.5156386,53.255
1780037175.521274,53.255
1780037175.5269754,54.0
1780037175.5325391,53.255
1780037175.538531,53.255
1780037175.5441034,54.0
1780037175.5499973,54.0
1780037175.555597,54.0
1780037175.5613678,54.0
1780037175.5672925,54.0
1780037175.5732827,53.254
1780037175.5792654,53.255
1780037175.5854366,54.0
1780037175.5912595,54.0
1780037175.5968819,53.255
1780037175.6024861,53.255
1780037175.6081676,54.0
1780037175.6140711,53.255
1780037175.619684,53.255
1780037175.6253946,53.255
1780037175.630959,53.255
1780037175.6369333,54.0
1780037175.6429641,54.0
1780037175.6490355,53.255
1780037175.6548827,53.255
1780037175.6610317,54.0
1780037175.666867,54.0
1780037175.6724286,53.255
1780037175.6779401,53.255
1780037175.683786,53.255
1780037175.689636,54.0
1780037175.6957517,53.255
1780037175.7017221,54.0
1780037175.7077296,54.0
1780037175.7137437,54.0
1780037175.71977,54.0
1780037175.7257109,54.0
1780037175.731654,54.0
1780037175.737728,53.255
1780037175.7437704,54.0
1780037175.7496192,53.255
1780037175.7552624,54.0
1780037175.7609346,54.0
1780037175.7664738,53.255
1780037175.7720432,53.254
1780037175.7776105,54.0
1780037175.7833853,53.255
1780037175.7893116,54.0
1780037175.7953742,53.255
1780037175.8012931,53.255
1780037175.8072724,54.0
1780037175.8133013,54.0
1780037175.8193784,53.255
1780037175.8252382,53.255
1780037175.8308706,53.255
1780037175.8365223,53.255
1780037175.8422458,54.0
1780037175.8480506,54.0
1780037175.853707,54.0
1780037175.8595393,54.0
1780037175.8650844,54.0
1780037175.870907,54.0
1780037175.8764944,53.255
1780037175.882214,54.0
1780037175.8877914,54.0
1780037175.893773,54.0
1780037175.8997965,54.0
1780037175.905749,53.255
1780037175.911704,54.0
1780037175.9177945,54.0
1780037175.923652,54.0
1780037175.9292624,53.255
1780037175.9348726,53.255
1780037175.9405437,53.255
1780037175.9464989,53.255
1780037175.95251,54.0
1780037175.9586227,54.0
1780037175.9644341,54.0
1780037175.9705434,53.255
1780037175.976597,53.255
1780037175.9825997,53.255
1780037175.9885583,53.255
1780037175.994597,54.0
1780037176.000544,54.0
1780037176.006544,54.0
1780037176.0125308,54.0
1780037176.0185769,53.255
1780037176.0244672,53.255
1780037176.0305727,54.0
1780037176.0364761,54.0
1780037176.0424109,54.0
1780037176.048086,53.255
1780037176.0538144,53.255
1780037176.059332,53.255
1780037176.0652797,53.255
1780037176.0713665,53.255
1780037176.077422,53.255
1780037176.0833588,53.255
1780037176.089417,54.0
1780037176.095394,53.255
1780037176.1012912,54.0
1780037176.1069033,54.0
1780037176.1125345,54.0
1780037176.1181989,53.255
1780037176.1241367,54.0
1780037176.130171,53.255
1780037176.1361225,54.0
1780037176.1420648,54.022
1780037176.14746,54.012
1780037176.1527824,54.014
1780037176.1582592,54.012
1780037176.163592,54.012
1780037176.169041,54.012
1780037176.1743908,54.013
1780037176.1798348,54.011
1780037176.185198,54.01
1780037176.190642,54.008
1780037176.1959856,54.014
1780037176.201446,54.011
1780037176.2067766,54.012
1780037176.2122316,54.011
1780037176.2175434,54.012
1780037176.222809,54.012
1780037176.2283957,54.01
1780037176.2338421,54.011
1780037176.2391732,54.012
1780037176.2444441,54.01
1780037176.2499824,54.011
1780037176.2554371,54.011
1780037176.2607737,54.011
1780037176.2660406,54.012
1780037176.2716196,54.01
1780037176.2770658,54.011
1780037176.2824116,54.012
1780037176.2878554,54.011
1780037176.2932167,54.009
1780037176.2986586,54.009
1780037176.3039916,54.01
1780037176.3094466,54.012
1780037176.314811,54.009
1780037176.3202713,54.011
1780037176.3257542,54.011
1780037176.3310997,54.011
1780037176.3364162,54.008
1780037176.341863,54.009
1780037176.3471942,54.01
1780037176.3526413,54.012
1780037176.3579957,54.006
1780037176.3634357,54.009
1780037176.3688192,54.012
1780037176.3742635,54.01
1780037176.3796217,54.008
1780037176.385066,54.009
1780037176.3903964,54.01
1780037176.3958576,54.011
1780037176.4012132,54.009
1780037176.4066658,54.01
1780037176.4121284,54.005
1780037176.4174829,54.011
1780037176.4228005,54.008
1780037176.4282446,54.009
1780037176.433603,54.009
1780037176.4390945,54.011
1780037176.444418,54.008
1780037176.4499075,54.01
1780037176.4553733,54.011
1780037176.460692,54.01
1780037176.4659934,54.008
1780037176.4714413,54.007
1780037176.4770951,53.246
1780037176.4829335,53.248
1780037176.4889288,53.253
1780037176.4950533,53.252
1780037176.5009005,53.252
1780037176.5068846,53.252
1780037176.5129085,53.252
1780037176.5190072,53.252
1780037176.5248718,53.252
1780037176.5308964,53.252
1780037176.5369372,53.252
1780037176.54292,53.253
1780037176.54833,53.253
1780037176.5539565,53.253
1780037176.559793,53.252
1780037176.5657487,53.252
1780037176.5716891,53.252
1780037176.577722,53.252
1780037176.5837092,53.252
1780037176.5897977,53.252
1780037176.5956962,53.252
1780037176.6016922,53.253
1780037176.6077745,53.253
1780037176.613727,53.253
1780037176.6198297,53.252
1780037176.6257102,53.253
1780037176.6317647,53.253
1780037176.6377974,53.253
1780037176.6436994,53.252
1780037176.6496992,53.253
1780037176.6558144,53.253
1780037176.6617844,53.253
1780037176.6676893,53.253
1780037176.6732535,53.253
1780037176.6789956,53.253
1780037176.6847742,53.253
1780037176.6905787,53.253
1780037176.6964827,53.253
1780037176.7020762,53.252
1780037176.7076705,53.252
1780037176.7134156,53.253
1780037176.7192616,53.253
1780037176.7253377,53.253
1780037176.7314448,53.253
1780037176.7373235,53.253
1780037176.743276,53.253
1780037176.7492661,53.253
1780037176.7553422,53.253
1780037176.7613835,53.253
1780037176.7672455,53.253
1780037176.772867,53.253
1780037176.7782195,53.253
1780037176.7841978,53.253
1780037176.7899966,53.253
1780037176.796147,53.253
1780037176.802265,53.253
1780037176.8080847,53.253
1780037176.8142507,53.253
1780037176.820082,53.253
1780037176.8256567,53.253
1780037176.8313155,53.253
1780037176.8369622,53.253
1780037176.8429046,53.253
1780037176.849005,53.253
1780037176.8550346,53.253
1780037176.8608587,53.253
1780037176.8669178,53.253
1780037176.872943,53.253
1780037176.879034,53.253
1780037176.8849833,53.253
1780037176.8909264,53.253
1780037176.8969994,53.253
1780037176.9030192,53.253
1780037176.9090395,53.253
1780037176.9149866,53.253
1780037176.9209454,53.253
1780037176.926989,53.253
1780037176.932935,53.253
1780037176.938911,53.253
1780037176.944944,53.253
1780037176.9509702,53.253
1780037176.9568932,53.253
1780037176.9624853,53.253
1780037176.9680939,53.253
1780037176.9737458,53.253
1780037176.9798174,53.253
1780037176.9857104,53.254
1780037176.9918118,53.253
1780037176.997764,53.254
1780037177.0037153,53.253
1780037177.0097027,53.254
1780037177.0157943,53.253
1780037177.0217829,53.253
1780037177.027636,53.253
1780037177.0337584,53.254
1780037177.039765,53.254
1780037177.0457406,53.253
1780037177.0517483,53.254
1780037177.0577173,53.253
1780037177.0637667,53.254
1780037177.0697668,53.253
1780037177.0757065,53.254
1780037177.081861,53.254
1780037177.0878088,53.254
1780037177.0936937,53.253
1780037177.0992708,53.253
1780037177.1049263,53.254
1780037177.1106448,53.253
1780037177.1165535,53.254
1780037177.1224616,53.254
1780037177.1280198,53.253
1780037177.1336522,53.254
1780037177.139341,53.254
1780037177.145307,53.254
1780037177.1508973,53.253
1780037177.1566012,53.254
1780037177.162074,53.254
1780037177.1682007,53.253
1780037177.1741657,53.254
1780037177.1802385,53.254
1780037177.1862338,53.254
1780037177.1921196,53.254
1780037177.1982522,53.254
1780037177.2042115,53.254
1780037177.2101998,53.254
1780037177.2160938,53.254
1780037177.2222161,53.254
1780037177.2282205,53.254
1780037177.2341185,53.253
1780037177.2402046,53.254
1780037177.246163,53.254
1780037177.2522163,53.254
1780037177.2581172,53.254
1780037177.2641766,53.254
1780037177.2702127,53.254
1780037177.2762206,53.254
1780037177.2821438,53.254
1780037177.2881346,53.254
1780037177.2941868,53.254
1780037177.3001428,53.253
1780037177.3060708,53.254
1780037177.3122427,53.254
1780037177.3182514,53.254
1780037177.3240724,53.254
1780037177.3300757,53.254
1780037177.3356998,53.254
1780037177.3412824,53.254
1780037177.3470201,53.254
1780037177.3528647,53.254
1780037177.3589928,53.254
1780037177.3649704,53.254
1780037177.3709896,53.254
1780037177.376928,53.254
1780037177.383065,53.254
1780037177.3889647,53.254
1780037177.3949878,53.254
1780037177.4009342,53.254
1780037177.4069607,53.254
1780037177.4129949,53.254
1780037177.418934,53.254
1780037177.4248931,53.254
1780037177.430902,53.254
1780037177.4364223,53.254
1780037177.4420953,53.254
1780037177.447749,53.254
1780037177.4538496,53.254
1780037177.4596329,53.254
1780037177.4652407,53.254
1780037177.4708776,53.254
1780037177.47673,53.254
1780037177.4826133,53.254
1780037177.4884362,53.254
1780037177.4940467,53.254
1780037177.4997313,53.254
1780037177.505452,53.254
1780037177.5113044,53.254
1780037177.5174074,53.254
1780037177.5234118,53.254
1780037177.529384,53.254
1780037177.5352604,53.255
1780037177.5413468,53.254
1780037177.547368,53.254
1780037177.553321,53.254
1780037177.5592597,53.254
1780037177.5653424,53.254
1780037177.5714557,53.254
1780037177.5772731,53.254
1780037177.583379,53.254
1780037177.5894186,53.254
1780037177.5953405,53.254
1780037177.6012402,53.255
1780037177.6069064,53.254
1780037177.61257,53.254
1780037177.618178,53.254
1780037177.624094,53.254
1780037177.6301618,53.254
1780037177.6362348,53.254
1780037177.6421657,53.254
1780037177.648154,53.255
1780037177.654258,53.254
1780037177.6600726,53.254
1780037177.6662676,53.255
1780037177.6721606,53.254
1780037177.6782324,53.254
1780037177.6841938,53.254
1780037177.6900995,53.254
1780037177.696245,53.254
1780037177.7022378,53.254
1780037177.7081778,53.254
1780037177.7141716,53.254
1780037177.720235,53.254
1780037177.7261586,53.255
1780037177.7322476,53.255
1780037177.738186,53.254
1780037177.7441704,53.254
1780037177.7502215,53.254
1780037177.7560713,53.254
1780037177.761634,53.254
1780037177.7671854,53.254
1780037177.7730186,53.254
1780037177.7789361,53.254
1780037177.784513,53.254
1780037177.7901142,53.254
1780037177.7957416,53.254
1780037177.8016691,53.255
1780037177.8078508,53.255
1780037177.8138316,53.255
1780037177.8197176,53.254
1780037177.8257556,53.254
1780037177.8316543,53.255
1780037177.8378086,53.254
1780037177.8436828,53.254
1780037177.8492746,53.254
1780037177.8549113,53.254
1780037177.8605218,53.254
1780037177.8666167,53.254
1780037177.8725612,53.254
1780037177.878636,53.255
1780037177.8845649,53.255
1780037177.8904822,53.254
1780037177.8965917,53.255
1780037177.9026718,53.255
1780037177.9084196,53.254
1780037177.9140902,53.255
1780037177.9196987,53.255
1780037177.9253995,53.255
1780037177.9314642,53.254
1780037177.9373114,53.254
1780037177.943411,53.255
1780037177.9494236,53.255
1780037177.9552734,53.255
1780037177.960858,53.254
1780037177.966445,53.254
1780037177.9722373,53.254
1780037177.978083,53.254
1780037177.9836679,53.255
1780037177.9892704,53.254
1780037177.9949274,53.254
1780037178.0009413,53.255
1780037178.0069795,53.254
1780037178.012993,53.255
1780037178.018913,53.255
1780037178.0245104,53.255
1780037178.029815,53.255
1780037178.0358028,53.254
1780037178.0416462,53.254
1780037178.0477226,53.255
1780037178.0537703,53.254
1780037178.0597763,53.254
1780037178.065622,53.255
1780037178.0719695,53.255
1780037178.0777802,53.254
1780037178.0836873,53.254
1780037178.0897012,53.255
1780037178.0956647,53.255
1780037178.1018672,53.255
1780037178.107678,53.254
1780037178.113263,53.255
1780037178.1188715,53.255
1780037178.1245081,53.254
1780037178.130656,53.255
1780037178.1365619,53.255
1780037178.1426744,53.255
1780037178.148533,53.255
1780037178.1544864,53.254
1780037178.1605554,53.255
1780037178.166705,53.255
1780037178.1724358,53.255
1780037178.178573,53.254
1780037178.1846123,53.254
1780037178.190531,53.254
1780037178.1965406,53.255
1780037178.2026222,53.255
1780037178.20858,53.255
1780037178.214518,53.255
1780037178.2200775,53.255
1780037178.225594,53.255
1780037178.2314343,53.255
1780037178.2374244,53.255
1780037178.2433238,53.255
1780037178.2494285,53.255
1780037178.2552862,53.255
1780037178.261397,53.255
1780037178.2674167,53.255
1780037178.2733865,53.255
1780037178.2793055,53.255
1780037178.2848907,53.255
1780037178.2905343,53.254
1780037178.2962594,53.255
1780037178.302248,53.255
1780037178.3081748,53.255
1780037178.314204,53.255
1780037178.3201013,53.255
1780037178.3263707,53.255
1780037178.3321464,53.255
1780037178.3382673,53.255
1780037178.3440328,53.255
1780037178.3501644,53.255
1780037178.3561852,53.254
1780037178.3622391,53.255
1780037178.3682165,53.255
1780037178.3742495,53.255
1780037178.380247,53.255
1780037178.3861923,53.255
1780037178.3921976,53.255
1780037178.3982234,53.255
1780037178.4042192,53.255
1780037178.4100885,53.255
1780037178.4161057,53.255
1780037178.4221716,53.254
1780037178.4282243,53.255
1780037178.434142,53.255
1780037178.4397364,53.255
1780037178.445417,53.255
1780037178.4509943,53.255
1780037178.4569018,53.255
1780037178.4630616,53.255
1780037178.4689813,53.255
1780037178.474926,53.255
1780037178.4805143,53.255
1780037178.4862118,53.255
1780037178.4919386,53.255
1780037178.4976785,53.255
1780037178.50384,53.255
1780037178.5098622,53.255
1780037178.5157645,53.255
1780037178.5216875,53.254
1780037178.5272815,53.255
1780037178.533023,53.255
1780037178.5386357,53.255
1780037178.5445724,53.255
1780037178.5505493,53.255
1780037178.5565972,53.255
1780037178.562606,53.255
1780037178.5686057,53.255
1780037178.5746627,53.255
1780037178.5805738,53.255
1780037178.586501,53.255
1780037178.5925813,53.255
1780037178.5986178,53.255
1780037178.6045587,53.255
1780037178.6105316,53.255
1780037178.6165843,53.255
1780037178.6225152,53.255
1780037178.628577,53.255
1780037178.634562,53.255
1780037178.64062,53.255
1780037178.6466153,53.255
1780037178.652564,53.255
1780037178.6581345,53.255
1780037178.6640294,53.255
1780037178.669634,53.255
1780037178.6753685,53.255
1780037178.6814601,53.255
1780037178.6873302,53.254
1780037178.6933608,53.255
1780037178.69938,53.255
1780037178.7054179,53.255
1780037178.711276,53.255
1780037178.716866,53.255
1780037178.7226143,53.255
1780037178.728241,53.255
1780037178.7341392,53.255
1780037178.7402244,53.255
1780037178.7462633,53.255
1780037178.7522037,53.254
1780037178.7581925,53.255
1780037178.7642326,53.255
1780037178.7702014,53.255
1780037178.7761378,53.255
1780037178.7822783,53.255
1780037178.7882485,53.255
1780037178.7942436,53.255
1780037178.800181,53.255
1780037178.8062766,53.255
1780037178.8120952,53.255
1780037178.817621,53.255
1780037178.823013,53.255
1780037178.8290694,53.255
1780037178.8350203,53.255
1780037178.8409579,53.255
1780037178.8470469,53.255
1780037178.853001,53.255
1780037178.8589494,53.255
1780037178.8650138,53.255
1780037178.8709872,53.255
1780037178.876984,53.255
1780037178.8829687,53.255
1780037178.8889685,53.255
1780037178.8950553,53.255
1780037178.900936,53.255
1780037178.9065459,53.255
1780037178.9124143,53.255
1780037178.917964,53.254
1780037178.9237843,53.255
1780037178.929784,53.255
1780037178.9358552,53.255
1780037178.9416678,53.255
1780037178.947763,53.255
1780037178.9537897,54.0
1780037178.9599116,53.255
1780037178.9657624,54.0
1780037178.971822,54.0
1780037178.9777863,53.255
1780037178.983715,53.254
1780037178.9897726,53.255
1780037178.995922,54.0
1780037179.0017095,53.255
1780037179.007323,53.255
1780037179.0129342,53.255
1780037179.0185575,53.255
1780037179.0245132,53.255
1780037179.0306687,53.255
1780037179.0366344,54.0
1780037179.0425925,53.255
1780037179.0486288,54.0
1780037179.0546632,54.0
1780037179.0606923,53.255
1780037179.066607,53.255
1780037179.0726178,53.255
1780037179.078464,53.255
1780037179.0840883,53.254
1780037179.089743,53.255
1780037179.0954688,53.255
1780037179.101356,53.255
1780037179.1073146,53.255
1780037179.1133807,53.255
1780037179.119411,53.255
1780037179.1252463,53.255
1780037179.1314332,53.255
1780037179.1374018,53.255
1780037179.1433353,53.255
1780037179.1493046,54.0
1780037179.1553874,54.0
1780037179.1614141,54.0
1780037179.1673813,54.0
1780037179.1733875,53.255
1780037179.1793954,53.255
1780037179.1853569,54.0
1780037179.1914027,53.255
1780037179.1974282,53.255
1780037179.2033737,53.255
1780037179.2093222,53.255
1780037179.2152643,53.255
1780037179.220774,53.255
1780037179.2263796,54.0
1780037179.2321954,53.255
1780037179.2382863,53.255
1780037179.2441216,53.255
1780037179.2496903,53.255
1780037179.2552335,53.255
1780037179.2610376,53.255
1780037179.266909,53.255
1780037179.27253,53.255
1780037179.2781563,53.255
1780037179.2837968,53.255
1780037179.28969,53.255
1780037179.2953165,53.255
1780037179.3010316,54.0
1780037179.3065784,54.0
1780037179.312129,54.0
1780037179.3177147,54.0
1780037179.3234606,53.255
1780037179.3293312,54.0
1780037179.3349469,53.255
1780037179.3406165,54.0
1780037179.3462203,53.255
1780037179.352126,54.0
1780037179.3582563,54.0
1780037179.3642242,53.255
1780037179.370214,53.255
1780037179.376165,53.255
1780037179.3821797,53.255
1780037179.388255,53.255
1780037179.394138,53.255
1780037179.400241,53.255
1780037179.4062533,53.255
1780037179.4121,54.0
1780037179.4177346,53.255
1780037179.423328,53.255
1780037179.4290278,53.255
1780037179.4349644,53.255
1780037179.4410272,53.255
1780037179.4469483,54.0
1780037179.4528518,54.0
1780037179.4585178,54.0
1780037179.4642327,53.255
1780037179.469818,54.0
1780037179.4757576,53.255
1780037179.4818256,53.255
1780037179.4878287,53.255
1780037179.4937415,54.0
1780037179.499347,54.0
1780037179.505016,54.0
1780037179.510544,53.255
1780037179.5160756,53.255
1780037179.5216475,54.0
1780037179.5274472,54.0
1780037179.533386,53.255
1780037179.5389352,53.255
1780037179.544572,54.0
1780037179.5502462,54.0
1780037179.5561733,53.255
1780037179.562279,53.255
1780037179.5682337,53.255
1780037179.574082,54.0
1780037179.5796993,54.0
1780037179.5851479,54.0
1780037179.5910478,54.0
1780037179.5969338,54.0
1780037179.6030786,53.255
1780037179.6088786,54.0
1780037179.615006,53.254
1780037179.6209445,53.255
1780037179.627051,54.0
1780037179.6329412,53.255
1780037179.6389666,54.0
1780037179.6450403,54.0
1780037179.6510642,54.0
1780037179.656969,54.0
1780037179.6630461,53.255
1780037179.6690025,53.255
1780037179.674954,53.255
1780037179.6809554,53.255
1780037179.6871116,53.255
1780037179.692878,53.255
1780037179.6985323,53.255
1780037179.7041843,53.255
1780037179.7097545,53.255
1780037179.715705,54.0
1780037179.7218022,54.0
1780037179.7278638,53.255
1780037179.7337503,53.255
1780037179.7393148,53.255
1780037179.744992,54.0
1780037179.7507668,54.0
1780037179.7566137,53.255
1780037179.76259,54.0
1780037179.768622,53.255
1780037179.7745168,54.0
1780037179.7800407,53.255
1780037179.7856197,54.0
1780037179.7914526,53.255
1780037179.797405,54.0
1780037179.8035197,54.0
1780037179.809288,53.255
1780037179.8149111,53.255
1780037179.8204494,54.0
1780037179.8262491,54.0
1780037179.832121,54.0
1780037179.8377378,53.255
1780037179.8433619,54.0
1780037179.8490357,54.0
1780037179.8549547,54.0
1780037179.861104,54.0
1780037179.8670444,53.255
1780037179.8728776,54.0
1780037179.8789794,54.0
1780037179.8850412,53.255
1780037179.8910124,54.0
1780037179.8970327,54.0
1780037179.9030664,53.255
1780037179.9089305,53.255
1780037179.9149177,54.0
1780037179.9209893,54.0
1780037179.9270725,54.0
1780037179.9330106,54.0
1780037179.9390087,53.255
1780037179.944964,54.0
1780037179.9510226,54.0
1780037179.9569693,54.0
1780037179.9630985,53.255
1780037179.9689054,53.255
1780037179.9745429,54.0
1780037179.980143,53.255
1780037179.9859514,54.0
1780037179.991745,54.0
1780037179.997351,53.255
1780037180.0030246,53.255
1780037180.0085442,53.255
1780037180.0140848,53.255
1780037180.0196908,53.255
1780037180.0254555,53.255
1780037180.0313623,54.0
1780037180.0368912,53.255
1780037180.0426047,53.255
1780037180.0481708,54.0
1780037180.0542426,53.255
1780037180.0602403,53.255
1780037180.0661404,53.255
1780037180.072155,54.0
1780037180.0777113,54.0
1780037180.0833,54.0
1780037180.0890424,53.255
1780037180.0951016,54.0
1780037180.10104,53.255
1780037180.1069417,54.0
1780037180.1125023,53.255
1780037180.1179614,53.255
1780037180.123843,54.0
1780037180.1297212,54.0
1780037180.1352768,53.255
1780037180.1409912,53.255
1780037180.1465795,53.255
1780037180.1525176,54.0
1780037180.1586955,53.255
1780037180.1644692,53.255
1780037180.1702175,53.255
1780037180.175794,53.255
1780037180.181407,53.255
1780037180.1872597,53.255
1780037180.1929505,53.255
1780037180.198596,53.255
1780037180.2041767,53.255
1780037180.2097034,53.255
1780037180.2154074,54.0
1780037180.2210777,54.0
1780037180.227021,54.0
1780037180.233044,54.0
1780037180.2392628,54.0
1780037180.2449827,53.254
1780037180.250999,53.255
1780037180.2571397,53.255
1780037180.2629693,53.255
1780037180.2685363,54.0
1780037180.2742193,54.0
1780037180.2797568,53.255
1780037180.285777,54.0
1780037180.2913537,53.255
1780037180.2970579,54.0
1780037180.3026612,53.255
1780037180.3086307,53.255
1780037180.3146255,54.0
1780037180.3206398,54.0
1780037180.3266313,54.0
1780037180.3327029,54.0
1780037180.3385549,54.0
1780037180.3441157,53.255
1780037180.349471,54.0
1780037180.355447,53.255
1780037180.361379,54.0
1780037180.3669493,53.255
1780037180.3726318,53.255
1780037180.37825,53.254
1780037180.3842468,54.0
1780037180.3902183,53.255
1780037180.396245,54.0
1780037180.4021587,54.0
1780037180.4082832,54.0
1780037180.414261,54.0
1780037180.4201143,53.255
1780037180.4262648,54.0
1780037180.432259,54.0
1780037180.438158,53.255
1780037180.4442363,53.255
1780037180.4502301,54.0
1780037180.456246,53.255
1780037180.4621851,54.0
1780037180.4682417,53.255
1780037180.4741497,54.0
1780037180.4797115,53.255
1780037180.4852507,53.255
1780037180.4910421,53.255
1780037180.4969547,54.0
1780037180.5030189,53.255
1780037180.5090055,54.0
1780037180.5151036,54.0
1780037180.5209265,54.0
1780037180.527114,54.0
1780037180.5329287,53.255
1780037180.5389652,53.255
1780037180.545083,53.255
1780037180.5511248,54.0
1780037180.5570009,54.0
1780037180.5625532,53.255
1780037180.568238,53.255
1780037180.5737054,53.255
1780037180.5792596,53.255
1780037180.584855,54.0
1780037180.5906801,54.0
1780037180.5965505,54.0
1780037180.602751,54.0
1780037180.6085556,53.255
1780037180.6145627,54.0
1780037180.62066,54.0
1780037180.626648,54.0
1780037180.6325796,54.0
1780037180.6381068,54.0
1780037180.643755,53.255
1780037180.649483,54.0
1780037180.6553872,53.255
1780037180.6614559,53.255
1780037180.6672676,53.255
1780037180.672936,53.255
1780037180.6784983,53.249
1780037180.6840696,54.018
1780037180.689502,54.012
1780037180.6950393,54.012
1780037180.7003458,54.012
1780037180.7056513,54.011
1780037180.7111096,54.01
1780037180.7164562,54.011
1780037180.7219048,54.012
1780037180.7272596,54.01
1780037180.732702,54.01
1780037180.7380629,54.012
1780037180.743507,54.011
1780037180.7488601,54.011
1780037180.7543166,54.01
1780037180.759622,54.011
1780037180.7648864,54.012
1780037180.7704535,54.011
1780037180.7757168,54.009
1780037180.7812674,54.011
1780037180.786713,54.011
1780037180.792055,54.011
1780037180.7975264,54.01
1780037180.8028553,54.011
1780037180.8083196,54.011
1780037180.813732,54.011
1780037180.8191648,54.009
1780037180.8244746,54.011
1780037180.829916,54.01
1780037180.8352795,54.011
1780037180.840737,54.009
1780037180.8460746,54.011
1780037180.8515413,54.011
1780037180.8568323,54.01
1780037180.8621163,54.01
1780037180.8676755,54.01
1780037180.8731248,54.01
1780037180.8784604,54.012
1780037180.8839066,54.01
1780037180.8892617,54.011
1780037180.8947053,54.01
1780037180.9000747,54.01
1780037180.9055238,54.009
1780037180.9108617,54.009
1780037180.9163206,54.009
1780037180.9216154,54.012
1780037180.9268837,54.009
1780037180.9324543,54.01
1780037180.9379008,54.009
1780037180.9432628,54.01
1780037180.9487107,54.009
1780037180.9540546,54.008
1780037180.9595075,54.009
1780037180.9648473,54.011
1780037180.970114,54.009
1780037180.9756527,54.008
1780037180.9811118,54.01
1780037180.986478,54.009
1780037180.9919236,54.011
1780037180.9973152,54.008
1780037181.0027542,54.009
1780037181.0080779,54.011
1780037181.0136566,53.25
1780037181.0195081,53.248
1780037181.0252345,53.254
1780037181.0311093,53.252
1780037181.0369074,53.252
1780037181.0425565,53.252
1780037181.0482445,53.252
1780037181.0539484,53.253
1780037181.059698,53.252
1780037181.0658665,53.252
1780037181.0718644,53.252
1780037181.0778024,53.252
1780037181.0838468,53.252
1780037181.089717,53.252
1780037181.0952802,53.252
1780037181.1009936,53.252
1780037181.1066208,53.252
1780037181.1125774,53.252
1780037181.118111,53.252
1780037181.1238196,53.252
1780037181.1294503,53.253
1780037181.1354315,53.252
1780037181.1414719,53.252
1780037181.147407,53.253
1780037181.1533782,53.253
1780037181.159321,53.253
1780037181.1649463,53.253
1780037181.1706266,53.252
1780037181.1762183,53.252
1780037181.1821623,53.252
1780037181.1882205,53.253
1780037181.1942947,53.252
1780037181.2001007,53.253
1780037181.2062433,53.252
1780037181.2122135,53.253
1780037181.2182562,53.253
1780037181.2242544,53.253
1780037181.2301598,53.252
1780037181.2362335,53.253
1780037181.242252,53.253
1780037181.2482142,53.252
1780037181.2542112,53.253
1780037181.2602386,53.253
1780037181.266241,53.253
1780037181.2721918,53.253
1780037181.2781768,53.253
1780037181.2841475,53.253
1780037181.2902865,53.253
1780037181.2961843,53.253
1780037181.302218,53.253
1780037181.308243,53.253
1780037181.3141828,53.253
1780037181.3203025,53.253
1780037181.3261483,53.253
1780037181.3317301,53.253
1780037181.3373997,53.253
1780037181.3430014,53.253
1780037181.3489575,53.253
1780037181.3550828,53.253
1780037181.3610666,53.253
1780037181.3669055,53.253
1780037181.3725066,53.253
1780037181.3781295,53.253
1780037181.383797,53.253
1780037181.389924,53.253
1780037181.3958192,53.253
1780037181.401778,53.253
1780037181.4078476,53.253
1780037181.4137697,53.253
1780037181.4197571,53.253
1780037181.4258556,53.253
1780037181.4318736,53.253
1780037181.437766,53.253
1780037181.443837,53.252
1780037181.4498048,53.253
1780037181.4558764,53.253
1780037181.4617193,53.253
1780037181.4677696,53.253
1780037181.4737813,53.253
1780037181.479802,53.254
1780037181.485897,53.253
1780037181.4917333,53.253
1780037181.4978287,53.253
1780037181.5038843,53.253
1780037181.509738,53.253
1780037181.5157986,53.253
1780037181.5218356,53.253
1780037181.5278225,53.253
1780037181.5337846,53.253
1780037181.5393338,53.253
1780037181.5449688,53.253
1780037181.5507402,53.253
1780037181.5566497,53.253
1780037181.5625546,53.253
1780037181.5686975,53.253
1780037181.574625,53.253
1780037181.58002,53.253
1780037181.5856705,53.253
1780037181.591383,53.254
1780037181.5974991,53.254
1780037181.6034663,53.254
1780037181.6093729,53.253
1780037181.6154387,53.253
1780037181.6214483,53.253
1780037181.6273658,53.253
1780037181.6329973,53.253
1780037181.6386058,53.253
1780037181.644275,53.254
1780037181.650249,53.253
1780037181.6561832,53.253
1780037181.6622581,53.253
1780037181.6682408,53.253
1780037181.674204,53.253
1780037181.6802757,53.254
1780037181.6862566,53.253
1780037181.692266,53.253
1780037181.6982117,53.253
1780037181.7042243,53.254
1780037181.7102535,53.254
1780037181.7162476,53.254
1780037181.7221894,53.253
1780037181.728213,53.253
1780037181.7342353,53.254
1780037181.7401857,53.253
1780037181.7461095,53.254
1780037181.7522812,53.253
1780037181.7582495,53.254
1780037181.764128,53.254
1780037181.7702029,53.254
1780037181.7762578,53.254
1780037181.7822587,53.254
1780037181.7882404,53.254
1780037181.7941928,53.254
1780037181.8002555,53.254
1780037181.8062224,53.253
1780037181.8122935,53.254
1780037181.8182404,53.254
1780037181.824261,53.254
1780037181.8302493,53.254
1780037181.8361032,53.254
1780037181.8422234,53.254
1780037181.8482616,53.254
1780037181.8542516,53.254
1780037181.8602188,53.254
1780037181.8661728,53.254
1780037181.8722398,53.253
1780037181.878299,53.254
1780037181.884143,53.254
1780037181.8903158,53.254
1780037181.8962371,53.254
1780037181.9022014,53.254
1780037181.908268,53.254
1780037181.9142125,53.254
1780037181.920293,53.254
1780037181.9262578,53.254
1780037181.9321587,53.254
1780037181.9382684,53.253
1780037181.9442635,53.254
1780037181.9502618,53.254
1780037181.9562025,53.254
1780037181.9622765,53.254
1780037181.968223,53.254
1780037181.9742537,53.254
1780037181.9802325,53.254
1780037181.9862254,53.254
1780037181.9922702,53.254
1780037181.9981012,53.254
1780037182.0042155,53.254
1780037182.010241,53.254
1780037182.0163403,53.254
1780037182.0222125,53.254
1780037182.0281982,53.254
1780037182.0342479,53.254
1780037182.0402486,53.254
1780037182.0462031,53.254
1780037182.052265,53.254
1780037182.0583222,53.254
1780037182.0641189,53.254
1780037182.069728,53.253
1780037182.075304,53.254
1780037182.0810723,53.254
1780037182.0871468,53.254
1780037182.0929434,53.254
1780037182.0990887,53.254
1780037182.1051083,53.255
1780037182.111353,53.254
1780037182.117066,53.254
1780037182.123041,53.254
1780037182.1290722,53.254
1780037182.1351233,53.253
1780037182.1410527,53.254
1780037182.1471174,53.254
1780037182.153069,53.254
1780037182.159049,53.254
1780037182.165011,53.254
1780037182.171095,53.254
1780037182.1771715,53.254
1780037182.1830165,53.254
1780037182.1890082,53.254
1780037182.1950402,53.254
1780037182.201098,53.253
1780037182.2069705,53.254
1780037182.213072,53.254
1780037182.219071,53.254
1780037182.2250333,53.254
1780037182.230962,53.254
1780037182.2370045,53.254
1780037182.2431176,53.254
1780037182.248992,53.254
1780037182.254997,53.254
1780037182.2610185,53.254
1780037182.2670403,53.254
1780037182.272979,53.254
1780037182.279121,53.254
1780037182.2850528,53.254
1780037182.2910388,53.254
1780037182.296959,53.254
1780037182.3025155,53.255
1780037182.308226,53.254
1780037182.313829,53.254
1780037182.3198502,53.254
1780037182.3259287,53.254
1780037182.3317897,53.255
1780037182.3377173,53.254
1780037182.343827,53.254
1780037182.3499434,53.254
1780037182.3557463,53.254
1780037182.361766,53.254
1780037182.3673475,53.254
1780037182.3729482,53.254
1780037182.3786755,53.254
1780037182.3845875,53.254
1780037182.390671,53.254
1780037182.3965986,53.255
1780037182.4027467,53.255
1780037182.4085703,53.254
1780037182.4147074,53.254
1780037182.420611,53.254
1780037182.426592,53.254
1780037182.4326422,53.254
1780037182.438683,53.254
1780037182.4446974,53.254
1780037182.450557,53.254
1780037182.456692,53.254
1780037182.4626126,53.255
1780037182.4686801,53.255
1780037182.4746687,53.254
1780037182.4807284,53.255
1780037182.4867206,53.254
1780037182.4925523,53.254
1780037182.4986417,53.254
1780037182.504649,53.254
1780037182.5106888,53.254
1780037182.516584,53.254
1780037182.5226142,53.255
1780037182.5286305,53.254
1780037182.534661,53.255
1780037182.5406559,53.255
1780037182.546662,53.255
1780037182.5527065,53.254
1780037182.5585177,53.255
1780037182.5641272,53.254
1780037182.5695975,53.255
1780037182.5755162,53.255
1780037182.5814083,53.254
1780037182.587371,53.255
1780037182.5929484,53.254
1780037182.598444,53.254
1780037182.6041079,53.255
1780037182.6102514,53.255
1780037182.616268,53.254
1780037182.6221879,53.254
1780037182.6277857,53.254
1780037182.6335094,53.255
1780037182.6392636,53.255
1780037182.6451392,53.255
1780037182.6510067,53.254
1780037182.6570733,53.255
1780037182.6630776,53.254
1780037182.6691747,53.255
1780037182.6750321,53.254
1780037182.681096,53.254
1780037182.6871476,53.255
1780037182.6929893,53.255
1780037182.6990566,53.255
1780037182.7051585,53.255
1780037182.7110953,53.254
1780037182.7169616,53.254
1780037182.7231073,53.255
1780037182.7290094,53.254
1780037182.735181,53.255
1780037182.741081,53.255
1780037182.7470798,53.255
1780037182.7530015,53.255
1780037182.7589934,53.255
1780037182.765099,53.255
1780037182.7711198,53.255
1780037182.7770727,53.255
1780037182.7830133,53.255
1780037182.789115,53.255
1780037182.7950118,53.254
1780037182.8011422,53.255
1780037182.8069606,53.254
1780037182.8130789,53.255
1780037182.819019,53.255
1780037182.8250434,53.255
1780037182.8310618,53.255
1780037182.8370712,53.255
1780037182.843067,53.255
1780037182.8489633,53.255
1780037182.8551116,53.254
1780037182.8610356,53.254
1780037182.8671534,53.255
1780037182.8729591,53.255
1780037182.8791296,53.255
1780037182.8850932,53.255
1780037182.8909564,53.255
1780037182.8965995,53.255
1780037182.9021842,53.254
1780037182.9078822,53.255
1780037182.913733,53.255
1780037182.91932,53.255
1780037182.9250255,53.255
1780037182.9307907,53.255
1780037182.9366448,53.255
1780037182.9425979,53.255
1780037182.9487047,53.255
1780037182.954525,53.255
1780037182.9601398,53.254
1780037182.9657428,53.255
1780037182.9715168,53.254
1780037182.977431,53.255
1780037182.9833984,53.255
1780037182.9894788,53.255
1780037182.9955204,53.255
1780037183.0014093,53.255
1780037183.0070066,53.255
1780037183.0127473,53.255
1780037183.0183647,53.254
1780037183.0242043,53.255
1780037183.0301774,53.255
1780037183.0364106,53.255
1780037183.0422006,53.255
1780037183.0482006,53.255
1780037183.0542467,53.255
1780037183.0602424,53.254
1780037183.0662005,53.255
1780037183.0722737,53.255
1780037183.078246,53.255
1780037183.084215,53.255
1780037183.0897436,53.255
1780037183.0954242,53.255
1780037183.1011987,53.255
1780037183.106967,53.255
1780037183.1126032,53.255
1780037183.1182256,53.255
1780037183.1237967,54.0
1780037183.1298382,53.255
1780037183.1358762,53.255
1780037183.142033,53.255
1780037183.147768,53.255
1780037183.1533763,53.255
1780037183.1589851,53.254
1780037183.1647856,53.255
1780037183.170649,53.255
1780037183.176657,53.255
1780037183.1826797,53.255
1780037183.188662,53.255
1780037183.1947062,54.0
1780037183.2006629,53.255
1780037183.2066965,53.255
1780037183.2126167,53.255
1780037183.2181983,53.255
1780037183.2238321,53.255
1780037183.2295537,53.255
1780037183.2354703,53.255
1780037183.2415333,53.255
1780037183.247491,53.255
1780037183.2534363,53.255
1780037183.2589452,53.255
1780037183.264453,53.255
1780037183.2702632,53.255
1780037183.2761803,53.255
1780037183.2822192,53.255
1780037183.2882545,54.0
1780037183.2942984,53.255
1780037183.300158,53.255
1780037183.3062751,53.255
1780037183.3122644,53.255
1780037183.318257,53.255
1780037183.3241873,53.255
1780037183.3302112,53.255
1780037183.3362725,53.255
1780037183.3422408,53.255
1780037183.3477783,53.255
1780037183.3533883,53.255
1780037183.3590891,53.255
1780037183.3649619,53.255
1780037183.3710992,53.255
1780037183.3770802,53.255
1780037183.3830369,53.255
1780037183.3889916,53.254
1780037183.3950796,53.255
1780037183.4011538,53.255
1780037183.4070444,53.255
1780037183.4130557,53.255
1780037183.4190736,53.255
1780037183.425093,53.255
1780037183.431086,53.255
1780037183.437098,53.255
1780037183.4430914,53.255
1780037183.4489608,53.255
1780037183.4550705,53.254
1780037183.4611335,53.255
1780037183.4671276,53.255
1780037183.4730055,53.255
1780037183.47916,53.255
1780037183.4849453,53.255
1780037183.4905446,53.254
1780037183.4961786,53.255
1780037183.5019803,53.255
1780037183.507824,53.255
1780037183.5137863,54.0
1780037183.5193508,53.255
1780037183.5250447,53.255
1780037183.530661,53.255
1780037183.5366158,53.255
1780037183.5426927,53.255
1780037183.548526,53.255
1780037183.5540946,53.255
1780037183.559495,54.0
1780037183.5654955,53.255
1780037183.5715008,53.255
1780037183.5773904,53.255
1780037183.5834663,53.255
1780037183.5894365,53.255
1780037183.5953522,53.255
1780037183.6015177,53.255
1780037183.6074865,53.255
1780037183.6134052,53.255
1780037183.6189854,53.255
1780037183.6247046,54.0
1780037183.6304686,53.255
1780037183.6361642,53.255
1780037183.6422343,53.255
1780037183.648247,53.255
1780037183.654229,53.255
1780037183.6601985,53.255
1780037183.6662643,53.255
1780037183.672266,53.255
1780037183.6782305,53.255
1780037183.6837785,53.255
1780037183.6893947,54.0
1780037183.6951408,53.255
1780037183.701047,53.255
1780037183.7070792,53.255
1780037183.7130733,53.255
1780037183.71899,54.0
1780037183.725067,54.0
1780037183.7310793,53.255
1780037183.7371223,54.0
1780037183.7430303,53.255
1780037183.7490935,53.255
1780037183.7549999,53.254
1780037183.761042,54.0
1780037183.7670813,53.255
1780037183.7731824,53.255
1780037183.7789903,54.0
1780037183.7845938,54.0
1780037183.7902555,54.0
1780037183.7960408,54.0
1780037183.8017664,53.255
1780037183.8078375,53.255
1780037183.8138523,54.0
1780037183.8198748,53.255
1780037183.8258247,53.255
1780037183.8319826,53.255
1780037183.837871,54.0
1780037183.8437548,53.255
1780037183.849889,53.255
1780037183.8558524,53.255
1780037183.8619168,53.255
1780037183.867816,53.255
1780037183.8739457,53.255
1780037183.8797338,53.255
1780037183.8852904,54.0
1780037183.8906603,54.0
1780037183.8967597,53.255
1780037183.9025464,54.0
1780037183.908239,54.0
1780037183.9138448,54.0
1780037183.9194412,53.255
1780037183.9254346,54.0
1780037183.9315114,54.0
1780037183.9375346,53.255
1780037183.9434597,53.255
1780037183.9494836,53.255
1780037183.9554675,53.255
1780037183.96154,53.255
1780037183.9674456,53.255
1780037183.9735057,53.255
1780037183.979454,53.255
1780037183.9854856,53.255
1780037183.9914067,53.255
1780037183.9975376,53.255
1780037184.0033689,53.255
1780037184.0095592,53.255
1780037184.0154705,53.255
1780037184.021489,53.255
1780037184.027406,53.255
1780037184.0330324,54.0
1780037184.0387247,53.255
1780037184.0442708,54.0
1780037184.050272,53.255
1780037184.0562434,54.0
1780037184.0623448,53.255
1780037184.0681803,54.0
1780037184.07433,53.255
1780037184.0802627,53.255
1780037184.0862465,53.255
1780037184.0922155,54.0
1780037184.0983453,53.255
1780037184.104127,54.0
1780037184.1098099,54.0
1780037184.115425,54.0
1780037184.1211343,54.0
1780037184.127124,54.0
1780037184.1330848,53.255
1780037184.1391013,53.255
1780037184.145069,54.0
1780037184.151042,53.255
1780037184.1570735,54.0
1780037184.1631625,53.255
1780037184.1689892,53.255
1780037184.1751003,53.255
1780037184.1809506,53.255
1780037184.1870542,54.0
1780037184.1930475,54.0
1780037184.199195,53.255
1780037184.2049778,54.0
1780037184.210593,54.0
1780037184.2162552,54.0
1780037184.2219965,54.0
1780037184.227776,53.255
1780037184.2334106,53.255
1780037184.2391388,54.0
1780037184.2446742,54.0
1780037184.250583,53.255
1780037184.2562196,54.0
1780037184.261958,53.255
1780037184.2676303,53.255
1780037184.2734096,53.255
1780037184.2795143,53.255
1780037184.2853835,53.255
1780037184.2914586,53.255
1780037184.2975206,53.255
1780037184.3034654,54.0
1780037184.3093903,53.255
1780037184.3149223,53.255
1780037184.3206012,54.0
1780037184.3263407,53.255
1780037184.3322256,54.0
1780037184.3382883,54.0
1780037184.3441586,53.255
1780037184.3497126,54.0
1780037184.3550923,54.0
1780037184.3611324,53.255
1780037184.3669739,54.0
1780037184.373058,54.0
1780037184.379056,53.255
1780037184.3851376,53.255
1780037184.3910716,53.255
1780037184.3970623,53.255
1780037184.403114,53.255
1780037184.409008,53.255
1780037184.4150832,54.0
1780037184.421104,54.0
1780037184.427216,54.0
1780037184.4331014,54.0
1780037184.439119,53.255
1780037184.44501,54.0
1780037184.4509919,53.255
1780037184.4571004,53.255
1780037184.4631243,53.255
1780037184.4690719,54.0
1780037184.4750748,54.0
1780037184.481089,54.0
1780037184.487178,54.0
1780037184.4931147,54.0
1780037184.499133,54.0
1780037184.505257,54.0
1780037184.5110157,53.255
1780037184.51709,53.255
1780037184.5231686,54.0
1780037184.5289938,54.0
1780037184.53515,53.255
1780037184.5411046,54.0
1780037184.5469759,54.0
1780037184.55312,54.0
1780037184.5590904,54.0
1780037184.5651884,53.255
1780037184.571015,53.255
1780037184.5770485,53.255
1780037184.5830352,53.254
1780037184.5891626,53.255
1780037184.595149,53.255
1780037184.6010847,54.0
1780037184.6070426,53.255
1780037184.6130867,54.0
1780037184.6190412,54.0
1780037184.6251721,53.255
1780037184.6309977,53.255
1780037184.6371024,53.255
1780037184.6429586,53.255
1780037184.648574,54.0
1780037184.6540496,54.0
1780037184.6599247,54.0
1780037184.665753,53.255
1780037184.6713946,54.0
1780037184.6770372,54.0
1780037184.6826537,53.255
1780037184.6885982,54.0
1780037184.6947224,54.0
1780037184.7007427,54.0
1780037184.7066016,54.0
1780037184.7121592,53.255
1780037184.7178738,53.255
1780037184.7235096,53.255
1780037184.7294352,54.0
1780037184.7350116,54.0
1780037184.7409074,53.255
1780037184.7464712,53.255
1780037184.7522488,54.0
1780037184.7583132,53.255
1780037184.7642677,54.0
1780037184.7702727,53.255
1780037184.7762702,54.0
1780037184.7822402,53.255
1780037184.7882178,53.255
1780037184.793837,54.0
1780037184.7995605,53.255
1780037184.8051326,53.255
1780037184.8111076,53.255
1780037184.8170574,53.255
1780037184.8232033,54.0
1780037184.829067,53.255
1780037184.8351257,53.255
1780037184.8409822,53.255
1780037184.8470404,54.0
1780037184.8530233,53.255
1780037184.859161,53.255
1780037184.8651204,54.0
1780037184.8711271,53.255
1780037184.876987,53.255
1780037184.883044,53.255
1780037184.8890646,53.255
1780037184.8951228,53.255
1780037184.9010003,54.0
1780037184.9071,53.255
1780037184.9130642,53.255
1780037184.9191432,54.0
1780037184.925117,54.0
1780037184.9310868,54.0
1780037184.9371407,54.0
1780037184.943015,53.255
1780037184.9490638,53.255
1780037184.9552026,53.255
1780037184.9609933,54.0
1780037184.9671795,53.255
1780037184.9731054,54.0
1780037184.9789524,54.0
1780037184.9851449,54.0
1780037184.9911017,54.0
1780037184.9971983,54.0
1780037185.003033,54.0
1780037185.0090594,54.0
1780037185.0150566,53.255
1780037185.0209963,54.0
1780037185.0266852,53.255
1780037185.0325863,54.0
1780037185.0380962,54.0
1780037185.0438843,54.0
1780037185.0499153,53.255
1780037185.0559924,54.0
1780037185.0618348,54.0
1780037185.0679214,54.0
1780037185.0738034,54.0
1780037185.079404,54.0
1780037185.0851254,54.0
1780037185.090894,54.0
1780037185.0966122,54.0
1780037185.1022441,53.255
1780037185.1078885,54.0
1780037185.1134868,54.0
1780037185.1194587,54.0
1780037185.1255121,53.255
1780037185.1315033,53.255
1780037185.1374195,54.0
1780037185.1434867,53.255
1780037185.1494658,53.255
1780037185.1553774,54.0
1780037185.1615217,53.255
1780037185.1675096,53.255
1780037185.1733658,54.0
1780037185.1794634,54.0
1780037185.185508,54.0
1780037185.1914487,54.0
1780037185.1974938,53.255
1780037185.2035203,53.255
1780037185.2094343,53.255
1780037185.2153535,53.253
1780037185.2207587,54.018
1780037185.226125,54.013
1780037185.2315814,54.012
1780037185.236918,54.012
1780037185.2421863,54.011
1780037185.247735,54.01
1780037185.2531798,54.012
1780037185.2585285,54.014
1780037185.2639701,54.011
1780037185.269328,54.012
1780037185.274775,54.012
1780037185.2800982,54.012
1780037185.2853622,54.012
1780037185.2909417,54.01
1780037185.2963853,54.011
1780037185.3016927,54.012
1780037185.306959,54.011
1780037185.312538,54.01
1780037185.3179853,54.012
1780037185.3233275,54.011
1780037185.3287857,54.012
1780037185.334164,54.01
1780037185.3396149,54.011
1780037185.3449416,54.012
1780037185.3503852,54.011
1780037185.3557389,54.009
1780037185.361187,54.009
1780037185.3665245,54.01
1780037185.3719788,54.012
1780037185.3773293,54.009
1780037185.382833,54.011
1780037185.3881361,54.011
1780037185.3935828,54.011
1780037185.398928,54.009
1780037185.4043815,54.009
1780037185.4097176,54.01
1780037185.4149835,54.011
1780037185.4204776,54.009
1780037185.4257498,54.009
1780037185.4313219,54.01
1780037185.436591,54.01
1780037185.4421265,54.009
1780037185.447591,54.009
1780037185.4529266,54.01
1780037185.4583797,54.011
1780037185.4637287,54.009
1780037185.4691813,54.008
1780037185.4745357,54.01
1780037185.4799798,54.009
1780037185.4853187,54.009
1780037185.490589,54.008
1780037185.496085,54.009
1780037185.5013509,54.01
1780037185.5069282,54.009
1780037185.5123787,54.008
1780037185.5177317,54.01
1780037185.5231805,54.009
1780037185.5285864,54.01
1780037185.5340152,54.008
1780037185.53931,54.009
1780037185.5448349,54.01
1780037185.550276,53.247
1780037185.5563917,53.248
1780037185.5624938,53.253
1780037185.568203,53.252
1780037185.5743172,53.252
1780037185.580357,53.252
1780037185.5862515,53.252
1780037185.592364,53.252
1780037185.5982325,53.252
1780037185.6043274,53.252
1780037185.6102686,53.252
1780037185.6161833,53.253
1780037185.6222613,53.253
1780037185.6282892,53.253
1780037185.6343367,53.252
1780037185.640224,53.253
1780037185.6462288,53.252
1780037185.6522481,53.252
1780037185.6583498,53.253
1780037185.6642656,53.253
1780037185.670197,53.253
1780037185.6763291,53.252
1780037185.682263,53.253
1780037185.6883447,53.253
1780037185.6942616,53.252
1780037185.70027,53.253
1780037185.7062855,53.252
1780037185.7122405,53.253
1780037185.7177687,53.252
1780037185.7232406,53.252
1780037185.7291033,53.252
1780037185.735146,53.253
1780037185.741148,53.253
1780037185.7470703,53.253
1780037185.7531343,53.253
1780037185.759203,53.253
1780037185.7650068,53.253
1780037185.771077,53.253
1780037185.7770932,53.253
1780037185.7830434,53.252
1780037185.789185,53.252
1780037185.7950487,53.253
1780037185.801174,53.253
1780037185.8071673,53.253
1780037185.8129666,53.253
1780037185.8191025,53.253
1780037185.825186,53.252
1780037185.8310964,53.253
1780037185.837029,53.253
1780037185.842623,53.253
1780037185.8482552,53.252
1780037185.853941,53.253
1780037185.859924,53.253
1780037185.8659475,53.253
1780037185.8719003,53.253
1780037185.8778887,53.253
1780037185.8838074,53.253
1780037185.8898473,53.253
1780037185.8960006,53.253
1780037185.9018762,53.253
1780037185.9078183,53.253
1780037185.9140165,53.252
1780037185.919853,53.253
1780037185.9259584,53.253
1780037185.9318748,53.253
1780037185.9378004,53.253
1780037185.9439573,53.253
1780037185.949879,53.254
1780037185.9559903,53.253
1780037185.961919,53.253
1780037185.9679184,53.253
1780037185.9739075,53.253
1780037185.9798691,53.253
1780037185.9858024,53.253
1780037185.9919384,53.253
1780037185.997927,53.253
1780037186.003798,53.253
1780037186.0093641,53.253
1780037186.0149932,53.254
1780037186.0207696,53.253
1780037186.0267227,53.253
1780037186.0326328,53.253
1780037186.0382497,53.253
1780037186.0439057,53.253
1780037186.0496264,53.253
1780037186.055497,53.253
1780037186.061509,53.253
1780037186.0675485,53.253
1780037186.0733752,53.253
1780037186.0794668,53.253
1780037186.085459,53.253
1780037186.0915132,53.254
1780037186.0975752,53.253
1780037186.1033745,53.253
1780037186.1089954,53.254
1780037186.1146276,53.254
1780037186.1204545,53.253
1780037186.1261902,53.253
1780037186.1323464,53.253
1780037186.138299,53.254
1780037186.1442614,53.253
1780037186.1504073,53.253
1780037186.156259,53.253
1780037186.162399,53.253
1780037186.168257,53.254
1780037186.1742387,53.254
1780037186.1803398,53.254
1780037186.1863892,53.254
1780037186.1922917,53.253
1780037186.1982577,53.254
1780037186.2042356,53.254
1780037186.2102928,53.253
1780037186.2163796,53.254
1780037186.2222285,53.254
1780037186.2283318,53.253
1780037186.234275,53.253
1780037186.240262,53.254
1780037186.2464604,53.254
1780037186.2522926,53.254
1780037186.2582953,53.254
1780037186.264149,53.254
1780037186.2698133,53.254
1780037186.2754579,53.253
1780037186.2811506,53.254
1780037186.287226,53.254
1780037186.2931488,53.254
1780037186.2991114,53.254
1780037186.305175,53.254
1780037186.3110874,53.254
1780037186.3171225,53.254
1780037186.3231761,53.254
1780037186.3291497,53.254
1780037186.335086,53.254
1780037186.3410115,53.254
1780037186.3466432,53.254
1780037186.35233,53.254
1780037186.357953,53.254
1780037186.3638828,53.254
1780037186.3699307,53.254
1780037186.3758385,53.253
1780037186.381908,53.254
1780037186.3878307,53.254
1780037186.3939779,53.254
1780037186.399952,53.254
1780037186.4058535,53.254
1780037186.4117663,53.254
1780037186.417451,53.254
1780037186.423362,53.254
1780037186.428996,53.254
1780037186.4346907,53.254
1780037186.4406698,53.254
1780037186.446817,53.254
1780037186.452662,53.254
1780037186.4587886,53.254
1780037186.464697,53.254
1780037186.4706833,53.254
1780037186.4766905,53.254
1780037186.4827492,53.254
1780037186.4887986,53.254
1780037186.4946249,53.254
1780037186.5002403,53.254
1780037186.505813,53.254
1780037186.511523,53.254
1780037186.5175412,53.254
1780037186.5234482,53.254
1780037186.5295532,53.254
1780037186.5354712,53.254
1780037186.5414643,53.254
1780037186.5474586,53.254
1780037186.5535262,53.254
1780037186.5595121,53.254
1780037186.5654275,53.254
1780037186.5715435,53.253
1780037186.5774882,53.254
1780037186.5835516,53.254
1780037186.5894864,53.254
1780037186.5954862,53.254
1780037186.601578,53.254
1780037186.6074343,53.254
1780037186.6134756,53.254
1780037186.6195455,53.254
1780037186.6255674,53.254
1780037186.631472,53.254
1780037186.6369915,53.254
1780037186.6423817,53.255
1780037186.6483722,53.254
1780037186.6541507,53.254
1780037186.65981,53.254
1780037186.665447,53.254
1780037186.671065,53.253
1780037186.6772552,53.254
1780037186.6830316,53.254
1780037186.6891174,53.254
1780037186.6951146,53.254
1780037186.7009792,53.254
1780037186.7071493,53.254
1780037186.713127,53.254
1780037186.7191648,53.254
1780037186.7250075,53.254
1780037186.7311213,53.254
1780037186.737063,53.254
1780037186.743172,53.254
1780037186.749067,53.255
1780037186.7551816,53.254
1780037186.7612476,53.254
1780037186.7670105,53.254
1780037186.7730744,53.255
1780037186.7791448,53.254
1780037186.7851927,53.254
1780037186.791059,53.254
1780037186.797107,53.254
1780037186.803111,53.254
1780037186.8091795,53.254
1780037186.8149936,53.254
1780037186.820647,53.254
1780037186.8263018,53.254
1780037186.8318226,53.254
1780037186.8378813,53.254
1780037186.8438582,53.254
1780037186.8499627,53.254
1780037186.855886,53.254
1780037186.8618734,53.254
1780037186.8679163,53.254
1780037186.8739738,53.254
1780037186.8800292,53.254
1780037186.8858802,53.254
1780037186.8919635,53.254
1780037186.8979383,53.255
1780037186.9038906,53.255
1780037186.9099462,53.254
1780037186.9159536,53.254
1780037186.9219034,53.254
1780037186.9278178,53.254
1780037186.933375,53.255
1780037186.9388666,53.255
1780037186.944741,53.255
1780037186.9507244,53.255
1780037186.956716,53.254
1780037186.9627156,53.255
1780037186.9686463,53.254
1780037186.9746675,53.254
1780037186.9807258,53.254
1780037186.9867723,53.255
1780037186.9927082,53.255
1780037186.9986737,53.255
1780037187.0046394,53.255
1780037187.0108073,53.255
1780037187.016637,53.255
1780037187.0227764,53.254
1780037187.0286996,53.255
1780037187.0347717,53.254
1780037187.040595,53.254
1780037187.0462496,53.254
1780037187.051971,53.254
1780037187.0575492,53.255
1780037187.0634193,53.254
1780037187.069082,53.254
1780037187.0746832,53.255
1780037187.0802712,53.255
1780037187.0862858,53.254
1780037187.092434,53.254
1780037187.0982604,53.255
1780037187.1043634,53.255
1780037187.110246,53.254
1780037187.1163926,53.254
1780037187.1222632,53.254
1780037187.1282787,53.255
1780037187.1342618,53.255
1780037187.1403508,53.255
1780037187.1462598,53.254
1780037187.152299,53.254
1780037187.1584249,53.255
1780037187.1642554,53.255
1780037187.1702535,53.255
1780037187.1762621,53.255
1780037187.1824148,53.254
1780037187.1881776,53.254
1780037187.1938117,53.255
1780037187.199425,53.254
1780037187.2051704,53.255
1780037187.2111661,53.255
1780037187.2170205,53.255
1780037187.2231696,53.255
1780037187.2291126,53.255
1780037187.2351885,53.255
1780037187.2411854,53.255
1780037187.2471702,53.255
1780037187.2531517,53.255
1780037187.2590363,53.255
1780037187.2651763,53.254
1780037187.2710977,53.255
1780037187.277219,53.254
1780037187.2829845,53.255
1780037187.2886014,53.255
1780037187.2942607,53.255
1780037187.2998376,53.255
1780037187.3059056,53.255
1780037187.3118837,53.255
1780037187.3179271,53.255
1780037187.3237972,53.255
1780037187.3298934,53.255
1780037187.3354616,53.255
1780037187.3412027,53.255
1780037187.3467994,53.255
1780037187.35266,53.255
1780037187.358762,53.255
1780037187.3647072,53.254
1780037187.3706722,53.255
1780037187.3767424,53.255
1780037187.3827376,53.255
1780037187.3887346,53.255
1780037187.39473,53.255
1780037187.4007535,53.255
1780037187.4067874,53.255
1780037187.4127426,53.255
1780037187.41875,53.255
1780037187.4246953,53.255
1780037187.4307044,53.254
1780037187.4366126,53.255
1780037187.4422274,53.255
1780037187.4479818,53.255
1780037187.4535747,53.255
1780037187.459522,53.255
1780037187.4655066,53.255
1780037187.4715936,53.255
1780037187.477524,53.255
1780037187.4835446,53.255
1780037187.489555,53.255
1780037187.495475,53.254
1780037187.5015507,53.255
1780037187.507532,53.255
1780037187.5135698,53.255
1780037187.5194163,53.255
1780037187.525529,53.255
1780037187.5315275,53.255
1780037187.5375752,53.255
1780037187.5434592,53.255
1780037187.5495508,53.255
1780037187.5555704,53.255
1780037187.561529,53.254
1780037187.5674837,53.255
1780037187.5735762,53.255
1780037187.5795255,53.255
1780037187.585494,53.255
1780037187.591478,53.254
1780037187.597525,53.255
1780037187.6034448,53.255
1780037187.6095455,53.255
1780037187.6155996,53.255
1780037187.6214223,53.255
1780037187.6270084,53.255
1780037187.6324296,53.255
1780037187.6383617,53.255
1780037187.6443176,53.255
1780037187.6502707,53.255
1780037187.6563911,53.255
1780037187.6622605,53.255
1780037187.6683953,53.255
1780037187.6742928,53.255
1780037187.6803548,53.255
1780037187.6863794,53.255
1780037187.6922553,53.255
1780037187.6982472,53.255
1780037187.70443,53.255
1780037187.7102456,53.255
1780037187.7162657,53.255
1780037187.7224157,53.255
1780037187.728255,53.254
1780037187.7343028,53.255
1780037187.7402773,53.255
1780037187.7463481,53.255
1780037187.7521985,53.255
1780037187.7582638,53.255
1780037187.764201,53.255
1780037187.7703679,53.255
1780037187.7761788,53.255
1780037187.782287,53.255
1780037187.7883134,53.255
1780037187.7942965,53.254
1780037187.800203,54.0
1780037187.8064432,53.255
1780037187.8124144,53.255
1780037187.8182786,53.255
1780037187.823852,53.255
1780037187.8295617,53.255
1780037187.8352852,53.255
1780037187.8411064,53.255
1780037187.847149,53.255
1780037187.8532004,53.255
1780037187.859126,53.254
1780037187.8650537,53.255
1780037187.8712313,53.255
1780037187.877222,53.255
1780037187.8830879,53.255
1780037187.8886392,53.255
1780037187.8942783,53.255
1780037187.9,53.255
1780037187.9058704,53.255
1780037187.911492,53.255
1780037187.9171607,53.255
1780037187.9227421,53.255
1780037187.9286637,53.255
1780037187.934743,53.255
1780037187.9407873,53.255
1780037187.946687,53.255
1780037187.9522617,53.255
1780037187.9579115,53.255
1780037187.9636395,53.255
1780037187.969451,53.255
1780037187.9756145,53.255
1780037187.9815328,53.255
1780037187.9875176,53.255
1780037187.9934678,53.255
1780037187.999565,53.255
1780037188.0055764,53.255
1780037188.0115337,53.255
1780037188.0174959,53.255
1780037188.0235062,53.255
1780037188.0295494,53.255
1780037188.0355034,54.0
1780037188.0415258,53.255
1780037188.047591,53.255
1780037188.0534608,53.255
1780037188.0595753,53.255
1780037188.0655756,54.0
1780037188.0715778,53.255
1780037188.0775058,53.255
1780037188.0835083,53.255
1780037188.089465,53.255
1780037188.0955067,54.0
1780037188.1015608,53.255
1780037188.1075575,53.255
1780037188.1134539,53.255
1780037188.1194613,53.255
1780037188.1255085,53.255
1780037188.1315742,53.255
1780037188.1375058,53.255
1780037188.1430829,53.255
1780037188.1489387,53.255
1780037188.1544998,53.255
1780037188.1603177,53.255
1780037188.1662998,53.255
1780037188.1723714,53.255
1780037188.1782367,53.255
1780037188.1843863,53.255
1780037188.1903145,53.254
1780037188.1964705,53.255
1780037188.2022755,53.255
1780037188.20846,53.255
1780037188.214203,53.255
1780037188.2198465,53.255
1780037188.2254474,54.0
1780037188.231226,53.255
1780037188.2371776,53.255
1780037188.243121,54.0
1780037188.249238,53.255
1780037188.2550895,53.255
1780037188.261136,54.0
1780037188.267155,53.255
1780037188.2731433,53.255
1780037188.2791097,54.0
1780037188.2850873,53.255
1780037188.291097,53.255
1780037188.2971988,53.255
1780037188.3031096,53.255
1780037188.3091516,53.255
1780037188.3151963,54.0
1780037188.3212388,53.255
1780037188.3271167,54.0
1780037188.3332212,53.255
1780037188.33914,53.255
1780037188.3451295,53.255
1780037188.351131,53.255
1780037188.357139,53.255
1780037188.3630247,54.0
1780037188.368661,53.255
1780037188.3743846,53.255
1780037188.3798814,54.0
1780037188.3855038,53.255
1780037188.391153,54.0
1780037188.3968806,53.255
1780037188.4026368,53.255
1780037188.4082534,53.255
1780037188.4139163,53.255
1780037188.4194834,53.255
1780037188.425526,54.0
1780037188.4315212,54.0
1780037188.437544,53.255
1780037188.4435098,53.255
1780037188.4490929,54.0
1780037188.4549913,54.0
1780037188.460645,54.0
1780037188.4662807,54.0
1780037188.4718888,53.255
1780037188.4777792,54.0
1780037188.483284,53.255
1780037188.4891443,53.255
1780037188.4951112,54.0
1780037188.5012448,54.0
1780037188.5070372,54.0
1780037188.5126297,53.255
1780037188.5183442,53.255
1780037188.5239131,54.0
1780037188.5299492,54.0
1780037188.5359857,54.0
1780037188.5419643,54.0
1780037188.5478868,53.255
1780037188.5538106,54.0
1780037188.559393,54.0
1780037188.565216,53.255
1780037188.5708787,54.0
1780037188.576797,53.255
1780037188.5826638,54.0
1780037188.5886123,53.254
1780037188.5942638,53.255
1780037188.5999858,54.0
1780037188.6055946,54.0
1780037188.6115167,54.0
1780037188.6175752,53.255
1780037188.6235275,54.0
1780037188.6295035,53.255
1780037188.6354876,54.0
1780037188.6415904,53.255
1780037188.6474102,54.0
1780037188.6530232,54.0
1780037188.6585038,53.255
1780037188.6644077,54.0
1780037188.6702616,54.0
1780037188.6764174,53.255
1780037188.6823814,54.0
1780037188.6883285,53.255
1780037188.6943269,54.0
1780037188.7004175,53.255
1780037188.7062566,54.0
1780037188.71187,53.255
1780037188.717459,54.0
1780037188.7231638,54.0
1780037188.729055,53.255
1780037188.7346778,53.255
1780037188.7403774,53.255
1780037188.7458825,54.0
1780037188.75149,53.255
1780037188.7572458,53.255
1780037188.762955,53.255
1780037188.7686338,53.255
1780037188.7742686,53.255
1780037188.779892,54.0
1780037188.7855194,53.255
1780037188.791432,53.255
1780037188.797553,53.255
1780037188.803551,54.0
1780037188.8094738,53.255
1780037188.8150227,54.0
1780037188.8206832,53.255
1780037188.826354,53.255
1780037188.8322775,53.255
1780037188.8383493,54.0
1780037188.8443058,53.255
1780037188.8502495,54.0
1780037188.8563821,54.0
1780037188.8624125,53.255
1780037188.8682518,53.255
1780037188.87438,53.255
1780037188.8803394,54.0
1780037188.8864417,53.255
1780037188.8923385,54.0
1780037188.8983266,54.0
1780037188.9044313,54.0
1780037188.9102435,54.0
1780037188.9157636,53.255
1780037188.9212797,53.255
1780037188.9272435,54.0
1780037188.9331365,53.255
1780037188.939249,53.255
1780037188.9450817,53.255
1780037188.9506886,53.255
1780037188.9563975,54.0
1780037188.9621446,53.255
1780037188.9678807,54.0
1780037188.9734952,53.255
1780037188.979184,54.0
1780037188.9847758,54.0
1780037188.990694,54.0
1780037188.9962912,54.0
1780037189.0020468,53.255
1780037189.0075574,53.255
1780037189.0135343,53.255
1780037189.019486,53.255
1780037189.0249517,54.0
1780037189.0305767,53.255
1780037189.0363379,54.0
1780037189.0423422,53.255
1780037189.0482626,54.0
1780037189.0543852,54.0
1780037189.060455,53.255
1780037189.066354,54.0
1780037189.0723102,54.0
1780037189.0783598,53.255
1780037189.0842862,54.0
1780037189.0903153,54.0
1780037189.0963202,53.255
1780037189.1023955,54.0
1780037189.10829,54.0
1780037189.1144083,53.255
1780037189.1202843,53.255
1780037189.1263971,54.0
1780037189.132426,53.255
1780037189.1384225,54.0
1780037189.1443436,54.0
1780037189.1503334,54.0
1780037189.156345,54.0
1780037189.1624322,54.0
1780037189.168352,54.0
1780037189.1744285,53.255
1780037189.1802342,53.255
1780037189.1858306,53.254
1780037189.1913295,54.0
1780037189.1972198,54.0
1780037189.2030385,53.255
1780037189.2086844,53.255
1780037189.2142813,53.255
1780037189.2199695,53.255
1780037189.2258763,54.0
1780037189.2314951,54.0
1780037189.2372513,53.255
1780037189.2427733,54.0
1780037189.248762,53.255
1780037189.2547216,54.0
1780037189.2608666,54.0
1780037189.2667236,54.0
1780037189.2728662,53.255
1780037189.278682,54.0
1780037189.28422,54.0
1780037189.2895617,54.0
1780037189.2956192,53.255
1780037189.301493,54.0
1780037189.3075044,53.255
1780037189.3135107,53.255
1780037189.3195047,53.255
1780037189.3254778,54.0
1780037189.3316214,54.0
1780037189.3375366,54.0
1780037189.3434713,54.0
1780037189.3495505,54.0
1780037189.3556073,54.0
1780037189.3614886,53.255
1780037189.3674967,53.255
1780037189.3735545,53.255
1780037189.3794239,53.255
1780037189.3849907,53.255
1780037189.390591,54.0
1780037189.396451,53.255
1780037189.402279,53.255
1780037189.4084187,53.255
1780037189.4142487,54.0
1780037189.419867,53.255
1780037189.425418,54.0
1780037189.431193,54.0
1780037189.4371305,53.255
1780037189.4431398,53.255
1780037189.4492042,54.0
1780037189.4552329,54.0
1780037189.4610996,54.0
1780037189.4672153,54.0
1780037189.473245,54.0
1780037189.4791343,54.0
1780037189.485128,53.255
1780037189.4912035,53.255
1780037189.4970868,53.255
1780037189.5027196,54.0
1780037189.5084224,53.255
1780037189.5139718,53.255
1780037189.5199368,53.255
1780037189.5259306,53.255
1780037189.5319855,54.0
1780037189.537909,53.255
1780037189.5439224,53.255
1780037189.5498567,54.0
1780037189.5559256,54.0
1780037189.5619462,54.0
1780037189.5680726,54.0
1780037189.5739465,53.255
1780037189.5799396,53.255
1780037189.5859034,53.255
1780037189.592053,54.0
1780037189.5979123,53.255
1780037189.6039994,53.255
1780037189.6098604,54.0
1780037189.6159797,54.0
1780037189.6218946,54.0
1780037189.6279733,54.0
1780037189.6339808,54.0
1780037189.6399603,53.255
1780037189.6458364,54.0
1780037189.6514404,53.255
1780037189.6569676,53.255
1780037189.6627839,53.255
1780037189.6686447,53.255
1780037189.6742663,53.255
1780037189.6798706,54.0
1780037189.6855102,53.255
1780037189.6914673,54.0
1780037189.6971123,53.255
1780037189.7028277,54.0
1780037189.708395,53.255
1780037189.7143314,54.0
1780037189.7204208,54.0
1780037189.7264671,54.0
1780037189.732532,53.255
1780037189.7384808,53.255
1780037189.7442713,54.0
1780037189.749826,54.0
1780037189.7550764,54.022
1780037189.7604756,54.013
1780037189.7658012,54.014
1780037189.7712424,54.011
1780037189.7766037,54.012
1780037189.782059,54.012
1780037189.7873962,54.012
1780037189.7928498,54.011
1780037189.7982085,54.01
1780037189.8036504,54.011
1780037189.8089979,54.014
1780037189.8144543,54.012
1780037189.8197947,54.012
1780037189.8252609,54.011
1780037189.8305495,54.012
1780037189.8358157,54.012
1780037189.841407,54.01
1780037189.846859,54.011
1780037189.8521621,54.012
1780037189.8574297,54.011
1780037189.8629904,54.01
1780037189.8684473,54.012
1780037189.8737848,54.01
1780037189.8790538,54.013
1780037189.8846009,54.009
1780037189.8900476,54.011
1780037189.8954008,54.012
1780037189.900845,54.011
1780037189.9062142,54.009
1780037189.9116592,54.009
1780037189.9170015,54.01
1780037189.922459,54.012
1780037189.9278023,54.009
1780037189.933343,54.011
1780037189.938633,54.011
1780037189.9440787,54.011
1780037189.949412,54.009
1780037189.954858,54.009
1780037189.960199,54.009
1780037189.965646,54.012
1780037189.9710054,54.009
1780037189.9764535,54.009
1780037189.9818046,54.011
1780037189.9872675,54.009
1780037189.9925709,54.009
1780037189.9978442,54.009
1780037190.003411,54.01
1780037190.0088718,54.011
1780037190.0142136,54.009
1780037190.0196507,54.008
1780037190.0250235,54.01
1780037190.0304668,54.009
1780037190.0358083,54.009
1780037190.0412533,54.008
1780037190.0465593,54.009
1780037190.0518255,54.01
1780037190.0574055,54.009
1780037190.062849,54.008
1780037190.0682151,54.009
1780037190.0736537,54.009
1780037190.0790067,54.009
1780037190.084513,54.004
1780037190.090431,53.248
1780037190.0960906,53.25
1780037190.1019747,53.252
1780037190.1080065,53.252
1780037190.1138837,53.252
1780037190.1198535,53.252
1780037190.125945,53.252
1780037190.1320407,53.252
1780037190.1380103,53.252
1780037190.143894,53.252
1780037190.1500106,53.252
1780037190.1559918,53.252
1780037190.1620574,53.252
1780037190.1679192,53.252
1780037190.1739407,53.252
1780037190.17994,53.253
1780037190.1860018,53.252
1780037190.1919487,53.253
1780037190.1979754,53.253
1780037190.203993,53.252
1780037190.2098775,53.252
1780037190.215934,53.252
1780037190.2219856,53.252
1780037190.2279258,53.252
1780037190.2340293,53.253
1780037190.239933,53.253
1780037190.2459655,53.252
1780037190.252027,53.253
1780037190.2580192,53.253
1780037190.26385,53.252
1780037190.2700143,53.253
1780037190.2760003,53.253
1780037190.2818673,53.253
1780037190.2880218,53.252
1780037190.2939267,53.253
1780037190.3000505,53.253
1780037190.3059037,53.253
1780037190.3118784,53.253
1780037190.3180509,53.253
1780037190.3239415,53.253
1780037190.329998,53.253
1780037190.3359263,53.253
1780037190.3415194,53.253
1780037190.3471801,53.253
1780037190.3527234,53.252
1780037190.358842,53.253
1780037190.3647618,53.253
1780037190.3707886,53.253
1780037190.3767397,53.253
1780037190.382662,53.253
1780037190.3887599,53.253
1780037190.3948178,53.253
1780037190.4007778,53.253
1780037190.4067197,53.253
1780037190.4126766,53.253
1780037190.4187498,53.252
1780037190.4248083,53.253
1780037190.4307597,53.253
1780037190.4367654,53.253
1780037190.4428582,53.253
1780037190.4486856,53.253
1780037190.4548795,53.253
1780037190.4607272,53.253
1780037190.4668224,53.253
1780037190.4727912,53.253
1780037190.478646,53.253
1780037190.4842315,53.252
1780037190.4896817,53.253
1780037190.4956293,53.253
1780037190.5014963,53.253
1780037190.5075207,53.253
1780037190.5130432,53.253
1780037190.5185692,53.253
1780037190.5244172,53.253
1780037190.5303166,53.253
1780037190.5364077,53.253
1780037190.542399,53.253
1780037190.5482824,53.253
1780037190.5543928,53.254
1780037190.5604143,53.253
1780037190.566368,53.253
1780037190.5723178,53.253
1780037190.5778956,53.253
1780037190.5835037,53.253
1780037190.589253,53.253
1780037190.5952773,53.253
1780037190.6011193,53.253
1780037190.6072333,53.253
1780037190.6132586,53.253
1780037190.6192455,53.254
1780037190.6251376,53.254
1780037190.6307223,53.253
1780037190.6366086,53.253
1780037190.6422136,53.253
1780037190.6478944,53.253
1780037190.6539016,53.253
1780037190.6600485,53.253
1780037190.6660392,53.253
1780037190.671872,53.253
1780037190.6779966,53.253
1780037190.6839442,53.254
1780037190.6900408,53.254
1780037190.6959708,53.254
1780037190.701986,53.254
1780037190.7079852,53.254
1780037190.713935,53.253
1780037190.719871,53.253
1780037190.726042,53.253
1780037190.7319922,53.253
1780037190.737856,53.254
1780037190.7434673,53.254
1780037190.7490866,53.254
1780037190.754853,53.254
1780037190.760851,53.253
1780037190.7666922,53.254
1780037190.7722855,53.253
1780037190.7779763,53.254
1780037190.7837405,53.254
1780037190.7894368,53.254
1780037190.7951174,53.254
1780037190.800754,53.254
1780037190.8063364,53.253
1780037190.8123462,53.253
1780037190.8184886,53.254
1780037190.8243806,53.253
1780037190.8304245,53.253
1780037190.8362644,53.254
1780037190.8418403,53.254
1780037190.8475091,53.254
1780037190.8532343,53.254
1780037190.8590913,53.254
1780037190.8651745,53.253
1780037190.8711672,53.254
1780037190.8771272,53.254
1780037190.883236,53.254
1780037190.8891416,53.254
1780037190.8952553,53.254
1780037190.9010158,53.254
1780037190.9070935,53.254
1780037190.9132485,53.254
1780037190.919221,53.254
1780037190.9252636,53.254
1780037190.931092,53.254
1780037190.937195,53.254
1780037190.9431508,53.254
1780037190.9486458,53.254
1780037190.954264,53.254
1780037190.960055,53.254
1780037190.9660423,53.254
1780037190.9719067,53.254
1780037190.9774604,53.253
1780037190.9829419,53.254
1780037190.9888244,53.254
1780037190.9948297,53.254
1780037191.0006871,53.254
1780037191.0068069,53.254
1780037191.0127969,53.254
1780037191.018873,53.254
1780037191.0247905,53.254
1780037191.0307646,53.254
1780037191.036765,53.254
1780037191.042778,53.253
1780037191.048788,53.254
1780037191.0548136,53.254
1780037191.0608141,53.254
1780037191.0667224,53.254
1780037191.072277,53.254
1780037191.0778658,53.254
1780037191.0836577,53.254
1780037191.0894306,53.254
1780037191.0951092,53.254
1780037191.1007712,53.254
1780037191.1063986,53.254
1780037191.1124532,53.254
1780037191.1182966,53.254
1780037191.1244493,53.254
1780037191.130325,53.254
1780037191.1363015,53.254
1780037191.1423864,53.254
1780037191.1483877,53.254
1780037191.154502,53.254
1780037191.1602986,53.254
1780037191.1664162,53.254
1780037191.172361,53.254
1780037191.178523,53.254
1780037191.184272,53.254
1780037191.190484,53.254
1780037191.1964068,53.254
1780037191.2022815,53.254
1780037191.208393,53.254
1780037191.214328,53.254
1780037191.2204695,53.254
1780037191.2263248,53.254
1780037191.2323425,53.254
1780037191.2383897,53.254
1780037191.2444255,53.254
1780037191.2503307,53.254
1780037191.256453,53.254
1780037191.262425,53.254
1780037191.2683706,53.254
1780037191.2742817,53.254
1780037191.280397,53.254
1780037191.2865365,53.254
1780037191.2922263,53.254
1780037191.297908,53.254
1780037191.3035057,53.254
1780037191.3091846,53.254
1780037191.3152494,53.254
1780037191.3212388,53.254
1780037191.3271956,53.254
1780037191.3332362,53.254
1780037191.3391242,53.254
1780037191.3452435,53.254
1780037191.351182,53.254
1780037191.3572397,53.254
1780037191.363204,53.254
1780037191.369191,53.254
1780037191.3752425,53.254
1780037191.3812563,53.254
1780037191.3871775,53.254
1780037191.3931975,53.254
1780037191.399241,53.254
1780037191.4052277,53.254
1780037191.4111702,53.254
1780037191.417265,53.254
1780037191.4232304,53.254
1780037191.4291317,53.254
1780037191.4351315,53.254
1780037191.4412377,53.255
1780037191.447242,53.254
1780037191.453154,53.254
1780037191.45917,53.254
1780037191.4651947,53.254
1780037191.4711611,53.254
1780037191.4771056,53.254
1780037191.4832547,53.254
1780037191.4892256,53.254
1780037191.4951656,53.254
1780037191.5011108,53.255
1780037191.506684,53.255
1780037191.5123663,53.254
1780037191.5179427,53.255
1780037191.5239983,53.254
1780037191.529982,53.254
1780037191.535934,53.255
1780037191.5419474,53.254
1780037191.5480137,53.254
1780037191.5541084,53.254
1780037191.5598795,53.254
1780037191.5654864,53.254
1780037191.5711396,53.254
1780037191.5768735,53.255
1780037191.582878,53.254
1780037191.5888696,53.254
1780037191.5948186,53.254
1780037191.6007316,53.254
1780037191.606904,53.255
1780037191.6127543,53.255
1780037191.6188538,53.255
1780037191.6247375,53.254
1780037191.6307304,53.254
1780037191.6368487,53.254
1780037191.642858,53.254
1780037191.6487486,53.254
1780037191.6547737,53.254
1780037191.6607761,53.255
1780037191.666732,53.255
1780037191.6728172,53.255
1780037191.6787589,53.255
1780037191.6848779,53.255
1780037191.6906579,53.254
1780037191.6967006,53.255
1780037191.702808,53.254
1780037191.7088938,53.255
1780037191.7146301,53.254
1780037191.7208118,53.254
1780037191.726804,53.255
1780037191.732734,53.255
1780037191.7388089,53.255
1780037191.7447855,53.254
1780037191.750864,53.254
1780037191.756652,53.255
1780037191.7622933,53.254
1780037191.767879,53.254
1780037191.7735872,53.255
1780037191.7796512,53.255
1780037191.7855518,53.255
1780037191.791634,53.255
1780037191.7975388,53.254
1780037191.8035426,53.255
1780037191.80949,53.255
1780037191.8151348,53.255
1780037191.8207796,53.255
1780037191.8263214,53.255
1780037191.8319137,53.255
1780037191.8375428,53.255
1780037191.8432462,53.254
1780037191.8491309,53.254
1780037191.855202,53.255
1780037191.8612003,53.255
1780037191.8671749,53.254
1780037191.8730922,53.255
1780037191.879224,53.255
1780037191.8852587,53.255
1780037191.8911304,53.255
1780037191.8967087,53.255
1780037191.9023747,53.255
1780037191.908129,53.255
1780037191.9138544,53.255
1780037191.9199424,53.255
1780037191.9259799,53.255
1780037191.9319582,53.255
1780037191.937868,53.255
1780037191.9439278,53.255
1780037191.9500613,53.255
1780037191.9559271,53.255
1780037191.9619033,53.255
1780037191.96799,53.255
1780037191.9740746,53.254
1780037191.9799154,53.255
1780037191.9860306,53.255
1780037191.9919856,53.255
1780037191.9980233,53.255
1780037192.0039244,53.255
1780037192.010087,53.255
1780037192.0160327,53.255
1780037192.021943,53.255
1780037192.0274985,53.255
1780037192.033096,53.254
1780037192.0388598,53.255
1780037192.0447395,53.255
1780037192.050345,53.255
1780037192.0560126,53.255
1780037192.0615504,53.255
1780037192.0671034,53.254
1780037192.0726376,53.255
1780037192.0785072,53.255
1780037192.0842972,53.255
1780037192.0899136,53.255
1780037192.095554,53.255
1780037192.1012545,53.255
1780037192.10726,53.255
1780037192.1132255,53.255
1780037192.1192582,53.255
1780037192.1251245,53.255
1780037192.13064,53.255
1780037192.1359913,53.255
1780037192.1420624,53.255
1780037192.1480587,53.255
1780037192.1539633,53.255
1780037192.1599867,53.255
1780037192.1659496,53.255
1780037192.1720629,53.255
1780037192.1780117,53.255
1780037192.1840708,53.255
1780037192.1899357,53.255
1780037192.1959486,53.255
1780037192.201888,53.255
1780037192.208082,53.255
1780037192.2139328,53.255
1780037192.2199497,53.255
1780037192.2259812,53.255
1780037192.2319863,53.254
1780037192.2379267,53.255
1780037192.2435257,53.255
1780037192.2492394,53.255
1780037192.254764,53.255
1780037192.2602837,53.255
1780037192.2658632,53.255
1780037192.2716744,53.255
1780037192.2776418,53.255
1780037192.2835503,53.255
1780037192.2895896,53.255
1780037192.2955854,53.255
1780037192.3014722,53.255
1780037192.3071346,53.255
1780037192.313078,53.255
1780037192.3186407,53.255
1780037192.3243158,53.255
1780037192.3298852,53.254
1780037192.335553,53.255
1780037192.3412397,53.255
1780037192.3472226,53.255
1780037192.353267,53.255
1780037192.3591297,53.255
1780037192.3646982,53.254
1780037192.3701966,53.255
1780037192.376054,53.255
1780037192.3818412,53.255
1780037192.3875275,53.255
1780037192.393129,53.255
1780037192.398813,53.255
1780037192.4048972,53.255
1780037192.4108047,53.255
1780037192.4169123,53.255
1780037192.4227154,53.255
1780037192.4282308,53.255
1780037192.4335961,53.255
1780037192.4396393,53.255
1780037192.4455554,53.255
1780037192.4515676,53.255
1780037192.4575849,53.255
1780037192.4635665,53.255
1780037192.4694545,53.255
1780037192.4756398,53.255
1780037192.4815884,53.255
1780037192.4875133,53.255
1780037192.4935422,53.255
1780037192.4995425,53.255
1780037192.5055904,53.255
1780037192.5115535,53.255
1780037192.5171506,53.255
1780037192.5229976,53.255
1780037192.5286415,53.254
1780037192.5343947,54.0
1780037192.540406,53.255
1780037192.5464609,53.255
1780037192.5524058,53.255
1780037192.5584311,53.255
1780037192.5644364,54.0
1780037192.570513,53.255
1780037192.576322,53.255
1780037192.5824714,53.255
1780037192.5883098,53.255
1780037192.5943675,53.255
1780037192.6003723,53.255
1780037192.6064904,53.255
1780037192.6122727,53.255
1780037192.6179106,53.255
1780037192.6235092,53.255
1780037192.6292007,53.255
1780037192.635067,54.0
1780037192.640728,53.255
1780037192.6464438,53.255
1780037192.6519475,53.255
1780037192.6579385,54.0
1780037192.6634922,53.255
1780037192.6691828,53.255
1780037192.6747046,53.255
1780037192.680328,53.255
1780037192.685976,53.255
1780037192.6915371,54.0
1780037192.6976402,54.0
1780037192.7036178,54.0
1780037192.7096393,53.255
1780037192.715563,53.255
1780037192.7215476,53.255
1780037192.7275515,53.255
1780037192.7336595,53.255
1780037192.739595,53.255
1780037192.7456768,54.0
1780037192.7516346,53.255
1780037192.7575004,53.255
1780037192.7635763,54.0
1780037192.7696774,54.0
1780037192.7755373,53.255
1780037192.781591,53.255
1780037192.787669,54.0
1780037192.7935631,53.254
1780037192.7995753,53.255
1780037192.805673,53.255
1780037192.811595,53.255
1780037192.817562,53.255
1780037192.8231192,53.255
1780037192.8287206,54.0
1780037192.834479,54.0
1780037192.8403206,53.255
1780037192.8459802,53.255
1780037192.851855,54.0
1780037192.8573906,53.255
1780037192.863124,54.0
1780037192.8692563,53.255
1780037192.8752549,53.255
1780037192.8811584,53.255
1780037192.8867302,53.255
1780037192.892363,53.255
1780037192.8979692,54.0
1780037192.9039793,53.255
1780037192.9095383,54.0
1780037192.9152358,53.255
1780037192.9207551,54.0
1780037192.9263046,53.254
1780037192.9318414,54.0
1780037192.937617,53.255
1780037192.943587,53.255
1780037192.9491546,53.255
1780037192.9549758,53.255
1780037192.9606032,53.255
1780037192.966325,53.255
1780037192.9724152,53.255
1780037192.9785109,54.0
1780037192.9844077,53.255
1780037192.99038,53.255
1780037192.9963906,53.255
1780037193.0024948,53.255
1780037193.0084372,53.255
1780037193.014487,53.255
1780037193.0204268,53.255
1780037193.0263374,53.255
1780037193.032372,53.255
1780037193.0385253,53.255
1780037193.044286,54.0
1780037193.049942,53.255
1780037193.0555768,54.0
1780037193.0612595,53.255
1780037193.0671206,53.255
1780037193.0727506,53.255
1780037193.0784788,54.0
1780037193.0840054,53.255
1780037193.0900009,53.255
1780037193.095954,54.0
1780037193.1014872,54.0
1780037193.1070936,53.255
1780037193.1128392,53.255
1780037193.1188312,53.255
1780037193.1247437,53.254
1780037193.130844,53.255
1780037193.1368506,54.0
1780037193.1428945,53.255
1780037193.1487355,53.255
1780037193.154237,54.0
1780037193.1598058,53.255
1780037193.165705,53.255
1780037193.1715314,53.255
1780037193.177706,53.255
1780037193.1834807,53.255
1780037193.1891258,54.0
1780037193.1948812,54.0
1780037193.2006435,53.255
1780037193.2065527,53.255
1780037193.212415,53.255
1780037193.21853,53.255
1780037193.224395,53.255
1780037193.2303226,53.255
1780037193.2364364,53.255
1780037193.2424397,54.0
1780037193.2484186,53.255
1780037193.254426,54.0
1780037193.2604554,54.0
1780037193.266512,54.0
1780037193.2724621,54.0
1780037193.2784612,53.255
1780037193.2842739,53.255
1780037193.290355,53.254
1780037193.296368,53.255
1780037193.302529,53.255
1780037193.3083217,54.0
1780037193.314451,53.255
1780037193.3204365,54.0
1780037193.3264759,53.255
1780037193.332398,53.255
1780037193.3384955,53.255
1780037193.344436,53.255
1780037193.3503048,54.0
1780037193.3558438,54.0
1780037193.36138,54.0
1780037193.3672512,53.255
1780037193.373233,53.255
1780037193.3792515,53.255
1780037193.3850844,53.255
1780037193.3906887,53.255
1780037193.396265,54.0
1780037193.4020689,54.0
1780037193.408084,53.255
1780037193.4139752,53.255
1780037193.4200191,53.255
1780037193.4260564,54.0
1780037193.4319305,53.255
1780037193.4375544,54.0
1780037193.4432433,53.255
1780037193.4488175,53.255
1780037193.4547942,54.0
1780037193.4607785,54.0
1780037193.4669187,53.255
1780037193.4727805,53.255
1780037193.478561,53.255
1780037193.4842653,54.0
1780037193.4897904,53.255
1780037193.4956238,53.255
1780037193.5016396,53.255
1780037193.5075443,53.255
1780037193.5135927,53.255
1780037193.5195847,53.255
1780037193.5256228,54.0
1780037193.5315082,53.255
1780037193.5376103,53.255
1780037193.5436604,53.255
1780037193.5495117,54.0
1780037193.5556002,54.0
1780037193.5611699,53.255
1780037193.567081,54.0
1780037193.5727108,54.0
1780037193.5785024,53.255
1780037193.5844321,54.0
1780037193.5903718,53.255
1780037193.5963678,53.255
1780037193.6025152,54.0
1780037193.6083353,53.255
1780037193.6143506,53.255
1780037193.6205246,53.255
1780037193.6264455,54.0
1780037193.6324513,54.0
1780037193.638411,54.0
1780037193.6444578,54.0
1780037193.6503606,53.255
1780037193.6564896,53.255
1780037193.662541,54.0
1780037193.6683402,54.0
1780037193.6744764,53.255
1780037193.6804843,53.255
1780037193.686454,54.0
1780037193.6924286,54.0
1780037193.6985283,54.0
1780037193.704451,53.255
1780037193.710358,53.255
1780037193.7164414,53.255
1780037193.722301,54.0
1780037193.727849,54.0
1780037193.73337,54.0
1780037193.7392669,53.255
1780037193.7450879,54.0
1780037193.7507377,54.0
1780037193.7563882,53.255
1780037193.762138,54.0
1780037193.7678792,54.0
1780037193.773551,53.255
1780037193.779251,53.255
1780037193.7847736,54.0
1780037193.7907114,53.255
1780037193.7968578,53.255
1780037193.802875,54.0
1780037193.8087611,54.0
1780037193.8148103,53.255
1780037193.8207927,54.0
1780037193.8262284,54.0
1780037193.8318307,54.0
1780037193.8376338,53.255
1780037193.8435662,54.0
1780037193.8495648,54.0
1780037193.8556437,53.255
1780037193.8617225,53.255
1780037193.8674958,54.0
1780037193.8731813,53.255
1780037193.8790588,53.255
1780037193.8846428,53.255
1780037193.8902922,53.255
1780037193.895959,54.0
1780037193.9016669,53.255
1780037193.9071796,53.255
1780037193.9132323,54.0
1780037193.9192505,54.0
1780037193.9252682,54.0
1780037193.931251,54.0
1780037193.9372582,54.0
1780037193.943288,53.255
1780037193.949142,53.255
1780037193.9553072,53.255
1780037193.9613628,54.0
1780037193.9671493,53.255
1780037193.973242,54.0
1780037193.9792717,53.255
1780037193.9851186,54.0
1780037193.9912424,54.0
1780037193.997233,53.255
1780037194.003259,54.0
1780037194.0091927,54.0
1780037194.0152502,53.255
1780037194.0211906,53.254
1780037194.0272603,54.0
1780037194.0332222,53.255
1780037194.0392473,54.0
1780037194.045236,54.0
1780037194.0512223,54.0
1780037194.0572622,54.0
1780037194.0632823,54.0
1780037194.069192,54.0
1780037194.0752826,53.255
1780037194.0811024,54.0
1780037194.0866394,54.0
1780037194.0919893,54.0
1780037194.0980847,53.255
1780037194.1039064,53.255
1780037194.1095552,54.0
1780037194.1152241,53.255
1780037194.1207798,53.255
1780037194.1267512,54.0
1780037194.1328278,54.0
1780037194.1389008,53.255
1780037194.1447997,53.255
1780037194.1509032,54.0
1780037194.156859,54.0
1780037194.1629417,53.255
1780037194.168835,53.255
1780037194.1748915,54.0
1780037194.1807528,54.0
1780037194.1867535,53.255
1780037194.192866,53.255
1780037194.19889,53.255
1780037194.2048166,54.0
1780037194.2108688,54.0
1780037194.2168517,54.0
1780037194.2228007,54.0
1780037194.2288048,54.0
1780037194.2349133,54.0
1780037194.2407677,53.255
1780037194.2463517,54.0
1780037194.2520337,54.0
1780037194.25778,54.0
1780037194.2636547,54.0
1780037194.2696621,53.255
1780037194.2755692,53.255
1780037194.281556,53.255
1780037194.2876122,53.255
1780037194.2929366,54.018
1780037194.2984352,54.013
1780037194.3037562,54.013
1780037194.309031,54.012
1780037194.3143153,54.011
1780037194.3198621,54.011
1780037194.3253138,54.011
1780037194.3306525,54.014
1780037194.335922,54.011
1780037194.341463,54.012
1780037194.3469174,54.012
1780037194.3522568,54.012
1780037194.3575242,54.011
1780037194.3630705,54.01
1780037194.368513,54.011
1780037194.3738687,54.013
1780037194.3793244,54.011
1780037194.3846617,54.012
1780037194.3901198,54.011
1780037194.3954332,54.012
1780037194.4007015,54.011
1780037194.4062777,54.009
1780037194.4117215,54.011
1780037194.4170642,54.012
1780037194.4225154,54.011
1780037194.4278643,54.01
1780037194.4333243,54.012
1780037194.438626,54.01
1780037194.4438944,54.012
1780037194.4495091,54.009
1780037194.4549522,54.011
1780037194.4603,54.012
1780037194.4657414,54.011
1780037194.4710982,54.009
1780037194.476552,54.009
1780037194.4818764,54.01
1780037194.4873435,54.012
1780037194.4926832,54.009
1780037194.49813,54.011
1780037194.5035665,54.011
1780037194.5089571,54.011
1780037194.5142787,54.008
1780037194.5197275,54.008
1780037194.5250757,54.01
1780037194.5305192,54.012
1780037194.5358584,54.009
1780037194.5411236,54.01
1780037194.5466585,54.01
1780037194.5519247,54.011
1780037194.5574646,54.008
1780037194.5629218,54.008
1780037194.5682888,54.009
1780037194.5737274,54.011
1780037194.579057,54.009
1780037194.5843277,54.008
1780037194.5898626,54.009
1780037194.5951307,54.009
1780037194.6006203,54.009
1780037194.605892,54.008
1780037194.6114733,54.009
1780037194.6169415,54.011
1780037194.6224086,53.25
1780037194.628616,53.248
1780037194.6344829,53.252
1780037194.6404216,53.252
1780037194.6464016,53.252
1780037194.6524599,53.252
1780037194.6584585,53.252
1780037194.664284,53.252
1780037194.670465,53.252
1780037194.6764972,53.252
1780037194.682515,53.252
1780037194.6883533,53.252
1780037194.6944733,53.252
1780037194.7004318,53.252
1780037194.7064764,53.252
1780037194.7123353,53.252
1780037194.7179458,53.252
1780037194.7235875,53.253
1780037194.7292826,53.253
1780037194.7352824,53.252
1780037194.7412536,53.253
1780037194.74731,53.252
1780037194.753219,53.253
1780037194.7592545,53.252
1780037194.7652564,53.253
1780037194.7712193,53.253
1780037194.777244,53.252
1780037194.7831984,53.253
1780037194.7887487,53.252
1780037194.7944283,53.253
1780037194.800187,53.253
1780037194.8060734,53.253
1780037194.811978,53.253
1780037194.818039,53.253
1780037194.8240397,53.252
1780037194.8301477,53.253
1780037194.8359604,53.253
1780037194.8420663,53.253
1780037194.8480275,53.253
1780037194.8539987,53.253
1780037194.860075,53.253
1780037194.8660593,53.253
1780037194.8720584,53.253
1780037194.8778875,53.252
1780037194.8835597,53.253
1780037194.8891933,53.252
1780037194.894885,53.253
1780037194.900909,53.253
1780037194.9067888,53.253
1780037194.9128034,53.253
1780037194.9188328,53.253
1780037194.9249227,53.253
1780037194.9307368,53.253
1780037194.9369173,53.253
1780037194.9428768,53.253
1780037194.9487453,53.253
1780037194.9542634,53.253
1780037194.959642,53.253
1780037194.9656656,53.253
1780037194.9717047,53.253
1780037194.9775646,53.253
1780037194.9831605,53.253
1780037194.9887362,53.253
1780037194.9944773,53.253
1780037195.0002697,53.253
1780037195.0060065,53.253
1780037195.0118268,53.253
1780037195.0173976,53.253
1780037195.023203,53.253
1780037195.029244,53.253
1780037195.035251,53.253
1780037195.041247,53.253
1780037195.0471833,53.253
1780037195.0527568,53.253
1780037195.0580752,53.254
1780037195.0640204,53.253
1780037195.0700324,53.253
1780037195.0760167,53.253
1780037195.0820105,53.253
1780037195.0879772,53.253
1780037195.094044,53.253
1780037195.0999901,53.253
1780037195.106054,53.253
1780037195.1119926,53.253
1780037195.1179888,53.253
1780037195.1239862,53.254
1780037195.130044,53.253
1780037195.136053,53.254
1780037195.1420405,53.254
1780037195.1479843,53.254
1780037195.1540627,53.254
1780037195.1601562,53.253
1780037195.1659617,53.253
1780037195.1720543,53.253
1780037195.1780057,53.253
1780037195.1840212,53.254
1780037195.190029,53.254
1780037195.1960356,53.254
1780037195.2021139,53.253
1780037195.2080462,53.253
1780037195.2139523,53.254
1780037195.2195306,53.253
1780037195.2251058,53.254
1780037195.2308815,53.254
1780037195.2368293,53.253
1780037195.2428012,53.253
1780037195.248823,53.254
1780037195.2549536,53.253
1780037195.2607567,53.254
1780037195.2663784,53.254
1780037195.2720642,53.253
1780037195.2776768,53.253
1780037195.2836127,53.253
1780037195.2895472,53.254
1780037195.2951837,53.254
1780037195.3009014,53.253
1780037195.3064954,53.254
1780037195.3124073,53.253
1780037195.3184562,53.254
1780037195.3245292,53.253
1780037195.3303902,53.254
1780037195.3364377,53.253
1780037195.34244,53.253
1780037195.3484163,53.254
1780037195.3543234,53.254
1780037195.360581,53.254
1780037195.3664773,53.254
1780037195.3723168,53.254
1780037195.378365,53.253
1780037195.384393,53.254
1780037195.3905199,53.254
1780037195.3964875,53.254
1780037195.402429,53.254
1780037195.4085424,53.254
1780037195.4143417,53.254
1780037195.4204764,53.254
1780037195.4263692,53.254
1780037195.4320226,53.254
1780037195.4379065,53.254
1780037195.4434936,53.254
1780037195.4491906,53.253
1780037195.4552472,53.254
1780037195.4612906,53.254
1780037195.4672022,53.254
1780037195.4732318,53.254
1780037195.4792936,53.254
1780037195.485296,53.254
1780037195.4911375,53.254
1780037195.4972668,53.254
1780037195.5032723,53.254
1780037195.509181,53.254
1780037195.5152261,53.253
1780037195.5212255,53.254
1780037195.5273478,53.254
1780037195.5330803,53.254
1780037195.5387552,53.254
1780037195.5443358,53.254
1780037195.5500243,53.254
1780037195.556155,53.254
1780037195.5620267,53.254
1780037195.568049,53.254
1780037195.5740266,53.254
1780037195.5799875,53.253
1780037195.5860815,53.254
1780037195.592056,53.254
1780037195.5981038,53.254
1780037195.6039112,53.254
1780037195.6100702,53.254
1780037195.615983,53.254
1780037195.6220992,53.254
1780037195.6280248,53.254
1780037195.6340759,53.254
1780037195.6400678,53.254
1780037195.6459837,53.253
1780037195.6520855,53.254
1780037195.658109,53.254
1780037195.6640706,53.254
1780037195.6699636,53.254
1780037195.6760921,53.254
1780037195.6820757,53.254
1780037195.6881037,53.254
1780037195.693997,53.254
1780037195.70005,53.254
1780037195.7060544,53.254
1780037195.7119858,53.254
1780037195.7180793,53.254
1780037195.7241204,53.254
1780037195.7300997,53.254
1780037195.73599,53.254
1780037195.741568,53.254
1780037195.7471929,53.254
1780037195.752928,53.254
1780037195.758763,53.254
1780037195.7643743,53.254
1780037195.770078,53.254
1780037195.7756913,53.255
1780037195.7817235,53.254
1780037195.7876089,53.254
1780037195.7936811,53.254
1780037195.7996,53.254
1780037195.8055732,53.254
1780037195.8111312,53.254
1780037195.816703,53.254
1780037195.8224814,53.254
1780037195.8284044,53.254
1780037195.8339748,53.254
1780037195.83959,53.254
1780037195.8452485,53.254
1780037195.85116,53.254
1780037195.8572772,53.254
1780037195.863301,53.254
1780037195.8692255,53.255
1780037195.8752568,53.255
1780037195.8811934,53.254
1780037195.8872733,53.254
1780037195.8931375,53.254
1780037195.8992648,53.254
1780037195.905248,53.254
1780037195.9112563,53.254
1780037195.9171557,53.254
1780037195.9232864,53.254
1780037195.9293,53.254
1780037195.9351804,53.254
1780037195.9407728,53.254
1780037195.9465103,53.254
1780037195.9522812,53.254
1780037195.9581218,53.255
1780037195.9640193,53.254
1780037195.9701483,53.255
1780037195.9760463,53.254
1780037195.9821773,53.254
1780037195.9879944,53.254
1780037195.9941058,53.254
1780037196.000075,53.255
1780037196.0059617,53.254
1780037196.011581,53.254
1780037196.0170782,53.255
1780037196.0229225,53.254
1780037196.028803,53.254
1780037196.0344024,53.254
1780037196.0401134,53.255
1780037196.045854,53.255
1780037196.051549,53.255
1780037196.0572226,53.255
1780037196.0628817,53.254
1780037196.0684721,53.254
1780037196.0743928,53.254
1780037196.0803854,53.254
1780037196.0865705,53.254
1780037196.0923026,53.254
1780037196.0980024,53.255
1780037196.1035833,53.254
1780037196.1091683,53.254
1780037196.1153457,53.254
1780037196.1212206,53.254
1780037196.1272893,53.255
1780037196.1332827,53.254
1780037196.1392145,53.254
1780037196.1451464,53.255
1780037196.1512992,53.254
1780037196.1572428,53.255
1780037196.163234,53.255
1780037196.1692536,53.255
1780037196.175171,53.254
1780037196.1813412,53.254
1780037196.1872346,53.255
1780037196.1932776,53.254
1780037196.199188,53.254
1780037196.2052367,53.254
1780037196.2111223,53.255
1780037196.2167623,53.254
1780037196.222494,53.254
1780037196.2280977,53.255
1780037196.2340877,53.255
1780037196.2400188,53.254
1780037196.2461774,53.254
1780037196.2520328,53.254
1780037196.2580936,53.255
1780037196.2641203,53.255
1780037196.269973,53.255
1780037196.2760468,53.255
1780037196.2821565,53.255
1780037196.2881234,53.255
1780037196.2939653,53.255
1780037196.2995317,53.255
1780037196.3051777,53.255
1780037196.3108654,53.255
1780037196.3168008,53.255
1780037196.3230016,53.255
1780037196.3288853,53.255
1780037196.3348467,53.255
1780037196.340823,53.255
1780037196.3468657,53.255
1780037196.352896,53.255
1780037196.3587973,53.254
1780037196.3643727,53.255
1780037196.3700285,53.255
1780037196.375766,53.255
1780037196.3815606,53.255
1780037196.387691,53.255
1780037196.3936687,53.254
1780037196.399602,53.255
1780037196.4056218,53.254
1780037196.4116752,53.255
1780037196.4177215,53.255
1780037196.423651,53.255
1780037196.429609,53.255
1780037196.4357624,53.255
1780037196.4416714,53.255
1780037196.4476364,53.255
1780037196.4536304,53.255
1780037196.459659,53.255
1780037196.4655442,53.254
1780037196.47114,53.254
1780037196.4767241,53.255
1780037196.4825115,53.254
1780037196.4884648,53.255
1780037196.4944344,53.255
1780037196.5004745,53.255
1780037196.5064046,53.255
1780037196.5124562,53.255
1780037196.518427,53.255
1780037196.52452,53.255
1780037196.5304687,53.254
1780037196.5364294,53.255
1780037196.5420318,53.255
1780037196.5478902,53.255
1780037196.5534623,53.255
1780037196.5592437,53.255
1780037196.5652444,53.255
1780037196.5712507,53.254
1780037196.5772748,53.255
1780037196.5832565,53.255
1780037196.5892687,53.255
1780037196.5952287,53.255
1780037196.6012788,53.255
1780037196.607264,53.255
1780037196.6133513,53.255
1780037196.6192548,53.255
1780037196.6247373,53.255
1780037196.630462,53.255
1780037196.6360326,53.254
1780037196.6420586,53.255
1780037196.6481051,53.255
1780037196.6540914,53.255
1780037196.659918,53.255
1780037196.6661286,53.255
1780037196.6720858,53.255
1780037196.678119,53.255
1780037196.684006,53.255
1780037196.690132,53.255
1780037196.696044,53.255
1780037196.7019858,53.254
1780037196.708007,53.255
1780037196.7141511,53.255
1780037196.7200968,53.255
1780037196.7260425,53.255
1780037196.732055,53.255
1780037196.7380886,53.255
1780037196.7439728,53.255
1780037196.7500892,53.255
1780037196.7561495,53.255
1780037196.7619574,53.255
1780037196.767501,53.255
1780037196.7728896,53.255
1780037196.7789226,53.255
1780037196.7848365,53.255
1780037196.7908254,53.255
1780037196.7968585,53.255
1780037196.8028505,53.255
1780037196.8089478,53.255
1780037196.8148818,53.255
1780037196.820971,53.255
1780037196.8268008,53.255
1780037196.8324003,53.255
1780037196.8381488,54.0
1780037196.844035,53.255
1780037196.8496492,53.255
1780037196.8556316,53.255
1780037196.8616369,53.255
1780037196.8676646,53.254
1780037196.8737383,53.255
1780037196.8796625,53.255
1780037196.8857622,53.255
1780037196.8916264,53.255
1780037196.8972347,53.255
1780037196.9028797,53.255
1780037196.9086177,53.255
1780037196.9143722,53.255
1780037196.9205258,53.255
1780037196.9264567,53.255
1780037196.9324315,53.255
1780037196.938362,53.255
1780037196.9445205,53.255
1780037196.950473,53.255
1780037196.956456,53.255
1780037196.9624536,53.255
1780037196.968434,53.255
1780037196.9745328,54.0
1780037196.9804761,53.255
1780037196.9865992,53.255
1780037196.9924679,53.255
1780037196.9984,53.255
1780037197.004374,53.255
1780037197.0100408,53.255
1780037197.0159607,53.255
1780037197.0215302,53.255
1780037197.0272815,53.255
1780037197.0332675,53.254
1780037197.0393806,54.0
1780037197.0451868,53.255
1780037197.050641,53.255
1780037197.0562615,53.255
1780037197.0620003,53.255
1780037197.068115,53.255
1780037197.0740974,54.0
1780037197.0801592,53.255
1780037197.086035,53.255
1780037197.092091,53.255
1780037197.0980098,53.255
1780037197.1040227,54.0
1780037197.1100476,53.255
1780037197.1161942,53.255
1780037197.1219656,53.255
1780037197.1276042,53.255
1780037197.1332433,53.255
1780037197.139023,53.255
1780037197.144734,53.255
1780037197.1504407,53.255
1780037197.1560986,54.0
1780037197.1616316,53.255
1780037197.1675358,54.0
1780037197.1736958,53.255
1780037197.1796682,53.255
1780037197.1856108,53.255
1780037197.1915927,53.255
1780037197.1976247,53.255
1780037197.2031608,54.0
1780037197.2087586,53.255
1780037197.214521,53.255
1780037197.2204902,53.255
1780037197.2264948,53.255
1780037197.2324438,53.255
1780037197.2384236,53.255
1780037197.244764,53.255
1780037197.2504616,53.255
1780037197.2565055,53.255
1780037197.2624795,53.255
1780037197.2685015,53.255
1780037197.2744277,53.255
1780037197.280538,53.255
1780037197.286498,54.0
1780037197.2924595,54.0
1780037197.29846,53.255
1780037197.3045442,54.0
1780037197.3103988,53.255
1780037197.3160195,53.255
1780037197.3219314,53.255
1780037197.3274684,53.255
1780037197.3332496,53.255
1780037197.3392572,53.255
1780037197.3453913,53.255
1780037197.3512373,53.255
1780037197.3567982,53.255
1780037197.362508,53.255
1780037197.3682463,54.0
1780037197.3740141,53.255
1780037197.3801625,54.0
1780037197.3862362,54.0
1780037197.3920755,53.255
1780037197.398109,53.255
1780037197.404085,53.255
1780037197.4101393,53.255
1780037197.4160068,54.0
1780037197.4221547,53.255
1780037197.4279652,54.0
1780037197.434117,54.0
1780037197.4400637,54.0
1780037197.4461522,53.255
1780037197.4519541,53.255
1780037197.4575796,53.255
1780037197.463155,53.255
1780037197.4689164,53.255
1780037197.474731,53.255
1780037197.4809127,54.0
1780037197.4869409,54.0
1780037197.4928837,53.255
1780037197.4988286,53.255
1780037197.504923,53.255
1780037197.5109146,54.0
1780037197.516872,54.0
1780037197.5229304,53.255
1780037197.5289125,54.0
1780037197.5349374,53.255
1780037197.540806,54.0
1780037197.5469468,53.255
1780037197.5527465,53.255
1780037197.5584044,53.255
1780037197.5640292,53.255
1780037197.5697725,53.255
1780037197.5756893,54.0
1780037197.5817273,54.0
1780037197.5876858,53.255
1780037197.5936754,53.255
1780037197.5996623,54.0
1780037197.6057205,53.255
1780037197.6117184,54.0
1780037197.6176772,53.255
1780037197.6236756,54.0
1780037197.6296916,53.255
1780037197.6358376,54.0
1780037197.641624,53.255
1780037197.647795,54.0
1780037197.6535454,53.255
1780037197.6592283,53.255
1780037197.6648297,53.255
1780037197.6706133,53.255
1780037197.676406,53.255
1780037197.6825385,53.255
1780037197.6884615,53.255
1780037197.6944768,53.255
1780037197.7004154,54.0
1780037197.7065613,53.255
1780037197.7125163,53.255
1780037197.718402,53.255
1780037197.7245247,53.255
1780037197.7304435,53.255
1780037197.736511,53.255
1780037197.7424462,54.0
1780037197.7485816,54.0
1780037197.7544122,53.255
1780037197.7604744,54.0
1780037197.7663846,54.0
1780037197.7719464,54.0
1780037197.7775178,53.255
1780037197.7832603,54.0
1780037197.789307,54.0
1780037197.7952745,53.254
1780037197.8012476,54.0
1780037197.8068683,54.0
1780037197.8128073,54.0
1780037197.8183973,54.0
1780037197.8240585,53.255
1780037197.8300433,53.255
1780037197.8361485,54.0
1780037197.8420103,53.255
1780037197.847564,54.0
1780037197.8532877,54.0
1780037197.8587894,54.0
1780037197.8644345,54.0
1780037197.8700037,54.0
1780037197.8757997,54.0
1780037197.8815992,53.255
1780037197.8877301,54.0
1780037197.893628,54.0
1780037197.899526,54.0
1780037197.9052553,53.255
1780037197.911143,53.255
1780037197.916699,54.0
1780037197.9224403,54.0
1780037197.9284997,53.255
1780037197.9345655,53.255
1780037197.9404478,53.255
1780037197.9464576,54.0
1780037197.9525437,54.0
1780037197.9583626,54.0
1780037197.964531,54.0
1780037197.970522,54.0
1780037197.97645,53.255
1780037197.9824474,54.0
1780037197.9884424,53.255
1780037197.9944634,53.254
1780037198.0003865,54.0
1780037198.006488,54.0
1780037198.012509,54.0
1780037198.0184593,54.0
1780037198.0245104,54.0
1780037198.03045,53.255
1780037198.0365512,53.255
1780037198.0424387,53.255
1780037198.0485363,53.255
1780037198.0543766,53.255
1780037198.0604308,53.255
1780037198.0664825,54.0
1780037198.072525,53.255
1780037198.0784638,54.0
1780037198.0844657,54.0
1780037198.090537,54.0
1780037198.096453,54.0
1780037198.102517,53.255
1780037198.1085331,53.255
1780037198.114365,54.0
1780037198.1200044,53.255
1780037198.1256707,53.255
1780037198.131435,54.0
1780037198.1371648,54.0
1780037198.1428642,53.255
1780037198.1487663,54.0
1780037198.1543205,53.255
1780037198.160002,54.0
1780037198.165608,54.0
1780037198.1713722,53.255
1780037198.1769874,53.255
1780037198.1829283,54.0
1780037198.1889396,54.0
1780037198.1948144,53.255
1780037198.2009118,53.255
1780037198.206913,53.255
1780037198.212848,54.0
1780037198.2188182,54.0
1780037198.2248943,54.0
1780037198.23089,54.0
1780037198.2367265,54.0
1780037198.242412,54.0
1780037198.2481592,54.0
1780037198.2537894,53.255
1780037198.2596014,53.255
1780037198.2652514,54.0
1780037198.2709498,53.255
1780037198.276512,54.0
1780037198.2824867,54.0
1780037198.2884746,53.255
1780037198.2944462,53.255
1780037198.3004997,54.0
1780037198.3065429,53.255
1780037198.3123655,54.0
1780037198.3180099,53.255
1780037198.3236134,54.0
1780037198.3292773,53.255
1780037198.335164,54.0
1780037198.340831,54.0
1780037198.3467402,54.0
1780037198.3522384,54.0
1780037198.3580742,54.0
1780037198.3640604,54.0
1780037198.3701625,53.255
1780037198.3760965,54.0
1780037198.3821735,54.0
1780037198.3880508,54.0
1780037198.3940597,53.255
1780037198.4000692,53.255
1780037198.4062471,53.255
1780037198.4119985,53.255
1780037198.417635,54.0
1780037198.4234478,54.0
1780037198.4291162,53.255
1780037198.4348485,54.0
1780037198.440469,53.255
1780037198.446319,53.255
1780037198.4518275,54.0
1780037198.457926,53.255
1780037198.4636617,54.0
1780037198.4697518,54.0
1780037198.4757,54.0
1780037198.481691,53.255
1780037198.4876285,54.0
1780037198.4936135,53.255
1780037198.4996629,54.0
1780037198.5057359,54.0
1780037198.5116813,54.0
1780037198.5177004,53.255
1780037198.5235906,54.0
1780037198.5297623,54.0
1780037198.5356677,54.0
1780037198.5417352,54.0
1780037198.5476847,53.255
1780037198.5536642,53.255
1780037198.5596528,53.255
1780037198.5657794,54.0
1780037198.5716095,53.255
1780037198.5771902,54.0
1780037198.5829823,54.0
1780037198.5885298,54.0
1780037198.594532,54.0
1780037198.6005912,53.255
1780037198.606413,53.255
1780037198.6120236,53.255
1780037198.6176987,54.0
1780037198.6232715,54.0
1780037198.6292322,54.0
1780037198.6352627,54.0
1780037198.641393,54.0
1780037198.6472774,53.255
1780037198.653342,54.0
1780037198.6592698,53.255
1780037198.6654432,54.0
1780037198.6712623,54.0
1780037198.6774187,53.255
1780037198.6832418,53.255
1780037198.688822,53.255
1780037198.6944273,54.0
1780037198.7001781,54.0
1780037198.706052,54.0
1780037198.711619,53.255
1780037198.7172756,53.255
1780037198.7228096,53.255
1780037198.728937,54.0
1780037198.7349353,54.0
1780037198.7409682,54.0
1780037198.7468607,53.255
1780037198.752852,53.255
1780037198.758886,53.254
1780037198.7648401,54.0
1780037198.771002,53.255
1780037198.7769127,53.255
1780037198.7827973,53.255
1780037198.7882833,54.0
1780037198.793819,53.255
1780037198.7997866,54.0
1780037198.8056808,54.0
1780037198.8118255,54.0
1780037198.8176384,53.255
1780037198.8232968,53.255
1780037198.8291461,54.023
1780037198.8343933,54.014
1780037198.8398213,54.014
1780037198.8451645,54.01
1780037198.8506124,54.012
1780037198.8559465,54.013
1780037198.8613944,54.012
1780037198.86676,54.01
1780037198.872212,54.011
1780037198.8775356,54.011
1780037198.883001,54.013
1780037198.8883512,54.01
1780037198.8939614,54.012
1780037198.8992577,54.012
1780037198.9046297,54.012
1780037198.909941,54.01
1780037198.9153895,54.009
1780037198.9207475,54.011
1780037198.9261909,54.013
1780037198.9315464,54.01
1780037198.9369988,54.011
1780037198.9423192,54.012
1780037198.9475825,54.011
1780037198.9530942,54.009
1780037198.9583716,54.01
1780037198.9639544,54.01
1780037198.9693954,54.012
1780037198.9747517,54.009
1780037198.9801958,54.009
1780037198.985548,54.011
1780037198.990995,54.01
1780037198.996338,54.01
1780037199.0017884,54.009
1780037199.007142,54.011
1780037199.0125859,54.012
1780037199.0179412,54.01
1780037199.0233884,54.009
1780037199.0287435,54.011
1780037199.0341918,54.01
1780037199.0395217,54.01
1780037199.0447934,54.009
1780037199.05033,54.01
1780037199.0555985,54.011
1780037199.0611334,54.01
1780037199.066587,54.008
1780037199.0719435,54.01
1780037199.0773847,54.01
1780037199.0827372,54.01
1780037199.0882204,54.009
1780037199.0935435,54.009
1780037199.0991619,54.011
1780037199.1044376,54.009
1780037199.109831,54.009
1780037199.115103,54.01
1780037199.1203732,54.009
1780037199.1259391,54.01
1780037199.1313915,54.008
1780037199.1368253,54.01
1780037199.142221,54.01
1780037199.1475558,54.009
1780037199.153001,54.009
1780037199.1585188,54.006
1780037199.1645174,53.247
1780037199.1706493,53.248
1780037199.1765382,53.253
1780037199.1825218,53.252
1780037199.188491,53.253
1780037199.194516,53.252
1780037199.20048,53.252
1780037199.206451,53.252
1780037199.2125306,53.252
1780037199.2185345,53.252
1780037199.224377,53.252
1780037199.22993,53.252
1780037199.2353628,53.252
1780037199.2413049,53.252
1780037199.247334,53.252
1780037199.2532337,53.253
1780037199.2592208,53.252
1780037199.2652562,53.252
1780037199.2713223,53.253
1780037199.277135,53.252
1780037199.2832654,53.253
1780037199.289277,53.252
1780037199.2952118,53.253
1780037199.3013415,53.253
1780037199.3073382,53.252
1780037199.3133404,53.253
1780037199.3192859,53.253
1780037199.3252413,53.253
1780037199.3307917,53.252
1780037199.336323,53.253
1780037199.3421867,53.253
1780037199.3480122,53.253
1780037199.3540595,53.253
1780037199.360156,53.253
1780037199.3660767,53.253
1780037199.372198,53.253
1780037199.3781025,53.253
1780037199.3840897,53.253
1780037199.390094,53.253
1780037199.3961027,53.252
1780037199.4019995,53.253
1780037199.4081624,53.252
1780037199.4142394,53.253
1780037199.419995,53.253
1780037199.425631,53.253
1780037199.4313629,53.253
1780037199.4371266,53.253
1780037199.4429574,53.253
1780037199.448815,53.253
1780037199.4544575,53.253
1780037199.4601216,53.253
1780037199.4658537,53.253
1780037199.4717274,53.253
1780037199.4777036,53.253
1780037199.4837708,53.253
1780037199.4895575,53.253
1780037199.4952025,53.253
1780037199.5008366,53.253
1780037199.5066206,53.253
1780037199.5124948,53.253
1780037199.5184622,53.253
1780037199.5240552,53.253
1780037199.52981,53.253
1780037199.535542,53.253
1780037199.5412903,53.253
1780037199.5472364,53.253
1780037199.5532813,53.253
1780037199.5592492,53.253
1780037199.5653281,53.253
1780037199.571252,53.253
1780037199.5773594,53.253
1780037199.5833209,53.253
1780037199.589254,53.253
1780037199.59533,53.253
1780037199.6012857,53.253
1780037199.607362,53.253
1780037199.613235,53.253
1780037199.6192427,53.253
1780037199.625332,53.253
1780037199.6313286,53.253
1780037199.637349,53.253
1780037199.643245,53.253
1780037199.6487904,53.253
1780037199.65447,53.254
1780037199.6601775,53.253
1780037199.666035,53.253
1780037199.672108,53.253
1780037199.6781747,53.253
1780037199.6840422,53.253
1780037199.690063,53.253
1780037199.6960917,53.253
1780037199.7021596,53.253
1780037199.7081208,53.253
1780037199.7140453,53.254
1780037199.720166,53.254
1780037199.726168,53.254
1780037199.732218,53.254
1780037199.7381082,53.253
1780037199.7440822,53.254
1780037199.7501934,53.253
1780037199.756132,53.253
1780037199.7620523,53.254
1780037199.7681558,53.254
1780037199.7742217,53.253
1780037199.7800567,53.253
1780037199.7861238,53.253
1780037199.7921515,53.254
1780037199.7981927,53.253
1780037199.803963,53.253
1780037199.8101144,53.253
1780037199.8161323,53.254
1780037199.8220613,53.253
1780037199.8281794,53.254
1780037199.8340764,53.254
1780037199.8401694,53.253
1780037199.846109,53.253
1780037199.8520381,53.254
1780037199.8581607,53.254
1780037199.864091,53.253
1780037199.870149,53.254
1780037199.8760686,53.254
1780037199.8820965,53.254
1780037199.8881245,53.253
1780037199.8942664,53.254
1780037199.9000914,53.254
1780037199.9062421,53.254
1780037199.9121244,53.254
1780037199.9181502,53.254
1780037199.9241648,53.254
1780037199.930131,53.254
1780037199.9361715,53.254
1780037199.9420214,53.254
1780037199.9481244,53.254
1780037199.954132,53.254
1780037199.9602146,53.254
1780037199.9661968,53.254
1780037199.972135,53.254
1780037199.9781792,53.254
1780037199.9840147,53.254
1780037199.9901915,53.254
1780037199.9960923,53.254
1780037200.0021932,53.254
1780037200.0080237,53.254
1780037200.0141017,53.254
1780037200.0201285,53.254
1780037200.0261614,53.254
1780037200.032232,53.254
1780037200.0380692,53.254
1780037200.0441885,53.254
1780037200.050156,53.254
1780037200.0561938,53.254
1780037200.0620503,53.254
1780037200.0681014,53.254
1780037200.0741324,53.254
1780037200.0800955,53.254
1780037200.0860934,53.254
1780037200.0921462,53.254
1780037200.0981548,53.254
1780037200.104068,53.254
1780037200.11003,53.254
1780037200.1161668,53.254
1780037200.1221893,53.254
1780037200.1279936,53.254
1780037200.1341975,53.254
1780037200.1401172,53.254
1780037200.1460545,53.254
1780037200.1515794,53.253
1780037200.157069,53.254
1780037200.162972,53.254
1780037200.1689932,53.254
1780037200.1748276,53.254
1780037200.180968,53.254
1780037200.1869454,53.254
1780037200.1929753,53.254
1780037200.198878,53.254
1780037200.204892,53.254
1780037200.2109628,53.254
1780037200.2168365,53.253
1780037200.2228785,53.254
1780037200.2289839,53.254
1780037200.2350037,53.254
1780037200.2408774,53.254
1780037200.2464654,53.254
1780037200.2521331,53.254
1780037200.2578654,53.254
1780037200.2635858,53.254
1780037200.2697072,53.254
1780037200.2757356,53.254
1780037200.2816298,53.254
1780037200.2877975,53.255
1780037200.2936416,53.254
1780037200.2997968,53.254
1780037200.305749,53.254
1780037200.3116279,53.254
1780037200.3177667,53.254
1780037200.323729,53.254
1780037200.3297658,53.254
1780037200.3356116,53.254
1780037200.341745,53.254
1780037200.3477023,53.254
1780037200.3537173,53.254
1780037200.3597193,53.254
1780037200.3657017,53.254
1780037200.3717442,53.254
1780037200.377614,53.254
1780037200.3837361,53.254
1780037200.389736,53.254
1780037200.395765,53.254
1780037200.401597,53.254
1780037200.4072173,53.254
1780037200.4128335,53.254
1780037200.4185545,53.255
1780037200.4244606,53.254
1780037200.430587,53.254
1780037200.436564,53.254
1780037200.4424925,53.254
1780037200.4484665,53.254
1780037200.4545114,53.254
1780037200.4605346,53.255
1780037200.4665043,53.254
1780037200.472461,53.254
1780037200.478553,53.254
1780037200.484532,53.255
1780037200.4904382,53.254
1780037200.49655,53.254
1780037200.5025465,53.254
1780037200.5084977,53.254
1780037200.5144312,53.254
1780037200.520497,53.254
1780037200.5266058,53.254
1780037200.53246,53.254
1780037200.5380564,53.255
1780037200.543711,53.254
1780037200.549338,53.254
1780037200.555345,53.255
1780037200.5613067,53.254
1780037200.5673602,53.254
1780037200.5732193,53.254
1780037200.5792668,53.254
1780037200.5852728,53.254
1780037200.591425,53.254
1780037200.5972345,53.254
1780037200.6032863,53.254
1780037200.6092846,53.254
1780037200.6153147,53.255
1780037200.6213095,53.255
1780037200.6272817,53.254
1780037200.6333976,53.254
1780037200.6391861,53.255
1780037200.6447601,53.255
1780037200.6502013,53.255
1780037200.6561248,53.254
1780037200.6622412,53.255
1780037200.6680477,53.254
1780037200.6741667,53.255
1780037200.6801271,53.254
1780037200.6862698,53.254
1780037200.6921182,53.255
1780037200.6981332,53.255
1780037200.7042196,53.255
1780037200.710087,53.255
1780037200.7160938,53.254
1780037200.7221603,53.254
1780037200.728149,53.255
1780037200.7341862,53.255
1780037200.7401235,53.255
1780037200.7461035,53.254
1780037200.7522013,53.255
1780037200.7580388,53.255
1780037200.7635977,53.255
1780037200.7692852,53.255
1780037200.774936,53.255
1780037200.7809007,53.255
1780037200.786985,53.255
1780037200.7929819,53.254
1780037200.7988877,53.255
1780037200.8049088,53.255
1780037200.8108935,53.254
1780037200.817034,53.254
1780037200.822886,53.255
1780037200.8289006,53.255
1780037200.8349867,53.255
1780037200.8407865,53.255
1780037200.8469508,53.255
1780037200.8529654,53.255
1780037200.858961,53.254
1780037200.8648307,53.255
1780037200.8709385,53.255
1780037200.8769248,53.254
1780037200.8830118,53.255
1780037200.8888884,53.255
1780037200.8949077,53.255
1780037200.9009125,53.255
1780037200.906823,53.255
1780037200.912949,53.255
1780037200.9189131,53.255
1780037200.9249668,53.255
1780037200.9309235,53.255
1780037200.9369333,53.255
1780037200.9429388,53.254
1780037200.9490244,53.255
1780037200.9548454,53.255
1780037200.9604228,53.255
1780037200.9661317,53.255
1780037200.971608,53.254
1780037200.9772232,53.254
1780037200.982824,53.255
1780037200.988511,53.254
1780037200.9945006,53.255
1780037201.0004768,53.255
1780037201.00658,53.255
1780037201.0125647,53.255
1780037201.018509,53.255
1780037201.0244806,53.255
1780037201.0305665,53.255
1780037201.036494,53.255
1780037201.0425406,53.254
1780037201.0484662,53.255
1780037201.0548582,53.255
1780037201.060551,53.255
1780037201.0665596,53.255
1780037201.0725014,53.255
1780037201.0786006,53.255
1780037201.08453,53.255
1780037201.090535,53.255
1780037201.0965781,53.255
1780037201.1024554,53.255
1780037201.1084359,53.255
1780037201.1145804,53.255
1780037201.1204753,53.255
1780037201.126457,53.255
1780037201.132521,53.255
1780037201.1384335,53.255
1780037201.1445913,53.255
1780037201.1504745,53.255
1780037201.1565952,53.255
1780037201.16254,53.255
1780037201.1684427,53.255
1780037201.1740687,53.254
1780037201.179614,53.255
1780037201.1854103,53.255
1780037201.19133,53.255
1780037201.1973476,53.255
1780037201.2032537,53.255
1780037201.2091842,53.255
1780037201.2153459,53.255
1780037201.221434,53.255
1780037201.2272518,53.255
1780037201.2328343,53.255
1780037201.2384584,53.255
1780037201.2441943,53.255
1780037201.250223,53.255
1780037201.256136,53.255
1780037201.2621903,53.255
1780037201.2680473,53.255
1780037201.2736104,53.254
1780037201.2790914,53.255
1780037201.2849917,53.255
1780037201.2909176,53.255
1780037201.2968853,53.255
1780037201.3029819,53.255
1780037201.30896,53.255
1780037201.315013,53.255
1780037201.320918,53.255
1780037201.3270488,53.255
1780037201.3328407,53.255
1780037201.3384051,53.255
1780037201.3438082,54.0
1780037201.3497717,53.255
1780037201.3557167,53.255
1780037201.3616812,53.255
1780037201.3676956,53.255
1780037201.3736827,53.254
1780037201.3797116,53.255
1780037201.3857262,53.255
1780037201.3917696,53.255
1780037201.39765,53.255
1780037201.4036822,53.255
1780037201.409584,53.255
1780037201.4158552,53.255
1780037201.4216063,53.255
1780037201.4272645,53.255
1780037201.4328763,53.255
1780037201.438461,53.254
1780037201.4446254,53.255
1780037201.4505095,53.255
1780037201.4565952,53.255
1780037201.4624197,53.255
1780037201.468465,53.255
1780037201.4740882,53.255
1780037201.479694,53.255
1780037201.4853313,53.255
1780037201.4912958,54.0
1780037201.497426,53.255
1780037201.5032513,54.0
1780037201.5092592,53.255
1780037201.5153272,53.255
1780037201.52141,53.255
1780037201.5272417,53.255
1780037201.5328395,53.255
1780037201.538511,53.255
1780037201.5442452,53.255
1780037201.5501926,53.255
1780037201.5561144,53.255
1780037201.562239,53.255
1780037201.568142,53.255
1780037201.5742693,54.0
1780037201.5801556,53.255
1780037201.586282,53.255
1780037201.59206,53.255
1780037201.597668,53.255
1780037201.603272,53.255
1780037201.6090279,53.255
1780037201.614851,53.255
1780037201.6209657,53.255
1780037201.6270175,53.255
1780037201.6329458,53.255
1780037201.6388757,53.255
1780037201.6449482,53.255
1780037201.650972,54.0
1780037201.6568642,53.255
1780037201.662921,53.255
1780037201.668917,53.255
1780037201.6749961,53.255
1780037201.680972,53.255
1780037201.686964,54.0
1780037201.6930013,53.255
1780037201.698884,53.255
1780037201.7049885,53.255
1780037201.711009,53.255
1780037201.7169197,53.255
1780037201.722915,53.255
1780037201.728915,53.255
1780037201.7349143,53.255
1780037201.7408056,54.0
1780037201.7465026,53.255
1780037201.7523985,53.255
1780037201.757959,53.255
1780037201.7636707,53.255
1780037201.7692432,53.255
1780037201.7748904,53.255
1780037201.7804961,53.255
1780037201.786588,53.255
1780037201.792585,53.255
1780037201.7984853,53.255
1780037201.8040397,53.255
1780037201.809602,53.255
1780037201.815352,53.255
1780037201.8212616,53.255
1780037201.8268926,53.255
1780037201.8325212,53.255
1780037201.8381722,53.255
1780037201.8440523,53.255
1780037201.849685,53.255
1780037201.8556054,53.255
1780037201.861145,53.255
1780037201.8668964,53.255
1780037201.8728788,54.0
1780037201.8790598,53.255
1780037201.8848946,53.255
1780037201.8909461,53.255
1780037201.896964,53.255
1780037201.9028783,53.255
1780037201.908954,54.0
1780037201.914987,53.255
1780037201.9208841,53.255
1780037201.9269018,53.255
1780037201.9329398,54.0
1780037201.9390209,54.0
1780037201.944943,53.255
1780037201.950975,53.255
1780037201.9569411,53.255
1780037201.9628956,53.255
1780037201.968439,53.255
1780037201.9740186,54.0
1780037201.9797554,53.255
1780037201.985754,53.255
1780037201.9917657,53.255
1780037201.9976842,54.0
1780037202.0037065,53.255
1780037202.0096757,53.255
1780037202.0152538,53.255
1780037202.0209866,54.0
1780037202.0266206,53.255
1780037202.0326095,53.255
1780037202.0385542,53.255
1780037202.044668,53.255
1780037202.050538,53.255
1780037202.0566118,54.0
1780037202.062466,53.255
1780037202.0680583,53.254
1780037202.0735564,53.255
1780037202.0794437,53.255
1780037202.0852194,54.0
1780037202.0908754,53.255
1780037202.0964932,53.255
1780037202.1021128,53.255
1780037202.1082578,53.255
1780037202.1141691,53.255
1780037202.120196,53.255
1780037202.1261075,53.255
1780037202.1316652,53.255
1780037202.1373615,54.0
1780037202.1431513,54.0
1780037202.1488652,53.255
1780037202.154954,53.255
1780037202.1609902,53.255
1780037202.1668875,53.255
1780037202.1729336,54.0
1780037202.1789548,53.255
1780037202.1849937,54.0
1780037202.190928,53.255
1780037202.1969728,54.0
1780037202.2029436,53.255
1780037202.2089849,53.255
1780037202.2149055,53.255
1780037202.2209885,53.255
1780037202.226851,54.0
1780037202.232389,54.0
1780037202.2377093,54.0
1780037202.2438114,53.255
1780037202.249633,53.255
1780037202.2557158,53.255
1780037202.2611804,54.0
1780037202.2666934,53.255
1780037202.2724533,54.0
1780037202.278635,54.0
1780037202.2845786,54.0
1780037202.2905762,54.0
1780037202.2965484,54.0
1780037202.3025143,54.0
1780037202.3086553,54.0
1780037202.3145459,54.0
1780037202.3206258,54.0
1780037202.3264256,54.0
1780037202.3319795,54.0
1780037202.33736,54.0
1780037202.3434272,53.255
1780037202.3492339,53.255
1780037202.3548827,53.255
1780037202.3605287,53.255
1780037202.3661408,53.255
1780037202.372158,54.0
1780037202.3782403,54.0
1780037202.3841975,53.255
1780037202.3900907,53.255
1780037202.3956766,53.255
1780037202.4013286,54.0
1780037202.4069552,54.0
1780037202.412911,53.255
1780037202.4189315,53.255
1780037202.4250276,54.0
1780037202.430921,54.0
1780037202.436809,54.0
1780037202.4430242,53.255
1780037202.448806,54.0
1780037202.454929,54.0
1780037202.4609294,53.255
1780037202.467006,53.255
1780037202.4728844,54.0
1780037202.4785094,54.0
1780037202.4842563,54.0
1780037202.489782,53.255
1780037202.4957044,54.0
1780037202.5012386,54.0
1780037202.5069635,54.0
1780037202.512514,53.255
1780037202.5184937,54.0
1780037202.5245569,53.255
1780037202.5304635,54.0
1780037202.536604,54.0
1780037202.5425491,53.255
1780037202.5485742,53.255
1780037202.554534,54.0
1780037202.5606365,53.255
1780037202.5664878,53.255
1780037202.5724554,54.0
1780037202.5786405,54.0
1780037202.5845551,53.255
1780037202.590521,54.0
1780037202.5965917,54.0
1780037202.6025743,54.0
1780037202.6086457,53.255
1780037202.6144738,53.255
1780037202.620021,53.255
1780037202.6257608,53.255
1780037202.631288,53.254
1780037202.6374047,54.0
1780037202.6434052,53.255
1780037202.6493845,54.0
1780037202.6553526,54.0
1780037202.6613274,54.0
1780037202.6674528,54.0
1780037202.6732461,54.0
1780037202.6794293,54.0
1780037202.6854036,53.255
1780037202.6912816,54.0
1780037202.6974156,53.254
1780037202.7033687,54.0
1780037202.7094543,53.255
1780037202.7153463,53.255
1780037202.7213807,53.255
1780037202.7272692,54.0
1780037202.7332468,53.255
1780037202.7393568,54.0
1780037202.7453823,53.255
1780037202.7512982,54.0
1780037202.756812,53.255
1780037202.7625024,54.0
1780037202.7682533,54.0
1780037202.774215,54.0
1780037202.780233,53.255
1780037202.7861931,54.0
1780037202.7920792,53.255
1780037202.7976387,53.255
1780037202.8032382,54.0
1780037202.8088324,53.255
1780037202.8145037,54.0
1780037202.8202019,54.0
1780037202.8257053,53.255
1780037202.8312478,53.255
1780037202.8367853,53.255
1780037202.8425944,53.255
1780037202.84856,53.255
1780037202.8545573,54.0
1780037202.860628,54.0
1780037202.8665166,54.0
1780037202.8724785,54.0
1780037202.8786438,54.0
1780037202.8844879,54.0
1780037202.8905408,53.255
1780037202.896541,54.0
1780037202.9020696,54.0
1780037202.9076784,54.0
1780037202.9134865,54.0
1780037202.919413,53.255
1780037202.9252505,53.255
1780037202.9308677,53.254
1780037202.9363606,53.255
1780037202.9422493,54.0
1780037202.948198,53.255
1780037202.9542449,53.255
1780037202.9599876,54.0
1780037202.9656532,53.255
1780037202.9714668,54.0
1780037202.9772615,53.255
1780037202.9828126,54.0
1780037202.9885125,54.0
1780037202.994129,53.255
1780037202.9997714,54.0
1780037203.0056767,53.255
1780037203.0118268,53.255
1780037203.0177746,53.255
1780037203.0236888,54.0
1780037203.0292487,54.0
1780037203.0347102,54.0
1780037203.0406165,53.255
1780037203.0464585,53.255
1780037203.0526009,53.255
1780037203.058445,54.0
1780037203.0640721,53.255
1780037203.0697033,54.0
1780037203.0754752,53.255
1780037203.0812519,53.255
1780037203.0868793,54.0
1780037203.0925083,53.255
1780037203.0981507,53.255
1780037203.1040742,54.0
1780037203.1097286,54.0
1780037203.115576,54.0
1780037203.1211514,53.255
1780037203.1269472,54.0
1780037203.1330268,54.0
1780037203.1390224,53.255
1780037203.144883,53.255
1780037203.1510494,53.255
1780037203.156901,54.0
1780037203.1628287,54.0
1780037203.1684716,54.0
1780037203.1741545,54.0
1780037203.1797001,54.0
1780037203.1856954,54.0
1780037203.1917868,53.255
1780037203.1976748,53.255
1780037203.2038062,53.255
1780037203.2097795,54.0
1780037203.2157197,54.0
1780037203.2217216,54.0
1780037203.2277672,53.255
1780037203.233776,54.0
1780037203.23967,54.0
1780037203.2458632,54.0
1780037203.2517886,53.255
1780037203.2576368,54.0
1780037203.263255,53.255
1780037203.2688112,54.0
1780037203.2746623,53.255
1780037203.2805202,54.0
1780037203.2866733,54.0
1780037203.2924688,53.255
1780037203.2984169,53.255
1780037203.304112,53.255
1780037203.310036,54.0
1780037203.3156097,53.255
1780037203.321292,53.255
1780037203.3274043,53.255
1780037203.3333762,54.0
1780037203.3393877,53.255
1780037203.3453972,53.255
1780037203.3513708,54.0
1780037203.3572776,53.255
1780037203.362759,53.254
1780037203.3680017,54.021
1780037203.3732464,54.013
1780037203.3788128,54.012
1780037203.384257,54.01
1780037203.3895721,54.01
1780037203.3948476,54.013
1780037203.4004078,54.012
1780037203.4058547,54.011
1780037203.4112132,54.01
1780037203.4166646,54.011
1780037203.4220045,54.013
1780037203.427476,54.011
1780037203.4328072,54.012
1780037203.4382591,54.009
1780037203.4436104,54.012
1780037203.4490542,54.011
1780037203.4544039,54.01
1780037203.4598527,54.011
1780037203.4651978,54.012
1780037203.4704645,54.011
1780037203.4760094,54.01
1780037203.4814627,54.012
1780037203.4867563,54.01
1780037203.4920223,54.012
1780037203.4976137,54.01
1780037203.5030587,54.009
1780037203.5084262,54.012
1780037203.5138712,54.011
1780037203.5192122,54.009
1780037203.5246665,54.01
1780037203.530002,54.01
1780037203.5354822,54.012
1780037203.5408316,54.009
1780037203.546276,54.011
1780037203.5516746,54.011
1780037203.5571148,54.007
1780037203.562514,54.007
1780037203.5678978,54.011
1780037203.5731719,54.01
1780037203.5784411,54.011
1780037203.584062,54.009
1780037203.589494,54.01
1780037203.594819,54.011
1780037203.60026,54.01
1780037203.6056046,54.008
1780037203.6110578,54.009
1780037203.6164167,54.009
1780037203.6218612,54.011
1780037203.627241,54.008
1780037203.6326828,54.01
1780037203.6380272,54.011
1780037203.6434653,54.01
1780037203.6488311,54.007
1780037203.654283,54.008
1780037203.6596105,54.009
1780037203.66507,54.011
1780037203.670422,54.007
1780037203.6758623,54.008
1780037203.6811814,54.011
1780037203.6864474,54.009
1780037203.6920125,54.007
1780037203.6974566,54.008
1780037203.7029443,53.246
1780037203.7088935,53.249
1780037203.7150044,53.253
1780037203.7210474,53.253
1780037203.7269588,53.253
1780037203.732981,53.252
1780037203.7389455,53.252
1780037203.7450817,53.252
1780037203.7509055,53.252
1780037203.7569692,53.252
1780037203.7630029,53.253
1780037203.7689414,53.253
1780037203.7749465,53.253
1780037203.7809176,53.252
1780037203.7870119,53.252
1780037203.7929544,53.252
1780037203.798858,53.253
1780037203.8044474,53.252
1780037203.810073,53.253
1780037203.8158267,53.253
1780037203.8216858,53.252
1780037203.8277495,53.253
1780037203.8337808,53.253
1780037203.839832,53.253
1780037203.8458078,53.253
1780037203.8517416,53.252
1780037203.8578184,53.253
1780037203.8637905,53.253
1780037203.8697348,53.252
1780037203.8757346,53.253
1780037203.8812923,53.253
1780037203.8869996,53.253
1780037203.8924816,53.252
1780037203.8980796,53.253
1780037203.9037068,53.253
1780037203.909452,53.253
1780037203.9153953,53.253
1780037203.9213936,53.253
1780037203.9272997,53.253
1780037203.9328039,53.253
1780037203.9384842,53.253
1780037203.9441042,53.253
1780037203.9502027,53.253
1780037203.956242,53.253
1780037203.9621527,53.253
1780037203.9681542,53.252
1780037203.9741106,53.253
1780037203.9802406,53.253
1780037203.9862413,53.253
1780037203.9921772,53.253
1780037203.9982374,53.253
1780037204.004171,53.253
1780037204.0102346,53.253
1780037204.016096,53.253
1780037204.022218,53.253
1780037204.0281816,53.253
1780037204.034183,53.253
1780037204.040247,53.253
1780037204.046163,53.253
1780037204.0522335,53.253
1780037204.0582023,53.253
1780037204.0641336,53.253
1780037204.0701318,53.253
1780037204.0761912,53.253
1780037204.0822427,53.253
1780037204.0881906,53.253
1780037204.0941408,53.253
1780037204.1001344,53.253
1780037204.106283,53.253
1780037204.1121123,53.254
1780037204.1182454,53.253
1780037204.124201,53.253
1780037204.1301777,53.253
1780037204.1360147,53.254
1780037204.1421762,53.253
1780037204.148239,53.253
1780037204.154106,53.253
1780037204.1601205,53.253
1780037204.1662116,53.253
1780037204.1721902,53.253
1780037204.1782134,53.253
1780037204.184215,53.253
1780037204.1901703,53.253
1780037204.1961775,53.254
1780037204.2016463,53.254
1780037204.2072637,53.253
1780037204.2130282,53.254
1780037204.2190907,53.253
1780037204.2248814,53.253
1780037204.2304733,53.253
1780037204.2361457,53.254
1780037204.2419488,53.253
1780037204.2478068,53.254
1780037204.2536469,53.253
1780037204.2597642,53.254
1780037204.2657945,53.254
1780037204.2718782,53.254
1780037204.277733,53.254
1780037204.2838042,53.253
1780037204.2897732,53.254
1780037204.2957776,53.253
1780037204.301666,53.254
1780037204.307828,53.253
1780037204.313783,53.253
1780037204.319646,53.254
1780037204.3257377,53.254
1780037204.3317506,53.254
1780037204.3378384,53.254
1780037204.3437526,53.253
1780037204.3496997,53.253
1780037204.3558207,53.254
1780037204.361791,53.253
1780037204.367867,53.254
1780037204.3737988,53.254
1780037204.3798823,53.254
1780037204.3858352,53.254
1780037204.391761,53.254
1780037204.3977349,53.254
1780037204.4038346,53.254
1780037204.4098244,53.254
1780037204.4157317,53.253
1780037204.42129,53.254
1780037204.4269605,53.253
1780037204.432686,53.253
1780037204.4385903,53.254
1780037204.4445827,53.254
1780037204.450658,53.254
1780037204.4565103,53.254
1780037204.4625833,53.254
1780037204.4685192,53.254
1780037204.4741175,53.254
1780037204.4798455,53.254
1780037204.4854174,53.253
1780037204.49138,53.254
1780037204.4973118,53.254
1780037204.5034573,53.254
1780037204.509307,53.254
1780037204.5153787,53.254
1780037204.5214183,53.254
1780037204.5273726,53.253
1780037204.5333235,53.254
1780037204.539393,53.254
1780037204.5453959,53.254
1780037204.5512793,53.254
1780037204.5573165,53.254
1780037204.5632775,53.254
1780037204.569467,53.254
1780037204.5753424,53.254
1780037204.5813262,53.254
1780037204.5874083,53.254
1780037204.5932858,53.253
1780037204.5994616,53.254
1780037204.605356,53.254
1780037204.6114004,53.254
1780037204.6173732,53.254
1780037204.623314,53.254
1780037204.6293893,53.254
1780037204.635425,53.254
1780037204.6414356,53.254
1780037204.6472645,53.254
1780037204.6528673,53.254
1780037204.6585448,53.253
1780037204.6642578,53.254
1780037204.6701064,53.254
1780037204.676244,53.254
1780037204.6822143,53.254
1780037204.6881936,53.254
1780037204.6942608,53.254
1780037204.700214,53.254
1780037204.70626,53.254
1780037204.7120376,53.254
1780037204.7177055,53.254
1780037204.723351,53.253
1780037204.729034,53.254
1780037204.735084,53.254
1780037204.7409835,53.254
1780037204.7469952,53.254
1780037204.7529757,53.254
1780037204.7589436,53.254
1780037204.7649784,53.254
1780037204.7710452,53.254
1780037204.7769933,53.254
1780037204.7829416,53.254
1780037204.7889237,53.254
1780037204.7949884,53.254
1780037204.8010209,53.254
1780037204.8069236,53.254
1780037204.812916,53.254
1780037204.8189788,53.254
1780037204.8250043,53.254
1780037204.8308501,53.254
1780037204.836547,53.254
1780037204.8423207,53.254
1780037204.8479073,53.254
1780037204.853725,53.254
1780037204.859795,53.254
1780037204.8657825,53.254
1780037204.8718405,53.254
1780037204.8777244,53.254
1780037204.883259,53.254
1780037204.888939,53.254
1780037204.8946667,53.254
1780037204.900532,53.254
1780037204.9066,53.254
1780037204.912706,53.254
1780037204.9185734,53.254
1780037204.924537,53.255
1780037204.9306126,53.254
1780037204.9366574,53.254
1780037204.9425857,53.254
1780037204.9485364,53.254
1780037204.9546008,53.254
1780037204.960696,53.254
1780037204.9665444,53.254
1780037204.9726193,53.254
1780037204.9785862,53.254
1780037204.9845726,53.254
1780037204.9905744,53.254
1780037204.9966323,53.254
1780037205.002621,53.254
1780037205.0084908,53.254
1780037205.014117,53.254
1780037205.019788,53.254
1780037205.025506,53.254
1780037205.0314913,53.254
1780037205.0373294,53.254
1780037205.0434682,53.254
1780037205.049251,53.254
1780037205.0548654,53.254
1780037205.060535,53.255
1780037205.0662835,53.254
1780037205.0722582,53.254
1780037205.0780938,53.255
1780037205.0842276,53.255
1780037205.0901756,53.255
1780037205.0962462,53.254
1780037205.102173,53.255
1780037205.1082463,53.254
1780037205.1142519,53.254
1780037205.1202006,53.254
1780037205.1261268,53.254
1780037205.132232,53.255
1780037205.138255,53.255
1780037205.1441689,53.255
1780037205.1502268,53.254
1780037205.1561115,53.254
1780037205.162261,53.254
1780037205.1680968,53.255
1780037205.17372,53.255
1780037205.1793513,53.254
1780037205.1849177,53.254
1780037205.1911175,53.255
1780037205.196956,53.255
1780037205.203073,53.254
1780037205.20893,53.254
1780037205.2149243,53.254
1780037205.220515,53.255
1780037205.226078,53.255
1780037205.2318776,53.254
1780037205.237688,53.254
1780037205.243293,53.255
1780037205.2489896,53.255
1780037205.2547448,53.255
1780037205.260485,53.255
1780037205.2661397,53.254
1780037205.2718115,53.254
1780037205.2773206,53.255
1780037205.2834446,53.254
1780037205.289328,53.254
1780037205.2954342,53.255
1780037205.301243,53.254
1780037205.3073556,53.255
1780037205.3133705,53.255
1780037205.3194132,53.255
1780037205.3255053,53.255
1780037205.3313804,53.254
1780037205.3374197,53.255
1780037205.3432367,53.255
1780037205.3493724,53.254
1780037205.355341,53.255
1780037205.3614297,53.254
1780037205.3673568,53.255
1780037205.3733578,53.255
1780037205.3794644,53.254
1780037205.3854115,53.255
1780037205.3914442,53.255
1780037205.3973534,53.254
1780037205.403436,53.255
1780037205.4093986,53.255
1780037205.41539,53.254
1780037205.421339,53.255
1780037205.4274664,53.254
1780037205.4333847,53.255
1780037205.4393437,53.254
1780037205.445385,53.255
1780037205.4514706,53.255
1780037205.4573643,53.255
1780037205.4634013,53.254
1780037205.4694898,53.254
1780037205.4752755,53.255
1780037205.480821,53.255
1780037205.486266,53.255
1780037205.4922354,53.255
1780037205.498229,53.255
1780037205.5041611,53.255
1780037205.510264,53.255
1780037205.5161326,53.254
1780037205.5222456,53.255
1780037205.5281591,53.255
1780037205.5342207,53.255
1780037205.5400698,53.255
1780037205.5461545,53.255
1780037205.552067,53.255
1780037205.5582597,53.255
1780037205.564052,53.255
1780037205.5701818,53.255
1780037205.5762038,53.255
1780037205.5822198,53.254
1780037205.5880544,53.255
1780037205.5937269,53.255
1780037205.5994327,53.255
1780037205.6050265,53.255
1780037205.6109035,53.255
1780037205.6169815,53.255
1780037205.623051,53.255
1780037205.628865,53.255
1780037205.6350152,53.255
1780037205.6409802,53.255
1780037205.6469896,53.254
1780037205.653083,53.255
1780037205.6590495,53.255
1780037205.6650498,53.255
1780037205.6708882,53.255
1780037205.6765006,53.255
1780037205.6821675,53.255
1780037205.6879098,53.255
1780037205.6938589,53.255
1780037205.69978,53.255
1780037205.7058752,53.255
1780037205.7117162,53.255
1780037205.7178216,53.255
1780037205.7237668,53.255
1780037205.7298417,53.255
1780037205.7358236,53.255
1780037205.7417526,53.255
1780037205.7477846,53.255
1780037205.753918,53.255
1780037205.759676,53.255
1780037205.7653272,53.255
1780037205.7709732,53.255
1780037205.7765067,53.255
1780037205.7827024,53.255
1780037205.788575,53.255
1780037205.7946432,53.255
1780037205.8004472,53.255
1780037205.8061094,53.255
1780037205.8117008,53.254
1780037205.8174105,53.255
1780037205.823529,53.255
1780037205.8293588,53.255
1780037205.8354175,53.255
1780037205.841273,53.255
1780037205.847331,53.255
1780037205.8533413,53.255
1780037205.8594704,53.255
1780037205.865365,53.255
1780037205.871343,53.255
1780037205.8774285,53.254
1780037205.883497,53.255
1780037205.889535,53.255
1780037205.8953924,53.255
1780037205.9014347,53.255
1780037205.9073238,53.255
1780037205.913328,53.255
1780037205.9194186,53.255
1780037205.925438,53.255
1780037205.9313228,53.255
1780037205.9369304,53.255
1780037205.9426086,53.255
1780037205.9482877,54.0
1780037205.9542398,53.255
1780037205.9602518,53.255
1780037205.9662633,53.255
1780037205.9721477,53.255
1780037205.977699,53.254
1780037205.983198,53.255
1780037205.9891021,53.255
1780037205.9949245,53.255
1780037206.0010002,53.255
1780037206.007032,53.255
1780037206.013026,53.255
1780037206.0188994,53.255
1780037206.0250533,53.255
1780037206.0311022,53.255
1780037206.0369945,53.255
1780037206.0425274,53.255
1780037206.0478637,54.0
1780037206.0538332,54.0
1780037206.0597367,53.255
1780037206.0658014,53.255
1780037206.071802,53.255
1780037206.0777931,53.255
1780037206.0837674,53.255
1780037206.0899038,54.0
1780037206.0958495,53.255
1780037206.1017091,53.255
1780037206.1078026,53.255
1780037206.1137857,53.255
1780037206.1198685,53.255
1780037206.1257918,53.255
1780037206.131863,53.255
1780037206.1378055,53.255
1780037206.1437895,53.255
1780037206.149775,53.255
1780037206.155859,53.255
1780037206.1617343,53.255
1780037206.167776,53.255
1780037206.1737792,53.255
1780037206.179906,53.255
1780037206.1856737,53.255
1780037206.1913562,53.255
1780037206.1970298,53.255
1780037206.2025561,53.255
1780037206.2080748,53.255
1780037206.2134416,53.255
1780037206.2195077,53.255
1780037206.2252798,53.255
1780037206.2309065,53.255
1780037206.2365413,53.255
1780037206.24217,53.254
1780037206.2482557,54.0
1780037206.254241,53.255
1780037206.2602844,53.255
1780037206.26619,53.255
1780037206.2717478,53.255
1780037206.2773995,53.255
1780037206.2831745,53.255
1780037206.2888935,53.255
1780037206.2945561,53.255
1780037206.3002396,53.255
1780037206.305766,53.255
1780037206.3118968,54.0
1780037206.3177993,54.0
1780037206.323888,54.0
1780037206.3297575,54.0
1780037206.3357186,53.255
1780037206.34185,53.255
1780037206.3479147,53.255
1780037206.3537574,53.255
1780037206.3597913,53.255
1780037206.36583,53.255
1780037206.3716974,53.255
1780037206.3778012,54.0
1780037206.383874,53.255
1780037206.3897583,53.255
1780037206.3957844,53.255
1780037206.4018655,53.255
1780037206.4077797,53.255
1780037206.4137177,53.255
1780037206.419339,54.0
1780037206.4250836,53.255
1780037206.4307413,53.255
1780037206.436523,53.255
1780037206.442134,53.255
1780037206.447766,53.255
1780037206.4533067,53.255
1780037206.4589655,53.255
1780037206.4648585,53.255
1780037206.470395,53.255
1780037206.4760833,53.255
1780037206.4822664,53.255
1780037206.4882503,53.255
1780037206.494187,53.255
1780037206.5002325,53.255
1780037206.5062144,54.0
1780037206.5116944,54.0
1780037206.5172842,54.0
1780037206.522981,53.255
1780037206.5290973,53.255
1780037206.5349317,53.255
1780037206.541072,53.255
1780037206.5470457,54.0
1780037206.5531368,53.255
1780037206.5589516,53.255
1780037206.565127,53.255
1780037206.571029,54.0
1780037206.5770817,54.0
1780037206.5830145,53.255
1780037206.5890584,53.255
1780037206.594933,53.255
1780037206.6009235,53.255
1780037206.6070585,53.254
1780037206.613084,54.0
1780037206.619022,54.0
1780037206.6250346,54.0
1780037206.6311152,53.255
1780037206.636933,53.255
1780037206.6429865,54.0
1780037206.6490877,53.255
1780037206.6549456,53.255
1780037206.6609921,53.255
1780037206.667028,53.255
1780037206.6730173,53.255
1780037206.6789377,53.255
1780037206.6850994,53.255
1780037206.691058,53.255
1780037206.6969628,53.255
1780037206.7024999,53.255
1780037206.7081902,53.255
1780037206.7138078,53.255
1780037206.71982,53.255
1780037206.7258298,53.255
1780037206.7318203,53.255
1780037206.7378721,54.0
1780037206.7437544,53.255
1780037206.749891,53.255
1780037206.7559097,53.255
1780037206.7617822,54.0
1780037206.7678497,53.255
1780037206.773851,53.255
1780037206.7797265,53.255
1780037206.7853415,54.0
1780037206.7910714,54.0
1780037206.7965775,53.255
1780037206.8021758,53.255
1780037206.8078341,53.255
1780037206.8135862,53.255
1780037206.819316,53.255
1780037206.8249567,53.255
1780037206.8306537,53.255
1780037206.836237,54.0
1780037206.8422494,54.0
1780037206.8482502,53.255
1780037206.8542614,53.255
1780037206.8601909,53.255
1780037206.8662307,53.255
1780037206.872174,53.254
1780037206.87829,54.0
1780037206.8842475,53.255
1780037206.8902545,53.255
1780037206.8961036,53.255
1780037206.9021325,54.0
1780037206.9082398,54.0
1780037206.9142761,54.0
1780037206.920133,54.0
1780037206.9257627,54.0
1780037206.931405,54.0
1780037206.9370139,54.0
1780037206.9429412,54.0
1780037206.9485557,53.255
1780037206.954272,53.255
1780037206.9598086,53.255
1780037206.9657657,53.255
1780037206.971777,53.255
1780037206.977318,53.255
1780037206.9829268,53.255
1780037206.9886875,53.255
1780037206.9946325,54.0
1780037207.0005152,53.255
1780037207.0060906,53.255
1780037207.011686,53.255
1780037207.0174723,54.0
1780037207.0233893,53.255
1780037207.029439,53.255
1780037207.0353358,54.0
1780037207.0415268,54.0
1780037207.0474203,53.255
1780037207.053499,53.255
1780037207.0593746,54.0
1780037207.0649402,54.0
1780037207.0705204,53.255
1780037207.076278,54.0
1780037207.0821655,53.255
1780037207.0877888,53.255
1780037207.0936136,54.0
1780037207.0992334,53.255
1780037207.1049526,53.254
1780037207.1105635,54.0
1780037207.116264,53.255
1780037207.12181,54.0
1780037207.1278582,53.255
1780037207.1338048,54.0
1780037207.139804,54.0
1780037207.1458306,53.255
1780037207.151858,53.255
1780037207.1578414,53.255
1780037207.1637218,53.255
1780037207.1697378,53.255
1780037207.1759088,54.0
1780037207.1816802,54.0
1780037207.1873946,53.255
1780037207.1932776,54.0
1780037207.1988535,54.0
1780037207.2044983,53.254
1780037207.2101743,54.0
1780037207.2158742,53.255
1780037207.2214606,53.255
1780037207.2274115,53.255
1780037207.2334363,53.255
1780037207.2393613,53.255
1780037207.2454116,53.255
1780037207.2514484,54.0
1780037207.2574773,53.255
1780037207.2633245,53.255
1780037207.2688656,54.0
1780037207.274432,54.0
1780037207.2802656,54.0
1780037207.286252,54.0
1780037207.2922797,53.255
1780037207.2981617,54.0
1780037207.3037145,53.255
1780037207.3092575,54.0
1780037207.3150377,53.255
1780037207.3209822,54.0
1780037207.3265626,53.255
1780037207.3321977,54.0
1780037207.3378243,53.255
1780037207.3437998,54.0
1780037207.3493834,53.255
1780037207.3552713,53.255
1780037207.3607845,53.255
1780037207.366628,54.0
1780037207.3726926,54.0
1780037207.3787396,53.255
1780037207.3846166,54.0
1780037207.3907287,54.0
1780037207.396553,54.0
1780037207.402587,53.255
1780037207.4085965,53.255
1780037207.414646,53.255
1780037207.420574,53.255
1780037207.4266407,54.0
1780037207.4326956,53.255
1780037207.4385507,53.255
1780037207.4446008,53.255
1780037207.450676,53.255
1780037207.4565213,53.255
1780037207.4625275,54.0
1780037207.4681513,53.255
1780037207.4737675,54.0
1780037207.4793584,54.0
1780037207.4849894,53.255
1780037207.4908721,53.255
1780037207.4964237,54.0
1780037207.5021942,54.0
1780037207.507804,54.0
1780037207.5136569,53.255
1780037207.5192363,53.255
1780037207.525037,54.0
1780037207.5310893,54.0
1780037207.537051,53.255
1780037207.5429997,54.0
1780037207.5490847,54.0
1780037207.5549676,54.0
1780037207.5605714,53.255
1780037207.5662248,54.0
1780037207.5718603,54.0
1780037207.577802,54.0
1780037207.5833871,54.0
1780037207.5892444,53.255
1780037207.59475,53.255
1780037207.600661,54.0
1780037207.60661,54.0
1780037207.6126573,54.0
1780037207.6186202,53.255
1780037207.624665,53.255
1780037207.6305807,54.0
1780037207.6361282,53.255
1780037207.6416686,53.255
1780037207.6474397,53.255
1780037207.6533597,54.0
1780037207.659492,53.255
1780037207.6654646,54.0
1780037207.6714027,54.0
1780037207.6774127,53.255
1780037207.6834662,53.255
1780037207.689399,53.255
1780037207.6953619,53.255
1780037207.7013254,54.0
1780037207.7068439,54.0
1780037207.7124567,53.255
1780037207.7182603,53.255
1780037207.7242973,53.255
1780037207.730216,53.255
1780037207.7362132,53.255
1780037207.7422113,53.255
1780037207.7483456,54.0
1780037207.7542512,54.0
1780037207.7602787,54.0
1780037207.7662337,54.0
1780037207.7722547,54.0
1780037207.7782648,54.0
1780037207.7842548,54.0
1780037207.790212,53.255
1780037207.7957654,53.255
1780037207.8014023,54.0
1780037207.807057,54.0
1780037207.8130343,54.0
1780037207.8191218,54.0
1780037207.824994,54.0
1780037207.8309648,54.0
1780037207.8365364,53.255
1780037207.8421812,54.0
1780037207.8478434,54.0
1780037207.853868,54.0
1780037207.8598418,54.0
1780037207.8658328,54.0
1780037207.8718138,54.0
1780037207.8778439,54.0
1780037207.883927,53.255
1780037207.8898547,54.0
1780037207.8958874,53.255
1780037207.9016356,54.0
1780037207.9068441,54.018
1780037207.9125543,54.012
1780037207.9180453,54.012
1780037207.9233215,54.012
1780037207.9287837,54.01
1780037207.934075,54.012
1780037207.9395292,54.01
1780037207.9448571,54.012
1780037207.9503334,54.011
1780037207.9556217,54.012
1780037207.9611769,54.012
1780037207.9664745,54.011
1780037207.9719326,54.011
1780037207.9772756,54.011
1780037207.9827294,54.011
1780037207.9880736,54.013
1780037207.99353,54.01
1780037207.9988837,54.012
1780037208.0043366,54.009
1780037208.0096714,54.012
1780037208.0151262,54.011
1780037208.0204797,54.01
1780037208.0259237,54.011
1780037208.031275,54.013
1780037208.036723,54.011
1780037208.0420897,54.011
1780037208.0475423,54.011
1780037208.0528467,54.011
1780037208.058114,54.008
1780037208.0636895,54.008
1780037208.069148,54.011
1780037208.0744796,54.012
1780037208.0799248,54.01
1780037208.085295,54.011
1780037208.0907438,54.01
1780037208.0960832,54.011
1780037208.101542,54.01
1780037208.1068945,54.009
1780037208.112333,54.008
1780037208.1176877,54.012
1780037208.1231313,54.01
1780037208.1284823,54.011
1780037208.1339343,54.01
1780037208.1392848,54.011
1780037208.144733,54.009
1780037208.1500876,54.008
1780037208.1555307,54.009
1780037208.1608634,54.012
1780037208.166145,54.01
1780037208.1716764,54.01
1780037208.177127,54.007
1780037208.182441,54.011
1780037208.187709,54.01
1780037208.1932662,54.008
1780037208.1985316,54.009
1780037208.2040663,54.011
1780037208.2093353,54.009
1780037208.2148721,54.01
1780037208.2201405,54.009
1780037208.225675,54.01
1780037208.2311292,54.006
1780037208.236599,54.005
1780037208.242678,53.247
1780037208.2486868,53.253
1780037208.2546327,53.252
1780037208.2606537,53.252
1780037208.2666438,53.252
1780037208.2725213,53.252
1780037208.2786338,53.253
1780037208.284671,53.252
1780037208.2906392,53.252
1780037208.2965674,53.252
1780037208.302574,53.253
1780037208.3081763,53.252
1780037208.3137288,53.253
1780037208.3194954,53.252
1780037208.3254635,53.253
1780037208.3314126,53.253
1780037208.3374531,53.253
1780037208.3434775,53.252
1780037208.349341,53.253
1780037208.355492,53.253
1780037208.361499,53.252
1780037208.36732,53.253
1780037208.3734524,53.252
1780037208.3793983,53.253
1780037208.38545,53.253
1780037208.3914692,53.253
1780037208.3973708,53.253
1780037208.4029596,53.252
1780037208.4085274,53.253
1780037208.4142544,53.253
1780037208.42007,53.252
1780037208.426221,53.253
1780037208.4322934,53.253
1780037208.4382617,53.253
1780037208.444244,53.253
1780037208.4501858,53.253
1780037208.4562938,53.253
1780037208.4622567,53.253
1780037208.468261,53.253
1780037208.474167,53.253
1780037208.4802766,53.253
1780037208.486404,53.252
1780037208.4921036,53.253
1780037208.4982033,53.253
1780037208.5041742,53.252
1780037208.5102875,53.253
1780037208.5162976,53.253
1780037208.5222378,53.253
1780037208.5282483,53.253
1780037208.5342293,53.253
1780037208.540192,53.253
1780037208.546221,53.253
1780037208.5522482,53.253
1780037208.5582614,53.253
1780037208.5642228,53.253
1780037208.5697052,53.253
1780037208.5750892,53.253
1780037208.5810745,53.253
1780037208.5871177,53.253
1780037208.5929527,53.253
1780037208.5985236,53.253
1780037208.604197,53.252
1780037208.6099458,53.253
1780037208.6157646,53.253
1780037208.6213708,53.253
1780037208.6271422,53.253
1780037208.6327007,53.253
1780037208.6386003,53.253
1780037208.644583,53.253
1780037208.6502037,53.253
1780037208.6560585,53.253
1780037208.6616373,53.253
1780037208.667389,53.254
1780037208.6733665,53.253
1780037208.679514,53.253
1780037208.6852708,53.253
1780037208.6914148,53.253
1780037208.6974535,53.253
1780037208.7034738,53.253
1780037208.7095628,53.253
1780037208.7154174,53.253
1780037208.7214923,53.253
1780037208.72742,53.253
1780037208.733388,53.253
1780037208.7393951,53.254
1780037208.7454915,53.253
1780037208.7514453,53.253
1780037208.7573962,53.253
1780037208.7633815,53.253
1780037208.769452,53.254
1780037208.775541,53.253
1780037208.7813494,53.253
1780037208.7869916,53.253
1780037208.7926219,53.253
1780037208.798212,53.254
1780037208.804279,53.254
1780037208.8101995,53.254
1780037208.8163078,53.253
1780037208.8223057,53.254
1780037208.8281393,53.253
1780037208.8337324,53.253
1780037208.8392663,53.253
1780037208.8451924,53.254
1780037208.8509831,53.253
1780037208.8570511,53.254
1780037208.8631096,53.254
1780037208.8690813,53.254
1780037208.8751147,53.254
1780037208.8810537,53.253
1780037208.8871036,53.254
1780037208.8929086,53.254
1780037208.898502,53.254
1780037208.9039042,53.254
1780037208.9098258,53.254
1780037208.915876,53.254
1780037208.9218779,53.254
1780037208.927816,53.254
1780037208.933872,53.254
1780037208.939945,53.254
1780037208.945757,53.254
1780037208.95185,53.253
1780037208.9578135,53.254
1780037208.9638498,53.254
1780037208.9699194,53.254
1780037208.9758584,53.254
1780037208.9819498,53.254
1780037208.9877129,53.254
1780037208.993773,53.254
1780037208.999793,53.254
1780037209.005854,53.254
1780037209.0119257,53.254
1780037209.0178165,53.254
1780037209.0238855,53.254
1780037209.0297904,53.254
1780037209.0359478,53.254
1780037209.0418553,53.254
1780037209.0478735,53.254
1780037209.0537488,53.254
1780037209.0597832,53.254
1780037209.0658967,53.254
1780037209.0718596,53.254
1780037209.0778828,53.254
1780037209.0838122,53.254
1780037209.0893886,53.254
1780037209.095093,53.254
1780037209.1008167,53.254
1780037209.1065452,53.254
1780037209.1127033,53.254
1780037209.1187418,53.254
1780037209.1245637,53.254
1780037209.1301415,53.253
1780037209.1357553,53.254
1780037209.1414864,53.254
1780037209.1474786,53.254
1780037209.153405,53.254
1780037209.1594849,53.254
1780037209.1654906,53.254
1780037209.1715465,53.254
1780037209.1774354,53.254
1780037209.183468,53.254
1780037209.1894867,53.254
1780037209.1953838,53.253
1780037209.201477,53.254
1780037209.2074273,53.254
1780037209.2134802,53.254
1780037209.2194822,53.254
1780037209.2254567,53.254
1780037209.2314541,53.254
1780037209.2375388,53.254
1780037209.2434094,53.254
1780037209.249402,53.254
1780037209.2554638,53.254
1780037209.261385,53.253
1780037209.2675326,53.254
1780037209.2734709,53.254
1780037209.27953,53.254
1780037209.285415,53.254
1780037209.2909734,53.254
1780037209.2966468,53.254
1780037209.3023763,53.255
1780037209.3082926,53.254
1780037209.3142347,53.254
1780037209.320339,53.254
1780037209.3262112,53.254
1780037209.332272,53.254
1780037209.338184,53.254
1780037209.3443346,53.254
1780037209.3502696,53.254
1780037209.3561807,53.254
1780037209.3622744,53.254
1780037209.3682642,53.254
1780037209.3743513,53.254
1780037209.380234,53.254
1780037209.3862934,53.254
1780037209.3922422,53.255
1780037209.3976347,53.254
1780037209.403258,53.255
1780037209.4091406,53.254
1780037209.4151518,53.254
1780037209.4210346,53.254
1780037209.4269571,53.254
1780037209.4330537,53.254
1780037209.439196,53.254
1780037209.444995,53.254
1780037209.4510188,53.254
1780037209.4570622,53.254
1780037209.4631214,53.255
1780037209.468936,53.255
1780037209.475081,53.254
1780037209.4811401,53.254
1780037209.487003,53.254
1780037209.492918,53.254
1780037209.4990351,53.254
1780037209.5051136,53.254
1780037209.510915,53.254
1780037209.5169914,53.254
1780037209.5230856,53.254
1780037209.5291028,53.254
1780037209.5350852,53.254
1780037209.541013,53.254
1780037209.54712,53.255
1780037209.5530665,53.254
1780037209.559057,53.254
1780037209.5650706,53.254
1780037209.571102,53.254
1780037209.577126,53.254
1780037209.5829782,53.255
1780037209.5891259,53.255
1780037209.5951312,53.255
1780037209.6011653,53.254
1780037209.6069794,53.254
1780037209.6125734,53.255
1780037209.618245,53.254
1780037209.6238809,53.254
1780037209.6298335,53.254
1780037209.6358123,53.255
1780037209.6419406,53.254
1780037209.6478786,53.255
1780037209.653825,53.255
1780037209.6598651,53.255
1780037209.6659615,53.254
1780037209.6718314,53.255
1780037209.6778424,53.254
1780037209.683866,53.254
1780037209.6899571,53.254
1780037209.6958106,53.254
1780037209.701925,53.254
1780037209.7078776,53.254
1780037209.7138286,53.255
1780037209.719343,53.254
1780037209.7249322,53.255
1780037209.7306764,53.255
1780037209.7365239,53.254
1780037209.7422485,53.254
1780037209.7478595,53.254
1780037209.7534235,53.255
1780037209.759507,53.255
1780037209.765406,53.254
1780037209.7715368,53.254
1780037209.777374,53.255
1780037209.7834394,53.254
1780037209.7894125,53.254
1780037209.7955203,53.255
1780037209.8014562,53.254
1780037209.8074143,53.254
1780037209.813533,53.254
1780037209.8193755,53.255
1780037209.8255014,53.255
1780037209.8313885,53.255
1780037209.8375256,53.255
1780037209.8434312,53.254
1780037209.849399,53.254
1780037209.855507,53.254
1780037209.861511,53.255
1780037209.8675056,53.255
1780037209.8734007,53.254
1780037209.8795137,53.255
1780037209.8854027,53.255
1780037209.8915205,53.255
1780037209.8974288,53.255
1780037209.9035366,53.255
1780037209.9094088,53.255
1780037209.9154036,53.254
1780037209.9214344,53.254
1780037209.9275224,53.255
1780037209.9333305,53.255
1780037209.9394708,53.254
1780037209.945484,53.255
1780037209.9514565,53.255
1780037209.9575446,53.255
1780037209.963474,53.255
1780037209.9694893,53.254
1780037209.9754798,53.255
1780037209.9814174,53.255
1780037209.9874704,53.254
1780037209.9935195,53.254
1780037209.999505,53.255
1780037210.00545,53.255
1780037210.011462,53.255
1780037210.0173867,53.255
1780037210.0234883,53.255
1780037210.0293996,53.255
1780037210.0355566,53.255
1780037210.0413196,53.255
1780037210.0474067,53.255
1780037210.0535069,53.254
1780037210.0595355,53.255
1780037210.0653837,53.254
1780037210.071435,53.255
1780037210.077494,53.255
1780037210.083426,53.255
1780037210.0895362,53.255
1780037210.0954428,53.255
1780037210.1015582,53.255
1780037210.107314,53.255
1780037210.112979,53.255
1780037210.1186476,53.254
1780037210.1243136,53.255
1780037210.1302743,53.255
1780037210.1362383,53.255
1780037210.1422977,53.255
1780037210.1482475,53.255
1780037210.154233,53.255
1780037210.1602283,53.255
1780037210.1663377,53.255
1780037210.1721375,53.255
1780037210.178243,53.255
1780037210.1842363,53.254
1780037210.190378,53.255
1780037210.1962512,53.255
1780037210.2022772,53.255
1780037210.2082794,53.255
1780037210.2142296,53.255
1780037210.2197723,53.254
1780037210.2252717,53.255
1780037210.231166,53.255
1780037210.2369318,53.255
1780037210.2425964,53.255
1780037210.2482266,53.255
1780037210.2538786,53.255
1780037210.2598672,53.255
1780037210.2658606,53.255
1780037210.2719922,53.255
1780037210.2777433,53.255
1780037210.2833169,53.255
1780037210.288714,53.255
1780037210.2946858,53.255
1780037210.3006847,53.255
1780037210.3065982,53.255
1780037210.312684,53.255
1780037210.3186116,53.254
1780037210.3246446,53.255
1780037210.3306596,53.255
1780037210.3366947,53.255
1780037210.3425488,53.255
1780037210.3481965,53.255
1780037210.3539958,53.255
1780037210.3597343,53.255
1780037210.3655424,53.255
1780037210.3714263,53.255
1780037210.3774903,53.255
1780037210.3833988,53.254
1780037210.3895566,53.255
1780037210.3954644,53.255
1780037210.4015353,53.255
1780037210.4073377,53.255
1780037210.4129841,53.255
1780037210.4186292,53.255
1780037210.4243586,53.255
1780037210.4303136,53.255
1780037210.4362597,53.255
1780037210.442306,53.255
1780037210.4482505,53.255
1780037210.4542341,54.0
1780037210.460258,53.255
1780037210.466274,53.255
1780037210.472164,53.255
1780037210.477794,53.255
1780037210.4834547,53.254
1780037210.489165,53.255
1780037210.4950488,53.255
1780037210.5010724,53.255
1780037210.5071712,53.255
1780037210.5130105,53.255
1780037210.5193267,53.255
1780037210.5250688,53.255
1780037210.5312128,53.255
1780037210.5369842,53.255
1780037210.5430548,53.255
1780037210.549041,53.255
1780037210.5552194,53.255
1780037210.5610065,53.255
1780037210.56707,53.255
1780037210.5730593,53.255
1780037210.579051,53.255
1780037210.5850523,53.255
1780037210.5911274,53.255
1780037210.5971117,53.255
1780037210.6030462,53.255
1780037210.6090798,53.255
1780037210.6150699,53.254
1780037210.6211529,53.255
1780037210.6270466,53.255
1780037210.6326032,53.255
1780037210.6382828,53.255
1780037210.643745,53.255
1780037210.6493955,53.255
1780037210.6550484,53.255
1780037210.6606987,53.255
1780037210.6667647,53.255
1780037210.672672,53.255
1780037210.6787186,54.0
1780037210.6847434,54.0
1780037210.6906629,53.255
1780037210.696739,53.255
1780037210.702651,53.255
1780037210.7085922,53.255
1780037210.7147067,53.255
1780037210.720691,53.255
1780037210.7267597,53.255
1780037210.7326436,53.255
1780037210.7387292,53.255
1780037210.7446153,53.255
1780037210.7506998,54.0
1780037210.7567112,54.0
1780037210.7627447,53.255
1780037210.768645,53.255
1780037210.774603,53.255
1780037210.7806702,53.254
1780037210.7868013,53.255
1780037210.7926579,53.255
1780037210.798735,53.255
1780037210.8046918,53.255
1780037210.81055,53.255
1780037210.8166618,54.0
1780037210.8227088,53.255
1780037210.8287575,53.255
1780037210.83464,53.255
1780037210.840706,53.255
1780037210.846626,53.254
1780037210.8527467,53.255
1780037210.8586855,53.255
1780037210.8647907,53.255
1780037210.8706458,53.255
1780037210.876606,53.255
1780037210.8821683,54.0
1780037210.8878667,53.255
1780037210.8933926,53.255
1780037210.8994844,53.255
1780037210.9055018,53.255
1780037210.9114661,54.0
1780037210.917453,54.0
1780037210.9235394,53.255
1780037210.9295347,53.255
1780037210.9354663,53.255
1780037210.9415016,53.255
1780037210.9474535,53.255
1780037210.9535732,53.255
1780037210.9594142,53.255
1780037210.964959,53.255
1780037210.970702,53.255
1780037210.9761875,54.0
1780037210.9822612,53.255
1780037210.988277,53.255
1780037210.9943411,53.255
1780037211.0002337,53.255
1780037211.0062833,53.255
1780037211.0122387,53.255
1780037211.01835,53.255
1780037211.024288,53.255
1780037211.0302963,53.255
1780037211.0362375,53.255
1780037211.0418026,53.255
1780037211.0473635,54.0
1780037211.0531487,53.255
1780037211.0589814,53.255
1780037211.065085,53.255
1780037211.071107,53.255
1780037211.0770335,54.0
1780037211.0830405,54.0
1780037211.0890977,54.0
1780037211.095124,54.0
1780037211.1011524,53.255
1780037211.1070974,53.255
1780037211.1130428,53.255
1780037211.1192021,53.255
1780037211.124997,53.255
1780037211.131153,54.0
1780037211.1370978,54.0
1780037211.1430824,54.0
1780037211.148948,54.0
1780037211.154492,53.255
1780037211.1601105,53.255
1780037211.1658578,54.0
1780037211.1719959,53.255
1780037211.1778512,53.254
1780037211.1837983,54.0
1780037211.189939,53.255
1780037211.1958992,53.255
1780037211.2018168,54.0
1780037211.2074091,53.255
1780037211.2130373,54.0
1780037211.2187762,54.0
1780037211.224653,53.255
1780037211.2302384,54.0
1780037211.2359216,53.255
1780037211.2414944,54.0
1780037211.2474704,54.0
1780037211.253418,53.255
1780037211.2595334,53.255
1780037211.2654166,53.255
1780037211.2709813,54.0
1780037211.2766874,54.0
1780037211.2822948,54.0
1780037211.28824,54.0
1780037211.29385,53.255
1780037211.2997308,53.255
1780037211.305242,53.255
1780037211.3110814,53.255
1780037211.3171036,54.0
1780037211.3231275,54.0
1780037211.3290246,53.255
1780037211.3351803,53.255
1780037211.3410578,54.0
1780037211.3471282,54.0
1780037211.3530717,53.255
1780037211.359197,53.255
1780037211.3649902,53.255
1780037211.371007,53.255
1780037211.3770573,53.255
1780037211.3831356,53.255
1780037211.3890777,53.255
1780037211.3950894,53.255
1780037211.401117,54.0
1780037211.4070032,54.0
1780037211.4131382,54.0
1780037211.419158,54.0
1780037211.42506,54.0
1780037211.4310832,53.255
1780037211.4371045,54.0
1780037211.443098,53.255
1780037211.4489954,54.0
1780037211.4551601,54.0
1780037211.4611747,54.0
1780037211.4670498,53.255
1780037211.4726217,53.255
1780037211.47825,54.0
1780037211.4839692,53.255
1780037211.4898727,53.255
1780037211.495439,54.0
1780037211.501261,53.255
1780037211.5067966,53.255
1780037211.5126894,54.0
1780037211.5186973,54.0
1780037211.5247598,53.255
1780037211.5305996,54.0
1780037211.5367806,53.255
1780037211.5426016,53.255
1780037211.5487854,54.0
1780037211.5546932,53.255
1780037211.5607095,53.255
1780037211.5666444,54.0
1780037211.5726655,53.255
1780037211.5786846,54.0
1780037211.5847445,54.0
1780037211.5906634,53.255
1780037211.5967097,53.255
1780037211.6026478,53.255
1780037211.6086576,53.254
1780037211.614644,54.0
1780037211.6207354,54.0
1780037211.626558,54.0
1780037211.6327133,54.0
1780037211.6387057,53.255
1780037211.6446512,53.255
1780037211.6506836,54.0
1780037211.6567152,54.0
1780037211.662787,53.255
1780037211.6686149,53.255
1780037211.6747715,53.255
1780037211.6807323,53.255
1780037211.68678,53.255
1780037211.6927235,53.255
1780037211.6986923,54.0
1780037211.704669,53.255
1780037211.7101896,53.255
1780037211.7157695,53.255
1780037211.721566,54.0
1780037211.7274432,53.255
1780037211.7330308,53.255
1780037211.7386878,53.255
1780037211.7443228,54.0
1780037211.7502575,53.255
1780037211.7558458,54.0
1780037211.7617383,54.0
1780037211.7672539,53.255
1780037211.7731462,54.0
1780037211.7791495,54.0
1780037211.7851582,53.255
1780037211.7910748,54.0
1780037211.7971952,53.255
1780037211.8029776,53.255
1780037211.808572,53.254
1780037211.8140697,54.0
1780037211.8199599,54.0
1780037211.8257556,54.0
1780037211.8318431,54.0
1780037211.8379195,54.0
1780037211.843976,54.0
1780037211.8498454,53.255
1780037211.8560028,54.0
1780037211.8619587,54.0
1780037211.8679059,54.0
1780037211.8738782,53.255
1780037211.8798983,53.255
1780037211.8860338,54.0
1780037211.8918855,53.255
1780037211.8979821,53.255
1780037211.903841,54.0
1780037211.909393,53.255
1780037211.9149659,54.0
1780037211.9207742,54.0
1780037211.9266691,54.0
1780037211.9322503,54.0
1780037211.938079,54.0
1780037211.9437053,54.0
1780037211.9494636,54.0
1780037211.955055,54.0
1780037211.9609458,53.255
1780037211.9664464,53.255
1780037211.972269,54.0
1780037211.978324,54.0
1780037211.9843922,54.0
1780037211.9902983,53.255
1780037211.9963562,54.0
1780037212.0022457,53.255
1780037212.0078092,53.255
1780037212.0133433,53.255
1780037212.0192263,54.0
1780037212.0250447,54.0
1780037212.0306396,54.0
1780037212.0362656,54.0
1780037212.0419,53.255
1780037212.0479002,53.255
1780037212.0539343,54.0
1780037212.059981,54.0
1780037212.065818,53.255
1780037212.0713768,54.0
1780037212.0770662,54.0
1780037212.082713,53.255
1780037212.0887027,53.255
1780037212.0947232,53.255
1780037212.1006444,54.0
1780037212.106688,54.0
1780037212.112687,54.0
1780037212.1187432,54.0
1780037212.1246607,54.0
1780037212.1307762,53.255
1780037212.1366267,54.0
1780037212.1426167,54.0
1780037212.148712,54.0
1780037212.1547716,54.0
1780037212.160645,53.255
1780037212.1662447,53.255
1780037212.1719463,53.255
1780037212.1776981,54.0
1780037212.183452,53.255
1780037212.1890168,54.0
1780037212.1949732,53.255
1780037212.200497,54.0
1780037212.2062716,54.0
1780037212.2123432,53.255
1780037212.2182648,53.255
1780037212.2242906,54.0
1780037212.2304978,53.255
1780037212.2362576,54.0
1780037212.2418005,53.255
1780037212.2473571,54.0
1780037212.2531378,53.255
1780037212.2590978,53.255
1780037212.265139,54.0
1780037212.2711947,54.0
1780037212.2771664,53.255
1780037212.283146,53.255
1780037212.289177,54.0
1780037212.2950249,54.0
1780037212.301104,53.255
1780037212.3070943,53.255
1780037212.3131864,54.0
1780037212.3190758,54.0
1780037212.3246505,53.255
1780037212.3305383,54.0
1780037212.3360715,53.255
1780037212.3418703,54.0
1780037212.3479426,54.0
1780037212.3538826,53.255
1780037212.3598688,53.255
1780037212.365863,54.0
1780037212.3719144,54.0
1780037212.3778255,54.0
1780037212.384002,54.0
1780037212.3899593,54.0
1780037212.395803,54.0
1780037212.4020116,54.0
1780037212.40787,53.255
1780037212.4137604,54.0
1780037212.419989,53.255
1780037212.4259477,54.0
1780037212.4318867,54.0
1780037212.437949,54.0
