timestamp,gpu_power_w
1780221335.198713,27.089
1780221335.204404,27.079
1780221335.2096598,27.087
1780221335.2149756,27.096
1780221335.2201517,27.108
1780221335.2262793,27.12
1780221335.232191,27.132
1780221335.2381215,27.143
1780221335.244027,27.152
1780221335.2493017,27.164
1780221335.2547038,27.173
1780221335.2601585,27.185
1780221335.2657702,27.196
1780221335.2716558,27.206
1780221335.2769089,27.22
1780221335.2822726,27.228
1780221335.287721,27.24
1780221335.2931259,27.249
1780221335.2985766,28.005
1780221335.3038936,28.015
1780221335.309287,28.033
1780221335.3146682,28.051
1780221335.3201697,28.055
1780221335.3256583,28.06
1780221335.331723,28.063
1780221335.3372903,28.063
1780221335.343568,28.062
1780221335.3492162,28.061
1780221335.354643,28.06
1780221335.360378,28.061
1780221335.3657534,28.061
1780221335.371106,28.065
1780221335.376606,28.064
1780221335.382368,28.061
1780221335.3882227,28.061
1780221335.3942273,28.06
1780221335.4001622,28.06
1780221335.4053807,28.06
1780221335.410763,28.06
1780221335.4162242,28.059
1780221335.4216146,28.06
1780221335.4276116,28.059
1780221335.4333642,28.057
1780221335.4391053,28.055
1780221335.4448993,28.052
1780221335.450385,28.051
1780221335.4558794,28.051
1780221335.461478,28.053
1780221335.4674747,28.056
1780221335.4734447,28.055
1780221335.479347,28.055
1780221335.484605,28.054
1780221335.4900258,28.053
1780221335.4954803,28.052
1780221335.5008097,28.052
1780221335.5062292,28.05
1780221335.5116484,28.051
1780221335.5170043,28.05
1780221335.5224557,28.05
1780221335.5278385,28.049
1780221335.5334315,28.048
1780221335.5393395,28.047
1780221335.5446377,28.047
1780221335.5500102,28.047
1780221335.5554478,28.046
1780221335.561207,28.047
1780221335.567234,28.047
1780221335.5731122,28.046
1780221335.57902,28.046
1780221335.5842526,28.045
1780221335.589663,28.044
1780221335.5951135,28.045
1780221335.6004772,28.043
1780221335.6065178,28.043
1780221335.6126997,28.045
1780221335.618562,28.045
1780221335.6238763,28.044
1780221335.6292362,28.044
1780221335.6347961,28.043
1780221335.6402757,28.043
1780221335.6460886,28.043
1780221335.6515021,28.042
1780221335.6568868,28.043
1780221335.662341,28.042
1780221335.6679533,28.041
1780221335.6738727,28.04
1780221335.67938,28.04
1780221335.6848702,28.039
1780221335.6905248,28.039
1780221335.69591,28.039
1780221335.70143,28.04
1780221335.7067645,28.04
1780221335.7121308,28.039
1780221335.7178228,28.038
1780221335.7241464,28.037
1780221335.7302213,28.036
1780221335.7355857,28.037
1780221335.7408712,28.037
1780221335.7461076,28.037
1780221335.751747,28.038
1780221335.7571366,28.037
1780221335.762537,28.037
1780221335.7679915,28.036
1780221335.773612,28.035
1780221335.7795117,28.035
1780221335.7847476,28.036
1780221335.7901044,28.034
1780221335.7956414,28.034
1780221335.8013895,28.032
1780221335.8070314,28.032
1780221335.8127828,28.031
1780221335.819091,28.03
1780221335.8250492,28.029
1780221335.8304098,28.03
1780221335.8357353,28.029
1780221335.8409712,28.032
1780221335.846618,28.032
1780221335.8519962,28.031
1780221335.8573532,28.03
1780221335.8627868,28.029
1780221335.8682077,28.029
1780221335.873637,28.029
1780221335.8789659,28.029
1780221335.8844204,28.028
1780221335.8899274,28.029
1780221335.8952558,28.029
1780221335.900641,28.028
1780221335.906306,28.027
1780221335.912146,28.025
1780221335.9176967,28.023
1780221335.9234898,28.024
1780221335.9288127,28.022
1780221335.9343204,28.023
1780221335.9396744,28.022
1780221335.9452891,28.022
1780221335.951211,28.021
1780221335.9565117,28.02
1780221335.962248,28.019
1780221335.9677842,28.018
1780221335.9733527,28.019
1780221335.978602,28.017
1780221335.9837914,28.017
1780221335.9894125,28.016
1780221335.994803,28.016
1780221336.0002613,28.015
1780221336.0056605,28.014
1780221336.0110333,28.014
1780221336.0164294,28.014
1780221336.0218077,28.015
1780221336.0270114,28.012
1780221336.0326598,28.013
1780221336.0388033,28.012
1780221336.0447273,28.011
1780221336.0501084,28.011
1780221336.0555146,28.01
1780221336.0609307,28.01
1780221336.0662901,28.011
1780221336.0716836,28.008
1780221336.0770113,28.01
1780221336.082371,28.009
1780221336.088209,28.008
1780221336.0941114,28.008
1780221336.0996137,28.007
1780221336.1050856,28.005
1780221336.1107218,28.006
1780221336.1161401,28.007
1780221336.1215477,28.008
1780221336.1269479,28.008
1780221336.1323452,28.007
1780221336.1380532,28.007
1780221336.1443095,28.006
1780221336.1503153,28.004
1780221336.1558454,28.004
1780221336.1613169,28.004
1780221336.16719,28.006
1780221336.1725252,28.006
1780221336.1779227,28.006
1780221336.18339,28.006
1780221336.189002,28.005
1780221336.1948972,28.005
1780221336.200137,28.004
1780221336.2055485,28.005
1780221336.2109573,28.003
1780221336.2166183,28.003
1780221336.2226691,28.006
1780221336.2286267,28.006
1780221336.234522,28.005
1780221336.2397559,28.004
1780221336.2451193,28.004
1780221336.2503686,28.004
1780221336.2559752,28.004
1780221336.2613952,28.003
1780221336.266744,28.004
1780221336.272139,28.003
1780221336.2775743,28.003
1780221336.2833169,28.002
1780221336.2896013,28.002
1780221336.2951124,28.001
1780221336.300595,28.001
1780221336.306357,28.0
1780221336.3116248,28.002
1780221336.317165,28.0
1780221336.3227713,27.254
1780221336.3285227,27.252
1780221336.334223,27.25
1780221336.3401268,27.25
1780221336.3454368,27.25
1780221336.3507872,27.251
1780221336.3562222,27.253
1780221336.3616323,27.254
1780221336.36741,27.253
1780221336.3737319,27.252
1780221336.379785,27.252
1780221336.3853748,27.251
1780221336.3908987,27.25
1780221336.3964803,27.251
1780221336.4018447,27.252
1780221336.407265,27.253
1780221336.4126418,27.252
1780221336.4180176,27.252
1780221336.4234555,27.251
1780221336.4288313,27.251
1780221336.4342263,27.25
1780221336.4396923,27.251
1780221336.4450514,27.251
1780221336.4504244,27.249
1780221336.4556448,27.248
1780221336.461526,27.248
1780221336.4674783,27.248
1780221336.4729645,27.247
1780221336.4787428,27.244
1780221336.484158,27.244
1780221336.4900784,27.245
1780221336.4955173,27.246
1780221336.5009053,27.247
1780221336.506994,27.247
1780221336.5129702,27.246
1780221336.5183406,27.246
1780221336.523665,27.245
1780221336.5291007,27.245
1780221336.5345132,27.246
1780221336.5399172,27.242
1780221336.545395,27.246
1780221336.550761,27.245
1780221336.5560932,27.245
1780221336.5623171,27.244
1780221336.5681887,27.243
1780221336.5735266,27.243
1780221336.5789316,27.243
1780221336.5843725,27.244
1780221336.5897171,27.243
1780221336.595144,27.244
1780221336.600504,27.244
1780221336.6059284,27.244
1780221336.611357,27.243
1780221336.6170466,27.242
1780221336.6228602,27.242
1780221336.6281712,27.243
1780221336.6335833,27.241
1780221336.639035,27.244
1780221336.644654,27.244
1780221336.650487,27.243
1780221336.6559992,27.242
1780221336.6618943,27.242
1780221336.6671612,27.241
1780221336.6725655,27.242
1780221336.6780117,27.243
1780221336.6836023,27.242
1780221336.6896722,27.244
1780221336.69538,27.244
1780221336.7007725,27.244
1780221336.7061284,27.243
1780221336.7117014,27.242
1780221336.7172308,27.242
1780221336.7230177,27.242
1780221336.7284155,27.241
1780221336.7339175,27.243
1780221336.7392502,27.242
1780221336.744661,27.242
1780221336.750384,27.241
1780221336.7560525,27.239
1780221336.761467,27.237
1780221336.7668707,27.237
1780221336.7721896,27.238
1780221336.777607,27.24
1780221336.783277,27.241
1780221336.789179,27.241
1780221336.794425,27.24
1780221336.7997804,27.239
1780221336.8053708,27.239
1780221336.8108604,27.238
1780221336.8166468,27.239
1780221336.8220353,27.236
1780221336.8274605,27.24
1780221336.8328874,27.24
1780221336.8385122,27.24
1780221336.844427,27.239
1780221336.8499262,27.239
1780221336.8555942,27.237
1780221336.8609886,27.237
1780221336.8665097,27.237
1780221336.8718307,27.237
1780221336.8779109,27.238
1780221336.8836122,27.236
1780221336.8894029,27.235
1780221336.895186,27.232
1780221336.9009013,27.23
1780221336.9067805,27.231
1780221336.9120798,27.232
1780221336.9174445,27.233
1780221336.92265,27.234
1780221336.928537,27.233
1780221336.934491,27.233
1780221336.940007,27.232
1780221336.9457908,27.23
1780221336.9512734,27.229
1780221336.9571118,27.229
1780221336.962507,27.229
1780221336.9679186,27.231
1780221336.973355,27.232
1780221336.9790487,27.232
1780221336.9849517,27.232
1780221336.991004,27.231
1780221336.9969099,27.23
1780221337.0021574,27.231
1780221337.0075743,27.231
1780221337.0129395,27.231
1780221337.0184245,27.232
1780221337.0246122,27.231
1780221337.0305326,27.231
1780221337.0360408,27.23
1780221337.0418155,27.228
1780221337.04726,27.227
1780221337.0531113,27.228
1780221337.0585043,27.228
1780221337.0640645,27.23
1780221337.0694604,27.231
1780221337.0750442,27.231
1780221337.0809767,27.23
1780221337.0868983,27.23
1780221337.0921602,27.229
1780221337.097635,27.23
1780221337.10302,27.231
1780221337.1086102,27.23
1780221337.1146638,27.233
1780221337.1206155,27.232
1780221337.126529,27.232
1780221337.131778,27.231
1780221337.1371708,27.231
1780221337.1426444,27.231
1780221337.147995,27.232
1780221337.1534538,27.23
1780221337.1588953,27.232
1780221337.1642416,27.232
1780221337.169612,27.231
1780221337.175299,27.231
1780221337.1816137,27.23
1780221337.1871173,27.229
1780221337.1926055,27.229
1780221337.1983805,27.23
1780221337.2036142,27.23
1780221337.2092428,27.232
1780221337.2146735,27.231
1780221337.2202706,27.231
1780221337.226177,27.231
1780221337.2314289,27.23
1780221337.2368305,27.23
1780221337.2422845,27.231
1780221337.2477078,27.229
1780221337.2536829,27.229
1780221337.2597678,27.228
1780221337.265649,27.228
1780221337.2710843,27.228
1780221337.2764885,27.227
1780221337.281906,27.227
1780221337.2872567,27.228
1780221337.2926617,27.226
1780221337.2981386,27.228
1780221337.3035254,27.228
1780221337.3088768,27.228
1780221337.314603,27.228
1780221337.3203707,27.227
1780221337.3256512,27.227
1780221337.3310313,27.227
1780221337.3364682,27.227
1780221337.3419163,27.226
1780221337.3473926,27.228
1780221337.3526847,27.228
1780221337.3580523,27.227
1780221337.3634906,27.227
1780221337.3689237,27.226
1780221337.3745737,27.226
1780221337.380428,27.226
1780221337.3856645,27.227
1780221337.3910677,27.224
1780221337.3965068,27.226
1780221337.4022439,27.225
1780221337.4085472,27.224
1780221337.4142118,27.223
1780221337.4198103,27.222
1780221337.4252288,27.221
1780221337.430801,27.222
1780221337.4361103,27.224
1780221337.4416196,27.226
1780221337.4473753,27.225
1780221337.4530196,27.223
1780221337.4590063,27.222
1780221337.4643838,27.222
1780221337.4697459,27.221
1780221337.4751968,27.222
1780221337.4805403,27.224
1780221337.485952,27.223
1780221337.4913218,27.224
1780221337.496779,27.224
1780221337.5024443,27.223
1780221337.508395,27.223
1780221337.5144236,27.222
1780221337.5203211,27.222
1780221337.5255654,27.224
1780221337.530971,27.225
1780221337.5364294,27.227
1780221337.542029,27.227
1780221337.547911,27.226
1780221337.5531783,27.226
1780221337.558575,27.226
1780221337.564037,27.225
1780221337.5694916,27.226
1780221337.5747988,27.225
1780221337.5801935,27.225
1780221337.585592,27.224
1780221337.5909975,27.224
1780221337.5967317,27.223
1780221337.6025774,27.222
1780221337.6081583,27.222
1780221337.6137931,27.222
1780221337.619192,27.223
1780221337.6245937,27.221
1780221337.6300638,27.224
1780221337.6356337,27.223
1780221337.6415288,27.223
1780221337.6468263,27.223
1780221337.6522264,27.222
1780221337.6576762,27.222
1780221337.6631145,27.222
1780221337.668489,27.223
1780221337.6738641,27.223
1780221337.6792765,27.222
1780221337.684652,27.222
1780221337.6904054,27.221
1780221337.6966674,27.22
1780221337.7023644,27.219
1780221337.7077775,27.219
1780221337.7134776,27.22
1780221337.7188623,27.222
1780221337.7243805,27.224
1780221337.7297146,27.224
1780221337.7350974,27.224
1780221337.7404847,27.224
1780221337.7461019,27.224
1780221337.7520306,27.223
1780221337.7572718,27.224
1780221337.7626517,27.225
1780221337.7680964,27.225
1780221337.7734993,27.226
1780221337.7795436,27.225
1780221337.785203,27.224
1780221337.7908103,27.222
1780221337.7965221,27.22
1780221337.8024561,27.22
1780221337.8077013,27.221
1780221337.813111,27.223
1780221337.8185594,27.225
1780221337.823909,27.225
1780221337.8296094,27.225
1780221337.835375,27.222
1780221337.8409958,27.221
1780221337.846865,27.22
1780221337.8521187,27.221
1780221337.857501,27.222
1780221337.8629391,27.222
1780221337.868599,27.223
1780221337.8745008,27.223
1780221337.87973,27.222
1780221337.8851504,27.222
1780221337.8905888,27.221
1780221337.8959458,27.221
1780221337.9013963,27.222
1780221337.9067018,27.22
1780221337.9121704,27.222
1780221337.917756,27.221
1780221337.923658,27.221
1780221337.9289618,27.221
1780221337.934374,27.22
1780221337.9398077,27.22
1780221337.9451814,27.22
1780221337.950614,27.221
1780221337.9559536,27.219
1780221337.961392,27.221
1780221337.9668078,27.22
1780221337.9724803,27.219
1780221337.9787657,27.219
1780221337.9844613,27.218
1780221337.9898677,27.218
1780221337.995644,27.218
1780221338.0009983,27.219
1780221338.0065243,27.222
1780221338.011848,27.222
1780221338.0172212,27.222
1780221338.0226567,27.222
1780221338.028251,27.221
1780221338.034176,27.221
1780221338.0394208,27.221
1780221338.044794,27.222
1780221338.0502565,27.222
1780221338.055629,27.223
1780221338.061689,27.222
1780221338.0677574,27.222
1780221338.0733194,27.221
1780221338.0790765,27.219
1780221338.0845144,27.219
1780221338.0904653,27.22
1780221338.0958312,27.221
1780221338.1016169,27.223
1780221338.1075227,27.222
1780221338.1134748,27.222
1780221338.1193836,27.222
1780221338.1246464,27.221
1780221338.1300457,27.221
1780221338.1355038,27.222
1780221338.140808,27.22
1780221338.1462824,27.221
1780221338.1518524,27.219
1780221338.1576707,27.219
1780221338.1631024,27.219
1780221338.1684859,27.219
1780221338.174575,27.218
1780221338.1805434,27.218
1780221338.185919,27.219
1780221338.191258,27.218
1780221338.1966803,27.219
1780221338.2020578,27.219
1780221338.207458,27.219
1780221338.212873,27.219
1780221338.2183096,27.219
1780221338.2236967,27.218
1780221338.2291512,27.219
1780221338.2344773,27.22
1780221338.2398593,27.217
1780221338.2453136,27.217
1780221338.2507572,27.217
1780221338.2563698,27.216
1780221338.2622604,27.216
1780221338.2675157,27.216
1780221338.272931,27.216
1780221338.2783647,27.216
1780221338.283679,27.213
1780221338.2889144,27.215
1780221338.2945292,27.215
1780221338.2999356,27.214
1780221338.3053544,27.214
1780221338.3110394,27.213
1780221338.3168373,27.213
1780221338.3220994,27.213
1780221338.3273494,27.214
1780221338.332928,27.212
1780221338.3383565,27.213
1780221338.3439987,27.212
1780221338.3499033,27.212
1780221338.355152,27.212
1780221338.360515,27.211
1780221338.365956,27.211
1780221338.3713605,27.212
1780221338.376809,27.209
1780221338.3822098,27.211
1780221338.3875751,27.211
1780221338.3929725,27.211
1780221338.398697,27.21
1780221338.4045107,27.21
1780221338.4097402,27.209
1780221338.4149814,27.21
1780221338.420597,27.21
1780221338.4260287,27.209
1780221338.4316247,27.211
1780221338.4375668,27.211
1780221338.4427965,27.21
1780221338.4482791,27.21
1780221338.4536593,27.209
1780221338.4590108,27.209
1780221338.464486,27.21
1780221338.4697812,27.211
1780221338.4751856,27.209
1780221338.4805968,27.21
1780221338.4863129,27.21
1780221338.4926355,27.209
1780221338.4982626,27.208
1780221338.5038817,27.207
1780221338.5092978,27.207
1780221338.5149105,27.208
1780221338.5202155,27.21
1780221338.5255854,27.211
1780221338.5309906,27.211
1780221338.5362036,27.211
1780221338.5418296,27.211
1780221338.5472264,27.211
1780221338.5526056,27.211
1780221338.5580664,27.212
1780221338.5633907,27.213
1780221338.5686722,27.211
1780221338.5746305,27.214
1780221338.5804977,27.213
1780221338.5864377,27.213
1780221338.591666,27.213
1780221338.5970688,27.212
1780221338.6024861,27.212
1780221338.6078713,27.213
1780221338.6132789,27.21
1780221338.6186638,27.214
1780221338.6240335,27.214
1780221338.6294677,27.213
1780221338.6351914,27.213
1780221338.6415145,27.212
1780221338.6469822,27.211
1780221338.6525173,27.212
1780221338.6582298,27.213
1780221338.6636155,27.216
1780221338.6693845,27.214
1780221338.6753507,27.215
1780221338.6813953,27.215
1780221338.687266,27.215
1780221338.692513,27.214
1780221338.6979206,27.214
1780221338.7033722,27.215
1780221338.708738,27.214
1780221338.714805,27.214
1780221338.720838,27.214
1780221338.7261853,27.214
1780221338.7315567,27.214
1780221338.7376194,27.213
1780221338.7435975,27.213
1780221338.7489817,27.214
1780221338.7543805,27.212
1780221338.7600393,27.213
1780221338.7658534,27.214
1780221338.7711232,27.213
1780221338.7766588,27.212
1780221338.7823753,27.21
1780221338.7880013,27.209
1780221338.79352,27.209
1780221338.7988284,27.21
1780221338.8048272,27.209
1780221338.8108683,27.212
1780221338.8168943,27.214
1780221338.8222322,27.213
1780221338.8275506,27.213
1780221338.8332486,27.213
1780221338.83906,27.213
1780221338.8443198,27.213
1780221338.8495336,27.213
1780221338.8553116,27.215
1780221338.860645,27.214
1780221338.8659935,27.214
1780221338.8714297,27.213
1780221338.8767526,27.213
1780221338.881948,27.213
1780221338.8875632,27.214
1780221338.8927653,27.215
1780221338.8984082,27.215
1780221338.903831,27.217
1780221338.9092717,27.216
1780221338.9146755,27.216
1780221338.9202673,27.215
1780221338.9261875,27.215
1780221338.9314249,27.215
1780221338.9368186,27.215
1780221338.942275,27.212
1780221338.9479864,27.215
1780221338.9540434,27.218
1780221338.9598918,27.218
1780221338.9657736,27.217
1780221338.971044,27.217
1780221338.976459,27.216
1780221338.981898,27.217
1780221338.9872527,27.217
1780221338.9927018,27.218
1780221338.9980407,27.219
1780221339.0034418,27.219
1780221339.0089145,27.218
1780221339.0145664,27.218
1780221339.0208824,27.217
1780221339.0264087,27.216
1780221339.0318794,27.217
1780221339.037662,27.218
1780221339.0430663,27.22
1780221339.0485559,27.22
1780221339.0539355,27.22
1780221339.0595477,27.22
1780221339.0654848,27.219
1780221339.0707786,27.219
1780221339.0762415,27.219
1780221339.0815752,27.22
1780221339.0869172,27.219
1780221339.0923505,27.221
1780221339.0977013,27.22
1780221339.1037679,27.22
1780221339.1098018,27.219
1780221339.1151624,27.219
1780221339.1205177,27.218
1780221339.1259716,27.219
1780221339.1313114,27.217
1780221339.1367178,27.219
1780221339.1421144,27.219
1780221339.147585,27.219
1780221339.1532001,27.218
1780221339.1591208,27.218
1780221339.1644313,27.217
1780221339.1699097,27.218
1780221339.1752214,27.218
1780221339.180854,27.216
1780221339.18667,27.221
1780221339.191945,27.221
1780221339.197318,27.221
1780221339.2027166,27.221
1780221339.2081118,27.222
1780221339.2133117,27.222
1780221339.218877,27.223
1780221339.2240522,27.221
1780221339.2298353,27.224
1780221339.235913,27.223
1780221339.241854,27.223
1780221339.247215,27.222
1780221339.2526221,27.222
1780221339.2586973,27.221
1780221339.2646682,27.221
1780221339.2700303,27.222
1780221339.2754111,27.222
1780221339.281114,27.223
1780221339.2875125,27.222
1780221339.2934768,27.221
1780221339.2988422,27.221
1780221339.304218,27.22
1780221339.3096564,27.22
1780221339.3150182,27.221
1780221339.3204374,27.219
1780221339.3259165,27.221
1780221339.331268,27.22
1780221339.3367145,27.22
1780221339.3426907,27.22
1780221339.3483152,27.219
1780221339.3541355,27.218
1780221339.359479,27.219
1780221339.364866,27.22
1780221339.3702214,27.22
1780221339.375622,27.221
1780221339.3812695,27.22
1780221339.3871717,27.22
1780221339.3924448,27.219
1780221339.3978448,27.219
1780221339.40326,27.219
1780221339.4087074,27.219
1780221339.4140532,27.217
1780221339.4194822,27.22
1780221339.424893,27.219
1780221339.4302566,27.219
1780221339.4359589,27.219
1780221339.4422936,27.218
1780221339.4478285,27.217
1780221339.453211,27.217
1780221339.4585295,27.218
1780221339.463902,27.219
1780221339.4693437,27.221
1780221339.4749484,27.22
1780221339.4808671,27.22
1780221339.4863725,27.22
1780221339.4921672,27.218
1780221339.497632,27.217
1780221339.5035055,27.218
1780221339.5089183,27.218
1780221339.514421,27.221
1780221339.520008,27.22
1780221339.5262983,27.22
1780221339.5320466,27.218
1780221339.5376122,27.217
1780221339.5431092,27.215
1780221339.5486012,27.216
1780221339.5539184,27.217
1780221339.5599806,27.217
1780221339.565613,27.219
1780221339.5711472,27.219
1780221339.5770574,27.219
1780221339.5829775,27.218
1780221339.5889153,27.218
1780221339.5948465,27.218
1780221339.6001518,27.219
1780221339.605608,27.22
1780221339.61125,27.22
1780221339.6175356,27.219
1780221339.623222,27.218
1780221339.6286454,27.217
1780221339.634484,27.217
1780221339.6397574,27.217
1780221339.64512,27.218
1780221339.6505995,27.218
1780221339.6562493,27.22
1780221339.6622913,27.223
1780221339.66823,27.223
1780221339.6741354,27.223
1780221339.6793766,27.222
1780221339.6847858,27.222
1780221339.6902373,27.223
1780221339.695576,27.223
1780221339.7016666,27.221
1780221339.707793,27.223
1780221339.713589,27.222
1780221339.7190242,27.222
1780221339.7244534,27.222
1780221339.7305138,27.221
1780221339.7364976,27.221
1780221339.7418067,27.222
1780221339.7472363,27.222
1780221339.7526264,27.224
1780221339.7582507,27.224
1780221339.7641807,27.223
1780221339.7694366,27.223
1780221339.774836,27.222
1780221339.7802706,27.222
1780221339.7856295,27.223
1780221339.791073,27.22
1780221339.7964625,27.224
1780221339.8018732,27.223
1780221339.8072538,27.223
1780221339.8126564,27.222
1780221339.8182805,27.222
1780221339.8242078,27.221
1780221339.8294482,27.222
1780221339.8347764,27.222
1780221339.8400302,27.222
1780221339.8456855,27.224
1780221339.851808,27.223
1780221339.8577013,27.223
1780221339.8631067,27.222
1780221339.8684976,27.222
1780221339.873919,27.222
1780221339.8792784,27.223
1780221339.8846827,27.22
1780221339.89019,27.223
1780221339.8955362,27.222
1780221339.900888,27.222
1780221339.9065907,27.221
1780221339.912381,27.221
1780221339.9176416,27.22
1780221339.9228885,27.22
1780221339.9285033,27.221
1780221339.93394,27.22
1780221339.9394162,27.222
1780221339.9447002,27.221
1780221339.95005,27.221
1780221339.9556139,27.22
1780221339.9613569,27.218
1780221339.9668605,27.216
1780221339.972412,27.216
1780221339.977726,27.217
1780221339.9837892,27.216
1780221339.989943,27.219
1780221339.9957058,27.218
1780221340.001139,27.218
1780221340.0065434,27.218
1780221340.0126576,27.217
1780221340.0186687,27.217
1780221340.023994,27.218
1780221340.0293174,27.217
1780221340.0347526,27.217
1780221340.0404243,27.216
1780221340.0463457,27.216
1780221340.0515645,27.215
1780221340.0569746,27.215
1780221340.0624034,27.215
1780221340.067752,27.215
1780221340.0732117,27.214
1780221340.0785985,27.215
1780221340.0839705,27.214
1780221340.0893917,27.214
1780221340.0947816,27.214
1780221340.100442,27.213
1780221340.106335,27.213
1780221340.11158,27.213
1780221340.1169431,27.214
1780221340.1223679,27.213
1780221340.1281667,27.215
1780221340.134134,27.215
1780221340.1400473,27.215
1780221340.1459463,27.214
1780221340.1511981,27.214
1780221340.1565888,27.214
1780221340.162055,27.214
1780221340.167409,27.215
1780221340.1731458,27.214
1780221340.179522,27.214
1780221340.1854732,27.214
1780221340.1908526,27.214
1780221340.1962261,27.213
1780221340.201631,27.213
1780221340.2069805,27.213
1780221340.2122338,27.214
1780221340.2177694,27.213
1780221340.2229438,27.215
1780221340.2286408,27.215
1780221340.2348163,27.214
1780221340.2407198,27.214
1780221340.2460523,27.214
1780221340.2514677,27.213
1780221340.256895,27.214
1780221340.2622316,27.214
1780221340.2676473,27.214
1780221340.2730107,27.215
1780221340.278316,27.214
1780221340.2841792,27.212
1780221340.2901134,27.212
1780221340.2961125,27.212
1780221340.3020344,27.212
1780221340.3072693,27.213
1780221340.3126643,27.214
1780221340.318128,27.215
1780221340.3234937,27.214
1780221340.3295488,27.214
1780221340.3352118,27.212
1780221340.3408644,27.21
1780221340.3463576,27.21
1780221340.3518155,27.21
1780221340.3571105,27.209
1780221340.3625486,27.211
1780221340.3679047,27.211
1780221340.373638,27.211
1780221340.3794413,27.21
1780221340.3849423,27.21
1780221340.3908405,27.21
1780221340.3961132,27.21
1780221340.4014869,27.211
1780221340.4069695,27.211
1780221340.4123485,27.212
1780221340.4180262,27.212
1780221340.4238648,27.211
1780221340.4293718,27.21
1780221340.4352858,27.21
1780221340.4405334,27.21
1780221340.4459195,27.211
1780221340.4513798,27.208
1780221340.4570613,27.212
1780221340.4631162,27.215
1780221340.468992,27.214
1780221340.4749155,27.214
1780221340.4801521,27.214
1780221340.4855444,27.213
1780221340.4910111,27.214
1780221340.4963615,27.214
1780221340.5018563,27.214
1780221340.5075297,27.216
1780221340.5131397,27.216
1780221340.5185416,27.215
1780221340.5239863,27.215
1780221340.5301101,27.214
1780221340.5361497,27.214
1780221340.541485,27.215
1780221340.5467815,27.214
1780221340.5524776,27.216
1780221340.5588057,27.215
1780221340.5647492,27.214
1780221340.5705252,27.213
1780221340.576262,27.211
1780221340.5817072,27.21
1780221340.5875595,27.21
1780221340.5929997,27.212
1780221340.598381,27.217
1780221340.6041276,27.217
1780221340.6099958,27.217
1780221340.6155033,27.216
1780221340.6214278,27.216
1780221340.6268692,27.216
1780221340.6323464,27.216
1780221340.6380324,27.216
1780221340.6434438,27.216
1780221340.6487918,27.217
1780221340.6543646,27.217
1780221340.660059,27.215
1780221340.66578,27.213
1780221340.6716378,27.213
1780221340.6770673,27.213
1780221340.6824663,27.214
1780221340.6879168,27.213
1780221340.6934452,27.217
1780221340.6987479,27.216
1780221340.7044759,27.214
1780221340.7101855,27.214
1780221340.7160656,27.214
1780221340.7215064,27.213
1780221340.7268798,27.214
1780221340.7323449,27.215
1780221340.7376914,27.215
1780221340.7430854,27.216
1780221340.748471,27.216
1780221340.753905,27.216
1780221340.7592936,27.216
1780221340.765458,27.215
1780221340.771365,27.215
1780221340.7767,27.216
1780221340.7820385,27.213
1780221340.7875917,27.216
1780221340.793316,27.216
1780221340.7989383,27.214
1780221340.8047104,27.213
1780221340.8109949,27.212
1780221340.8170178,27.212
1780221340.822368,27.212
1780221340.8276896,27.214
1780221340.8334348,27.214
1780221340.839715,27.215
1780221340.845804,27.214
1780221340.8517702,27.214
1780221340.857167,27.214
1780221340.862541,27.214
1780221340.8679905,27.214
1780221340.8733532,27.215
1780221340.8787487,27.215
1780221340.8841617,27.216
1780221340.8896027,27.216
1780221340.8952222,27.215
1780221340.9011369,27.215
1780221340.906636,27.215
1780221340.9121344,27.213
1780221340.9178095,27.214
1780221340.9232006,27.212
1780221340.9285724,27.215
1780221340.9340012,27.215
1780221340.9393933,27.215
1780221340.9451292,27.214
1780221340.9514854,27.213
1780221340.9574606,27.213
1780221340.962799,27.213
1780221340.968184,27.214
1780221340.9736419,27.215
1780221340.97926,27.216
1780221340.9851735,27.216
1780221340.9904056,27.216
1780221340.9957707,27.215
1780221341.0012069,27.215
1780221341.0066006,27.214
1780221341.012039,27.215
1780221341.0173748,27.215
1780221341.0227604,27.214
1780221341.0282037,27.214
1780221341.033667,27.214
1780221341.0392823,27.213
1780221341.0452068,27.213
1780221341.0506475,27.212
1780221341.0561502,27.212
1780221341.0618784,27.213
1780221341.0672445,27.213
1780221341.0725963,27.215
1780221341.0780354,27.214
1780221341.0837314,27.214
1780221341.0897143,27.213
1780221341.0956945,27.213
1780221341.1016235,27.212
1780221341.106886,27.213
1780221341.1122334,27.212
1780221341.1176782,27.216
1780221341.1233575,27.216
1780221341.1292245,27.216
1780221341.1344545,27.215
1780221341.139815,27.215
1780221341.1454022,27.214
1780221341.150885,27.214
1780221341.1566372,27.215
1780221341.162083,27.215
1780221341.1674767,27.219
1780221341.1729307,27.221
1780221341.178546,27.223
1780221341.1844766,27.224
1780221341.189977,27.226
1780221341.195504,27.228
1780221341.2010949,27.23
1780221341.2064834,27.23
1780221341.2117808,27.232
1780221341.2170813,27.231
1780221341.2229948,27.231
1780221341.2289119,27.23
1780221341.2344182,27.23
1780221341.2401922,27.228
1780221341.2456203,27.228
1780221341.2509675,27.228
1780221341.2563431,27.229
1780221341.2620347,27.229
1780221341.2678297,27.228
1780221341.273089,27.228
1780221341.2784743,27.227
1780221341.2839155,27.227
1780221341.289386,27.226
1780221341.2947588,27.227
1780221341.3001282,27.227
1780221341.3055258,27.22
1780221341.3108864,27.226
1780221341.316278,27.235
1780221341.3214633,27.248
1780221341.32714,28.002
1780221341.3325016,28.016
1780221341.3378916,28.026
1780221341.3430696,28.037
1780221341.3488874,28.048
1780221341.3550978,28.06
1780221341.3609831,28.069
1780221341.366271,28.08
1780221341.3718193,28.091
1780221341.3777246,28.1
1780221341.3836756,28.112
1780221341.3896313,28.123
1780221341.395017,28.133
1780221341.4004824,28.142
1780221341.405843,28.155
1780221341.411198,28.172
1780221341.416591,28.189
1780221341.4219604,28.19
1780221341.4274082,28.19
1780221341.4328938,28.189
1780221341.43915,28.188
1780221341.445067,28.187
1780221341.4507754,28.186
1780221341.4561744,28.185
1780221341.4615526,28.185
1780221341.466782,28.183
1780221341.4725556,28.184
1780221341.47812,28.183
1780221341.4839325,28.182
1780221341.4891963,28.18
1780221341.4945936,28.179
1780221341.500037,28.178
1780221341.505488,28.177
1780221341.5108466,28.177
1780221341.5162513,28.175
1780221341.5216067,28.176
1780221341.5270422,28.175
1780221341.532484,28.174
1780221341.5381656,28.172
1780221341.5444572,28.17
1780221341.5499675,28.169
1780221341.5554159,28.168
1780221341.560701,28.167
1780221341.566278,28.17
1780221341.572355,28.172
1780221341.5783179,28.171
1780221341.5842237,28.169
1780221341.5894759,28.168
1780221341.5948904,28.167
1780221341.6003516,28.166
1780221341.6056888,28.166
1780221341.6117225,28.165
1780221341.617645,28.167
1780221341.6238298,28.165
1780221341.629753,28.164
1780221341.6351314,28.162
1780221341.64052,28.161
1780221341.6459482,28.161
1780221341.6512957,28.16
1780221341.656721,28.158
1780221341.6620479,28.159
1780221341.6674092,28.157
1780221341.6732385,28.155
1780221341.6791468,28.154
1780221341.684645,28.153
1780221341.6901376,28.151
1780221341.695784,28.151
1780221341.701168,28.148
1780221341.7064397,28.15
1780221341.7117386,28.148
1780221341.7178583,28.146
1780221341.7235665,28.144
1780221341.729477,28.143
1780221341.7347443,28.142
1780221341.74014,28.142
1780221341.7456033,28.142
1780221341.751192,28.139
1780221341.7572238,28.141
1780221341.763222,28.14
1780221341.7691236,28.139
1780221341.7743535,28.137
1780221341.779807,28.136
1780221341.78522,28.136
1780221341.7905765,28.136
1780221341.7960474,28.133
1780221341.8017912,28.134
1780221341.8073666,28.133
1780221341.8127677,28.132
1780221341.8181891,28.131
1780221341.824284,28.129
1780221341.8302672,28.128
1780221341.8356345,28.128
1780221341.8409917,28.128
1780221341.8467019,28.126
1780221341.853017,28.126
1780221341.8590932,28.125
1780221341.8644793,28.124
1780221341.8700893,28.122
1780221341.8760047,28.122
1780221341.8812706,28.121
1780221341.8866277,28.121
1780221341.89207,28.121
1780221341.8974574,28.123
1780221341.9031682,28.124
1780221341.9095407,28.125
1780221341.9154887,28.126
1780221341.9208694,28.127
1780221341.9262407,28.128
1780221341.9316828,28.13
1780221341.9370332,28.128
1780221341.9424305,28.129
1780221341.9478014,28.128
1780221341.9531004,28.126
1780221341.9589765,28.125
1780221341.964884,28.124
1780221341.970391,28.123
1780221341.975866,28.122
1780221341.98148,28.122
1780221341.986913,28.121
1780221341.9922304,28.121
1780221341.997633,28.12
1780221342.0030591,28.119
1780221342.0087805,28.118
1780221342.0150504,28.116
1780221342.020593,28.116
1780221342.0260441,28.115
1780221342.0313401,28.115
1780221342.036823,28.116
1780221342.0421417,28.115
1780221342.0477266,28.114
1780221342.0536377,28.113
1780221342.0588942,28.112
1780221342.0642984,28.111
1780221342.0697474,28.111
1780221342.0750985,28.111
1780221342.0805893,28.109
1780221342.0862179,28.109
1780221342.0919032,28.109
1780221342.097313,28.108
1780221342.102701,28.107
1780221342.1081336,28.105
1780221342.1135206,28.105
1780221342.1189373,28.105
1780221342.1242585,28.103
1780221342.1296458,28.102
1780221342.135317,28.1
1780221342.1412284,28.099
1780221342.146581,28.098
1780221342.1519482,28.097
1780221342.1573474,28.096
1780221342.162753,28.096
1780221342.1681626,28.096
1780221342.1734996,28.093
1780221342.178799,28.092
1780221342.1846166,28.092
1780221342.1905227,28.091
1780221342.1957586,28.09
1780221342.201113,28.089
1780221342.2063982,28.088
1780221342.212094,28.088
1780221342.217393,28.087
1780221342.22275,28.086
1780221342.228134,28.085
1780221342.2335818,28.084
1780221342.2393003,28.083
1780221342.2455728,28.082
1780221342.2510917,28.08
1780221342.2565384,28.079
1780221342.2624211,28.08
1780221342.2677858,28.08
1780221342.2732322,28.081
1780221342.2786477,28.08
1780221342.283974,28.079
1780221342.289366,28.079
1780221342.2948036,28.078
1780221342.3002226,28.077
1780221342.3056905,28.077
1780221342.3110843,28.078
1780221342.3165088,28.075
1780221342.321876,28.074
1780221342.3271902,28.074
1780221342.3332794,28.072
1780221342.3393457,28.072
1780221342.3446474,28.071
1780221342.350026,28.07
1780221342.3554707,28.07
1780221342.3610163,28.069
1780221342.366882,28.072
1780221342.3722837,28.071
1780221342.3776603,28.071
1780221342.3830578,28.07
1780221342.388716,28.069
1780221342.3947601,28.069
1780221342.4005568,28.069
1780221342.4058685,28.067
1780221342.4113233,28.068
1780221342.4166977,28.067
1780221342.42207,28.066
1780221342.427832,28.065
1780221342.4342368,28.064
1780221342.4401488,28.063
1780221342.4455128,28.063
1780221342.450869,28.063
1780221342.4562974,28.063
1780221342.4616833,28.064
1780221342.467097,28.063
1780221342.4724712,28.062
1780221342.4778981,28.061
1780221342.4833183,28.06
1780221342.4887521,28.06
1780221342.4941385,28.06
1780221342.499499,28.059
1780221342.5048776,28.058
1780221342.510054,28.057
1780221342.5157065,28.056
1780221342.5217674,28.055
1780221342.5272589,28.053
1780221342.532869,28.052
1780221342.538384,28.052
1780221342.543693,28.052
1780221342.5492907,28.052
1780221342.554706,28.053
1780221342.5601387,28.053
1780221342.5658572,28.052
1780221342.5715723,28.051
1780221342.5769265,28.05
1780221342.5823104,28.049
1780221342.5878065,28.05
1780221342.593201,28.05
1780221342.5985835,28.048
1780221342.6039608,28.049
1780221342.6093245,28.048
1780221342.6147556,28.047
1780221342.6201634,28.046
1780221342.6258886,28.045
1780221342.6316936,28.045
1780221342.637005,28.045
1780221342.642411,28.044
1780221342.6478994,28.045
1780221342.6534991,28.044
1780221342.6597595,28.043
1780221342.6654792,28.041
1780221342.6710792,28.04
1780221342.676512,28.039
1780221342.6820667,28.039
1780221342.6873817,28.041
1780221342.6931334,28.041
1780221342.6995022,28.042
1780221342.7054772,28.041
1780221342.7108436,28.04
1780221342.7161722,28.04
1780221342.7218707,28.039
1780221342.7276828,28.039
1780221342.7329595,28.039
1780221342.7383838,28.038
1780221342.744101,28.036
1780221342.7501705,28.039
1780221342.7560816,28.038
1780221342.7619748,28.038
1780221342.7672276,28.037
1780221342.772636,28.036
1780221342.7780888,28.037
1780221342.7834466,28.034
1780221342.789491,28.035
1780221342.7955387,28.034
1780221342.801484,28.033
1780221342.8068905,28.033
1780221342.8122501,28.032
1780221342.8177009,28.032
1780221342.8231177,28.032
1780221342.8284726,28.031
1780221342.8339298,28.03
1780221342.8393168,28.03
1780221342.8446891,28.029
1780221342.850854,28.028
1780221342.8567317,28.028
1780221342.8620706,28.027
1780221342.8674748,28.027
1780221342.8729367,28.027
1780221342.8784146,28.025
1780221342.8844607,28.028
1780221342.8896782,28.027
1780221342.895046,28.026
1780221342.900228,28.025
1780221342.9058473,28.024
1780221342.9110513,28.023
1780221342.9167628,28.023
1780221342.922119,28.023
1780221342.9274986,28.02
1780221342.9329326,28.022
1780221342.9385703,28.021
1780221342.9444866,28.02
1780221342.9500089,28.019
1780221342.955778,28.017
1780221342.9611948,28.016
1780221342.9671242,28.016
1780221342.9725428,28.016
1780221342.9783008,28.017
1780221342.984233,28.017
1780221342.9901721,28.016
1780221342.9960833,28.016
1780221343.0013247,28.015
1780221343.0066664,28.014
1780221343.0118487,28.014
1780221343.0174935,28.015
1780221343.0228229,28.014
1780221343.028618,28.014
1780221343.0345151,28.014
1780221343.0397565,28.013
1780221343.0451276,28.013
1780221343.0505633,28.012
1780221343.0559783,28.012
1780221343.061412,28.012
1780221343.0667386,28.009
1780221343.0720363,28.01
1780221343.0777783,28.009
1780221343.0836513,28.009
1780221343.0889857,28.008
1780221343.0943723,28.008
1780221343.0997968,28.007
1780221343.1051753,28.007
1780221343.1111712,28.008
1780221343.1166368,28.005
1780221343.1219747,28.007
1780221343.127412,28.006
1780221343.1328044,28.005
1780221343.138508,28.004
1780221343.1448064,28.003
1780221343.1503513,28.003
1780221343.155803,28.004
1780221343.1616535,28.003
1780221343.1676242,28.009
1780221343.1737456,28.014
1780221343.1797967,28.017
1780221343.1853888,28.016
1780221343.1911485,28.014
1780221343.1966755,28.012
1780221343.202427,28.013
1780221343.20779,28.013
1780221343.2131748,28.017
1780221343.2183797,28.016
1780221343.2242918,28.016
1780221343.2301848,28.015
1780221343.235447,28.014
1780221343.2408469,28.014
1780221343.2462974,28.014
1780221343.2516599,28.014
1780221343.2577093,28.012
1780221343.2632523,28.015
1780221343.2688098,28.013
1780221343.2747738,28.013
1780221343.2806907,28.012
1780221343.2862115,28.011
1780221343.291751,28.01
1780221343.2973413,28.01
1780221343.3026857,28.012
1780221343.307997,28.017
1780221343.3131728,28.016
1780221343.3188317,28.016
1780221343.3240106,28.016
1780221343.3296535,28.016
1780221343.3349705,28.016
1780221343.340797,28.016
1780221343.3464532,28.017
1780221343.351696,28.016
1780221343.3573153,28.018
1780221343.363006,28.017
1780221343.3688295,28.017
1780221343.3740764,28.017
1780221343.3792603,28.016
1780221343.3848648,28.016
1780221343.390046,28.016
1780221343.3956852,28.015
1780221343.4010923,28.017
1780221343.4064941,28.017
1780221343.4118783,28.017
1780221343.417356,28.017
1780221343.4227443,28.016
1780221343.4281533,28.016
1780221343.4335036,28.016
1780221343.4388597,28.017
1780221343.4440382,28.016
1780221343.44982,28.018
1780221343.455137,28.017
1780221343.4605243,28.016
1780221343.4659271,28.016
1780221343.4713273,28.015
1780221343.4767168,28.014
1780221343.4821517,28.014
1780221343.4875832,28.015
1780221343.4929447,28.013
1780221343.4983714,28.014
1780221343.5038016,28.013
1780221343.5095062,28.012
1780221343.5157607,28.011
1780221343.5214663,28.01
1780221343.5268695,28.01
1780221343.532593,28.01
1780221343.538003,28.013
1780221343.5435104,28.015
1780221343.5488505,28.015
1780221343.5542047,28.014
1780221343.5602705,28.013
1780221343.5662942,28.013
1780221343.5716488,28.013
1780221343.5770762,28.013
1780221343.58248,28.013
1780221343.5878313,28.012
1780221343.5932105,28.011
1780221343.5985768,28.011
1780221343.6040199,28.01
1780221343.609711,28.009
1780221343.6156182,28.009
1780221343.6208649,28.008
1780221343.6262398,28.009
1780221343.6316693,28.007
1780221343.63702,28.011
1780221343.6431057,28.011
1780221343.6491807,28.01
1780221343.6547492,28.009
1780221343.6605814,28.007
1780221343.66608,28.005
1780221343.6718702,28.005
1780221343.677254,28.004
1780221343.6827378,28.007
1780221343.6881154,28.006
1780221343.6934905,28.006
1780221343.6991572,28.005
1780221343.704693,28.003
1780221343.7105732,28.002
1780221343.7164893,28.003
1780221343.721754,28.003
1780221343.7270796,28.005
1780221343.7325187,28.006
1780221343.7381878,28.005
1780221343.7440693,28.004
1780221343.749286,28.003
1780221343.7546628,28.003
1780221343.7600913,28.002
1780221343.765574,28.003
1780221343.7709494,28.001
1780221343.776305,28.002
1780221343.7816994,28.001
1780221343.787102,28.001
1780221343.792569,28.0
1780221343.7981815,27.255
1780221343.8041086,27.255
1780221343.8093586,27.254
1780221343.8146772,27.255
1780221343.8201094,27.255
1780221343.825662,28.001
1780221343.831565,28.0
1780221343.8374548,27.255
1780221343.8432655,27.254
1780221343.8489976,27.252
1780221343.854409,27.251
1780221343.860315,27.251
1780221343.8657577,27.253
1780221343.8711278,28.001
1780221343.8765993,28.002
1780221343.8821995,28.002
1780221343.8881369,28.001
1780221343.893637,28.001
1780221343.8992934,27.254
1780221343.90472,27.254
1780221343.9101915,27.255
1780221343.9155884,27.255
1780221343.9216132,28.0
1780221343.9275718,27.255
1780221343.9332824,27.254
1780221343.938834,27.252
1780221343.9445155,27.252
1780221343.9497814,27.252
1780221343.955159,27.253
1780221343.9606256,27.254
1780221343.9663973,28.0
1780221343.9723485,28.001
1780221343.9782288,28.0
1780221343.9841413,28.0
1780221343.9894245,27.255
1780221343.994806,27.255
1780221344.0002584,28.0
1780221344.0055952,27.254
1780221344.011688,28.0
1780221344.0176969,28.0
1780221344.023732,27.255
1780221344.0290806,27.254
1780221344.0344532,27.254
1780221344.0405188,27.253
1780221344.0465078,27.253
1780221344.0518715,27.254
1780221344.057283,27.255
1780221344.0626922,27.254
1780221344.0682998,27.253
1780221344.0742023,27.253
1780221344.0794473,27.252
1780221344.084796,27.252
1780221344.0899734,27.252
1780221344.0957334,27.252
1780221344.1011002,27.249
1780221344.1065154,27.252
1780221344.1118586,27.252
1780221344.1172602,27.251
1780221344.1229813,27.251
1780221344.1292574,27.25
1780221344.134904,27.249
1780221344.1402967,27.249
1780221344.1460676,27.25
1780221344.1514833,27.251
1780221344.1568966,27.253
1780221344.1623478,27.253
1780221344.1679592,27.252
1780221344.1738744,27.252
1780221344.179377,27.251
1780221344.184879,27.25
1780221344.190535,27.25
1780221344.1959116,27.25
1780221344.2013886,27.252
1780221344.2067444,27.252
1780221344.2121263,27.251
1780221344.2178159,27.25
1780221344.224135,27.249
1780221344.2302268,27.249
1780221344.235576,27.249
1780221344.24091,27.25
1780221344.2469842,27.25
1780221344.2525575,27.253
1780221344.2580278,28.001
1780221344.2640464,28.0
1780221344.269948,28.0
1780221344.2751353,27.255
1780221344.2804995,27.255
1780221344.2857485,28.0
1780221344.2913432,27.255
1780221344.2968683,28.0
1780221344.302509,28.0
1780221344.3081532,27.255
1780221344.3135467,27.255
1780221344.3189576,27.254
1780221344.3244126,27.254
1780221344.3297546,27.254
1780221344.3352137,27.252
1780221344.3406012,27.254
1780221344.3460083,27.254
1780221344.3513868,27.253
1780221344.3570821,27.252
1780221344.363402,27.251
1780221344.369091,27.25
1780221344.3744962,27.25
1780221344.380163,27.251
1780221344.3855877,27.253
1780221344.3909671,27.254
1780221344.396392,27.254
1780221344.401807,27.253
1780221344.4075375,27.253
1780221344.4137945,27.252
1780221344.4193566,27.251
1780221344.424833,27.252
1780221344.4306366,27.25
1780221344.4366431,28.001
1780221344.4426353,28.001
1780221344.4486287,28.005
1780221344.4543185,28.009
1780221344.459889,28.015
1780221344.4652767,28.019
1780221344.4708617,28.029
1780221344.4761767,28.037
1780221344.481632,28.037
1780221344.4873748,28.037
1780221344.493304,28.037
1780221344.4992828,28.036
1780221344.5052156,28.036
1780221344.510729,28.035
1780221344.516178,28.035
1780221344.5218654,28.035
1780221344.5272746,28.034
1780221344.5326405,28.035
1780221344.5380654,28.035
1780221344.5435097,28.034
1780221344.5492394,28.033
1780221344.5555873,28.032
1780221344.561558,28.032
1780221344.5669172,28.032
1780221344.5722682,28.03
1780221344.577992,28.032
1780221344.584404,28.032
1780221344.5903368,28.031
1780221344.5957246,28.03
1780221344.60112,28.03
1780221344.6065423,28.029
1780221344.6119637,28.029
1780221344.6173162,28.03
1780221344.6226828,28.027
1780221344.6281114,28.028
1780221344.633526,28.028
1780221344.6392355,28.027
1780221344.6455052,28.026
1780221344.6511948,28.024
1780221344.6566236,28.024
1780221344.662359,28.024
1780221344.6677325,28.026
1780221344.6732404,28.028
1780221344.678582,28.027
1780221344.6839547,28.027
1780221344.689648,28.026
1780221344.695453,28.025
1780221344.700698,28.024
1780221344.7059436,28.025
1780221344.711589,28.025
1780221344.7172604,28.023
1780221344.7235315,28.024
1780221344.7296708,28.022
1780221344.7355711,28.022
1780221344.7409968,28.022
1780221344.746359,28.021
1780221344.7518134,28.021
1780221344.7571669,28.022
1780221344.7625825,28.021
1780221344.7679694,28.022
1780221344.7734025,28.021
1780221344.7787938,28.021
1780221344.7845228,28.02
1780221344.7907662,28.019
1780221344.7962937,28.018
1780221344.8017623,28.018
1780221344.8070564,28.017
1780221344.81262,28.019
1780221344.8186803,28.021
1780221344.824378,28.021
1780221344.8297656,28.02
1780221344.8352125,28.019
1780221344.840659,28.019
1780221344.8460033,28.019
1780221344.8514783,28.019
1780221344.856804,28.018
1780221344.862265,28.019
1780221344.86763,28.019
1780221344.873376,28.018
1780221344.8796017,28.017
1780221344.8853862,28.015
1780221344.8908997,28.014
1780221344.8964715,28.014
1780221344.901874,28.016
1780221344.9071784,28.02
1780221344.91262,28.019
1780221344.918407,28.017
1780221344.9242616,28.016
1780221344.929776,28.016
1780221344.9352677,28.013
1780221344.9407034,28.013
1780221344.9460108,28.014
1780221344.951663,28.015
1780221344.9570892,28.014
1780221344.9624927,28.013
1780221344.9679146,28.013
1780221344.9732313,28.012
1780221344.978632,28.012
1780221344.984044,28.011
1780221344.9894652,28.012
1780221344.9948695,28.011
1780221345.0005734,28.009
1780221345.0068908,28.009
1780221345.012852,28.007
1780221345.0186214,28.005
1780221345.0243716,28.003
1780221345.0297656,28.001
1780221345.0351574,28.001
1780221345.040478,28.002
1780221345.0459034,28.004
1780221345.0516174,28.005
1780221345.0575287,28.005
1780221345.0630457,28.004
1780221345.0687635,28.002
1780221345.0743182,28.0
1780221345.0802112,28.0
1780221345.0855248,28.001
1780221345.0908916,28.002
1780221345.0964181,28.004
1780221345.101958,28.002
1780221345.1080117,28.002
1780221345.11392,28.002
1780221345.1194246,28.001
1780221345.1249166,27.255
1780221345.1305683,28.0
1780221345.1359463,27.254
1780221345.1413817,28.001
1780221345.1467812,28.001
1780221345.152141,28.0
1780221345.1576068,28.0
1780221345.1632047,27.254
1780221345.1691084,27.254
1780221345.1743588,27.254
1780221345.1797523,27.254
1780221345.1852024,27.253
1780221345.1907206,27.255
1780221345.196646,27.254
1780221345.2025084,27.252
1780221345.2081547,27.252
1780221345.2139144,27.249
1780221345.2194066,27.248
1780221345.224869,27.248
1780221345.2301486,27.249
1780221345.235557,27.249
1780221345.2409832,27.25
1780221345.2466197,27.249
1780221345.2522838,27.248
1780221345.257857,27.247
1780221345.263451,27.246
1780221345.2688577,27.246
1780221345.2746432,27.247
1780221345.2800088,27.249
1780221345.2855008,27.251
1780221345.2908509,27.251
1780221345.2961864,27.251
1780221345.301626,27.25
1780221345.3069918,27.25
1780221345.31241,27.25
1780221345.3178236,27.25
1780221345.3232684,27.251
1780221345.3285959,27.25
1780221345.3337867,27.249
1780221345.3394232,27.249
1780221345.3448057,27.249
1780221345.3502328,27.248
1780221345.3556612,27.248
1780221345.3610196,27.248
1780221345.36643,27.249
1780221345.3717752,27.248
1780221345.3769472,27.247
1780221345.3826728,27.248
1780221345.3887243,27.247
1780221345.3944066,27.246
1780221345.400173,27.243
1780221345.405905,27.241
1780221345.411482,27.242
1780221345.416926,27.243
1780221345.4222462,27.243
1780221345.427441,27.242
1780221345.433085,27.242
1780221345.438503,27.242
1780221345.4441404,27.241
1780221345.4500484,27.241
1780221345.455287,27.24
1780221345.4606955,27.241
1780221345.4661078,27.238
1780221345.471557,27.241
1780221345.4768906,27.241
1780221345.4822657,27.24
1780221345.4876697,27.24
1780221345.4930532,27.239
1780221345.498604,27.238
1780221345.5040963,27.238
1780221345.5099187,27.238
1780221345.5153089,27.237
1780221345.520807,27.239
1780221345.5261195,27.238
1780221345.5315607,27.238
1780221345.5369234,27.237
1780221345.5423005,27.236
1780221345.5476902,27.236
1780221345.5531354,27.236
1780221345.5585968,27.237
1780221345.5639439,27.235
1780221345.5693085,27.235
1780221345.5747266,27.234
1780221345.5801184,27.233
1780221345.5858207,27.233
1780221345.5917394,27.232
1780221345.5969517,27.232
1780221345.6023026,27.232
1780221345.607511,27.23
1780221345.6131964,27.233
1780221345.6185632,27.233
1780221345.6239238,27.232
1780221345.6291177,27.232
1780221345.6347346,27.231
1780221345.639982,27.231
1780221345.6455564,27.231
1780221345.6509602,27.231
1780221345.6563199,27.23
1780221345.6615083,27.23
1780221345.667161,27.23
1780221345.672555,27.229
1780221345.6779487,27.229
1780221345.6834397,27.228
1780221345.688941,27.227
1780221345.6948855,27.228
1780221345.7002277,27.229
1780221345.7055879,27.228
1780221345.710977,27.229
1780221345.7163591,27.229
1780221345.721813,27.229
1780221345.7272248,27.228
1780221345.7326243,27.228
1780221345.7380223,27.228
1780221345.743431,27.228
1780221345.7487714,27.226
1780221345.7539313,27.228
1780221345.7595851,27.228
1780221345.764886,27.227
1780221345.7705276,27.227
1780221345.7758455,27.226
1780221345.7812145,27.226
1780221345.7866035,27.225
1780221345.7920446,27.226
1780221345.7974622,27.225
1780221345.8029296,27.226
1780221345.8082483,27.226
1780221345.8136137,27.225
1780221345.8188193,27.225
1780221345.8244185,27.225
1780221345.8296788,27.225
1780221345.8352802,27.226
1780221345.840685,27.227
1780221345.846093,27.227
1780221345.8515348,27.228
1780221345.8571358,27.228
1780221345.8630438,27.227
1780221345.8682873,27.227
1780221345.873762,27.227
1780221345.8791022,27.226
1780221345.8844786,27.227
1780221345.8899074,27.224
1780221345.8953397,27.227
1780221345.9006999,27.226
1780221345.9061003,27.226
1780221345.9118164,27.225
1780221345.917595,27.225
1780221345.9228625,27.225
1780221345.9281094,27.224
1780221345.933696,27.225
1780221345.9391282,27.223
1780221345.9446447,27.225
1780221345.9499402,27.224
1780221345.9552977,27.224
1780221345.96074,27.223
1780221345.9661536,27.223
1780221345.97187,27.222
1780221345.977666,27.222
1780221345.9829764,27.223
1780221345.9883683,27.222
1780221345.9937575,27.224
1780221345.9991562,27.223
1780221346.0048335,27.223
1780221346.0107477,27.222
1780221346.0162578,27.221
1780221346.0217927,27.22
1780221346.0273876,27.221
1780221346.0327678,27.219
1780221346.0380683,27.221
1780221346.0435507,27.22
1780221346.0492585,27.219
1780221346.0551772,27.219
1780221346.060697,27.218
1780221346.0664349,27.216
1780221346.0718253,27.216
1780221346.0772355,27.217
1780221346.0825844,27.218
1780221346.0880153,27.218
1780221346.0935426,27.218
1780221346.0987947,27.217
1780221346.1041985,27.217
1780221346.1096163,27.217
1780221346.1150272,27.216
1780221346.120469,27.217
1780221346.1257622,27.217
1780221346.1312516,27.216
1780221346.1368551,27.215
1780221346.1426423,27.216
1780221346.1480224,27.216
1780221346.153464,27.215
1780221346.1595466,27.215
1780221346.1654963,27.215
1780221346.170871,27.216
1780221346.1761937,27.215
1780221346.1816406,27.217
1780221346.1872885,27.217
1780221346.1931965,27.217
1780221346.198442,27.216
1780221346.2038436,27.216
1780221346.2092974,27.215
1780221346.2147212,27.216
1780221346.2201087,27.216
1780221346.2254467,27.215
1780221346.230848,27.217
1780221346.2362585,27.217
1780221346.241977,27.216
1780221346.247807,27.216
1780221346.2530253,27.215
1780221346.2582765,27.215
1780221346.263883,27.215
1780221346.2692902,27.212
1780221346.2750049,27.215
1780221346.2810423,27.217
1780221346.286932,27.217
1780221346.2928483,27.217
1780221346.2980907,27.216
1780221346.3035007,27.216
1780221346.30895,27.216
1780221346.314305,27.217
1780221346.3197017,27.216
1780221346.3250592,27.217
1780221346.3306267,27.216
1780221346.3363688,27.214
1780221346.342085,27.212
1780221346.34801,27.212
1780221346.3533196,27.212
1780221346.3587193,27.212
1780221346.3641317,27.211
1780221346.3694816,27.212
1780221346.3749294,27.213
1780221346.3802898,27.213
1780221346.3857338,27.212
1780221346.3911517,27.212
1780221346.396881,27.211
1780221346.402679,27.211
1780221346.4079921,27.212
1780221346.413353,27.211
1780221346.4188771,27.213
1780221346.4242032,27.213
1780221346.4295583,27.212
1780221346.4349737,27.212
1780221346.4403396,27.211
1780221346.4457624,27.211
1780221346.451187,27.211
1780221346.4566104,27.212
1780221346.4619565,27.211
1780221346.4673548,27.212
1780221346.4727242,27.211
1780221346.478273,27.21
1780221346.484025,27.208
1780221346.4897792,27.206
1780221346.4956849,27.206
1780221346.500988,27.207
1780221346.5063438,27.205
1780221346.5115426,27.207
1780221346.5174387,27.207
1780221346.5233579,27.207
1780221346.528591,27.206
1780221346.534004,27.206
1780221346.5394864,27.205
1780221346.5448298,27.206
1780221346.550256,27.206
1780221346.5555768,27.204
1780221346.5610542,27.205
1780221346.567158,27.204
1780221346.572734,27.204
1780221346.5786636,27.204
1780221346.5847013,27.203
1780221346.5906239,27.203
1780221346.5958881,27.204
1780221346.601201,27.202
1780221346.6064024,27.204
1780221346.612451,27.204
1780221346.6180322,27.202
1780221346.623728,27.201
1780221346.6293554,27.199
1780221346.6350255,27.198
1780221346.6408575,27.199
1780221346.6462786,27.2
1780221346.6517293,27.203
1780221346.6573095,27.203
1780221346.6631563,27.202
1780221346.6684356,27.202
1780221346.6738315,27.201
1780221346.679269,27.201
1780221346.6847188,27.201
1780221346.6900861,27.201
1780221346.6954875,27.198
1780221346.7009554,27.204
1780221346.706355,27.206
1780221346.711702,27.208
1780221346.7178342,27.21
1780221346.7237644,27.212
1780221346.7291362,27.214
1780221346.7345107,27.216
1780221346.739942,27.219
1780221346.7452533,27.217
1780221346.7506738,27.22
1780221346.7560809,27.22
1780221346.7615044,27.219
1780221346.766952,27.219
1780221346.7726362,27.219
1780221346.7783723,27.218
1780221346.7837389,27.219
1780221346.789121,27.219
1780221346.7945633,27.218
1780221346.8002477,27.218
1780221346.806662,27.217
1780221346.8127034,27.216
1780221346.818565,27.215
1780221346.8242016,27.214
1780221346.829639,27.215
1780221346.8353424,27.215
1780221346.8407423,27.218
1780221346.846105,27.219
1780221346.851411,27.219
1780221346.8572738,27.218
1780221346.863198,27.218
1780221346.8692198,27.217
1780221346.8751123,27.217
1780221346.8803635,27.218
1780221346.8857062,27.217
1780221346.890889,27.219
1780221346.8965495,27.219
1780221346.9026654,27.218
1780221346.9086957,27.218
1780221346.9140365,27.217
1780221346.9193892,27.217
1780221346.9248395,27.217
1780221346.9302018,27.218
1780221346.9356003,27.216
1780221346.9409566,27.217
1780221346.9463944,27.217
1780221346.9520774,27.216
1780221346.9580038,27.216
1780221346.9634993,27.215
1780221346.9690416,27.214
1780221346.9746532,27.215
1780221346.9800215,27.214
1780221346.9853418,27.216
1780221346.9906445,27.215
1780221346.9965363,27.215
1780221347.0024488,27.214
1780221347.008349,27.214
1780221347.0136237,27.214
1780221347.0190232,27.214
1780221347.0244849,27.215
1780221347.0298195,27.213
1780221347.0356345,27.214
1780221347.0419855,27.213
1780221347.047907,27.213
1780221347.0532837,27.213
1780221347.0586476,27.212
1780221347.0640988,27.212
1780221347.0694795,27.213
1780221347.074856,27.21
1780221347.0802476,27.214
1780221347.0856762,27.214
1780221347.0910945,27.214
1780221347.096818,27.213
1780221347.1030905,27.212
1780221347.1085722,27.211
1780221347.1139507,27.212
1780221347.1193464,27.212
1780221347.1246548,27.213
1780221347.1303728,27.214
1780221347.1361668,27.214
1780221347.1414435,27.214
1780221347.1470149,27.212
1780221347.1528056,27.21
1780221347.1583486,27.209
1780221347.1642659,27.21
1780221347.169674,27.208
1780221347.17505,27.21
1780221347.1805403,27.21
1780221347.186166,27.21
1780221347.1920831,27.21
1780221347.1973116,27.209
1780221347.2026653,27.209
1780221347.2078462,27.209
1780221347.2134874,27.21
1780221347.2189326,27.209
1780221347.2242854,27.21
1780221347.2296896,27.21
1780221347.2351196,27.209
1780221347.2408817,27.209
1780221347.2471247,27.208
1780221347.252649,27.208
1780221347.2580988,27.208
1780221347.263372,27.206
1780221347.2686462,27.21
1780221347.2738342,27.21
1780221347.2795763,27.21
1780221347.2849638,27.21
1780221347.2903166,27.209
1780221347.2957637,27.209
1780221347.3011506,27.209
1780221347.3065922,27.21
1780221347.3119237,27.208
1780221347.3171172,27.21
1780221347.3227262,27.21
1780221347.3279324,27.21
1780221347.3335948,27.21
1780221347.3389792,27.21
1780221347.344368,27.209
1780221347.3497572,27.21
1780221347.3551757,27.211
1780221347.3606002,27.211
1780221347.3659413,27.21
1780221347.3713896,27.21
1780221347.3767624,27.21
1780221347.3822088,27.209
1780221347.3875978,27.209
1780221347.392997,27.209
1780221347.3984797,27.209
1780221347.40387,27.21
1780221347.4095504,27.2
1780221347.415354,27.209
1780221347.420624,27.22
1780221347.4260428,27.227
1780221347.4314907,27.238
1780221347.4369307,27.25
1780221347.4432368,28.004
1780221347.4490736,28.015
1780221347.454971,28.025
1780221347.460237,28.037
1780221347.465626,28.045
1780221347.4710517,28.055
1780221347.4766934,28.066
1780221347.482598,28.074
1780221347.4878469,28.086
1780221347.4932406,28.095
1780221347.4987085,28.105
1780221347.504074,28.114
1780221347.5095105,28.126
1780221347.5148413,28.141
1780221347.5202212,28.161
1780221347.5255818,28.163
1780221347.5307848,28.163
1780221347.5363967,28.163
1780221347.5418918,28.162
1780221347.548018,28.161
1780221347.553568,28.159
1780221347.559485,28.158
1780221347.564748,28.158
1780221347.5700612,28.157
1780221347.5754406,28.158
1780221347.580843,28.158
1780221347.5860453,28.157
1780221347.5916593,28.155
1780221347.5968575,28.154
1780221347.6025105,28.153
1780221347.607957,28.152
1780221347.6133227,28.152
1780221347.6187015,28.15
1780221347.6241786,28.151
1780221347.629498,28.149
1780221347.634875,28.148
1780221347.6404421,28.147
1780221347.6461487,28.144
1780221347.6517084,28.143
1780221347.6572182,28.142
1780221347.6625519,28.142
1780221347.667931,28.14
1780221347.6733153,28.141
1780221347.6786985,28.139
1780221347.6841202,28.138
1780221347.6895459,28.137
1780221347.6952121,28.135
1780221347.701138,28.134
1780221347.706396,28.134
1780221347.711716,28.132
1780221347.716889,28.133
1780221347.7225916,28.132
1780221347.728575,28.131
1780221347.7342377,28.129
1780221347.7398682,28.127
1780221347.7453668,28.124
1780221347.7508554,28.124
1780221347.756175,28.124
1780221347.76162,28.124
1780221347.7669632,28.125
1780221347.7723668,28.123
1780221347.7777772,28.123
1780221347.7832408,28.122
1780221347.7888443,28.12
1780221347.794753,28.12
1780221347.7999966,28.12
1780221347.8053796,28.116
1780221347.8108218,28.119
1780221347.8164759,28.118
1780221347.822393,28.117
1780221347.8276076,28.116
1780221347.8330348,28.115
1780221347.838445,28.114
1780221347.8438172,28.114
1780221347.8492692,28.115
1780221347.8545976,28.112
1780221347.8599846,28.114
1780221347.86545,28.113
1780221347.8711739,28.112
1780221347.8774474,28.11
1780221347.883105,28.108
1780221347.8885267,28.107
1780221347.8942823,28.107
1780221347.8996556,28.105
1780221347.9050088,28.109
1780221347.9104621,28.109
1780221347.9161394,28.108
1780221347.922066,28.107
1780221347.9275699,28.106
1780221347.9333155,28.103
1780221347.9387264,28.102
1780221347.9441185,28.102
1780221347.9494612,28.102
1780221347.9548364,28.101
1780221347.9602432,28.1
1780221347.9656243,28.099
1780221347.971089,28.098
1780221347.9765377,28.097
1780221347.9818926,28.096
1780221347.987338,28.096
1780221347.9926376,28.096
1780221347.9978426,28.093
1780221348.003433,28.093
1780221348.008634,28.092
1780221348.014544,28.091
1780221348.0204706,28.09
1780221348.0257015,28.089
1780221348.031108,28.088
1780221348.0365632,28.089
1780221348.0418665,28.085
1780221348.047053,28.087
1780221348.0527127,28.086
1780221348.0581005,28.085
1780221348.0635254,28.084
1780221348.069232,28.083
1780221348.0750396,28.082
1780221348.0803623,28.082
1780221348.085728,28.082
1780221348.091096,28.081
1780221348.096294,28.08
1780221348.1018858,28.079
1780221348.1070778,28.078
1780221348.1127954,28.077
1780221348.1181266,28.076
1780221348.1236024,28.076
1780221348.1290052,28.076
1780221348.1343102,28.074
1780221348.1395152,28.073
1780221348.1451318,28.073
1780221348.15052,28.072
1780221348.1562145,28.071
1780221348.162106,28.07
1780221348.167368,28.069
1780221348.1727674,28.069
1780221348.1782298,28.069
1780221348.1835608,28.067
1780221348.188949,28.066
1780221348.1943638,28.065
1780221348.1997492,28.064
1780221348.2051864,28.063
1780221348.2106404,28.062
1780221348.216026,28.061
1780221348.2214282,28.061
1780221348.2267146,28.062
1780221348.2319114,28.058
1780221348.2375958,28.059
1780221348.243358,28.058
1780221348.2496188,28.057
1780221348.2552834,28.056
1780221348.2608783,28.054
1780221348.2663,28.053
1780221348.2718914,28.054
1780221348.2774348,28.055
1780221348.2833295,28.059
1780221348.2886288,28.058
1780221348.2940202,28.058
1780221348.3001528,28.057
1780221348.306105,28.056
1780221348.3114786,28.055
1780221348.3168492,28.055
1780221348.3222883,28.053
1780221348.3276916,28.054
1780221348.3330479,28.053
1780221348.338427,28.052
1780221348.3438566,28.051
1780221348.3495288,28.051
1780221348.355452,28.05
1780221348.3607159,28.05
1780221348.3660398,28.05
1780221348.3714724,28.049
1780221348.3772488,28.05
1780221348.3828266,28.049
1780221348.3889284,28.048
1780221348.394956,28.047
1780221348.4003532,28.046
1780221348.4056373,28.046
1780221348.4110904,28.046
1780221348.4164877,28.046
1780221348.4218922,28.044
1780221348.4272902,28.044
1780221348.4327524,28.043
1780221348.438396,28.042
1780221348.4442754,28.042
1780221348.4497879,28.041
1780221348.4552763,28.04
1780221348.4609456,28.04
1780221348.4663203,28.04
1780221348.471849,28.042
1780221348.4771695,28.041
1780221348.4825413,28.04
1780221348.4882543,28.039
1780221348.4945476,28.038
1780221348.500035,28.037
1780221348.505502,28.037
1780221348.5107975,28.036
1780221348.516191,28.038
1780221348.5215902,28.037
1780221348.5271761,28.037
1780221348.5331116,28.036
1780221348.538344,28.035
1780221348.543735,28.035
1780221348.5492017,28.035
1780221348.554533,28.035
1780221348.5602164,28.033
1780221348.5656745,28.038
1780221348.5715878,28.041
1780221348.5770912,28.04
1780221348.582845,28.037
1780221348.588443,28.036
1780221348.5943403,28.035
1780221348.5995724,28.036
1780221348.6049545,28.037
1780221348.6103997,28.038
1780221348.6160293,28.039
1780221348.6219468,28.038
1780221348.6271849,28.038
1780221348.6325934,28.037
1780221348.6380477,28.036
1780221348.6433988,28.036
1780221348.6488514,28.037
1780221348.65416,28.034
1780221348.6596243,28.035
1780221348.665371,28.034
1780221348.6712353,28.033
1780221348.6767445,28.033
1780221348.6825223,28.03
1780221348.6880136,28.028
1780221348.693859,28.029
1780221348.6992307,28.027
1780221348.7046351,28.031
1780221348.7100809,28.03
1780221348.7156332,28.029
1780221348.7215288,28.029
1780221348.7268379,28.028
1780221348.7323039,28.027
1780221348.7376912,28.027
1780221348.7430353,28.027
1780221348.7486706,28.025
1780221348.7543116,28.027
1780221348.75986,28.025
1780221348.7658877,28.024
1780221348.7715397,28.023
1780221348.7771125,28.021
1780221348.782561,28.02
1780221348.7881474,28.021
1780221348.79347,28.024
1780221348.7988667,28.025
1780221348.8042486,28.026
1780221348.8096688,28.026
1780221348.8151126,28.025
1780221348.8205645,28.025
1780221348.8261938,28.024
1780221348.8319292,28.024
1780221348.8373039,28.025
1780221348.8426497,28.022
1780221348.848085,28.024
1780221348.8535082,28.024
1780221348.859677,28.023
1780221348.865599,28.022
1780221348.8709068,28.021
1780221348.8763022,28.021
1780221348.8817527,28.021
1780221348.887112,28.022
1780221348.8925183,28.02
1780221348.8978796,28.021
1780221348.9033113,28.02
1780221348.9087589,28.019
1780221348.914461,28.018
1780221348.9207108,28.018
1780221348.92624,28.018
1780221348.9317243,28.018
1780221348.937528,28.018
1780221348.9429202,28.018
1780221348.9483511,28.018
1780221348.953797,28.018
1780221348.95941,28.017
1780221348.9653063,28.017
1780221348.9705477,28.016
1780221348.9760127,28.016
1780221348.981402,28.015
1780221348.9870882,28.015
1780221348.9931188,28.017
1780221348.999,28.017
1780221349.0049338,28.016
1780221349.0101655,28.015
1780221349.0155652,28.015
1780221349.0210254,28.015
1780221349.0263708,28.015
1780221349.0325298,28.014
1780221349.0385163,28.017
1780221349.043824,28.016
1780221349.0492082,28.016
1780221349.0552707,28.015
1780221349.0612519,28.015
1780221349.0665925,28.015
1780221349.0719748,28.015
1780221349.0774527,28.013
1780221349.083068,28.016
1780221349.0890381,28.017
1780221349.09506,28.016
1780221349.1009676,28.016
1780221349.1062107,28.015
1780221349.111567,28.014
1780221349.116822,28.014
1780221349.122401,28.015
1780221349.1281154,28.013
1780221349.133933,28.014
1780221349.1391773,28.013
1780221349.1447468,28.012
1780221349.1504822,28.011
1780221349.1561913,28.009
1780221349.1621184,28.009
1780221349.167482,28.01
1780221349.172845,28.009
1780221349.1785479,28.011
1780221349.184867,28.01
1780221349.1905959,28.009
1780221349.1963437,28.006
1780221349.2019234,28.004
1780221349.2077503,28.004
1780221349.2130632,28.005
1780221349.2184467,28.005
1780221349.2238913,28.008
1780221349.2295415,28.008
1780221349.2354717,28.008
1780221349.240993,28.007
1780221349.2467282,28.005
1780221349.252306,28.003
1780221349.258171,28.003
1780221349.263492,28.004
1780221349.2690058,28.006
1780221349.274347,28.005
1780221349.2799609,28.004
1780221349.2858536,28.004
1780221349.291097,28.003
1780221349.2965157,28.003
1780221349.3019502,28.002
1780221349.3073,28.003
1780221349.312751,27.255
1780221349.3181734,28.003
1780221349.3235126,28.002
1780221349.328937,28.002
1780221349.334644,28.001
1780221349.3404624,28.0
1780221349.34597,27.255
1780221349.3518932,28.0
1780221349.35713,28.0
1780221349.3625557,28.0
1780221349.3679812,28.0
1780221349.373593,27.255
1780221349.3794937,27.255
1780221349.3847423,27.254
1780221349.390107,27.253
1780221349.3953533,27.253
1780221349.4010384,27.253
1780221349.4063678,27.251
1780221349.411743,27.251
1780221349.4172478,27.25
1780221349.4225905,27.25
1780221349.4282875,27.249
1780221349.4345672,27.248
1780221349.4402485,27.247
1780221349.445685,27.247
1780221349.4514096,27.248
1780221349.456792,27.248
1780221349.4621491,27.249
1780221349.4675913,27.249
1780221349.4730062,27.249
1780221349.4791477,27.248
1780221349.4850788,27.247
1780221349.490445,27.247
1780221349.4957745,27.247
1780221349.5012405,27.245
1780221349.5069447,27.247
1780221349.5129828,27.249
1780221349.5188684,27.249
1780221349.524776,27.248
1780221349.5300105,27.248
1780221349.5354092,27.247
1780221349.5408695,27.247
1780221349.5462177,27.248
1780221349.5516763,27.247
1780221349.557006,27.248
1780221349.5624733,27.247
1780221349.5678318,27.247
1780221349.5735507,27.246
1780221349.5793414,27.245
1780221349.5846105,27.245
1780221349.5899968,27.245
1780221349.5954418,27.246
1780221349.6011574,27.243
1780221349.606962,27.244
1780221349.6122017,27.244
1780221349.6177583,27.243
1780221349.6232734,27.241
1780221349.6291344,27.24
1780221349.6344447,27.241
1780221349.639845,27.241
1780221349.6452742,27.24
1780221349.6510606,27.242
1780221349.6569552,27.242
1780221349.662899,27.241
1780221349.6688137,27.241
1780221349.674078,27.24
1780221349.6794767,27.24
1780221349.6849377,27.241
1780221349.6902566,27.24
1780221349.695997,27.239
1780221349.7024784,27.24
1780221349.7083921,27.239
1780221349.7137063,27.239
1780221349.719104,27.238
1780221349.7252138,27.237
1780221349.7311566,27.238
1780221349.7365456,27.239
1780221349.741936,27.238
1780221349.7476053,27.237
1780221349.753451,27.236
1780221349.7586906,27.236
1780221349.7640815,27.235
1780221349.7695372,27.235
1780221349.7749367,27.235
1780221349.7803442,27.235
1780221349.7857437,27.232
1780221349.7911696,27.236
1780221349.796572,27.235
1780221349.8019438,27.235
1780221349.8076725,27.234
1780221349.8135097,27.234
1780221349.8190029,27.233
1780221349.8248973,27.233
1780221349.8301535,27.234
1780221349.835568,27.233
1780221349.8410144,27.233
1780221349.8466134,27.233
1780221349.852525,27.232
1780221349.8577652,27.232
1780221349.8631747,27.231
1780221349.8686259,27.231
1780221349.8739772,27.232
1780221349.8794508,27.228
1780221349.8848379,27.231
1780221349.8902187,27.231
1780221349.895605,27.23
1780221349.9012845,27.23
1780221349.907088,27.229
1780221349.9123478,27.229
1780221349.9175928,27.229
1780221349.9231865,27.23
1780221349.9286375,27.228
1780221349.9343817,27.229
1780221349.9402952,27.229
1780221349.9462388,27.228
1780221349.952164,27.228
1780221349.9574335,27.228
1780221349.9628265,27.227
1780221349.9682736,27.228
1780221349.9736106,27.228
1780221349.979305,27.226
1780221349.9848764,27.226
1780221349.990548,27.225
1780221349.9964554,27.225
1780221350.0024126,27.223
1780221350.0081673,27.221
1780221350.0138898,27.222
1780221350.0191977,27.223
1780221350.0246403,27.226
1780221350.0303848,27.225
1780221350.0364175,27.228
1780221350.0423193,27.228
1780221350.0482194,27.227
1780221350.0534568,27.227
1780221350.0588527,27.227
1780221350.064317,27.227
1780221350.0696995,27.224
1780221350.0757518,27.228
1780221350.0817883,27.228
1780221350.0871282,27.227
1780221350.0924606,27.227
1780221350.098191,27.226
1780221350.1039896,27.226
1780221350.1093397,27.227
1780221350.1146939,27.227
1780221350.12013,27.227
1780221350.1255486,27.227
1780221350.1308796,27.226
1780221350.1362784,27.226
1780221350.1416705,27.225
1780221350.1471982,27.225
1780221350.152716,27.224
1780221350.1585543,27.225
1780221350.1639235,27.222
1780221350.1693945,27.225
1780221350.1747682,27.225
1780221350.180373,27.224
1780221350.1863022,27.224
1780221350.1918414,27.224
1780221350.197636,27.221
1780221350.203117,27.221
1780221350.2089283,27.222
1780221350.2143426,27.222
1780221350.2197385,27.223
1780221350.2251937,27.222
1780221350.23079,27.222
1780221350.2366967,27.222
1780221350.2419462,27.221
1780221350.247339,27.221
1780221350.252806,27.222
1780221350.258144,27.219
1780221350.2635903,27.221
1780221350.2689261,27.221
1780221350.274327,27.22
1780221350.2797658,27.22
1780221350.2851803,27.219
1780221350.290849,27.219
1780221350.296751,27.219
1780221350.3020155,27.22
1780221350.3073416,27.219
1780221350.3127882,27.221
1780221350.3184516,27.221
1780221350.3243535,27.221
1780221350.3295865,27.22
1780221350.334948,27.22
1780221350.3403914,27.219
1780221350.3458817,27.22
1780221350.3512526,27.221
1780221350.3566036,27.219
1780221350.3620028,27.219
1780221350.3674076,27.218
1780221350.3731208,27.218
1780221350.379417,27.217
1780221350.3850958,27.216
1780221350.3905263,27.216
1780221350.3962555,27.217
1780221350.4016342,27.218
1780221350.4071076,27.22
1780221350.412463,27.22
1780221350.4178534,27.22
1780221350.4235601,27.22
1780221350.4298654,27.219
1780221350.4353802,27.218
1780221350.4408314,27.219
1780221350.4466126,27.219
1780221350.4520185,27.219
1780221350.457458,27.22
1780221350.4629078,27.22
1780221350.4685059,27.219
1780221350.4744532,27.219
1780221350.479963,27.219
1780221350.4854507,27.218
1780221350.4911125,27.219
1780221350.4965546,27.219
1780221350.5020275,27.221
1780221350.5080333,27.223
1780221350.5135987,27.223
1780221350.5193193,27.22
1780221350.5249674,27.219
1780221350.530836,27.219
1780221350.5360863,27.219
1780221350.5414722,27.219
1780221350.5469167,27.222
1780221350.552557,27.222
1780221350.5584855,27.222
1780221350.563695,27.222
1780221350.5691097,27.221
1780221350.5745616,27.221
1780221350.5799117,27.221
1780221350.585365,27.222
1780221350.5906804,27.219
1780221350.596072,27.219
1780221350.6015258,27.219
1780221350.6072202,27.218
1780221350.6130245,27.218
1780221350.6183176,27.218
1780221350.6237175,27.217
1780221350.6292088,27.218
1780221350.634557,27.219
1780221350.6403096,27.217
1780221350.6463568,27.22
1780221350.6521797,27.22
1780221350.6580932,27.219
1780221350.6633437,27.219
1780221350.6687608,27.218
1780221350.674198,27.218
1780221350.679559,27.219
1780221350.6852012,27.217
1780221350.690661,27.223
1780221350.6965926,27.226
1780221350.7024267,27.225
1780221350.7084963,27.225
1780221350.7138257,27.224
1780221350.7191978,27.224
1780221350.7246225,27.225
1780221350.7299657,27.225
1780221350.735366,27.225
1780221350.740767,27.225
1780221350.7462366,27.225
1780221350.7518363,27.224
1780221350.7577324,27.224
1780221350.762992,27.224
1780221350.768398,27.224
1780221350.7738512,27.224
1780221350.7793913,27.223
1780221350.785274,27.227
1780221350.790611,27.226
1780221350.7960186,27.226
1780221350.802153,27.225
1780221350.80809,27.225
1780221350.8134713,27.225
1780221350.818905,27.225
1780221350.8242722,27.224
1780221350.8296857,27.224
1780221350.8350434,27.223
1780221350.8404174,27.223
1780221350.8458433,27.222
1780221350.8512352,27.222
1780221350.8569715,27.221
1780221350.862762,27.221
1780221350.8680737,27.222
1780221350.8734798,27.22
1780221350.8789756,27.222
1780221350.8843894,27.221
1780221350.8899422,27.221
1780221350.8958912,27.22
1780221350.901792,27.22
1780221350.9070578,27.22
1780221350.9125314,27.22
1780221350.9179206,27.221
1780221350.9235237,27.22
1780221350.9295743,27.223
1780221350.9355152,27.222
1780221350.9414656,27.222
1780221350.9467785,27.221
1780221350.9524853,27.22
1780221350.9580069,27.22
1780221350.9635031,27.22
1780221350.968869,27.22
1780221350.974304,27.22
1780221350.9797072,27.22
1780221350.9854052,27.219
1780221350.9911885,27.218
1780221350.9964921,27.218
1780221351.0018854,27.218
1780221351.0073566,27.218
1780221351.012766,27.219
1780221351.0183876,27.218
1780221351.0244002,27.22
1780221351.030387,27.22
1780221351.0362835,27.22
1780221351.0415227,27.219
1780221351.046915,27.219
1780221351.052381,27.219
1780221351.0577312,27.22
1780221351.0633907,27.218
1780221351.0688627,27.223
1780221351.0746355,27.225
1780221351.0808272,27.225
1780221351.0867248,27.224
1780221351.0922244,27.224
1780221351.097747,27.222
1780221351.1033928,27.223
1780221351.1087933,27.221
1780221351.114155,27.225
1780221351.119549,27.225
1780221351.1249447,27.224
1780221351.1306672,27.224
1780221351.1369903,27.223
1780221351.1426673,27.222
1780221351.1480517,27.222
1780221351.153765,27.223
1780221351.1591814,27.225
1780221351.1645653,27.227
1780221351.1699877,27.226
1780221351.1754081,27.226
1780221351.181125,27.226
1780221351.187431,27.225
1780221351.1929386,27.225
1780221351.198663,27.226
1780221351.2041805,27.225
1780221351.2095618,27.227
1780221351.2149646,27.227
1780221351.2204773,27.227
1780221351.2261908,27.226
1780221351.232403,27.225
1780221351.2379146,27.224
1780221351.2439775,27.225
1780221351.249276,27.224
1780221351.2548053,27.225
1780221351.2606816,27.226
1780221351.2667422,27.225
1780221351.2726622,27.224
1780221351.2780733,27.224
1780221351.2834651,27.224
1780221351.2888875,27.224
1780221351.2942472,27.224
1780221351.2997737,27.223
1780221351.3054261,27.225
1780221351.3113258,27.225
1780221351.317301,27.224
1780221351.3232117,27.224
1780221351.3284583,27.223
1780221351.333848,27.223
1780221351.3393154,27.223
1780221351.3446612,27.221
1780221351.350732,27.222
1780221351.3567972,27.222
1780221351.362688,27.222
1780221351.368114,27.222
1780221351.373506,27.222
1780221351.3791137,27.222
1780221351.3849385,27.222
1780221351.390233,27.223
1780221351.3955379,27.222
1780221351.4010184,27.222
1780221351.4066474,27.223
1780221351.4121733,27.221
1780221351.4181867,27.221
1780221351.4240952,27.221
1780221351.429355,27.22
1780221351.4346921,27.221
1780221351.440122,27.219
1780221351.445513,27.222
1780221351.451687,27.222
1780221351.457584,27.222
1780221351.4629247,27.221
1780221351.4683535,27.221
1780221351.4737737,27.221
1780221351.4792862,27.221
1780221351.4846134,27.222
1780221351.4899316,27.219
1780221351.495353,27.219
1780221351.5007613,27.218
1780221351.5065434,27.218
1780221351.5128279,27.217
1780221351.5188985,27.217
1780221351.5242062,27.217
1780221351.5295374,27.217
1780221351.5350292,27.215
1780221351.540523,27.219
1780221351.5457592,27.219
1780221351.551175,27.218
1780221351.5566244,27.218
1780221351.5622318,27.217
1780221351.5681193,27.217
1780221351.5733724,27.218
1780221351.5787756,27.218
1780221351.5842278,27.217
1780221351.5896056,27.218
1780221351.5956726,27.217
1780221351.6016638,27.218
1780221351.6070347,27.217
1780221351.6124198,27.217
1780221351.6178424,27.216
1780221351.6232047,27.217
1780221351.6286244,27.213
1780221351.6340868,27.217
1780221351.6394815,27.216
1780221351.6448069,27.216
1780221351.6508672,27.215
1780221351.6565547,27.214
1780221351.6622207,27.212
1780221351.6677198,27.212
1780221351.673075,27.213
1780221351.6784766,27.213
1780221351.6841261,27.213
1780221351.6904433,27.212
1780221351.6961021,27.211
1780221351.7016976,27.21
1780221351.7073643,27.209
1780221351.7132165,27.209
1780221351.7186558,27.21
1780221351.7242568,27.213
1780221351.7301185,27.217
1780221351.7354538,27.217
1780221351.7408092,27.217
1780221351.7460532,27.217
1780221351.75188,27.217
1780221351.7578127,27.216
1780221351.7630603,27.217
1780221351.7684517,27.218
1780221351.7739081,27.217
1780221351.779518,27.218
1780221351.7854486,27.218
1780221351.7909677,27.217
1780221351.7967484,27.215
1780221351.8023071,27.213
1780221351.8082037,27.213
1780221351.813493,27.214
1780221351.8189194,27.216
1780221351.824339,27.216
1780221351.8296943,27.216
1780221351.8354435,27.216
1780221351.8418043,27.215
1780221351.8477654,27.215
1780221351.853149,27.214
1780221351.858516,27.215
1780221351.863955,27.212
1780221351.869391,27.214
1780221351.8747149,27.214
1780221351.8800707,27.214
1780221351.8856242,27.212
1780221351.89137,27.21
1780221351.8970776,27.208
1780221351.9029925,27.209
1780221351.9083729,27.21
1780221351.913753,27.21
1780221351.919431,27.21
1780221351.9257557,27.21
1780221351.9314137,27.209
1780221351.9370017,27.208
1780221351.9426103,27.207
1780221351.9480317,27.207
1780221351.953498,27.208
1780221351.9587958,27.209
1780221351.9644103,27.213
1780221351.970478,27.216
1780221351.9763615,27.216
1780221351.9822206,27.216
1780221351.9875755,27.215
1780221351.9929712,27.215
1780221351.9984262,27.215
1780221352.0037825,27.216
1780221352.0091922,27.215
1780221352.0146008,27.216
1780221352.0200176,27.216
1780221352.0253878,27.216
1780221352.0310977,27.215
1780221352.037392,27.214
1780221352.0429122,27.214
1780221352.0483625,27.215
1780221352.053657,27.214
1780221352.0589812,27.217
1780221352.0644817,27.217
1780221352.0700767,27.217
1780221352.0759547,27.217
1780221352.0812154,27.216
1780221352.08663,27.216
1780221352.092069,27.216
1780221352.0974216,27.217
1780221352.1028745,27.217
1780221352.1082206,27.218
1780221352.1136246,27.218
1780221352.1190493,27.218
1780221352.124751,27.217
1780221352.1310287,27.216
1780221352.1365728,27.216
1780221352.1420364,27.217
1780221352.147781,27.216
1780221352.153017,27.218
1780221352.1586025,27.219
1780221352.1640542,27.218
1780221352.1697197,27.218
1780221352.1755917,27.218
1780221352.1808586,27.217
1780221352.186261,27.218
1780221352.1917176,27.219
1780221352.1970549,27.218
1780221352.2024913,27.217
1780221352.2078507,27.217
1780221352.2132525,27.217
1780221352.2186701,27.217
1780221352.2243881,27.216
1780221352.2302072,27.216
1780221352.2355187,27.216
1780221352.24093,27.214
1780221352.2463975,27.218
1780221352.2517502,27.217
1780221352.2571301,27.217
1780221352.262518,27.217
1780221352.267864,27.217
1780221352.2733026,27.216
1780221352.2787392,27.216
1780221352.28416,27.217
1780221352.2895143,27.215
1780221352.2949123,27.217
1780221352.300318,27.217
1780221352.305768,27.217
1780221352.3113859,27.217
1780221352.3172822,27.217
1780221352.3225255,27.216
1780221352.3278868,27.216
1780221352.3331392,27.217
1780221352.3387847,27.217
1780221352.344193,27.217
1780221352.3495069,27.217
1780221352.3549085,27.216
1780221352.3603551,27.216
1780221352.3660548,27.216
1780221352.3718867,27.215
1780221352.3771977,27.216
1780221352.3826032,27.214
1780221352.387989,27.218
1780221352.3934083,27.218
1780221352.3987715,27.218
1780221352.4041927,27.218
1780221352.4095607,27.217
1780221352.4149878,27.217
1780221352.4204128,27.217
1780221352.4258304,27.218
1780221352.431197,27.216
1780221352.436591,27.217
1780221352.4419518,27.217
1780221352.447389,27.217
1780221352.4527707,27.216
1780221352.4588585,27.215
1780221352.4649305,27.215
1780221352.4702494,27.216
1780221352.4755652,27.216
1780221352.48141,27.216
1780221352.4877033,27.216
1780221352.4936783,27.216
1780221352.499053,27.216
1780221352.5044703,27.215
1780221352.5105748,27.214
1780221352.516485,27.215
1780221352.5218596,27.216
1780221352.5272563,27.215
1780221352.5326798,27.215
1780221352.5382645,27.214
1780221352.5441945,27.214
1780221352.549436,27.213
1780221352.5547893,27.213
1780221352.559996,27.213
1780221352.5656123,27.214
1780221352.5710852,27.21
1780221352.5765357,27.213
1780221352.581892,27.213
1780221352.5872686,27.212
1780221352.5929573,27.212
1780221352.5992677,27.211
1780221352.6049688,27.21
1780221352.6103542,27.21
1780221352.6160417,27.211
1780221352.6214738,27.214
1780221352.6268344,27.216
1780221352.6323955,27.215
1780221352.6381116,27.214
1780221352.6438525,27.213
1780221352.6497803,27.213
1780221352.6550958,27.213
1780221352.6604238,27.214
1780221352.6656537,27.212
1780221352.6715233,27.216
1780221352.677596,27.218
1780221352.683367,27.218
1780221352.6890552,27.217
1780221352.6947658,27.215
1780221352.7001662,27.214
1780221352.7055767,27.214
1780221352.7109075,27.214
1780221352.7166128,27.215
1780221352.7224522,27.218
1780221352.727693,27.217
1780221352.7330804,27.217
1780221352.7385159,27.216
1780221352.7446353,27.216
1780221352.7506437,27.216
1780221352.7559872,27.217
1780221352.761317,27.215
1780221352.767019,27.217
1780221352.772826,27.216
1780221352.7780874,27.216
1780221352.7836382,27.215
1780221352.7893968,27.213
1780221352.7949002,27.211
1780221352.800486,27.212
1780221352.8057919,27.212
1780221352.8115041,27.211
1780221352.8177726,27.212
1780221352.8238285,27.211
1780221352.829475,27.21
1780221352.8348858,27.209
1780221352.8408282,27.209
1780221352.8467317,27.21
1780221352.8519735,27.21
1780221352.8574545,27.213
1780221352.8628397,27.214
1780221352.8684528,27.213
1780221352.8743522,27.213
1780221352.8795888,27.213
1780221352.8850014,27.212
1780221352.8904738,27.212
1780221352.8958635,27.212
1780221352.9012554,27.212
1780221352.9066207,27.211
1780221352.9120057,27.211
1780221352.917415,27.21
1780221352.9231231,27.21
1780221352.9294991,27.209
1780221352.9355268,27.209
1780221352.9408753,27.209
1780221352.946238,27.21
1780221352.9516764,27.21
1780221352.9572704,27.211
1780221352.9631846,27.211
1780221352.9684308,27.211
1780221352.9738705,27.21
1780221352.9792788,27.21
1780221352.9846528,27.209
1780221352.990097,27.21
1780221352.99543,27.211
1780221353.0008085,27.21
1780221353.0062582,27.211
1780221353.011701,27.211
1780221353.0173597,27.21
1780221353.0232198,27.21
1780221353.0284603,27.21
1780221353.0338645,27.21
1780221353.0393164,27.211
1780221353.0446649,27.207
1780221353.0507185,27.209
1780221353.0569239,27.208
1780221353.062797,27.208
1780221353.0680797,27.208
1780221353.0734909,27.208
1780221353.0789406,27.208
1780221353.084361,27.208
1780221353.0897434,27.21
1780221353.095189,27.209
1780221353.1005373,27.209
1780221353.105903,27.209
1780221353.1116076,27.209
1780221353.1174538,27.209
1780221353.122901,27.208
1780221353.128779,27.208
1780221353.1341166,27.209
1780221353.139479,27.207
1780221353.144921,27.209
1780221353.1505697,27.209
1780221353.1564648,27.209
1780221353.1617246,27.208
1780221353.1670854,27.208
1780221353.172641,27.207
1780221353.1781282,27.208
1780221353.1839411,27.209
1780221353.1893575,27.208
1780221353.1947281,27.209
1780221353.2001958,27.209
1780221353.2058153,27.208
1780221353.2117343,27.208
1780221353.2172358,27.208
1780221353.2227771,27.207
1780221353.2283773,27.207
1780221353.2343833,27.206
1780221353.2399135,27.211
1780221353.245618,27.214
1780221353.2510917,27.214
1780221353.2569091,27.213
1780221353.2626326,27.211
1780221353.268032,27.209
1780221353.273464,27.21
1780221353.2787695,27.211
1780221353.2845154,27.214
1780221353.2907693,27.215
1780221353.2967272,27.214
1780221353.3025143,27.213
1780221353.3080149,27.211
1780221353.3139098,27.211
1780221353.3198206,27.211
1780221353.3255556,27.212
1780221353.3309677,27.215
1780221353.3363838,27.216
1780221353.341806,27.215
1780221353.3472276,27.215
1780221353.3533823,27.214
1780221353.3592973,27.214
1780221353.3646598,27.214
1780221353.370022,27.214
1780221353.3754778,27.211
1780221353.3811169,27.215
1780221353.3871655,27.217
1780221353.3930333,27.216
1780221353.398951,27.216
1780221353.4042423,27.216
1780221353.4096205,27.215
1780221353.4150438,27.216
1780221353.4204767,27.217
1780221353.426149,27.216
1780221353.4325988,27.216
1780221353.4385214,27.216
1780221353.4439006,27.215
1780221353.4492774,27.215
1780221353.4554,27.214
1780221353.4613345,27.215
1780221353.4667118,27.215
1780221353.472092,27.215
1780221353.47752,27.215
1780221353.4831257,27.215
1780221353.4890566,27.215
1780221353.494573,27.214
1780221353.5003498,27.212
1780221353.5057657,27.21
1780221353.5117,27.211
1780221353.5170777,27.209
1780221353.5225053,27.209
1780221353.528202,27.221
1780221353.534012,27.232
1780221353.5392685,27.241
1780221353.5446625,27.252
1780221353.5500665,28.005
1780221353.5552907,28.016
1780221353.5611832,28.028
1780221353.5671017,28.038
1780221353.5725908,28.049
1780221353.5782504,28.058
1780221353.583825,28.066
1780221353.5893772,28.077
1780221353.594913,28.087
1780221353.6003985,28.097
1780221353.605958,28.108
1780221353.6115396,28.119
1780221353.617339,28.129
1780221353.6227298,28.143
1780221353.6280875,28.164
1780221353.6333392,28.174
1780221353.639173,28.175
1780221353.6452427,28.178
1780221353.6509829,28.177
1780221353.656358,28.176
1780221353.6617157,28.175
1780221353.6672776,28.173
1780221353.6728103,28.172
1780221353.6785524,28.172
1780221353.6839526,28.169
1780221353.68932,28.169
1780221353.6946201,28.168
1780221353.7003736,28.165
1780221353.7061841,28.164
1780221353.711619,28.162
1780221353.717022,28.161
1780221353.722461,28.161
1780221353.7277763,28.161
1780221353.7331958,28.159
1780221353.738583,28.159
1780221353.744014,28.158
1780221353.7494223,28.157
1780221353.7555604,28.155
1780221353.7615006,28.154
1780221353.7668512,28.153
1780221353.7722235,28.153
1780221353.778405,28.152
1780221353.7843604,28.154
1780221353.7896311,28.153
1780221353.7950273,28.152
1780221353.8011703,28.15
1780221353.8071048,28.15
1780221353.8124733,28.148
1780221353.8178418,28.148
1780221353.8238451,28.144
1780221353.8295548,28.146
1780221353.8350859,28.145
1780221353.8409991,28.144
1780221353.8469062,28.142
1780221353.8528955,28.141
1780221353.8588428,28.14
1780221353.8646517,28.14
1780221353.8700645,28.139
1780221353.8753765,28.14
1780221353.8806288,28.139
1780221353.8865228,28.138
1780221353.8924482,28.137
1780221353.8976696,28.135
1780221353.903068,28.134
1780221353.90853,28.134
1780221353.9138775,28.134
1780221353.9193437,28.132
1780221353.9246612,28.133
1780221353.9300647,28.132
1780221353.9354985,28.131
1780221353.9412227,28.129
1780221353.9474905,28.128
1780221353.9530172,28.126
1780221353.9585052,28.126
1780221353.9642956,28.124
1780221353.9697008,28.126
1780221353.9751256,28.125
1780221353.9805613,28.124
1780221353.986191,28.123
1780221353.9920943,28.123
1780221353.997553,28.121
1780221354.0030298,28.12
1780221354.0087142,28.121
1780221354.014134,28.118
1780221354.0195005,28.118
1780221354.0249238,28.117
1780221354.0303483,28.116
1780221354.0360808,28.115
1780221354.042482,28.113
1780221354.0483916,28.113
1780221354.0537758,28.113
1780221354.0591462,28.112
1780221354.0645995,28.113
1780221354.0701938,28.112
1780221354.0761328,28.111
1780221354.081649,28.11
1780221354.087478,28.107
1780221354.0929716,28.105
1780221354.0988088,28.105
1780221354.1041806,28.103
1780221354.1095953,28.107
1780221354.1150055,28.105
1780221354.1206152,28.104
1780221354.1265464,28.104
1780221354.1317797,28.102
1780221354.1371715,28.101
1780221354.1426387,28.101
1780221354.1479897,28.101
1780221354.1534493,28.1
1780221354.1588972,28.102
1780221354.1642394,28.101
1780221354.1696165,28.1
1780221354.175319,28.098
1780221354.181629,28.097
1780221354.1871183,28.096
1780221354.1925814,28.096
1780221354.1983747,28.093
1780221354.2036586,28.097
1780221354.2093973,28.095
1780221354.2152817,28.094
1780221354.2206597,28.093
1780221354.2260413,28.092
1780221354.2321446,28.09
1780221354.2380953,28.09
1780221354.2434733,28.091
1780221354.248855,28.091
1780221354.2545347,28.091
1780221354.2603464,28.09
1780221354.2655892,28.089
1780221354.271157,28.088
1780221354.276895,28.086
1780221354.2823753,28.085
1780221354.2879395,28.086
1780221354.2932563,28.082
1780221354.2986643,28.084
1780221354.3040364,28.083
1780221354.3094676,28.082
1780221354.3149095,28.081
1780221354.320578,28.08
1780221354.326375,28.079
1780221354.3316526,28.079
1780221354.3370447,28.079
1780221354.3424947,28.078
1780221354.3481915,28.079
1780221354.3545003,28.077
1780221354.3601646,28.076
1780221354.3657575,28.074
1780221354.3713672,28.072
1780221354.3767846,28.072
1780221354.382225,28.072
1780221354.3875425,28.075
1780221354.3930368,28.077
1780221354.3990366,28.075
1780221354.4049742,28.075
1780221354.4103508,28.074
1780221354.4158187,28.073
1780221354.4211736,28.072
1780221354.4265912,28.072
1780221354.4319408,28.072
1780221354.4373057,28.07
1780221354.4427505,28.071
1780221354.4481232,28.07
1780221354.4538662,28.069
1780221354.460164,28.068
1780221354.4658563,28.066
1780221354.4712746,28.066
1780221354.4769688,28.066
1780221354.4823575,28.066
1780221354.4877455,28.067
1780221354.4931588,28.066
1780221354.4985912,28.066
1780221354.5042908,28.065
1780221354.510581,28.064
1780221354.516072,28.062
1780221354.5215383,28.062
1780221354.5268342,28.061
1780221354.532217,28.064
1780221354.5383756,28.066
1780221354.5441422,28.065
1780221354.5495858,28.064
1780221354.5549624,28.064
1780221354.560678,28.063
1780221354.5665212,28.063
1780221354.5718324,28.063
1780221354.5772452,28.062
1780221354.582613,28.063
1780221354.5882914,28.062
1780221354.5941045,28.061
1780221354.5993598,28.06
1780221354.6049135,28.059
1780221354.6104412,28.058
1780221354.6162398,28.058
1780221354.6216264,28.056
1780221354.6271417,28.058
1780221354.632493,28.058
1780221354.6378875,28.057
1780221354.644151,28.056
1780221354.6500595,28.055
1780221354.6553423,28.054
1780221354.6607194,28.055
1780221354.6660895,28.055
1780221354.671464,28.053
1780221354.6768873,28.054
1780221354.6825178,28.053
1780221354.688468,28.053
1780221354.693981,28.052
1780221354.699507,28.049
1780221354.705089,28.049
1780221354.7104707,28.05
1780221354.7159169,28.049
1780221354.7212965,28.051
1780221354.7266855,28.05
1780221354.7321122,28.049
1780221354.7376394,28.049
1780221354.742876,28.048
1780221354.7482686,28.047
1780221354.7537274,28.047
1780221354.7591565,28.047
1780221354.7645006,28.046
1780221354.7698476,28.047
1780221354.7752838,28.047
1780221354.780704,28.046
1780221354.7864292,28.045
1780221354.7928112,28.044
1780221354.79875,28.044
1780221354.8041313,28.044
1780221354.809496,28.042
1780221354.8149397,28.044
1780221354.8203542,28.044
1780221354.8257246,28.043
1780221354.8311076,28.042
1780221354.8365488,28.041
1780221354.8421934,28.04
1780221354.848084,28.04
1780221354.8533206,28.041
1780221354.8587506,28.04
1780221354.8641753,28.041
1780221354.8695428,28.041
1780221354.8755856,28.04
1780221354.8816485,28.039
1780221354.8869956,28.038
1780221354.8923643,28.038
1780221354.8977892,28.038
1780221354.903105,28.036
1780221354.9085126,28.039
1780221354.913954,28.038
1780221354.9194095,28.038
1780221354.92502,28.037
1780221354.9309328,28.036
1780221354.9362297,28.035
1780221354.9416766,28.036
1780221354.9470227,28.036
1780221354.9524105,28.035
1780221354.9578276,28.035
1780221354.963168,28.034
1780221354.9685712,28.033
1780221354.9739819,28.033
1780221354.9797037,28.032
1780221354.9855485,28.031
1780221354.9908602,28.032
1780221354.9962296,28.03
1780221355.0015957,28.034
1780221355.0070484,28.034
1780221355.0124035,28.034
1780221355.017824,28.033
1780221355.0231733,28.032
1780221355.0286043,28.032
1780221355.0340228,28.032
1780221355.0394752,28.032
1780221355.0448256,28.031
1780221355.0502298,28.033
1780221355.0555973,28.033
1780221355.0610373,28.032
1780221355.0667095,28.031
1780221355.0726197,28.03
1780221355.0778801,28.03
1780221355.0831974,28.03
1780221355.0886335,28.028
1780221355.0941231,28.03
1780221355.099492,28.029
1780221355.1048317,28.029
1780221355.1102273,28.028
1780221355.1156297,28.028
1780221355.121044,28.027
1780221355.1264894,28.026
1780221355.1318715,28.027
1780221355.1372159,28.024
1780221355.1424594,28.026
1780221355.1480734,28.025
1780221355.1537585,28.024
1780221355.1600692,28.024
1780221355.16627,28.022
1780221355.1721575,28.022
1780221355.1775112,28.022
1780221355.1828465,28.022
1780221355.1880424,28.024
1780221355.1936264,28.024
1780221355.1988747,28.024
1780221355.2044873,28.023
1780221355.2098863,28.023
1780221355.2153757,28.022
1780221355.2207093,28.022
1780221355.2261014,28.023
1780221355.2315161,28.021
1780221355.2369843,28.023
1780221355.2423441,28.023
1780221355.2477388,28.022
1780221355.253414,28.022
1780221355.2597244,28.02
1780221355.2652094,28.019
1780221355.2706828,28.019
1780221355.27596,28.02
1780221355.2814145,28.019
1780221355.286727,28.018
1780221355.2923837,28.018
1780221355.2982857,28.017
1780221355.303534,28.016
1780221355.3089333,28.016
1780221355.3143508,28.015
1780221355.319741,28.016
1780221355.3251455,28.013
1780221355.3305461,28.017
1780221355.3359356,28.016
1780221355.3413582,28.015
1780221355.347087,28.015
1780221355.3528798,28.014
1780221355.3581307,28.013
1780221355.3633654,28.013
1780221355.3689733,28.014
1780221355.3743756,28.013
1780221355.37971,28.014
1780221355.3851945,28.013
1780221355.3907373,28.012
1780221355.396662,28.011
1780221355.401974,28.011
1780221355.407348,28.01
1780221355.41278,28.011
1780221355.4181476,28.009
1780221355.4233346,28.009
1780221355.4289799,28.009
1780221355.4343998,28.009
1780221355.4397893,28.008
1780221355.4452534,28.007
1780221355.4509375,28.007
1780221355.4565787,28.007
1780221355.4619825,28.007
1780221355.467363,28.006
1780221355.4725544,28.006
1780221355.4781682,28.005
1780221355.4834428,28.005
1780221355.489047,28.004
1780221355.4944413,28.004
1780221355.4998286,28.003
1780221355.5052524,28.003
1780221355.5106413,28.004
1780221355.5166085,28.002
1780221355.5219772,28.001
1780221355.5274591,28.0
1780221355.5328355,28.0
1780221355.5382388,27.255
1780221355.5436573,27.254
1780221355.549019,27.254
1780221355.5544233,27.254
1780221355.559799,27.252
1780221355.5649586,27.254
1780221355.570621,27.253
1780221355.575867,27.253
1780221355.5814593,27.252
1780221355.586859,27.252
1780221355.5922713,27.251
1780221355.5976753,27.251
1780221355.6030626,27.252
1780221355.6084864,27.25
1780221355.6139565,27.252
1780221355.6193187,27.252
1780221355.6246717,27.251
1780221355.6303964,27.251
1780221355.6361682,27.25
1780221355.6414847,27.25
1780221355.646911,27.25
1780221355.6522584,27.251
1780221355.6577933,27.249
1780221355.6633203,27.25
1780221355.669454,27.249
1780221355.675354,27.249
1780221355.6810722,27.248
1780221355.686826,27.248
1780221355.6923647,27.247
1780221355.6979582,27.248
1780221355.7033343,27.248
1780221355.7086618,27.249
1780221355.7141728,27.249
1780221355.7199075,27.247
1780221355.725407,27.247
1780221355.730936,27.246
1780221355.7363193,27.246
1780221355.7417417,27.247
1780221355.7470698,27.248
1780221355.752256,27.248
1780221355.7579267,27.249
1780221355.763742,27.249
1780221355.7694597,27.248
1780221355.7747748,27.248
1780221355.7802067,27.247
1780221355.7855244,27.247
1780221355.7909682,27.248
1780221355.7963188,27.245
1780221355.8015213,27.247
1780221355.807143,27.246
1780221355.8125284,27.246
1780221355.817974,27.245
1780221355.8234186,27.245
1780221355.8290365,27.244
1780221355.8349342,27.244
1780221355.8401852,27.245
1780221355.8455768,27.244
1780221355.8509471,27.244
1780221355.8566256,27.243
1780221355.8625274,27.243
1780221355.8678017,27.242
1780221355.873155,27.242
1780221355.878361,27.242
1780221355.8839982,27.242
1780221355.8894477,27.239
1780221355.8948658,27.242
1780221355.9002078,27.242
1780221355.9056246,27.242
1780221355.9110272,27.242
1780221355.9165053,27.241
1780221355.9218223,27.241
1780221355.927197,27.24
1780221355.932639,27.241
1780221355.937978,27.239
1780221355.9431684,27.239
1780221355.948798,27.239
1780221355.9540145,27.238
1780221355.9596772,27.238
1780221355.9650629,27.237
1780221355.9704452,27.237
1780221355.9759054,27.237
1780221355.981228,27.237
1780221355.9866202,27.235
1780221355.9919975,27.237
1780221355.997244,27.236
1780221356.0028422,27.236
1780221356.0082445,27.235
1780221356.0136297,27.235
1780221356.0190165,27.234
1780221356.0244665,27.235
1780221356.0298886,27.232
1780221356.0352714,27.235
1780221356.040635,27.234
1780221356.0461023,27.234
1780221356.0515063,27.233
1780221356.0568573,27.233
1780221356.0626092,27.232
1780221356.0684571,27.232
1780221356.073687,27.232
1780221356.0790691,27.232
1780221356.084578,27.234
1780221356.0899358,27.234
1780221356.0952687,27.233
1780221356.100692,27.233
1780221356.1060505,27.232
1780221356.1114535,27.232
1780221356.1169379,27.232
1780221356.1223671,27.233
1780221356.1277425,27.23
1780221356.1334229,27.229
1780221356.139766,27.228
1780221356.1459157,27.228
1780221356.1514122,27.227
1780221356.157086,27.224
1780221356.1625311,27.224
1780221356.168027,27.225
1780221356.173387,27.225
1780221356.1787717,27.225
1780221356.1843936,27.225
1780221356.190317,27.225
1780221356.1955564,27.224
1780221356.200976,27.224
1780221356.2064097,27.223
1780221356.2118397,27.223
1780221356.217223,27.224
1780221356.2225685,27.222
1780221356.2280023,27.222
1780221356.2333965,27.222
1780221356.2387755,27.221
1780221356.2444508,27.22
1780221356.2503684,27.219
1780221356.2556238,27.218
1780221356.2609813,27.219
1780221356.2664566,27.216
1780221356.2720926,27.221
1780221356.2781372,27.226
1780221356.2838519,27.228
1780221356.289542,27.23
1780221356.2952662,27.229
1780221356.3006825,27.229
1780221356.306073,27.232
1780221356.311392,27.234
1780221356.31684,27.235
1780221356.3224747,27.236
1780221356.328384,27.236
1780221356.3336177,27.235
1780221356.3390336,27.235
1780221356.3444967,27.233
1780221356.3498394,27.233
1780221356.355287,27.233
1780221356.3606067,27.231
1780221356.365996,27.232
1780221356.3714259,27.232
1780221356.377137,27.231
1780221356.3829525,27.23
1780221356.3882086,27.23
1780221356.3935957,27.229
1780221356.3990443,27.228
1780221356.4045053,27.229
1780221356.4099574,27.227
1780221356.4161155,27.228
1780221356.4220204,27.228
1780221356.4272609,27.228
1780221356.4326692,27.227
1780221356.4381254,27.226
1780221356.443488,27.226
1780221356.44892,27.226
1780221356.454253,27.226
1780221356.459624,27.225
1780221356.465397,27.222
1780221356.4712687,27.222
1780221356.4767923,27.222
1780221356.4822755,27.219
1780221356.4882698,27.218
1780221356.4941766,27.219
1780221356.499879,27.219
1780221356.5052965,27.221
1780221356.5106852,27.222
1780221356.5161831,27.222
1780221356.521532,27.221
1780221356.5272138,27.22
1780221356.5330184,27.219
1780221356.5382812,27.219
1780221356.5436864,27.219
1780221356.5491,27.218
1780221356.5545554,27.217
1780221356.5601728,27.217
1780221356.566087,27.217
1780221356.5713332,27.216
1780221356.576728,27.215
1780221356.5821939,27.213
1780221356.587567,27.212
1780221356.5929885,27.212
1780221356.5983093,27.208
1780221356.6037033,27.21
1780221356.6091309,27.21
1780221356.614601,27.209
1780221356.6199415,27.208
1780221356.6253319,27.207
1780221356.6307304,27.206
1780221356.6359575,27.205
1780221356.6415765,27.205
1780221356.6473057,27.203
1780221356.653714,27.203
1780221356.659672,27.203
1780221356.6650226,27.202
1780221356.670406,27.201
1780221356.6764672,27.2
1780221356.6819544,27.198
1780221356.6873999,27.198
1780221356.693265,27.197
1780221356.6993291,27.201
1780221356.7045958,27.2
1780221356.710013,27.2
1780221356.715471,27.199
1780221356.7210867,27.198
1780221356.727002,27.197
1780221356.7322657,27.196
1780221356.737633,27.197
1780221356.7430592,27.197
1780221356.7484233,27.198
1780221356.7541254,27.197
1780221356.7604096,27.197
1780221356.7664437,27.195
1780221356.772106,27.195
1780221356.7775064,27.195
1780221356.7832105,27.196
1780221356.7886183,27.2
1780221356.7940176,27.201
1780221356.7994752,27.201
1780221356.8049197,27.201
1780221356.8106287,27.201
1780221356.8162942,27.199
1780221356.8217375,27.198
1780221356.827675,27.199
1780221356.8330793,27.197
1780221356.83846,27.201
1780221356.8441825,27.202
1780221356.8504794,27.201
1780221356.8561487,27.2
1780221356.8617465,27.199
1780221356.8671405,27.199
1780221356.8727014,27.199
1780221356.878052,27.201
1780221356.8834865,27.203
1780221356.888994,27.204
1780221356.8943415,27.204
1780221356.8997142,27.204
1780221356.9053998,27.204
1780221356.9117084,27.203
1780221356.9172106,27.203
1780221356.9226792,27.203
1780221356.9286554,27.203
1780221356.9346833,27.206
1780221356.9402833,27.206
1780221356.9466405,27.205
1780221356.9525695,27.205
1780221356.9579508,27.204
1780221356.9633398,27.204
1780221356.9687655,27.205
1780221356.9741006,27.204
1780221356.9795187,27.204
1780221356.9848945,27.204
1780221356.990341,27.204
1780221356.9957602,27.204
1780221357.0012255,27.203
1780221357.0068116,27.203
1780221357.0125084,27.203
1780221357.0179543,27.204
1780221357.0233476,27.202
1780221357.0288036,27.204
1780221357.0344145,27.203
1780221357.0403216,27.203
1780221357.0455554,27.203
1780221357.0509205,27.202
1780221357.0563612,27.202
1780221357.06184,27.203
1780221357.0672264,27.204
1780221357.0726504,27.202
1780221357.0779808,27.202
1780221357.0833983,27.201
1780221357.089082,27.201
1780221357.0954013,27.2
1780221357.10106,27.199
1780221357.106488,27.199
1780221357.1122344,27.2
1780221357.1176033,27.2
1780221357.1231148,27.202
1780221357.1284697,27.202
1780221357.1340897,27.202
1780221357.1400058,27.202
1780221357.1455152,27.201
1780221357.1510308,27.199
1780221357.1566746,27.2
1780221357.16206,27.201
1780221357.1675048,27.201
1780221357.1728573,27.2
1780221357.1782396,27.2
1780221357.1839426,27.2
1780221357.189724,27.2
1780221357.1950219,27.199
1780221357.200427,27.199
1780221357.205828,27.2
1780221357.2112753,27.198
1780221357.2166462,27.201
1780221357.2220578,27.201
1780221357.2274356,27.201
1780221357.23286,27.201
1780221357.238286,27.2
1780221357.2439797,27.2
1780221357.2497911,27.2
1780221357.2551022,27.201
1780221357.260476,27.201
1780221357.2658777,27.202
1780221357.2715888,27.201
1780221357.2773771,27.201
1780221357.2829943,27.2
1780221357.2889173,27.2
1780221357.294702,27.2
1780221357.3000853,27.201
1780221357.3054256,27.199
1780221357.3106883,27.201
1780221357.316626,27.201
1780221357.3225386,27.2
1780221357.328261,27.2
1780221357.3336596,27.2
1780221357.3390696,27.199
1780221357.344492,27.2
1780221357.3499122,27.201
1780221357.355393,27.2
1780221357.361015,27.201
1780221357.3669505,27.201
1780221357.372871,27.201
1780221357.3781111,27.201
1780221357.3835208,27.2
1780221357.388932,27.2
1780221357.3943076,27.201
1780221357.4003897,27.198
1780221357.405836,27.204
1780221357.4114397,27.205
1780221357.4175224,27.208
1780221357.4233818,27.208
1780221357.4292982,27.208
1780221357.434541,27.208
1780221357.4400148,27.208
1780221357.4453936,27.209
1780221357.451092,27.208
1780221357.4571407,27.21
1780221357.4629831,27.21
1780221357.4688954,27.21
1780221357.4741585,27.21
1780221357.4795575,27.209
1780221357.485018,27.21
1780221357.4903655,27.21
1780221357.495771,27.209
1780221357.5012586,27.212
1780221357.5066133,27.211
1780221357.5119271,27.211
1780221357.5171854,27.21
1780221357.522739,27.21
1780221357.5281496,27.21
1780221357.5335522,27.21
1780221357.5390272,27.211
1780221357.5444214,27.21
1780221357.5498428,27.209
1780221357.5554502,27.209
1780221357.5613682,27.209
1780221357.5666025,27.208
1780221357.5720148,27.208
1780221357.577487,27.208
1780221357.582803,27.208
1780221357.5882244,27.205
1780221357.5936518,27.209
1780221357.5990198,27.208
1780221357.6044126,27.208
1780221357.6098309,27.207
1780221357.6155033,27.207
1780221357.6214256,27.207
1780221357.6266906,27.207
1780221357.6320438,27.208
1780221357.6374466,27.207
1780221357.6432092,27.209
1780221357.6490998,27.209
1780221357.6552014,27.208
1780221357.661132,27.208
1780221357.6668067,27.208
1780221357.6720567,27.208
1780221357.67763,27.208
1780221357.6830213,27.206
1780221357.6884778,27.21
1780221357.6938932,27.21
1780221357.6995187,27.209
1780221357.705461,27.209
1780221357.7109497,27.209
1780221357.7164767,27.207
1780221357.7219493,27.207
1780221357.7272635,27.208
1780221357.7328653,27.208
1780221357.7382958,27.208
1780221357.743705,27.208
1780221357.7493904,27.207
1780221357.755666,27.206
1780221357.7613776,27.205
1780221357.7667832,27.205
1780221357.772519,27.206
1780221357.7779047,27.208
1780221357.783418,27.21
1780221357.7887597,27.21
1780221357.7941244,27.21
1780221357.7998452,27.21
1780221357.8061514,27.209
1780221357.8122017,27.208
1780221357.8175764,27.209
1780221357.8228755,27.21
1780221357.828073,27.209
1780221357.8339674,27.21
1780221357.8398705,27.21
1780221357.845134,27.209
1780221357.8505306,27.209
1780221357.8559961,27.209
1780221357.8613458,27.209
1780221357.866798,27.209
1780221357.872119,27.208
1780221357.8774962,27.21
1780221357.8829405,27.21
1780221357.8886569,27.209
1780221357.894498,27.209
1780221357.8999932,27.208
1780221357.9059181,27.208
1780221357.9111629,27.209
1780221357.9165478,27.209
1780221357.9219875,27.209
1780221357.927615,27.21
1780221357.9335399,27.21
1780221357.9387777,27.21
1780221357.944167,27.209
1780221357.9496322,27.209
1780221357.9549828,27.209
1780221357.960466,27.209
1780221357.9657526,27.206
1780221357.9710546,27.208
1780221357.9769497,27.207
1780221357.9828467,27.207
1780221357.9888415,27.207
1780221357.9947622,27.207
1780221358.0000062,27.206
1780221358.005467,27.207
1780221358.0108714,27.208
1780221358.0165083,27.206
1780221358.022552,27.209
1780221358.0284665,27.208
1780221358.0343745,27.208
1780221358.0396254,27.208
1780221358.045019,27.207
1780221358.0505335,27.208
1780221358.0558395,27.208
1780221358.061274,27.208
1780221358.0667372,27.21
1780221358.0720813,27.21
1780221358.0774908,27.21
1780221358.0831523,27.209
1780221358.0889587,27.208
1780221358.0942302,27.208
1780221358.0996249,27.208
1780221358.1050386,27.209
1780221358.1104972,27.208
1780221358.1161287,27.209
1780221358.122053,27.209
1780221358.127554,27.209
1780221358.1332278,27.207
1780221358.138831,27.205
1780221358.1447382,27.205
1780221358.1501167,27.206
1780221358.155502,27.208
1780221358.1611814,27.208
1780221358.167473,27.208
1780221358.1731925,27.207
1780221358.1789432,27.205
1780221358.1845045,27.203
1780221358.1899126,27.203
1780221358.1953566,27.204
1780221358.2011232,27.207
1780221358.2065065,27.209
1780221358.2119007,27.21
1780221358.2174037,27.21
1780221358.2229986,27.21
1780221358.228874,27.209
1780221358.2341163,27.209
1780221358.2395325,27.209
1780221358.2449794,27.21
1780221358.25034,27.209
1780221358.2557828,27.21
1780221358.2611127,27.21
1780221358.266508,27.21
1780221358.271965,27.21
1780221358.277669,27.209
1780221358.283455,27.209
1780221358.2887008,27.209
1780221358.2939079,27.208
1780221358.2996662,27.212
1780221358.3057175,27.211
1780221358.3116088,27.211
1780221358.3169549,27.21
1780221358.3223605,27.21
1780221358.328457,27.209
1780221358.3344855,27.21
1780221358.3398194,27.211
1780221358.345144,27.211
1780221358.3505797,27.212
1780221358.356231,27.212
1780221358.3621411,27.212
1780221358.3673813,27.211
1780221358.3727782,27.211
1780221358.378239,27.211
1780221358.383606,27.211
1780221358.3890314,27.209
1780221358.3944654,27.212
1780221358.3998375,27.212
1780221358.4052045,27.212
1780221358.4109077,27.211
1780221358.416721,27.211
1780221358.4219828,27.21
1780221358.427365,27.211
1780221358.4328008,27.211
1780221358.4382672,27.211
1780221358.443644,27.212
1780221358.449025,27.211
1780221358.454422,27.211
1780221358.4598494,27.21
1780221358.4652157,27.21
1780221358.4706123,27.21
1780221358.4760768,27.21
1780221358.4814208,27.211
1780221358.4868596,27.21
1780221358.4922874,27.209
1780221358.4979112,27.209
1780221358.503832,27.209
1780221358.5093791,27.208
1780221358.5151732,27.207
1780221358.5206769,27.207
1780221358.5264919,27.207
1780221358.5318718,27.208
1780221358.5373824,27.209
1780221358.5427163,27.209
1780221358.5481217,27.209
1780221358.5544367,27.208
1780221358.5603538,27.208
1780221358.5660546,27.208
1780221358.5714912,27.209
1780221358.5769002,27.21
1780221358.5823061,27.21
1780221358.5877073,27.211
1780221358.5934086,27.21
1780221358.5992155,27.21
1780221358.6046956,27.209
1780221358.6105888,27.209
1780221358.6159017,27.209
1780221358.6212978,27.21
1780221358.6267364,27.209
1780221358.6324599,27.211
1780221358.6383874,27.211
1780221358.6443691,27.211
1780221358.650231,27.211
1780221358.6555207,27.211
1780221358.6609187,27.21
1780221358.6663725,27.211
1780221358.6717098,27.212
1780221358.6774127,27.211
1780221358.682947,27.211
1780221358.6885858,27.21
1780221358.6945567,27.21
1780221358.7002573,27.209
1780221358.7059255,27.207
1780221358.7113855,27.207
1780221358.7168026,27.208
1780221358.7221248,27.209
1780221358.727542,27.21
1780221358.7332094,27.209
1780221358.739114,27.209
1780221358.7443593,27.208
1780221358.7497575,27.208
1780221358.755214,27.208
1780221358.7605877,27.209
1780221358.7660103,27.207
1780221358.771417,27.209
1780221358.776816,27.209
1780221358.782175,27.209
1780221358.7878723,27.209
1780221358.7943065,27.208
1780221358.800262,27.207
1780221358.8056273,27.208
1780221358.8109994,27.208
1780221358.8164663,27.21
1780221358.8218348,27.211
1780221358.8272135,27.211
1780221358.8325663,27.21
1780221358.838003,27.21
1780221358.843716,27.21
1780221358.849636,27.21
1780221358.8554153,27.21
1780221358.860827,27.209
1780221358.8661664,27.213
1780221358.871415,27.213
1780221358.8770258,27.213
1780221358.8831756,27.212
1780221358.88908,27.212
1780221358.894471,27.211
1780221358.899847,27.211
1780221358.9052901,27.213
1780221358.9106488,27.211
1780221358.9160585,27.211
1780221358.9214432,27.211
1780221358.9268742,27.211
1780221358.9322474,27.211
1780221358.9379826,27.21
1780221358.9437556,27.21
1780221358.9490664,27.21
1780221358.9545026,27.209
1780221358.9599543,27.212
1780221358.9653182,27.212
1780221358.9706643,27.212
1780221358.9760804,27.212
1780221358.981442,27.211
1780221358.9868238,27.211
1780221358.992247,27.211
1780221358.9977307,27.212
1780221359.0030947,27.21
1780221359.008497,27.211
1780221359.0138736,27.21
1780221359.0193102,27.21
1780221359.0249557,27.21
1780221359.030869,27.21
1780221359.036134,27.209
1780221359.0415242,27.209
1780221359.0469475,27.21
1780221359.0523412,27.21
1780221359.057762,27.21
1780221359.0631137,27.21
1780221359.0685194,27.21
1780221359.0739217,27.209
1780221359.0796273,27.209
1780221359.085463,27.208
1780221359.0907304,27.209
1780221359.0961661,27.208
1780221359.1015296,27.212
1780221359.106979,27.213
1780221359.1123435,27.213
1780221359.117808,27.213
1780221359.1230962,27.212
1780221359.1286633,27.211
1780221359.1341844,27.211
1780221359.1399636,27.212
1780221359.1453567,27.211
1780221359.150754,27.213
1780221359.1562097,27.213
1780221359.1618357,27.212
1780221359.1677315,27.212
1780221359.1729612,27.211
1780221359.1783116,27.211
1780221359.1837637,27.212
1780221359.1891556,27.212
1780221359.1946123,27.211
1780221359.1999576,27.212
1780221359.2053459,27.212
1780221359.2108495,27.212
1780221359.2165034,27.211
1780221359.222766,27.211
1780221359.2282882,27.211
1780221359.2336287,27.211
1780221359.2390318,27.212
1780221359.2445092,27.215
1780221359.2498484,27.214
1780221359.255211,27.214
1780221359.2609138,27.214
1780221359.2672012,27.213
1780221359.2727196,27.212
1780221359.278164,27.213
1780221359.283476,27.212
1780221359.2888708,27.216
1780221359.2942712,27.216
1780221359.2996597,27.216
1780221359.3057008,27.215
1780221359.311202,27.214
1780221359.3169084,27.213
1780221359.3223953,27.214
1780221359.327925,27.214
1780221359.3332694,27.215
1780221359.3386497,27.221
1780221359.3439326,27.232
1780221359.3491225,27.232
1780221359.3548367,27.233
1780221359.360209,27.233
1780221359.36563,27.233
1780221359.3711035,27.234
1780221359.3764813,27.235
1780221359.3818643,27.235
1780221359.3872886,27.237
1780221359.3927205,27.237
1780221359.3981526,27.236
1780221359.4045982,27.236
1780221359.4102938,27.235
1780221359.4162138,27.235
1780221359.4214883,27.235
1780221359.4268107,27.236
1780221359.4320152,27.236
1780221359.4377067,27.236
1780221359.443389,27.235
1780221359.4497013,27.235
1780221359.4554257,27.233
1780221359.460934,27.231
1780221359.4665296,27.232
1780221359.4719336,27.232
1780221359.4772308,27.237
1780221359.48249,27.236
1780221359.4881222,27.236
1780221359.4938252,27.236
1780221359.5001507,27.235
1780221359.5062337,27.235
1780221359.5115755,27.235
1780221359.5169265,27.235
1780221359.5223806,27.236
1780221359.527706,27.237
1780221359.533102,27.237
1780221359.5385277,27.237
1780221359.5439942,27.236
1780221359.5495975,27.235
1780221359.5555446,27.235
1780221359.5613186,27.236
1780221359.566726,27.233
1780221359.5721874,27.237
1780221359.5776072,27.237
1780221359.5832071,27.236
1780221359.5891325,27.236
1780221359.5943604,27.235
1780221359.5997195,27.235
1780221359.6051648,27.235
1780221359.6106648,27.236
1780221359.6159825,27.224
1780221359.6214726,27.228
1780221359.6267664,27.238
1780221359.6324518,27.249
1780221359.6383326,28.001
1780221359.6435778,28.013
1780221359.648976,28.022
1780221359.6544094,28.032
1780221359.6597579,28.042
1780221359.6651595,28.054
1780221359.6705744,28.062
1780221359.6759524,28.075
1780221359.6813962,28.083
1780221359.6874936,28.095
1780221359.6934726,28.106
1780221359.698855,28.117
1780221359.7042289,28.125
1780221359.709623,28.137
1780221359.7150187,28.146
1780221359.7204487,28.159
1780221359.725783,28.18
1780221359.7309685,28.186
1780221359.736575,28.19
1780221359.7417736,28.189
1780221359.7474296,28.188
1780221359.7528036,28.187
1780221359.758207,28.186
1780221359.7636375,28.185
1780221359.7690244,28.184
1780221359.7744756,28.184
1780221359.7797973,28.181
1780221359.7849917,28.182
1780221359.7906432,28.181
1780221359.7960265,28.179
1780221359.8017557,28.178
1780221359.807673,28.177
1780221359.8129103,28.175
1780221359.81838,28.175
1780221359.8242657,28.175
1780221359.8297822,28.173
1780221359.835395,28.17
1780221359.841241,28.169
1780221359.8464856,28.168
1780221359.851851,28.167
1780221359.857385,28.165
1780221359.8628807,28.163
1780221359.8686872,28.163
1780221359.874075,28.16
1780221359.8795717,28.161
1780221359.8848894,28.159
1780221359.8902836,28.158
1780221359.8957186,28.157
1780221359.9010441,28.156
1780221359.9065976,28.154
1780221359.9120748,28.154
1780221359.9173849,28.153
1780221359.922762,28.151
1780221359.9288542,28.153
1780221359.93489,28.155
1780221359.9404485,28.153
1780221359.946191,28.15
1780221359.9517984,28.148
1780221359.9576843,28.147
1780221359.9629345,28.147
1780221359.9683304,28.149
1780221359.9736874,28.148
1780221359.9793878,28.147
1780221359.9853048,28.146
1780221359.99055,28.144
1780221359.995912,28.143
1780221360.0011122,28.142
1780221360.0068083,28.142
1780221360.0121722,28.141
1780221360.0176008,28.139
1780221360.022956,28.138
1780221360.0283778,28.137
1780221360.0340762,28.135
1780221360.0398734,28.134
1780221360.045137,28.133
1780221360.0503805,28.132
1780221360.0559676,28.132
1780221360.0614393,28.13
1780221360.0671625,28.131
1780221360.07324,28.131
1780221360.0790625,28.129
1780221360.084985,28.128
1780221360.0904965,28.127
1780221360.0959847,28.125
1780221360.1016555,28.125
1780221360.1070447,28.122
1780221360.1123438,28.125
1780221360.1176543,28.124
1780221360.123398,28.121
1780221360.1292884,28.121
1780221360.13466,28.119
1780221360.1400247,28.118
1780221360.1454906,28.118
1780221360.1508203,28.118
1780221360.1562557,28.116
1780221360.1617525,28.118
1780221360.1670854,28.117
1780221360.1724577,28.116
1780221360.1781723,28.114
1780221360.184437,28.113
1780221360.189956,28.112
1780221360.1954017,28.112
1780221360.2006886,28.109
1780221360.2060287,28.112
1780221360.211436,28.112
1780221360.2170818,28.111
1780221360.2229812,28.11
1780221360.2282593,28.109
1780221360.233677,28.108
1780221360.2390733,28.108
1780221360.2444725,28.108
1780221360.2498798,28.105
1780221360.2553513,28.107
1780221360.2607052,28.105
1780221360.2660358,28.105
1780221360.2717524,28.103
1780221360.2775722,28.102
1780221360.2828608,28.101
1780221360.2882595,28.101
1780221360.2936497,28.101
1780221360.298849,28.099
1780221360.3044534,28.1
1780221360.3096993,28.098
1780221360.3152955,28.097
1780221360.320743,28.096
1780221360.3260677,28.095
1780221360.3314703,28.094
1780221360.3368855,28.094
1780221360.3423235,28.091
1780221360.3478093,28.094
1780221360.3531756,28.093
1780221360.3587666,28.092
1780221360.3646786,28.091
1780221360.3699253,28.09
1780221360.3753457,28.089
1780221360.3807802,28.089
1780221360.3861334,28.089
1780221360.3915493,28.086
1780221360.3969145,28.087
1780221360.4021995,28.086
1780221360.4080663,28.084
1780221360.4139826,28.083
1780221360.4194942,28.082
1780221360.424985,28.08
1780221360.43059,28.081
1780221360.4359696,28.078
1780221360.4412744,28.081
1780221360.4466143,28.08
1780221360.452168,28.078
1780221360.4579155,28.076
1780221360.4634135,28.073
1780221360.4693086,28.072
1780221360.47522,28.073
1780221360.4809878,28.073
1780221360.4863331,28.075
1780221360.4917002,28.076
1780221360.4969127,28.075
1780221360.502556,28.074
1780221360.5083601,28.073
1780221360.5140862,28.071
1780221360.519353,28.071
1780221360.5246058,28.071
1780221360.530133,28.068
1780221360.5352883,28.07
1780221360.540994,28.07
1780221360.5466177,28.069
1780221360.5522902,28.067
1780221360.5578494,28.066
1780221360.5635288,28.064
1780221360.568905,28.064
1780221360.5746124,28.065
1780221360.5800095,28.068
1780221360.585341,28.069
1780221360.5906317,28.068
1780221360.5965352,28.067
1780221360.602475,28.066
1780221360.6083727,28.065
1780221360.613635,28.065
1780221360.6189785,28.065
1780221360.6241782,28.062
1780221360.6300964,28.066
1780221360.6361175,28.067
1780221360.64212,28.066
1780221360.648052,28.065
1780221360.6535635,28.064
1780221360.659041,28.062
1780221360.6647034,28.062
1780221360.6701155,28.06
1780221360.6755414,28.062
1780221360.6809132,28.061
1780221360.686287,28.061
1780221360.6919885,28.06
1780221360.6983204,28.058
1780221360.7043862,28.057
1780221360.7097404,28.057
1780221360.715091,28.058
1780221360.7205477,28.057
1780221360.7258747,28.058
1780221360.7312872,28.057
1780221360.7366834,28.057
1780221360.7421556,28.056
1780221360.7477744,28.055
1780221360.7536826,28.054
1780221360.7589495,28.054
1780221360.7642796,28.053
1780221360.7697074,28.054
1780221360.7753887,28.053
1780221360.781292,28.053
1780221360.786815,28.052
1780221360.7926116,28.05
1780221360.7982786,28.047
1780221360.8041499,28.047
1780221360.809888,28.048
1780221360.8152988,28.05
1780221360.8207095,28.051
1780221360.826144,28.05
1780221360.8315654,28.049
1780221360.8372786,28.048
1780221360.8430195,28.047
1780221360.8483243,28.047
1780221360.8537273,28.048
1780221360.8590999,28.044
1780221360.8646438,28.045
1780221360.8704038,28.044
1780221360.8759456,28.043
1780221360.8817303,28.041
1780221360.887433,28.039
1780221360.89284,28.037
1780221360.8982422,28.037
1780221360.903571,28.037
1780221360.9089675,28.04
1780221360.914613,28.041
1780221360.9205327,28.041
1780221360.9257894,28.04
1780221360.9311945,28.039
1780221360.9366477,28.038
1780221360.9420147,28.038
1780221360.9474669,28.038
1780221360.9527483,28.036
1780221360.9582312,28.037
1780221360.963783,28.035
1780221360.9697194,28.035
1780221360.9750574,28.034
1780221360.9804292,28.033
1780221360.9865339,28.032
1780221360.9924524,28.032
1780221360.9978595,28.033
1780221361.003248,28.032
1780221361.0086825,28.033
1780221361.0142858,28.032
1780221361.0202446,28.031
1780221361.0257833,28.03
1780221361.0315082,28.029
1780221361.0369098,28.028
1780221361.0423496,28.028
1780221361.0478206,28.027
1780221361.0538027,28.03
1780221361.0590515,28.029
1780221361.0644393,28.029
1780221361.0698667,28.028
1780221361.0752418,28.028
1780221361.0806408,28.027
1780221361.0860155,28.028
1780221361.0912628,28.028
1780221361.0968354,28.026
1780221361.1022763,28.027
1780221361.1076844,28.026
1780221361.113093,28.026
1780221361.1185467,28.025
1780221361.123941,28.025
1780221361.1293561,28.024
1780221361.134743,28.025
1780221361.14006,28.026
1780221361.14562,28.024
1780221361.1513736,28.024
1780221361.1569552,28.022
1780221361.162718,28.02
1780221361.1690042,28.019
1780221361.1750326,28.019
1780221361.1803625,28.019
1780221361.1856902,28.02
1780221361.1914437,28.019
1780221361.1977382,28.02
1780221361.2036688,28.019
1780221361.2094562,28.018
1780221361.2150624,28.016
1780221361.2206764,28.014
1780221361.2260926,28.013
1780221361.2315195,28.014
1780221361.237427,28.017
1780221361.24353,28.021
1780221361.248911,28.02
1780221361.254657,28.018
1780221361.2603729,28.017
1780221361.2662861,28.017
1780221361.2715523,28.016
1780221361.276931,28.016
1780221361.282397,28.013
1780221361.288064,28.016
1780221361.2941172,28.019
1780221361.3000262,28.018
1780221361.3059285,28.018
1780221361.3111703,28.017
1780221361.31653,28.016
1780221361.321768,28.016
1780221361.3273702,28.017
1780221361.3330793,28.016
1780221361.3389368,28.016
1780221361.3444278,28.015
1780221361.3503664,28.015
1780221361.3555903,28.014
1780221361.360991,28.014
1780221361.3664727,28.013
1780221361.3718026,28.014
1780221361.377243,28.01
1780221361.3826373,28.014
1780221361.3880022,28.013
1780221361.3934257,28.012
1780221361.3991122,28.011
1780221361.404929,28.011
1780221361.4101877,28.01
1780221361.415585,28.01
1780221361.4210143,28.011
1780221361.426469,28.009
1780221361.432208,28.011
1780221361.4381187,28.01
1780221361.4440765,28.009
1780221361.4499702,28.009
1780221361.4552405,28.008
1780221361.4606323,28.008
1780221361.4660974,28.008
1780221361.4714572,28.007
1780221361.477508,28.007
1780221361.483624,28.009
1780221361.4895065,28.009
1780221361.4948962,28.009
1780221361.5002642,28.009
1780221361.505745,28.008
1780221361.5113206,28.009
1780221361.5170279,28.01
1780221361.5224779,28.007
1780221361.5278425,28.009
1780221361.5332723,28.008
1780221361.5386922,28.008
1780221361.5444071,28.007
1780221361.5506635,28.006
1780221361.556199,28.006
1780221361.561666,28.006
1780221361.566982,28.006
1780221361.5725267,28.007
1780221361.578645,28.01
1780221361.58431,28.009
1780221361.589704,28.008
1780221361.5951006,28.008
1780221361.6005623,28.007
1780221361.6059098,28.007
1780221361.6113677,28.008
1780221361.6167173,28.006
1780221361.6221488,28.005
1780221361.6275241,28.004
1780221361.6332374,28.004
1780221361.639518,28.003
1780221361.64521,28.001
1780221361.6506453,28.001
1780221361.6563756,28.002
1780221361.6617482,28.002
1780221361.6672661,28.003
1780221361.6725996,28.003
1780221361.677967,28.003
1780221361.684091,28.002
1780221361.690031,28.001
1780221361.6953924,28.0
1780221361.7008312,28.001
1780221361.7062147,28.002
1780221361.7115648,28.0
1780221361.716979,28.001
1780221361.7223322,28.001
1780221361.7278736,28.0
1780221361.7335913,27.255
1780221361.739412,27.253
1780221361.7452517,27.252
1780221361.7505848,27.253
1780221361.7559528,27.251
1780221361.7614005,27.255
1780221361.7670567,27.254
1780221361.772981,27.254
1780221361.778482,27.253
1780221361.784133,27.251
1780221361.7895267,27.249
1780221361.7950792,27.249
1780221361.8004,27.25
1780221361.806094,27.249
1780221361.8125198,27.249
1780221361.818599,27.249
1780221361.8241565,27.248
1780221361.8299243,27.246
1780221361.8355582,27.244
1780221361.841431,27.244
1780221361.846689,27.246
1780221361.8521118,27.247
1780221361.857578,27.247
1780221361.8629456,27.246
1780221361.8688946,27.246
1780221361.8742795,27.245
1780221361.8796515,27.244
1780221361.8850975,27.244
1780221361.8904817,27.244
1780221361.8958635,27.242
1780221361.9013453,27.243
1780221361.9067087,27.243
1780221361.9123595,27.242
1780221361.9182162,27.242
1780221361.923482,27.241
1780221361.9288352,27.241
1780221361.9342248,27.24
1780221361.9396706,27.241
1780221361.9458213,27.239
1780221361.9518578,27.242
1780221361.957634,27.241
1780221361.963416,27.239
1780221361.9691515,27.237
1780221361.9747627,27.235
1780221361.980668,27.234
1780221361.9859297,27.235
1780221361.9912934,27.233
1780221361.9966927,27.236
1780221362.0023744,27.236
1780221362.0082564,27.235
1780221362.013503,27.235
1780221362.0189762,27.234
1780221362.024367,27.233
1780221362.0297203,27.233
1780221362.03517,27.233
1780221362.0404856,27.231
1780221362.045881,27.233
1780221362.051307,27.232
1780221362.0570393,27.231
1780221362.063349,27.23
1780221362.0690007,27.229
1780221362.0744069,27.228
1780221362.0801816,27.228
1780221362.085559,27.228
1780221362.0908313,27.23
1780221362.0961308,27.229
1780221362.1020365,27.229
1780221362.107965,27.228
1780221362.1131911,27.227
1780221362.1185274,27.226
1780221362.1239564,27.226
1780221362.12937,27.227
1780221362.1354718,27.224
1780221362.1415977,27.227
1780221362.1473827,27.226
1780221362.152808,27.226
1780221362.158204,27.225
1780221362.1642783,27.224
1780221362.170205,27.224
1780221362.175622,27.225
1780221362.1809518,27.224
1780221362.186677,27.227
1780221362.1930127,27.226
1780221362.198964,27.225
1780221362.2047586,27.224
1780221362.2105083,27.222
1780221362.2160027,27.22
1780221362.2218468,27.221
1780221362.2272165,27.221
1780221362.2325268,27.224
1780221362.2378414,27.223
1780221362.2438114,27.222
1780221362.2497046,27.222
1780221362.2556562,27.221
1780221362.2615778,27.221
1780221362.2668216,27.222
1780221362.2721999,27.222
1780221362.2776515,27.222
1780221362.2832873,27.223
1780221362.289188,27.223
1780221362.294444,27.222
1780221362.2998006,27.222
1780221362.3052437,27.222
1780221362.3106694,27.222
1780221362.316096,27.222
1780221362.3214223,27.219
1780221362.3268032,27.221
1780221362.3322413,27.221
1780221362.3377125,27.221
1780221362.3433032,27.22
1780221362.3492088,27.22
1780221362.3544686,27.219
1780221362.3598526,27.219
1780221362.3653414,27.22
1780221362.3706782,27.218
1780221362.3767307,27.22
1780221362.3827238,27.219
1780221362.388115,27.219
1780221362.3935065,27.219
1780221362.3995914,27.218
1780221362.4056146,27.218
1780221362.4109485,27.219
1780221362.4162657,27.217
1780221362.4217045,27.22
1780221362.4274044,27.22
1780221362.4332652,27.22
1780221362.438504,27.219
1780221362.443904,27.219
1780221362.449367,27.219
1780221362.4547136,27.219
1780221362.460167,27.22
1780221362.4654987,27.218
1780221362.4708986,27.219
1780221362.4763188,27.219
1780221362.4820464,27.219
1780221362.4883687,27.218
1780221362.4940536,27.216
1780221362.4995742,27.215
1780221362.5051932,27.216
1780221362.511211,27.216
1780221362.5173483,27.219
1780221362.5231261,27.219
1780221362.5285614,27.219
1780221362.5339818,27.219
1780221362.5400658,27.218
1780221362.5460968,27.218
1780221362.5514112,27.218
1780221362.556716,27.219
1780221362.5619557,27.219
1780221362.567623,27.219
1780221362.5729837,27.219
1780221362.5783334,27.218
1780221362.583876,27.218
1780221362.5895967,27.217
1780221362.5951273,27.217
1780221362.6006656,27.217
1780221362.6061766,27.217
1780221362.6120353,27.22
1780221362.6173885,27.22
1780221362.622815,27.22
1780221362.628909,27.219
1780221362.6348672,27.219
1780221362.6402495,27.219
1780221362.6456707,27.219
1780221362.651052,27.218
1780221362.65645,27.219
1780221362.661809,27.219
1780221362.6671922,27.219
1780221362.6726234,27.218
1780221362.6780164,27.218
1780221362.6841037,27.217
1780221362.6900687,27.217
1780221362.6954665,27.218
1780221362.7008383,27.217
1780221362.7065444,27.219
1780221362.7128108,27.218
1780221362.7185776,27.217
1780221362.7242968,27.215
1780221362.7299607,27.214
1780221362.7358828,27.214
1780221362.741648,27.215
1780221362.7470582,27.216
1780221362.7523742,27.218
1780221362.757664,27.218
1780221362.7635336,27.217
1780221362.76954,27.217
1780221362.775498,27.217
1780221362.7807665,27.216
1780221362.7860985,27.216
1780221362.7915208,27.217
1780221362.7968943,27.216
1780221362.8029034,27.217
1780221362.8086174,27.215
1780221362.814402,27.214
1780221362.820105,27.211
1780221362.8258555,27.209
1780221362.8317356,27.21
1780221362.8371356,27.211
1780221362.842533,27.213
1780221362.8481984,27.214
1780221362.8540041,27.214
1780221362.859266,27.213
1780221362.8646648,27.212
1780221362.8701017,27.212
1780221362.8755686,27.212
1780221362.8809922,27.212
1780221362.886338,27.213
1780221362.891684,27.212
1780221362.8969855,27.211
1780221362.9027205,27.211
1780221362.9082723,27.211
1780221362.9146657,27.21
1780221362.9206262,27.209
1780221362.9259784,27.209
1780221362.9313567,27.21
1780221362.9374835,27.21
1780221362.9435258,27.213
1780221362.9488935,27.213
1780221362.9545877,27.211
1780221362.9603074,27.21
1780221362.966223,27.21
1780221362.971593,27.209
1780221362.9769616,27.21
1780221362.9824014,27.208
1780221362.9880273,27.211
1780221362.994081,27.214
1780221362.999957,27.214
1780221363.0058665,27.214
1780221363.0111825,27.213
1780221363.0165966,27.212
1780221363.0220268,27.213
1780221363.0273857,27.214
1780221363.032798,27.212
1780221363.0381641,27.214
1780221363.04355,27.213
1780221363.048992,27.213
1780221363.0547776,27.212
1780221363.060713,27.211
1780221363.0665202,27.211
1780221363.0718305,27.212
1780221363.077239,27.21
1780221363.0825465,27.213
1780221363.0883179,27.213
1780221363.0946293,27.212
1780221363.1002977,27.211
1780221363.1058888,27.21
1780221363.1112885,27.209
1780221363.116862,27.21
1780221363.1222057,27.211
1780221363.1276045,27.213
1780221363.1329901,27.215
1780221363.1385546,27.214
1780221363.1442766,27.212
1780221363.1500738,27.211
1780221363.155984,27.21
1780221363.1612453,27.21
1780221363.1666045,27.211
1780221363.1720698,27.21
1780221363.1775804,27.212
1780221363.1835933,27.212
1780221363.18952,27.212
1780221363.1948986,27.211
1780221363.2002423,27.211
1780221363.2056322,27.211
1780221363.2110863,27.212
1780221363.216443,27.213
1780221363.2218523,27.211
1780221363.2272708,27.212
1780221363.2327063,27.212
1780221363.238086,27.212
1780221363.2434814,27.211
1780221363.2488627,27.211
1780221363.2542856,27.211
1780221363.2597375,27.211
1780221363.265078,27.21
1780221363.2711673,27.21
1780221363.277257,27.211
1780221363.2828379,27.21
1780221363.2885804,27.208
1780221363.294161,27.206
1780221363.3000298,27.206
1780221363.3053148,27.207
1780221363.3106985,27.208
1780221363.3161447,27.208
1780221363.3215342,27.209
1780221363.3275936,27.208
1780221363.3336604,27.208
1780221363.338944,27.207
1780221363.3443832,27.207
1780221363.3497908,27.207
1780221363.355145,27.207
1780221363.3605583,27.205
1780221363.3659546,27.209
1780221363.3714051,27.209
1780221363.37701,27.208
1780221363.3829176,27.208
1780221363.3881538,27.207
1780221363.3935573,27.207
1780221363.3990114,27.207
1780221363.4043589,27.208
1780221363.4105139,27.207
1780221363.416584,27.21
1780221363.4223568,27.21
1780221363.4277625,27.209
1780221363.4331741,27.209
1780221363.4392846,27.208
1780221363.4452584,27.209
1780221363.4506245,27.21
1780221363.455976,27.211
1780221363.461683,27.212
1780221363.467506,27.212
1780221363.4727478,27.212
1780221363.4783056,27.211
1780221363.484115,27.21
1780221363.4896393,27.209
1780221363.4950905,27.209
1780221363.500384,27.21
1780221363.5058289,27.209
1780221363.5114727,27.21
1780221363.517375,27.21
1780221363.5226145,27.209
1780221363.5279906,27.209
1780221363.5334241,27.209
1780221363.5388405,27.209
1780221363.5442731,27.21
1780221363.5495923,27.207
1780221363.5548959,27.208
1780221363.5605407,27.208
1780221363.5664456,27.208
1780221363.5721223,27.207
1780221363.5776985,27.205
1780221363.5831249,27.205
1780221363.5886838,27.206
1780221363.5940006,27.207
1780221363.599265,27.209
1780221363.6048286,27.211
1780221363.610264,27.21
1780221363.6156788,27.21
1780221363.6213832,27.21
1780221363.6276627,27.209
1780221363.6331809,27.209
1780221363.6386445,27.21
1780221363.6440294,27.21
1780221363.6496208,27.212
1780221363.6556768,27.215
1780221363.661533,27.214
1780221363.6674893,27.214
1780221363.6730084,27.214
1780221363.6785333,27.212
1780221363.6841416,27.213
1780221363.689539,27.211
1780221363.694844,27.216
1780221363.700181,27.215
1780221363.7057953,27.214
1780221363.7118149,27.214
1780221363.7171664,27.213
1780221363.7225456,27.213
1780221363.7279677,27.213
1780221363.7333117,27.214
1780221363.7387328,27.214
1780221363.744207,27.217
1780221363.749563,27.217
1780221363.7551775,27.216
1780221363.7611039,27.216
1780221363.7663326,27.216
1780221363.7717426,27.215
1780221363.777193,27.216
1780221363.782521,27.217
1780221363.7879357,27.216
1780221363.793313,27.217
1780221363.7987127,27.217
1780221363.8041575,27.217
1780221363.8099,27.216
1780221363.816171,27.215
1780221363.8216832,27.215
1780221363.8271208,27.216
1780221363.8324106,27.217
1780221363.837897,27.219
1780221363.8439443,27.219
1780221363.8498223,27.219
1780221363.8551776,27.218
1780221363.8606045,27.218
1780221363.8660274,27.217
1780221363.8714657,27.218
1780221363.876801,27.217
1780221363.8821995,27.218
1780221363.8876271,27.218
1780221363.8929894,27.217
1780221363.8987582,27.217
1780221363.905199,27.216
1780221363.911085,27.216
1780221363.9164186,27.216
1780221363.9218013,27.217
1780221363.927565,27.215
1780221363.9339147,27.216
1780221363.9398963,27.216
1780221363.9452634,27.215
1780221363.9506364,27.215
1780221363.9567213,27.214
1780221363.962699,27.214
1780221363.9680693,27.215
1780221363.9734418,27.214
1780221363.9791179,27.216
1780221363.9855576,27.215
1780221363.9914978,27.215
1780221363.9968374,27.214
1780221364.00226,27.214
1780221364.0077028,27.214
1780221364.0130243,27.215
1780221364.0184639,27.213
1780221364.0238967,27.214
1780221364.0293107,27.213
1780221364.0346885,27.213
1780221364.0408201,27.212
1780221364.0467439,27.212
1780221364.0521142,27.211
1780221364.0575066,27.212
1780221364.062927,27.213
1780221364.0683837,27.211
1780221364.074442,27.215
1780221364.079678,27.214
1780221364.085026,27.214
1780221364.0905857,27.214
1780221364.0963523,27.212
1780221364.101852,27.211
1780221364.107381,27.212
1780221364.1127012,27.213
1780221364.1183946,27.212
1780221364.1239274,27.211
1780221364.1295736,27.211
1780221364.1349251,27.211
1780221364.1402795,27.21
1780221364.1457226,27.21
1780221364.1511395,27.21
1780221364.1565654,27.211
1780221364.1618962,27.208
1780221364.1672995,27.21
1780221364.1727064,27.209
1780221364.1781468,27.209
1780221364.1838052,27.208
1780221364.1897,27.208
1780221364.194933,27.208
1780221364.2002974,27.208
1780221364.2057397,27.209
1780221364.2111998,27.207
1780221364.2175786,27.21
1780221364.223127,27.208
1780221364.2289224,27.207
1780221364.2346213,27.205
1780221364.240174,27.203
1780221364.2460227,27.203
1780221364.2513614,27.205
1780221364.256837,27.208
1780221364.2622101,27.21
1780221364.2675781,27.21
1780221364.2729902,27.21
1780221364.2783296,27.209
1780221364.283894,27.209
1780221364.2895827,27.207
1780221364.295093,27.207
1780221364.3004034,27.207
1780221364.3059962,27.205
1780221364.3114266,27.204
1780221364.3168116,27.204
1780221364.3225088,27.203
1780221364.328773,27.202
1780221364.3344982,27.201
1780221364.3399327,27.201
1780221364.3456354,27.202
1780221364.3510149,27.202
1780221364.356335,27.204
1780221364.3616312,27.204
1780221364.3674061,27.203
1780221364.3732927,27.203
1780221364.378663,27.202
1780221364.3840199,27.202
1780221364.389494,27.202
1780221364.3948214,27.203
1780221364.4002514,27.202
1780221364.405592,27.203
1780221364.4109113,27.203
1780221364.4167924,27.202
1780221364.422693,27.201
1780221364.4284258,27.201
1780221364.4338186,27.201
1780221364.43919,27.201
1780221364.4444363,27.198
1780221364.4503994,27.202
1780221364.4564643,27.205
1780221364.4623554,27.204
1780221364.4682152,27.204
1780221364.4734704,27.204
1780221364.4788847,27.203
1780221364.484319,27.204
1780221364.4896786,27.205
1780221364.4957614,27.203
1780221364.5019016,27.206
1780221364.5076613,27.206
1780221364.5130992,27.205
1780221364.5185246,27.205
1780221364.5246105,27.204
1780221364.5305488,27.205
1780221364.5359302,27.205
1780221364.5413022,27.205
1780221364.5467508,27.207
1780221364.5524013,27.206
1780221364.5582647,27.206
1780221364.5635118,27.206
1780221364.5689235,27.205
1780221364.5743742,27.205
1780221364.5798705,27.205
1780221364.585178,27.206
1780221364.5905974,27.205
1780221364.5959358,27.204
1780221364.6013458,27.204
1780221364.607035,27.203
1780221364.613372,27.203
1780221364.6188784,27.201
1780221364.6243646,27.2
1780221364.6301506,27.201
1780221364.6355405,27.203
1780221364.641079,27.205
1780221364.6464076,27.205
1780221364.6518006,27.205
1780221364.6575184,27.204
1780221364.6632066,27.202
1780221364.6686296,27.2
1780221364.6740277,27.201
1780221364.6793635,27.201
1780221364.6848078,27.203
1780221364.6904225,27.204
1780221364.696361,27.204
1780221364.7018535,27.203
1780221364.7075503,27.201
1780221364.713204,27.2
1780221364.719069,27.2
1780221364.724386,27.201
1780221364.7297454,27.201
1780221364.7352,27.205
1780221364.7406256,27.205
1780221364.746295,27.205
1780221364.7520714,27.203
1780221364.7576742,27.201
1780221364.7630699,27.2
1780221364.7684848,27.2
1780221364.7742023,27.201
1780221364.779603,27.204
1780221364.7849624,27.205
1780221364.790367,27.205
1780221364.7958868,27.204
1780221364.801818,27.204
1780221364.8075733,27.203
1780221364.813105,27.203
1780221364.8186128,27.204
1780221364.824041,27.205
1780221364.8296757,27.207
1780221364.8356972,27.209
1780221364.8416905,27.208
1780221364.847639,27.208
1780221364.8531587,27.207
1780221364.858904,27.207
1780221364.8642974,27.207
1780221364.869685,27.208
1780221364.8751698,27.208
1780221364.880516,27.208
1780221364.8861175,27.208
1780221364.8920283,27.208
1780221364.897267,27.207
1780221364.9026794,27.207
1780221364.9081283,27.207
1780221364.9134839,27.208
1780221364.91892,27.206
1780221364.924289,27.21
1780221364.9297256,27.209
1780221364.9351082,27.209
1780221364.9404933,27.209
1780221364.9461706,27.208
1780221364.9520826,27.208
1780221364.9573545,27.208
1780221364.9627097,27.209
1780221364.9681172,27.209
1780221364.9734952,27.21
1780221364.9795525,27.209
1780221364.9857705,27.208
1780221364.991646,27.208
1780221364.9969141,27.208
1780221365.0023527,27.208
1780221365.0077717,27.209
1780221365.0133615,27.207
1780221365.0192003,27.211
1780221365.0245337,27.211
1780221365.0299366,27.211
1780221365.0360532,27.21
1780221365.041985,27.21
1780221365.0473719,27.21
1780221365.052736,27.21
1780221365.0582016,27.211
1780221365.063548,27.21
1780221365.0689404,27.209
1780221365.0742984,27.209
1780221365.0795195,27.208
1780221365.0851655,27.208
1780221365.090896,27.207
1780221365.0966997,27.207
1780221365.1020095,27.208
1780221365.1073802,27.205
1780221365.1128304,27.209
1780221365.1189103,27.208
1780221365.1248362,27.208
1780221365.1302145,27.208
1780221365.1355948,27.207
1780221365.1417024,27.206
1780221365.147644,27.207
1780221365.153023,27.208
1780221365.1583738,27.208
1780221365.1640737,27.209
1780221365.169901,27.209
1780221365.175161,27.209
1780221365.180708,27.208
1780221365.1864178,27.206
1780221365.1918833,27.205
1780221365.1975236,27.206
1780221365.202821,27.203
1780221365.2082074,27.206
1780221365.2135446,27.206
1780221365.2191463,27.206
1780221365.2249432,27.204
1780221365.2306552,27.203
1780221365.2365708,27.203
1780221365.2418303,27.203
1780221365.247198,27.204
1780221365.25267,27.205
1780221365.2583034,27.207
1780221365.2642124,27.206
1780221365.2694466,27.206
1780221365.2748058,27.206
1780221365.2802489,27.205
1780221365.285656,27.205
1780221365.291108,27.206
1780221365.2964487,27.204
1780221365.3018384,27.205
1780221365.3072512,27.205
1780221365.312721,27.204
1780221365.3183632,27.204
1780221365.3242345,27.204
1780221365.3294744,27.203
1780221365.334884,27.204
1780221365.3403492,27.204
1780221365.3456523,27.202
1780221365.351714,27.204
1780221365.3576653,27.202
1780221365.363716,27.201
1780221365.3693676,27.2
1780221365.3749843,27.198
1780221365.3804934,27.197
1780221365.3859832,27.198
1780221365.3912697,27.199
1780221365.3966682,27.202
1780221365.4020724,27.203
1780221365.4074771,27.203
1780221365.4128551,27.203
1780221365.4180315,27.202
1780221365.4240608,27.202
1780221365.429987,27.203
1780221365.4356985,27.203
1780221365.4411259,27.204
1780221365.4464781,27.205
1780221365.4516869,27.205
1780221365.457331,27.205
1780221365.4626868,27.204
1780221365.4680958,27.204
1780221365.4734988,27.203
1780221365.479015,27.204
1780221365.484346,27.205
1780221365.4900172,27.202
1780221365.4960787,27.205
1780221365.5020125,27.205
1780221365.5079422,27.205
1780221365.513482,27.204
1780221365.5192435,27.202
1780221365.524705,27.202
1780221365.5305398,27.203
1780221365.5359323,27.205
1780221365.5413628,27.206
1780221365.5470917,27.206
1780221365.5529046,27.205
1780221365.5581458,27.205
1780221365.5635407,27.205
1780221365.5689747,27.204
1780221365.574462,27.205
1780221365.5797808,27.205
1780221365.5851989,27.203
1780221365.5905726,27.204
1780221365.5959952,27.203
1780221365.6014576,27.203
1780221365.6071415,27.202
1780221365.6134093,27.202
1780221365.6189318,27.201
1780221365.6243565,27.202
1780221365.6297,27.202
1780221365.6352866,27.207
1780221365.641132,27.211
1780221365.6464279,27.211
1780221365.651827,27.211
1780221365.6572506,27.21
1780221365.6626072,27.21
1780221365.668037,27.211
1780221365.6734111,27.212
1780221365.6787987,27.211
1780221365.6842318,27.212
1780221365.6896968,27.212
1780221365.6952965,27.211
1780221365.7012165,27.211
1780221365.7067416,27.21
1780221365.7122548,27.21
1780221365.7178888,27.21
1780221365.7232642,27.204
1780221365.7287102,27.204
1780221365.7340515,27.212
1780221365.7394946,27.221
1780221365.7451847,27.232
1780221365.7510355,27.243
1780221365.7565331,28.0
1780221365.76246,28.008
1780221365.7676795,28.019
1780221365.7730336,28.028
1780221365.7785728,28.04
1780221365.7843091,28.051
1780221365.790053,28.061
1780221365.795937,28.07
1780221365.8013058,28.08
1780221365.8067052,28.089
1780221365.8127882,28.101
1780221365.8187802,28.109
1780221365.8241465,28.12
1780221365.8294947,28.132
1780221365.8349237,28.158
1780221365.840249,28.162
1780221365.8454843,28.164
1780221365.8511498,28.165
1780221365.856579,28.164
1780221365.8622038,28.163
1780221365.868093,28.163
1780221365.873332,28.161
1780221365.8786957,28.161
1780221365.8841393,28.16
1780221365.8895168,28.158
1780221365.8956647,28.158
1780221365.9016387,28.157
1780221365.906993,28.156
1780221365.9123676,28.155
1780221365.9184608,28.153
1780221365.9244454,28.152
1780221365.9297974,28.152
1780221365.9350848,28.15
1780221365.9406672,28.151
1780221365.946404,28.15
1780221365.9519267,28.148
1780221365.9577518,28.146
1780221365.963431,28.143
1780221365.9688287,28.141
1780221365.9742436,28.14
1780221365.9795613,28.141
1780221365.9852872,28.143
1780221365.991569,28.143
1780221365.9976716,28.14
1780221366.0036597,28.14
1780221366.0090394,28.139
1780221366.0144277,28.138
1780221366.0198503,28.137
1780221366.0251987,28.137
1780221366.0306165,28.136
1780221366.0361292,28.137
1780221366.0414824,28.136
1780221366.0470877,28.135
1780221366.052997,28.135
1780221366.0584974,28.133
1780221366.0639935,28.131
1780221366.0696368,28.131
1780221366.07503,28.129
1780221366.0804853,28.13
1780221366.0858693,28.129
1780221366.0912497,28.128
1780221366.096964,28.126
1780221366.1034017,28.124
1780221366.1093044,28.123
1780221366.114678,28.123
1780221366.1200407,28.123
1780221366.1255078,28.122
1780221366.1310914,28.123
1780221366.1370173,28.122
1780221366.1422582,28.121
1780221366.14765,28.12
1780221366.1531193,28.118
1780221366.1584468,28.117
1780221366.1638937,28.117
1780221366.1692302,28.115
1780221366.174642,28.114
1780221366.1803174,28.111
1780221366.186205,28.111
1780221366.1914907,28.11
1780221366.1968808,28.109
1780221366.2023537,28.108
1780221366.207703,28.107
1780221366.2131367,28.107
1780221366.2184658,28.105
1780221366.2238996,28.106
1780221366.2293124,28.105
1780221366.2350013,28.104
1780221366.241301,28.103
1780221366.2468078,28.101
1780221366.2522235,28.1
1780221366.2580793,28.1
1780221366.2634754,28.099
1780221366.2688897,28.103
1780221366.2746143,28.103
1780221366.2804425,28.102
1780221366.2857049,28.101
1780221366.2910924,28.1
1780221366.2965455,28.099
1780221366.3019814,28.099
1780221366.3073466,28.099
1780221366.3127563,28.097
1780221366.3181164,28.098
1780221366.3234031,28.096
1780221366.3292847,28.095
1780221366.3352025,28.094
1780221366.3412068,28.092
1780221366.347109,28.092
1780221366.35236,28.092
1780221366.357705,28.09
1780221366.363173,28.092
1780221366.3687427,28.09
1780221366.374634,28.089
1780221366.379969,28.088
1780221366.3853807,28.087
1780221366.391494,28.086
1780221366.3974502,28.086
1780221366.4028244,28.087
1780221366.4082127,28.085
1780221366.413637,28.086
1780221366.4192474,28.084
1780221366.4251683,28.084
1780221366.4304094,28.083
1780221366.43581,28.082
1780221366.4412444,28.081
1780221366.446591,28.081
1780221366.4520133,28.077
1780221366.4574382,28.082
1780221366.4628034,28.084
1780221366.4682324,28.086
1780221366.4739244,28.087
1780221366.4802253,28.088
1780221366.4857438,28.089
1780221366.4911392,28.09
1780221366.4964862,28.093
1780221366.5018268,28.094
1780221366.5075083,28.093
1780221366.5133266,28.092
1780221366.5186107,28.092
1780221366.524,28.09
1780221366.5294547,28.09
1780221366.534899,28.089
1780221366.5402298,28.089
1780221366.5456583,28.085
1780221366.5510955,28.089
1780221366.5564504,28.088
1780221366.5618446,28.087
1780221366.5672715,28.086
1780221366.5726156,28.085
1780221366.578116,28.084
1780221366.5836518,28.083
1780221366.5894942,28.083
1780221366.5948699,28.081
1780221366.6002727,28.082
1780221366.6056929,28.081
1780221366.6113675,28.08
1780221366.6172178,28.079
1780221366.6224916,28.078
1780221366.627873,28.077
1780221366.633343,28.077
1780221366.6386857,28.078
1780221366.6447582,28.076
1780221366.650671,28.077
1780221366.6567698,28.076
1780221366.6624274,28.074
1780221366.6680543,28.071
1780221366.67358,28.069
1780221366.6790435,28.069
1780221366.684339,28.07
1780221366.689753,28.072
1780221366.6951373,28.073
1780221366.700569,28.073
1780221366.706196,28.072
1780221366.7121193,28.071
1780221366.7176359,28.07
1780221366.7231412,28.069
1780221366.7287848,28.069
1780221366.7341795,28.068
1780221366.739488,28.071
1780221366.7447448,28.07
1780221366.75033,28.07
1780221366.7555113,28.069
1780221366.7611032,28.069
1780221366.7662854,28.068
1780221366.7719133,28.068
1780221366.7771606,28.069
1780221366.782743,28.067
1780221366.7885435,28.068
1780221366.7948797,28.066
1780221366.8008642,28.066
1780221366.8062196,28.065
1780221366.81159,28.064
1780221366.8170238,28.064
1780221366.8223674,28.064
1780221366.8277917,28.061
1780221366.833242,28.064
1780221366.8386428,28.062
1780221366.8440027,28.062
1780221366.8501177,28.061
1780221366.8560476,28.06
1780221366.8614037,28.059
1780221366.8668025,28.059
1780221366.8722544,28.06
1780221366.8775997,28.057
1780221366.8830254,28.058
1780221366.8883848,28.057
1780221366.893811,28.057
1780221366.8992224,28.056
1780221366.904951,28.055
1780221366.9107597,28.054
1780221366.9160714,28.054
1780221366.921442,28.05
1780221366.9269059,28.054
1780221366.9329674,28.052
1780221366.9389062,28.052
1780221366.9442718,28.051
1780221366.9496663,28.05
1780221366.9557505,28.049
1780221366.961723,28.049
1780221366.9670885,28.05
1780221366.9725995,28.049
1780221366.9779627,28.048
1780221366.9836113,28.047
1780221366.9895353,28.046
1780221366.9954963,28.045
1780221367.001392,28.045
1780221367.006667,28.044
1780221367.0120502,28.045
1780221367.0174778,28.044
1780221367.0232263,28.045
1780221367.0291543,28.045
1780221367.0351076,28.044
1780221367.04102,28.044
1780221367.0462837,28.043
1780221367.051712,28.042
1780221367.0571382,28.043
1780221367.0624485,28.042
1780221367.067691,28.041
1780221367.0732918,28.041
1780221367.078736,28.04
1780221367.0841095,28.039
1780221367.0896008,28.039
1780221367.0951905,28.038
1780221367.100972,28.038
1780221367.106332,28.038
1780221367.1116757,28.036
1780221367.1168747,28.036
1780221367.1225078,28.035
1780221367.1282544,28.035
1780221367.1345313,28.034
1780221367.140203,28.032
1780221367.1456401,28.031
1780221367.1513531,28.032
1780221367.1567497,28.03
1780221367.1620467,28.034
1780221367.167392,28.033
1780221367.173256,28.032
1780221367.179177,28.032
1780221367.1844087,28.031
1780221367.1897385,28.03
1780221367.1951642,28.03
1780221367.2005296,28.031
1780221367.206037,28.029
1780221367.2114341,28.03
1780221367.2167544,28.029
1780221367.222166,28.029
1780221367.2276368,28.028
1780221367.233243,28.027
1780221367.2391384,28.027
1780221367.2443798,28.027
1780221367.2497306,28.027
1780221367.254974,28.026
1780221367.2606254,28.028
1780221367.266669,28.027
1780221367.2726316,28.026
1780221367.2780333,28.025
1780221367.2834141,28.025
1780221367.2888546,28.025
1780221367.2942088,28.025
1780221367.299614,28.023
1780221367.3050458,28.025
1780221367.31042,28.024
1780221367.3157651,28.024
1780221367.3209686,28.023
1780221367.326567,28.022
1780221367.332126,28.021
1780221367.3376482,28.021
1780221367.3433912,28.021
1780221367.3488128,28.021
1780221367.3542054,28.022
1780221367.359633,28.021
1780221367.3650193,28.02
1780221367.3711054,28.019
1780221367.3771749,28.019
1780221367.3824608,28.019
1780221367.387848,28.019
1780221367.3932521,28.017
1780221367.3986125,28.021
1780221367.4040039,28.02
1780221367.4094646,28.02
1780221367.414918,28.019
1780221367.4202304,28.019
1780221367.4263005,28.017
1780221367.4323745,28.018
1780221367.437725,28.019
1780221367.4430509,28.018
1780221367.4484563,28.019
1780221367.453846,28.018
1780221367.4592214,28.018
1780221367.464724,28.017
1780221367.4701035,28.016
1780221367.4754598,28.016
1780221367.4808903,28.016
1780221367.4862485,28.016
1780221367.491431,28.014
1780221367.497089,28.014
1780221367.5024729,28.013
1780221367.507855,28.013
1780221367.5133874,28.012
1780221367.5191002,28.011
1780221367.524645,28.01
1780221367.5301976,28.011
1780221367.5354733,28.008
1780221367.5406637,28.008
1780221367.5462818,28.008
1780221367.5516777,28.007
1780221367.5571263,28.007
1780221367.562537,28.006
1780221367.5679238,28.006
1780221367.5733485,28.006
1780221367.5787098,28.006
1780221367.5840998,28.006
1780221367.5894637,28.007
1780221367.5947692,28.006
1780221367.600516,28.005
1780221367.605752,28.005
1780221367.6111276,28.004
1780221367.6165116,28.004
1780221367.6219506,28.004
1780221367.627375,28.003
1780221367.6327364,28.003
1780221367.6379163,28.003
1780221367.6435578,28.002
1780221367.6489444,28.002
1780221367.654385,28.001
1780221367.6605089,28.0
1780221367.6664772,28.0
1780221367.6718245,28.001
1780221367.677147,28.001
1780221367.6823354,28.001
1780221367.6882267,28.0
1780221367.6941435,28.0
1780221367.6994102,27.255
1780221367.7047431,27.254
1780221367.7099478,27.254
1780221367.7156513,27.254
1780221367.7210245,27.255
1780221367.7263987,27.253
1780221367.7317636,27.252
1780221367.7371678,27.252
1780221367.7424107,27.251
1780221367.748005,27.251
1780221367.7534208,27.25
1780221367.7587829,27.25
1780221367.764213,27.25
1780221367.769584,27.248
1780221367.7747395,27.249
1780221367.7804112,27.249
1780221367.7857895,27.248
1780221367.7912123,27.248
1780221367.7966108,27.247
1780221367.8022933,27.247
1780221367.8081987,27.247
1780221367.8134527,27.248
1780221367.8188305,27.247
1780221367.8240135,27.247
1780221367.8296554,27.247
1780221367.8350706,27.247
1780221367.840435,27.246
1780221367.8458211,27.245
1780221367.8512132,27.245
1780221367.8566716,27.246
1780221367.862036,27.246
1780221367.8674278,27.245
1780221367.8728254,27.246
1780221367.8783963,27.245
1780221367.884208,27.243
1780221367.889956,27.242
1780221367.895881,27.242
1780221367.9010916,27.242
1780221367.9064615,27.242
1780221367.9118469,27.242
1780221367.9173765,27.244
1780221367.9226964,27.244
1780221367.9280875,27.243
1780221367.9334767,27.243
1780221367.9388578,27.242
1780221367.944103,27.241
1780221367.9497247,27.242
1780221367.9551344,27.243
1780221367.9604752,27.241
1780221367.9656668,27.24
1780221367.971341,27.24
1780221367.9767425,27.239
1780221367.9823778,27.239
1780221367.9882975,27.239
1780221367.993545,27.238
1780221367.9989269,27.239
1780221368.004353,27.236
1780221368.009799,27.239
1780221368.015125,27.239
1780221368.020541,27.239
1780221368.025903,27.238
1780221368.0312905,27.238
1780221368.036521,27.237
1780221368.0421166,27.237
1780221368.0475228,27.238
1780221368.0529022,27.236
1780221368.058082,27.237
1780221368.0637374,27.236
1780221368.069132,27.236
1780221368.0748062,27.235
1780221368.0807462,27.235
1780221368.0859778,27.234
1780221368.0914571,27.235
1780221368.0968058,27.236
1780221368.1021717,27.235
1780221368.1075394,27.234
1780221368.112951,27.233
1780221368.118516,27.233
1780221368.124223,27.232
1780221368.1299934,27.23
1780221368.1359038,27.23
1780221368.1412106,27.231
1780221368.1465642,27.23
1780221368.151749,27.232
1780221368.157365,27.232
1780221368.1626048,27.231
1780221368.1682186,27.231
1780221368.1736162,27.23
1780221368.1790373,27.23
1780221368.1844893,27.23
1780221368.1898358,27.23
1780221368.195241,27.229
1780221368.2006037,27.23
1780221368.2060337,27.23
1780221368.211457,27.229
1780221368.217494,27.229
1780221368.2231414,27.228
1780221368.2285583,27.227
1780221368.234271,27.228
1780221368.2396576,27.226
1780221368.2449875,27.229
1780221368.2501936,27.228
1780221368.255855,27.228
1780221368.2612786,27.228
1780221368.2666256,27.228
1780221368.2720263,27.227
1780221368.2774384,27.228
1780221368.2826288,27.229
1780221368.2882068,27.227
1780221368.2933896,27.227
1780221368.2990384,27.227
1780221368.3044312,27.227
1780221368.30988,27.227
1780221368.3153017,27.226
1780221368.3207166,27.226
1780221368.3261778,27.226
1780221368.3314912,27.227
1780221368.3369071,27.226
1780221368.3422492,27.227
1780221368.3476124,27.227
1780221368.3533144,27.225
1780221368.3592076,27.225
1780221368.3645039,27.225
1780221368.369905,27.224
1780221368.3753493,27.225
1780221368.3806777,27.224
1780221368.3858368,27.224
1780221368.3915284,27.225
1780221368.3969507,27.224
1780221368.4022965,27.224
1780221368.4077268,27.224
1780221368.4133992,27.223
1780221368.419324,27.223
1780221368.4245694,27.224
1780221368.4298837,27.224
1780221368.435063,27.224
1780221368.4409971,27.224
1780221368.4469094,27.224
1780221368.4521523,27.223
1780221368.4575322,27.222
1780221368.4629161,27.222
1780221368.4684145,27.222
1780221368.4737787,27.223
1780221368.4791415,27.221
1780221368.4843225,27.22
1780221368.4899707,27.22
1780221368.4953897,27.22
1780221368.501057,27.219
1780221368.5069575,27.219
1780221368.5121737,27.219
1780221368.517543,27.219
1780221368.5229306,27.217
1780221368.528654,27.221
1780221368.5346026,27.221
1780221368.5399194,27.221
1780221368.545634,27.22
1780221368.551373,27.218
1780221368.5572703,27.218
1780221368.5626435,27.219
1780221368.56797,27.22
1780221368.5731647,27.22
1780221368.5787675,27.221
1780221368.5842574,27.22
1780221368.5900536,27.22
1780221368.5957918,27.218
1780221368.6016917,27.218
1780221368.6070192,27.218
1780221368.6124134,27.219
1780221368.6178396,27.219
1780221368.6233313,27.221
1780221368.6286342,27.22
1780221368.634007,27.22
1780221368.6394606,27.22
1780221368.6448405,27.219
1780221368.6503098,27.218
1780221368.6559758,27.219
1780221368.661682,27.22
1780221368.6670547,27.218
1780221368.6724167,27.219
1780221368.6778584,27.218
1780221368.6832442,27.218
1780221368.6892943,27.217
1780221368.695394,27.217
1780221368.7006824,27.217
1780221368.7060416,27.218
1780221368.7114758,27.216
1780221368.7169483,27.218
1780221368.722264,27.218
1780221368.7277272,27.217
1780221368.7331433,27.217
1780221368.7384613,27.216
1780221368.7441485,27.216
1780221368.7496302,27.216
1780221368.755288,27.217
1780221368.7607062,27.217
1780221368.766057,27.218
1780221368.7712646,27.217
1780221368.776862,27.217
1780221368.7820673,27.216
1780221368.7876632,27.216
1780221368.7929082,27.216
1780221368.7986157,27.216
1780221368.8039358,27.215
1780221368.8093143,27.214
1780221368.81468,27.214
1780221368.8200905,27.214
1780221368.8255894,27.213
1780221368.8313065,27.212
1780221368.8371997,27.212
1780221368.8429224,27.212
1780221368.848338,27.213
1780221368.8536918,27.212
1780221368.8588717,27.213
1780221368.8645415,27.212
1780221368.8699675,27.212
1780221368.8755953,27.211
1780221368.881514,27.211
1780221368.8867555,27.211
1780221368.8922265,27.211
1780221368.8975852,27.212
1780221368.9029422,27.21
1780221368.9081225,27.21
1780221368.9137099,27.209
1780221368.9191892,27.209
1780221368.924946,27.208
1780221368.930838,27.207
1780221368.936584,27.207
1780221368.941972,27.208
1780221368.9473398,27.207
1780221368.9525242,27.209
1780221368.9582286,27.209
1780221368.9636052,27.208
1780221368.969243,27.208
1780221368.9751873,27.207
1780221368.9804692,27.207
1780221368.985904,27.208
1780221368.9912622,27.208
1780221368.9965956,27.207
1780221369.001963,27.207
1780221369.0073736,27.206
1780221369.0128548,27.206
1780221369.0185585,27.205
1780221369.0244882,27.204
1780221369.0302103,27.204
1780221369.0356019,27.205
1780221369.0409684,27.204
1780221369.0461512,27.206
1780221369.0517755,27.206
1780221369.0573614,27.205
1780221369.0630744,27.204
1780221369.0687904,27.203
1780221369.074695,27.203
1780221369.0800817,27.203
1780221369.085468,27.204
1780221369.0908592,27.203
1780221369.0962088,27.203
1780221369.1016169,27.203
1780221369.1073198,27.201
1780221369.1132379,27.201
1780221369.1184685,27.2
1780221369.1238468,27.2
1780221369.1292737,27.2
1780221369.1346242,27.198
1780221369.1397889,27.2
1780221369.1454253,27.201
1780221369.1506705,27.2
1780221369.156263,27.2
1780221369.161678,27.2
1780221369.1673648,27.199
1780221369.1732464,27.2
1780221369.1785004,27.201
1780221369.1838548,27.201
1780221369.1890361,27.201
1780221369.194705,27.201
1780221369.200123,27.201
1780221369.2054958,27.2
1780221369.2108867,27.2
1780221369.2162669,27.2
1780221369.2217042,27.2
1780221369.2270937,27.201
1780221369.2324936,27.2
1780221369.237875,27.201
1780221369.243078,27.2
1780221369.2486863,27.2
1780221369.2539344,27.199
1780221369.2595177,27.199
1780221369.2649133,27.199
1780221369.2703395,27.2
1780221369.2757468,27.198
1780221369.281208,27.201
1780221369.2865305,27.2
1780221369.2919402,27.2
1780221369.297313,27.2
1780221369.3027463,27.2
1780221369.3084674,27.199
1780221369.3142493,27.199
1780221369.3195465,27.2
1780221369.3249307,27.2
1780221369.3303504,27.202
1780221369.3360856,27.201
1780221369.34185,27.201
1780221369.3471532,27.201
1780221369.3525286,27.2
1780221369.3579662,27.2
1780221369.3633926,27.201
1780221369.3687298,27.202
1780221369.3739262,27.199
1780221369.3795817,27.2
1780221369.3850071,27.2
1780221369.390382,27.199
1780221369.3961391,27.199
1780221369.4024098,27.199
1780221369.4078994,27.199
1780221369.4132116,27.199
1780221369.418616,27.2
1780221369.4241042,27.202
1780221369.4294436,27.201
1780221369.4347646,27.201
1780221369.4403062,27.201
1780221369.4460747,27.199
1780221369.451643,27.198
1780221369.4571292,27.198
1780221369.4624696,27.199
1780221369.4678729,27.198
1780221369.4734833,27.199
1780221369.4794266,27.199
1780221369.4849246,27.199
1780221369.4905818,27.197
1780221369.4961693,27.195
1780221369.5021706,27.195
1780221369.5075045,27.196
1780221369.5128417,27.198
1780221369.5185378,27.198
1780221369.5246317,27.198
1780221369.5304003,27.197
1780221369.536104,27.196
1780221369.5418336,27.195
1780221369.5477269,27.195
1780221369.5530708,27.196
1780221369.558433,27.197
1780221369.5636592,27.199
1780221369.5695348,27.199
1780221369.5754611,27.199
1780221369.5806854,27.199
1780221369.5860798,27.199
1780221369.5915468,27.198
1780221369.5969143,27.199
1780221369.6023743,27.2
1780221369.6076658,27.198
1780221369.613065,27.198
1780221369.6185172,27.198
1780221369.62422,27.198
1780221369.6305184,27.197
1780221369.636183,27.196
1780221369.641615,27.195
1780221369.6473463,27.196
1780221369.652722,27.195
1780221369.6580794,27.199
1780221369.663599,27.198
1780221369.669306,27.197
1780221369.6750565,27.195
1780221369.6809702,27.195
1780221369.6863797,27.195
1780221369.6917381,27.195
1780221369.6971896,27.196
1780221369.7025316,27.195
1780221369.7079272,27.194
1780221369.713289,27.194
1780221369.718508,27.194
1780221369.724137,27.193
1780221369.7302089,27.193
1780221369.7357266,27.192
1780221369.7411706,27.193
1780221369.7469437,27.192
1780221369.7523181,27.195
1780221369.75772,27.195
1780221369.7630272,27.195
1780221369.7688649,27.194
1780221369.7747645,27.194
1780221369.780278,27.194
1780221369.7857907,27.194
1780221369.7913952,27.195
1780221369.7968009,27.196
1780221369.8021736,27.197
1780221369.8075576,27.196
1780221369.8129878,27.196
1780221369.8187253,27.196
1780221369.8250182,27.195
1780221369.8305588,27.195
1780221369.8360164,27.196
1780221369.8417795,27.195
1780221369.846962,27.198
1780221369.852705,27.2
1780221369.8580575,27.2
1780221369.863717,27.2
1780221369.869638,27.2
1780221369.8751435,27.199
1780221369.8806539,27.199
1780221369.8861992,27.2
1780221369.8916318,27.199
1780221369.8969643,27.198
1780221369.9024584,27.198
1780221369.9081743,27.197
1780221369.9140916,27.197
1780221369.920092,27.196
1780221369.9259815,27.197
1780221369.931255,27.197
1780221369.9366,27.197
1780221369.9417832,27.199
1780221369.9474125,27.199
1780221369.9526966,27.199
1780221369.9587958,27.198
1780221369.9645028,27.197
1780221369.9704282,27.197
1780221369.975674,27.197
1780221369.9810135,27.198
1780221369.986193,27.198
1780221369.9918206,27.199
1780221369.9970696,27.199
1780221370.0026832,27.199
1780221370.0081232,27.198
1780221370.0134718,27.198
1780221370.0188725,27.198
1780221370.024305,27.199
1780221370.0297039,27.196
1780221370.0351546,27.199
1780221370.0405006,27.199
1780221370.0459144,27.199
1780221370.0513303,27.198
1780221370.0566826,27.198
1780221370.0620646,27.198
1780221370.067538,27.198
1780221370.072968,27.199
1780221370.0783372,27.198
1780221370.0837421,27.2
1780221370.0891268,27.2
1780221370.0945156,27.2
1780221370.0999665,27.199
1780221370.1056662,27.199
1780221370.111524,27.198
1780221370.1167822,27.199
1780221370.1221378,27.201
1780221370.127519,27.2
1780221370.1327007,27.2
1780221370.1385856,27.199
1780221370.1444948,27.199
1780221370.1497562,27.199
1780221370.1551762,27.198
1780221370.1605706,27.198
1780221370.165921,27.199
1780221370.1711218,27.196
1780221370.176797,27.2
1780221370.1821644,27.199
1780221370.1875997,27.199
1780221370.192985,27.199
1780221370.1983383,27.198
1780221370.2038302,27.198
1780221370.2093577,27.198
1780221370.2151825,27.199
1780221370.2205734,27.197
1780221370.2259765,27.198
1780221370.2314682,27.198
1780221370.2367606,27.198
1780221370.2421615,27.198
1780221370.2475562,27.197
1780221370.2527616,27.197
1780221370.258467,27.198
1780221370.2638302,27.199
1780221370.2692072,27.197
1780221370.2745607,27.196
1780221370.280045,27.196
1780221370.2854574,27.196
1780221370.2907836,27.195
1780221370.2961736,27.195
1780221370.3015804,27.195
1780221370.3068304,27.196
1780221370.312374,27.194
1780221370.317539,27.195
1780221370.3232,27.195
1780221370.3286026,27.194
1780221370.3340135,27.194
1780221370.339416,27.193
1780221370.3448584,27.193
1780221370.3502696,27.193
1780221370.355623,27.194
1780221370.3610594,27.193
1780221370.3665287,27.195
1780221370.371901,27.195
1780221370.3772335,27.195
1780221370.3833628,27.194
1780221370.38931,27.194
1780221370.3946664,27.193
1780221370.40013,27.194
1780221370.4054945,27.194
1780221370.410888,27.194
1780221370.4162395,27.194
1780221370.4217088,27.193
1780221370.4270966,27.193
1780221370.4327428,27.192
1780221370.4386518,27.192
1780221370.443887,27.192
1780221370.4492826,27.193
1780221370.4547021,27.191
1780221370.4601824,27.193
1780221370.465502,27.193
1780221370.4708712,27.192
1780221370.4760706,27.192
1780221370.4816568,27.191
1780221370.4869049,27.191
1780221370.492509,27.191
1780221370.4979124,27.192
1780221370.5032701,27.191
1780221370.5084577,27.192
1780221370.5141363,27.192
1780221370.5195482,27.191
1780221370.5252013,27.191
1780221370.5310948,27.19
1780221370.5363326,27.19
1780221370.5417843,27.191
1780221370.547159,27.19
1780221370.5525577,27.19
1780221370.5579107,27.19
1780221370.563314,27.19
1780221370.5687094,27.19
1780221370.5741353,27.19
1780221370.5793192,27.189
1780221370.5849128,27.189
1780221370.590138,27.19
1780221370.5957367,27.188
1780221370.6008978,27.189
1780221370.606527,27.189
1780221370.6118264,27.189
1780221370.6175241,27.188
1780221370.622842,27.188
1780221370.628162,27.188
1780221370.633533,27.188
1780221370.6389694,27.189
1780221370.6444137,27.188
1780221370.6498783,27.19
1780221370.6551907,27.19
1780221370.6605687,27.189
1780221370.666022,27.189
1780221370.6713707,27.189
1780221370.6767683,27.189
1780221370.6822097,27.189
1780221370.6876254,27.19
1780221370.6929939,27.189
1780221370.6983552,27.188
1780221370.704057,27.188
1780221370.7099557,27.188
1780221370.715227,27.188
1780221370.7206016,27.187
1780221370.7260728,27.187
1780221370.731445,27.188
1780221370.7368486,27.185
1780221370.742297,27.188
1780221370.7476356,27.188
1780221370.753054,27.188
1780221370.758464,27.188
1780221370.7638164,27.187
1780221370.7692633,27.187
1780221370.7746143,27.187
1780221370.7800214,27.188
1780221370.7854056,27.186
1780221370.7905889,27.188
1780221370.7962196,27.188
1780221370.8016105,27.188
1780221370.8073869,27.187
1780221370.8132782,27.187
1780221370.8190455,27.187
1780221370.824436,27.188
1780221370.8298063,27.189
1780221370.8349998,27.189
1780221370.8406487,27.19
1780221370.8464277,27.19
1780221370.8521662,27.19
1780221370.8574526,27.189
1780221370.8628414,27.189
1780221370.8682387,27.189
1780221370.8734891,27.19
1780221370.879057,27.187
1780221370.8842058,27.188
1780221370.8898613,27.188
1780221370.8950675,27.188
1780221370.9006984,27.188
1780221370.9061315,27.187
1780221370.911778,27.187
1780221370.9176939,27.187
1780221370.9229817,27.188
1780221370.9282937,27.188
1780221370.9336786,27.188
1780221370.9393787,27.188
1780221370.9452589,27.188
1780221370.9505394,27.188
1780221370.9559085,27.187
1780221370.9613018,27.187
1780221370.966824,27.188
1780221370.972159,27.187
1780221370.977543,27.187
1780221370.9829004,27.187
1780221370.988344,27.187
1780221370.9937718,27.186
1780221370.9991412,27.186
1780221371.0045254,27.186
1780221371.0099273,27.186
1780221371.0153544,27.187
1780221371.0207376,27.184
1780221371.0259316,27.186
1780221371.0315342,27.186
1780221371.0368376,27.186
1780221371.0428145,27.185
1780221371.0485244,27.184
1780221371.054445,27.184
1780221371.0598261,27.184
1780221371.0651846,27.185
1780221371.0707178,27.186
1780221371.0762637,27.187
1780221371.0825264,27.188
1780221371.0882866,27.187
1780221371.0941985,27.187
1780221371.099426,27.187
1780221371.1047904,27.187
1780221371.110221,27.188
1780221371.1155908,27.186
1780221371.1209679,27.188
1780221371.1263692,27.188
1780221371.1318645,27.188
1780221371.1375952,27.187
1780221371.1435153,27.187
1780221371.1491952,27.186
1780221371.1546373,27.187
1780221371.159984,27.188
1780221371.1651902,27.187
1780221371.1707757,27.189
1780221371.176024,27.188
1780221371.1816194,27.188
1780221371.1870208,27.188
1780221371.1924214,27.188
1780221371.1978068,27.187
1780221371.2032013,27.188
1780221371.2084157,27.186
1780221371.2140884,27.189
1780221371.2194567,27.189
1780221371.2248824,27.189
1780221371.2302775,27.188
1780221371.2357101,27.188
1780221371.2414296,27.187
1780221371.246917,27.187
1780221371.252528,27.188
1780221371.257892,27.189
1780221371.2633674,27.191
1780221371.2686894,27.19
1780221371.2740512,27.19
1780221371.2795913,27.19
1780221371.2853005,27.189
1780221371.2908468,27.188
1780221371.296393,27.188
1780221371.3016984,27.189
1780221371.3071158,27.188
1780221371.3124905,27.189
1780221371.3186808,27.188
1780221371.3246515,27.188
1780221371.3299603,27.188
1780221371.3353124,27.187
1780221371.3407338,27.187
1780221371.3461168,27.188
1780221371.3515303,27.186
1780221371.3569093,27.189
1780221371.3622963,27.189
1780221371.3677192,27.189
1780221371.373472,27.189
1780221371.37924,27.188
1780221371.3845115,27.188
1780221371.3898985,27.189
1780221371.3953483,27.189
1780221371.4007578,27.189
1780221371.406102,27.189
1780221371.4115696,27.188
1780221371.4169223,27.188
1780221371.422361,27.188
1780221371.42773,27.188
1780221371.433128,27.187
1780221371.4386127,27.188
1780221371.4439645,27.188
1780221371.4493563,27.187
1780221371.4547267,27.187
1780221371.4604542,27.187
1780221371.4663706,27.187
1780221371.4716053,27.186
1780221371.477011,27.186
1780221371.4824262,27.186
1780221371.4877908,27.187
1780221371.4931953,27.185
1780221371.4985435,27.187
1780221371.5037541,27.187
1780221371.5094,27.186
1780221371.5148125,27.186
1780221371.520174,27.186
1780221371.5258534,27.186
1780221371.5313532,27.186
1780221371.537027,27.187
1780221371.542447,27.187
1780221371.5477955,27.189
1780221371.5532231,27.188
1780221371.5586128,27.188
1780221371.564757,27.188
1780221371.5706851,27.188
1780221371.5760264,27.188
1780221371.5814548,27.188
1780221371.5868404,27.187
1780221371.59222,27.19
1780221371.597607,27.19
1780221371.603044,27.19
1780221371.6084323,27.19
1780221371.613822,27.19
1780221371.619213,27.189
1780221371.6246126,27.19
1780221371.6298604,27.191
1780221371.6354282,27.189
1780221371.6406147,27.189
1780221371.6462474,27.189
1780221371.6516314,27.189
1780221371.6570125,27.189
1780221371.662212,27.188
1780221371.6678426,27.188
1780221371.6732771,27.189
1780221371.6786795,27.19
1780221371.6840813,27.188
1780221371.6894426,27.189
1780221371.6947482,27.189
1780221371.700504,27.188
1780221371.7060099,27.188
1780221371.7117472,27.186
1780221371.7171662,27.185
1780221371.7232275,27.186
1780221371.728515,27.186
1780221371.733815,27.188
1780221371.7390153,27.188
1780221371.744725,27.188
1780221371.7501245,27.187
1780221371.7555113,27.187
1780221371.760966,27.187
1780221371.7662997,27.187
1780221371.771764,27.188
1780221371.7770677,27.187
1780221371.782259,27.187
1780221371.7879171,27.187
1780221371.793351,27.187
1780221371.7990053,27.186
1780221371.804896,27.186
1780221371.810135,27.186
1780221371.8156278,27.187
1780221371.820964,27.188
1780221371.8264518,27.176
1780221371.8317409,27.183
1780221371.8370812,27.193
1780221371.8422554,27.206
1780221371.8479128,27.215
1780221371.8530915,27.227
1780221371.859041,27.238
1780221371.8649337,27.247
1780221371.87017,28.003
1780221371.8755517,28.013
1780221371.8809822,28.024
1780221371.8866436,28.035
1780221371.8926084,28.044
1780221371.8981123,28.055
1780221371.9038315,28.064
1780221371.9093895,28.073
1780221371.9147947,28.083
1780221371.9202206,28.095
1780221371.925997,28.105
1780221371.9314113,28.128
1780221371.9367042,28.143
1780221371.941951,28.147
1780221371.9476135,28.148
1780221371.9537258,28.148
1780221371.959679,28.147
1780221371.9650617,28.146
1780221371.97043,28.145
1780221371.9758785,28.144
1780221371.9811883,28.144
1780221371.9865832,28.14
1780221371.9921045,28.144
1780221371.9974868,28.143
1780221372.0028567,28.142
1780221372.008565,28.141
1780221372.0148146,28.14
1780221372.0203815,28.137
1780221372.0258455,28.137
1780221372.0316284,28.138
1780221372.0370457,28.138
1780221372.0424943,28.139
1780221372.0479116,28.138
1780221372.0535853,28.137
1780221372.0595014,28.136
1780221372.0649927,28.135
1780221372.0705252,28.133
1780221372.0760958,28.133
1780221372.0815053,28.132
1780221372.0869749,28.134
1780221372.092278,28.133
1780221372.0976543,28.132
1780221372.1031337,28.131
1780221372.108461,28.13
1780221372.11395,28.129
1780221372.1195607,28.129
1780221372.1252377,28.129
1780221372.1304734,28.127
1780221372.136118,28.128
1780221372.1415546,28.127
1780221372.1471634,28.126
1780221372.153077,28.125
1780221372.158302,28.124
1780221372.1637204,28.123
1780221372.169167,28.123
1780221372.1745007,28.12
1780221372.1799448,28.123
1780221372.1853032,28.122
1780221372.190725,28.121
1780221372.196144,28.12
1780221372.201838,28.119
1780221372.2076404,28.118
1780221372.2129037,28.117
1780221372.218306,28.118
1780221372.2238135,28.115
1780221372.2291963,28.114
1780221372.2345867,28.114
1780221372.2399657,28.113
1780221372.2453125,28.112
1780221372.2507548,28.111
1780221372.256196,28.11
1780221372.2616117,28.11
1780221372.266956,28.109
1780221372.272365,28.108
1780221372.2777252,28.108
1780221372.2831686,28.107
1780221372.288837,28.105
1780221372.29474,28.105
1780221372.2999654,28.104
1780221372.305424,28.103
1780221372.3107996,28.103
1780221372.316186,28.102
1780221372.3216407,28.103
1780221372.3269715,28.102
1780221372.3323703,28.102
1780221372.3378007,28.101
1780221372.3435054,28.099
1780221372.349302,28.098
1780221372.3546412,28.098
1780221372.3600042,28.098
1780221372.3654697,28.097
1780221372.370865,28.096
1780221372.3762677,28.096
1780221372.381633,28.095
1780221372.3869815,28.094
1780221372.3924086,28.093
1780221372.3978405,28.092
1780221372.4032724,28.092
1780221372.4086237,28.089
1780221372.4140284,28.09
1780221372.4194753,28.09
1780221372.424892,28.089
1780221372.4305053,28.088
1780221372.4364252,28.087
1780221372.4418654,28.086
1780221372.4473417,28.086
1780221372.4530268,28.086
1780221372.458457,28.085
1780221372.4638433,28.086
1780221372.4692712,28.085
1780221372.4746945,28.084
1780221372.4808373,28.083
1780221372.4867282,28.082
1780221372.4920723,28.081
1780221372.497467,28.082
1780221372.5029063,28.081
1780221372.5084052,28.082
1780221372.5137324,28.082
1780221372.519046,28.081
1780221372.524483,28.08
1780221372.529909,28.079
1780221372.5353677,28.078
1780221372.5409899,28.078
1780221372.5467057,28.079
1780221372.552106,28.076
1780221372.5574663,28.077
1780221372.5629,28.076
1780221372.5685632,28.075
1780221372.5744715,28.075
1780221372.5797079,28.074
1780221372.5851083,28.073
1780221372.5905712,28.073
1780221372.5958958,28.071
1780221372.6013405,28.072
1780221372.6067235,28.071
1780221372.6121244,28.071
1780221372.6175375,28.07
1780221372.6229455,28.069
1780221372.6285958,28.068
1780221372.634499,28.068
1780221372.6397345,28.068
1780221372.645168,28.068
1780221372.6505904,28.069
1780221372.6559634,28.068
1780221372.661983,28.068
1780221372.6677139,28.066
1780221372.6734023,28.065
1780221372.67882,28.064
1780221372.6842685,28.064
1780221372.6895902,28.064
1780221372.695001,28.066
1780221372.7003899,28.065
1780221372.7060757,28.065
1780221372.7123952,28.064
1780221372.7180648,28.062
1780221372.7235591,28.059
1780221372.7292593,28.06
1780221372.734595,28.06
1780221372.7400403,28.061
1780221372.745426,28.06
1780221372.7507956,28.06
1780221372.756503,28.059
1780221372.7623003,28.058
1780221372.7675693,28.057
1780221372.772956,28.057
1780221372.778393,28.057
1780221372.7838438,28.055
1780221372.7893462,28.057
1780221372.7946656,28.056
1780221372.7999961,28.056
1780221372.8053894,28.055
1780221372.8108158,28.054
1780221372.8162403,28.053
1780221372.8217418,28.053
1780221372.8270276,28.054
1780221372.8324654,28.052
1780221372.8378878,28.053
1780221372.8432436,28.053
1780221372.849278,28.051
1780221372.8553503,28.051
1780221372.8606956,28.05
1780221372.8660588,28.049
1780221372.8714933,28.05
1780221372.8768487,28.047
1780221372.8822517,28.049
1780221372.8876936,28.048
1780221372.8931148,28.048
1780221372.8987532,28.047
1780221372.9046514,28.046
1780221372.909971,28.045
1780221372.915474,28.045
1780221372.9212563,28.045
1780221372.9266303,28.044
1780221372.9320543,28.045
1780221372.937532,28.045
1780221372.94314,28.044
1780221372.9490497,28.044
1780221372.954278,28.043
1780221372.9596994,28.043
1780221372.965147,28.043
1780221372.9704826,28.04
1780221372.9759285,28.042
1780221372.9812603,28.042
1780221372.9866881,28.041
1780221372.992095,28.04
1780221372.997815,28.039
1780221373.0036848,28.039
1780221373.009167,28.039
1780221373.0148885,28.039
1780221373.0201187,28.039
1780221373.025742,28.04
1780221373.0311713,28.039
1780221373.0367908,28.039
1780221373.0426874,28.038
1780221373.0479264,28.038
1780221373.053358,28.037
1780221373.0587842,28.038
1780221373.0641184,28.035
1780221373.069526,28.038
1780221373.074945,28.038
1780221373.0803344,28.038
1780221373.085754,28.037
1780221373.0914834,28.036
1780221373.0973544,28.035
1780221373.1028152,28.036
1780221373.1085267,28.036
1780221373.1137557,28.036
1780221373.119378,28.037
1780221373.1248145,28.036
1780221373.1304333,28.036
1780221373.1363342,28.035
1780221373.1415703,28.034
1780221373.146962,28.034
1780221373.1524613,28.035
1780221373.1577728,28.032
1780221373.1632226,28.034
1780221373.1685858,28.033
1780221373.1740239,28.033
1780221373.1793978,28.032
1780221373.1850982,28.031
1780221373.1909149,28.03
1780221373.1961703,28.03
1780221373.2015634,28.031
1780221373.2070036,28.03
1780221373.2124608,28.032
1780221373.2178383,28.031
1780221373.223226,28.03
1780221373.2285984,28.03
1780221373.234028,28.029
1780221373.2394738,28.029
1780221373.244877,28.029
1780221373.250235,28.028
1780221373.2556415,28.028
1780221373.261051,28.028
1780221373.2664871,28.028
1780221373.2721074,28.027
1780221373.2780435,28.026
1780221373.2835617,28.025
1780221373.2890484,28.025
1780221373.2946596,28.025
1780221373.3001053,28.026
1780221373.3054461,28.027
1780221373.3108833,28.027
1780221373.316221,28.026
1780221373.321951,28.025
1780221373.3283021,28.024
1780221373.3343391,28.024
1780221373.3397236,28.024
1780221373.3450541,28.023
1780221373.3504946,28.025
1780221373.355885,28.025
1780221373.3612993,28.024
1780221373.3667,28.024
1780221373.3721428,28.023
1780221373.3777258,28.022
1780221373.3836508,28.022
1780221373.388887,28.023
1780221373.3943172,28.023
1780221373.3997529,28.024
1780221373.4051158,28.024
1780221373.41119,28.023
1780221373.4171638,28.022
1780221373.4225473,28.022
1780221373.4279273,28.021
1780221373.4333599,28.022
1780221373.4386919,28.019
1780221373.4440968,28.023
1780221373.449562,28.022
1780221373.4549413,28.022
1780221373.4605753,28.021
1780221373.4664848,28.021
1780221373.471728,28.02
1780221373.4770856,28.02
1780221373.482354,28.021
1780221373.4879682,28.02
1780221373.4933894,28.02
1780221373.4987147,28.019
1780221373.5041113,28.019
1780221373.5095646,28.018
1780221373.51526,28.017
1780221373.521071,28.017
1780221373.5263143,28.017
1780221373.5317192,28.015
1780221373.5371928,28.019
1780221373.5426147,28.02
1780221373.548221,28.019
1780221373.5541296,28.018
1780221373.559374,28.018
1780221373.564734,28.017
1780221373.5701675,28.017
1780221373.5755963,28.017
1780221373.5810292,28.016
1780221373.586345,28.017
1780221373.5915904,28.017
1780221373.5972204,28.016
1780221373.602648,28.015
1780221373.608256,28.014
1780221373.6141672,28.014
1780221373.6194172,28.014
1780221373.6247797,28.015
1780221373.630233,28.014
1780221373.6356318,28.015
1780221373.641059,28.014
1780221373.6464026,28.014
1780221373.6517777,28.013
1780221373.6572416,28.013
1780221373.6626759,28.012
1780221373.6680303,28.013
1780221373.6734474,28.01
1780221373.678822,28.012
1780221373.684245,28.011
1780221373.689655,28.011
1780221373.6953974,28.01
1780221373.7017448,28.009
1780221373.7077014,28.009
1780221373.7130816,28.009
1780221373.718479,28.01
1780221373.7241933,28.005
1780221373.7305994,28.006
1780221373.7365446,28.005
1780221373.7419066,28.005
1780221373.747294,28.004
1780221373.7533758,28.003
1780221373.759346,28.003
1780221373.7647092,28.004
1780221373.7701058,28.003
1780221373.7754972,28.004
1780221373.7811239,28.003
1780221373.7870617,28.003
1780221373.792549,28.002
1780221373.7982457,28.0
1780221373.8037992,27.255
1780221373.8096938,27.255
1780221373.815116,27.255
1780221373.8204749,28.002
1780221373.8259492,28.002
1780221373.831554,28.002
1780221373.837479,28.001
1780221373.8427062,28.001
1780221373.8480687,28.0
1780221373.853309,28.0
1780221373.858905,28.001
1780221373.8643925,27.255
1780221373.8697057,28.0
1780221373.8751068,28.0
1780221373.880522,27.255
1780221373.8860583,27.254
1780221373.8916438,27.254
1780221373.8973377,27.253
1780221373.9027493,27.254
1780221373.9080908,27.254
1780221373.913638,27.252
1780221373.9193819,27.251
1780221373.9250166,27.25
1780221373.9307702,27.248
1780221373.937063,27.247
1780221373.9430861,27.247
1780221373.948372,27.247
1780221373.9537375,27.247
1780221373.9592116,27.248
1780221373.9646122,27.249
1780221373.9699833,27.249
1780221373.9753356,27.248
1780221373.9807744,27.248
1780221373.98618,27.247
1780221373.9916322,27.247
1780221373.996956,27.247
1780221374.0023737,27.246
1780221374.0078402,27.247
1780221374.0132427,27.247
1780221374.0185947,27.246
1780221374.0240133,27.246
1780221374.0293448,27.245
1780221374.0349102,27.244
1780221374.040405,27.243
1780221374.0462065,27.244
1780221374.051609,27.242
1780221374.0571392,27.244
1780221374.0624938,27.243
1780221374.0680716,27.242
1780221374.0739815,27.242
1780221374.0792186,27.241
1780221374.084584,27.241
1780221374.0900285,27.241
1780221374.095448,27.242
1780221374.1011178,27.239
1780221374.1069422,27.24
1780221374.112185,27.24
1780221374.117744,27.239
1780221374.123495,27.238
1780221374.1292217,27.237
1780221374.1351259,27.237
1780221374.1404536,27.238
1780221374.1458325,27.237
1780221374.1512775,27.241
1780221374.1566837,27.24
1780221374.1620693,27.24
1780221374.1674526,27.24
1780221374.1728678,27.239
1780221374.1782885,27.239
1780221374.183724,27.239
1780221374.1890812,27.24
1780221374.194497,27.238
1780221374.199897,27.239
1780221374.2053447,27.239
1780221374.210962,27.238
1780221374.2168665,27.238
1780221374.2223692,27.238
1780221374.2278602,27.236
1780221374.2335346,27.237
1780221374.238908,27.235
1780221374.2442598,27.239
1780221374.2497811,27.239
1780221374.2551117,27.239
1780221374.2608364,27.238
1780221374.2671325,27.238
1780221374.2727938,27.236
1780221374.278181,27.237
1780221374.2838805,27.238
1780221374.2892857,27.238
1780221374.2946956,27.239
1780221374.3001223,27.239
1780221374.3058138,27.238
1780221374.31173,27.238
1780221374.3172584,27.237
1780221374.3228178,27.236
1780221374.3283665,27.237
1780221374.333771,27.236
1780221374.3391244,27.24
1780221374.3445966,27.24
1780221374.350199,27.24
1780221374.3561134,27.24
1780221374.3613522,27.239
1780221374.366746,27.238
1780221374.3722072,27.239
1780221374.37755,27.24
1780221374.3836315,27.239
1780221374.3897753,27.245
1780221374.3955455,27.247
1780221374.400984,27.249
1780221374.4064069,27.25
1780221374.4121497,27.252
1780221374.4178953,27.254
1780221374.4232013,28.0
1780221374.42859,28.0
1780221374.4341235,28.001
1780221374.4394643,28.001
1780221374.4450383,28.0
1780221374.4509532,28.0
1780221374.4561982,27.255
1780221374.4615939,27.254
1780221374.4670544,27.254
1780221374.4723845,27.255
1780221374.477857,27.254
1780221374.4833965,28.0
1780221374.4887617,27.255
1780221374.4945283,27.253
1780221374.5002387,27.251
1780221374.5061457,27.25
1780221374.5114245,27.25
1780221374.5168037,27.251
1780221374.5222638,27.25
1780221374.527606,27.253
1780221374.5334513,27.254
1780221374.5393028,27.253
1780221374.5451336,27.252
1780221374.5504038,27.252
1780221374.555607,27.251
1780221374.5612426,27.252
1780221374.5667238,27.253
1780221374.5720856,27.251
1780221374.5774705,27.252
1780221374.5828283,27.252
1780221374.588265,27.251
1780221374.5936706,27.251
1780221374.5993984,27.25
1780221374.605171,27.25
1780221374.610432,27.25
1780221374.615818,27.248
1780221374.6213403,27.252
1780221374.6267366,27.252
1780221374.632381,27.252
1780221374.638291,27.251
1780221374.6438208,27.251
1780221374.6495507,27.248
1780221374.6549382,27.248
1780221374.6603487,27.249
1780221374.665714,27.25
1780221374.6711078,27.251
1780221374.6765795,27.251
1780221374.6826,27.25
1780221374.6879086,27.25
1780221374.6932738,27.249
1780221374.6987169,27.249
1780221374.704121,27.249
1780221374.7095675,27.247
1780221374.7150004,27.25
1780221374.7203283,27.25
1780221374.7257097,27.249
1780221374.7318738,27.248
1780221374.7377849,27.248
1780221374.7431693,27.247
1780221374.7485566,27.247
1780221374.753986,27.248
1780221374.759589,27.247
1780221374.7656393,27.25
1780221374.7716043,27.249
1780221374.77755,27.249
1780221374.783052,27.248
1780221374.7888172,27.246
1780221374.7942324,27.245
1780221374.800153,27.246
1780221374.8055897,27.247
1780221374.8109941,27.248
1780221374.8166661,27.247
1780221374.8229742,27.247
1780221374.828752,27.245
1780221374.8344927,27.243
1780221374.8399863,27.242
1780221374.8458283,27.243
1780221374.8511965,27.244
1780221374.8565118,27.247
1780221374.8618352,27.247
1780221374.8676147,27.246
1780221374.8735473,27.246
1780221374.8787992,27.245
1780221374.884199,27.244
1780221374.88966,27.244
1780221374.8950038,27.245
1780221374.9006364,27.243
1780221374.9061718,27.242
1780221374.911979,27.244
1780221374.9172177,27.243
1780221374.9226017,27.243
1780221374.928027,27.242
1780221374.933484,27.242
1780221374.9388819,27.243
1780221374.944203,27.242
1780221374.9496176,27.244
1780221374.9550385,27.245
1780221374.960495,27.244
1780221374.9660866,27.244
1780221374.9720044,27.244
1780221374.9772458,27.243
1780221374.982636,27.243
1780221374.9881043,27.244
1780221374.9934757,27.242
1780221374.9989057,27.244
1780221375.0042331,27.243
1780221375.0096328,27.243
1780221375.0150502,27.243
1780221375.020773,27.242
1780221375.0265884,27.241
1780221375.0319293,27.242
1780221375.0372753,27.243
1780221375.04273,27.241
1780221375.0481353,27.241
1780221375.0534525,27.241
1780221375.0588498,27.24
1780221375.0642514,27.24
1780221375.069797,27.239
1780221375.0753517,27.237
1780221375.0811262,27.238
1780221375.0865054,27.236
1780221375.0919118,27.24
1780221375.097359,27.24
1780221375.1029751,27.24
1780221375.1088881,27.239
1780221375.1143968,27.239
1780221375.1198783,27.236
1780221375.1256971,27.237
1780221375.1310072,27.238
1780221375.1363091,27.239
1780221375.1417594,27.24
1780221375.1471307,27.24
1780221375.153249,27.239
1780221375.1592135,27.238
1780221375.1645803,27.238
1780221375.1699638,27.237
1780221375.1753857,27.238
1780221375.180722,27.236
1780221375.1861284,27.238
1780221375.1915176,27.238
1780221375.1969516,27.237
1780221375.2026448,27.237
1780221375.2085412,27.237
1780221375.2138557,27.236
1780221375.2193534,27.236
1780221375.2252114,27.237
1780221375.2305665,27.235
1780221375.2359772,27.236
1780221375.241427,27.236
1780221375.247021,27.235
1780221375.252946,27.235
1780221375.2581794,27.234
1780221375.2635722,27.234
1780221375.2690582,27.235
1780221375.2743752,27.232
1780221375.280119,27.234
1780221375.2865288,27.234
1780221375.2924695,27.234
1780221375.297841,27.233
1780221375.303208,27.233
1780221375.3086581,27.232
1780221375.3140252,27.233
1780221375.3194377,27.234
1780221375.3248878,27.232
1780221375.3302677,27.232
1780221375.335628,27.232
1780221375.3414266,27.231
1780221375.3477888,27.23
1780221375.3537004,27.23
1780221375.359032,27.229
1780221375.3644214,27.23
1780221375.3698714,27.23
1780221375.3753738,27.232
1780221375.3806903,27.232
1780221375.3860297,27.231
1780221375.3914967,27.231
1780221375.3968775,27.23
1780221375.4026186,27.23
1780221375.4083567,27.23
1780221375.413664,27.231
1780221375.4190712,27.229
1780221375.424476,27.231
1780221375.4299061,27.231
1780221375.4355097,27.23
1780221375.441458,27.23
1780221375.4469738,27.229
1780221375.4524984,27.228
1780221375.4581196,27.229
1780221375.4635212,27.229
1780221375.4689822,27.231
1780221375.4742851,27.231
1780221375.479684,27.231
1780221375.4854195,27.23
1780221375.4916973,27.229
1780221375.4972014,27.228
1780221375.502696,27.229
1780221375.5084808,27.23
1780221375.5138872,27.23
1780221375.5193422,27.231
1780221375.5247583,27.231
1780221375.5303695,27.231
1780221375.5362747,27.231
1780221375.5417933,27.23
1780221375.5472856,27.23
1780221375.5529704,27.23
1780221375.55833,27.231
1780221375.5638564,27.233
1780221375.5691772,27.233
1780221375.5745625,27.233
1780221375.580236,27.232
1780221375.5860333,27.231
1780221375.5913107,27.231
1780221375.5967171,27.231
1780221375.6021307,27.232
1780221375.6075869,27.232
1780221375.6130044,27.233
1780221375.6183872,27.233
1780221375.623722,27.232
1780221375.629109,27.232
1780221375.634573,27.231
1780221375.6400077,27.231
1780221375.645376,27.232
1780221375.6507792,27.229
1780221375.6562257,27.233
1780221375.6616268,27.233
1780221375.6669815,27.233
1780221375.6729944,27.232
1780221375.6787212,27.231
1780221375.68425,27.229
1780221375.6896389,27.229
1780221375.694943,27.229
1780221375.700684,27.232
1780221375.706007,27.231
1780221375.7114146,27.232
1780221375.716832,27.231
1780221375.7222142,27.231
1780221375.7276042,27.231
1780221375.7330356,27.231
1780221375.738439,27.231
1780221375.7437387,27.231
1780221375.7489622,27.231
1780221375.7546341,27.232
1780221375.7600646,27.232
1780221375.7654288,27.232
1780221375.7707994,27.232
1780221375.7762222,27.231
1780221375.7816792,27.231
1780221375.7870085,27.232
1780221375.792441,27.231
1780221375.7979763,27.233
1780221375.8032913,27.233
1780221375.8086576,27.233
1780221375.8143706,27.233
1780221375.82064,27.232
1780221375.8261745,27.23
1780221375.8316681,27.231
1780221375.8374667,27.232
1780221375.8428621,27.232
1780221375.848254,27.233
1780221375.8537157,27.233
1780221375.8593628,27.233
1780221375.8652894,27.232
1780221375.8713672,27.232
1780221375.8772194,27.232
1780221375.88248,27.233
1780221375.887904,27.235
1780221375.8933444,27.237
1780221375.8986926,27.237
1780221375.9041421,27.236
1780221375.9094882,27.236
1780221375.9148905,27.235
1780221375.9202948,27.235
1780221375.925741,27.236
1780221375.931094,27.236
1780221375.936511,27.236
1780221375.941896,27.237
1780221375.9473178,27.237
1780221375.9527354,27.237
1780221375.9584455,27.236
1780221375.964722,27.235
1780221375.9702542,27.235
1780221375.9757338,27.236
1780221375.9815333,27.236
1780221375.9869163,27.239
1780221375.9922624,27.239
1780221375.9974337,27.238
1780221376.0033975,27.238
1780221376.0092263,27.238
1780221376.014538,27.237
1780221376.0200038,27.237
1780221376.0254867,27.236
1780221376.030817,27.238
1780221376.036202,27.237
1780221376.0415561,27.237
1780221376.0469916,27.237
1780221376.0523646,27.236
1780221376.058084,27.235
1780221376.0638802,27.236
1780221376.0691915,27.236
1780221376.0745993,27.236
1780221376.0801034,27.239
1780221376.085427,27.238
1780221376.0907986,27.238
1780221376.096188,27.237
1780221376.1015627,27.237
1780221376.1069865,27.237
1780221376.1124034,27.237
1780221376.1178334,27.237
1780221376.1232293,27.236
1780221376.128611,27.238
1780221376.1340103,27.237
1780221376.1394663,27.237
1780221376.1450644,27.236
1780221376.150975,27.236
1780221376.1562057,27.236
1780221376.1615553,27.236
1780221376.1667967,27.235
1780221376.172497,27.238
1780221376.177872,27.238
1780221376.1831837,27.238
1780221376.188579,27.237
1780221376.1940143,27.237
1780221376.1997356,27.236
1780221376.2055383,27.237
1780221376.2107725,27.237
1780221376.2160215,27.238
1780221376.2216969,27.239
1780221376.2270942,27.239
1780221376.2326777,27.239
1780221376.238608,27.238
1780221376.2438457,27.238
1780221376.2492442,27.237
1780221376.254708,27.238
1780221376.260049,27.238
1780221376.2655015,27.237
1780221376.2708535,27.238
1780221376.2762923,27.237
1780221376.2816794,27.237
1780221376.2873762,27.236
1780221376.2936642,27.236
1780221376.299169,27.235
1780221376.3044908,27.236
1780221376.3099282,27.236
1780221376.3152974,27.237
1780221376.3207552,27.237
1780221376.3260698,27.236
1780221376.331471,27.236
1780221376.3368971,27.235
1780221376.342311,27.235
1780221376.347768,27.235
1780221376.3531206,27.236
1780221376.3585446,27.234
1780221376.3639371,27.234
1780221376.3693159,27.234
1780221376.3750153,27.233
1780221376.3808038,27.233
1780221376.386058,27.232
1780221376.391305,27.232
1780221376.396922,27.233
1780221376.402362,27.231
1780221376.4077702,27.235
1780221376.4131439,27.234
1780221376.418492,27.234
1780221376.4240494,27.233
1780221376.429857,27.232
1780221376.4355705,27.23
1780221376.4414794,27.231
1780221376.446746,27.232
1780221376.4521627,27.233
1780221376.4575975,27.234
1780221376.4629607,27.234
1780221376.468774,27.233
1780221376.4750433,27.232
1780221376.4810731,27.232
1780221376.4864163,27.232
1780221376.4917712,27.232
1780221376.497206,27.233
1780221376.5026622,27.235
1780221376.507971,27.235
1780221376.513352,27.234
1780221376.5187871,27.234
1780221376.5244372,27.233
1780221376.5303936,27.233
1780221376.5356588,27.233
1780221376.5409997,27.234
1780221376.5464554,27.234
1780221376.5518074,27.236
1780221376.5575202,27.235
1780221376.5638,27.234
1780221376.569382,27.233
1780221376.5749571,27.232
1780221376.5804935,27.232
1780221376.5858042,27.233
1780221376.591418,27.234
1780221376.5968509,27.235
1780221376.602225,27.234
1780221376.6076667,27.234
1780221376.6132812,27.234
1780221376.619191,27.233
1780221376.6244261,27.233
1780221376.62991,27.233
1780221376.6352868,27.235
1780221376.6407332,27.233
1780221376.6460934,27.233
1780221376.6514513,27.233
1780221376.6568513,27.232
1780221376.6622486,27.232
1780221376.6679714,27.231
1780221376.6737702,27.231
1780221376.6790354,27.232
1780221376.684499,27.231
1780221376.6898243,27.234
1780221376.6953106,27.234
1780221376.7006705,27.234
1780221376.706089,27.233
1780221376.7114334,27.233
1780221376.7168174,27.232
1780221376.7222638,27.232
1780221376.7277317,27.233
1780221376.7330909,27.232
1780221376.7385075,27.234
1780221376.7438452,27.234
1780221376.749294,27.233
1780221376.7549672,27.233
1780221376.7608614,27.233
1780221376.7660937,27.232
1780221376.771589,27.232
1780221376.776949,27.232
1780221376.7823777,27.233
1780221376.787759,27.232
1780221376.793085,27.232
1780221376.7984846,27.232
1780221376.8039176,27.231
1780221376.8096294,27.231
1780221376.8154545,27.231
1780221376.820718,27.232
1780221376.8261566,27.231
1780221376.8316705,27.233
1780221376.8369844,27.233
1780221376.8423996,27.233
1780221376.8481193,27.232
1780221376.854457,27.231
1780221376.8604777,27.231
1780221376.8657947,27.231
1780221376.8711464,27.232
1780221376.8765876,27.232
1780221376.8819573,27.232
1780221376.8873684,27.232
1780221376.8927226,27.232
1780221376.8981571,27.231
1780221376.9038377,27.23
1780221376.9097285,27.231
1780221376.9149644,27.231
1780221376.9203491,27.23
1780221376.9257925,27.233
1780221376.9312031,27.232
1780221376.9366279,27.232
1780221376.941956,27.232
1780221376.9473493,27.231
1780221376.9528,27.231
1780221376.95824,27.231
1780221376.9635806,27.232
1780221376.9690099,27.232
1780221376.974368,27.233
1780221376.9797904,27.233
1780221376.9852166,27.233
1780221376.990912,27.232
1780221376.997184,27.231
1780221377.0027282,27.231
1780221377.0082066,27.231
1780221377.014001,27.231
1780221377.0194223,27.233
1780221377.0248413,27.233
1780221377.0302687,27.233
1780221377.035598,27.233
1780221377.0407772,27.233
1780221377.0463998,27.233
1780221377.051789,27.233
1780221377.0572004,27.234
1780221377.0626855,27.233
1780221377.068308,27.234
1780221377.0742056,27.234
1780221377.0794454,27.233
1780221377.084807,27.232
1780221377.0902507,27.232
1780221377.0956705,27.231
1780221377.1011024,27.232
1780221377.1064389,27.233
1780221377.1118174,27.231
1780221377.1172512,27.232
1780221377.1227202,27.232
1780221377.1283653,27.231
1780221377.1342313,27.231
1780221377.139478,27.23
1780221377.144887,27.23
1780221377.1503496,27.231
1780221377.1558895,27.229
1780221377.16174,27.233
1780221377.1670868,27.233
1780221377.1725178,27.232
1780221377.1785924,27.232
1780221377.1845717,27.231
1780221377.1899414,27.231
1780221377.195369,27.231
1780221377.2007582,27.232
1780221377.2064226,27.231
1780221377.2124615,27.233
1780221377.2183793,27.233
1780221377.2242808,27.233
1780221377.229519,27.232
1780221377.234933,27.232
1780221377.2403674,27.232
1780221377.2457175,27.233
1780221377.2511642,27.231
1780221377.2566297,27.233
1780221377.2619433,27.232
1780221377.267354,27.232
1780221377.2730482,27.231
1780221377.2793682,27.231
1780221377.2848887,27.23
1780221377.2903664,27.23
1780221377.2961085,27.231
1780221377.3015165,27.233
1780221377.306909,27.234
1780221377.3123558,27.234
1780221377.3180478,27.233
1780221377.3239455,27.233
1780221377.3294497,27.232
1780221377.3349404,27.232
1780221377.3405895,27.233
1780221377.3459747,27.232
1780221377.3515003,27.234
1780221377.3568304,27.233
1780221377.3621933,27.233
1780221377.3678885,27.232
1780221377.3741918,27.231
1780221377.379708,27.23
1780221377.3851597,27.231
1780221377.3904834,27.231
1780221377.3959167,27.233
1780221377.4012516,27.233
1780221377.406622,27.233
1780221377.4126606,27.232
1780221377.4183517,27.231
1780221377.4239964,27.229
1780221377.429513,27.229
1780221377.43544,27.23
1780221377.440841,27.229
1780221377.4465973,27.231
1780221377.4525242,27.231
1780221377.4584687,27.231
1780221377.4643717,27.231
1780221377.469632,27.23
1780221377.4750445,27.23
1780221377.4804897,27.23
1780221377.4858317,27.23
1780221377.4918842,27.23
1780221377.4976094,27.232
1780221377.5039508,27.231
1780221377.5099006,27.231
1780221377.5152886,27.231
1780221377.5206804,27.23
1780221377.5261006,27.231
1780221377.5314891,27.232
1780221377.5368717,27.229
1780221377.5422451,27.231
1780221377.5477042,27.23
1780221377.5530808,27.23
1780221377.559254,27.229
1780221377.565155,27.228
1780221377.570489,27.228
1780221377.5758562,27.229
1780221377.5813196,27.227
1780221377.5866826,27.23
1780221377.5920968,27.23
1780221377.5974686,27.23
1780221377.6028914,27.23
1780221377.6083176,27.229
1780221377.6137142,27.229
1780221377.6191106,27.229
1780221377.6245253,27.229
1780221377.6298501,27.228
1780221377.6351612,27.228
1780221377.6410074,27.228
1780221377.6469336,27.227
1780221377.652447,27.227
1780221377.6581812,27.225
1780221377.6636264,27.223
1780221377.6695373,27.224
1780221377.6749475,27.223
1780221377.6803162,27.227
1780221377.6864414,27.227
1780221377.6924424,27.227
1780221377.6977837,27.227
1780221377.7031484,27.226
1780221377.7092452,27.226
1780221377.7152274,27.226
1780221377.720591,27.227
1780221377.7263763,27.226
1780221377.7323785,27.228
1780221377.7382164,27.228
1780221377.7441654,27.228
1780221377.7494059,27.227
1780221377.7547138,27.227
1780221377.7599165,27.227
1780221377.7655613,27.227
1780221377.7710118,27.226
1780221377.7764752,27.228
1780221377.7817845,27.227
1780221377.7872787,27.227
1780221377.792904,27.226
1780221377.799195,27.225
1780221377.8046935,27.225
1780221377.8101404,27.225
1780221377.8154624,27.225
1780221377.8208888,27.227
1780221377.8262537,27.227
1780221377.8316224,27.226
1780221377.8376548,27.226
1780221377.8431368,27.225
1780221377.8487394,27.224
1780221377.8542404,27.224
1780221377.8595235,27.225
1780221377.8651702,27.225
1780221377.8703618,27.226
1780221377.876001,27.226
1780221377.8813403,27.225
1780221377.8870869,27.225
1780221377.893012,27.225
1780221377.8982334,27.224
1780221377.903724,27.224
1780221377.9090526,27.225
1780221377.9145167,27.214
1780221377.919825,27.222
1780221377.9252572,27.231
1780221377.9306512,27.243
1780221377.9360065,27.252
1780221377.9412553,28.007
1780221377.947198,28.017
1780221377.9531138,28.03
1780221377.9590955,28.041
1780221377.96498,28.05
1780221377.9702654,28.061
1780221377.975727,28.069
1780221377.9811296,28.08
1780221377.9864511,28.089
1780221377.9924915,28.1
1780221377.9981465,28.11
1780221378.003506,28.12
1780221378.009308,28.129
1780221378.014703,28.143
1780221378.020136,28.161
1780221378.0255132,28.177
1780221378.030839,28.178
1780221378.0362768,28.179
1780221378.0416894,28.178
1780221378.047047,28.177
1780221378.0525014,28.177
1780221378.0578823,28.175
1780221378.0633097,28.174
1780221378.068769,28.174
1780221378.0740695,28.174
1780221378.0792773,28.172
1780221378.0848854,28.172
1780221378.0902793,28.171
1780221378.0956938,28.17
1780221378.1010919,28.169
1780221378.1065817,28.168
1780221378.1120493,28.168
1780221378.1173587,28.168
1780221378.1227355,28.165
1780221378.1282115,28.166
1780221378.1335337,28.165
1780221378.1390185,28.164
1780221378.1450646,28.162
1780221378.1504095,28.161
1780221378.1557622,28.159
1780221378.1611688,28.158
1780221378.1664984,28.158
1780221378.1717396,28.156
1780221378.1773927,28.157
1780221378.183083,28.155
1780221378.189371,28.153
1780221378.1950498,28.151
1780221378.2006662,28.149
1780221378.206074,28.147
1780221378.211667,28.147
1780221378.2170146,28.147
1780221378.22242,28.146
1780221378.2277694,28.145
1780221378.2331936,28.144
1780221378.238633,28.143
1780221378.2443037,28.141
1780221378.2501287,28.139
1780221378.2554622,28.138
1780221378.2608087,28.138
1780221378.2663405,28.136
1780221378.2716663,28.134
1780221378.2772808,28.133
1780221378.2831726,28.133
1780221378.288432,28.131
1780221378.293827,28.13
1780221378.299277,28.13
1780221378.3046386,28.13
1780221378.3100688,28.126
1780221378.3153808,28.13
1780221378.320685,28.128
1780221378.3265924,28.127
1780221378.3324766,28.125
1780221378.3384404,28.125
1780221378.3437455,28.123
1780221378.3492234,28.123
1780221378.3550346,28.123
1780221378.3604496,28.122
1780221378.365846,28.123
1780221378.371311,28.121
1780221378.3769157,28.12
1780221378.3828094,28.119
1780221378.3880646,28.118
1780221378.3934748,28.117
1780221378.3989253,28.117
1780221378.4042757,28.115
1780221378.409712,28.117
1780221378.4150605,28.116
1780221378.4204648,28.115
1780221378.4258926,28.114
1780221378.4315925,28.113
1780221378.4374442,28.112
1780221378.4427273,28.112
1780221378.4480915,28.112
1780221378.4535365,28.11
1780221378.4592113,28.109
1780221378.4656053,28.107
1780221378.4715948,28.107
1780221378.4769554,28.105
1780221378.4823425,28.104
1780221378.4877636,28.104
1780221378.4931128,28.104
1780221378.4985275,28.103
1780221378.5040417,28.105
1780221378.50938,28.104
1780221378.5147405,28.103
1780221378.5207963,28.101
1780221378.5268548,28.1
1780221378.5321865,28.099
1780221378.537559,28.099
1780221378.542977,28.097
1780221378.5484219,28.1
1780221378.5537446,28.099
1780221378.559164,28.098
1780221378.564597,28.097
1780221378.5702045,28.096
1780221378.5761166,28.095
1780221378.5813575,28.095
1780221378.5867596,28.095
1780221378.592215,28.094
1780221378.5975888,28.095
1780221378.6029751,28.094
1780221378.608332,28.093
1780221378.6138456,28.091
1780221378.6195893,28.09
1780221378.6251209,28.088
1780221378.630668,28.088
1780221378.6359887,28.089
1780221378.6420527,28.086
1780221378.647616,28.087
1780221378.653147,28.086
1780221378.6591203,28.084
1780221378.6650102,28.084
1780221378.670503,28.082
1780221378.6759748,28.082
1780221378.6816337,28.082
1780221378.687377,28.081
1780221378.6936262,28.082
1780221378.6996753,28.08
1780221378.7053802,28.079
1780221378.7110631,28.076
1780221378.7166967,28.074
1780221378.7225287,28.074
1780221378.7278214,28.076
1780221378.7331595,28.08
1780221378.738453,28.079
1780221378.7443266,28.08
1780221378.750277,28.079
1780221378.7561865,28.078
1780221378.7614439,28.077
1780221378.7668183,28.077
1780221378.772247,28.077
1780221378.7776387,28.074
1780221378.7836943,28.075
1780221378.7898026,28.073
1780221378.7957015,28.073
1780221378.8011065,28.072
1780221378.806493,28.071
1780221378.8119173,28.07
1780221378.8173654,28.071
1780221378.8226938,28.072
1780221378.8280573,28.071
1780221378.833482,28.072
1780221378.8388984,28.071
1780221378.8442924,28.071
1780221378.849954,28.07
1780221378.855849,28.069
1780221378.8610766,28.069
1780221378.8665493,28.069
1780221378.871936,28.067
1780221378.8776112,28.068
1780221378.8835795,28.069
1780221378.8895612,28.068
1780221378.895488,28.067
1780221378.9009876,28.066
1780221378.906517,28.064
1780221378.9121437,28.064
1780221378.9175525,28.063
1780221378.9228985,28.066
1780221378.9283538,28.067
1780221378.933728,28.066
1780221378.9394398,28.065
1780221378.9457192,28.063
1780221378.9514015,28.062
1780221378.9567804,28.062
1780221378.9624999,28.062
1780221378.967912,28.063
1780221378.9732783,28.064
1780221378.9784634,28.063
1780221378.9841168,28.062
1780221378.989879,28.061
1780221378.995649,28.06
1780221379.0009158,28.06
1780221379.0063193,28.06
1780221379.0116858,28.057
1780221379.0168505,28.057
1780221379.0225437,28.057
1780221379.0282211,28.056
1780221379.0340245,28.054
1780221379.0396042,28.052
1780221379.0451865,28.05
1780221379.0506165,28.05
1780221379.056162,28.051
1780221379.0616033,28.054
1780221379.066981,28.055
1780221379.0723746,28.054
1780221379.0777762,28.053
1780221379.0832043,28.053
1780221379.088846,28.052
1780221379.0947435,28.051
1780221379.1000054,28.052
1780221379.1053846,28.05
1780221379.1108286,28.054
1780221379.1164584,28.053
1780221379.1223717,28.052
1780221379.127616,28.051
1780221379.133006,28.05
1780221379.1385102,28.049
1780221379.1438286,28.049
1780221379.1492817,28.05
1780221379.1546006,28.049
1780221379.1600049,28.049
1780221379.16542,28.049
1780221379.1711361,28.047
1780221379.1769419,28.047
1780221379.1822069,28.046
1780221379.187597,28.045
1780221379.1930354,28.046
1780221379.1984944,28.043
1780221379.2042034,28.046
1780221379.2102566,28.048
1780221379.2158961,28.047
1780221379.2215893,28.047
1780221379.227314,28.044
1780221379.2327378,28.042
1780221379.238135,28.042
1780221379.243469,28.042
1780221379.248912,28.043
1780221379.2545402,28.044
1780221379.2604725,28.044
1780221379.265986,28.043
1780221379.271761,28.04
1780221379.277369,28.038
1780221379.2832513,28.038
1780221379.288498,28.039
1780221379.2939143,28.041
1780221379.2993472,28.043
1780221379.304968,28.042
1780221379.3108842,28.041
1780221379.316388,28.041
1780221379.3220437,28.038
1780221379.3274906,28.037
1780221379.3329978,28.037
1780221379.3382869,28.036
1780221379.3439796,28.038
1780221379.3498106,28.038
1780221379.3550925,28.037
1780221379.3604934,28.037
1780221379.365915,28.036
1780221379.3716185,28.035
1780221379.3774266,28.035
1780221379.3826861,28.035
1780221379.3881826,28.035
1780221379.39375,28.033
1780221379.3997703,28.036
1780221379.4055371,28.035
1780221379.4109309,28.035
1780221379.4163606,28.034
1780221379.4218097,28.034
1780221379.4271626,28.034
1780221379.4325755,28.03
1780221379.4380248,28.033
1780221379.4434001,28.033
1780221379.4487789,28.032
1780221379.4545116,28.031
1780221379.4607668,28.03
1780221379.4664795,28.028
1780221379.4718764,28.028
1780221379.4776134,28.029
1780221379.4829938,28.029
1780221379.4883945,28.03
1780221379.4938252,28.029
1780221379.499205,28.029
1780221379.5049121,28.028
1780221379.5112092,28.027
1780221379.5173023,28.027
1780221379.5226576,28.027
1780221379.5279589,28.026
1780221379.5335143,28.028
1780221379.539048,28.026
1780221379.544834,28.026
1780221379.5502212,28.025
1780221379.555625,28.024
1780221379.5611546,28.024
1780221379.5664825,28.024
1780221379.5718474,28.024
1780221379.5771933,28.022
1780221379.5824935,28.021
1780221379.588101,28.02
1780221379.5941463,28.019
1780221379.6001265,28.018
1780221379.6054912,28.018
1780221379.6108606,28.017
1780221379.6163049,28.018
1780221379.6216125,28.015
1780221379.6269014,28.017
1780221379.6325507,28.017
1780221379.638625,28.015
1780221379.644526,28.015
1780221379.649902,28.014
1780221379.6552682,28.014
1780221379.6607242,28.014
1780221379.6660702,28.014
1780221379.671498,28.014
1780221379.6768425,28.015
1780221379.682277,28.015
1780221379.6877193,28.014
1780221379.6934268,28.013
1780221379.6996799,28.012
1780221379.705219,28.011
1780221379.7107038,28.012
1780221379.7164724,28.012
1780221379.7218518,28.014
1780221379.7272956,28.013
1780221379.732763,28.013
1780221379.7380836,28.012
1780221379.7438457,28.012
1780221379.7495894,28.011
1780221379.7548754,28.011
1780221379.7602646,28.012
1780221379.7657466,28.011
1780221379.771171,28.01
1780221379.7765257,28.01
1780221379.7823684,28.009
1780221379.7879777,28.008
1780221379.7935944,28.008
1780221379.7995226,28.007
1780221379.8047774,28.008
1780221379.810132,28.007
1780221379.8155742,28.009
1780221379.8212175,28.008
1780221379.8272817,28.008
1780221379.8332133,28.007
1780221379.839138,28.007
1780221379.8443959,28.006
1780221379.8498557,28.006
1780221379.8552158,28.007
1780221379.86063,28.005
1780221379.8666143,28.005
1780221379.8726585,28.003
1780221379.8787024,28.003
1780221379.8840322,28.002
1780221379.8893929,28.002
1780221379.8948302,28.002
1780221379.9001794,28.003
1780221379.905601,28.002
1780221379.911115,28.004
1780221379.9164662,28.003
1780221379.9220667,28.003
1780221379.9280953,28.002
1780221379.934061,28.001
1780221379.9399545,28.001
1780221379.945205,28.001
1780221379.9505928,28.001
1780221379.9560356,28.002
1780221379.9614162,28.002
1780221379.9671445,28.002
1780221379.9734452,28.001
1780221379.9791138,27.255
1780221379.9846797,27.254
1780221379.9900897,27.254
1780221379.995399,27.255
1780221380.0010412,27.255
1780221380.0064435,27.255
1780221380.0118463,27.255
1780221380.017574,27.254
1780221380.0238118,27.253
1780221380.0295393,27.252
1780221380.0349712,27.251
1780221380.0406861,27.252
1780221380.046064,27.252
1780221380.0514119,28.0
1780221380.056706,28.0
1780221380.062609,27.255
1780221380.0685196,27.255
1780221380.0745335,27.254
1780221380.0804691,27.254
1780221380.0857313,27.254
1780221380.091041,27.255
1780221380.0962358,27.254
1780221380.1021454,28.0
1780221380.1080556,27.255
1780221380.1132867,27.255
1780221380.118651,27.254
1780221380.1240928,27.254
1780221380.1295238,27.254
1780221380.1349454,27.254
1780221380.140271,27.251
1780221380.1456528,27.252
1780221380.151092,27.252
1780221380.1568432,27.251
1780221380.1631289,27.25
1780221380.1688094,27.249
1780221380.174206,27.248
1780221380.179962,27.249
1780221380.1853309,27.25
1780221380.1907833,27.25
1780221380.1962013,27.25
1780221380.2015595,27.249
1780221380.2077053,27.248
1780221380.213615,27.248
1780221380.218943,27.247
1780221380.2243507,27.247
1780221380.2297895,27.248
1780221380.2350974,27.245
1780221380.2406297,27.247
1780221380.2463114,27.246
1780221380.2518566,27.244
1780221380.2580895,27.244
1780221380.2640316,27.244
1780221380.2694027,27.244
1780221380.2748423,27.244
1780221380.28018,27.244
1780221380.285625,27.245
1780221380.290963,27.244
1780221380.296331,27.243
1780221380.3015268,27.243
1780221380.307475,27.242
1780221380.3133678,27.242
1780221380.3186212,27.242
1780221380.3239405,27.242
1780221380.3293447,27.241
1780221380.33549,27.242
1780221380.3410265,27.241
1780221380.3468385,27.241
1780221380.3522055,27.24
1780221380.3576202,27.24
1780221380.3630521,27.239
1780221380.3684843,27.24
1780221380.3738635,27.241
1780221380.3792148,27.239
1780221380.3846498,27.238
1780221380.3900309,27.238
1780221380.3961494,27.237
1780221380.4021003,27.237
1780221380.4074807,27.236
1780221380.4128253,27.236
1780221380.4182785,27.237
1780221380.423595,27.234
1780221380.4288874,27.235
1780221380.4345787,27.235
1780221380.4401424,27.234
1780221380.4458792,27.232
1780221380.4514613,27.231
1780221380.4573553,27.23
1780221380.4626534,27.231
1780221380.4680352,27.231
1780221380.4734895,27.231
1780221380.4790993,27.232
1780221380.4850216,27.232
1780221380.4902642,27.231
1780221380.4956596,27.231
1780221380.5011258,27.23
1780221380.506493,27.23
1780221380.5119298,27.231
1780221380.5172408,27.229
1780221380.5226214,27.23
1780221380.5283628,27.228
1780221380.534237,27.228
1780221380.5394938,27.227
1780221380.5448842,27.227
1780221380.5503697,27.226
1780221380.5556843,27.227
1780221380.5611238,27.228
1780221380.5664656,27.226
1780221380.5718696,27.226
1780221380.5772989,27.226
1780221380.5830116,27.225
1780221380.5893524,27.224
1780221380.5950105,27.223
1780221380.6004186,27.222
1780221380.6061473,27.223
1780221380.611528,27.222
1780221380.6168516,27.225
1780221380.6224532,27.224
1780221380.6279862,27.223
1780221380.6340575,27.222
1780221380.6399603,27.222
1780221380.645461,27.221
1780221380.6509094,27.222
1780221380.656552,27.222
1780221380.6619604,27.222
1780221380.6673832,27.224
1780221380.6727886,27.223
1780221380.6781738,27.223
1780221380.6838684,27.222
1780221380.6896574,27.222
1780221380.6949265,27.221
1780221380.7003245,27.222
1780221380.7057037,27.221
1780221380.710935,27.221
1780221380.7165997,27.221
1780221380.7219837,27.221
1780221380.7274346,27.22
1780221380.7328193,27.22
1780221380.7381978,27.22
1780221380.7436328,27.22
1780221380.7489808,27.22
1780221380.754417,27.218
1780221380.7599225,27.22
1780221380.7652497,27.22
1780221380.7706192,27.22
1780221380.7766585,27.219
1780221380.7823048,27.218
1780221380.7877233,27.217
1780221380.793486,27.218
1780221380.7988274,27.219
1780221380.8042922,27.221
1780221380.8096695,27.221
1780221380.8149798,27.221
1780221380.8207417,27.22
1780221380.8270178,27.22
1780221380.8327322,27.219
1780221380.8381371,27.218
1780221380.8438547,27.219
1780221380.8492382,27.221
1780221380.8547733,27.224
1780221380.8600945,27.223
1780221380.8657067,27.223
1780221380.8715827,27.223
1780221380.87684,27.222
1780221380.8822815,27.222
1780221380.8877065,27.223
1780221380.8930078,27.224
1780221380.8984525,27.222
1780221380.9038548,27.224
1780221380.9092495,27.223
1780221380.9146137,27.223
1780221380.9198623,27.222
1780221380.9254534,27.222
1780221380.9308498,27.222
1780221380.9362357,27.222
1780221380.9414358,27.22
1780221380.9471295,27.223
1780221380.9524796,27.222
1780221380.958109,27.222
1780221380.9640179,27.222
1780221380.9692934,27.221
1780221380.9747074,27.221
1780221380.9801505,27.221
1780221380.9854944,27.222
1780221380.9909108,27.221
1780221380.9962382,27.222
1780221381.0016131,27.221
1780221381.0073974,27.22
1780221381.0132864,27.219
1780221381.0185075,27.219
1780221381.02389,27.218
1780221381.0293148,27.219
1780221381.0346937,27.22
1780221381.0400841,27.219
1780221381.0455275,27.22
1780221381.0509145,27.22
1780221381.0563025,27.22
1780221381.0617428,27.22
1780221381.067109,27.219
1780221381.0725012,27.219
1780221381.0778952,27.22
1780221381.0830922,27.218
1780221381.0887868,27.224
1780221381.094145,27.226
1780221381.099815,27.228
1780221381.1057162,27.23
1780221381.1109529,27.232
1780221381.1163747,27.233
1780221381.1218214,27.236
1780221381.1271656,27.239
1780221381.1325812,27.238
1780221381.1379242,27.238
1780221381.1431289,27.237
1780221381.1487393,27.237
1780221381.1539888,27.237
1780221381.1595697,27.236
1780221381.164968,27.236
1780221381.170421,27.236
1780221381.1757846,27.236
1780221381.1811812,27.235
1780221381.1865463,27.235
1780221381.1922555,27.234
1780221381.1981509,27.234
1780221381.2034175,27.233
1780221381.2088318,27.233
1780221381.214219,27.233
1780221381.2196121,27.234
1780221381.225021,27.232
1780221381.2305012,27.235
1780221381.2358086,27.234
1780221381.241235,27.234
1780221381.246941,27.233
1780221381.252671,27.232
1780221381.2580175,27.232
1780221381.263425,27.232
1780221381.2688189,27.233
1780221381.2742426,27.233
1780221381.2796004,27.234
1780221381.2852805,27.234
1780221381.2910297,27.232
1780221381.2967944,27.23
1780221381.302717,27.229
1780221381.308453,27.229
1780221381.3138406,27.23
1780221381.319183,27.229
1780221381.3243659,27.231
1780221381.3517287,27.225
1780221381.357763,27.226
1780221381.363133,27.226
1780221381.3684745,27.226
1780221381.373841,27.226
1780221381.3795226,27.225
1780221381.3854556,27.225
1780221381.390694,27.225
1780221381.3960478,27.224
1780221381.4012547,27.224
1780221381.4068937,27.225
1780221381.4123163,27.222
1780221381.417762,27.225
1780221381.4230967,27.224
1780221381.4284992,27.224
1780221381.43393,27.223
1780221381.4392836,27.223
1780221381.44473,27.222
1780221381.450083,27.222
1780221381.455521,27.223
1780221381.4608922,27.221
1780221381.466087,27.223
1780221381.4717114,27.222
1780221381.4770951,27.222
1780221381.4825492,27.222
1780221381.4879491,27.221
1780221381.49334,27.221
1780221381.4987974,27.221
1780221381.5041232,27.222
1780221381.5095162,27.222
1780221381.5148892,27.223
1780221381.5201356,27.222
1780221381.5257337,27.222
1780221381.5311353,27.222
1780221381.5365171,27.221
1780221381.541725,27.221
1780221381.547345,27.222
1780221381.5527792,27.22
1780221381.5581372,27.222
1780221381.5635993,27.221
1780221381.5697079,27.221
1780221381.5752666,27.22
1780221381.5811903,27.22
1780221381.5867221,27.22
1780221381.5921912,27.22
1780221381.5977745,27.221
1780221381.60321,27.222
1780221381.6085827,27.224
1780221381.6140316,27.223
1780221381.6194293,27.223
1780221381.62511,27.223
1780221381.6314404,27.222
1780221381.6369631,27.221
1780221381.6424255,27.222
1780221381.6481473,27.221
1780221381.6537352,27.224
1780221381.6593993,27.224
1780221381.6649313,27.224
1780221381.6707895,27.224
1780221381.6764927,27.221
1780221381.6818993,27.22
1780221381.6873024,27.221
1780221381.6926186,27.222
1780221381.698043,27.225
1780221381.7034857,27.226
1780221381.7095058,27.226
1780221381.7151785,27.225
1780221381.7208395,27.223
1780221381.7265537,27.221
1780221381.7325096,27.221
1780221381.7382057,27.222
1780221381.7436213,27.225
1780221381.749054,27.227
1780221381.7544708,27.226
1780221381.7598927,27.226
1780221381.7655993,27.225
1780221381.7713394,27.225
1780221381.7766411,27.225
1780221381.7820334,27.225
1780221381.787424,27.226
1780221381.7926908,27.225
1780221381.7985191,27.227
1780221381.8045483,27.226
1780221381.8104792,27.226
1780221381.8163784,27.225
1780221381.8224382,27.224
1780221381.8282871,27.225
1780221381.8337395,27.226
1780221381.8391047,27.225
1780221381.844543,27.225
1780221381.8501678,27.224
1780221381.8561184,27.224
1780221381.8616292,27.223
1780221381.8673785,27.222
1780221381.872795,27.222
1780221381.8786933,27.222
1780221381.8840885,27.223
1780221381.8896353,27.225
1780221381.8956873,27.224
1780221381.9016237,27.224
1780221381.9069839,27.224
1780221381.9123476,27.223
1780221381.917798,27.223
1780221381.923231,27.223
1780221381.9285717,27.224
1780221381.933928,27.223
1780221381.9393542,27.222
1780221381.9447887,27.222
1780221381.9504786,27.221
1780221381.9567528,27.221
1780221381.9624574,27.22
1780221381.9678743,27.22
1780221381.9736297,27.221
1780221381.9789836,27.222
1780221381.9845026,27.225
1780221381.9898322,27.224
1780221381.9954653,27.224
1780221382.001361,27.224
1780221382.0068827,27.223
1780221382.0123844,27.221
1780221382.0180507,27.222
1780221382.0234642,27.221
1780221382.0288665,27.222
1780221382.0342028,27.222
1780221382.0396307,27.222
1780221382.0453749,27.221
1780221382.0511353,27.221
1780221382.056381,27.22
1780221382.0616095,27.221
1780221382.0672138,27.221
1780221382.0726254,27.219
1780221382.0782688,27.222
1780221382.0841856,27.222
1780221382.089428,27.222
1780221382.0948348,27.221
1780221382.1002865,27.221
1780221382.1056824,27.221
1780221382.1111314,27.221
1780221382.1164513,27.222
1780221382.1218483,27.22
1780221382.1272504,27.221
1780221382.1333885,27.221
1780221382.1393282,27.221
1780221382.1446965,27.22
1780221382.1500626,27.219
1780221382.1555147,27.219
1780221382.160859,27.22
1780221382.1662676,27.217
1780221382.1717515,27.22
1780221382.1771238,27.22
1780221382.1824949,27.219
1780221382.1886153,27.218
1780221382.1945403,27.218
1780221382.1999145,27.218
1780221382.2053006,27.218
1780221382.210734,27.219
1780221382.216061,27.217
1780221382.2214544,27.218
1780221382.2268512,27.218
1780221382.232418,27.217
1780221382.2381425,27.216
1780221382.2437682,27.214
1780221382.2492704,27.214
1780221382.2547305,27.215
1780221382.2604394,27.214
1780221382.2656333,27.215
1780221382.271343,27.216
1780221382.2770119,27.216
1780221382.2828295,27.215
1780221382.2881072,27.215
1780221382.2935114,27.215
1780221382.2989233,27.215
1780221382.304377,27.216
1780221382.3096895,27.213
1780221382.3150969,27.215
1780221382.32049,27.215
1780221382.325789,27.214
1780221382.3316503,27.214
1780221382.3375745,27.214
1780221382.342873,27.213
1780221382.3483672,27.213
1780221382.354132,27.214
1780221382.3595557,27.212
1780221382.364964,27.213
1780221382.3704152,27.213
1780221382.376044,27.212
1780221382.3819635,27.212
1780221382.387861,27.211
1780221382.3938403,27.211
1780221382.3992152,27.212
1780221382.4045725,27.213
1780221382.4102848,27.214
1780221382.4166002,27.213
1780221382.422252,27.212
1780221382.427842,27.211
1780221382.4334676,27.21
1780221382.4389079,27.21
1780221382.4443898,27.211
1780221382.4501996,27.214
1780221382.455596,27.217
1780221382.4610069,27.217
1780221382.4664824,27.217
1780221382.4720714,27.216
1780221382.47799,27.216
1780221382.4832883,27.215
1780221382.4887853,27.215
1780221382.4940941,27.216
1780221382.4994757,27.216
1780221382.504878,27.215
1780221382.5104876,27.215
1780221382.5164366,27.215
1780221382.5216603,27.215
1780221382.5270615,27.215
1780221382.5324466,27.215
1780221382.5378363,27.216
1780221382.543278,27.213
1780221382.5486789,27.217
1780221382.5540464,27.216
1780221382.5594704,27.216
1780221382.5651543,27.216
1780221382.5714657,27.215
1780221382.577138,27.214
1780221382.5825112,27.214
1780221382.588306,27.215
1780221382.5936744,27.217
1780221382.5989897,27.219
1780221382.604161,27.219
1780221382.6097877,27.219
1780221382.6150315,27.218
1780221382.6206675,27.218
1780221382.6261,27.218
1780221382.6315439,27.219
1780221382.6368978,27.218
1780221382.6422586,27.219
1780221382.6476521,27.221
1780221382.6530693,27.22
1780221382.6584473,27.22
1780221382.6638806,27.22
1780221382.669635,27.219
1780221382.6754496,27.219
1780221382.6807148,27.22
1780221382.6861188,27.221
1780221382.6916335,27.223
1780221382.6970317,27.222
1780221382.7026155,27.222
1780221382.7086236,27.221
1780221382.7145457,27.221
1780221382.71984,27.22
1780221382.725292,27.22
1780221382.7310817,27.221
1780221382.736264,27.221
1780221382.7420423,27.222
1780221382.7482383,27.222
1780221382.7541738,27.221
1780221382.759694,27.221
1780221382.7654295,27.218
1780221382.770869,27.218
1780221382.7767203,27.219
1780221382.7821145,27.222
1780221382.7875638,27.223
1780221382.793013,27.223
1780221382.798615,27.222
1780221382.8045382,27.222
1780221382.8097677,27.221
1780221382.8151574,27.221
1780221382.8206258,27.222
1780221382.825964,27.221
1780221382.831413,27.222
1780221382.836764,27.222
1780221382.842166,27.222
1780221382.8475757,27.221
1780221382.85304,27.221
1780221382.8586545,27.22
1780221382.8645606,27.221
1780221382.8697965,27.221
1780221382.8751926,27.221
1780221382.8806589,27.223
1780221382.8862455,27.222
1780221382.8921735,27.222
1780221382.8974235,27.221
1780221382.9028192,27.221
1780221382.9082677,27.221
1780221382.9136746,27.221
1780221382.919074,27.222
1780221382.924494,27.222
1780221382.929864,27.221
1780221382.9352489,27.22
1780221382.9409337,27.22
1780221382.9472435,27.219
1780221382.952946,27.218
1780221382.9583547,27.218
1780221382.9640665,27.219
1780221382.9694493,27.221
1780221382.9749749,27.224
1780221382.9803011,27.223
1780221382.9856687,27.223
1780221382.9913983,27.223
1780221382.9977624,27.222
1780221383.0037332,27.222
1780221383.0091047,27.222
1780221383.0144894,27.221
1780221383.0201602,27.223
1780221383.026585,27.224
1780221383.03254,27.223
1780221383.037919,27.223
1780221383.0433068,27.222
1780221383.0493913,27.221
1780221383.055418,27.222
1780221383.060741,27.222
1780221383.066107,27.222
1780221383.071542,27.223
1780221383.0771563,27.222
1780221383.0830739,27.222
1780221383.0882978,27.222
1780221383.093714,27.221
1780221383.0991623,27.221
1780221383.1044915,27.222
1780221383.109919,27.221
1780221383.1152701,27.224
1780221383.1206734,27.224
1780221383.126196,27.224
1780221383.1318421,27.223
1780221383.1376445,27.223
1780221383.1429036,27.222
1780221383.148289,27.223
1780221383.153719,27.223
1780221383.159455,27.222
1780221383.1657288,27.223
1780221383.1714664,27.222
1780221383.1772757,27.22
1780221383.1830559,27.217
1780221383.188775,27.216
1780221383.1946673,27.216
1780221383.199953,27.217
1780221383.2053876,27.219
1780221383.2108057,27.221
1780221383.216429,27.221
1780221383.2223537,27.22
1780221383.2278655,27.22
1780221383.233683,27.218
1780221383.2391753,27.216
1780221383.2449822,27.217
1780221383.2503703,27.215
1780221383.2558575,27.219
1780221383.2612388,27.219
1780221383.2668295,27.218
1780221383.2727647,27.218
1780221383.2783637,27.217
1780221383.2840624,27.216
1780221383.2895353,27.216
1780221383.295392,27.217
1780221383.30082,27.219
1780221383.3062336,27.22
1780221383.3116596,27.219
1780221383.317267,27.219
1780221383.3231752,27.219
1780221383.3284438,27.218
1780221383.3337696,27.218
1780221383.3390207,27.218
1780221383.3446198,27.218
1780221383.3506768,27.218
1780221383.356632,27.221
1780221383.3627167,27.221
1780221383.3687038,27.221
1780221383.3740826,27.22
1780221383.3794754,27.22
1780221383.384915,27.22
1780221383.3902555,27.221
1780221383.3956535,27.221
1780221383.4010296,27.222
1780221383.406468,27.222
1780221383.4121344,27.221
1780221383.4180515,27.221
1780221383.4235635,27.221
1780221383.4290679,27.22
1780221383.434703,27.22
1780221383.440319,27.219
1780221383.4458292,27.219
1780221383.451662,27.22
1780221383.4575312,27.22
1780221383.462879,27.22
1780221383.4682355,27.219
1780221383.4737835,27.219
1780221383.4792547,27.219
1780221383.4845698,27.219
1780221383.490043,27.218
1780221383.4960926,27.221
1780221383.501882,27.22
1780221383.507281,27.22
1780221383.5127196,27.219
1780221383.518832,27.219
1780221383.5247655,27.219
1780221383.5301437,27.219
1780221383.5354958,27.219
1780221383.5411882,27.222
1780221383.5470035,27.222
1780221383.5522702,27.222
1780221383.5576882,27.221
1780221383.563141,27.221
1780221383.568576,27.22
1780221383.5739458,27.22
1780221383.5793533,27.222
1780221383.5846975,27.22
1780221383.5898752,27.22
1780221383.5955331,27.219
1780221383.6009583,27.219
1780221383.6063275,27.219
1780221383.6117148,27.218
1780221383.6171374,27.218
1780221383.6225634,27.218
1780221383.6279185,27.219
1780221383.6330993,27.217
1780221383.6387172,27.218
1780221383.6442182,27.217
1780221383.6499119,27.216
1780221383.6554208,27.216
1780221383.6609762,27.216
1780221383.6664906,27.216
1780221383.672431,27.216
1780221383.6777666,27.216
1780221383.6832578,27.218
1780221383.688616,27.218
1780221383.693959,27.217
1780221383.6993606,27.217
1780221383.7047508,27.216
1780221383.7100933,27.216
1780221383.7157097,27.216
1780221383.7210546,27.216
1780221383.7265716,27.214
1780221383.7326093,27.218
1780221383.7384288,27.217
1780221383.7438133,27.217
1780221383.7492049,27.217
1780221383.7553525,27.216
1780221383.7613044,27.216
1780221383.7666626,27.217
1780221383.772037,27.217
1780221383.7774909,27.219
1780221383.783093,27.218
1780221383.7891355,27.218
1780221383.7950897,27.217
1780221383.8010309,27.217
1780221383.8062873,27.217
1780221383.8116355,27.217
1780221383.8170907,27.215
1780221383.8225327,27.219
1780221383.8285174,27.218
1780221383.83465,27.217
1780221383.8405411,27.217
1780221383.8458636,27.217
1780221383.8512714,27.217
1780221383.8567173,27.217
1780221383.8620756,27.218
1780221383.8674912,27.218
1780221383.8728397,27.219
1780221383.8782713,27.219
1780221383.8836632,27.219
1780221383.8893847,27.218
1780221383.8951898,27.218
1780221383.9004533,27.217
1780221383.9058473,27.218
1780221383.9112728,27.218
1780221383.916998,27.218
1780221383.923475,27.219
1780221383.9294899,27.218
1780221383.9350512,27.217
1780221383.9407508,27.215
1780221383.9461484,27.214
1780221383.9515762,27.214
1780221383.9569116,27.214
1780221383.9626057,27.215
1780221383.9684548,27.216
1780221383.9736764,27.216
1780221383.9792256,27.215
1780221383.9849885,27.214
1780221383.9907665,27.213
1780221383.9966798,27.213
1780221384.0019362,27.214
1780221384.0072923,27.209
1780221384.0126376,27.208
1780221384.0187333,27.217
1780221384.0248387,27.229
1780221384.030165,27.238
1780221384.0362592,27.252
1780221384.0422134,28.005
1780221384.0475926,28.017
1780221384.052977,28.026
1780221384.058691,28.036
1780221384.0649586,28.048
1780221384.0707164,28.058
1780221384.076433,28.067
1780221384.082002,28.075
1780221384.0875647,28.087
1780221384.0932713,28.096
1780221384.0989819,28.105
1780221384.1044986,28.114
1780221384.1098044,28.127
1780221384.1154041,28.146
1780221384.1207993,28.166
1780221384.1261938,28.169
1780221384.1316519,28.17
1780221384.1372907,28.17
1780221384.1431732,28.169
1780221384.148417,28.168
1780221384.1537762,28.167
1780221384.1592088,28.166
1780221384.1647046,28.166
1780221384.1700652,28.163
1780221384.1754525,28.164
1780221384.1808167,28.163
1780221384.1862147,28.162
1780221384.1919787,28.161
1780221384.1983938,28.158
1780221384.2043073,28.158
1780221384.2096744,28.157
1780221384.2150397,28.157
1780221384.220499,28.156
1780221384.2261038,28.156
1780221384.2320445,28.156
1780221384.2375524,28.154
1780221384.2433186,28.151
1780221384.248987,28.148
1780221384.2549002,28.148
1780221384.260674,28.148
1780221384.2660658,28.149
1780221384.271549,28.151
1780221384.276899,28.15
1780221384.2822657,28.149
1780221384.2880092,28.147
1780221384.2942924,28.145
1780221384.2998216,28.144
1780221384.3052676,28.144
1780221384.3110466,28.142
1780221384.3165183,28.145
1780221384.3222249,28.143
1780221384.3282146,28.144
1780221384.3341227,28.142
1780221384.3400726,28.142
1780221384.3453681,28.141
1780221384.3508012,28.14
1780221384.356158,28.14
1780221384.3615441,28.14
1780221384.3669643,28.139
1780221384.372323,28.137
1780221384.3777533,28.136
1780221384.3831267,28.135
1780221384.3888311,28.134
1780221384.3945994,28.133
1780221384.3998919,28.133
1780221384.405287,28.131
1780221384.4107208,28.134
1780221384.4161835,28.134
1780221384.4217918,28.133
1780221384.4277015,28.132
1780221384.4329371,28.13
1780221384.4383469,28.129
1780221384.4437957,28.129
1780221384.4491315,28.13
1780221384.4546,28.128
1780221384.459931,28.129
1780221384.4653244,28.128
1780221384.470768,28.127
1780221384.476469,28.126
1780221384.4827683,28.124
1780221384.4883,28.123
1780221384.4937882,28.123
1780221384.4995651,28.122
1780221384.5049667,28.124
1780221384.5103822,28.123
1780221384.5158339,28.122
1780221384.5214288,28.121
1780221384.5273492,28.12
1780221384.5325868,28.119
1780221384.5379915,28.119
1780221384.5434725,28.119
1780221384.548806,28.118
1780221384.5542526,28.119
1780221384.5595753,28.118
1780221384.5649745,28.117
1780221384.5703952,28.116
1780221384.5761118,28.114
1780221384.5819402,28.113
1780221384.5872502,28.113
1780221384.5926533,28.111
1780221384.5979753,28.113
1780221384.6034803,28.113
1780221384.6088316,28.112
1780221384.614239,28.111
1780221384.6195934,28.11
1780221384.6250308,28.109
1780221384.630491,28.108
1780221384.6358905,28.108
1780221384.6412477,28.107
1780221384.6466448,28.109
1780221384.652047,28.108
1780221384.657504,28.107
1780221384.6631072,28.105
1780221384.668983,28.105
1780221384.6742556,28.104
1780221384.679653,28.104
1780221384.6851072,28.101
1780221384.6905582,28.103
1780221384.69592,28.102
1780221384.7012613,28.102
1780221384.7066755,28.101
1780221384.7120924,28.1
1780221384.7177756,28.099
1780221384.723604,28.098
1780221384.7289014,28.098
1780221384.7343063,28.098
1780221384.7398274,28.1
1780221384.7451391,28.099
1780221384.7507327,28.098
1780221384.756669,28.097
1780221384.7618961,28.096
1780221384.767284,28.095
1780221384.772753,28.095
1780221384.778101,28.095
1780221384.7835572,28.094
1780221384.7889082,28.095
1780221384.7943432,28.094
1780221384.7997158,28.093
1780221384.8054156,28.092
1780221384.8112235,28.091
1780221384.816509,28.09
1780221384.8218977,28.09
1780221384.8273187,28.089
1780221384.8327844,28.09
1780221384.8381553,28.09
1780221384.8435473,28.089
1780221384.8489017,28.088
1780221384.854348,28.087
1780221384.8597775,28.086
1780221384.8651986,28.086
1780221384.8705666,28.086
1780221384.8759604,28.083
1780221384.8813717,28.084
1780221384.8868027,28.083
1780221384.8924215,28.082
1780221384.8983533,28.081
1780221384.9039845,28.08
1780221384.9096048,28.08
1780221384.9149709,28.08
1780221384.9203818,28.077
1780221384.9257228,28.08
1780221384.931232,28.079
1780221384.9368203,28.077
1780221384.9426208,28.076
1780221384.9479785,28.075
1780221384.9533746,28.075
1780221384.9588375,28.074
1780221384.9641995,28.075
1780221384.969651,28.071
1780221384.9749582,28.072
1780221384.980372,28.071
1780221384.9857914,28.07
1780221384.9915066,28.069
1780221384.9977963,28.068
1780221385.0033438,28.067
1780221385.008807,28.067
1780221385.0146048,28.065
1780221385.0200117,28.067
1780221385.0254636,28.067
1780221385.0308807,28.066
1780221385.0361946,28.065
1780221385.0422964,28.064
1780221385.0483649,28.063
1780221385.0536878,28.063
1780221385.0590293,28.064
1780221385.0644774,28.064
1780221385.0698574,28.064
1780221385.0752537,28.064
1780221385.0806425,28.063
1780221385.0861087,28.062
1780221385.0917356,28.061
1780221385.0976353,28.06
1780221385.1028955,28.061
1780221385.1082525,28.059
1780221385.1137035,28.061
1780221385.1190686,28.06
1780221385.1247807,28.059
1780221385.131071,28.058
1780221385.1367738,28.057
1780221385.1422343,28.054
1780221385.1479523,28.055
1780221385.153298,28.055
1780221385.1587837,28.056
1780221385.1641417,28.055
1780221385.169537,28.055
1780221385.1752393,28.054
1780221385.181045,28.053
1780221385.186559,28.052
1780221385.192279,28.052
1780221385.1976933,28.052
1780221385.2031033,28.051
1780221385.2085648,28.054
1780221385.2139075,28.053
1780221385.2197404,28.052
1780221385.226,28.051
1780221385.232039,28.05
1780221385.237377,28.049
1780221385.2427304,28.05
1780221385.2481697,28.048
1780221385.2535732,28.051
1780221385.2589483,28.051
1780221385.2643058,28.051
1780221385.2697613,28.05
1780221385.275439,28.049
1780221385.281336,28.048
1780221385.2865467,28.048
1780221385.2919075,28.048
1780221385.2973404,28.048
1780221385.3028007,28.049
1780221385.308213,28.048
1780221385.3135371,28.048
1780221385.3189332,28.047
1780221385.3243768,28.046
1780221385.3298216,28.046
1780221385.3352592,28.046
1780221385.340588,28.045
1780221385.345959,28.045
1780221385.3513815,28.045
1780221385.3567991,28.045
1780221385.362487,28.044
1780221385.3683107,28.043
1780221385.3737385,28.042
1780221385.3790312,28.042
1780221385.3843877,28.042
1780221385.3898356,28.041
1780221385.3953445,28.043
1780221385.4006536,28.042
1780221385.4059968,28.042
1780221385.4114223,28.041
1780221385.4168236,28.04
1780221385.4222183,28.039
1780221385.427617,28.039
1780221385.4330332,28.04
1780221385.438459,28.039
1780221385.4438758,28.038
1780221385.4492726,28.038
1780221385.4552855,28.037
1780221385.4612613,28.036
1780221385.4666672,28.035
1780221385.4720497,28.035
1780221385.4774904,28.035
1780221385.482836,28.033
1780221385.4882407,28.034
1780221385.4937105,28.034
1780221385.499105,28.034
1780221385.5047238,28.033
1780221385.510617,28.032
1780221385.5158544,28.031
1780221385.5212684,28.032
1780221385.5267084,28.032
1780221385.5320985,28.031
1780221385.5375257,28.032
1780221385.5428395,28.032
1780221385.548234,28.031
1780221385.5536656,28.03
1780221385.5594046,28.029
1780221385.5652382,28.029
1780221385.5705724,28.029
1780221385.5759244,28.027
1780221385.5813148,28.031
1780221385.586743,28.032
1780221385.5921078,28.031
1780221385.5975065,28.03
1780221385.6028786,28.03
1780221385.6083038,28.029
1780221385.6136928,28.029
1780221385.6191313,28.03
1780221385.6245024,28.028
1780221385.6299255,28.03
1780221385.6352866,28.029
1780221385.6407454,28.029
1780221385.6463964,28.028
1780221385.652327,28.027
1780221385.6576092,28.027
1780221385.6630197,28.027
1780221385.6683807,28.027
1780221385.673788,28.026
1780221385.679188,28.026
1780221385.6845288,28.025
1780221385.68993,28.025
1780221385.6953537,28.024
1780221385.701074,28.023
1780221385.7068925,28.023
1780221385.7122028,28.023
1780221385.7175906,28.022
1780221385.7230847,28.024
1780221385.72841,28.023
1780221385.7338045,28.023
1780221385.7395241,28.022
1780221385.7452173,28.019
1780221385.7506351,28.017
1780221385.7560349,28.017
1780221385.761374,28.018
1780221385.7668147,28.019
1780221385.7722144,28.02
1780221385.7775977,28.019
1780221385.782989,28.019
1780221385.7884595,28.018
1780221385.7940536,28.017
1780221385.7999592,28.017
1780221385.8051934,28.017
1780221385.8105805,28.015
1780221385.8160172,28.017
1780221385.8214288,28.017
1780221385.8268526,28.017
1780221385.8321817,28.016
1780221385.8375828,28.015
1780221385.843057,28.015
1780221385.8484907,28.015
1780221385.8538074,28.015
1780221385.8592358,28.014
1780221385.8645818,28.015
1780221385.8698287,28.015
1780221385.8754876,28.015
1780221385.8811846,28.014
1780221385.8874393,28.013
1780221385.8929482,28.012
1780221385.8983881,28.012
1780221385.9036798,28.01
1780221385.9090774,28.014
1780221385.9144988,28.014
1780221385.9198563,28.014
1780221385.925642,28.014
1780221385.9312863,28.011
1780221385.9368916,28.009
1780221385.9427693,28.009
1780221385.948065,28.01
1780221385.9535003,28.012
1780221385.9589198,28.014
1780221385.9645221,28.013
1780221385.9704707,28.013
1780221385.9759827,28.012
1780221385.981753,28.009
1780221385.9872353,28.008
1780221385.993078,28.009
1780221385.998473,28.009
1780221386.003852,28.012
1780221386.0100348,28.012
1780221386.0159733,28.011
1780221386.0213568,28.01
1780221386.0267015,28.01
1780221386.0321565,28.009
1780221386.0375044,28.009
1780221386.0429199,28.01
1780221386.0482938,28.008
1780221386.0537353,28.009
1780221386.0591204,28.008
1780221386.0648494,28.007
1780221386.0706737,28.007
1780221386.0761743,28.006
1780221386.0820966,28.006
1780221386.0873263,28.006
1780221386.0927045,28.004
1780221386.098139,28.006
1780221386.1035495,28.006
1780221386.108953,28.005
1780221386.114312,28.005
1780221386.119715,28.004
1780221386.1251478,28.003
1780221386.1306007,28.003
1780221386.1359544,28.004
1780221386.1413665,28.003
1780221386.1468852,28.005
1780221386.1522038,28.005
1780221386.1575906,28.005
1780221386.1633174,28.004
1780221386.1697252,28.003
1780221386.1756666,28.003
1780221386.1810112,28.003
1780221386.186364,28.001
1780221386.1920693,28.003
1780221386.1979325,28.003
1780221386.203456,28.003
1780221386.2093678,28.002
1780221386.2148678,28.002
1780221386.2205362,27.255
1780221386.2259402,27.255
1780221386.2314563,28.0
1780221386.2367659,28.0
1780221386.2428634,28.001
1780221386.2485728,27.255
1780221386.254299,27.253
1780221386.260154,27.251
1780221386.2658722,27.249
1780221386.2717655,27.249
1780221386.277015,27.25
1780221386.2824702,27.252
1780221386.287877,27.253
1780221386.2934701,27.252
1780221386.2993665,27.252
1780221386.3046305,27.251
1780221386.3100922,27.251
1780221386.3154926,27.25
1780221386.3209274,27.251
1780221386.3262966,27.252
1780221386.3317072,27.25
1780221386.3371007,27.25
1780221386.3424952,27.25
1780221386.348223,27.249
1780221386.3545616,27.248
1780221386.3605967,27.248
1780221386.3659146,27.247
1780221386.37128,27.248
1780221386.3774061,27.248
1780221386.3834653,27.251
1780221386.3888354,27.25
1780221386.3943992,27.248
1780221386.4003732,27.248
1780221386.4062572,27.248
1780221386.411473,27.248
1780221386.4168231,27.249
1780221386.4220262,27.248
1780221386.4276345,27.252
1780221386.432805,27.251
1780221386.4384406,27.251
1780221386.4439235,27.25
1780221386.4494672,27.249
1780221386.4556825,27.248
1780221386.461594,27.249
1780221386.4672916,27.249
1780221386.4727182,27.252
1780221386.478065,27.253
1780221386.4835553,27.252
1780221386.4896631,27.252
1780221386.495221,27.251
1780221386.501142,27.25
1780221386.506404,27.25
1780221386.5117197,27.251
1780221386.5171459,27.248
1780221386.5225372,27.252
1780221386.5286708,27.252
1780221386.5346258,27.252
1780221386.539989,27.251
1780221386.5453503,27.251
1780221386.5508025,27.25
1780221386.556293,27.251
1780221386.561554,27.252
1780221386.566901,27.249
1780221386.5721939,27.248
1780221386.5780573,27.248
1780221386.5839798,27.247
1780221386.5894878,27.246
1780221386.5952432,27.244
1780221386.6007931,27.243
1780221386.6066132,27.244
1780221386.61199,27.243
1780221386.6173637,27.247
1780221386.622835,27.247
1780221386.6284347,27.247
1780221386.63435,27.246
1780221386.6395884,27.246
1780221386.644981,27.245
1780221386.6504748,27.245
1780221386.6558022,27.246
1780221386.661872,27.244
1780221386.6680176,27.246
1780221386.6738734,27.246
1780221386.6792572,27.245
1780221386.6846435,27.245
1780221386.69074,27.244
1780221386.696659,27.244
1780221386.7020621,27.245
1780221386.7074516,27.244
1780221386.713123,27.244
1780221386.7194185,27.243
1780221386.7251291,27.242
1780221386.730885,27.24
1780221386.7364519,27.238
1780221386.7418578,27.238
1780221386.7473068,27.238
1780221386.7532456,27.242
1780221386.7590907,27.246
1780221386.7644618,27.245
1780221386.7699273,27.244
1780221386.775978,27.243
1780221386.7818894,27.243
1780221386.7872968,27.242
1780221386.7926786,27.243
1780221386.798114,27.244
1780221386.803515,27.242
1780221386.8088865,27.242
1780221386.8142312,27.241
1780221386.8197935,27.24
1780221386.8255033,27.239
1780221386.8312004,27.237
1780221386.8371534,27.237
1780221386.84253,27.238
1780221386.8478642,27.236
1780221386.8535633,27.238
1780221386.8593738,27.238
1780221386.864655,27.238
1780221386.8702075,27.237
1780221386.87595,27.234
1780221386.8814585,27.232
1780221386.8869975,27.233
1780221386.8923438,27.233
1780221386.8977652,27.233
1780221386.9030895,27.235
1780221386.9085472,27.234
1780221386.9139428,27.233
1780221386.9196274,27.233
1780221386.925453,27.232
1780221386.9306946,27.232
1780221386.9360912,27.232
1780221386.9414916,27.231
1780221386.9469414,27.231
1780221386.9526064,27.231
1780221386.9585352,27.231
1780221386.964043,27.23
1780221386.969876,27.228
1780221386.9755917,27.226
1780221386.981046,27.226
1780221386.9863586,27.227
1780221386.9922173,27.226
1780221386.998269,27.229
1780221387.0042477,27.228
1780221387.0101209,27.228
1780221387.0153687,27.228
1780221387.0207226,27.228
1780221387.0259733,27.227
1780221387.0315874,27.228
1780221387.0376172,27.225
1780221387.043625,27.229
1780221387.049623,27.233
1780221387.0556386,27.237
1780221387.0612838,27.241
1780221387.0668519,27.245
1780221387.0722375,27.249
1780221387.0777888,28.003
1780221387.0831716,28.01
1780221387.0885768,28.012
1780221387.0939832,28.013
1780221387.0994163,28.013
1780221387.1050973,28.012
1780221387.11102,28.012
1780221387.1165287,28.011
1780221387.1220355,28.01
1780221387.1276672,28.01
1780221387.1332633,28.01
1780221387.1387827,28.012
1780221387.1446366,28.013
1780221387.1505857,28.012
1780221387.155845,28.011
1780221387.1612449,28.011
1780221387.166688,28.011
1780221387.1720538,28.011
1780221387.177463,28.009
1780221387.1828983,28.01
1780221387.1882899,28.009
1780221387.1936665,28.009
1780221387.1993678,28.008
1780221387.2051709,28.007
1780221387.2104547,28.007
1780221387.215843,28.007
1780221387.221202,28.008
1780221387.226332,28.007
1780221387.2321682,28.009
1780221387.2374563,28.009
1780221387.2428575,28.008
1780221387.2482316,28.008
1780221387.2536607,28.007
1780221387.2594035,28.006
1780221387.2652109,28.006
1780221387.2705283,28.007
1780221387.275902,28.006
1780221387.2812772,28.007
1780221387.2874403,28.006
1780221387.2933593,28.005
1780221387.2987428,28.005
1780221387.304115,28.004
1780221387.3095667,28.004
1780221387.3149204,28.004
1780221387.3203285,28.003
1780221387.3258395,28.005
1780221387.3311744,28.004
1780221387.3365455,28.004
1780221387.3422606,28.003
1780221387.3485358,28.002
1780221387.354033,28.001
1780221387.3595219,28.001
1780221387.3652995,28.002
1780221387.3707042,28.004
1780221387.3761258,28.005
1780221387.381596,28.004
1780221387.3872058,28.004
1780221387.3930755,28.003
1780221387.39835,28.003
1780221387.40371,28.002
1780221387.4089165,28.003
1780221387.41452,28.0
1780221387.4206085,28.001
1780221387.4265268,28.0
1780221387.4323077,27.255
1780221387.4385717,27.254
1780221387.444244,27.253
1780221387.4496598,27.252
1780221387.4554007,27.253
1780221387.4607859,27.255
1780221387.4661372,28.003
1780221387.4716747,28.003
1780221387.4774175,28.001
1780221387.4831607,27.255
1780221387.48907,27.254
1780221387.4944532,27.253
1780221387.4998224,27.254
1780221387.5052505,27.254
1780221387.5106936,27.254
1780221387.5160244,27.253
1780221387.521413,27.252
1780221387.5268388,27.252
1780221387.5322459,27.251
1780221387.5383596,27.25
1780221387.5442798,27.25
1780221387.549668,27.251
1780221387.5550222,27.249
1780221387.5604677,27.251
1780221387.5661137,27.251
1780221387.572028,27.251
1780221387.5775344,27.25
1780221387.5832822,27.248
1780221387.5887082,27.246
1780221387.5941482,27.246
1780221387.599462,27.247
1780221387.6048942,27.247
1780221387.6102834,27.248
1780221387.6163762,27.247
1780221387.622291,27.247
1780221387.6277072,27.246
1780221387.633083,27.245
1780221387.63852,27.245
1780221387.6438715,27.246
1780221387.649283,27.244
1780221387.654656,27.248
1780221387.6600883,27.247
1780221387.665795,27.247
1780221387.6716728,27.247
1780221387.6771815,27.246
1780221387.6826735,27.243
1780221387.6883771,27.244
1780221387.6937408,27.245
1780221387.6991284,27.247
1780221387.7045403,27.246
1780221387.709909,27.246
1780221387.7156093,27.245
1780221387.7214482,27.244
1780221387.7269495,27.244
1780221387.7328453,27.244
1780221387.7381146,27.245
1780221387.7434938,27.244
1780221387.7488976,27.246
1780221387.7545533,27.246
1780221387.7604706,27.246
1780221387.7657287,27.245
1780221387.771129,27.244
1780221387.7765834,27.243
1780221387.7819312,27.244
1780221387.7873907,27.244
1780221387.7927303,27.243
1780221387.7981782,27.243
1780221387.803544,27.242
1780221387.8092558,27.241
1780221387.8155591,27.241
1780221387.8212302,27.239
1780221387.8266282,27.239
1780221387.8323953,27.24
1780221387.8377757,27.24
1780221387.8432932,27.242
1780221387.8486202,27.241
1780221387.8539975,27.241
1780221387.8600428,27.24
1780221387.8657174,27.239
1780221387.871132,27.237
1780221387.8768697,27.238
1780221387.8822002,27.239
1780221387.8876262,27.24
1780221387.893027,27.239
1780221387.898393,27.239
1780221387.9041317,27.238
1780221387.9103916,27.237
1780221387.9160798,27.236
1780221387.9215112,27.236
1780221387.927224,27.237
1780221387.9326196,27.239
1780221387.9381309,27.241
1780221387.943485,27.241
1780221387.9488328,27.24
1780221387.9545438,27.24
1780221387.9608212,27.239
1780221387.9663126,27.238
1780221387.9717991,27.238
1780221387.9770987,27.237
1780221387.9825165,27.24
1780221387.9878855,27.24
1780221387.9934998,27.239
1780221387.999456,27.239
1780221388.004749,27.238
1780221388.0104346,27.237
1780221388.0163333,27.237
1780221388.0220394,27.238
1780221388.027662,27.239
1780221388.0331953,27.238
1780221388.0392222,27.238
1780221388.0451467,27.238
1780221388.051116,27.237
1780221388.0570126,27.237
1780221388.0622675,27.237
1780221388.0676568,27.237
1780221388.0731115,27.236
1780221388.0786138,27.238
1780221388.0845659,27.237
1780221388.0905561,27.237
1780221388.0959275,27.236
1780221388.1013055,27.236
1780221388.106747,27.235
1780221388.1121602,27.235
1780221388.117522,27.236
1780221388.1229403,27.235
1780221388.1283555,27.235
1780221388.1337097,27.234
1780221388.139773,27.233
1780221388.145801,27.233
1780221388.1511672,27.232
1780221388.1565373,27.232
1780221388.1619623,27.233
1780221388.1672983,27.23
1780221388.1727178,27.232
1780221388.1781435,27.232
1780221388.1835814,27.231
1780221388.1891794,27.231
1780221388.195103,27.23
1780221388.2004986,27.229
1780221388.2059767,27.23
1780221388.2117207,27.23
1780221388.2171466,27.229
1780221388.2225122,27.23
1780221388.227949,27.229
1780221388.2336216,27.229
1780221388.2395482,27.228
1780221388.2450676,27.228
1780221388.250627,27.227
1780221388.2561893,27.227
1780221388.2615988,27.227
1780221388.2672026,27.23
1780221388.273175,27.231
1780221388.2785075,27.231
1780221388.2842216,27.229
1780221388.2899735,27.228
1780221388.2958643,27.228
1780221388.3011901,27.228
1780221388.3065674,27.229
1780221388.312001,27.229
1780221388.3176277,27.23
1780221388.323591,27.23
1780221388.329106,27.229
1780221388.3347104,27.227
1780221388.3402987,27.225
1780221388.3462284,27.226
1780221388.3516424,27.227
1780221388.3570344,27.229
1780221388.3627224,27.229
1780221388.3690133,27.228
1780221388.3747942,27.226
1780221388.380485,27.224
1780221388.386056,27.222
1780221388.3914998,27.222
1780221388.3969612,27.223
1780221388.4026268,27.224
1780221388.4084134,27.227
1780221388.4147353,27.227
1780221388.4207263,27.227
1780221388.4260876,27.227
1780221388.4315183,27.226
1780221388.4368637,27.226
1780221388.4423091,27.226
1780221388.447672,27.227
1780221388.453022,27.226
1780221388.458554,27.225
1780221388.4641173,27.225
1780221388.4700193,27.225
1780221388.475266,27.224
1780221388.4806736,27.223
1780221388.486127,27.223
1780221388.4914734,27.224
1780221388.4974892,27.22
1780221388.5036488,27.225
1780221388.5096738,27.228
1780221388.5155652,27.227
1780221388.5214787,27.227
1780221388.5269296,27.226
1780221388.5323398,27.226
1780221388.5377486,27.226
1780221388.5430868,27.227
1780221388.5485063,27.226
1780221388.5539098,27.227
1780221388.559362,27.227
1780221388.5649717,27.226
1780221388.570877,27.226
1780221388.5761108,27.226
1780221388.5815268,27.226
1780221388.5869741,27.227
1780221388.592507,27.225
1780221388.5984228,27.229
1780221388.6037354,27.229
1780221388.6091325,27.229
1780221388.6152484,27.228
1780221388.6211965,27.228
1780221388.6265259,27.228
1780221388.6319292,27.228
1780221388.637355,27.228
1780221388.6430454,27.227
1780221388.649095,27.23
1780221388.6549985,27.229
1780221388.6609364,27.229
1780221388.6664352,27.228
1780221388.672228,27.226
1780221388.6776388,27.226
1780221388.6830385,27.227
1780221388.688399,27.228
1780221388.69414,27.228
1780221388.7004848,27.227
1780221388.7064536,27.226
1780221388.711821,27.226
1780221388.717195,27.225
1780221388.722632,27.225
1780221388.727963,27.226
1780221388.733417,27.222
1780221388.738849,27.226
1780221388.7442467,27.225
1780221388.749607,27.225
1780221388.7553587,27.224
1780221388.7616136,27.223
1780221388.767284,27.222
1780221388.772682,27.222
1780221388.778374,27.224
1780221388.7837982,27.225
1780221388.7891984,27.226
1780221388.7946286,27.226
1780221388.8000383,27.226
1780221388.8061678,27.225
1780221388.8120935,27.225
1780221388.8174672,27.225
1780221388.8228154,27.225
1780221388.8288887,27.222
1780221388.8347626,27.226
1780221388.8405652,27.227
1780221388.846094,27.225
1780221388.8519964,27.225
1780221388.8578913,27.224
1780221388.8636405,27.224
1780221388.8690689,27.224
1780221388.8744266,27.225
1780221388.8796954,27.225
1780221388.8856173,27.226
1780221388.891521,27.226
1780221388.8975058,27.225
1780221388.9034493,27.225
1780221388.9089613,27.224
1780221388.914464,27.224
1780221388.9200795,27.225
1780221388.926095,27.226
1780221388.9316661,27.226
1780221388.937152,27.224
1780221388.9431744,27.224
1780221388.9490855,27.224
1780221388.9545963,27.223
1780221388.9600594,27.222
1780221388.965721,27.223
1780221388.971104,27.223
1780221388.9766247,27.225
1780221388.9819615,27.225
1780221388.9873462,27.224
1780221388.9930298,27.224
1780221388.9993112,27.223
1780221389.0048718,27.222
1780221389.010362,27.223
1780221389.016109,27.224
1780221389.021506,27.225
1780221389.0269394,27.227
1780221389.0323822,27.226
1780221389.0380447,27.226
1780221389.0439289,27.226
1780221389.0494466,27.225
1780221389.0549407,27.224
1780221389.060563,27.225
1780221389.0659785,27.225
1780221389.0715513,27.228
1780221389.076922,27.227
1780221389.0824435,27.226
1780221389.0884428,27.225
1780221389.094364,27.225
1780221389.0996273,27.225
1780221389.1050603,27.225
1780221389.1103847,27.226
1780221389.1160755,27.226
1780221389.122119,27.228
1780221389.1280305,27.228
1780221389.1339266,27.228
1780221389.13918,27.227
1780221389.1445312,27.227
1780221389.1497774,27.227
1780221389.155382,27.228
1780221389.1608484,27.227
1780221389.1661613,27.229
1780221389.1715643,27.228
1780221389.1769946,27.228
1780221389.1831312,27.227
1780221389.1890798,27.227
1780221389.1944642,27.226
1780221389.1998293,27.227
1780221389.2052522,27.225
1780221389.2107015,27.228
1780221389.2160215,27.229
1780221389.2213843,27.229
1780221389.2268233,27.228
1780221389.2325063,27.228
1780221389.2383976,27.228
1780221389.2436295,27.227
1780221389.2489908,27.228
1780221389.2541957,27.227
1780221389.2599106,27.229
1780221389.265228,27.229
1780221389.2705984,27.228
1780221389.2760851,27.228
1780221389.281801,27.226
1780221389.2877238,27.226
1780221389.2935116,27.227
1780221389.298886,27.227
1780221389.304284,27.226
1780221389.3096495,27.226
1780221389.315054,27.225
1780221389.320489,27.225
1780221389.326166,27.224
1780221389.332091,27.224
1780221389.3373537,27.224
1780221389.342652,27.224
1780221389.3480465,27.222
1780221389.353451,27.226
1780221389.3588462,27.226
1780221389.364252,27.226
1780221389.3697417,27.225
1780221389.3755062,27.224
1780221389.3814456,27.223
1780221389.3871021,27.223
1780221389.3925812,27.224
1780221389.3978827,27.224
1780221389.4032567,27.223
1780221389.4087157,27.222
1780221389.4141307,27.222
1780221389.419481,27.222
1780221389.4248707,27.221
1780221389.430304,27.221
1780221389.4357133,27.222
1780221389.4410887,27.222
1780221389.4464796,27.22
1780221389.4519017,27.221
1780221389.457287,27.22
1780221389.462697,27.22
1780221389.4679093,27.219
1780221389.4738023,27.218
1780221389.4796948,27.219
1780221389.484948,27.219
1780221389.490297,27.218
1780221389.495493,27.22
1780221389.501103,27.219
1780221389.5063496,27.219
1780221389.5119545,27.218
1780221389.5173433,27.218
1780221389.5227532,27.217
1780221389.5281746,27.218
1780221389.5335636,27.219
1780221389.5389812,27.218
1780221389.5443637,27.219
1780221389.5497818,27.218
1780221389.5552,27.218
1780221389.5609205,27.217
1780221389.5671992,27.217
1780221389.5727134,27.216
1780221389.5781653,27.217
1780221389.5834506,27.215
1780221389.5887434,27.217
1780221389.5939655,27.217
1780221389.5996172,27.217
1780221389.6050055,27.216
1780221389.6104121,27.216
1780221389.615799,27.216
1780221389.621161,27.216
1780221389.6263855,27.217
1780221389.6319876,27.215
1780221389.6371813,27.217
1780221389.6427832,27.216
1780221389.6481745,27.216
1780221389.6536224,27.216
1780221389.6590428,27.216
1780221389.6646883,27.216
1780221389.6706107,27.216
1780221389.6758747,27.217
1780221389.6812186,27.217
1780221389.6864104,27.216
1780221389.6923018,27.216
1780221389.6981986,27.216
1780221389.7034504,27.215
1780221389.708821,27.215
1780221389.7142096,27.215
1780221389.7196493,27.215
1780221389.725072,27.212
1780221389.7305298,27.215
1780221389.735861,27.215
1780221389.7412786,27.215
1780221389.7466862,27.214
1780221389.7520938,27.214
1780221389.7578568,27.213
1780221389.7633648,27.213
1780221389.7689233,27.214
1780221389.774293,27.214
1780221389.7797747,27.216
1780221389.7850878,27.216
1780221389.7904475,27.215
1780221389.7956593,27.215
1780221389.801253,27.214
1780221389.8065462,27.214
1780221389.8123746,27.214
1780221389.818068,27.215
1780221389.8232737,27.213
1780221389.8288493,27.215
1780221389.8343945,27.214
1780221389.8401315,27.212
1780221389.8459063,27.21
1780221389.8518016,27.21
1780221389.85711,27.21
1780221389.8625154,27.211
1780221389.8679311,27.209
1780221389.8732917,27.213
1780221389.87869,27.213
1780221389.8840983,27.213
1780221389.8892999,27.213
1780221389.894899,27.212
1780221389.9004526,27.212
1780221389.9059398,27.212
1780221389.9117665,27.213
1780221389.917144,27.213
1780221389.9224942,27.214
1780221389.9277077,27.214
1780221389.9333062,27.213
1780221389.9388204,27.212
1780221389.9448612,27.212
1780221389.9501293,27.212
1780221389.9553263,27.213
1780221389.9608989,27.213
1780221389.966073,27.212
1780221389.971728,27.212
1780221389.9772146,27.212
1780221389.9829416,27.21
1780221389.9884403,27.21
1780221389.9939618,27.209
1780221389.99949,27.209
1780221390.005427,27.21
1780221390.01079,27.209
1780221390.016278,27.211
1780221390.021641,27.211
1780221390.026979,27.21
1780221390.0323827,27.21
1780221390.037779,27.21
1780221390.0432093,27.209
1780221390.0487163,27.21
1780221390.0540757,27.211
1780221390.0594234,27.209
1780221390.0648167,27.209
1780221390.070224,27.208
1780221390.0756774,27.208
1780221390.0812943,27.207
1780221390.087236,27.207
1780221390.092499,27.207
1780221390.0978436,27.208
1780221390.1032612,27.203
1780221390.1087947,27.202
1780221390.1140263,27.212
1780221390.1193833,27.221
1780221390.1249259,27.232
1780221390.1306143,27.241
1780221390.1365209,27.254
1780221390.1425343,28.01
1780221390.1484306,28.019
1780221390.1536648,28.03
1780221390.1590207,28.038
1780221390.1645708,28.049
1780221390.1702738,28.06
1780221390.1760159,28.07
1780221390.1819181,28.079
1780221390.187344,28.089
1780221390.192697,28.097
1780221390.1981306,28.108
1780221390.2034853,28.116
1780221390.2089012,28.13
1780221390.214248,28.152
1780221390.2194378,28.157
1780221390.225083,28.16
1780221390.2305813,28.161
1780221390.2361326,28.16
1780221390.2420757,28.159
1780221390.2473085,28.158
1780221390.2527196,28.157
1780221390.258132,28.157
1780221390.2634985,28.157
1780221390.2689254,28.155
1780221390.2744205,28.157
1780221390.279764,28.156
1780221390.2850833,28.155
1780221390.2908044,28.153
1780221390.2965958,28.152
1780221390.3018994,28.151
1780221390.3072937,28.15
1780221390.312689,28.15
1780221390.3178706,28.148
1780221390.3235369,28.148
1780221390.328918,28.147
1780221390.334319,28.146
1780221390.3397539,28.145
1780221390.345184,28.143
1780221390.3505697,28.142
1780221390.3559623,28.141
1780221390.3613656,28.138
1780221390.366838,28.141
1780221390.37216,28.14
1780221390.377816,28.139
1780221390.3837166,28.138
1780221390.3889694,28.137
1780221390.3944044,28.136
1780221390.399829,28.135
1780221390.4051833,28.135
1780221390.4105942,28.133
1780221390.415935,28.132
1780221390.4211426,28.131
1780221390.426751,28.129
1780221390.432314,28.128
1780221390.438118,28.124
1780221390.4436424,28.122
1780221390.4490874,28.122
1780221390.4544082,28.12
1780221390.4598513,28.118
1780221390.465467,28.118
1780221390.4713912,28.117
1780221390.476897,28.116
1780221390.482563,28.113
1780221390.4881935,28.11
1780221390.49405,28.109
1780221390.4994633,28.109
1780221390.5048678,28.11
1780221390.5105305,28.108
1780221390.5168362,28.107
1780221390.5225925,28.104
1780221390.528306,28.101
1780221390.533914,28.098
1780221390.5393195,28.097
1780221390.5447881,28.097
1780221390.5505033,28.1
1780221390.5558453,28.1
1780221390.5612128,28.099
1780221390.566505,28.098
1780221390.5720925,28.097
1780221390.5781784,28.094
1780221390.5841188,28.093
1780221390.589508,28.093
1780221390.5948339,28.093
1780221390.6004105,28.092
1780221390.605964,28.091
1780221390.61199,28.09
1780221390.617921,28.089
1780221390.6237602,28.087
1780221390.6297414,28.086
1780221390.6351483,28.086
1780221390.6405027,28.085
1780221390.645914,28.084
1780221390.6512845,28.085
1780221390.6566858,28.084
1780221390.6621232,28.083
1780221390.6675177,28.082
1780221390.6731641,28.081
1780221390.679072,28.08
1780221390.6843166,28.08
1780221390.6896553,28.078
1780221390.6951177,28.078
1780221390.7006712,28.078
1780221390.7065716,28.077
1780221390.7119744,28.076
1780221390.7173605,28.076
1780221390.7234395,28.073
1780221390.7294538,28.073
1780221390.7347953,28.073
1780221390.740135,28.071
1780221390.745581,28.071
1780221390.7512057,28.07
1780221390.7571328,28.069
1780221390.7626345,28.068
1780221390.7684438,28.066
1780221390.7739556,28.064
1780221390.77977,28.064
1780221390.7851572,28.064
1780221390.790693,28.066
1780221390.7967162,28.064
1780221390.8026307,28.064
1780221390.8080208,28.062
1780221390.8134036,28.062
1780221390.8188305,28.06
1780221390.824273,28.06
1780221390.8296041,28.06
1780221390.8349757,28.058
1780221390.8404021,28.057
1780221390.8458226,28.056
1780221390.8519647,28.055
1780221390.8578715,28.054
1780221390.8632483,28.052
1780221390.8686323,28.052
1780221390.8740535,28.052
1780221390.8793821,28.048
1780221390.884765,28.05
1780221390.890177,28.049
1780221390.8957384,28.048
1780221390.9015396,28.046
1780221390.9072487,28.044
1780221390.9131608,28.044
1780221390.9184291,28.043
1780221390.9237752,28.044
1780221390.9292798,28.044
1780221390.9348881,28.043
1780221390.940702,28.043
1780221390.9460642,28.042
1780221390.9514763,28.041
1780221390.9568582,28.04
1780221390.9622748,28.039
1780221390.9677114,28.039
1780221390.97302,28.036
1780221390.9785876,28.037
1780221390.9842947,28.036
1780221390.9901936,28.036
1780221390.9960945,28.035
1780221391.002024,28.034
1780221391.0072682,28.033
1780221391.0127363,28.033
1780221391.0181262,28.032
1780221391.0235512,28.033
1780221391.0295398,28.032
1780221391.0350723,28.03
1780221391.0408034,28.029
1780221391.0464969,28.027
1780221391.0524275,28.026
1780221391.05769,28.026
1780221391.0630696,28.026
1780221391.0685184,28.026
1780221391.0741346,28.027
1780221391.080052,28.027
1780221391.0853095,28.026
1780221391.090734,28.025
1780221391.096163,28.024
1780221391.1015322,28.023
1780221391.1069653,28.023
1780221391.1123374,28.023
1780221391.1177502,28.022
1780221391.123137,28.022
1780221391.128585,28.022
1780221391.134173,28.021
1780221391.1400948,28.02
1780221391.1453378,28.019
1780221391.150724,28.018
1780221391.156197,28.018
1780221391.1615071,28.015
1780221391.1668007,28.017
1780221391.172618,28.016
1780221391.1785371,28.015
1780221391.1840675,28.014
1780221391.1899,28.012
1780221391.1954238,28.009
1780221391.201187,28.01
1780221391.2065718,28.009
1780221391.2119937,28.012
1780221391.2174208,28.012
1780221391.2230358,28.012
1780221391.2289314,28.011
1780221391.234177,28.009
1780221391.239595,28.009
1780221391.245041,28.008
1780221391.250407,28.008
1780221391.2557936,28.006
1780221391.2612832,28.008
1780221391.266596,28.007
1780221391.2720122,28.006
1780221391.2781265,28.005
1780221391.2840524,28.004
1780221391.2894526,28.003
1780221391.2948916,28.003
1780221391.3002348,28.003
1780221391.305597,28.002
1780221391.3109584,28.001
1780221391.316409,28.0
1780221391.3218396,27.255
1780221391.3272514,27.254
1780221391.3329575,27.253
1780221391.338732,27.253
1780221391.3440366,27.253
1780221391.3494732,27.252
1780221391.3549738,27.254
1780221391.3605523,27.253
1780221391.3668175,27.252
1780221391.372546,27.251
1780221391.3781304,27.249
1780221391.3835428,27.248
1780221391.3891363,27.248
1780221391.3944573,27.25
1780221391.3998544,27.251
1780221391.405222,27.252
1780221391.410622,27.251
1780221391.4163034,27.249
1780221391.4221573,27.249
1780221391.427479,27.248
1780221391.4328854,27.247
1780221391.4383435,27.248
1780221391.4436653,27.247
1780221391.4490962,27.249
1780221391.4544604,27.249
1780221391.4598837,27.248
1780221391.4653037,27.248
1780221391.470992,27.246
1780221391.4768252,27.245
1780221391.4821558,27.245
1780221391.487536,27.246
1780221391.4929583,27.246
1780221391.4986222,27.245
1780221391.504457,27.245
1780221391.5099564,27.244
1780221391.515881,27.243
1780221391.521116,27.242
1780221391.526508,27.241
1780221391.5325155,27.242
1780221391.537978,27.242
1780221391.5433707,27.244
1780221391.5490289,27.243
1780221391.5553591,27.242
1780221391.5610404,27.24
1780221391.5666902,27.24
1780221391.5721107,27.239
1780221391.577631,27.239
1780221391.582926,27.239
1780221391.589009,27.241
1780221391.594612,27.24
1780221391.600142,27.239
1780221391.60611,27.238
1780221391.6120172,27.237
1780221391.617794,27.237
1780221391.6231787,27.237
1780221391.6285236,27.237
1780221391.634007,27.238
1780221391.6402369,27.24
1780221391.6456213,27.24
1780221391.6515486,27.239
1780221391.6567805,27.239
1780221391.662173,27.238
1780221391.6676397,27.237
1780221391.6729903,27.238
1780221391.678467,27.237
1780221391.683781,27.238
1780221391.6891906,27.237
1780221391.6946142,27.237
1780221391.700363,27.236
1780221391.7061112,27.235
1780221391.7113783,27.234
1780221391.716766,27.234
1780221391.7221942,27.235
1780221391.7276537,27.233
1780221391.7330196,27.234
1780221391.7384534,27.233
1780221391.7438262,27.233
1780221391.7492058,27.232
1780221391.7546287,27.232
1780221391.7600822,27.231
1780221391.7654517,27.231
1780221391.7708395,27.229
1780221391.776356,27.231
1780221391.7816966,27.231
1780221391.7873027,27.23
1780221391.793194,27.23
1780221391.7984474,27.229
1780221391.803859,27.228
1780221391.80931,27.228
1780221391.8146644,27.228
1780221391.8207052,27.228
1780221391.8267686,27.23
1780221391.8328626,27.231
1780221391.838425,27.23
1780221391.84394,27.228
1780221391.849905,27.228
1780221391.8554034,27.227
1780221391.8609715,27.228
1780221391.866613,27.229
1780221391.872645,27.231
1780221391.8785262,27.231
1780221391.8844728,27.23
1780221391.8905194,27.23
1780221391.8964267,27.229
1780221391.9016988,27.229
1780221391.9070694,27.229
1780221391.91254,27.228
1780221391.9182758,27.229
1780221391.9242191,27.23
1780221391.9301612,27.229
1780221391.9360805,27.228
1780221391.9413145,27.227
1780221391.946672,27.227
1780221391.9518876,27.227
1780221391.9574797,27.228
1780221391.9632783,27.226
1780221391.969642,27.227
1780221391.9756162,27.227
1780221391.980983,27.226
1780221391.9863532,27.225
1780221391.992106,27.224
1780221391.9978375,27.224
1780221392.003143,27.225
1780221392.008564,27.223
1780221392.0140257,27.225
1780221392.0194116,27.224
1780221392.0250056,27.224
1780221392.0309372,27.223
1780221392.036466,27.222
1780221392.0419855,27.221
1780221392.0475988,27.221
1780221392.053007,27.222
1780221392.0584793,27.224
1780221392.0638168,27.224
1780221392.0691774,27.223
1780221392.0745964,27.222
1780221392.08023,27.221
1780221392.0861335,27.221
1780221392.09138,27.221
1780221392.0967731,27.221
1780221392.1022458,27.22
1780221392.10762,27.222
1780221392.1136518,27.221
1780221392.1193063,27.22
1780221392.124897,27.218
1780221392.1304584,27.217
1780221392.1359093,27.216
1780221392.141369,27.217
1780221392.1466596,27.218
1780221392.1522148,27.219
1780221392.1582663,27.222
1780221392.1640055,27.222
1780221392.1694167,27.221
1780221392.1748261,27.22
1780221392.1802838,27.219
1780221392.1856422,27.219
1780221392.191056,27.22
1780221392.1963787,27.218
1780221392.2016912,27.219
1780221392.2075164,27.218
1780221392.2135205,27.218
1780221392.2194939,27.217
1780221392.2255003,27.216
1780221392.2314215,27.216
1780221392.2366595,27.217
1780221392.2420418,27.216
1780221392.2474868,27.218
1780221392.252843,27.218
1780221392.258946,27.216
1780221392.264982,27.216
1780221392.2702904,27.215
1780221392.275683,27.214
1780221392.281134,27.214
1780221392.2864954,27.215
1780221392.2918925,27.213
1780221392.2972538,27.214
1780221392.3026652,27.214
1780221392.3083692,27.213
1780221392.314256,27.212
1780221392.3198104,27.212
1780221392.3252988,27.211
1780221392.330923,27.211
1780221392.3363087,27.21
1780221392.3418357,27.212
1780221392.3471632,27.212
1780221392.3525362,27.212
1780221392.358223,27.211
1780221392.36452,27.21
1780221392.370022,27.208
1780221392.3755054,27.209
1780221392.3813055,27.21
1780221392.3866837,27.211
1780221392.3921275,27.212
1780221392.3975875,27.212
1780221392.4032056,27.212
1780221392.4090967,27.211
1780221392.4143424,27.211
1780221392.4197545,27.21
1780221392.4252024,27.211
1780221392.4305496,27.207
1780221392.4366195,27.209
1780221392.4426627,27.209
1780221392.4480155,27.208
1780221392.4533691,27.208
1780221392.459459,27.207
1780221392.4655235,27.206
1780221392.470831,27.206
1780221392.4761698,27.207
1780221392.4816144,27.206
1780221392.4872153,27.206
1780221392.4931326,27.206
1780221392.4983816,27.205
1780221392.5037708,27.204
1780221392.5092437,27.204
1780221392.514592,27.203
1780221392.5200455,27.204
1780221392.5253549,27.201
1780221392.5306401,27.203
1780221392.5361805,27.201
1780221392.5417395,27.199
1780221392.5474594,27.197
1780221392.5532286,27.195
1780221392.559148,27.195
1780221392.5644388,27.196
1780221392.569789,27.197
1780221392.5752285,27.198
1780221392.5806382,27.199
1780221392.5863192,27.199
1780221392.592149,27.197
1780221392.5979426,27.195
1780221392.6036656,27.193
1780221392.6095676,27.193
1780221392.6148403,27.193
1780221392.6201975,27.195
1780221392.6253848,27.195
1780221392.631006,27.195
1780221392.6364944,27.195
1780221392.6421952,27.193
1780221392.6481183,27.193
1780221392.6538446,27.192
1780221392.6592355,27.193
1780221392.6646054,27.193
1780221392.6697872,27.192
1780221392.6754346,27.193
1780221392.6812,27.193
1780221392.686965,27.192
1780221392.692238,27.192
1780221392.6976376,27.191
1780221392.7030277,27.191
1780221392.7082298,27.192
1780221392.7138014,27.189
1780221392.7189796,27.193
1780221392.724659,27.193
1780221392.730056,27.193
1780221392.7354863,27.192
1780221392.7409155,27.192
1780221392.746551,27.191
1780221392.752476,27.191
1780221392.7577088,27.192
1780221392.763095,27.191
1780221392.7684693,27.19
1780221392.7741451,27.19
1780221392.7800674,27.19
1780221392.7853205,27.189
1780221392.7906737,27.188
1780221392.7958822,27.188
1780221392.801526,27.188
1780221392.8069353,27.185
1780221392.8123953,27.188
1780221392.8177245,27.188
1780221392.8231392,27.188
1780221392.8285563,27.187
1780221392.833911,27.187
1780221392.839301,27.186
1780221392.844696,27.185
1780221392.8499436,27.186
1780221392.8555093,27.184
1780221392.860701,27.184
1780221392.8663356,27.184
1780221392.8717206,27.183
1780221392.877159,27.183
1780221392.8825755,27.182
1780221392.88798,27.181
1780221392.8933885,27.182
1780221392.8987322,27.182
1780221392.9041326,27.18
1780221392.9095237,27.181
1780221392.9148238,27.181
1780221392.9205022,27.181
1780221392.9263792,27.18
1780221392.9320858,27.178
1780221392.9375372,27.177
1780221392.9432125,27.178
1780221392.9485955,27.177
1780221392.9539604,27.181
1780221392.9593592,27.182
1780221392.964808,27.182
1780221392.9705453,27.181
1780221392.9762988,27.18
1780221392.9815683,27.18
1780221392.9868114,27.18
1780221392.9924202,27.18
1780221392.9978287,27.179
1780221393.0031602,27.179
1780221393.0084224,27.179
1780221393.014022,27.178
1780221393.019486,27.178
1780221393.0247998,27.177
1780221393.0302005,27.177
1780221393.035675,27.177
1780221393.0410395,27.177
1780221393.0464175,27.176
1780221393.0515969,27.176
1780221393.0572388,27.176
1780221393.0626695,27.175
1780221393.0680285,27.175
1780221393.0734277,27.174
1780221393.078833,27.174
1780221393.0842574,27.174
1780221393.089623,27.172
1780221393.094768,27.173
1780221393.100428,27.173
1780221393.105719,27.173
1780221393.1115336,27.172
1780221393.1172698,27.172
1780221393.1232975,27.171
1780221393.1288037,27.171
1780221393.134108,27.171
1780221393.1394928,27.171
1780221393.1448731,27.172
1780221393.1506681,27.172
1780221393.1563492,27.171
1780221393.1616814,27.171
1780221393.1670582,27.17
1780221393.1724916,27.17
1780221393.177917,27.17
1780221393.1832454,27.168
1780221393.1884067,27.17
1780221393.1940732,27.17
1780221393.1996636,27.17
1780221393.2054322,27.169
1780221393.2109368,27.168
1780221393.2163913,27.167
1780221393.2217023,27.167
1780221393.227145,27.168
1780221393.2324839,27.167
1780221393.2376745,27.168
1780221393.2433486,27.168
1780221393.2487605,27.167
1780221393.2543972,27.166
1780221393.2603052,27.166
1780221393.265549,27.165
1780221393.2710285,27.166
1780221393.276373,27.166
1780221393.28177,27.165
1780221393.2871273,27.165
1780221393.2925298,27.165
1780221393.2979128,27.164
1780221393.3034039,27.163
1780221393.3087866,27.163
1780221393.3141363,27.162
1780221393.3195333,27.163
1780221393.3249032,27.161
1780221393.330061,27.162
1780221393.3357713,27.162
1780221393.3415287,27.161
1780221393.3477647,27.161
1780221393.3535197,27.159
1780221393.358984,27.156
1780221393.364599,27.157
1780221393.36999,27.158
1780221393.3754597,27.16
1780221393.3807917,27.16
1780221393.3864417,27.159
1780221393.3923728,27.159
1780221393.39761,27.158
1780221393.4030023,27.157
1780221393.4084501,27.157
1780221393.4138086,27.158
1780221393.4192243,27.155
1780221393.4246294,27.159
1780221393.430015,27.159
1780221393.4354172,27.159
1780221393.4411426,27.158
1780221393.4469192,27.158
1780221393.452205,27.157
1780221393.4574668,27.157
1780221393.4630451,27.158
1780221393.468455,27.158
1780221393.4738023,27.157
1780221393.4792113,27.157
1780221393.484617,27.157
1780221393.490054,27.156
1780221393.4954538,27.156
1780221393.5008519,27.155
1780221393.506294,27.155
1780221393.5116606,27.155
1780221393.5170445,27.154
1780221393.5224285,27.154
1780221393.5281348,27.154
1780221393.5340662,27.153
1780221393.5392814,27.153
1780221393.5446894,27.152
1780221393.5501018,27.152
1780221393.5554926,27.153
1780221393.5608935,27.151
1780221393.5663614,27.153
1780221393.5716786,27.153
1780221393.577077,27.153
1780221393.582553,27.153
1780221393.5878918,27.152
1780221393.5933018,27.151
1780221393.5986767,27.152
1780221393.604079,27.153
1780221393.6094437,27.151
1780221393.6146243,27.151
1780221393.620578,27.15
1780221393.626505,27.15
1780221393.6317267,27.149
1780221393.6370966,27.148
1780221393.6424892,27.148
1780221393.6479106,27.149
1780221393.6533468,27.146
1780221393.6587517,27.148
1780221393.6641016,27.148
1780221393.669575,27.148
1780221393.674961,27.148
1780221393.6806042,27.147
1780221393.6865158,27.147
1780221393.6917462,27.147
1780221393.6970878,27.148
1780221393.7022917,27.147
1780221393.7080386,27.15
1780221393.7133586,27.15
1780221393.7187312,27.149
1780221393.7241123,27.149
1780221393.729513,27.148
1780221393.7349386,27.148
1780221393.7404196,27.148
1780221393.7458324,27.149
1780221393.751132,27.147
1780221393.7563157,27.146
1780221393.762223,27.146
1780221393.7681313,27.146
1780221393.7735403,27.145
1780221393.779097,27.145
1780221393.7850087,27.145
1780221393.7907758,27.145
1780221393.7962034,27.145
1780221393.8016913,27.147
1780221393.8070028,27.147
1780221393.8124056,27.147
1780221393.8185692,27.146
1780221393.8244874,27.146
1780221393.8298223,27.145
1780221393.8352838,27.145
1780221393.840643,27.146
1780221393.845992,27.146
1780221393.8513813,27.147
1780221393.8567727,27.147
1780221393.8619726,27.147
1780221393.867653,27.146
1780221393.873048,27.146
1780221393.8784275,27.145
1780221393.8838193,27.146
1780221393.8891902,27.145
1780221393.8943734,27.145
1780221393.9000196,27.145
1780221393.9061122,27.145
1780221393.9122062,27.144
1780221393.9177544,27.144
1780221393.923515,27.142
1780221393.9289193,27.142
1780221393.9343386,27.143
1780221393.9396656,27.143
1780221393.9450665,27.145
1780221393.9505289,27.144
1780221393.9562511,27.144
1780221393.9625888,27.143
1780221393.968533,27.143
1780221393.9738872,27.143
1780221393.9792447,27.144
1780221393.9844458,27.143
1780221393.9901712,27.145
1780221393.9954793,27.145
1780221394.0009255,27.145
1780221394.0063531,27.144
1780221394.0116935,27.144
1780221394.017788,27.143
1780221394.023817,27.143
1780221394.0291336,27.144
1780221394.0345619,27.144
1780221394.0399125,27.144
1780221394.045568,27.144
1780221394.051483,27.144
1780221394.0567276,27.143
1780221394.0621233,27.143
1780221394.0675476,27.143
1780221394.0729234,27.143
1780221394.0783408,27.141
1780221394.083747,27.145
1780221394.089127,27.145
1780221394.094597,27.145
1780221394.100262,27.144
1780221394.1060376,27.144
1780221394.1113424,27.143
1780221394.116731,27.144
1780221394.1221437,27.144
1780221394.1275685,27.145
1780221394.1329324,27.146
1780221394.1383736,27.146
1780221394.1437314,27.146
1780221394.1492848,27.145
1780221394.1550858,27.144
1780221394.160583,27.144
1780221394.1660595,27.145
1780221394.1714015,27.145
1780221394.1767652,27.146
1780221394.1821804,27.147
1780221394.1876001,27.147
1780221394.192985,27.147
1780221394.1983833,27.146
1780221394.2038145,27.146
1780221394.2092092,27.146
1780221394.2146044,27.147
1780221394.2200084,27.145
1780221394.2254813,27.148
1780221394.230804,27.148
1780221394.236186,27.148
1780221394.2423806,27.147
1780221394.2482889,27.147
1780221394.2536223,27.146
1780221394.2590842,27.147
1780221394.2644596,27.147
1780221394.269799,27.147
1780221394.2749803,27.147
1780221394.2805972,27.147
1780221394.2861378,27.146
1780221394.2919095,27.145
1780221394.297661,27.144
1780221394.3035874,27.144
1780221394.3088498,27.145
1780221394.3141775,27.145
1780221394.3193579,27.147
1780221394.3249996,27.147
1780221394.3302429,27.147
1780221394.3358548,27.146
1780221394.3412426,27.146
1780221394.3466995,27.145
1780221394.3521202,27.145
1780221394.3574848,27.146
1780221394.3628783,27.145
1780221394.3682065,27.147
1780221394.3734326,27.147
1780221394.3790143,27.146
1780221394.3845663,27.146
1780221394.3902795,27.144
1780221394.395811,27.142
1780221394.401374,27.143
1780221394.4066403,27.142
1780221394.4118338,27.142
1780221394.4174674,27.142
1780221394.4228954,27.142
1780221394.428273,27.142
1780221394.433772,27.142
1780221394.439372,27.141
1780221394.445098,27.141
1780221394.450493,27.142
1780221394.4558556,27.141
1780221394.4610374,27.141
1780221394.4666727,27.141
1780221394.471876,27.141
1780221394.477751,27.14
1780221394.4836533,27.14
1780221394.4889235,27.139
1780221394.494398,27.14
1780221394.4997554,27.14
1780221394.5051506,27.14
1780221394.5105076,27.14
1780221394.5159125,27.14
1780221394.521296,27.139
1780221394.5267322,27.139
1780221394.532105,27.139
1780221394.5375955,27.139
1780221394.5429742,27.14
1780221394.5483088,27.138
1780221394.5535123,27.14
1780221394.5591168,27.14
1780221394.5643587,27.14
1780221394.57023,27.14
1780221394.5761526,27.14
1780221394.5816627,27.139
1780221394.5871565,27.139
1780221394.5927956,27.14
1780221394.598192,27.141
1780221394.603559,27.142
1780221394.608988,27.142
1780221394.6143923,27.142
1780221394.6201053,27.141
1780221394.6259158,27.141
1780221394.6311972,27.14
1780221394.6365824,27.141
1780221394.6419492,27.141
1780221394.647129,27.14
1780221394.6528392,27.141
1780221394.658205,27.141
1780221394.6635778,27.141
1780221394.6691425,27.14
1780221394.6749387,27.139
1780221394.6804326,27.139
1780221394.6859138,27.139
1780221394.6912158,27.137
1780221394.6966615,27.139
1780221394.7022724,27.139
1780221394.7081969,27.139
1780221394.7137299,27.138
1780221394.7195463,27.136
1780221394.7250633,27.135
1780221394.730901,27.135
1780221394.7362638,27.135
1780221394.741718,27.137
1780221394.7471101,27.137
1780221394.75274,27.137
1780221394.7586482,27.137
1780221394.7641108,27.136
1780221394.7699172,27.134
1780221394.7753544,27.134
1780221394.7812803,27.135
1780221394.7866743,27.135
1780221394.7920668,27.137
1780221394.797534,27.137
1780221394.803153,27.136
1780221394.8090825,27.136
1780221394.8145912,27.136
1780221394.8200817,27.134
1780221394.8257227,27.135
1780221394.8311024,27.134
1780221394.8365178,27.137
1780221394.8419337,27.137
1780221394.847319,27.136
1780221394.85302,27.136
1780221394.8588474,27.135
1780221394.8642397,27.135
1780221394.8695602,27.135
1780221394.87492,27.135
1780221394.8803322,27.134
1780221394.886066,27.136
1780221394.8919842,27.136
1780221394.897996,27.136
1780221394.9038935,27.136
1780221394.9091313,27.135
1780221394.9145412,27.135
1780221394.9199905,27.135
1780221394.925301,27.136
1780221394.9305534,27.136
1780221394.9361312,27.137
1780221394.9415352,27.137
1780221394.9469607,27.137
1780221394.9526758,27.137
1780221394.9584916,27.136
1780221394.9637122,27.136
1780221394.9689615,27.137
1780221394.9745498,27.134
1780221394.980078,27.137
1780221394.9856582,27.137
1780221394.991403,27.137
1780221394.99712,27.136
1780221395.0028245,27.134
1780221395.00824,27.133
1780221395.0136476,27.133
1780221395.0189652,27.134
1780221395.0243864,27.135
1780221395.0300353,27.137
1780221395.03594,27.137
1780221395.041195,27.137
1780221395.0466113,27.136
1780221395.0520573,27.136
1780221395.0574262,27.136
1780221395.0628533,27.136
1780221395.0681622,27.134
1780221395.0736115,27.137
1780221395.079278,27.136
1780221395.085157,27.137
1780221395.0904357,27.136
1780221395.095826,27.136
1780221395.101284,27.135
1780221395.1066446,27.135
1780221395.112077,27.137
1780221395.1173882,27.135
1780221395.1228032,27.137
1780221395.128239,27.137
1780221395.1343944,27.137
1780221395.1403058,27.136
1780221395.14569,27.136
1780221395.1510193,27.135
1780221395.1564727,27.136
1780221395.1618538,27.137
1780221395.1672637,27.136
1780221395.1726248,27.137
1780221395.178057,27.137
1780221395.183487,27.137
1780221395.189668,27.136
1780221395.195593,27.136
1780221395.2008784,27.135
1780221395.206264,27.136
1780221395.2117174,27.136
1780221395.217457,27.139
1780221395.2233794,27.139
1780221395.2293756,27.139
1780221395.235255,27.138
1780221395.240493,27.138
1780221395.2458494,27.137
1780221395.2511017,27.138
1780221395.256696,27.138
1780221395.262756,27.139
1780221395.2686505,27.141
1780221395.2748358,27.14
1780221395.280778,27.14
1780221395.2861586,27.139
1780221395.2915301,27.139
1780221395.2969654,27.139
1780221395.3023117,27.14
1780221395.3077443,27.139
1780221395.3130956,27.141
1780221395.3185248,27.14
1780221395.3239534,27.14
1780221395.3296516,27.14
1780221395.335466,27.139
1780221395.3407094,27.139
1780221395.346094,27.14
1780221395.3515394,27.137
1780221395.3572607,27.14
1780221395.3635619,27.14
1780221395.369666,27.139
1780221395.3755999,27.139
1780221395.3810053,27.139
1780221395.3863604,27.139
1780221395.3918114,27.139
1780221395.3971615,27.14
1780221395.402582,27.139
1780221395.4079278,27.141
1780221395.4134696,27.141
1780221395.4191911,27.14
1780221395.4249542,27.138
1780221395.430875,27.137
1780221395.436191,27.137
1780221395.441577,27.138
1780221395.4469988,27.136
1780221395.4526372,27.14
1780221395.4586174,27.142
1780221395.4640002,27.141
1780221395.4697604,27.139
1780221395.4754634,27.137
1780221395.4813738,27.137
1780221395.4866061,27.138
1780221395.492005,27.139
1780221395.4974627,27.139
1780221395.5030737,27.14
1780221395.508995,27.14
1780221395.514222,27.14
1780221395.519638,27.14
1780221395.5250745,27.139
1780221395.5304797,27.139
1780221395.535883,27.14
1780221395.5412,27.136
1780221395.5466182,27.139
1780221395.5521493,27.139
1780221395.5580974,27.139
1780221395.5634878,27.139
1780221395.5688713,27.139
1780221395.5749612,27.137
1780221395.5809119,27.138
1780221395.5862904,27.139
1780221395.591671,27.139
1780221395.5973814,27.139
1780221395.6037915,27.138
1780221395.6097567,27.138
1780221395.615113,27.137
1780221395.6204886,27.137
1780221395.6259282,27.137
1780221395.6312761,27.137
1780221395.6366813,27.135
1780221395.6420455,27.139
1780221395.6474833,27.14
1780221395.6529915,27.139
1780221395.6592557,27.139
1780221395.665176,27.139
1780221395.6708925,27.138
1780221395.6763082,27.139
1780221395.6816554,27.14
1780221395.686934,27.139
1780221395.6925786,27.141
1780221395.6985347,27.14
1780221395.704214,27.139
1780221395.7098155,27.139
1780221395.7153654,27.137
1780221395.7208095,27.137
1780221395.7262664,27.138
1780221395.7315378,27.141
1780221395.7370396,27.143
1780221395.7423341,27.143
1780221395.7476752,27.143
1780221395.75316,27.143
1780221395.7592144,27.143
1780221395.764528,27.142
1780221395.7699978,27.143
1780221395.7753499,27.143
1780221395.7807584,27.143
1780221395.7860878,27.143
1780221395.791637,27.143
1780221395.7973742,27.142
1780221395.8031025,27.14
1780221395.8090491,27.139
1780221395.8143685,27.139
1780221395.8197513,27.14
1780221395.825179,27.138
1780221395.830547,27.142
1780221395.83593,27.142
1780221395.84137,27.142
1780221395.8467515,27.141
1780221395.852143,27.141
1780221395.8576822,27.14
1780221395.8631787,27.14
1780221395.8689842,27.141
1780221395.8743765,27.139
1780221395.8797574,27.141
1780221395.8855305,27.141
1780221395.8912995,27.141
1780221395.896553,27.14
1780221395.902055,27.14
1780221395.907545,27.139
1780221395.9134734,27.139
1780221395.918828,27.138
1780221395.9242477,27.139
1780221395.9295993,27.139
1780221395.9350224,27.139
1780221395.9404528,27.139
1780221395.9460845,27.138
1780221395.9520133,27.138
1780221395.9572327,27.138
1780221395.9626362,27.139
1780221395.9680455,27.138
1780221395.9735312,27.14
1780221395.9788382,27.14
1780221395.984212,27.14
1780221395.9895961,27.14
1780221395.9949846,27.139
1780221396.0001714,27.139
1780221396.0058467,27.139
1780221396.0112755,27.14
1780221396.0166082,27.138
1780221396.0217812,27.138
1780221396.0274684,27.138
1780221396.0328808,27.138
1780221396.0385308,27.137
1780221396.0444498,27.137
1780221396.049671,27.137
1780221396.0550344,27.137
1780221396.0602694,27.136
1780221396.0659266,27.139
1780221396.0712786,27.139
1780221396.0766625,27.139
1780221396.0820448,27.138
1780221396.0875187,27.138
1780221396.0932114,27.137
1780221396.0990155,27.137
1780221396.1042671,27.138
1780221396.1096632,27.138
1780221396.115187,27.14
1780221396.1205044,27.14
1780221396.125863,27.14
1780221396.1314213,27.139
1780221396.1371257,27.138
1780221396.1426609,27.137
1780221396.1482127,27.137
1780221396.1535149,27.139
1780221396.1589355,27.137
1780221396.1642942,27.139
1780221396.17001,27.139
1780221396.1758182,27.139
1780221396.1811352,27.139
1780221396.186525,27.138
1780221396.1919174,27.138
1780221396.197296,27.139
