timestamp,gpu_power_w
1780038106.979284,53.25
1780038106.9845228,54.017
1780038106.9897904,54.006
1780038106.9951048,54.011
1780038107.0005465,54.006
1780038107.0058537,54.01
1780038107.0111165,54.006
1780038107.0167096,54.006
1780038107.0221632,54.01
1780038107.0274875,54.006
1780038107.0327327,54.005
1780038107.0382957,54.007
1780038107.043544,54.007
1780038107.0490518,54.006
1780038107.0543191,54.011
1780038107.059907,54.005
1780038107.0653534,54.006
1780038107.070703,54.005
1780038107.076145,54.006
1780038107.0814962,54.006
1780038107.0867405,54.007
1780038107.0923197,54.008
1780038107.0977538,54.006
1780038107.1031218,54.006
1780038107.1085696,54.007
1780038107.1138992,54.007
1780038107.1191535,54.006
1780038107.12471,54.011
1780038107.1301486,54.005
1780038107.1354933,54.006
1780038107.1407487,54.005
1780038107.146253,54.005
1780038107.1515222,54.005
1780038107.157099,54.008
1780038107.1623578,54.004
1780038107.1679153,54.006
1780038107.173346,54.004
1780038107.1786437,54.005
1780038107.1839182,54.005
1780038107.1895146,54.005
1780038107.1949615,54.008
1780038107.200311,54.005
1780038107.2057447,54.002
1780038107.2110624,54.005
1780038107.2163217,54.006
1780038107.2218444,54.006
1780038107.2270937,54.009
1780038107.2327037,54.005
1780038107.2381587,54.004
1780038107.243493,54.009
1780038107.2487464,54.005
1780038107.2542486,54.008
1780038107.2596645,54.004
1780038107.2656863,53.246
1780038107.2713447,53.247
1780038107.277263,53.252
1780038107.2833114,53.251
1780038107.2893026,53.251
1780038107.295243,53.251
1780038107.3012645,53.251
1780038107.307307,53.251
1780038107.3132758,53.251
1780038107.3192043,53.251
1780038107.325293,53.25
1780038107.3313193,53.251
1780038107.3373055,53.251
1780038107.3433068,53.251
1780038107.3492737,53.251
1780038107.3552468,53.251
1780038107.3613114,53.251
1780038107.3673568,53.251
1780038107.3733153,53.251
1780038107.3791394,53.251
1780038107.384785,53.251
1780038107.3904192,53.252
1780038107.396125,53.251
1780038107.4020438,53.251
1780038107.4081194,53.251
1780038107.413954,53.251
1780038107.4196358,53.251
1780038107.4252677,53.251
1780038107.4308739,53.251
1780038107.4368343,53.251
1780038107.4429216,53.251
1780038107.4488354,53.251
1780038107.4547987,53.252
1780038107.4608219,53.251
1780038107.4668486,53.251
1780038107.4729395,53.252
1780038107.47881,53.252
1780038107.484858,53.251
1780038107.4908864,53.252
1780038107.4969025,53.252
1780038107.5028791,53.252
1780038107.5088933,53.252
1780038107.5149424,53.252
1780038107.5208654,53.252
1780038107.5268483,53.251
1780038107.532821,53.252
1780038107.538444,53.252
1780038107.5442998,53.252
1780038107.5499883,53.252
1780038107.5556564,53.252
1780038107.5617406,53.252
1780038107.5676599,53.252
1780038107.5736501,53.252
1780038107.5797074,53.252
1780038107.5856676,53.251
1780038107.5916736,53.252
1780038107.597609,53.252
1780038107.6031797,53.252
1780038107.6087196,53.252
1780038107.6144745,53.252
1780038107.6204977,53.252
1780038107.6264868,53.251
1780038107.6325078,53.252
1780038107.638442,53.252
1780038107.6445048,53.252
1780038107.6504788,53.252
1780038107.6563678,53.252
1780038107.6619084,53.252
1780038107.6677063,53.252
1780038107.673385,53.252
1780038107.6792624,53.252
1780038107.6852753,53.252
1780038107.6911843,53.252
1780038107.6972888,53.252
1780038107.7033112,53.252
1780038107.7092595,53.252
1780038107.7152326,53.252
1780038107.7212327,53.252
1780038107.7272575,53.252
1780038107.7332137,53.252
1780038107.7393672,53.252
1780038107.7452366,53.252
1780038107.7511654,53.252
1780038107.7574246,53.252
1780038107.76327,53.252
1780038107.7692823,53.252
1780038107.7752798,53.252
1780038107.781252,53.252
1780038107.7872941,53.252
1780038107.7933347,53.253
1780038107.7992654,53.252
1780038107.8053362,53.252
1780038107.8112824,53.253
1780038107.817273,53.253
1780038107.8232925,53.252
1780038107.829284,53.252
1780038107.8352656,53.253
1780038107.8412519,53.252
1780038107.8471744,53.253
1780038107.8527844,53.253
1780038107.858482,53.253
1780038107.8640676,53.253
1780038107.8700795,53.253
1780038107.8761425,53.253
1780038107.8821442,53.252
1780038107.8881114,53.252
1780038107.8941398,53.253
1780038107.900049,53.253
1780038107.9060967,53.253
1780038107.9121504,53.253
1780038107.9180818,53.253
1780038107.924194,53.253
1780038107.9300954,53.253
1780038107.9360394,53.253
1780038107.942039,53.253
1780038107.9481325,53.252
1780038107.9541097,53.253
1780038107.9600322,53.253
1780038107.9660702,53.253
1780038107.972074,53.253
1780038107.9779704,53.253
1780038107.9840512,53.253
1780038107.9901288,53.252
1780038107.9959247,53.253
1780038108.0016434,53.253
1780038108.007577,53.253
1780038108.0132365,53.253
1780038108.0188935,53.253
1780038108.024931,53.253
1780038108.030954,53.253
1780038108.0368626,53.253
1780038108.042919,53.253
1780038108.0488513,53.253
1780038108.0543413,53.253
1780038108.0600781,53.253
1780038108.065697,53.253
1780038108.0716808,53.253
1780038108.077613,53.253
1780038108.0835705,53.253
1780038108.089643,53.252
1780038108.0957463,53.253
1780038108.1015947,53.253
1780038108.107686,53.253
1780038108.1137702,53.254
1780038108.1197317,53.253
1780038108.1256487,53.253
1780038108.1316512,53.253
1780038108.1377635,53.253
1780038108.1437085,53.253
1780038108.1496365,53.253
1780038108.155159,53.254
1780038108.1606534,53.253
1780038108.1664565,53.253
1780038108.172498,53.253
1780038108.178414,53.253
1780038108.1839437,53.253
1780038108.1895561,53.253
1780038108.1952138,53.254
1780038108.2013013,53.253
1780038108.2072544,53.253
1780038108.213249,53.253
1780038108.2192962,53.253
1780038108.225311,53.254
1780038108.2313342,53.252
1780038108.237326,53.254
1780038108.2432697,53.253
1780038108.2493122,53.253
1780038108.2552567,53.253
1780038108.2613263,53.253
1780038108.2672753,53.253
1780038108.2732008,53.253
1780038108.2792923,53.254
1780038108.285337,53.253
1780038108.2912776,53.253
1780038108.2972677,53.254
1780038108.3032684,53.253
1780038108.3092256,53.254
1780038108.3152444,53.254
1780038108.3213441,53.254
1780038108.327276,53.253
1780038108.3332996,53.253
1780038108.3392625,53.254
1780038108.3452513,53.254
1780038108.3512876,53.254
1780038108.3572364,53.254
1780038108.3632717,53.254
1780038108.3693397,53.254
1780038108.3752906,53.253
1780038108.381276,53.253
1780038108.387257,53.254
1780038108.3932555,53.254
1780038108.3988125,53.254
1780038108.4044971,53.254
1780038108.4101346,53.254
1780038108.4160717,53.254
1780038108.4220624,53.253
1780038108.428032,53.253
1780038108.4340541,53.253
1780038108.4400826,53.254
1780038108.4461036,53.254
1780038108.4521136,53.254
1780038108.4581175,53.254
1780038108.4640377,53.254
1780038108.4696,53.254
1780038108.4751894,53.253
1780038108.4809177,53.254
1780038108.4867876,53.254
1780038108.4929383,53.254
1780038108.4987404,53.254
1780038108.5049736,53.254
1780038108.5108838,53.254
1780038108.516894,53.254
1780038108.522924,53.254
1780038108.5287995,53.254
1780038108.5348837,53.253
1780038108.5409412,53.254
1780038108.546795,53.254
1780038108.552868,53.254
1780038108.5589542,53.254
1780038108.5648117,53.254
1780038108.5708945,53.254
1780038108.57692,53.253
1780038108.5827703,53.254
1780038108.5883799,53.254
1780038108.5941365,53.254
1780038108.5998566,53.254
1780038108.6058016,53.254
1780038108.6116655,53.254
1780038108.6176922,53.253
1780038108.623719,53.254
1780038108.6296344,53.254
1780038108.6356053,53.254
1780038108.6411388,53.254
1780038108.6467917,53.254
1780038108.6525552,53.254
1780038108.658526,53.254
1780038108.664478,53.254
1780038108.6705508,53.254
1780038108.6764777,53.254
1780038108.682485,53.254
1780038108.6885297,53.254
1780038108.6944613,53.254
1780038108.6999888,53.254
1780038108.7054677,53.254
1780038108.7112892,53.254
1780038108.717232,53.254
1780038108.722748,53.255
1780038108.7285051,53.254
1780038108.7341127,53.254
1780038108.7400765,53.254
1780038108.7459667,53.254
1780038108.7515717,53.254
1780038108.7572515,53.254
1780038108.7628243,53.254
1780038108.7689543,53.254
1780038108.77491,53.254
1780038108.7808895,53.254
1780038108.786867,53.254
1780038108.7928698,53.254
1780038108.798874,53.253
1780038108.8049293,53.254
1780038108.810765,53.254
1780038108.8164046,53.254
1780038108.8219059,53.254
1780038108.8276567,53.254
1780038108.8339849,53.254
1780038108.8396666,53.253
1780038108.845747,53.255
1780038108.8516035,53.254
1780038108.8576105,53.254
1780038108.8637419,53.255
1780038108.8697932,53.254
1780038108.875599,53.254
1780038108.881712,53.254
1780038108.8877802,53.254
1780038108.8936002,53.254
1780038108.8992412,53.255
1780038108.9051068,53.254
1780038108.9107838,53.254
1780038108.9164429,53.254
1780038108.922431,53.254
1780038108.9285553,53.254
1780038108.934486,53.254
1780038108.9404516,53.254
1780038108.9459374,53.254
1780038108.9515057,53.255
1780038108.9572856,53.254
1780038108.9633725,53.254
1780038108.9693685,53.254
1780038108.9752953,53.254
1780038108.981307,53.255
1780038108.9866939,53.255
1780038108.9922557,53.255
1780038108.9980943,53.254
1780038109.004143,53.254
1780038109.0101073,53.254
1780038109.0161166,53.255
1780038109.021997,53.255
1780038109.027574,53.254
1780038109.0330946,53.254
1780038109.038952,53.254
1780038109.0448809,53.255
1780038109.0508635,53.254
1780038109.0569968,53.254
1780038109.0629144,53.254
1780038109.0689301,53.254
1780038109.0750687,53.254
1780038109.080901,53.254
1780038109.086937,53.254
1780038109.092916,53.254
1780038109.098863,53.254
1780038109.104913,53.254
1780038109.1108608,53.255
1780038109.116798,53.254
1780038109.1228447,53.255
1780038109.1288817,53.255
1780038109.1348317,53.254
1780038109.1408875,53.254
1780038109.1468658,53.254
1780038109.1523397,53.254
1780038109.1581018,53.255
1780038109.1637096,53.255
1780038109.1696496,53.255
1780038109.175607,53.255
1780038109.1811996,53.254
1780038109.1868074,53.254
1780038109.192493,53.254
1780038109.1984873,53.254
1780038109.2045095,53.254
1780038109.2104597,53.255
1780038109.216415,53.254
1780038109.2219856,53.254
1780038109.2275634,53.254
1780038109.2332246,53.255
1780038109.2392719,53.255
1780038109.2448099,53.255
1780038109.250464,53.255
1780038109.256151,53.254
1780038109.2620978,53.254
1780038109.2680829,53.254
1780038109.274078,53.254
1780038109.2799788,53.254
1780038109.286052,53.255
1780038109.2920597,53.255
1780038109.2979822,53.254
1780038109.3040714,53.254
1780038109.3100677,53.254
1780038109.316043,53.254
1780038109.3220782,53.255
1780038109.3280356,53.254
1780038109.3340306,53.255
1780038109.3401718,53.255
1780038109.3460743,53.255
1780038109.3515785,53.255
1780038109.3570614,53.255
1780038109.3629286,53.255
1780038109.3689172,53.254
1780038109.3748834,53.255
1780038109.3809485,53.254
1780038109.3869076,53.255
1780038109.3929775,53.255
1780038109.3988943,53.255
1780038109.404917,53.255
1780038109.4109674,53.254
1780038109.4168763,53.255
1780038109.4228528,53.255
1780038109.428476,53.255
1780038109.4344335,53.255
1780038109.4403768,53.255
1780038109.4460213,53.255
1780038109.451756,53.254
1780038109.4577298,53.255
1780038109.4636397,53.255
1780038109.4697728,53.255
1780038109.4757082,53.255
1780038109.4817147,53.255
1780038109.4878016,53.255
1780038109.4935856,53.254
1780038109.4997246,53.255
1780038109.5057006,53.254
1780038109.5116374,53.255
1780038109.5171556,53.255
1780038109.522822,53.255
1780038109.5284746,53.255
1780038109.5344846,53.254
1780038109.540564,53.255
1780038109.5465229,53.255
1780038109.552502,53.255
1780038109.5584893,53.255
1780038109.5644774,53.255
1780038109.5704973,53.254
1780038109.576496,53.255
1780038109.5824924,53.255
1780038109.5885499,53.255
1780038109.5945244,53.254
1780038109.6005967,53.255
1780038109.6064727,53.255
1780038109.6124597,53.255
1780038109.6185741,53.255
1780038109.6244454,53.255
1780038109.6299875,53.255
1780038109.6355975,53.254
1780038109.641249,53.255
1780038109.6472423,53.255
1780038109.6528263,53.255
1780038109.6584432,53.255
1780038109.6640317,53.255
1780038109.6700568,53.255
1780038109.67557,53.255
1780038109.6810117,53.255
1780038109.6868474,53.255
1780038109.6928306,53.255
1780038109.698949,53.255
1780038109.7047741,53.255
1780038109.710414,53.255
1780038109.7159905,53.255
1780038109.7217028,53.255
1780038109.7272975,53.255
1780038109.7331634,53.255
1780038109.7388308,53.255
1780038109.7445405,53.255
1780038109.7504742,53.255
1780038109.756551,53.255
1780038109.7625449,53.255
1780038109.768534,53.255
1780038109.7745965,53.255
1780038109.780462,53.255
1780038109.786556,53.255
1780038109.7924852,53.255
1780038109.7984073,53.255
1780038109.8045032,53.255
1780038109.8104322,53.255
1780038109.8165164,53.255
1780038109.8225513,54.0
1780038109.8285127,53.255
1780038109.8345158,53.255
1780038109.8404138,53.255
1780038109.8457978,54.017
1780038109.8511431,54.009
1780038109.8565977,54.012
1780038109.8619282,54.008
1780038109.8671722,54.014
1780038109.8727384,54.009
1780038109.877999,54.009
1780038109.8835423,54.012
1780038109.8889785,54.009
1780038109.8943615,54.008
1780038109.8997931,54.009
1780038109.9051409,54.009
1780038109.9105885,54.009
1780038109.9159439,54.013
1780038109.9213905,54.008
1780038109.9266903,54.009
1780038109.9319432,54.009
1780038109.937556,54.009
1780038109.9429848,54.008
1780038109.948336,54.009
1780038109.9535906,54.008
1780038109.9591608,54.007
1780038109.9646041,54.007
1780038109.9699497,54.008
1780038109.9753861,54.008
1780038109.9807699,54.008
1780038109.9862297,54.013
1780038109.991502,54.007
1780038109.9967525,54.008
1780038110.0023115,54.008
1780038110.0075545,54.007
1780038110.0131505,54.008
1780038110.0186071,54.009
1780038110.0240948,54.006
1780038110.0294354,54.007
1780038110.0347435,54.006
1780038110.0399868,54.007
1780038110.0455494,54.007
1780038110.0507975,54.006
1780038110.05635,54.012
1780038110.061593,54.007
1780038110.0670903,54.007
1780038110.072346,54.007
1780038110.077939,54.007
1780038110.0831926,54.008
1780038110.0886977,54.012
1780038110.0939622,54.007
1780038110.0995395,54.006
1780038110.1048026,54.01
1780038110.1103468,54.007
1780038110.1155958,54.012
1780038110.121273,54.002
1780038110.1275218,53.249
1780038110.1331878,53.243
1780038110.1392295,53.248
1780038110.1452823,53.248
1780038110.1513534,53.248
1780038110.1573267,53.248
1780038110.1633487,53.248
1780038110.1693988,53.248
1780038110.1752563,53.248
1780038110.1807773,53.248
1780038110.186511,53.248
1780038110.192051,53.248
1780038110.1981423,53.248
1780038110.2040951,53.248
1780038110.210155,53.248
1780038110.2161195,53.248
1780038110.2220812,53.248
1780038110.2281377,53.248
1780038110.234193,53.248
1780038110.2400515,53.248
1780038110.2460475,53.248
1780038110.252077,53.248
1780038110.2582147,53.248
1780038110.2640357,53.248
1780038110.2700715,53.249
1780038110.276152,53.248
1780038110.2821162,53.248
1780038110.288092,53.248
1780038110.2941005,53.249
1780038110.3001177,53.249
1780038110.3061132,53.249
1780038110.3120623,53.249
1780038110.3181314,53.249
1780038110.3240519,53.249
1780038110.3301554,53.249
1780038110.3361766,53.249
1780038110.3422136,53.249
1780038110.3481443,53.248
1780038110.3541381,53.249
1780038110.3600779,53.249
1780038110.3661685,53.249
1780038110.3721457,53.249
1780038110.3780713,53.249
1780038110.38416,53.249
1780038110.390203,53.249
1780038110.3960648,53.249
1780038110.4020865,53.249
1780038110.4080305,53.248
1780038110.4142194,53.25
1780038110.4201272,53.249
1780038110.4261324,53.249
1780038110.4322162,53.249
1780038110.4380922,53.249
1780038110.4441519,53.25
1780038110.4500964,53.25
1780038110.4560788,53.249
1780038110.4615698,53.249
1780038110.467182,53.25
1780038110.4728498,53.25
1780038110.478939,53.25
1780038110.4849632,53.249
1780038110.4909227,53.25
1780038110.4969928,53.25
1780038110.5029023,53.25
1780038110.508865,53.249
1780038110.5148695,53.25
1780038110.5204468,53.25
1780038110.5261111,53.25
1780038110.5318599,53.25
1780038110.5377798,53.25
1780038110.5437179,53.25
1780038110.5497148,53.25
1780038110.555803,53.25
1780038110.5617151,53.25
1780038110.5676851,53.25
1780038110.5736384,53.25
1780038110.5792544,53.25
1780038110.5849276,53.25
1780038110.5906453,53.25
1780038110.5965202,53.25
1780038110.6025758,53.25
1780038110.6084445,53.25
1780038110.614563,53.25
1780038110.6205344,53.25
1780038110.62646,53.25
1780038110.6325173,53.25
1780038110.6385117,53.25
1780038110.6445634,53.25
1780038110.6504552,53.25
1780038110.6564388,53.251
1780038110.6625078,53.25
1780038110.6684856,53.25
1780038110.6745667,53.25
1780038110.6805177,53.251
1780038110.6864812,53.251
1780038110.6925693,53.251
1780038110.6987872,53.251
1780038110.7045515,53.25
1780038110.7104604,53.25
1780038110.7165716,53.251
1780038110.722573,53.251
1780038110.728495,53.251
1780038110.7344792,53.251
1780038110.7405672,53.251
1780038110.7465575,53.251
1780038110.7525463,53.251
1780038110.758453,53.251
1780038110.7645438,53.251
1780038110.7704566,53.251
1780038110.7759893,53.251
1780038110.7817085,53.251
1780038110.7873547,53.251
1780038110.793295,53.251
1780038110.7994254,53.251
1780038110.8053794,53.251
1780038110.811273,53.251
1780038110.8174028,53.251
1780038110.8233857,53.251
1780038110.8293834,53.251
1780038110.835232,53.251
1780038110.8413556,53.251
1780038110.8472598,53.251
1780038110.8532796,53.251
1780038110.8592923,53.251
1780038110.8653233,53.251
1780038110.8713157,53.251
1780038110.8773398,53.251
1780038110.8833017,53.251
1780038110.889396,53.251
1780038110.8953524,53.251
1780038110.9012914,53.252
1780038110.9074187,53.251
1780038110.9132934,53.251
1780038110.919252,53.251
1780038110.9253378,53.251
1780038110.9312525,53.251
1780038110.9368408,53.252
1780038110.9425256,53.251
1780038110.9481256,53.252
1780038110.954154,53.251
1780038110.9602287,53.252
1780038110.9661026,53.252
1780038110.9720597,53.251
1780038110.9782271,53.252
1780038110.9840658,53.252
1780038110.9901798,53.252
1780038110.996172,53.252
1780038111.0020769,53.252
1780038111.0081606,53.252
1780038111.014092,53.252
1780038111.0202289,53.252
1780038111.0261195,53.252
1780038111.0321035,53.252
1780038111.0375915,53.252
1780038111.0432312,53.252
1780038111.0489442,53.252
1780038111.05498,53.252
1780038111.0608528,53.252
1780038111.066954,53.252
1780038111.0728698,53.252
1780038111.078384,53.252
1780038111.0841255,53.252
1780038111.0898328,53.252
1780038111.0957966,53.252
1780038111.1017678,53.252
1780038111.1075811,53.252
1780038111.1132398,53.252
1780038111.1187527,53.252
1780038111.1245475,53.252
1780038111.1305661,53.252
1780038111.1365156,53.252
1780038111.1425226,53.252
1780038111.148528,53.252
1780038111.154499,53.252
1780038111.1605873,53.252
1780038111.1665275,53.252
1780038111.1725566,53.252
1780038111.1785867,53.252
1780038111.1844943,53.252
1780038111.1905777,53.252
1780038111.1965766,53.252
1780038111.2024696,53.252
1780038111.2085571,53.252
1780038111.21448,53.252
1780038111.2205186,53.252
1780038111.2265089,53.252
1780038111.2324867,53.252
1780038111.2385433,53.252
1780038111.2444673,53.252
1780038111.250586,53.252
1780038111.2564552,53.252
1780038111.2619648,53.252
1780038111.267571,53.252
1780038111.273246,53.252
1780038111.279408,53.252
1780038111.2853642,53.252
1780038111.291328,53.252
1780038111.2973857,53.252
1780038111.3034291,53.253
1780038111.3093364,53.253
1780038111.3152533,53.252
1780038111.320831,53.253
1780038111.3263419,53.253
1780038111.3321514,53.253
1780038111.3381567,53.252
1780038111.3441267,53.253
1780038111.3501904,53.253
1780038111.3561542,53.252
1780038111.362123,53.253
1780038111.3681908,53.253
1780038111.374102,53.253
1780038111.380186,53.253
1780038111.3862004,53.253
1780038111.3922346,53.253
1780038111.3981485,53.252
1780038111.4041214,53.253
1780038111.4101398,53.253
1780038111.4160473,53.253
1780038111.421978,53.253
1780038111.4282215,53.253
1780038111.4341042,53.253
1780038111.440116,53.253
1780038111.446218,53.253
1780038111.4521155,53.253
1780038111.4580805,53.252
1780038111.4642823,53.253
1780038111.4701004,53.253
1780038111.4760509,53.253
1780038111.4822419,53.253
1780038111.4881084,53.253
1780038111.4940805,53.253
1780038111.500223,53.252
1780038111.5060792,53.253
1780038111.5120838,53.253
1780038111.517682,53.253
1780038111.5233755,53.253
1780038111.528988,53.253
1780038111.5349047,53.253
1780038111.5409064,53.253
1780038111.547023,53.253
1780038111.5529103,53.253
1780038111.5588539,53.253
1780038111.5644555,53.253
1780038111.5699794,53.253
1780038111.5758135,53.253
1780038111.5816214,53.253
1780038111.587756,53.253
1780038111.59383,53.253
1780038111.5996857,53.253
1780038111.6051285,53.253
1780038111.6107447,53.253
1780038111.616614,53.253
1780038111.622578,53.253
1780038111.6284897,53.253
1780038111.634619,53.253
1780038111.6405168,53.253
1780038111.6465285,53.253
1780038111.6525457,53.253
1780038111.6584923,53.253
1780038111.6645417,53.254
1780038111.670627,53.253
1780038111.67656,53.254
1780038111.68264,53.253
1780038111.6885946,53.254
1780038111.6945853,53.253
1780038111.7006214,53.253
1780038111.706407,53.254
1780038111.7126093,53.253
1780038111.7184622,53.254
1780038111.7240984,53.253
1780038111.7296154,53.253
1780038111.7352664,53.253
1780038111.7414055,53.253
1780038111.7472537,53.253
1780038111.7533042,53.254
1780038111.7593284,53.253
1780038111.7652779,53.253
1780038111.7713575,53.253
1780038111.777275,53.253
1780038111.783283,53.253
1780038111.789484,53.254
1780038111.7952695,53.253
1780038111.801279,53.254
1780038111.8074543,53.254
1780038111.8132942,53.253
1780038111.819275,53.254
1780038111.8253458,53.253
1780038111.8313472,53.254
1780038111.8372793,53.254
1780038111.8434277,53.254
1780038111.8493142,53.254
1780038111.854803,53.253
1780038111.860597,53.254
1780038111.8662546,53.253
1780038111.8721294,53.254
1780038111.878061,53.254
1780038111.8836966,53.254
1780038111.8893497,53.254
1780038111.8950229,53.254
1780038111.9008968,53.254
1780038111.906952,53.253
1780038111.9129145,53.254
1780038111.9188914,53.254
1780038111.9248974,53.254
1780038111.9308643,53.254
1780038111.9370112,53.254
1780038111.9428988,53.254
1780038111.9489124,53.254
1780038111.9548976,53.254
1780038111.9608893,53.254
1780038111.966964,53.253
1780038111.972965,53.254
1780038111.9789517,53.254
1780038111.9849877,53.254
1780038111.9910452,53.254
1780038111.9970088,53.254
1780038112.0030096,53.254
1780038112.0088584,53.253
1780038112.0150263,53.254
1780038112.020912,53.254
1780038112.026933,53.254
1780038112.0324483,53.254
1780038112.0379758,53.254
1780038112.0437393,53.254
1780038112.0497284,53.253
1780038112.055795,53.254
1780038112.061682,53.254
1780038112.0677276,53.254
1780038112.0732245,53.254
1780038112.0787525,53.254
1780038112.0845625,53.254
1780038112.0905764,53.254
1780038112.0965967,53.254
1780038112.1026106,53.254
1780038112.1084692,53.254
1780038112.1140316,53.254
1780038112.119579,53.254
1780038112.125303,53.254
1780038112.1312568,53.254
1780038112.1373992,53.254
1780038112.1433284,53.254
1780038112.1488798,53.254
1780038112.154761,53.254
1780038112.1603494,53.254
1780038112.1661348,53.254
1780038112.1721766,53.253
1780038112.1780887,53.254
1780038112.18407,53.254
1780038112.1901116,53.254
1780038112.1961553,53.254
1780038112.202151,53.254
1780038112.208168,53.254
1780038112.214133,53.254
1780038112.220154,53.254
1780038112.2261317,53.254
1780038112.232218,53.253
1780038112.2382298,53.254
1780038112.2440448,53.254
1780038112.250245,53.254
1780038112.2562656,53.255
1780038112.2621105,53.254
1780038112.268088,53.254
1780038112.2742217,53.254
1780038112.2800508,53.254
1780038112.2861538,53.254
1780038112.2921886,53.254
1780038112.298021,53.254
1780038112.3041658,53.254
1780038112.3100586,53.254
1780038112.3160856,53.254
1780038112.322169,53.254
1780038112.328151,53.254
1780038112.334132,53.253
1780038112.3402328,53.254
1780038112.3461235,53.254
1780038112.351678,53.254
1780038112.3572488,53.254
1780038112.3628745,53.254
1780038112.369023,53.254
1780038112.374954,53.253
1780038112.3809762,53.254
1780038112.3868787,53.254
1780038112.3929915,53.254
1780038112.3989553,53.255
1780038112.405006,53.254
1780038112.4109535,53.254
1780038112.416846,53.254
1780038112.4230328,53.255
1780038112.4289236,53.254
1780038112.4349658,53.254
1780038112.4409344,53.255
1780038112.4468842,53.254
1780038112.4529595,53.254
1780038112.4589314,53.254
1780038112.4648967,53.254
1780038112.4709773,53.254
1780038112.4768608,53.254
1780038112.4829931,53.255
1780038112.4889247,53.254
1780038112.4949944,53.254
1780038112.500986,53.255
1780038112.5069625,53.254
1780038112.512892,53.255
1780038112.5189097,53.254
1780038112.5249424,53.254
1780038112.5309625,53.255
1780038112.5369573,53.254
1780038112.5429676,53.255
1780038112.5489864,53.254
1780038112.5549607,53.254
1780038112.5609727,53.254
1780038112.566935,53.254
1780038112.5729032,53.254
1780038112.5789232,53.254
1780038112.5848863,53.255
1780038112.5911689,53.254
1780038112.5969224,53.254
1780038112.6029217,53.254
1780038112.609027,53.254
1780038112.6148648,53.255
1780038112.6203947,53.255
1780038112.6258469,53.254
1780038112.6317818,53.254
1780038112.637638,53.255
1780038112.6437078,53.254
1780038112.6496167,53.254
1780038112.6552494,53.254
1780038112.6607828,53.254
1780038112.666504,53.255
1780038112.6720922,53.254
1780038112.67778,53.254
1780038112.6834202,53.254
1780038112.689316,53.255
1780038112.6952565,53.254
1780038112.7013733,53.255
1780038112.7072618,54.014
1780038112.7126544,54.003
1780038112.7182217,54.006
1780038112.7234688,54.011
1780038112.7287703,54.008
1780038112.7340167,54.014
1780038112.7395778,54.008
1780038112.744834,54.01
1780038112.750381,54.01
1780038112.755635,54.009
1780038112.7611816,54.008
1780038112.76664,54.008
1780038112.771985,54.009
1780038112.777284,54.008
1780038112.7827506,54.014
1780038112.7880025,54.007
1780038112.7935371,54.008
1780038112.7988062,54.008
1780038112.8043375,54.008
1780038112.809598,54.008
1780038112.8151422,54.011
1780038112.8204129,54.006
1780038112.8259928,54.007
1780038112.8314283,54.007
1780038112.836847,54.007
1780038112.8422687,54.007
1780038112.8475597,54.007
1780038112.8528237,54.009
1780038112.858402,54.007
1780038112.863833,54.007
1780038112.8691611,54.008
1780038112.8743985,54.008
1780038112.8800004,54.007
1780038112.8854387,54.013
1780038112.8907995,54.006
1780038112.8962395,54.007
1780038112.9015906,54.007
1780038112.9068325,54.007
1780038112.9123447,54.007
1780038112.9175968,54.01
1780038112.9232154,54.007
1780038112.9286447,54.006
1780038112.9339964,54.006
1780038112.939433,54.006
1780038112.9447818,54.007
1780038112.9500487,54.006
1780038112.9556024,54.011
1780038112.961035,54.006
1780038112.966392,54.01
1780038112.971835,54.006
1780038112.9772246,54.007
1780038112.9826744,54.01
1780038112.9879818,53.252
1780038112.9932764,53.248
1780038112.9990175,53.25
1780038113.0049212,53.252
1780038113.010992,53.252
1780038113.017012,53.252
1780038113.0228398,53.252
1780038113.028477,53.253
1780038113.0342472,53.253
1780038113.0398178,53.252
1780038113.0456605,53.252
1780038113.051828,53.252
1780038113.0577385,53.252
1780038113.0636532,53.252
1780038113.0697393,53.252
1780038113.0756962,53.253
1780038113.0818346,53.252
1780038113.0876684,53.253
1780038113.0936992,53.253
1780038113.0997982,53.253
1780038113.1057258,53.253
1780038113.1117568,53.252
1780038113.1177433,53.253
1780038113.1237183,53.252
1780038113.129253,53.252
1780038113.1350017,53.253
1780038113.1407425,53.252
1780038113.1465557,53.252
1780038113.1525195,53.252
1780038113.1580656,53.253
1780038113.1637561,53.253
1780038113.1693447,53.253
1780038113.175376,53.253
1780038113.1813965,53.253
1780038113.1874018,53.253
1780038113.1933873,53.253
1780038113.1992888,53.253
1780038113.2052944,53.253
1780038113.2113159,53.252
1780038113.2173767,53.253
1780038113.2232728,53.253
1780038113.229273,53.253
1780038113.235393,53.253
1780038113.2414958,53.253
1780038113.247292,53.253
1780038113.2532573,53.253
1780038113.2594128,53.253
1780038113.2654006,53.253
1780038113.2712681,53.253
1780038113.276862,53.253
1780038113.2824566,53.253
1780038113.2882135,53.253
1780038113.294216,53.253
1780038113.3000786,53.253
1780038113.3060272,53.253
1780038113.3116891,53.253
1780038113.3172855,53.253
1780038113.3230615,53.253
1780038113.3289988,53.253
1780038113.3349426,53.253
1780038113.3409035,53.253
1780038113.3465025,53.253
1780038113.352221,53.253
1780038113.3579202,53.253
1780038113.3637712,53.253
1780038113.3697178,53.253
1780038113.375781,53.253
1780038113.3817563,53.253
1780038113.3877635,53.253
1780038113.3937342,53.252
1780038113.3992004,53.253
1780038113.4049008,53.253
1780038113.4105887,53.253
1780038113.4165816,53.254
1780038113.4226716,53.253
1780038113.428571,53.253
1780038113.4346457,53.253
1780038113.4405015,53.253
1780038113.4466314,53.253
1780038113.452563,53.253
1780038113.4585862,53.253
1780038113.4645565,53.253
1780038113.4704475,53.253
1780038113.476558,53.254
1780038113.4825723,53.254
1780038113.4885375,53.253
1780038113.4945054,53.253
1780038113.5004828,53.253
1780038113.5065672,53.254
1780038113.5125506,53.253
1780038113.5185065,53.254
1780038113.5244849,53.254
1780038113.5305464,53.253
1780038113.5364614,53.253
1780038113.5420618,53.254
1780038113.5476987,53.254
1780038113.5532634,53.254
1780038113.5588853,53.254
1780038113.5645227,53.254
1780038113.5702367,53.254
1780038113.5761113,53.253
1780038113.5821302,53.254
1780038113.5881214,53.254
1780038113.5935981,53.254
1780038113.5989726,53.254
1780038113.604957,53.254
1780038113.6110475,53.254
1780038113.6168847,53.254
1780038113.6230166,53.254
1780038113.6289747,53.254
1780038113.6350107,53.253
1780038113.6409714,53.254
1780038113.6469505,53.254
1780038113.65303,53.254
1780038113.659007,53.254
1780038113.6649294,53.254
1780038113.6710398,53.254
1780038113.6769776,53.253
1780038113.6829839,53.254
1780038113.6889668,53.254
1780038113.694869,53.254
1780038113.7005367,53.254
1780038113.7062554,53.254
1780038113.711808,53.254
1780038113.7177496,53.254
1780038113.7237837,53.254
1780038113.7296803,53.254
1780038113.7356527,53.253
1780038113.7418225,53.254
1780038113.7478461,53.254
1780038113.7538226,53.254
1780038113.7597952,53.254
1780038113.765821,53.254
1780038113.7717514,53.254
1780038113.777749,53.253
1780038113.7837517,53.254
1780038113.789803,53.254
1780038113.795762,53.253
1780038113.8017628,53.254
1780038113.8078237,53.254
1780038113.8137143,53.254
1780038113.8197427,53.254
1780038113.8258116,53.254
1780038113.8317318,53.254
1780038113.8378336,53.254
1780038113.8438237,53.254
1780038113.8497736,53.254
1780038113.8558302,53.254
1780038113.8617404,53.254
1780038113.8678238,53.254
1780038113.87377,53.254
1780038113.879751,53.254
1780038113.8857775,53.254
1780038113.8917878,53.254
1780038113.897808,53.253
1780038113.903838,53.254
1780038113.909762,53.254
1780038113.9157896,53.254
1780038113.9217882,53.254
1780038113.927739,53.254
1780038113.9338384,53.254
1780038113.939806,53.254
1780038113.9457314,53.254
1780038113.9518101,53.254
1780038113.9577181,53.254
1780038113.963254,53.254
1780038113.96895,53.254
1780038113.9747305,53.254
1780038113.9805708,53.254
1780038113.9865174,53.254
1780038113.992505,53.254
1780038113.9985306,53.253
1780038114.0046196,53.254
1780038114.0104723,53.254
1780038114.0165582,53.254
1780038114.0224726,53.254
1780038114.0285203,53.254
1780038114.034583,53.254
1780038114.0406022,53.254
1780038114.0464272,53.254
1780038114.0521276,53.254
1780038114.057995,53.254
1780038114.0637162,53.255
1780038114.0694427,53.254
1780038114.0754676,53.254
1780038114.0812762,53.254
1780038114.0874302,53.254
1780038114.0933053,53.254
1780038114.0993187,53.254
1780038114.1047888,53.255
1780038114.1104233,53.254
1780038114.1161625,53.254
1780038114.122235,53.254
1780038114.128116,53.254
1780038114.1342304,53.254
1780038114.1401663,53.253
1780038114.1461449,53.255
1780038114.152226,53.254
1780038114.1580691,53.254
1780038114.1642275,53.255
1780038114.170217,53.254
1780038114.1761677,53.255
1780038114.182233,53.254
1780038114.1882122,53.254
1780038114.1942017,53.255
1780038114.2001944,53.254
1780038114.2060628,53.255
1780038114.2121632,53.254
1780038114.2181566,53.254
1780038114.2241423,53.254
1780038114.2302163,53.254
1780038114.236118,53.254
1780038114.2423298,53.254
1780038114.2482526,53.254
1780038114.2542644,53.254
1780038114.260225,53.254
1780038114.266276,53.255
1780038114.2722144,53.255
1780038114.2781887,53.255
1780038114.2842345,53.254
1780038114.290073,53.254
1780038114.2960653,53.254
1780038114.302131,53.254
1780038114.3080988,53.254
1780038114.3140879,53.255
1780038114.3201542,53.254
1780038114.3260987,53.254
1780038114.332242,53.255
1780038114.3381886,53.255
1780038114.3442533,53.254
1780038114.3501437,53.254
1780038114.3560941,53.254
1780038114.3622506,53.254
1780038114.3681922,53.255
1780038114.3741057,53.254
1780038114.3802457,53.254
1780038114.3862126,53.254
1780038114.3921034,53.254
1780038114.3982518,53.255
1780038114.4041579,53.255
1780038114.4096587,53.255
1780038114.4151096,53.255
1780038114.420951,53.255
1780038114.4269557,53.254
1780038114.4323974,53.255
1780038114.4381428,53.255
1780038114.4437573,53.254
1780038114.449735,53.255
1780038114.4559073,53.254
1780038114.4617643,53.255
1780038114.467841,53.254
1780038114.4737315,53.255
1780038114.4792545,53.255
1780038114.4849465,53.255
1780038114.4905193,53.255
1780038114.4966636,53.255
1780038114.5026097,53.255
1780038114.508575,53.255
1780038114.51467,53.255
1780038114.5205853,53.255
1780038114.5265622,53.254
1780038114.5326498,53.254
1780038114.5384796,53.255
1780038114.5445795,53.254
1780038114.5505204,53.255
1780038114.556546,53.255
1780038114.562545,53.255
1780038114.5685475,53.254
1780038114.5744731,53.254
1780038114.580567,53.255
1780038114.5865939,53.255
1780038114.5924678,53.255
1780038114.5985534,53.254
1780038114.604525,53.255
1780038114.610568,53.255
1780038114.6166122,53.255
1780038114.622619,53.254
1780038114.6285937,53.254
1780038114.6346748,53.255
1780038114.64065,53.255
1780038114.646652,53.255
1780038114.6526098,53.255
1780038114.6587062,53.255
1780038114.6645162,53.255
1780038114.670154,53.254
1780038114.6757162,53.255
1780038114.6813974,53.255
1780038114.6874409,53.255
1780038114.6934159,53.255
1780038114.6994276,53.255
1780038114.7053673,53.255
1780038114.7113397,53.254
1780038114.7173977,53.255
1780038114.7234352,53.255
1780038114.729341,53.255
1780038114.7348185,53.255
1780038114.740493,53.255
1780038114.746139,53.255
1780038114.7521899,53.254
1780038114.7582595,53.255
1780038114.7641642,53.255
1780038114.7701738,53.255
1780038114.7756557,53.255
1780038114.781261,53.255
1780038114.7869534,53.255
1780038114.7929492,53.254
1780038114.799063,53.255
1780038114.8049116,53.255
1780038114.8109565,53.255
1780038114.8164232,53.255
1780038114.822096,53.255
1780038114.8277307,53.255
1780038114.833762,53.254
1780038114.839794,53.255
1780038114.845806,53.255
1780038114.8517563,53.255
1780038114.8572216,53.255
1780038114.8629007,53.255
1780038114.8685682,53.255
1780038114.8745606,53.254
1780038114.8805993,53.255
1780038114.8866117,53.255
1780038114.89255,53.255
1780038114.898037,53.255
1780038114.903713,53.255
1780038114.9093623,53.255
1780038114.9153657,53.254
1780038114.9215252,53.255
1780038114.927322,53.255
1780038114.9329095,53.255
1780038114.938629,53.255
1780038114.9442484,53.255
1780038114.9502127,53.255
1780038114.9562507,53.254
1780038114.9621608,53.255
1780038114.9676533,53.255
1780038114.9734046,53.255
1780038114.9791539,53.255
1780038114.9850092,53.255
1780038114.9909046,53.255
1780038114.9965122,53.254
1780038115.0022013,53.255
1780038115.007801,53.255
1780038115.0138733,53.255
1780038115.0198107,54.0
1780038115.0258155,53.255
1780038115.0317352,53.255
1780038115.0377815,53.254
1780038115.0437431,53.255
1780038115.0497966,53.255
1780038115.0557947,53.255
1780038115.061728,53.255
1780038115.0678382,53.255
1780038115.0737662,53.255
1780038115.0797627,53.255
1780038115.0858583,53.255
1780038115.0918105,53.255
1780038115.0977764,53.254
1780038115.1037996,53.255
1780038115.1097162,53.255
1780038115.1158028,53.255
1780038115.1217833,53.255
1780038115.127787,53.255
1780038115.1337707,53.255
1780038115.1398828,53.255
1780038115.1459305,53.255
1780038115.151708,53.255
1780038115.1577547,53.255
1780038115.1636567,53.255
1780038115.1692772,53.255
1780038115.1749432,53.255
1780038115.1806045,53.255
1780038115.1866596,53.255
1780038115.19258,53.255
1780038115.1985788,53.255
1780038115.2046096,54.0
1780038115.210552,53.255
1780038115.216657,53.255
1780038115.2226284,53.255
1780038115.2285988,53.255
1780038115.2346323,53.255
1780038115.2405324,53.255
1780038115.2459874,54.0
1780038115.2515373,53.255
1780038115.2574608,53.255
1780038115.2634227,53.254
1780038115.2693572,53.255
1780038115.275425,53.255
1780038115.2813396,53.255
1780038115.2868426,53.255
1780038115.2924094,53.255
1780038115.2981894,53.255
1780038115.3041945,53.254
1780038115.3101342,53.255
1780038115.3161569,53.255
1780038115.322213,53.255
1780038115.3281975,53.255
1780038115.3342378,53.255
1780038115.3400674,53.255
1780038115.3461063,53.255
1780038115.352201,53.255
1780038115.3581614,53.255
1780038115.364145,53.254
1780038115.3702567,53.255
1780038115.3761306,53.255
1780038115.381696,53.255
1780038115.387253,53.255
1780038115.3929126,53.255
1780038115.3988721,53.255
1780038115.404456,53.255
1780038115.4098315,54.0
1780038115.4157305,54.0
1780038115.4217346,54.0
1780038115.4277532,53.255
1780038115.4337552,54.0
1780038115.4398406,53.255
1780038115.4457753,53.255
1780038115.451258,54.0
1780038115.456761,53.255
1780038115.4626727,53.255
1780038115.4686675,53.255
1780038115.4746451,53.255
1780038115.4805174,53.255
1780038115.4865746,53.255
1780038115.4920962,53.255
1780038115.4976084,54.0
1780038115.503378,53.255
1780038115.509352,53.255
1780038115.5153382,53.255
1780038115.521452,54.0
1780038115.5274456,54.0
1780038115.5334344,54.0
1780038115.5393772,53.255
1780038115.5453465,53.255
1780038115.551359,53.255
1780038115.5574162,53.255
1780038115.5633225,54.0
1780038115.569297,53.255
1780038115.5752187,54.018
1780038115.5804515,54.011
1780038115.5860248,54.012
1780038115.5912793,54.009
1780038115.5967798,54.014
1780038115.6020343,54.009
1780038115.6076188,54.008
1780038115.6128807,54.011
1780038115.6184373,54.009
1780038115.6238768,54.009
1780038115.6292217,54.01
1780038115.6344638,54.01
1780038115.6400359,54.009
1780038115.6454763,54.014
1780038115.6508293,54.008
1780038115.6560802,54.009
1780038115.6616352,54.008
1780038115.66688,54.009
1780038115.6723921,54.008
1780038115.6776407,54.011
1780038115.683241,54.009
1780038115.6886752,54.007
1780038115.6940255,54.007
1780038115.699279,54.008
1780038115.704829,54.009
1780038115.7100809,54.007
1780038115.7156398,54.013
1780038115.721077,54.008
1780038115.726395,54.008
1780038115.73167,54.008
1780038115.7371883,54.007
1780038115.7424455,54.008
1780038115.7480404,54.012
1780038115.7534873,54.007
1780038115.758841,54.007
1780038115.7642853,54.007
1780038115.7696335,54.008
1780038115.775067,54.007
1780038115.780386,54.007
1780038115.7856448,54.009
1780038115.791238,54.008
1780038115.796542,54.006
1780038115.802042,54.008
1780038115.807476,54.008
1780038115.812827,54.008
1780038115.8183212,54.013
1780038115.8236847,54.007
1780038115.8291073,54.009
1780038115.8344347,54.01
1780038115.8398798,54.007
1780038115.8452296,54.012
1780038115.8506205,53.255
1780038115.85645,53.249
1780038115.8621762,53.248
1780038115.8681996,53.254
1780038115.8742132,53.253
1780038115.8802876,53.253
1780038115.8862445,53.253
1780038115.8921688,53.253
1780038115.8982286,53.253
1780038115.9042604,53.253
1780038115.9102542,53.253
1780038115.916239,53.252
1780038115.9222465,53.253
1780038115.9281926,53.253
1780038115.9342384,53.253
1780038115.9401743,53.253
1780038115.9461217,53.253
1780038115.952223,53.253
1780038115.9582605,53.253
1780038115.9642797,53.253
1780038115.970243,53.253
1780038115.9761336,53.253
1780038115.9822645,53.253
1780038115.9882522,53.253
1780038115.9942467,53.253
1780038116.0001192,53.253
1780038116.006256,53.253
1780038116.0122445,53.253
1780038116.0181687,53.253
1780038116.0241315,53.253
1780038116.03017,53.254
1780038116.0362191,53.253
1780038116.0421617,53.253
1780038116.0482934,53.253
1780038116.0542123,53.253
1780038116.0601668,53.253
1780038116.0662644,53.254
1780038116.0722191,53.253
1780038116.0781636,53.253
1780038116.084252,53.254
1780038116.0902584,53.253
1780038116.0962322,53.253
1780038116.1022315,53.254
1780038116.1081111,53.253
1780038116.1142287,53.253
1780038116.1201549,53.254
1780038116.1260436,53.253
1780038116.1317787,53.253
1780038116.137734,53.253
1780038116.1433566,53.254
1780038116.1490738,53.254
1780038116.155067,53.253
1780038116.1609366,53.254
1780038116.1669695,53.254
1780038116.1724923,53.254
1780038116.1780818,53.253
1780038116.1837854,53.254
1780038116.1898735,53.253
1780038116.1957722,53.253
1780038116.201787,53.254
1780038116.207833,53.254
1780038116.2138383,53.254
1780038116.2197688,53.254
1780038116.2258353,53.254
1780038116.2317774,53.254
1780038116.2378333,53.253
1780038116.2439096,53.254
1780038116.2497897,53.253
1780038116.2557235,53.254
1780038116.2612453,53.254
1780038116.2668076,53.253
1780038116.27261,53.254
1780038116.2786105,53.254
1780038116.2844956,53.254
1780038116.2901385,53.254
1780038116.295819,53.254
1780038116.3012853,53.254
1780038116.3075144,53.254
1780038116.3135707,53.254
1780038116.3194509,53.254
1780038116.3254058,53.254
1780038116.3314102,53.254
1780038116.337526,53.253
1780038116.3433542,53.254
1780038116.3488636,53.254
1780038116.3546066,53.254
1780038116.3602426,53.254
1780038116.3662696,53.254
1780038116.3722537,53.254
1780038116.3782344,53.254
1780038116.384195,53.254
1780038116.3902428,53.254
1780038116.3961782,53.254
1780038116.4020383,53.254
1780038116.4082506,53.254
1780038116.4142284,53.254
1780038116.4201767,53.254
1780038116.4261537,53.254
1780038116.4317114,53.254
1780038116.4373798,53.253
1780038116.4431148,53.254
1780038116.4490268,53.254
1780038116.4549289,53.254
1780038116.461021,53.254
1780038116.4669914,53.254
1780038116.473036,53.254
1780038116.479002,53.253
1780038116.4849622,53.254
1780038116.4904554,53.254
1780038116.4962032,53.254
1780038116.5019746,53.254
1780038116.5078568,53.254
1780038116.5138202,53.254
1780038116.519705,53.253
1780038116.525798,53.254
1780038116.5319128,53.254
1780038116.5378482,53.253
1780038116.5437715,53.254
1780038116.5498712,53.254
1780038116.5557094,53.254
1780038116.5618622,53.254
1780038116.5677965,53.254
1780038116.5738614,53.254
1780038116.5798104,53.254
1780038116.585855,53.254
1780038116.5917904,53.254
1780038116.597778,53.254
1780038116.6036465,53.254
1780038116.609261,53.254
1780038116.615059,53.254
1780038116.6207147,53.254
1780038116.6266448,53.254
1780038116.6325762,53.254
1780038116.638576,53.254
1780038116.644019,53.254
1780038116.6496139,53.254
1780038116.6554277,53.254
1780038116.6614027,53.254
1780038116.667354,53.254
1780038116.6733818,53.254
1780038116.6793826,53.253
1780038116.6854393,53.254
1780038116.69138,53.254
1780038116.6969147,53.254
1780038116.702469,53.254
1780038116.7082286,53.254
1780038116.71429,53.254
1780038116.7202315,53.254
1780038116.7262516,53.254
1780038116.7322612,53.254
1780038116.7382486,53.254
1780038116.744275,53.255
1780038116.7502444,53.254
1780038116.7562706,53.254
1780038116.7622845,53.254
1780038116.7682035,53.254
1780038116.7742763,53.254
1780038116.7801867,53.254
1780038116.786188,53.254
1780038116.7922251,53.254
1780038116.7981355,53.254
1780038116.8042626,53.254
1780038116.8102238,53.254
1780038116.8162506,53.254
1780038116.8222148,53.254
1780038116.828157,53.254
1780038116.8342147,53.254
1780038116.840183,53.254
1780038116.846083,53.255
1780038116.8516905,53.254
1780038116.857297,53.254
1780038116.8630083,53.254
1780038116.869092,53.254
1780038116.8750145,53.254
1780038116.8809605,53.255
1780038116.8870533,53.255
1780038116.892964,53.254
1780038116.8990567,53.254
1780038116.9050634,53.255
1780038116.9111042,53.254
1780038116.9169738,53.255
1780038116.9230325,53.254
1780038116.9290626,53.254
1780038116.934949,53.254
1780038116.9409378,53.254
1780038116.9468718,53.254
1780038116.953047,53.254
1780038116.9589381,53.254
1780038116.9645758,53.254
1780038116.9701211,53.255
1780038116.9757538,53.255
1780038116.9818463,53.255
1780038116.987743,53.255
1780038116.993797,53.255
1780038116.9998558,53.255
1780038117.0058005,53.254
1780038117.011825,53.254
1780038117.0178297,53.254
1780038117.0238304,53.254
1780038117.0298655,53.254
1780038117.0358138,53.254
1780038117.0418732,53.254
1780038117.0478544,53.255
1780038117.0539064,53.254
1780038117.0598931,53.254
1780038117.06593,53.254
1780038117.0717924,53.254
1780038117.0779366,53.255
1780038117.083785,53.255
1780038117.089276,53.255
1780038117.0947685,53.255
1780038117.1006002,53.255
1780038117.1066248,53.254
1780038117.1125998,53.255
1780038117.118637,53.255
1780038117.1245239,53.255
1780038117.13007,53.255
1780038117.1357696,53.254
1780038117.1414201,53.255
1780038117.1474135,53.254
1780038117.153392,53.254
1780038117.1592798,53.255
1780038117.1653686,53.254
1780038117.1714501,53.255
1780038117.1773114,53.255
1780038117.183446,53.255
1780038117.1894112,53.255
1780038117.1954534,53.255
1780038117.201424,53.255
1780038117.2073534,53.254
1780038117.2133195,53.255
1780038117.219445,53.255
1780038117.2253892,53.254
1780038117.2313392,53.255
1780038117.2374337,53.255
1780038117.243487,53.255
1780038117.2493737,53.255
1780038117.2554302,53.255
1780038117.2614105,53.254
1780038117.2674599,53.254
1780038117.2734485,53.255
1780038117.2794428,53.255
1780038117.285447,53.255
1780038117.2914925,53.255
1780038117.2974463,53.255
1780038117.3034565,53.255
1780038117.3093345,53.254
1780038117.3154624,53.255
1780038117.321396,53.255
1780038117.3273273,53.255
1780038117.3329074,53.255
1780038117.338426,53.255
1780038117.3442557,53.255
1780038117.350276,53.254
1780038117.3562222,53.255
1780038117.362283,53.255
1780038117.3681476,53.255
1780038117.3736932,53.255
1780038117.3792229,53.255
1780038117.3850608,53.255
1780038117.3910213,53.254
1780038117.3969615,53.255
1780038117.4030783,53.255
1780038117.4089983,53.255
1780038117.4149961,53.255
1780038117.4211059,53.255
1780038117.4269636,53.255
1780038117.4331632,53.255
1780038117.439055,53.255
1780038117.4450302,53.255
1780038117.4510777,53.255
1780038117.4570875,53.255
1780038117.4630322,53.255
1780038117.469085,53.255
1780038117.4748602,53.255
1780038117.4809928,53.255
1780038117.4869576,53.255
1780038117.4930766,53.255
1780038117.4989994,53.255
1780038117.504993,53.255
1780038117.5104806,53.255
1780038117.515888,53.255
1780038117.5218148,53.255
1780038117.5278842,53.255
1780038117.5338502,53.255
1780038117.539793,53.255
1780038117.5459101,53.254
1780038117.5518298,53.254
1780038117.5578349,53.255
1780038117.563814,53.255
1780038117.5698454,53.255
1780038117.57584,53.255
1780038117.581787,53.255
1780038117.587855,53.255
1780038117.5938134,53.254
1780038117.599847,53.255
1780038117.6058462,53.255
1780038117.6118822,53.255
1780038117.6177416,53.255
1780038117.6238723,53.255
1780038117.629785,53.255
1780038117.635361,53.254
1780038117.6409237,53.255
1780038117.646623,53.255
1780038117.6526823,53.255
1780038117.6585116,53.255
1780038117.664636,53.255
1780038117.6705117,53.255
1780038117.6765544,53.255
1780038117.6825943,53.255
1780038117.688613,53.255
1780038117.694569,53.254
1780038117.7006545,53.255
1780038117.7065926,53.255
1780038117.712651,53.255
1780038117.7186606,53.255
1780038117.7246618,53.255
1780038117.7306566,53.255
1780038117.7366836,53.254
1780038117.7427197,53.255
1780038117.7486076,53.255
1780038117.754512,53.255
1780038117.7604835,53.255
1780038117.7661512,53.255
1780038117.7717843,53.255
1780038117.7774296,53.255
1780038117.7834914,53.255
1780038117.7893872,53.255
1780038117.7953715,53.255
1780038117.8013754,53.255
1780038117.8072808,54.0
1780038117.813001,53.255
1780038117.8185873,53.255
1780038117.8242168,53.255
1780038117.8301582,53.255
1780038117.83579,53.255
1780038117.8414795,53.255
1780038117.8469515,53.255
1780038117.8530483,53.255
1780038117.8590267,53.255
1780038117.865058,53.255
1780038117.87101,53.255
1780038117.8770401,53.255
1780038117.8830917,53.255
1780038117.889006,53.255
1780038117.895055,53.255
1780038117.9010158,53.255
1780038117.9070475,53.255
1780038117.9129531,53.255
1780038117.9190784,53.255
1780038117.9245067,54.0
1780038117.9300542,53.255
1780038117.935771,53.255
1780038117.9417682,53.254
1780038117.9478376,53.255
1780038117.9537854,53.255
1780038117.9597938,53.255
1780038117.9658225,53.255
1780038117.9717908,53.255
1780038117.9778411,53.255
1780038117.983818,53.255
1780038117.9898329,53.255
1780038117.9958453,53.255
1780038118.0018706,53.254
1780038118.0079181,54.0
1780038118.013781,53.255
1780038118.019792,53.255
1780038118.02593,53.255
1780038118.0317738,53.255
1780038118.0373435,53.255
1780038118.0429974,53.255
1780038118.0489867,53.255
1780038118.0546403,53.255
1780038118.060627,53.255
1780038118.066594,54.0
1780038118.0726094,53.255
1780038118.0781357,53.255
1780038118.083674,53.254
1780038118.089453,53.255
1780038118.0953376,53.255
1780038118.1009686,53.255
1780038118.1065137,53.255
1780038118.1122234,53.255
1780038118.1181574,53.255
1780038118.1242356,53.254
1780038118.130256,53.255
1780038118.1362555,53.255
1780038118.1421533,54.0
1780038118.1477373,53.255
1780038118.1531897,53.255
1780038118.1590683,54.0
1780038118.1650317,53.255
1780038118.171022,53.255
1780038118.1770496,53.255
1780038118.182989,53.255
1780038118.1891623,53.255
1780038118.1950142,54.0
1780038118.2009025,53.255
1780038118.2112944,54.0
1780038118.2168727,53.255
1780038118.2225804,53.255
1780038118.2285469,53.255
1780038118.234687,53.255
1780038118.2405596,53.255
1780038118.2466128,54.0
1780038118.2526057,54.0
1780038118.258146,53.255
1780038118.2636657,53.255
1780038118.2693937,53.255
1780038118.275311,53.255
1780038118.2814572,54.0
1780038118.2874484,53.255
1780038118.2933934,53.255
1780038118.2994614,53.255
1780038118.305436,53.255
1780038118.3114688,53.255
1780038118.3174357,53.255
1780038118.3233693,53.255
1780038118.3293836,53.255
1780038118.3353426,54.0
1780038118.3415534,54.0
1780038118.3474607,53.255
1780038118.3535447,54.0
1780038118.3593833,53.255
1780038118.365355,54.0
1780038118.3710074,53.255
1780038118.376584,53.255
1780038118.3822227,53.255
1780038118.3881552,53.255
1780038118.3941982,53.255
1780038118.400136,53.255
1780038118.4062855,53.255
1780038118.412226,53.254
1780038118.4182923,54.0
1780038118.424188,53.255
1780038118.430274,53.255
1780038118.4361362,54.017
1780038118.441547,54.011
1780038118.4468904,54.014
1780038118.4523375,54.009
1780038118.4576626,54.01
1780038118.462922,54.011
1780038118.4685457,54.009
1780038118.4739559,54.015
1780038118.4792628,54.008
1780038118.4845111,54.009
1780038118.4900572,54.009
1780038118.495306,54.009
1780038118.500864,54.009
1780038118.5061164,54.012
1780038118.511672,54.009
1780038118.5169287,54.008
1780038118.5224695,54.007
1780038118.527727,54.008
1780038118.5332818,54.008
1780038118.5385242,54.008
1780038118.544082,54.013
1780038118.549521,54.008
1780038118.5548384,54.008
1780038118.560109,54.009
1780038118.5656269,54.008
1780038118.5708892,54.008
1780038118.5764344,54.012
1780038118.5816934,54.007
1780038118.5872777,54.007
1780038118.5927181,54.008
1780038118.5980725,54.008
1780038118.6033294,54.008
1780038118.608834,54.008
1780038118.614094,54.009
1780038118.6196833,54.008
1780038118.625159,54.007
1780038118.6304853,54.008
1780038118.6359358,54.008
1780038118.6413176,54.008
1780038118.6467617,54.013
1780038118.6520464,54.007
1780038118.6573014,54.007
1780038118.6628304,54.008
1780038118.6680782,54.007
1780038118.6736474,54.008
1780038118.6789045,54.012
1780038118.6844966,54.008
1780038118.6899402,54.007
1780038118.6952918,54.012
1780038118.7007277,54.007
1780038118.7060556,54.01
1780038118.7113144,54.007
1780038118.7172549,53.247
1780038118.7230673,53.248
1780038118.7291605,53.254
1780038118.7351038,53.253
1780038118.7409804,53.253
1780038118.7469077,53.253
1780038118.7526135,53.253
1780038118.7585547,53.252
1780038118.7640433,53.253
1780038118.7698429,53.253
1780038118.7758565,53.253
1780038118.7818568,53.253
1780038118.7878208,53.253
1780038118.793806,53.253
1780038118.7998648,53.253
1780038118.8059244,53.253
1780038118.8118856,53.253
1780038118.817885,53.253
1780038118.8238626,53.253
1780038118.8298311,53.253
1780038118.8358552,53.253
1780038118.8418374,53.253
1780038118.8478239,53.253
1780038118.853846,53.253
1780038118.8598862,53.253
1780038118.8658023,53.253
1780038118.8717391,53.253
1780038118.8773263,53.253
1780038118.8827903,53.254
1780038118.8886197,53.254
1780038118.894669,53.253
1780038118.9005787,53.253
1780038118.9066572,53.253
1780038118.9125257,53.253
1780038118.9182127,53.253
1780038118.9236732,53.253
1780038118.9294322,53.253
1780038118.9354181,53.253
1780038118.9414616,53.254
1780038118.947388,53.254
1780038118.95298,53.253
1780038118.9588895,53.253
1780038118.9644864,53.254
1780038118.9702594,53.254
1780038118.9762878,53.254
1780038118.982281,53.254
1780038118.988176,53.254
1780038118.994262,53.254
1780038119.0002277,53.253
1780038119.0061803,53.254
1780038119.0122256,53.253
1780038119.018202,53.253
1780038119.0243332,53.253
1780038119.030213,53.254
1780038119.036252,53.254
1780038119.0423295,53.254
1780038119.0482903,53.254
1780038119.0541828,53.253
1780038119.0601995,53.253
1780038119.0662563,53.254
1780038119.0722966,53.253
1780038119.078177,53.253
1780038119.0837338,53.254
1780038119.0892932,53.254
1780038119.0950758,53.254
1780038119.1010952,53.254
1780038119.1070795,53.254
1780038119.1129124,53.254
1780038119.1185596,53.254
1780038119.1240408,53.254
1780038119.129827,53.254
1780038119.135933,53.254
1780038119.141868,53.254
1780038119.147832,53.254
1780038119.1538527,53.254
1780038119.1598737,53.253
1780038119.1658604,53.254
1780038119.1717684,53.254
1780038119.1773393,53.254
1780038119.1830778,53.254
1780038119.1887486,53.254
1780038119.194674,53.254
1780038119.2007012,53.253
1780038119.2066307,53.254
1780038119.2126226,53.253
1780038119.2186313,53.254
1780038119.2245128,53.254
1780038119.2301154,53.254
1780038119.2357314,53.254
1780038119.2414796,53.253
1780038119.2475085,53.254
1780038119.2534926,53.254
1780038119.259344,53.254
1780038119.2648268,53.254
1780038119.2704158,53.254
1780038119.2762403,53.254
1780038119.2822342,53.254
1780038119.288188,53.254
1780038119.294232,53.254
1780038119.3002217,53.253
1780038119.3063354,53.254
1780038119.3121805,53.254
1780038119.3182533,53.254
1780038119.3243139,53.254
1780038119.3302412,53.254
1780038119.3361397,53.254
1780038119.3418026,53.253
1780038119.347323,53.254
1780038119.3530202,53.254
1780038119.3590882,53.254
1780038119.3650541,53.254
1780038119.3710368,53.254
1780038119.3770623,53.254
1780038119.3830695,53.254
1780038119.3889797,53.254
1780038119.3945222,53.254
1780038119.4001331,53.254
1780038119.405794,53.254
1780038119.411898,53.254
1780038119.4178512,53.254
1780038119.4238293,53.254
1780038119.4298568,53.254
1780038119.4359057,53.254
1780038119.441904,53.253
1780038119.447981,53.254
1780038119.4539177,53.254
1780038119.4599419,53.254
1780038119.4659224,53.254
1780038119.4718711,53.254
1780038119.4779334,53.254
1780038119.4838042,53.254
1780038119.4898782,53.254
1780038119.4958842,53.254
1780038119.5018096,53.254
1780038119.5077918,53.254
1780038119.513898,53.254
1780038119.5198,53.254
1780038119.5258877,53.254
1780038119.5318556,53.254
1780038119.5378673,53.254
1780038119.543854,53.254
1780038119.5498984,53.254
1780038119.5558643,53.254
1780038119.5618627,53.254
1780038119.5679116,53.254
1780038119.5738564,53.254
1780038119.5798905,53.254
1780038119.5858414,53.254
1780038119.5919087,53.255
1780038119.5978494,53.254
1780038119.6038773,53.254
1780038119.609916,53.254
1780038119.615833,53.254
1780038119.6219554,53.254
1780038119.6278718,53.255
1780038119.6337764,53.254
1780038119.6399086,53.254
1780038119.6458378,53.254
1780038119.6513124,53.254
1780038119.6570725,53.255
1780038119.6627634,53.254
1780038119.6686692,53.255
1780038119.6746652,53.254
1780038119.6807024,53.254
1780038119.686663,53.254
1780038119.6927428,53.255
1780038119.698639,53.254
1780038119.7045898,53.254
1780038119.7107415,53.255
1780038119.7166357,53.254
1780038119.72257,53.255
1780038119.7287111,53.255
1780038119.7345998,53.254
1780038119.740608,53.254
1780038119.7462442,53.254
1780038119.7518287,53.254
1780038119.7574267,53.254
1780038119.7634792,53.254
1780038119.7694576,53.255
1780038119.7754493,53.255
1780038119.7815363,53.255
1780038119.7874644,53.254
1780038119.7934303,53.255
1780038119.7994845,53.255
1780038119.8054042,53.254
1780038119.811493,53.254
1780038119.817491,53.254
1780038119.8234835,53.255
1780038119.8295014,53.254
1780038119.835479,53.255
1780038119.8415515,53.254
1780038119.8473835,53.254
1780038119.8534675,53.255
1780038119.8594627,53.254
1780038119.8654628,53.255
1780038119.8713756,53.255
1780038119.8775647,53.254
1780038119.8833938,53.254
1780038119.8894572,53.254
1780038119.8955455,53.255
1780038119.9014544,53.255
1780038119.9074097,53.254
1780038119.913605,53.255
1780038119.919325,53.255
1780038119.9249802,53.254
1780038119.930552,53.255
1780038119.9362607,53.255
1780038119.942366,53.254
1780038119.948288,53.254
1780038119.954374,53.255
1780038119.9602647,53.254
1780038119.9663177,53.255
1780038119.972356,53.255
1780038119.9783041,53.254
1780038119.9842632,53.255
1780038119.9902587,53.254
1780038119.9963233,53.254
1780038120.0022397,53.254
1780038120.0081725,53.255
1780038120.0137231,53.255
1780038120.0193264,53.255
1780038120.0251122,53.255
1780038120.0311408,53.255
1780038120.0370631,53.255
1780038120.0431786,53.255
1780038120.0490992,53.254
1780038120.0550575,53.255
1780038120.0610507,53.255
1780038120.0670435,53.255
1780038120.0732536,53.255
1780038120.0791233,53.255
1780038120.084985,53.255
1780038120.0910635,53.254
1780038120.0971134,53.255
1780038120.1031022,53.254
1780038120.108979,53.255
1780038120.1149197,53.255
1780038120.1210368,53.255
1780038120.1270516,53.255
1780038120.1331139,53.254
1780038120.139026,53.255
1780038120.1445396,53.255
1780038120.1502585,53.255
1780038120.1558387,53.255
1780038120.161929,53.255
1780038120.1679485,53.255
1780038120.173885,53.255
1780038120.1798232,53.255
1780038120.1857753,53.255
1780038120.1913314,53.255
1780038120.196718,53.255
1780038120.202656,53.255
1780038120.2086802,53.255
1780038120.214704,53.255
1780038120.2207322,53.255
1780038120.2266598,53.255
1780038120.2326338,53.254
1780038120.2387354,53.255
1780038120.2445834,53.255
1780038120.2501702,53.255
1780038120.2557366,53.255
1780038120.2615032,53.255
1780038120.2674735,53.255
1780038120.273365,53.254
1780038120.279578,53.255
1780038120.2854793,53.255
1780038120.2914455,53.255
1780038120.2976105,54.0
1780038120.3033729,53.255
1780038120.3094733,53.255
1780038120.3154244,53.254
1780038120.321431,53.255
1780038120.327405,53.255
1780038120.333432,53.255
1780038120.3394318,53.255
1780038120.3454382,53.255
1780038120.3513463,53.255
1780038120.3575692,53.255
1780038120.363465,53.255
1780038120.3695204,53.255
1780038120.3754644,53.254
1780038120.3815815,53.255
1780038120.3875308,53.255
1780038120.393377,53.255
1780038120.3995545,53.255
1780038120.405433,53.255
1780038120.4114547,53.255
1780038120.4174182,53.254
1780038120.4233935,53.255
1780038120.4289315,53.255
1780038120.434612,53.255
1780038120.4403665,54.0
1780038120.4462554,53.255
1780038120.4522352,53.255
1780038120.4583025,53.254
1780038120.4642632,53.255
1780038120.469712,53.255
1780038120.47529,53.255
1780038120.4811497,53.255
1780038120.4871285,53.255
1780038120.4930818,53.255
1780038120.499003,53.255
1780038120.5050745,53.255
1780038120.5110497,53.255
1780038120.5170863,53.255
1780038120.5230455,53.255
1780038120.5285418,53.255
1780038120.5340805,53.255
1780038120.539819,53.254
1780038120.5458279,53.255
1780038120.55185,53.255
1780038120.5578425,53.255
1780038120.5638323,53.255
1780038120.5698006,53.255
1780038120.5758753,53.255
1780038120.5818202,53.255
1780038120.5878747,53.255
1780038120.593897,53.255
1780038120.5999038,53.254
1780038120.6059668,53.255
1780038120.6117983,53.255
1780038120.6179764,53.255
1780038120.623962,54.0
1780038120.629862,53.255
1780038120.6358352,53.255
1780038120.641848,53.255
1780038120.6478758,53.255
1780038120.653822,53.255
1780038120.6598558,53.255
1780038120.6658156,54.0
1780038120.6718366,53.255
1780038120.6778471,53.255
1780038120.6838233,53.255
1780038120.689926,53.255
1780038120.695855,53.255
1780038120.7018275,53.254
1780038120.707901,53.255
1780038120.7137818,53.255
1780038120.7194083,53.255
1780038120.7250044,53.255
1780038120.7305984,53.255
1780038120.7366536,53.255
1780038120.7421465,53.255
1780038120.747598,53.255
1780038120.7535276,53.255
1780038120.7595003,53.255
1780038120.7654905,53.255
1780038120.7714527,53.255
1780038120.7769291,53.255
1780038120.7825472,53.255
1780038120.788136,54.0
1780038120.7937813,54.0
1780038120.7994647,53.255
1780038120.8051136,53.255
1780038120.8110974,53.255
1780038120.8170352,53.255
1780038120.8230295,53.255
1780038120.829023,53.255
1780038120.834977,53.255
1780038120.8410928,53.255
1780038120.8470497,53.255
1780038120.8529904,53.255
1780038120.8591657,53.255
1780038120.8650258,53.255
1780038120.8710785,53.255
1780038120.8771667,53.255
1780038120.8830967,53.255
1780038120.889105,54.0
1780038120.8951135,53.255
1780038120.9010165,53.255
1780038120.9066367,53.255
1780038120.9122443,54.0
1780038120.91782,53.255
1780038120.9237645,53.255
1780038120.9300163,53.255
1780038120.9358099,53.255
1780038120.9413977,53.255
1780038120.9469118,53.255
1780038120.9526393,54.0
1780038120.9586487,53.255
1780038120.9647176,53.255
1780038120.9706995,54.0
1780038120.9766715,54.0
1780038120.982716,53.255
1780038120.9886577,53.254
1780038120.9948146,53.255
1780038121.000672,53.255
1780038121.0066833,53.255
1780038121.0126574,53.255
1780038121.0186071,54.0
1780038121.024717,53.255
1780038121.0307004,53.255
1780038121.0367398,53.255
1780038121.042694,53.255
1780038121.0487115,53.255
1780038121.0545046,54.0
1780038121.0601823,53.255
1780038121.0658076,53.255
1780038121.071469,53.255
1780038121.0774157,53.255
1780038121.0834827,53.255
1780038121.0894814,54.0
1780038121.0954926,54.0
1780038121.1013567,53.255
1780038121.1075706,53.255
1780038121.1135018,53.255
1780038121.1195219,53.255
1780038121.1255243,53.255
1780038121.131419,53.255
1780038121.136921,54.0
1780038121.142495,54.0
1780038121.1482506,53.255
1780038121.1542134,53.255
1780038121.1603045,53.255
1780038121.1663046,53.255
1780038121.1722515,53.255
1780038121.1782768,54.0
1780038121.1837354,53.255
1780038121.1892655,54.0
1780038121.1949902,53.255
1780038121.2009213,54.0
1780038121.2066035,54.0
1780038121.2121024,53.255
1780038121.217826,53.255
1780038121.2237651,53.255
1780038121.2293582,53.255
1780038121.2349029,53.254
1780038121.2407112,53.255
1780038121.2466214,53.255
1780038121.2525265,53.255
1780038121.2581832,53.255
1780038121.2638245,53.255
1780038121.2695425,53.255
1780038121.2754335,53.255
1780038121.2809844,53.255
1780038121.286458,54.0
1780038121.2922785,53.255
1780038121.2982523,53.249
1780038121.3035898,54.013
1780038121.3089235,54.013
1780038121.3143709,54.009
1780038121.3197358,54.01
1780038121.3251917,54.014
1780038121.3305144,54.009
1780038121.335768,54.013
1780038121.3413155,54.009
1780038121.3465714,54.009
1780038121.3521209,54.008
1780038121.3573716,54.009
1780038121.3629096,54.009
1780038121.3681655,54.008
1780038121.3737118,54.013
1780038121.37896,54.008
1780038121.38447,54.008
1780038121.3897288,54.009
1780038121.3953097,54.008
1780038121.4005668,54.008
1780038121.4061136,54.013
1780038121.4113777,54.007
1780038121.4168768,54.008
1780038121.42213,54.008
1780038121.427743,54.009
1780038121.4331877,54.008
1780038121.4384773,54.009
1780038121.4437363,54.008
1780038121.449378,54.008
1780038121.45481,54.007
1780038121.4601126,54.009
1780038121.4653745,54.007
1780038121.4710073,54.007
1780038121.4764192,54.014
1780038121.4817138,54.007
1780038121.486956,54.008
1780038121.4925244,54.008
1780038121.4977677,54.007
1780038121.503327,54.008
1780038121.5087595,54.012
1780038121.5141387,54.007
1780038121.5195668,54.007
1780038121.5249267,54.006
1780038121.5303621,54.007
1780038121.5357401,54.007
1780038121.54117,54.007
1780038121.5465295,54.011
1780038121.5519667,54.007
1780038121.5572736,54.011
1780038121.5625293,54.007
1780038121.5681517,54.007
1780038121.5735948,54.011
1780038121.5790398,53.247
1780038121.5852778,53.247
1780038121.591251,53.252
1780038121.59701,53.251
1780038121.603081,53.251
1780038121.6091692,53.251
1780038121.6151943,53.251
1780038121.6211014,53.251
1780038121.6271298,53.251
1780038121.6330922,53.251
1780038121.6390307,53.252
1780038121.6450863,53.252
1780038121.65102,53.251
1780038121.6570709,53.251
1780038121.663083,53.251
1780038121.6692295,53.251
1780038121.6750104,53.251
1780038121.6810062,53.251
1780038121.6864927,53.252
1780038121.6920745,53.252
1780038121.6978354,53.252
1780038121.703865,53.251
1780038121.7099674,53.252
1780038121.7157562,53.252
1780038121.7214193,53.252
1780038121.7270746,53.252
1780038121.73277,53.252
1780038121.7386997,53.252
1780038121.7446263,53.252
1780038121.7505548,53.251
1780038121.7562816,53.252
1780038121.7618828,53.251
1780038121.7675185,53.252
1780038121.7734656,53.252
1780038121.7795525,53.252
1780038121.785492,53.252
1780038121.7914376,53.252
1780038121.7970228,53.252
1780038121.8030038,53.251
1780038121.8086092,53.252
1780038121.8142624,53.252
1780038121.820318,53.252
1780038121.826268,53.252
1780038121.8322594,53.252
1780038121.8382978,53.252
1780038121.844218,53.252
1780038121.850274,53.252
1780038121.8561466,53.252
1780038121.86182,53.252
1780038121.867421,53.253
1780038121.8731601,53.252
1780038121.879129,53.252
1780038121.885091,53.252
1780038121.8910282,53.252
1780038121.8970356,53.252
1780038121.9031107,53.252
1780038121.9090266,53.252
1780038121.9150624,53.252
1780038121.9210505,53.253
1780038121.9270308,53.253
1780038121.9331448,53.253
1780038121.939301,53.252
1780038121.9450407,53.252
1780038121.951149,53.252
1780038121.9570918,53.252
1780038121.963133,53.252
1780038121.9691737,53.252
1780038121.9750519,53.252
1780038121.9811883,53.252
1780038121.9871035,53.253
1780038121.9930325,53.253
1780038121.9985635,53.253
1780038122.0041487,53.252
1780038122.0098894,53.253
1780038122.0159001,53.253
1780038122.0219562,53.253
1780038122.0278149,53.253
1780038122.0339177,53.253
1780038122.0398521,53.253
1780038122.0459385,53.253
1780038122.0519335,53.253
1780038122.057919,53.253
1780038122.06394,53.252
1780038122.069951,53.253
1780038122.0758102,53.253
1780038122.081403,53.253
1780038122.0878747,53.253
1780038122.093794,53.253
1780038122.0994637,53.253
1780038122.1053758,53.252
1780038122.1109653,53.253
1780038122.1167166,53.253
1780038122.1227088,53.253
1780038122.1285691,53.253
1780038122.1347532,53.253
1780038122.1407282,53.253
1780038122.146695,53.253
1780038122.1526687,53.253
1780038122.1586747,53.253
1780038122.1647596,53.252
1780038122.1706831,53.253
1780038122.1765854,53.253
1780038122.1826985,53.253
1780038122.1886759,53.253
1780038122.1946316,53.253
1780038122.2006357,53.253
1780038122.20625,53.253
1780038122.2117755,53.253
1780038122.2174964,53.253
1780038122.2235029,53.253
1780038122.2293396,53.253
1780038122.2349665,53.253
1780038122.240596,53.253
1780038122.2462826,53.252
1780038122.2522645,53.253
1780038122.2582505,53.253
1780038122.2642336,53.253
1780038122.2697163,53.253
1780038122.275319,53.253
1780038122.2811534,53.253
1780038122.287088,53.253
1780038122.2930865,53.253
1780038122.2991,53.253
1780038122.304993,53.252
1780038122.3110914,53.253
1780038122.3171155,53.253
1780038122.3231373,53.253
1780038122.3290882,53.254
1780038122.3349893,53.253
1780038122.340634,53.253
1780038122.3463125,53.252
1780038122.352105,53.253
1780038122.3578901,53.253
1780038122.3639364,53.253
1780038122.3699079,53.254
1780038122.3759074,53.253
1780038122.381953,53.253
1780038122.3879201,53.253
1780038122.3938942,53.253
1780038122.3999486,53.253
1780038122.405858,53.253
1780038122.411922,53.253
1780038122.4179142,53.253
1780038122.423958,53.253
1780038122.4299946,53.254
1780038122.4358408,53.253
1780038122.441861,53.254
1780038122.4479218,53.253
1780038122.453885,53.254
1780038122.4598603,53.253
1780038122.4658873,53.253
1780038122.4718382,53.254
1780038122.477391,53.253
1780038122.4831345,53.253
1780038122.488863,53.253
1780038122.4947069,53.253
1780038122.50068,53.253
1780038122.5066562,53.254
1780038122.5121684,53.254
1780038122.5177975,53.254
1780038122.5235412,53.254
1780038122.5295615,53.253
1780038122.535447,53.254
1780038122.541545,53.254
1780038122.5474935,53.253
1780038122.552963,53.254
1780038122.558586,53.254
1780038122.564291,53.253
1780038122.5703042,53.254
1780038122.576215,53.254
1780038122.5818837,53.254
1780038122.5877259,53.254
1780038122.593143,53.254
1780038122.5990777,53.254
1780038122.6050577,53.254
1780038122.611057,53.254
1780038122.6171393,53.254
1780038122.6231847,53.254
1780038122.6291385,53.253
1780038122.6351662,53.254
1780038122.6411483,53.254
1780038122.6471748,53.254
1780038122.6531186,53.254
1780038122.6590939,53.254
1780038122.6651194,53.254
1780038122.671139,53.253
1780038122.677101,53.254
1780038122.6831279,53.254
1780038122.6890097,53.254
1780038122.6945767,53.254
1780038122.7000525,53.254
1780038122.70591,53.254
1780038122.7118924,53.254
1780038122.7178361,53.254
1780038122.7233958,53.254
1780038122.72901,53.254
1780038122.7345855,53.254
1780038122.7407515,53.254
1780038122.7466779,53.254
1780038122.7526884,53.254
1780038122.7586484,53.254
1780038122.7646134,53.254
1780038122.7701392,53.254
1780038122.7755194,53.254
1780038122.7815373,53.254
1780038122.787437,53.254
1780038122.7934582,53.254
1780038122.799563,53.254
1780038122.8055608,53.254
1780038122.8115537,53.253
1780038122.8176003,53.254
1780038122.8235283,53.254
1780038122.82959,53.254
1780038122.8355477,53.254
1780038122.8415706,53.254
1780038122.8474486,53.254
1780038122.853426,53.254
1780038122.8595564,53.254
1780038122.865491,53.254
1780038122.8714488,53.254
1780038122.8769193,53.254
1780038122.8825676,53.254
1780038122.88843,53.254
1780038122.8943458,53.254
1780038122.9002588,53.254
1780038122.9062824,53.254
1780038122.9122741,53.254
1780038122.918306,53.254
1780038122.924273,53.254
1780038122.93026,53.254
1780038122.9358325,53.254
1780038122.9412887,53.254
1780038122.947025,53.254
1780038122.953103,53.254
1780038122.9590466,53.254
1780038122.9650905,53.254
1780038122.9711535,53.254
1780038122.977089,53.255
1780038122.9831393,53.254
1780038122.9890695,53.254
1780038122.9951582,53.254
1780038123.00107,53.254
1780038123.0070946,53.254
1780038123.0131044,53.254
1780038123.0190055,53.254
1780038123.0251436,53.254
1780038123.0311236,53.254
1780038123.037031,53.254
1780038123.0431354,53.254
1780038123.049132,53.254
1780038123.0551496,53.254
1780038123.0612206,53.254
1780038123.0671234,53.254
1780038123.0731485,53.254
1780038123.0791802,53.255
1780038123.085245,53.254
1780038123.0911534,53.254
1780038123.0971534,53.254
1780038123.103026,53.254
1780038123.109171,53.254
1780038123.1150992,53.254
1780038123.121131,53.254
1780038123.1270967,53.254
1780038123.133113,53.254
1780038123.1391237,53.254
1780038123.1450975,53.254
1780038123.1510983,53.254
1780038123.1571,53.254
1780038123.1631799,53.254
1780038123.1691282,53.254
1780038123.1751308,53.254
1780038123.1811461,53.255
1780038123.1871293,53.254
1780038123.1930988,53.254
1780038123.1991372,53.254
1780038123.2051065,53.254
1780038123.2111273,53.254
1780038123.21703,53.254
1780038123.2225323,53.255
1780038123.2280982,53.254
1780038123.2339697,53.255
1780038123.2399833,53.254
1780038123.2459075,53.255
1780038123.252027,53.254
1780038123.257864,53.254
1780038123.2634125,53.255
1780038123.268895,53.254
1780038123.2747416,53.254
1780038123.2807255,53.254
1780038123.2866628,53.255
1780038123.2927902,53.254
1780038123.2986925,53.255
1780038123.3047006,53.255
1780038123.3107393,53.254
1780038123.3166833,53.254
1780038123.3222203,53.255
1780038123.327707,53.255
1780038123.3335738,53.254
1780038123.3394747,53.254
1780038123.3450098,53.254
1780038123.3504696,53.254
1780038123.3562987,53.254
1780038123.3623633,53.255
1780038123.3682976,53.255
1780038123.3743637,53.254
1780038123.3803046,53.255
1780038123.3858275,53.255
1780038123.391469,53.255
1780038123.3972175,53.255
1780038123.403101,53.254
1780038123.4085524,53.254
1780038123.4141884,53.254
1780038123.4198942,53.255
1780038123.4258533,53.255
1780038123.431785,53.254
1780038123.4379156,53.255
1780038123.4438868,53.254
1780038123.4498706,53.255
1780038123.4559238,53.255
1780038123.461874,53.255
1780038123.467872,53.255
1780038123.4739087,53.255
1780038123.4798682,53.255
1780038123.4859283,53.255
1780038123.4919574,53.255
1780038123.4978595,53.254
1780038123.503885,53.254
1780038123.5100114,53.255
1780038123.515815,53.255
1780038123.5214365,53.255
1780038123.5271213,53.255
1780038123.5327342,53.254
1780038123.5386992,53.254
1780038123.5447369,53.254
1780038123.5506973,53.255
1780038123.556659,53.255
1780038123.5622752,53.255
1780038123.5679586,53.255
1780038123.5734477,53.255
1780038123.5793917,53.255
1780038123.585069,53.254
1780038123.5906248,53.255
1780038123.5963106,53.255
1780038123.6023571,53.255
1780038123.6084063,53.255
1780038123.6142886,53.254
1780038123.619782,53.255
1780038123.625412,53.255
1780038123.631202,53.255
1780038123.6371248,53.255
1780038123.643021,53.255
1780038123.6491537,53.255
1780038123.65512,53.255
1780038123.6611257,53.255
1780038123.6670585,53.254
1780038123.6731138,53.255
1780038123.679094,53.255
1780038123.6851416,53.255
1780038123.691139,53.255
1780038123.69709,53.255
1780038123.7031152,53.255
1780038123.7090063,53.254
1780038123.715205,53.255
1780038123.7210677,53.255
1780038123.7270825,53.255
1780038123.7330801,53.255
1780038123.7390912,53.255
1780038123.7451265,53.255
1780038123.7511404,53.255
1780038123.7571354,53.255
1780038123.763181,53.255
1780038123.769189,53.254
1780038123.775237,53.255
1780038123.7810493,53.255
1780038123.787256,53.255
1780038123.7930837,53.255
1780038123.799155,53.255
1780038123.8050857,53.255
1780038123.8110995,53.254
1780038123.8170857,53.255
1780038123.8231606,53.255
1780038123.8433359,53.255
1780038123.8495946,53.255
1780038123.8555567,53.255
1780038123.86155,53.255
1780038123.8675182,53.255
1780038123.8734624,53.255
1780038123.8795218,53.255
1780038123.8849971,53.255
1780038123.8906252,53.255
1780038123.8962176,53.255
1780038123.9022431,53.255
1780038123.90782,53.255
1780038123.913401,53.255
1780038123.9191074,53.255
1780038123.9250097,53.255
1780038123.9306602,53.255
1780038123.9363456,53.255
1780038123.9419017,53.255
1780038123.9478116,53.255
1780038123.9539723,53.255
1780038123.9599514,53.255
1780038123.9658628,53.255
1780038123.9719691,53.255
1780038123.9780085,53.255
1780038123.9839914,53.255
1780038123.9899027,53.255
1780038123.9958482,53.255
1780038124.0019934,53.255
1780038124.0079331,53.255
1780038124.0138922,53.255
1780038124.019895,54.0
1780038124.025388,53.255
1780038124.0311613,54.0
1780038124.0368419,53.255
1780038124.0427678,53.255
1780038124.048689,53.255
1780038124.0546868,53.255
1780038124.0606704,54.0
1780038124.0667086,53.255
1780038124.0727215,53.255
1780038124.078769,53.255
1780038124.0846643,53.255
1780038124.0906916,53.255
1780038124.0961854,53.255
1780038124.101636,53.255
1780038124.1074688,53.255
1780038124.1134393,53.255
1780038124.1194959,53.255
1780038124.1254518,53.255
1780038124.1310322,53.255
1780038124.1365483,53.255
1780038124.1422515,54.0
1780038124.148267,53.255
1780038124.153808,53.255
1780038124.1592157,53.254
1780038124.1644297,54.015
1780038124.1697702,54.01
1780038124.1752167,54.011
1780038124.1805596,54.009
1780038124.1858113,54.015
1780038124.1913748,54.008
1780038124.1968083,54.011
1780038124.2021613,54.012
1780038124.2076046,54.009
1780038124.212943,54.009
1780038124.218199,54.01
1780038124.223751,54.01
1780038124.2291975,54.009
1780038124.2346294,54.014
1780038124.240049,54.008
1780038124.2453659,54.009
1780038124.2508101,54.009
1780038124.256157,54.009
1780038124.2616115,54.009
1780038124.2669487,54.011
1780038124.2722204,54.007
1780038124.2777722,54.009
1780038124.2832212,54.007
1780038124.288516,54.008
1780038124.2937734,54.007
1780038124.2993848,54.008
1780038124.3048298,54.011
1780038124.3101642,54.007
1780038124.3154159,54.008
1780038124.3209195,54.008
1780038124.3261678,54.008
1780038124.331757,54.008
1780038124.33701,54.013
1780038124.34257,54.007
1780038124.3480213,54.007
1780038124.3533578,54.007
1780038124.358602,54.008
1780038124.3641632,54.008
1780038124.3694134,54.009
1780038124.3749733,54.009
1780038124.3804572,54.008
1780038124.385772,54.007
1780038124.3912127,54.008
1780038124.396529,54.008
1780038124.4017813,54.008
1780038124.407383,54.013
1780038124.412816,54.007
1780038124.4181676,54.009
1780038124.4236162,54.009
1780038124.4289684,54.007
1780038124.4342217,54.012
1780038124.439912,53.252
1780038124.4459932,53.249
1780038124.4520001,53.251
1780038124.4578764,53.254
1780038124.4633858,53.253
1780038124.4688745,53.253
1780038124.4747443,53.253
1780038124.4807954,53.253
1780038124.4867277,53.253
1780038124.4926655,53.253
1780038124.4986665,53.253
1780038124.5047977,53.253
1780038124.5108004,53.253
1780038124.516776,53.253
1780038124.5227811,53.253
1780038124.5286663,53.253
1780038124.5347016,53.253
1780038124.5407495,53.253
1780038124.5467324,53.253
1780038124.5527043,53.253
1780038124.558682,53.253
1780038124.564261,53.252
1780038124.5698144,53.253
1780038124.5755608,53.253
1780038124.5814836,53.253
1780038124.5875227,53.253
1780038124.5934868,53.253
1780038124.5990696,53.253
1780038124.6047924,53.253
1780038124.6105552,53.253
1780038124.6162882,53.253
1780038124.6223457,53.253
1780038124.6283386,53.253
1780038124.6342993,53.253
1780038124.640323,53.253
1780038124.646277,53.253
1780038124.6525002,53.253
1780038124.6582634,53.253
1780038124.6638513,53.253
1780038124.6693282,53.253
1780038124.6750982,53.253
1780038124.681157,53.253
1780038124.687105,53.253
1780038124.6930482,53.253
1780038124.6987026,53.254
1780038124.7043598,53.253
1780038124.7100208,53.253
1780038124.715942,53.253
1780038124.721943,53.254
1780038124.7279642,53.254
1780038124.7339027,53.253
1780038124.739945,53.253
1780038124.7459893,53.253
1780038124.7518978,53.253
1780038124.7579367,53.253
1780038124.7638547,53.254
1780038124.7693746,53.254
1780038124.7749486,53.254
1780038124.780766,53.254
1780038124.786726,53.253
1780038124.792622,53.254
1780038124.7987015,53.254
1780038124.8047354,53.253
1780038124.8108304,53.253
1780038124.8167078,53.254
1780038124.8227773,53.254
1780038124.828822,53.254
1780038124.8347676,53.254
1780038124.840693,53.254
1780038124.8466718,53.253
1780038124.852706,53.253
1780038124.8588138,53.254
1780038124.864775,53.253
1780038124.8706515,53.254
1780038124.8767426,53.254
1780038124.882827,53.254
1780038124.888761,53.254
1780038124.894726,53.254
1780038124.9007227,53.254
1780038124.9068487,53.253
1780038124.9126065,53.254
1780038124.9182734,53.254
1780038124.924258,53.254
1780038124.9299195,53.254
1780038124.9355874,53.254
1780038124.9415424,53.254
1780038124.9475744,53.254
1780038124.9535186,53.254
1780038124.9595468,53.254
1780038124.9654293,53.253
1780038124.971588,53.254
1780038124.977547,53.254
1780038124.983585,53.254
1780038124.9894688,53.254
1780038124.9954727,53.254
1780038125.001519,53.254
1780038125.0075843,53.253
1780038125.013589,53.254
1780038125.019427,53.254
1780038125.0254836,53.254
1780038125.0315428,53.254
1780038125.0375392,53.254
1780038125.043514,53.254
1780038125.0495713,53.254
1780038125.0556054,53.254
1780038125.061616,53.254
1780038125.067623,53.254
1780038125.073572,53.254
1780038125.0795481,53.254
1780038125.0855575,53.254
1780038125.0914607,53.254
1780038125.0975518,53.254
1780038125.103544,53.254
1780038125.1095457,53.254
1780038125.1155176,53.254
1780038125.1214964,53.254
1780038125.1275535,53.253
1780038125.1335316,53.254
1780038125.1395473,53.254
1780038125.1455874,53.254
1780038125.1514974,53.254
1780038125.1570885,53.254
1780038125.1628244,53.254
1780038125.168497,53.254
1780038125.174512,53.254
1780038125.1804233,53.254
1780038125.186337,53.254
1780038125.1922486,53.254
1780038125.1984308,53.254
1780038125.204419,53.254
1780038125.210294,53.254
1780038125.2163646,53.254
1780038125.2223196,53.254
1780038125.2283661,53.253
1780038125.234347,53.254
1780038125.2403052,53.254
1780038125.246436,53.254
1780038125.2524056,53.254
1780038125.2584333,53.254
1780038125.2643616,53.254
1780038125.2703853,53.254
1780038125.276289,53.255
1780038125.282335,53.254
1780038125.288262,53.254
1780038125.2944658,53.254
1780038125.3002577,53.254
1780038125.3063314,53.254
1780038125.312371,53.254
1780038125.318282,53.254
1780038125.324272,53.254
1780038125.330301,53.254
1780038125.3362544,53.255
1780038125.3418906,53.254
1780038125.3478541,53.254
1780038125.3535514,53.254
1780038125.3592188,53.255
1780038125.3652554,53.255
1780038125.3711994,53.254
1780038125.3771193,53.254
1780038125.383183,53.254
1780038125.3891194,53.255
1780038125.3946295,53.254
1780038125.4002612,53.254
1780038125.4059215,53.255
1780038125.4120169,53.254
1780038125.41789,53.254
1780038125.4238768,53.255
1780038125.429398,53.254
1780038125.4347808,53.255
1780038125.440738,53.254
1780038125.4467282,53.254
1780038125.4526474,53.254
1780038125.4587657,53.255
1780038125.4647663,53.254
1780038125.4708052,53.254
1780038125.4768178,53.254
1780038125.482745,53.254
1780038125.4887867,53.254
1780038125.4947677,53.255
1780038125.500759,53.254
1780038125.5067918,53.254
1780038125.5128436,53.254
1780038125.5187714,53.255
1780038125.5248265,53.255
1780038125.5307891,53.254
1780038125.5367126,53.255
1780038125.5427477,53.255
1780038125.548686,53.255
1780038125.5548217,53.254
1780038125.5607805,53.255
1780038125.5667825,53.254
1780038125.5727801,53.254
1780038125.5787628,53.255
1780038125.584757,53.255
1780038125.5907562,53.255
1780038125.596676,53.255
1780038125.6027517,53.255
1780038125.6087859,53.255
1780038125.614742,53.255
1780038125.6207724,53.254
1780038125.626799,53.255
1780038125.6327713,53.254
1780038125.6388307,53.255
1780038125.644774,53.255
1780038125.650774,53.254
1780038125.6567664,53.255
1780038125.6627638,53.255
1780038125.6688564,53.255
1780038125.674852,53.254
1780038125.6807983,53.255
1780038125.68678,53.255
1780038125.6926992,53.255
1780038125.698242,53.255
1780038125.703709,53.255
1780038125.7096727,53.255
1780038125.7155013,53.254
1780038125.7210681,53.254
1780038125.7267501,53.254
1780038125.7324107,53.255
1780038125.738189,53.255
1780038125.744401,53.254
1780038125.750413,53.255
1780038125.7563317,53.255
1780038125.762422,53.255
1780038125.7683105,53.255
1780038125.7744653,53.254
1780038125.7804391,53.254
1780038125.7863374,53.254
1780038125.7922919,53.255
1780038125.7983322,53.255
1780038125.804239,53.255
1780038125.8102887,53.255
1780038125.8162513,53.254
1780038125.8222961,53.254
1780038125.8282914,53.255
1780038125.8342953,53.254
1780038125.8403077,53.255
1780038125.8462977,53.255
1780038125.8518646,53.255
1780038125.857448,53.254
1780038125.8631885,53.255
1780038125.8691535,53.255
1780038125.8750753,53.254
1780038125.8805642,53.255
1780038125.886121,53.255
1780038125.8919897,53.255
1780038125.8980136,53.255
1780038125.9039354,53.255
1780038125.9100697,53.255
1780038125.915976,53.254
1780038125.9219604,53.255
1780038125.9279788,53.255
1780038125.9339495,53.255
1780038125.9399672,53.255
1780038125.946024,53.255
1780038125.9520252,53.255
1780038125.957915,53.255
1780038125.9640405,53.255
1780038125.9700422,53.255
1780038125.9758253,53.255
1780038125.981755,53.255
1780038125.987468,53.255
1780038125.9930494,53.255
1780038125.9987724,53.254
1780038126.0047522,53.255
1780038126.0107853,53.255
1780038126.0168083,53.255
1780038126.0226517,53.255
1780038126.0287664,53.255
1780038126.0347319,53.255
1780038126.0407534,53.255
1780038126.0468097,53.255
1780038126.0528154,53.255
1780038126.058785,53.254
1780038126.0647836,53.255
1780038126.0706768,53.255
1780038126.0766513,53.255
1780038126.0828328,53.255
1780038126.0887513,53.255
1780038126.0947328,53.255
1780038126.100803,53.254
1780038126.1066718,53.255
1780038126.1126792,53.255
1780038126.1187556,53.255
1780038126.1247885,53.255
1780038126.1308212,53.255
1780038126.1368346,53.255
1780038126.142787,53.255
1780038126.148721,53.255
1780038126.1547484,53.255
1780038126.1607423,53.254
1780038126.1667972,53.255
1780038126.172746,53.255
1780038126.1788044,53.255
1780038126.184803,53.255
1780038126.1908119,53.255
1780038126.196715,53.255
1780038126.2027364,53.254
1780038126.2088115,53.255
1780038126.2147372,53.255
1780038126.2207038,53.255
1780038126.2261982,53.255
1780038126.231751,53.255
1780038126.2374964,53.255
1780038126.2430785,53.254
1780038126.2486408,53.255
1780038126.2544653,53.255
1780038126.260423,53.255
1780038126.2664242,53.255
1780038126.272381,53.255
1780038126.2783356,53.255
1780038126.284294,53.255
1780038126.290459,53.255
1780038126.2964132,53.255
1780038126.3023334,53.255
1780038126.3083057,54.0
1780038126.3142748,53.255
1780038126.3203034,53.255
1780038126.3263981,53.255
1780038126.3323312,53.255
1780038126.3383808,53.255
1780038126.3444135,53.255
1780038126.3503478,53.255
1780038126.35629,53.255
1780038126.362384,53.255
1780038126.368393,53.255
1780038126.3744104,53.255
1780038126.3803916,53.255
1780038126.3862748,53.254
1780038126.3924406,53.255
1780038126.3983765,53.255
1780038126.4042854,53.255
1780038126.4097736,54.0
1780038126.4154596,54.0
1780038126.4211748,53.255
1780038126.4271102,53.255
1780038126.4332516,53.255
1780038126.4391475,53.255
1780038126.4451091,53.255
1780038126.4506497,53.255
1780038126.4562545,53.255
1780038126.4619727,53.255
1780038126.4679446,53.255
1780038126.4740329,53.255
1780038126.4799786,53.255
1780038126.485909,53.255
1780038126.491429,54.0
1780038126.4970655,53.255
1780038126.5027354,53.255
1780038126.5087159,53.254
1780038126.5148292,53.255
1780038126.5207222,53.255
1780038126.5262887,53.255
1780038126.5319724,53.255
1780038126.5376027,53.255
1780038126.5435822,53.255
1780038126.5495546,53.254
1780038126.5554726,54.0
1780038126.5616174,53.255
1780038126.5675073,53.255
1780038126.5735447,53.255
1780038126.5795531,54.0
1780038126.5855737,53.255
1780038126.5916033,53.255
1780038126.5975282,53.255
1780038126.6035626,53.255
1780038126.6096137,53.254
1780038126.6156588,53.255
1780038126.6214726,53.255
1780038126.62767,53.255
1780038126.633567,53.255
1780038126.6395361,53.255
1780038126.6450756,54.0
1780038126.6510549,53.255
1780038126.656708,53.255
1780038126.662347,53.255
1780038126.6683052,54.0
1780038126.674413,53.255
1780038126.6802995,54.0
1780038126.685857,53.255
1780038126.6914744,53.254
1780038126.6972141,54.0
1780038126.7030826,54.0
1780038126.7086897,53.255
1780038126.71425,53.255
1780038126.72003,54.0
1780038126.725872,54.0
1780038126.7314353,53.255
1780038126.7368703,54.0
1780038126.7428036,53.255
1780038126.7487833,54.0
1780038126.7547994,53.255
1780038126.7607436,53.255
1780038126.7667892,53.255
1780038126.7727678,53.255
1780038126.7787917,53.255
1780038126.7847607,53.255
1780038126.790701,53.255
1780038126.7967732,54.0
1780038126.8028636,53.255
1780038126.8087804,53.255
1780038126.8147478,53.255
1780038126.8207486,53.255
1780038126.826676,54.0
1780038126.832761,54.0
1780038126.8387697,54.0
1780038126.844743,53.255
1780038126.8508885,53.255
1780038126.856816,53.255
1780038126.8628144,54.0
1780038126.8688376,53.255
1780038126.8747323,53.255
1780038126.8808098,53.255
1780038126.8867638,54.0
1780038126.8927226,53.255
1780038126.8987658,53.255
1780038126.904765,53.255
1780038126.9108412,53.255
1780038126.9167912,53.255
1780038126.922844,53.255
1780038126.928781,53.255
1780038126.9348211,54.0
1780038126.9408658,54.0
1780038126.946741,54.0
1780038126.952728,53.255
1780038126.9587574,53.255
1780038126.9646802,53.255
1780038126.9708083,53.255
1780038126.9768205,53.255
1780038126.9827726,54.0
1780038126.9888115,54.0
1780038126.9948556,53.255
1780038127.0007877,53.255
1780038127.006764,54.0
1780038127.0127075,53.255
1780038127.018734,53.255
1780038127.0240755,54.019
1780038127.0294175,54.01
1780038127.0348654,54.012
1780038127.040225,54.009
1780038127.0456443,54.014
1780038127.0510204,54.01
1780038127.0564659,54.008
1780038127.0618103,54.014
1780038127.0672474,54.009
1780038127.0725675,54.009
1780038127.0778303,54.009
1780038127.0833583,54.009
1780038127.0886164,54.009
1780038127.0941591,54.013
1780038127.099433,54.008
1780038127.1050074,54.008
1780038127.11044,54.008
1780038127.1158044,54.008
1780038127.1210563,54.008
1780038127.126572,54.007
1780038127.1318507,54.01
1780038127.1374094,54.008
1780038127.1426594,54.008
1780038127.1481533,54.009
1780038127.1533911,54.009
1780038127.1590106,54.008
1780038127.16445,54.014
1780038127.1698055,54.007
1780038127.1750574,54.008
1780038127.1806047,54.008
1780038127.1858563,54.008
1780038127.191417,54.008
1780038127.1968534,54.01
1780038127.2022202,54.009
1780038127.2076604,54.008
1780038127.213008,54.006
1780038127.2182605,54.007
1780038127.2238047,54.009
1780038127.2290761,54.008
1780038127.234581,54.013
1780038127.239826,54.007
1780038127.2454116,54.008
1780038127.2506618,54.008
1780038127.2562132,54.007
1780038127.2616587,54.008
1780038127.2669683,54.011
1780038127.2722273,54.007
1780038127.2778285,54.007
1780038127.2832932,54.011
1780038127.2886162,54.007
1780038127.2938612,54.011
1780038127.2994258,54.006
1780038127.3058093,53.248
1780038127.3117635,53.248
1780038127.3177292,53.253
1780038127.3236382,53.252
1780038127.3296535,53.253
1780038127.335579,53.253
1780038127.341571,53.253
1780038127.3475873,53.253
1780038127.353456,53.253
1780038127.3595092,53.253
1780038127.3655636,53.253
1780038127.3717053,53.253
1780038127.377614,53.253
1780038127.383584,53.253
1780038127.389576,53.253
1780038127.3955936,53.253
1780038127.4015892,53.253
1780038127.4075387,53.253
1780038127.4135485,53.253
1780038127.4195962,53.253
1780038127.4255786,53.252
1780038127.4316216,53.253
1780038127.437501,53.253
1780038127.4430933,53.253
1780038127.4488604,53.253
1780038127.4544535,53.253
1780038127.4603019,53.253
1780038127.4664488,53.253
1780038127.472377,53.253
1780038127.4782412,53.253
1780038127.4839501,53.253
1780038127.4899817,53.253
1780038127.495609,53.253
1780038127.5012846,53.254
1780038127.5072727,53.253
1780038127.5130532,53.254
1780038127.5187492,53.253
1780038127.5246913,53.253
1780038127.530425,53.253
1780038127.5360966,53.253
1780038127.5420337,53.253
1780038127.5479918,53.253
1780038127.5539126,53.253
1780038127.5594327,53.253
1780038127.5651994,53.254
1780038127.570744,53.254
1780038127.5767589,53.254
1780038127.583004,53.253
1780038127.5888295,53.253
1780038127.5948176,53.253
1780038127.600752,53.253
1780038127.6067219,53.253
1780038127.6127687,53.253
1780038127.6187835,53.253
1780038127.6248085,53.254
1780038127.6307442,53.254
1780038127.636649,53.253
1780038127.642278,53.254
1780038127.648037,53.253
1780038127.6537323,53.254
1780038127.6595383,53.253
1780038127.665556,53.254
1780038127.671481,53.254
1780038127.677605,53.254
1780038127.683564,53.254
1780038127.689648,53.254
1780038127.695484,53.254
1780038127.7011552,53.254
1780038127.706848,53.253
1780038127.712423,53.254
1780038127.7183888,53.254
1780038127.7244449,53.254
1780038127.730411,53.254
1780038127.7363362,53.254
1780038127.7423508,53.254
1780038127.748398,53.253
1780038127.7545485,53.253
1780038127.7604074,53.254
1780038127.76629,53.254
1780038127.7718492,53.254
1780038127.7775075,53.254
1780038127.7832546,53.254
1780038127.789232,53.254
1780038127.7951565,53.254
1780038127.8011456,53.254
1780038127.8071635,53.253
1780038127.8131945,53.254
1780038127.8191304,53.254
1780038127.8252199,53.254
1780038127.831278,53.254
1780038127.8370752,53.254
1780038127.8427544,53.254
1780038127.8483791,53.253
1780038127.8540833,53.254
1780038127.859954,53.254
1780038127.8661246,53.254
1780038127.8720207,53.254
1780038127.8779416,53.254
1780038127.8840008,53.254
1780038127.889992,53.254
1780038127.8959095,53.254
1780038127.9019997,53.254
1780038127.907935,53.253
1780038127.9139857,53.254
1780038127.919925,53.254
1780038127.9259777,53.254
1780038127.9320846,53.254
1780038127.9379015,53.254
1780038127.9439144,53.254
1780038127.9495585,53.253
1780038127.955103,53.254
1780038127.960731,53.254
1780038127.9668546,53.254
1780038127.9728463,53.254
1780038127.9787514,53.254
1780038127.9848092,53.254
1780038127.9908054,53.254
1780038127.9967496,53.254
1780038128.0022614,53.254
1780038128.0078762,53.254
1780038128.013532,53.254
1780038128.0195944,53.254
1780038128.0255537,53.254
1780038128.0315647,53.254
1780038128.0376632,53.254
1780038128.0436544,53.254
1780038128.0496368,53.253
1780038128.0556316,53.254
1780038128.0616653,53.254
1780038128.0676177,53.254
1780038128.0736225,53.254
1780038128.07959,53.254
1780038128.0856512,53.254
1780038128.091637,53.254
1780038128.0976079,53.254
1780038128.1036077,53.254
1780038128.1095355,53.253
1780038128.1155586,53.254
1780038128.121548,53.254
1780038128.127597,53.254
1780038128.1336024,53.254
1780038128.1395612,53.254
1780038128.1456354,53.254
1780038128.1515305,53.254
1780038128.1574898,53.255
1780038128.163581,53.254
1780038128.1695626,53.254
1780038128.1755438,53.254
1780038128.1815338,53.254
1780038128.1875978,53.254
1780038128.1935575,53.254
1780038128.1994889,53.254
1780038128.2055402,53.254
1780038128.2111793,53.254
1780038128.2167559,53.254
1780038128.2224693,53.254
1780038128.2283974,53.254
1780038128.2344637,53.254
1780038128.2404356,53.254
1780038128.2465081,53.255
1780038128.2524588,53.254
1780038128.2584445,53.254
1780038128.264379,53.254
1780038128.270434,53.254
1780038128.2763824,53.254
1780038128.2823858,53.254
1780038128.2884014,53.254
1780038128.2943237,53.254
1780038128.3004231,53.254
1780038128.3064404,53.254
1780038128.3124619,53.254
1780038128.3184924,53.254
1780038128.3244069,53.255
1780038128.3304791,53.254
1780038128.336436,53.254
1780038128.3423808,53.254
1780038128.3484104,53.254
1780038128.3544502,53.254
1780038128.3603249,53.254
1780038128.3664854,53.254
1780038128.3723836,53.255
1780038128.37787,53.255
1780038128.383503,53.254
1780038128.3892353,53.255
1780038128.3952558,53.254
1780038128.4011493,53.254
1780038128.4071364,53.255
1780038128.413227,53.254
1780038128.4192262,53.255
1780038128.4251282,53.255
1780038128.4312239,53.254
1780038128.4372356,53.255
1780038128.4431093,53.255
1780038128.4492002,53.255
1780038128.455174,53.254
1780038128.4611032,53.255
1780038128.467182,53.255
1780038128.4732132,53.255
1780038128.4791927,53.255
1780038128.4851658,53.254
1780038128.4912114,53.254
1780038128.4971783,53.254
1780038128.503163,53.255
1780038128.5092356,53.255
1780038128.5152574,53.254
1780038128.5211563,53.255
1780038128.5266547,53.255
1780038128.5321748,53.255
1780038128.5380802,53.255
1780038128.5440242,53.254
1780038128.550026,53.254
1780038128.556006,53.254
1780038128.5620854,53.254
1780038128.5679746,53.254
1780038128.5739305,53.254
1780038128.5798697,53.255
1780038128.5859725,53.255
1780038128.591994,53.255
1780038128.5980482,53.255
1780038128.6039765,53.254
1780038128.6099164,53.254
1780038128.6154265,53.255
1780038128.6208036,53.255
1780038128.626834,53.254
1780038128.6327431,53.254
1780038128.638755,53.255
1780038128.6448038,53.255
1780038128.6508768,53.255
1780038128.6567588,53.254
1780038128.6629233,53.255
1780038128.6688921,53.255
1780038128.6748285,53.254
1780038128.6809142,53.255
1780038128.686888,53.255
1780038128.692803,53.255
1780038128.69881,53.254
1780038128.7048817,53.255
1780038128.7107708,53.255
1780038128.7167282,53.254
1780038128.722834,53.255
1780038128.728816,53.254
1780038128.734745,53.255
1780038128.7407477,53.255
1780038128.7468295,53.255
1780038128.7527485,53.255
1780038128.7583551,53.254
1780038128.7639477,53.255
1780038128.7696419,53.255
1780038128.775563,53.255
1780038128.7816458,53.255
1780038128.7876718,53.255
1780038128.7936544,53.255
1780038128.7995243,53.254
1780038128.805676,53.255
1780038128.8116956,53.255
1780038128.8175263,53.255
1780038128.8234627,53.255
1780038128.829658,53.255
1780038128.8355453,53.255
1780038128.841678,53.255
1780038128.8476994,53.255
1780038128.8535302,53.255
1780038128.859087,53.255
1780038128.8644834,53.255
1780038128.8704224,53.255
1780038128.876432,53.255
1780038128.882388,53.255
1780038128.8884802,53.255
1780038128.8944118,53.255
1780038128.9002895,53.254
1780038128.9065096,53.255
1780038128.9122844,53.255
1780038128.9178965,53.255
1780038128.923403,53.255
1780038128.9292152,53.255
1780038128.9352598,53.255
1780038128.941271,53.254
1780038128.9473004,53.255
1780038128.9531136,53.255
1780038128.9590898,53.255
1780038128.9652822,53.255
1780038128.9711263,53.255
1780038128.977248,53.255
1780038128.983214,53.254
1780038128.9891617,53.255
1780038128.995189,53.255
1780038129.0012388,53.255
1780038129.0072384,53.255
1780038129.01324,53.255
1780038129.0192373,53.255
1780038129.0252326,53.255
1780038129.0311942,53.255
1780038129.03725,53.255
1780038129.0432208,53.255
1780038129.0492127,53.255
1780038129.055267,53.255
1780038129.0612457,53.255
1780038129.067252,53.255
1780038129.0732427,53.255
1780038129.0791852,53.255
1780038129.0852199,53.255
1780038129.0912993,53.255
1780038129.0972497,53.255
1780038129.1031914,53.255
1780038129.1086578,53.255
1780038129.1143,53.255
1780038129.1199684,53.255
1780038129.126016,53.254
1780038129.1320689,53.255
1780038129.1380234,53.255
1780038129.1439526,53.255
1780038129.149449,53.255
1780038129.155065,53.255
1780038129.1607418,53.255
1780038129.1667993,53.255
1780038129.1728692,53.255
1780038129.1787915,53.255
1780038129.1847336,53.255
1780038129.1907268,53.255
1780038129.1967201,53.255
1780038129.2028253,53.255
1780038129.208802,53.255
1780038129.2147794,53.255
1780038129.2207692,53.255
1780038129.2268188,53.255
1780038129.2327516,53.255
1780038129.238854,53.255
1780038129.2448745,53.255
1780038129.250832,53.255
1780038129.256796,53.255
1780038129.2627602,53.255
1780038129.2688558,53.254
1780038129.274854,53.255
1780038129.2807884,53.255
1780038129.2867317,53.255
1780038129.2923024,53.255
1780038129.2979245,53.255
1780038129.3035696,53.255
1780038129.3096132,53.255
1780038129.3156877,53.255
1780038129.3216112,53.255
1780038129.3275552,53.255
1780038129.333065,53.255
1780038129.3386896,53.255
1780038129.3444228,53.255
1780038129.3503838,53.255
1780038129.356521,53.255
1780038129.362392,54.0
1780038129.3679569,53.255
1780038129.3737874,53.255
1780038129.3794136,53.255
1780038129.3852167,53.255
1780038129.3912308,53.255
1780038129.3971577,53.255
1780038129.4032345,53.255
1780038129.4091973,54.0
1780038129.4151819,53.255
1780038129.4206893,53.255
1780038129.4262662,53.255
1780038129.431993,53.255
1780038129.4379268,53.255
1780038129.4434876,53.255
1780038129.4491544,53.255
1780038129.4549117,54.0
1780038129.4606833,53.255
1780038129.4667454,53.255
1780038129.4730551,53.255
1780038129.4787998,53.255
1780038129.4847982,54.0
1780038129.490816,53.255
1780038129.4967825,53.255
1780038129.5027971,53.255
1780038129.508836,53.255
1780038129.5147974,53.255
1780038129.5208552,53.255
1780038129.5266714,53.255
1780038129.5322645,53.255
1780038129.5377245,53.255
1780038129.543657,53.255
1780038129.5495842,53.255
1780038129.555567,53.255
1780038129.5616004,53.255
1780038129.5675712,53.255
1780038129.5736454,53.255
1780038129.5794907,54.0
1780038129.5856574,53.255
1780038129.5915492,53.255
1780038129.5971117,53.255
1780038129.6025908,54.0
1780038129.6084523,53.255
1780038129.6143951,54.0
1780038129.6199439,54.0
1780038129.6254478,53.255
1780038129.6312554,53.255
1780038129.637248,53.255
1780038129.6432178,54.0
1780038129.6492772,53.255
1780038129.6551208,53.255
1780038129.6606028,54.0
1780038129.6662028,53.255
1780038129.6720233,54.0
1780038129.6779737,53.255
1780038129.68405,53.255
1780038129.68997,54.0
1780038129.695505,53.255
1780038129.7011867,54.0
1780038129.7068388,53.255
1780038129.712783,53.255
1780038129.7183714,53.255
1780038129.72396,54.0
1780038129.7296627,53.255
1780038129.7356546,53.255
1780038129.7416348,53.255
1780038129.7476094,53.255
1780038129.7535627,53.255
1780038129.7596223,53.255
1780038129.7655563,53.255
1780038129.7716548,53.255
1780038129.7776368,54.0
1780038129.7836587,54.0
1780038129.7896843,53.255
1780038129.7956398,53.255
1780038129.8016126,53.255
1780038129.8075852,53.255
1780038129.8135974,53.255
1780038129.8195374,53.255
1780038129.8255424,53.255
1780038129.8316855,53.255
1780038129.837635,53.255
1780038129.8431315,54.0
1780038129.848685,53.255
1780038129.8544383,54.0
1780038129.8603694,53.255
1780038129.865929,53.255
1780038129.8714933,54.0
1780038129.877289,53.255
1780038129.8831472,53.25
1780038129.8885195,54.013
1780038129.893855,54.012
1780038129.89931,54.009
1780038129.9046872,54.009
1780038129.9101455,54.014
1780038129.9154594,54.008
1780038129.9208982,54.012
1780038129.9262702,54.01
1780038129.9317014,54.009
1780038129.9370053,54.007
1780038129.9422538,54.009
1780038129.9478517,54.01
1780038129.953304,54.009
1780038129.9586082,54.014
1780038129.9638638,54.008
1780038129.9694002,54.008
1780038129.974655,54.009
1780038129.9802089,54.008
1780038129.985464,54.008
1780038129.9910488,54.012
1780038129.9963095,54.007
1780038130.0018663,54.008
1780038130.0073237,54.007
1780038130.0126271,54.008
1780038130.017884,54.008
1780038130.023437,54.007
1780038130.0287018,54.011
1780038130.03425,54.007
1780038130.039496,54.008
1780038130.0449994,54.007
1780038130.0502374,54.009
1780038130.0558507,54.008
1780038130.0611045,54.013
1780038130.0666518,54.007
1780038130.0720997,54.008
1780038130.0774496,54.007
1780038130.082693,54.008
1780038130.0882435,54.007
1780038130.0934873,54.009
1780038130.0990672,54.01
1780038130.1045048,54.008
1780038130.1098816,54.007
1780038130.1153226,54.008
1780038130.120617,54.008
1780038130.1258752,54.008
1780038130.131532,54.013
1780038130.1369364,54.007
1780038130.1422222,54.008
1780038130.1474807,54.009
1780038130.1530666,54.007
1780038130.1585093,54.013
1780038130.164005,53.254
1780038130.1702836,53.249
1780038130.1761684,53.248
1780038130.1819246,53.254
1780038130.1880417,53.253
1780038130.1934657,53.253
1780038130.1991155,53.253
1780038130.2049177,53.253
1780038130.210942,53.253
1780038130.2168279,53.253
1780038130.2228777,53.253
1780038130.2286913,53.253
1780038130.2348888,53.253
1780038130.2407715,53.253
1780038130.246914,53.253
1780038130.2528734,53.254
1780038130.2588384,53.253
1780038130.2648263,53.253
1780038130.2707887,53.253
1780038130.2766638,53.253
1780038130.2823536,53.253
1780038130.2880151,53.253
1780038130.2935383,53.253
1780038130.2997148,53.253
1780038130.305638,53.253
1780038130.3115861,53.253
1780038130.3175862,53.253
1780038130.3235395,53.253
1780038130.3291757,53.253
1780038130.3346698,53.253
1780038130.3404043,53.253
1780038130.3464477,53.254
1780038130.3524296,53.253
1780038130.3583474,53.254
1780038130.364004,53.253
1780038130.3700185,53.253
1780038130.3755705,53.254
1780038130.3812444,53.253
1780038130.387255,53.254
1780038130.3932393,53.254
1780038130.3991802,53.254
1780038130.4052587,53.253
1780038130.4111865,53.253
1780038130.4171317,53.253
1780038130.422739,53.254
1780038130.4284332,53.254
1780038130.4339964,53.254
1780038130.4400153,53.254
1780038130.4460442,53.253
1780038130.4520652,53.254
1780038130.4580178,53.253
1780038130.4640152,53.253
1780038130.4700713,53.253
1780038130.4760199,53.253
1780038130.4818783,53.253
1780038130.4875412,53.254
1780038130.4932642,53.254
1780038130.498969,53.254
1780038130.504868,53.253
1780038130.510796,53.254
1780038130.5167646,53.254
1780038130.5227647,53.253
1780038130.528789,53.254
1780038130.5347505,53.254
1780038130.540835,53.254
1780038130.546782,53.254
1780038130.552862,53.254
1780038130.5588782,53.254
1780038130.5648973,53.254
1780038130.5707417,53.254
1780038130.5769093,53.254
1780038130.5828238,53.254
1780038130.5888612,53.254
1780038130.5947847,53.254
1780038130.6008296,53.254
1780038130.6068525,53.254
1780038130.6128063,53.254
1780038130.61888,53.254
1780038130.6247816,53.254
1780038130.6309316,53.253
1780038130.636739,53.254
1780038130.642389,53.254
1780038130.6480343,53.254
1780038130.6537693,53.254
1780038130.6597223,53.254
1780038130.6656287,53.254
1780038130.6716669,53.254
1780038130.6776066,53.254
1780038130.6836016,53.254
1780038130.6896186,53.254
1780038130.6954708,53.254
1780038130.70107,53.254
1780038130.7068458,53.254
1780038130.7125964,53.254
1780038130.718458,53.254
1780038130.7244678,53.254
1780038130.7304215,53.253
1780038130.7364342,53.254
1780038130.7425044,53.254
1780038130.7484052,53.254
1780038130.7544641,53.254
1780038130.7603796,53.254
1780038130.766454,53.254
1780038130.7724514,53.253
1780038130.7784548,53.254
1780038130.784376,53.254
1780038130.7904713,53.254
1780038130.7962608,53.254
1780038130.8024848,53.254
1780038130.8084393,53.254
1780038130.8144212,53.254
1780038130.8203857,53.254
1780038130.8258958,53.254
1780038130.831584,53.254
1780038130.837328,53.254
1780038130.8432736,53.254
1780038130.8492606,53.254
1780038130.8552656,53.254
1780038130.8612394,53.254
1780038130.8672771,53.254
1780038130.8732371,53.254
1780038130.8793044,53.254
1780038130.8852441,53.254
1780038130.8912601,53.254
1780038130.8972213,53.255
1780038130.9032538,53.254
1780038130.9092622,53.254
1780038130.915253,53.254
1780038130.9212534,53.254
1780038130.927277,53.254
1780038130.9332228,53.253
1780038130.9392872,53.254
1780038130.9452229,53.254
1780038130.9512954,53.254
1780038130.9572656,53.254
1780038130.963172,53.255
1780038130.9692981,53.254
1780038130.9752295,53.254
1780038130.9812539,53.254
1780038130.9872477,53.254
1780038130.993175,53.254
1780038130.999189,53.254
1780038131.0052164,53.254
1780038131.011261,53.254
1780038131.0172486,53.255
1780038131.0232446,53.254
1780038131.02925,53.254
1780038131.0353131,53.254
1780038131.0411575,53.254
1780038131.0472357,53.254
1780038131.0532484,53.254
1780038131.0591946,53.254
1780038131.0651605,53.254
1780038131.0711763,53.254
1780038131.0771973,53.254
1780038131.0832345,53.255
1780038131.0891476,53.254
1780038131.0947747,53.254
1780038131.1003582,53.254
1780038131.1060252,53.254
1780038131.111994,53.254
1780038131.1180596,53.255
1780038131.1240683,53.254
1780038131.1300132,53.254
1780038131.1360543,53.254
1780038131.141998,53.254
1780038131.1480856,53.254
1780038131.154126,53.255
1780038131.1599572,53.255
1780038131.1660597,53.254
1780038131.1720588,53.254
1780038131.1780982,53.255
1780038131.184044,53.254
1780038131.1900394,53.255
1780038131.1960528,53.254
1780038131.2020423,53.254
1780038131.20805,53.254
1780038131.214091,53.255
1780038131.2200427,53.255
1780038131.2261112,53.254
1780038131.2320786,53.255
1780038131.2381456,53.254
1780038131.2440693,53.255
1780038131.2501085,53.254
1780038131.2559862,53.255
1780038131.261517,53.255
1780038131.2669983,53.254
1780038131.2728205,53.254
1780038131.2788117,53.254
1780038131.2848008,53.254
1780038131.290847,53.254
1780038131.296753,53.254
1780038131.3027892,53.255
1780038131.3087847,53.255
1780038131.3148878,53.254
1780038131.3208725,53.255
1780038131.326808,53.255
1780038131.3328226,53.255
1780038131.338969,53.254
1780038131.3447943,53.255
1780038131.3508754,53.255
1780038131.356805,53.254
1780038131.362712,53.255
1780038131.3689704,53.255
1780038131.3748078,53.255
1780038131.3808873,53.254
1780038131.3868363,53.255
1780038131.3928223,53.255
1780038131.3988583,53.254
1780038131.4048944,53.255
1780038131.4108465,53.254
1780038131.4168704,53.255
1780038131.4228652,53.255
1780038131.4288363,53.255
1780038131.4349291,53.255
1780038131.440882,53.254
1780038131.4468753,53.255
1780038131.4529233,53.254
1780038131.4587681,53.255
1780038131.4642386,53.255
1780038131.4697497,53.254
1780038131.4757202,53.255
1780038131.481664,53.255
1780038131.4875982,53.255
1780038131.4936502,53.254
1780038131.499677,53.254
1780038131.505624,53.255
1780038131.511702,53.255
1780038131.5176148,53.254
1780038131.5236492,53.255
1780038131.529696,53.255
1780038131.535589,53.255
1780038131.5416012,53.254
1780038131.5476818,53.255
1780038131.553572,53.255
1780038131.5596144,53.255
1780038131.5655036,53.255
1780038131.5716295,53.255
1780038131.577631,53.255
1780038131.5836241,53.255
1780038131.5896442,53.255
1780038131.595627,53.255
1780038131.6016479,53.254
1780038131.6076508,53.255
1780038131.6136136,53.255
1780038131.619692,53.255
1780038131.6256363,53.255
1780038131.631561,53.255
1780038131.6376216,53.255
1780038131.6436284,53.254
1780038131.6496232,53.255
1780038131.6556575,53.255
1780038131.661649,53.255
1780038131.6675653,53.255
1780038131.6736755,53.255
1780038131.679587,53.255
1780038131.6855576,53.255
1780038131.6917267,53.255
1780038131.6977108,53.255
1780038131.7037091,53.254
1780038131.7097769,53.255
1780038131.715591,53.255
1780038131.7216852,53.255
1780038131.727721,53.255
1780038131.7337272,53.255
1780038131.7397578,53.255
1780038131.7456913,53.255
1780038131.7516341,53.254
1780038131.7576091,53.255
1780038131.7636368,53.255
1780038131.7696073,53.255
1780038131.7751048,53.255
1780038131.7808883,53.255
1780038131.786537,53.254
1780038131.7923687,53.255
1780038131.7983177,53.255
1780038131.803986,53.255
1780038131.8096714,53.255
1780038131.8152769,53.255
1780038131.821236,53.255
1780038131.8272486,53.254
1780038131.833247,53.255
1780038131.83925,53.255
1780038131.845257,53.255
1780038131.8512173,53.255
1780038131.8571885,53.255
1780038131.8632379,53.255
1780038131.8692324,53.254
1780038131.875247,53.255
1780038131.8812451,53.255
1780038131.8872569,53.254
1780038131.8932853,53.255
1780038131.8992503,53.255
1780038131.905243,53.255
1780038131.9112792,53.255
1780038131.917285,53.255
1780038131.9231765,53.255
1780038131.9292018,53.254
1780038131.9352741,53.255
1780038131.941238,53.255
1780038131.9471974,53.255
1780038131.9526963,53.255
1780038131.9582934,54.0
1780038131.9640524,53.255
1780038131.9699943,53.254
1780038131.9761224,53.255
1780038131.9820423,53.255
1780038131.988009,53.255
1780038131.993521,53.255
1780038131.999117,53.255
1780038132.004763,53.255
1780038132.010809,53.255
1780038132.0168977,53.255
1780038132.0228558,53.255
1780038132.0287883,53.255
1780038132.0343015,53.255
1780038132.0399227,53.255
1780038132.0455623,53.255
1780038132.0515637,53.255
1780038132.057719,53.255
1780038132.0635827,53.255
1780038132.0695899,53.255
1780038132.0756032,53.255
1780038132.081604,53.255
1780038132.087622,53.255
1780038132.0936909,53.255
1780038132.0996933,53.255
1780038132.1056817,53.255
1780038132.11167,53.254
1780038132.1176767,53.255
1780038132.123688,53.255
1780038132.1296482,53.255
1780038132.1356688,53.255
1780038132.1416857,53.255
1780038132.1475637,53.255
1780038132.1536071,53.254
1780038132.1595426,53.255
1780038132.1656728,53.255
1780038132.1715956,53.255
1780038132.1775503,54.0
1780038132.1836507,53.255
1780038132.1895893,53.255
1780038132.1956496,53.255
1780038132.201732,53.255
1780038132.2076738,53.255
1780038132.2136743,53.254
1780038132.2198293,54.0
1780038132.2256248,53.255
1780038132.2316039,54.0
1780038132.2376766,53.255
1780038132.2436168,53.255
1780038132.249162,53.255
1780038132.2547655,53.254
1780038132.260449,53.255
1780038132.2664027,53.255
1780038132.2719696,53.255
1780038132.277555,53.255
1780038132.2832644,53.255
1780038132.289155,53.255
1780038132.2946854,53.255
1780038132.3001213,54.0
1780038132.3060498,53.255
1780038132.3120105,53.255
1780038132.318089,53.255
1780038132.3240247,53.255
1780038132.3299828,53.255
1780038132.3359783,53.254
1780038132.3419657,54.0
1780038132.3481097,53.255
1780038132.3540015,53.255
1780038132.360058,54.0
1780038132.3660994,53.255
1780038132.3721128,53.255
1780038132.378028,53.255
1780038132.3840046,53.255
1780038132.3899462,53.255
1780038132.3960364,53.255
1780038132.4020717,54.0
1780038132.4079905,54.0
1780038132.4141536,53.255
1780038132.4201016,53.255
1780038132.4261084,53.255
1780038132.4320676,53.255
1780038132.437995,53.255
1780038132.4435325,54.0
1780038132.4490604,53.255
1780038132.4547806,53.255
1780038132.4607837,53.255
1780038132.4669716,54.0
1780038132.472796,53.255
1780038132.478402,54.0
1780038132.484103,54.0
1780038132.4897523,53.255
1780038132.4956257,54.0
1780038132.5011969,53.254
1780038132.5068295,54.0
1780038132.512368,53.255
1780038132.5183349,53.255
1780038132.5244923,53.255
1780038132.5303528,54.0
1780038132.5359294,53.255
1780038132.541521,53.255
1780038132.547282,53.255
1780038132.5531645,53.255
1780038132.5587866,53.255
1780038132.5643094,54.0
1780038132.5700984,53.255
1780038132.576067,53.255
1780038132.5820901,53.255
1780038132.5880942,53.255
1780038132.594085,53.255
1780038132.5999396,53.255
1780038132.6060493,53.255
1780038132.6120665,53.255
1780038132.6181686,53.255
1780038132.624043,53.255
1780038132.630034,53.255
1780038132.635927,54.0
1780038132.6420977,53.255
1780038132.6481116,54.0
1780038132.65405,53.255
1780038132.660006,53.255
1780038132.6659992,53.255
1780038132.6721103,53.255
1780038132.6780572,54.0
1780038132.6835783,54.0
1780038132.6892543,54.0
1780038132.6947963,53.255
1780038132.7008343,54.0
1780038132.706877,53.255
1780038132.7128093,53.255
1780038132.7188473,54.0
1780038132.724886,53.255
1780038132.7308419,54.0
1780038132.7368991,54.0
1780038132.742841,54.0
1780038132.7487419,53.254
1780038132.7541406,54.012
1780038132.7595127,54.013
1780038132.7649436,54.009
1780038132.7703183,54.01
1780038132.7757692,54.013
1780038132.7811015,54.009
1780038132.786359,54.014
1780038132.7919168,54.009
1780038132.7973547,54.009
1780038132.802699,54.008
1780038132.8081446,54.009
1780038132.8134449,54.009
1780038132.818694,54.009
1780038132.824313,54.012
1780038132.8297427,54.009
1780038132.835092,54.008
1780038132.840349,54.009
1780038132.8458498,54.009
1780038132.8511174,54.009
1780038132.8566828,54.014
1780038132.8619637,54.008
1780038132.8674896,54.008
1780038132.8727472,54.009
1780038132.8782992,54.008
1780038132.8837428,54.009
1780038132.8890762,54.01
1780038132.8943381,54.007
1780038132.8999054,54.008
1780038132.9053457,54.007
1780038132.9106803,54.008
1780038132.9159327,54.008
1780038132.921498,54.008
1780038132.9269505,54.012
1780038132.932299,54.007
1780038132.9375477,54.007
1780038132.9430976,54.008
1780038132.9485452,54.009
1780038132.9538987,54.007
1780038132.9593513,54.012
1780038132.9647033,54.006
1780038132.9701579,54.007
1780038132.9754865,54.007
1780038132.9807305,54.008
1780038132.9862423,54.007
1780038132.9914439,54.009
1780038132.9971175,54.01
1780038133.0025551,54.007
1780038133.0079007,54.012
1780038133.0131543,54.007
1780038133.0187032,54.007
1780038133.0241423,54.01
1780038133.0296648,53.246
1780038133.0357568,53.249
1780038133.041741,53.25
1780038133.0476725,53.254
1780038133.0536993,53.253
1780038133.0596664,53.253
1780038133.0657058,53.253
1780038133.071679,53.252
1780038133.0777435,53.253
1780038133.0836098,53.253
1780038133.0896,53.253
1780038133.0957742,53.253
1780038133.101741,53.253
1780038133.107688,53.253
1780038133.1135643,53.253
1780038133.1196628,53.253
1780038133.1256816,53.253
1780038133.1316016,53.252
1780038133.1376007,53.253
1780038133.1436284,53.253
1780038133.1496234,53.253
1780038133.1556997,53.253
1780038133.1615832,53.253
1780038133.167538,53.253
1780038133.1736715,53.253
1780038133.1797273,53.253
1780038133.185726,53.253
1780038133.191571,53.253
1780038133.197175,53.253
1780038133.2027822,53.253
1780038133.208456,53.253
1780038133.2146585,53.253
1780038133.2204964,53.253
1780038133.2264903,53.253
1780038133.2325017,53.253
1780038133.238551,53.254
1780038133.2444713,53.253
1780038133.2505078,53.253
1780038133.256533,53.254
1780038133.262517,53.254
1780038133.268561,53.254
1780038133.274444,53.253
1780038133.2804134,53.254
1780038133.2859108,53.253
1780038133.291524,53.254
1780038133.2972417,53.254
1780038133.3032744,53.254
1780038133.3092992,53.254
1780038133.3152566,53.253
1780038133.3212633,53.254
1780038133.3272526,53.253
1780038133.3332562,53.253
1780038133.3392313,53.254
1780038133.3448024,53.254
1780038133.3504627,53.254
1780038133.3562028,53.254
1780038133.362138,53.254
1780038133.368077,53.254
1780038133.3741229,53.253
1780038133.3800647,53.254
1780038133.3861022,53.254
1780038133.3920722,53.253
1780038133.398053,53.254
1780038133.4040604,53.253
1780038133.410052,53.254
1780038133.416043,53.254
1780038133.4219992,53.254
1780038133.428031,53.254
1780038133.434114,53.253
1780038133.440016,53.253
1780038133.4459133,53.254
1780038133.452047,53.254
1780038133.4580534,53.254
1780038133.4641778,53.254
1780038133.4700844,53.254
1780038133.4761107,53.254
1780038133.4821188,53.254
1780038133.4881837,53.254
1780038133.4941351,53.253
1780038133.500135,53.254
1780038133.5060728,53.254
1780038133.5121043,53.254
1780038133.5181696,53.254
1780038133.5240474,53.254
1780038133.5301168,53.254
1780038133.5361154,53.254
1780038133.542054,53.254
1780038133.5480616,53.254
1780038133.5541039,53.253
1780038133.560122,53.254
1780038133.56606,53.254
1780038133.572111,53.254
1780038133.5780325,53.254
1780038133.5840616,53.254
1780038133.5900147,53.254
1780038133.5956202,53.253
1780038133.6011775,53.254
1780038133.6068232,53.254
1780038133.6129491,53.254
1780038133.6189022,53.254
1780038133.6248622,53.254
1780038133.6309307,53.254
1780038133.6368196,53.254
1780038133.6428554,53.254
1780038133.6489077,53.254
1780038133.654826,53.253
1780038133.660945,53.254
1780038133.6667802,53.254
1780038133.6728396,53.254
1780038133.6789458,53.254
1780038133.6848054,53.254
1780038133.6908066,53.254
1780038133.696883,53.253
1780038133.7028406,53.254
1780038133.7088633,53.254
1780038133.7147892,53.254
1780038133.720313,53.254
1780038133.7258425,53.254
1780038133.7317555,53.254
1780038133.7376764,53.254
1780038133.7436647,53.254
1780038133.7496688,53.254
1780038133.7555783,53.253
1780038133.7615905,53.254
1780038133.7676156,53.254
1780038133.7736719,53.254
1780038133.7796552,53.254
1780038133.7856197,53.254
1780038133.7911344,53.254
1780038133.7968178,53.253
1780038133.8025355,53.254
1780038133.808619,53.254
1780038133.814522,53.254
1780038133.8205347,53.255
1780038133.8265417,53.254
1780038133.8325698,53.254
1780038133.838403,53.254
1780038133.844484,53.254
1780038133.850583,53.254
1780038133.8564012,53.254
1780038133.8619533,53.254
1780038133.8674362,53.254
1780038133.8732505,53.254
1780038133.8792589,53.254
1780038133.8851917,53.254
1780038133.8907082,53.254
1780038133.896275,53.254
1780038133.9019942,53.254
1780038133.9081714,53.254
1780038133.9140565,53.254
1780038133.9200673,53.254
1780038133.9261127,53.254
1780038133.9321063,53.254
1780038133.9380984,53.254
1780038133.944177,53.254
1780038133.9500854,53.254
1780038133.9560947,53.254
1780038133.9621189,53.255
1780038133.968165,53.254
1780038133.9740574,53.254
1780038133.980026,53.254
1780038133.986118,53.254
1780038133.9920557,53.254
1780038133.9980145,53.254
1780038134.0034897,53.255
1780038134.0091314,53.254
1780038134.014983,53.254
1780038134.0209212,53.254
1780038134.026822,53.255
1780038134.0329428,53.254
1780038134.038839,53.254
1780038134.0443501,53.255
1780038134.0499408,53.255
1780038134.0556765,53.255
1780038134.0617015,53.254
1780038134.0676665,53.254
1780038134.073628,53.254
1780038134.0791123,53.254
1780038134.0845366,53.254
1780038134.0904822,53.254
1780038134.0964723,53.254
1780038134.102498,53.255
1780038134.1084983,53.254
1780038134.1144335,53.254
1780038134.120436,53.254
1780038134.126564,53.255
1780038134.1323988,53.254
1780038134.1385262,53.254
1780038134.1445298,53.254
1780038134.1505988,53.254
1780038134.1565127,53.254
1780038134.162477,53.254
1780038134.168611,53.255
1780038134.174397,53.254
1780038134.1804302,53.254
1780038134.1863797,53.254
1780038134.1924593,53.255
1780038134.1984227,53.254
1780038134.2045925,53.254
1780038134.2104826,53.254
1780038134.2164207,53.254
1780038134.2224827,53.254
1780038134.2285192,53.255
1780038134.234452,53.254
1780038134.2405138,53.254
1780038134.2464807,53.255
1780038134.252516,53.255
1780038134.2585526,53.255
1780038134.264461,53.254
1780038134.2705104,53.255
1780038134.2765024,53.255
1780038134.282439,53.254
1780038134.287934,53.255
1780038134.293931,53.255
1780038134.2994876,53.255
1780038134.3052936,53.255
1780038134.3112397,53.254
1780038134.3172388,53.255
1780038134.3227239,53.255
1780038134.3281527,53.255
1780038134.3341305,53.255
1780038134.3401086,53.255
1780038134.3461375,53.255
1780038134.3521547,53.255
1780038134.3580616,53.255
1780038134.3640459,53.254
1780038134.3701189,53.254
1780038134.3760746,53.255
1780038134.3820176,53.255
1780038134.3882,53.255
1780038134.3940694,53.255
1780038134.4000392,53.255
1780038134.4061,53.254
1780038134.4120724,53.255
1780038134.418047,53.255
1780038134.4240396,53.255
1780038134.430051,53.255
1780038134.43608,53.255
1780038134.4421108,53.255
1780038134.448051,53.254
1780038134.454094,53.255
1780038134.4600775,53.255
1780038134.4660761,53.254
1780038134.4721591,53.255
1780038134.4781356,53.255
1780038134.4841044,53.255
1780038134.4901912,53.255
1780038134.4960537,53.255
1780038134.502097,53.255
1780038134.508144,53.254
1780038134.5141404,53.255
1780038134.5200946,53.255
1780038134.5260355,53.255
1780038134.5315151,54.0
1780038134.5371425,53.255
1780038134.5428886,53.255
1780038134.5489788,53.255
1780038134.554913,53.255
1780038134.560926,53.255
1780038134.566858,53.255
1780038134.5722725,53.255
1780038134.5779102,53.255
1780038134.5837634,53.255
1780038134.5897253,53.255
1780038134.5956893,53.255
1780038134.6018262,53.255
1780038134.6076891,53.254
1780038134.6137075,53.255
1780038134.6197133,53.255
1780038134.62571,53.255
1780038134.6317804,53.255
1780038134.6376932,53.255
1780038134.6436718,53.255
1780038134.6496968,53.254
1780038134.6556134,53.255
1780038134.6617348,53.255
1780038134.6677194,53.255
1780038134.6736488,53.255
1780038134.679255,53.255
1780038134.6849174,53.255
1780038134.6906135,53.254
1780038134.6965451,53.255
1780038134.7024662,53.255
1780038134.7084336,53.255
1780038134.7143953,53.255
1780038134.720517,53.255
1780038134.7264333,53.255
1780038134.732464,53.255
1780038134.738387,53.255
1780038134.7444513,53.255
1780038134.7504976,53.254
1780038134.7563853,53.255
1780038134.7619743,53.255
1780038134.767489,53.255
1780038134.773356,53.255
1780038134.7791917,53.255
1780038134.7853026,53.255
1780038134.7912297,53.254
1780038134.7973526,53.255
1780038134.8032427,53.255
1780038134.8091817,53.255
1780038134.8153048,53.255
1780038134.8213062,53.255
1780038134.8272777,53.255
1780038134.8333683,53.255
1780038134.8393993,53.255
1780038134.8452413,53.255
1780038134.8512423,53.255
1780038134.8571422,53.255
1780038134.8632984,53.255
1780038134.8692474,53.255
1780038134.8752625,53.255
1780038134.8811972,53.255
1780038134.8867846,53.255
1780038134.8922782,53.255
1780038134.8979468,53.255
1780038134.9035883,53.255
1780038134.9092581,53.255
1780038134.9149132,53.255
1780038134.9209797,53.255
1780038134.9268365,53.255
1780038134.9329438,53.255
1780038134.938715,54.0
1780038134.9443762,53.255
1780038134.949983,53.255
1780038134.9556737,53.255
1780038134.961759,53.255
1780038134.967829,53.255
1780038134.973629,53.255
1780038134.97955,53.255
1780038134.985704,53.255
1780038134.9917445,53.255
1780038134.9976351,53.255
1780038135.0036347,53.255
1780038135.0097191,53.255
1780038135.0156834,53.255
1780038135.0211911,53.255
1780038135.0268216,53.255
1780038135.032566,53.255
1780038135.0384948,53.255
1780038135.0444584,54.0
1780038135.0506046,53.255
1780038135.0564117,53.255
1780038135.0619779,53.255
1780038135.0675082,53.255
1780038135.0732868,53.255
1780038135.0793138,53.255
1780038135.0853112,53.255
1780038135.0912619,53.255
1780038135.0972495,53.255
1780038135.102764,53.255
1780038135.1083722,53.255
1780038135.114152,53.255
1780038135.1200957,53.255
1780038135.1261525,53.255
1780038135.132028,53.255
1780038135.1380942,53.255
1780038135.1435971,54.0
1780038135.1491206,53.255
1780038135.1548698,53.255
1780038135.160869,53.255
1780038135.1668377,53.255
1780038135.1728392,53.255
1780038135.178907,53.255
1780038135.1849344,54.0
1780038135.1908844,54.0
1780038135.19695,53.255
1780038135.2029939,53.255
1780038135.2088742,53.255
1780038135.2149804,53.255
1780038135.220929,53.255
1780038135.2269976,53.255
1780038135.232792,54.0
1780038135.2388947,53.255
1780038135.2448924,54.0
1780038135.250918,53.255
1780038135.2568872,53.255
1780038135.26291,53.255
1780038135.2689207,53.255
1780038135.274923,53.255
1780038135.2809148,53.255
1780038135.2866921,54.0
1780038135.292858,53.255
1780038135.2988389,53.255
1780038135.3048587,53.255
1780038135.310798,53.255
1780038135.316953,53.255
1780038135.3229227,53.254
1780038135.3289032,54.0
1780038135.3349252,53.255
1780038135.3409595,53.255
1780038135.3469222,54.0
1780038135.3528686,53.255
1780038135.3588564,53.255
1780038135.3644135,53.255
1780038135.3699708,53.255
1780038135.3757174,54.0
1780038135.3816786,53.255
1780038135.38769,53.255
1780038135.3936737,53.255
1780038135.3997734,54.0
1780038135.4056976,53.254
1780038135.4117663,54.0
1780038135.4177809,53.255
1780038135.4237268,53.255
1780038135.4297085,53.255
1780038135.4356194,53.255
1780038135.4412293,54.0
1780038135.4468853,53.255
1780038135.4526901,53.255
1780038135.45845,53.255
1780038135.4639974,53.255
1780038135.469583,53.255
1780038135.4753356,53.255
1780038135.4812033,53.255
1780038135.4872816,53.254
1780038135.4933403,53.255
1780038135.4992492,53.255
1780038135.5052714,53.255
1780038135.5113533,53.255
1780038135.5173776,53.255
1780038135.5232608,53.255
1780038135.5292385,53.255
1780038135.5352783,53.255
1780038135.541153,53.255
1780038135.54686,53.255
1780038135.5525312,54.0
1780038135.5581152,54.0
1780038135.5640132,54.0
1780038135.570066,53.255
1780038135.5760787,54.0
1780038135.582152,53.255
1780038135.5881097,53.255
1780038135.594143,54.0
1780038135.6000576,53.255
1780038135.6059895,53.255
