timestamp,gpu_power_w
1780038616.8387616,49.241
1780038616.8444943,50.0
1780038616.8496888,50.002
1780038616.8552775,50.006
1780038616.8605053,50.011
1780038616.866082,50.014
1780038616.8713162,50.022
1780038616.8768764,50.023
1780038616.8820937,50.029
1780038616.8877177,50.033
1780038616.8929365,50.038
1780038616.898481,50.042
1780038616.903715,50.048
1780038616.9092789,50.05
1780038616.9144943,50.056
1780038616.9200754,50.059
1780038616.9253044,50.064
1780038616.9309967,50.068
1780038616.9364204,50.075
1780038616.9417226,50.076
1780038616.9469483,50.081
1780038616.95249,50.086
1780038616.957721,50.089
1780038616.963328,50.094
1780038616.9685564,50.1
1780038616.9740841,50.102
1780038616.9792984,50.107
1780038616.9849272,50.11
1780038616.9901612,50.114
1780038616.995686,50.118
1780038617.0009131,50.125
1780038617.006548,50.128
1780038617.0117788,50.131
1780038617.0172944,50.134
1780038617.0225196,50.139
1780038617.0281384,50.143
1780038617.0333676,50.148
1780038617.03895,50.152
1780038617.044377,50.154
1780038617.0497293,50.158
1780038617.0549614,50.163
1780038617.0604832,50.166
1780038617.065714,50.171
1780038617.071352,50.175
1780038617.0765884,50.177
1780038617.0821257,50.181
1780038617.0873578,50.185
1780038617.0930078,50.189
1780038617.0984125,50.192
1780038617.10373,50.198
1780038617.1089678,50.199
1780038617.1145213,50.204
1780038617.1197526,50.208
1780038617.1252863,50.211
1780038617.1306305,50.215
1780038617.1360888,50.22
1780038617.1413105,50.221
1780038617.146934,50.225
1780038617.152172,50.23
1780038617.1576695,50.232
1780038617.1629047,50.237
1780038617.1684859,50.242
1780038617.1737306,50.244
1780038617.1793413,50.247
1780038617.184563,50.251
1780038617.19008,50.253
1780038617.1953096,51.002
1780038617.2009337,51.007
1780038617.2061815,51.009
1780038617.2117338,51.011
1780038617.216962,51.015
1780038617.2225196,51.018
1780038617.2277455,51.022
1780038617.233335,51.025
1780038617.2385728,51.03
1780038617.2441242,51.031
1780038617.2493432,51.035
1780038617.2548935,51.038
1780038617.2601204,51.042
1780038617.2657433,51.044
1780038617.2709873,51.05
1780038617.27649,51.051
1780038617.2817106,51.055
1780038617.2873,51.058
1780038617.2925203,51.061
1780038617.2981386,51.062
1780038617.3033843,51.069
1780038617.3089435,51.069
1780038617.3141658,51.074
1780038617.319747,51.077
1780038617.3249714,51.08
1780038617.330488,51.083
1780038617.3357372,51.088
1780038617.3413048,51.088
1780038617.3465295,51.092
1780038617.3521512,51.095
1780038617.357382,51.098
1780038617.3629322,51.101
1780038617.368167,51.107
1780038617.3737307,51.107
1780038617.378972,51.11
1780038617.3845341,51.113
1780038617.389768,51.116
1780038617.3953242,51.119
1780038617.4005525,51.124
1780038617.4061413,51.125
1780038617.411379,51.128
1780038617.4168758,51.13
1780038617.4221156,51.133
1780038617.427683,51.136
1780038617.4329154,51.141
1780038617.438545,51.143
1780038617.443773,51.144
1780038617.449285,51.147
1780038617.4545245,51.15
1780038617.460125,51.153
1780038617.4653587,51.155
1780038617.470945,51.16
1780038617.47618,51.161
1780038617.481729,51.163
1780038617.4869611,51.167
1780038617.4924862,51.169
1780038617.4977207,51.172
1780038617.5033076,51.176
1780038617.508539,51.177
1780038617.5140932,51.18
1780038617.5193222,51.183
1780038617.5248947,51.185
1780038617.5301483,51.188
1780038617.535745,51.193
1780038617.5409825,51.192
1780038617.5465333,51.195
1780038617.5517673,51.198
1780038617.5573056,51.2
1780038617.5625372,51.204
1780038617.5681078,51.208
1780038617.5733497,51.208
1780038617.578952,51.211
1780038617.5841784,51.214
1780038617.5896842,51.215
1780038617.5949152,51.219
1780038617.600504,51.223
1780038617.6057427,51.224
1780038617.6113493,51.225
1780038617.6168008,51.218
1780038617.6233122,51.215
1780038617.629432,51.211
1780038617.635627,51.211
1780038617.641537,51.21
1780038617.647666,51.209
1780038617.6534967,51.208
1780038617.6597397,51.206
1780038617.665564,51.204
1780038617.671576,51.201
1780038617.67757,51.199
1780038617.68361,51.197
1780038617.689529,51.195
1780038617.6955793,51.194
1780038617.7015848,51.191
1780038617.7076416,51.188
1780038617.7135363,51.186
1780038617.719626,51.184
1780038617.7255857,51.181
1780038617.7315984,51.179
1780038617.737599,51.176
1780038617.7436244,51.174
1780038617.7495482,51.172
1780038617.7555916,51.169
1780038617.7615552,51.166
1780038617.7676318,51.164
1780038617.7735808,51.162
1780038617.7796006,51.159
1780038617.7856085,51.157
1780038617.7916539,51.156
1780038617.797624,51.154
1780038617.803671,51.152
1780038617.809544,51.15
1780038617.8156376,51.147
1780038617.8215961,51.144
1780038617.8276744,51.142
1780038617.8335586,51.14
1780038617.839604,51.138
1780038617.8455777,51.136
1780038617.8516707,51.134
1780038617.857617,51.132
1780038617.8636491,51.13
1780038617.8695822,51.128
1780038617.8755927,51.127
1780038617.8814826,51.125
1780038617.8876696,51.123
1780038617.893587,51.121
1780038617.899629,51.119
1780038617.9054313,51.117
1780038617.9116118,51.115
1780038617.917621,51.113
1780038617.923704,51.112
1780038617.9296153,51.109
1780038617.9356177,51.107
1780038617.9414668,51.105
1780038617.9476554,51.103
1780038617.953585,51.101
1780038617.9596977,51.099
1780038617.9654067,51.098
1780038617.9716449,51.095
1780038617.9776013,51.094
1780038617.9836624,51.092
1780038617.989598,51.09
1780038617.9956222,51.088
1780038618.0016174,51.086
1780038618.0076993,51.084
1780038618.0135667,51.082
1780038618.0196338,51.08
1780038618.0253828,51.078
1780038618.0316274,51.077
1780038618.0376284,51.075
1780038618.043666,51.074
1780038618.0495634,51.072
1780038618.0556176,51.07
1780038618.0616102,51.068
1780038618.067681,51.066
1780038618.0735464,51.065
1780038618.079638,51.063
1780038618.085632,51.061
1780038618.0916383,51.06
1780038618.0976214,51.058
1780038618.1036468,51.057
1780038618.1095977,51.056
1780038618.1157029,51.054
1780038618.1215956,51.052
1780038618.1277142,51.049
1780038618.1335444,51.048
1780038618.1396084,51.046
1780038618.1455736,51.044
1780038618.1516502,51.042
1780038618.1576004,51.04
1780038618.1636877,51.039
1780038618.1695704,51.037
1780038618.1756427,51.035
1780038618.1816018,51.034
1780038618.1877007,51.032
1780038618.1935623,51.031
1780038618.1996238,51.029
1780038618.2054243,51.028
1780038618.2116437,51.026
1780038618.2176235,51.025
1780038618.2236614,51.024
1780038618.2295935,51.022
1780038618.2356424,51.021
1780038618.2415009,51.02
1780038618.2476747,51.018
1780038618.2535927,51.016
1780038618.2596881,51.015
1780038618.265431,51.014
1780038618.271641,51.013
1780038618.2776842,51.011
1780038618.2836602,51.009
1780038618.2896159,51.008
1780038618.2954593,51.007
1780038618.301523,51.006
1780038618.3076804,51.003
1780038618.313569,51.002
1780038618.3196867,51.0
1780038618.325473,50.254
1780038618.331563,50.253
1780038618.337702,50.252
1780038618.3436902,50.251
1780038618.3496478,50.249
1780038618.3556347,50.248
1780038618.3615363,50.247
1780038618.367716,50.245
1780038618.373584,50.244
1780038618.3797052,50.242
1780038618.3855398,50.241
1780038618.3915858,50.24
1780038618.3976445,50.238
1780038618.4037066,50.237
1780038618.4096518,50.236
1780038618.4155512,50.235
1780038618.421586,50.233
1780038618.4277205,50.232
1780038618.4335744,50.231
1780038618.4396555,50.229
1780038618.445539,50.228
1780038618.4516273,50.227
1780038618.4576015,50.226
1780038618.4636748,50.224
1780038618.469621,50.223
1780038618.4756227,50.222
1780038618.4816022,50.22
1780038618.4875834,50.219
1780038618.4935882,50.218
1780038618.4996672,50.216
1780038618.505602,50.215
1780038618.511647,50.214
1780038618.5174217,50.212
1780038618.5237288,50.211
1780038618.5297005,50.21
1780038618.5356681,50.209
1780038618.5416524,50.208
1780038618.547623,50.207
1780038618.553521,50.205
1780038618.559712,50.204
1780038618.5655956,50.203
1780038618.5717032,50.201
1780038618.5774987,50.2
1780038618.5836196,50.199
1780038618.5896509,50.197
1780038618.595652,50.196
1780038618.6016362,50.195
1780038618.6074831,50.194
1780038618.6135385,50.193
1780038618.619735,50.192
1780038618.6255863,50.191
1780038618.6316917,50.19
1780038618.6375413,50.188
1780038618.6435378,50.187
1780038618.6496897,50.186
1780038618.6556153,50.185
1780038618.661665,50.184
1780038618.6675153,50.183
1780038618.6739202,50.182
1780038618.679742,50.181
1780038618.6856174,50.18
1780038618.691686,50.178
1780038618.6975448,50.177
1780038618.7035935,50.176
1780038618.709611,50.176
1780038618.7156506,50.175
1780038618.721654,50.174
1780038618.7276192,50.173
1780038618.7336159,50.172
1780038618.7394922,50.172
1780038618.745529,50.171
1780038618.7516904,50.17
1780038618.7575734,50.169
1780038618.763673,50.168
1780038618.7696466,50.168
1780038618.7754316,50.167
1780038618.7816477,50.165
1780038618.7876174,50.164
1780038618.7936504,50.163
1780038618.7995243,50.162
1780038618.8055747,50.161
1780038618.8116953,50.159
1780038618.817559,50.158
1780038618.823715,50.157
1780038618.8296556,50.156
1780038618.8355377,50.156
1780038618.84161,50.154
1780038618.847678,50.154
1780038618.8536043,50.153
1780038618.859637,50.152
1780038618.8656201,50.151
1780038618.871626,50.151
1780038618.8775063,50.15
1780038618.8836527,50.149
1780038618.8896747,50.148
1780038618.8955705,50.148
1780038618.9016798,50.147
1780038618.9074407,50.146
1780038618.9136438,50.145
1780038618.9196894,50.144
1780038618.9256012,50.144
1780038618.9315357,50.143
1780038618.9376032,50.142
1780038618.943509,50.142
1780038618.9491608,50.14
1780038618.9551501,50.14
1780038618.9610295,50.139
1780038618.9671102,50.137
1780038618.9731889,50.137
1780038618.979552,50.136
1780038618.985602,50.135
1780038618.9916534,50.135
1780038618.9976335,50.134
1780038619.00355,50.134
1780038619.0096626,50.133
1780038619.0156126,50.132
1780038619.0216446,50.132
1780038619.0275953,50.131
1780038619.033653,50.13
1780038619.0394728,50.129
1780038619.0455682,50.128
1780038619.051556,50.128
1780038619.057664,50.127
1780038619.0635638,50.127
1780038619.069512,50.126
1780038619.0755875,50.125
1780038619.0815754,50.124
1780038619.0876317,50.123
1780038619.0937138,50.123
1780038619.0995646,50.123
1780038619.1056755,50.122
1780038619.111566,50.121
1780038619.1176062,50.12
1780038619.1236932,50.12
1780038619.129639,50.12
1780038619.1356134,50.12
1780038619.1416235,50.118
1780038619.1474895,50.118
1780038619.1536765,50.116
1780038619.1596334,50.116
1780038619.1657045,50.115
1780038619.17153,50.114
1780038619.1776512,50.114
1780038619.1837049,50.114
1780038619.1895874,50.113
1780038619.1956306,50.113
1780038619.201534,50.112
1780038619.2075758,50.111
1780038619.213699,50.111
1780038619.2196083,50.11
1780038619.2256842,50.11
1780038619.231616,50.109
1780038619.2376218,50.109
1780038619.2436676,50.108
1780038619.2495573,50.107
1780038619.255602,50.107
1780038619.2616372,50.106
1780038619.2676046,50.105
1780038619.2736063,50.105
1780038619.2795527,50.104
1780038619.2856553,50.103
1780038619.2916024,50.102
1780038619.297639,50.102
1780038619.303551,50.101
1780038619.3094556,50.1
1780038619.3156536,50.1
1780038619.321692,50.1
1780038619.3276627,50.099
1780038619.3334997,50.098
1780038619.3395896,50.098
1780038619.3456953,50.097
1780038619.3516023,50.097
1780038619.357704,50.096
1780038619.3636334,50.096
1780038619.369492,50.095
1780038619.375617,50.094
1780038619.3816693,50.094
1780038619.3875961,50.093
1780038619.3935952,50.093
1780038619.3995967,50.092
1780038619.4055765,50.091
1780038619.411591,50.09
1780038619.4176497,50.09
1780038619.4236002,50.09
1780038619.4295912,50.089
1780038619.4356759,50.088
1780038619.4414973,50.087
1780038619.4476976,50.087
1780038619.4536245,50.086
1780038619.4596803,50.086
1780038619.4655836,50.085
1780038619.4716196,50.084
1780038619.4776068,50.083
1780038619.4836733,50.083
1780038619.4896915,50.082
1780038619.4956474,50.082
1780038619.5016246,50.081
1780038619.5076265,50.08
1780038619.5134423,50.079
1780038619.5197053,50.079
1780038619.5256927,50.079
1780038619.531627,50.079
1780038619.5375683,50.079
1780038619.543654,50.078
1780038619.5496206,50.077
1780038619.5556087,50.076
1780038619.5615745,50.075
1780038619.5676882,50.075
1780038619.573619,50.074
1780038619.579644,50.073
1780038619.5855994,50.073
1780038619.5916054,50.073
1780038619.5976982,50.073
1780038619.6036477,50.073
1780038619.6096134,50.073
1780038619.615498,50.073
1780038619.6215608,50.072
1780038619.6276786,50.072
1780038619.633621,50.072
1780038619.6397066,50.071
1780038619.645569,50.071
1780038619.6516416,50.07
1780038619.657644,50.07
1780038619.6637151,50.07
1780038619.6697125,50.069
1780038619.6756487,50.068
1780038619.681643,50.068
1780038619.6874695,50.067
1780038619.6935718,50.067
1780038619.6996593,50.066
1780038619.7055597,50.065
1780038619.7117095,50.065
1780038619.7175448,50.064
1780038619.723733,50.063
1780038619.7297328,50.063
1780038619.7356353,50.063
1780038619.7429082,50.063
1780038619.748871,50.062
1780038619.7547143,50.062
1780038619.7608018,50.062
1780038619.7668643,50.061
1780038619.7727306,50.06
1780038619.7789233,50.061
1780038619.784849,50.06
1780038619.7907403,50.059
1780038619.7968545,50.059
1780038619.8028588,50.059
1780038619.8088686,50.059
1780038619.8147995,50.058
1780038619.820829,50.057
1780038619.826727,50.057
1780038619.8327754,50.057
1780038619.8388467,50.056
1780038619.844812,50.056
1780038619.8508472,50.056
1780038619.8568735,50.055
1780038619.8627863,50.055
1780038619.868836,50.054
1780038619.874843,50.054
1780038619.8808358,50.054
1780038619.886834,50.053
1780038619.8928158,50.053
1780038619.8987124,50.052
1780038619.9048479,50.052
1780038619.9109497,50.051
1780038619.9169497,50.051
1780038619.9228349,50.049
1780038619.9289474,50.049
1780038619.934735,50.048
1780038619.940814,50.047
1780038619.946891,50.047
1780038619.95288,50.047
1780038619.95885,50.047
1780038619.9648976,50.047
1780038619.9708908,50.047
1780038619.9768329,50.047
1780038619.9827113,50.047
1780038619.9888735,50.046
1780038619.9948397,50.046
1780038620.0008724,50.046
1780038620.006744,50.046
1780038620.0128517,50.045
1780038620.0188255,50.045
1780038620.024889,50.045
1780038620.0308843,50.044
1780038620.0368006,50.044
1780038620.0428295,50.044
1780038620.0488038,50.043
1780038620.0548337,50.043
1780038620.0608704,50.043
1780038620.0667663,50.042
1780038620.072932,50.042
1780038620.07875,50.041
1780038620.0848804,50.041
1780038620.0908933,50.04
1780038620.096864,50.04
1780038620.1028392,50.04
1780038620.1087782,50.039
1780038620.114801,50.039
1780038620.1208174,50.039
1780038620.126813,50.038
1780038620.1329463,50.038
1780038620.1388025,50.038
1780038620.144928,50.038
1780038620.1509447,50.038
1780038620.1566896,50.037
1780038620.1628308,50.037
1780038620.1689134,50.037
1780038620.1748676,50.037
1780038620.1807904,50.036
1780038620.1868427,50.036
1780038620.1928494,50.035
1780038620.1987188,50.035
1780038620.2049558,50.034
1780038620.2109954,50.034
1780038620.2167988,50.034
1780038620.2228956,50.033
1780038620.228729,50.033
1780038620.2348309,50.033
1780038620.24087,50.033
1780038620.246794,50.032
1780038620.2528524,50.032
1780038620.25881,50.032
1780038620.2649076,50.032
1780038620.2709603,50.032
1780038620.2768176,50.032
1780038620.282937,50.032
1780038620.2888353,50.031
1780038620.2948844,50.031
1780038620.3007517,50.03
1780038620.306806,50.03
1780038620.3128538,50.03
1780038620.3187966,50.029
1780038620.3248441,50.029
1780038620.3308647,50.029
1780038620.3368375,50.029
1780038620.342867,50.028
1780038620.3487756,50.028
1780038620.354887,50.028
1780038620.3607786,50.029
1780038620.3669527,50.028
1780038620.3727705,50.028
1780038620.3788402,50.028
1780038620.3848536,50.028
1780038620.3910074,50.027
1780038620.3969715,50.027
1780038620.4028053,50.027
1780038620.408832,50.026
1780038620.414835,50.026
1780038620.420724,50.026
1780038620.426892,50.026
1780038620.432804,50.025
1780038620.438942,50.025
1780038620.4447992,50.024
1780038620.450763,50.024
1780038620.456832,50.024
1780038620.4628391,50.024
1780038620.4688284,50.024
1780038620.4748087,50.024
1780038620.480828,50.024
1780038620.486832,50.024
1780038620.4927816,50.023
1780038620.4988847,50.023
1780038620.5048382,50.023
1780038620.5109272,50.023
1780038620.5169322,50.022
1780038620.522738,50.022
1780038620.5288408,50.022
1780038620.5348992,50.022
1780038620.540843,50.022
1780038620.5468528,50.021
1780038620.552811,50.021
1780038620.5587509,50.02
1780038620.5647461,50.02
1780038620.570818,50.02
1780038620.576933,50.02
1780038620.5828001,50.019
1780038620.588878,50.019
1780038620.5948043,50.018
1780038620.6011481,50.018
1780038620.6068661,50.018
1780038620.6128669,50.019
1780038620.618868,50.019
1780038620.6248357,50.018
1780038620.6309893,50.019
1780038620.6367056,50.018
1780038620.642819,50.018
1780038620.648834,50.017
1780038620.6548448,50.017
1780038620.6608958,50.016
1780038620.666795,50.016
1780038620.6729395,50.016
1780038620.6787045,50.016
1780038620.6848295,50.016
1780038620.6909099,50.015
1780038620.6968644,50.015
1780038620.7029154,50.015
1780038620.708783,50.015
1780038620.7148075,50.015
1780038620.720832,50.014
1780038620.7268226,50.015
1780038620.7328584,50.015
1780038620.7387981,50.014
1780038620.7449362,50.014
1780038620.7508187,50.014
1780038620.7567372,50.014
1780038620.762926,50.014
1780038620.7688167,50.014
1780038620.7748027,50.014
1780038620.7808583,50.014
1780038620.786858,50.013
1780038620.7928932,50.013
1780038620.7987723,50.013
1780038620.804845,50.013
1780038620.8108609,50.013
1780038620.8167748,50.013
1780038620.8228836,50.013
1780038620.8287852,50.012
1780038620.8348827,50.011
1780038620.8406248,50.012
1780038620.8464603,50.012
1780038620.8529673,50.012
1780038620.8589122,50.012
1780038620.8647933,50.012
1780038620.8709211,50.011
1780038620.8768263,50.011
1780038620.8828523,50.011
1780038620.8888602,50.011
1780038620.8949292,50.01
1780038620.9008384,50.009
1780038620.9069076,50.009
1780038620.9127526,50.008
1780038620.918821,50.008
1780038620.9248376,50.009
1780038620.9309533,50.008
1780038620.936898,50.009
1780038620.942851,50.009
1780038620.9488418,50.009
1780038620.9548986,50.008
1780038620.9607615,50.008
1780038620.9668927,50.008
1780038620.972792,50.007
1780038620.9789586,50.007
1780038620.984839,50.007
1780038620.990814,50.007
1780038620.9968472,50.007
1780038621.0028305,50.007
1780038621.0088582,50.007
1780038621.0149152,50.007
1780038621.0208848,50.007
1780038621.0267355,50.007
1780038621.032799,50.006
1780038621.0388827,50.006
1780038621.0448012,50.006
1780038621.050949,50.006
1780038621.0568864,50.005
1780038621.062847,50.005
1780038621.0688784,50.005
1780038621.0748553,50.004
1780038621.0808885,50.004
1780038621.0868418,50.005
1780038621.092868,50.005
1780038621.098793,50.005
1780038621.1048455,50.006
1780038621.1107712,50.006
1780038621.116924,50.005
1780038621.1227453,50.005
1780038621.1288917,50.005
1780038621.134865,50.004
1780038621.1408863,50.005
1780038621.1467073,50.004
1780038621.1529434,50.004
1780038621.158817,50.004
1780038621.1648796,50.004
1780038621.170826,50.005
1780038621.1767905,50.004
1780038621.182806,50.004
1780038621.18883,50.004
1780038621.1948638,50.004
1780038621.2008832,50.003
1780038621.2068167,50.004
1780038621.212891,50.003
1780038621.2187548,50.003
1780038621.2248642,50.004
1780038621.2309754,50.004
1780038621.236819,50.003
1780038621.2428455,50.004
1780038621.248839,50.003
1780038621.2548375,50.003
1780038621.2608576,50.004
1780038621.2667794,50.003
1780038621.27289,50.003
1780038621.2787852,50.003
1780038621.2849393,50.003
1780038621.290838,50.003
1780038621.296724,50.003
1780038621.3028517,50.003
1780038621.3088791,50.002
1780038621.3149085,50.002
1780038621.3208637,50.002
1780038621.3268027,50.002
1780038621.3327155,50.002
1780038621.338826,50.002
1780038621.3448308,50.002
1780038621.3509014,50.002
1780038621.3568888,50.002
1780038621.3628829,50.002
1780038621.3688266,50.001
1780038621.3749228,50.001
1780038621.3808594,50.0
1780038621.3868976,50.001
1780038621.3928628,50.0
1780038621.3988595,50.0
1780038621.4047916,50.0
1780038621.410855,50.001
1780038621.4168289,49.255
1780038621.4229774,49.255
1780038621.4288263,49.255
1780038621.4348824,49.254
1780038621.4408758,49.254
1780038621.4469116,49.254
1780038621.4526944,49.254
1780038621.4588194,49.254
1780038621.464863,49.254
1780038621.4710329,49.255
1780038621.4770465,49.254
1780038621.4828317,49.254
1780038621.4887927,49.253
1780038621.494863,49.253
1780038621.500858,49.253
1780038621.506884,49.253
1780038621.5128727,49.252
1780038621.5188987,49.252
1780038621.5247667,49.252
1780038621.5309134,49.252
1780038621.536873,49.252
1780038621.5429401,49.252
1780038621.5489244,49.253
1780038621.5548055,49.252
1780038621.5608664,49.252
1780038621.566856,49.252
1780038621.5727825,49.253
1780038621.5789814,49.253
1780038621.5848467,49.252
1780038621.5909975,49.252
1780038621.5970247,49.252
1780038621.6027882,49.252
1780038621.6088674,49.252
1780038621.6148803,49.252
1780038621.6208243,49.252
1780038621.626849,49.252
1780038621.6328516,49.253
1780038621.6387737,49.253
1780038621.6448166,49.252
1780038621.65095,49.253
1780038621.656999,49.252
1780038621.6628637,49.252
1780038621.6689785,49.253
1780038621.674865,49.252
1780038621.6809676,49.252
1780038621.6867988,49.252
1780038621.6928656,49.252
1780038621.6988266,49.252
1780038621.7048311,49.252
1780038621.71095,49.252
1780038621.7169926,49.252
1780038621.7229066,49.252
1780038621.7287493,49.252
1780038621.734808,49.252
1780038621.7409203,49.251
1780038621.746811,49.251
1780038621.752936,49.251
1780038621.758848,49.251
1780038621.764924,49.251
1780038621.7707303,49.251
1780038621.776876,49.251
1780038621.7828465,49.251
1780038621.7888846,49.251
1780038621.794924,49.251
1780038621.8007421,49.251
1780038621.8068032,49.251
1780038621.8129287,49.251
1780038621.8188188,49.25
1780038621.8249035,49.25
1780038621.8308601,49.251
1780038621.8369167,49.251
1780038621.8429368,49.251
1780038621.8487372,49.251
1780038621.8548458,49.25
1780038621.8608637,49.25
1780038621.8669193,49.251
1780038621.8728995,49.251
1780038621.8788872,49.25
1780038621.8847423,49.25
1780038621.8908296,49.249
1780038621.8968928,49.249
1780038621.9028308,49.249
1780038621.9088638,49.249
1780038621.9149659,49.249
1780038621.9208748,49.249
1780038621.9268816,49.248
1780038621.9326944,49.248
1780038621.9389532,49.249
1780038621.9448218,49.249
1780038621.9509914,49.248
1780038621.9568589,49.248
1780038621.9628224,49.248
1780038621.9688308,49.248
1780038621.9748757,49.248
1780038621.9807556,49.247
1780038621.9869337,49.248
1780038621.992818,49.248
1780038621.9989834,49.248
1780038622.0048747,49.247
1780038622.0109005,49.247
1780038622.0168283,49.247
1780038622.0228965,49.247
1780038622.0288317,49.247
1780038622.0349755,49.247
1780038622.0409007,49.248
1780038622.046818,49.248
1780038622.0528157,49.248
1780038622.058923,49.248
1780038622.0648003,49.247
1780038622.070991,49.247
1780038622.076848,49.247
1780038622.0828853,49.247
1780038622.0889416,49.247
1780038622.09481,49.247
1780038622.1008723,49.247
1780038622.1069224,49.247
1780038622.1128957,49.247
1780038622.118882,49.247
1780038622.124831,49.247
1780038622.130795,49.247
1780038622.1368527,49.247
1780038622.1427922,49.247
1780038622.148973,49.247
1780038622.1548638,49.247
1780038622.1609013,49.246
1780038622.166882,49.246
1780038622.1729457,49.247
1780038622.178762,49.246
1780038622.1848536,49.246
1780038622.1909935,49.246
1780038622.1969738,49.247
1780038622.202933,49.247
1780038622.208838,49.247
1780038622.2148397,49.246
1780038622.2208645,49.247
1780038622.226778,49.246
1780038622.2329936,49.246
1780038622.238904,49.246
1780038622.244917,49.246
1780038622.250843,49.246
1780038622.2568462,49.244
1780038622.2629051,49.244
1780038622.268907,49.244
1780038622.2749567,49.244
1780038622.2809188,49.244
1780038622.2869506,49.245
1780038622.2927966,49.245
1780038622.2988696,49.245
1780038622.304914,49.244
1780038622.3109462,49.244
1780038622.3168848,49.243
1780038622.3229504,49.244
1780038622.3288546,49.243
1780038622.3349745,49.243
1780038622.3408597,49.243
1780038622.346886,49.242
1780038622.3526886,49.242
1780038622.358953,49.242
1780038622.3648183,49.242
1780038622.3708768,49.242
1780038622.3768766,49.242
1780038622.3829288,49.242
1780038622.388941,49.242
1780038622.3947728,49.242
1780038622.4008074,49.242
1780038622.4068625,49.242
1780038622.4127505,49.242
1780038622.418925,49.242
1780038622.424856,49.242
1780038622.4309964,49.242
1780038622.4368563,49.242
1780038622.442771,49.241
1780038622.4489021,49.241
1780038622.454675,49.242
1780038622.4609067,49.242
1780038622.466963,49.242
1780038622.4729242,49.242
1780038622.4787793,49.242
1780038622.484787,49.242
1780038622.4909017,49.242
1780038622.4968631,49.242
1780038622.5029323,49.242
1780038622.5089493,49.242
1780038622.5149958,49.242
1780038622.5209517,49.242
1780038622.5268,49.242
1780038622.5328732,49.242
1780038622.5388663,49.243
1780038622.544944,49.242
1780038622.5509834,49.242
1780038622.5570364,49.243
1780038622.5630512,49.243
1780038622.5690084,49.243
1780038622.5749419,49.243
1780038622.5808468,49.243
1780038622.5867877,49.243
1780038622.5929165,49.243
1780038622.5988467,49.243
1780038622.6049862,49.243
1780038622.6108756,49.243
1780038622.6169116,49.242
1780038622.6229775,49.242
1780038622.6287293,49.242
1780038622.6349483,49.242
1780038622.640858,49.242
1780038622.6469476,49.242
1780038622.6528802,49.242
1780038622.658926,49.242
1780038622.6647289,49.242
1780038622.6709213,49.242
1780038622.6768928,49.242
1780038622.6830223,49.242
1780038622.6889608,49.242
1780038622.6949918,49.242
1780038622.700887,49.242
1780038622.7069638,49.242
1780038622.7127788,49.241
1780038622.7189116,49.241
1780038622.7248979,49.242
1780038622.7308724,49.242
1780038622.7369578,49.242
1780038622.743084,49.242
1780038622.749069,49.242
1780038622.755025,49.243
1780038622.760971,49.243
1780038622.766866,49.242
1780038622.7728333,49.242
1780038622.7789607,49.242
1780038622.7848768,49.242
1780038622.7909813,49.242
1780038622.7967904,49.241
1780038622.8030024,49.241
1780038622.8090823,49.241
1780038622.814972,49.241
1780038622.8210216,49.24
1780038622.8268392,49.24
1780038622.8328655,49.24
1780038622.8387153,49.24
1780038622.8448448,49.24
1780038622.8508532,49.24
1780038622.8569112,49.24
1780038622.863004,49.24
1780038622.8690093,49.24
1780038622.8748908,49.24
1780038622.8809168,49.24
1780038622.8867505,49.24
1780038622.8928716,49.24
1780038622.8989275,49.241
1780038622.9049516,49.24
1780038622.910918,49.241
1780038622.9169154,49.241
1780038622.9229531,49.241
1780038622.9287186,49.242
1780038622.9348397,49.242
1780038622.9409897,49.242
1780038622.946874,49.242
1780038622.9529178,49.241
1780038622.9588554,49.242
1780038622.9649186,49.242
1780038622.970776,49.242
1780038622.9768913,49.242
1780038622.9829404,49.242
1780038622.9888697,49.241
1780038622.994956,49.242
1780038623.000928,49.242
1780038623.0069668,49.242
1780038623.0127833,49.242
1780038623.0188491,49.242
1780038623.024892,49.242
1780038623.0309591,49.242
1780038623.0369692,49.243
1780038623.0429025,49.242
1780038623.0489068,49.242
1780038623.0549579,49.242
1780038623.0608351,49.242
1780038623.0669005,49.242
1780038623.0729337,49.242
1780038623.078918,49.242
1780038623.084888,49.243
1780038623.0909367,49.242
1780038623.0968332,49.243
1780038623.1029224,49.243
1780038623.108946,49.243
1780038623.114892,49.243
1780038623.1208425,49.242
1780038623.1269355,49.242
1780038623.1328704,49.242
1780038623.138947,49.242
1780038623.1448758,49.241
1780038623.1509647,49.241
1780038623.1567366,49.241
1780038623.162892,49.24
1780038623.1690059,49.24
1780038623.1749299,49.241
1780038623.180934,49.24
1780038623.1869009,49.241
1780038623.192905,49.241
1780038623.1987438,49.242
1780038623.2048376,49.242
1780038623.2110097,49.241
1780038623.2169013,49.241
1780038623.222943,49.24
1780038623.2290056,49.241
1780038623.2348871,49.241
1780038623.2409267,49.241
1780038623.2467697,49.241
1780038623.2529058,49.241
1780038623.2588973,49.24
1780038623.2649293,49.241
1780038623.2709382,49.241
1780038623.2769263,49.241
1780038623.2827942,49.241
1780038623.2888508,49.241
1780038623.294858,49.241
1780038623.3008697,49.241
1780038623.3068607,49.24
1780038623.312937,49.24
1780038623.3188875,49.241
1780038623.3249164,49.241
1780038623.3308952,49.241
1780038623.3369198,49.24
1780038623.3428087,49.241
1780038623.3487668,49.24
1780038623.3549094,49.24
1780038623.3609197,49.24
1780038623.366934,49.24
1780038623.37296,49.239
1780038623.3789532,49.24
1780038623.384814,49.24
1780038623.3909092,49.24
1780038623.3968408,49.24
1780038623.4028676,49.24
1780038623.4088602,49.24
1780038623.4149666,49.24
1780038623.420882,49.24
1780038623.426943,49.239
1780038623.432877,49.239
1780038623.43895,49.239
1780038623.4447248,49.239
1780038623.4509406,49.239
1780038623.4569232,49.239
1780038623.462994,49.239
1780038623.4690294,49.239
1780038623.4748878,49.239
1780038623.4808934,49.239
1780038623.4869368,49.239
1780038623.492855,49.238
1780038623.4989815,49.239
1780038623.5047708,49.239
1780038623.5110402,49.239
1780038623.516926,49.239
1780038623.5229492,49.239
1780038623.529047,49.239
1780038623.534873,49.239
1780038623.5409286,49.239
1780038623.546944,49.24
1780038623.5529404,49.24
1780038623.558919,49.24
1780038623.5649126,49.24
1780038623.5708685,49.24
1780038623.5768666,49.24
1780038623.5828154,49.24
1780038623.5890186,49.239
1780038623.5950449,49.239
1780038623.600989,49.239
1780038623.6069407,49.239
1780038623.612938,49.239
1780038623.6189084,49.239
1780038623.6249108,49.239
1780038623.630815,49.239
1780038623.6368747,49.239
1780038623.6429584,49.239
1780038623.6490543,49.238
1780038623.655105,49.239
1780038623.6608856,49.239
1780038623.6669147,49.239
1780038623.672727,49.239
1780038623.678831,49.239
1780038623.6848478,49.239
1780038623.6908078,49.238
1780038623.696926,49.238
1780038623.7029033,49.238
1780038623.708969,49.237
1780038623.7149458,49.238
1780038623.7208252,49.238
1780038623.7269306,49.238
1780038623.7327025,49.239
1780038623.7388833,49.239
1780038623.7449343,49.239
1780038623.75104,49.239
1780038623.7568939,49.239
1780038623.762916,49.24
1780038623.7689302,49.239
1780038623.7747545,49.239
1780038623.7808616,49.239
1780038623.7869518,49.239
1780038623.79288,49.239
1780038623.7990196,49.239
1780038623.8048656,49.24
1780038623.8109453,49.239
1780038623.8168316,49.24
1780038623.8229752,49.24
1780038623.828956,49.24
1780038623.8349679,49.24
1780038623.840948,49.24
1780038623.846957,49.24
1780038623.852988,49.24
1780038623.8588362,49.24
1780038623.8648427,49.24
1780038623.8709483,49.239
1780038623.8768384,49.239
1780038623.8830228,49.239
1780038623.8888984,49.239
1780038623.8949249,49.239
1780038623.9010246,49.239
1780038623.906861,49.238
1780038623.9129655,49.239
1780038623.9192579,49.239
1780038623.925253,49.238
1780038623.9310338,49.238
1780038623.9370143,49.239
1780038623.94292,49.238
1780038623.9490066,49.239
1780038623.9550188,49.239
1780038623.9607573,49.239
1780038623.9668832,49.239
1780038623.9728909,49.239
1780038623.9788442,49.239
1780038623.9849408,49.239
1780038623.9909592,49.238
1780038623.9969423,49.238
1780038624.002901,49.239
1780038624.008891,49.239
1780038624.0149622,49.239
1780038624.0208933,49.239
1780038624.026926,49.239
1780038624.0329027,49.24
1780038624.038921,49.239
1780038624.0449033,49.24
1780038624.0509071,49.24
1780038624.0567703,49.24
1780038624.0629141,49.241
1780038624.0687752,49.241
1780038624.0744247,49.241
1780038624.0804305,49.241
1780038624.0864947,49.241
1780038624.092931,49.24
1780038624.0989814,49.24
1780038624.104847,49.24
1780038624.1110528,49.24
1780038624.1168003,49.24
1780038624.1229556,49.24
1780038624.1289065,49.24
1780038624.1349638,49.24
1780038624.140994,49.24
1780038624.146917,49.24
1780038624.1529555,49.241
1780038624.1588938,49.241
1780038624.1649294,49.241
1780038624.1707828,49.241
1780038624.17685,49.241
1780038624.1828907,49.241
1780038624.18894,49.241
1780038624.1950057,49.241
1780038624.2009604,49.241
1780038624.206845,49.241
1780038624.21296,49.241
1780038624.2189167,49.241
1780038624.2249866,49.241
1780038624.2307754,49.241
1780038624.2368646,49.241
1780038624.242893,49.241
1780038624.2489355,49.241
1780038624.2550058,49.241
1780038624.2608926,49.241
1780038624.2669342,49.241
1780038624.2727401,49.241
1780038624.2788506,49.241
1780038624.2848935,49.242
1780038624.2909029,49.242
1780038624.2969835,49.242
1780038624.3028848,49.242
1780038624.308956,49.241
1780038624.3150456,49.241
1780038624.3208213,49.24
1780038624.326929,49.241
1780038624.332938,49.241
1780038624.338953,49.241
1780038624.3449075,49.241
1780038624.3510208,49.241
1780038624.3568377,49.242
1780038624.3628905,49.241
1780038624.3688703,49.241
1780038624.3750267,49.24
1780038624.3810441,49.241
1780038624.387028,49.241
1780038624.3929515,49.241
1780038624.398994,49.241
1780038624.404913,49.241
1780038624.410989,49.241
1780038624.4168134,49.24
1780038624.422907,49.241
1780038624.4289842,49.24
1780038624.4351144,49.24
1780038624.4411669,49.241
1780038624.4471033,49.242
1780038624.453082,49.241
1780038624.4589815,49.242
1780038624.4648976,49.243
1780038624.4710763,49.243
1780038624.4769216,49.242
1780038624.4830136,49.242
1780038624.4888458,49.242
1780038624.4950156,49.242
1780038624.5009727,49.242
1780038624.5068636,49.242
1780038624.5129323,49.242
1780038624.5187092,49.242
1780038624.524467,49.243
1780038624.5309875,49.242
1780038624.5369873,49.243
1780038624.5429332,49.243
1780038624.5489504,49.243
1780038624.5549738,49.242
1780038624.5607495,49.242
1780038624.5668764,49.242
1780038624.57294,49.242
1780038624.5788162,49.242
1780038624.5849538,49.242
1780038624.590996,49.242
1780038624.5969548,49.242
1780038624.60289,49.242
1780038624.6089792,49.242
1780038624.6147919,49.242
1780038624.6207583,49.242
1780038624.6270258,49.242
1780038624.6329272,49.242
1780038624.6389816,49.242
1780038624.6449285,49.242
1780038624.650937,49.243
1780038624.6568336,49.242
1780038624.6628814,49.242
1780038624.6689372,49.242
1780038624.6749506,49.242
1780038624.6808872,49.242
1780038624.6869228,49.242
1780038624.6928654,49.241
1780038624.6989772,49.241
1780038624.704906,49.241
1780038624.7110379,49.241
1780038624.7168522,49.242
1780038624.7229278,49.241
1780038624.728941,49.242
1780038624.734977,49.241
1780038624.7410731,49.242
1780038624.7469876,49.243
1780038624.7530186,49.243
1780038624.7588654,49.242
1780038624.7649043,49.243
1780038624.7708104,49.243
1780038624.7768054,49.243
1780038624.7830353,49.242
1780038624.7888944,49.242
1780038624.794954,49.242
1780038624.8009717,49.242
1780038624.8068333,49.242
1780038624.8129733,49.242
1780038624.8188436,49.242
1780038624.8249445,49.241
1780038624.831027,49.242
1780038624.8370159,49.242
1780038624.842886,49.242
1780038624.8489847,49.242
1780038624.854918,49.242
1780038624.860971,49.242
1780038624.8670173,49.242
1780038624.8728282,49.242
1780038624.8789282,49.242
1780038624.8849072,49.241
1780038624.890842,49.241
1780038624.8969786,49.242
1780038624.9029162,49.241
1780038624.9089713,49.241
1780038624.9148889,49.242
1780038624.9208586,49.241
1780038624.927003,49.242
1780038624.9328535,49.242
1780038624.9389312,49.242
1780038624.944941,49.241
1780038624.9510531,49.241
1780038624.956888,49.241
1780038624.9629653,49.242
1780038624.968886,49.242
1780038624.974965,49.243
1780038624.9810486,49.242
1780038624.987007,49.242
1780038624.9929247,49.242
1780038624.9989278,49.242
1780038625.0048366,49.242
1780038625.0110264,49.243
1780038625.016871,49.243
1780038625.0230052,49.242
1780038625.028862,49.242
1780038625.0349677,49.242
1780038625.041029,49.242
1780038625.046763,49.243
1780038625.0530336,49.243
1780038625.0589173,49.243
1780038625.0649316,49.242
1780038625.0709872,49.243
1780038625.0770264,49.243
1780038625.0828738,49.243
1780038625.0889118,49.242
1780038625.0947735,49.242
1780038625.1010444,49.242
1780038625.1070786,49.242
1780038625.11302,49.242
1780038625.118957,49.242
1780038625.1249566,49.242
1780038625.1309385,49.241
1780038625.1369884,49.241
1780038625.142866,49.241
1780038625.148986,49.241
1780038625.154809,49.241
1780038625.161019,49.241
1780038625.167117,49.241
1780038625.1728911,49.241
1780038625.1790113,49.241
1780038625.1849163,49.241
1780038625.1910274,49.241
1780038625.196813,49.242
1780038625.2028952,49.242
1780038625.2089088,49.242
1780038625.2148323,49.242
1780038625.2209299,49.241
1780038625.2270637,49.243
1780038625.2329829,49.243
1780038625.2389808,49.243
1780038625.244917,49.242
1780038625.2510107,49.242
1780038625.2568443,49.243
1780038625.2629135,49.243
1780038625.2687306,49.243
1780038625.2750175,49.243
1780038625.2808099,49.241
1780038625.2866306,50.002
1780038625.2918518,50.005
1780038625.2974474,50.008
1780038625.3026757,50.014
1780038625.3082163,50.018
1780038625.3134525,50.024
1780038625.3190107,50.026
1780038625.3242376,50.032
1780038625.3298097,50.036
1780038625.3350382,50.041
1780038625.3406606,50.044
1780038625.3459077,50.051
1780038625.3514144,50.052
1780038625.3566413,50.058
1780038625.3622143,50.062
1780038625.3674443,50.066
1780038625.3730626,50.07
1780038625.3783126,50.077
1780038625.383856,50.078
1780038625.3890843,50.084
1780038625.3946586,50.088
1780038625.3998888,50.092
1780038625.4055464,50.096
1780038625.4109437,50.103
1780038625.4162216,50.104
1780038625.4214375,50.109
1780038625.4270284,50.113
1780038625.4322553,50.116
1780038625.4378707,50.121
1780038625.4431016,50.128
1780038625.4486246,50.129
1780038625.4538536,50.133
1780038625.4594367,50.137
1780038625.4646602,50.14
1780038625.4702783,50.145
1780038625.4755044,50.151
1780038625.4810681,50.154
1780038625.4862962,50.156
1780038625.4918427,50.161
1780038625.497077,50.165
1780038625.5026126,50.168
1780038625.5078423,50.173
1780038625.5134673,50.177
1780038625.5187054,50.18
1780038625.524241,50.183
1780038625.529471,50.188
1780038625.5350528,50.191
1780038625.5402915,50.194
1780038625.5458515,50.2
1780038625.551087,50.202
1780038625.5566032,50.206
1780038625.5618396,50.21
1780038625.5674508,50.213
1780038625.572683,50.216
1780038625.5782623,50.222
1780038625.5834875,50.224
1780038625.5890155,50.227
1780038625.5942557,50.232
1780038625.5998125,50.235
1780038625.605045,50.238
1780038625.610619,50.244
1780038625.6158626,50.245
1780038625.6214619,50.249
1780038625.626687,50.253
1780038625.632216,51.0
1780038625.6374426,51.004
1780038625.6430233,51.008
1780038625.648278,51.011
1780038625.6538737,51.013
1780038625.659103,51.017
1780038625.664657,51.02
1780038625.6698883,51.024
1780038625.6754656,51.027
1780038625.6807048,51.032
1780038625.686263,51.033
1780038625.6914825,51.037
1780038625.6970317,51.04
1780038625.7022593,51.044
1780038625.7078798,51.046
1780038625.71331,51.051
1780038625.7186606,51.052
1780038625.723881,51.057
1780038625.729432,51.059
1780038625.7346559,51.063
1780038625.740224,51.065
1780038625.7454665,51.071
1780038625.7510192,51.071
1780038625.7562387,51.076
1780038625.7618244,51.078
1780038625.767046,51.082
1780038625.7726245,51.084
1780038625.7778795,51.09
1780038625.7834203,51.09
1780038625.7886412,51.094
1780038625.7942142,51.097
1780038625.7994428,51.1
1780038625.8050113,51.103
1780038625.8102493,51.108
1780038625.8158598,51.108
1780038625.8210971,51.112
1780038625.826653,51.115
1780038625.8318942,51.115
1780038625.8375936,51.12
1780038625.84295,51.126
1780038625.8482642,51.128
1780038625.8534887,51.129
1780038625.859139,51.132
1780038625.8645463,51.135
1780038625.8698468,51.138
1780038625.875079,51.142
1780038625.8806856,51.145
1780038625.8859177,51.145
1780038625.8914602,51.149
1780038625.896694,51.152
1780038625.9022245,51.155
1780038625.9074597,51.157
1780038625.913082,51.162
1780038625.918315,51.163
1780038625.923862,51.166
1780038625.929096,51.169
1780038625.9346712,51.171
1780038625.9399078,51.173
1780038625.9454727,51.177
1780038625.9506989,51.177
1780038625.9562788,51.182
1780038625.961505,51.185
1780038625.9670131,51.186
1780038625.972242,51.189
1780038625.9778757,51.194
1780038625.983121,51.194
1780038625.9886696,51.197
1780038625.9938967,51.2
1780038625.9994273,51.202
1780038626.0046558,51.205
1780038626.0102234,51.209
1780038626.0154634,51.21
1780038626.0210724,51.212
1780038626.026503,51.215
1780038626.0318131,51.217
1780038626.0370395,51.22
1780038626.0426702,51.223
1780038626.047907,51.226
1780038626.0534225,51.226
1780038626.058868,51.22
1780038626.0649939,51.215
1780038626.0710914,51.212
1780038626.0768683,51.212
1780038626.0828376,51.211
1780038626.0885794,51.21
1780038626.0945606,51.209
1780038626.100524,51.207
1780038626.1065388,51.205
1780038626.1126227,51.202
1780038626.1184886,51.2
1780038626.1245859,51.198
1780038626.1306272,51.194
1780038626.1364994,51.192
1780038626.142595,51.19
1780038626.1485236,51.188
1780038626.1545565,51.184
1780038626.1605358,51.182
1780038626.1664386,51.179
1780038626.1725824,51.177
1780038626.1785104,51.175
1780038626.1845617,51.173
1780038626.1905873,51.17
1780038626.1964777,51.168
1780038626.2026386,51.166
1780038626.2085419,51.164
1780038626.2145786,51.161
1780038626.220485,51.159
1780038626.2264817,51.156
1780038626.2326446,51.155
1780038626.2385187,51.153
1780038626.2445745,51.151
1780038626.250631,51.148
1780038626.256347,51.146
1780038626.2626,51.144
1780038626.268571,51.142
1780038626.2745774,51.14
1780038626.2806005,51.137
1780038626.286491,51.135
1780038626.2925735,51.133
1780038626.298507,51.132
1780038626.304623,51.13
1780038626.3107233,51.127
1780038626.3164163,51.125
1780038626.3225267,51.123
1780038626.3285227,51.121
1780038626.334604,51.119
1780038626.340437,51.118
1780038626.3465006,51.115
1780038626.3524976,51.113
1780038626.3585625,51.111
1780038626.3646326,51.109
1780038626.3707008,51.107
1780038626.376446,51.105
1780038626.3825438,51.103
1780038626.3885875,51.101
1780038626.3946066,51.099
1780038626.4004703,51.097
1780038626.4065156,51.096
1780038626.4125192,51.094
1780038626.4185429,51.091
1780038626.424611,51.09
1780038626.4306972,51.088
1780038626.436487,51.086
1780038626.4425964,51.084
1780038626.4486036,51.082
1780038626.4546082,51.08
1780038626.4605193,51.078
1780038626.46653,51.077
1780038626.4725144,51.075
1780038626.4785569,51.073
1780038626.4846013,51.071
1780038626.4906733,51.069
1780038626.4965396,51.068
1780038626.5026286,51.067
1780038626.5083275,51.065
1780038626.5146258,51.064
1780038626.520578,51.062
1780038626.5265656,51.061
1780038626.5324383,51.059
1780038626.5384488,51.058
1780038626.5446076,51.056
1780038626.5507112,51.055
1780038626.5565581,51.053
1780038626.5625775,51.051
1780038626.5685863,51.049
1780038626.5745766,51.047
1780038626.5805268,51.046
1780038626.5865517,51.045
1780038626.5924134,51.043
1780038626.598467,51.041
1780038626.6046126,51.039
1780038626.6107037,51.037
1780038626.6166115,51.037
1780038626.6225948,51.035
1780038626.6284182,51.033
1780038626.6345248,51.032
1780038626.640598,51.03
1780038626.6465838,51.029
1780038626.6524415,51.027
1780038626.6585314,51.026
1780038626.6645565,51.024
1780038626.6706624,51.022
1780038626.6765625,51.021
1780038626.682613,51.019
1780038626.6884742,51.017
1780038626.6945617,51.015
1780038626.7006006,51.014
1780038626.7066092,51.013
1780038626.7125146,51.011
1780038626.7185714,51.009
1780038626.7246213,51.007
1780038626.7307072,51.006
1780038626.7366388,51.004
1780038626.742618,51.003
1780038626.7484806,51.001
1780038626.754545,50.255
1780038626.7605255,50.254
1780038626.7665534,50.252
1780038626.7725482,50.251
1780038626.7785492,50.25
1780038626.784531,50.248
1780038626.7906592,50.246
1780038626.79661,50.244
1780038626.8025882,50.243
1780038626.808547,50.242
1780038626.814576,50.241
1780038626.8204618,50.24
1780038626.826549,50.238
1780038626.832562,50.237
1780038626.8385901,50.236
1780038626.8443854,50.235
1780038626.8506713,50.234
1780038626.8566484,50.233
1780038626.8626492,50.232
1780038626.8685477,50.231
1780038626.8746254,50.229
1780038626.8804536,50.228
1780038626.8865702,50.227
1780038626.8925657,50.226
1780038626.8986125,50.225
1780038626.904508,50.224
1780038626.910631,50.222
1780038626.9165993,50.222
1780038626.9225323,50.22
1780038626.928547,50.22
1780038626.9346654,50.218
1780038626.9405046,50.217
1780038626.9465942,50.216
1780038626.952494,50.215
1780038626.9586048,50.213
1780038626.9645684,50.212
1780038626.9706764,50.211
1780038626.9766564,50.21
1780038626.982574,50.209
1780038626.988467,50.207
1780038626.9946158,50.206
1780038627.0005548,50.205
1780038627.006602,50.203
1780038627.012425,50.202
1780038627.0186396,50.201
1780038627.0245566,50.2
1780038627.030688,50.199
1780038627.0366862,50.198
1780038627.042489,50.197
1780038627.0485337,50.195
1780038627.0545993,50.194
1780038627.0605595,50.193
1780038627.0666604,50.192
1780038627.0725498,50.19
1780038627.07858,50.189
1780038627.0843973,50.188
1780038627.090589,50.187
1780038627.0966873,50.186
1780038627.1025822,50.185
1780038627.1085668,50.185
1780038627.114378,50.184
1780038627.120512,50.183
1780038627.1266751,50.182
1780038627.132533,50.18
1780038627.1386313,50.18
1780038627.1444688,50.179
1780038627.150665,50.178
1780038627.1567526,50.177
1780038627.1626282,50.177
1780038627.1686447,50.176
1780038627.17446,50.175
1780038627.1804755,50.174
1780038627.1865337,50.174
1780038627.192529,50.173
1780038627.198641,50.171
1780038627.2045658,50.17
1780038627.2105198,50.169
1780038627.2166092,50.168
1780038627.2226238,50.167
1780038627.2286584,50.166
1780038627.2345293,50.165
1780038627.240525,50.165
1780038627.2465737,50.163
1780038627.2524252,50.162
1780038627.2586994,50.161
1780038627.2645924,50.161
1780038627.2706294,50.159
1780038627.2766054,50.158
1780038627.2824028,50.157
1780038627.288621,50.155
1780038627.2946434,50.155
1780038627.300636,50.154
1780038627.3065078,50.153
1780038627.3124866,50.153
1780038627.3185563,50.152
1780038627.3245606,50.15
1780038627.3306303,50.149
1780038627.3366156,50.148
1780038627.3425019,50.147
1780038627.348555,50.146
1780038627.3546307,50.145
1780038627.360651,50.144
1780038627.3665643,50.144
1780038627.3725781,50.143
1780038627.3784883,50.142
1780038627.384415,50.142
1780038627.3906188,50.141
1780038627.3966987,50.14
1780038627.40257,50.139
1780038627.408587,50.138
1780038627.4143803,50.136
1780038627.4205942,50.136
1780038627.4265754,50.135
1780038627.4326265,50.134
1780038627.4385037,50.134
1780038627.4444962,50.133
1780038627.45058,50.132
1780038627.4565642,50.13
1780038627.462524,50.13
1780038627.4686255,50.129
1780038627.4745395,50.128
1780038627.4805984,50.128
1780038627.4863625,50.127
1780038627.4926424,50.126
1780038627.498654,50.125
1780038627.504652,50.124
1780038627.510664,50.124
1780038627.516465,50.123
1780038627.5225308,50.123
1780038627.5286434,50.122
1780038627.5345914,50.121
1780038627.5406623,50.121
1780038627.5465662,50.12
1780038627.5526104,50.119
1780038627.5583823,50.119
1780038627.5646443,50.118
1780038627.5705862,50.117
1780038627.5766408,50.117
1780038627.5826364,50.116
1780038627.5884528,50.116
1780038627.594494,50.116
1780038627.6006718,50.114
1780038627.6065555,50.114
1780038627.6126547,50.113
1780038627.618527,50.113
1780038627.6245773,50.112
1780038627.6306124,50.111
1780038627.6365843,50.112
1780038627.642631,50.111
1780038627.6485868,50.11
1780038627.6545906,50.109
1780038627.6604242,50.108
1780038627.666547,50.107
1780038627.6725984,50.106
1780038627.6785672,50.107
1780038627.6846404,50.105
1780038627.6905706,50.104
1780038627.69647,50.104
1780038627.702572,50.104
1780038627.708576,50.103
1780038627.7146122,50.104
1780038627.7205336,50.103
1780038627.7265873,50.103
1780038627.7325664,50.102
1780038627.738588,50.101
1780038627.7446213,50.1
1780038627.750565,50.099
1780038627.7565262,50.099
1780038627.7626767,50.099
1780038627.7684407,50.098
1780038627.7745492,50.097
1780038627.7806532,50.096
1780038627.7866225,50.096
1780038627.7925243,50.095
1780038627.7985606,50.094
1780038627.8045468,50.093
1780038627.810567,50.093
1780038627.8165808,50.092
1780038627.8227851,50.091
1780038627.8286715,50.091
1780038627.8346205,50.09
1780038627.840453,50.09
1780038627.846641,50.09
1780038627.852561,50.089
1780038627.8585122,50.089
1780038627.8645182,50.088
1780038627.870587,50.087
1780038627.8765347,50.087
1780038627.8825748,50.086
1780038627.8884819,50.085
1780038627.8946016,50.084
1780038627.9005375,50.083
1780038627.9066205,50.083
1780038627.9124177,50.083
1780038627.9185162,50.083
1780038627.9245858,50.082
1780038627.930667,50.082
1780038627.936609,50.082
1780038627.9424863,50.08
1780038627.9485135,50.08
1780038627.954648,50.079
1780038627.9605098,50.078
1780038627.9666853,50.079
1780038627.9725084,50.079
1780038627.9785879,50.078
1780038627.9846475,50.078
1780038627.9906616,50.077
1780038627.9972634,50.077
1780038628.0029814,50.076
1780038628.00886,50.076
1780038628.0145874,50.075
1780038628.0205264,50.075
1780038628.0266275,50.074
1780038628.0325124,50.073
1780038628.0386496,50.072
1780038628.0444565,50.072
1780038628.050644,50.071
1780038628.0565991,50.071
1780038628.0625868,50.071
1780038628.0685866,50.071
1780038628.074499,50.07
1780038628.080487,50.07
1780038628.0865707,50.069
1780038628.0924366,50.069
1780038628.0986278,50.068
1780038628.1045403,50.068
1780038628.1105607,50.067
1780038628.1165757,50.067
1780038628.1223345,50.067
1780038628.1285865,50.067
1780038628.1345828,50.066
1780038628.1406162,50.066
1780038628.1465409,50.065
1780038628.1524622,50.064
1780038628.158623,50.063
1780038628.164551,50.063
1780038628.1706467,50.062
1780038628.1766045,50.063
1780038628.1824284,50.063
1780038628.1886303,50.062
1780038628.1945274,50.061
1780038628.2008169,50.061
1780038628.2065454,50.061
1780038628.2125523,50.06
1780038628.2185977,50.06
1780038628.2244754,50.059
1780038628.230617,50.058
1780038628.236608,50.058
1780038628.242562,50.058
1780038628.2485988,50.058
1780038628.2545319,50.057
1780038628.2605531,50.057
1780038628.266646,50.057
1780038628.2725768,50.056
1780038628.2784693,50.056
1780038628.2844849,50.056
1780038628.290477,50.055
1780038628.2966108,50.055
1780038628.3025234,50.055
1780038628.308606,50.055
1780038628.3144991,50.054
1780038628.3205855,50.054
1780038628.326522,50.053
1780038628.3325975,50.053
1780038628.338587,50.052
1780038628.344538,50.052
1780038628.350455,50.052
1780038628.3560376,50.051
1780038628.3621101,50.051
1780038628.36813,50.05
1780038628.3740895,50.05
1780038628.3799124,50.049
1780038628.3859756,50.049
1780038628.391683,50.049
1780038628.397614,50.049
1780038628.4033904,50.049
1780038628.409453,50.049
1780038628.4154472,50.048
1780038628.421217,50.048
1780038628.4272804,50.047
1780038628.433488,50.047
1780038628.4392903,50.047
1780038628.445445,50.046
1780038628.4512875,50.046
1780038628.4573526,50.046
1780038628.463441,50.045
1780038628.4694755,50.046
1780038628.4754665,50.045
1780038628.4812887,50.045
1780038628.487356,50.044
1780038628.4933965,50.043
1780038628.4992583,50.043
1780038628.505427,50.043
1780038628.511307,50.043
1780038628.517438,50.043
1780038628.5232449,50.042
1780038628.5293992,50.042
1780038628.5354357,50.041
1780038628.541427,50.041
1780038628.5473933,50.041
1780038628.5532918,50.04
1780038628.559394,50.039
1780038628.5653718,50.039
1780038628.5713284,50.039
1780038628.5773916,50.039
1780038628.583381,50.038
1780038628.589396,50.038
1780038628.59545,50.037
1780038628.601152,50.037
1780038628.6074505,50.038
1780038628.6134417,50.037
1780038628.6194036,50.037
1780038628.6252759,50.037
1780038628.6312814,50.036
1780038628.6374304,50.036
1780038628.6432786,50.035
1780038628.649443,50.035
1780038628.6555333,50.035
1780038628.6613226,50.035
1780038628.6673763,50.035
1780038628.6733687,50.034
1780038628.6793356,50.034
1780038628.6853244,50.034
1780038628.6914177,50.034
1780038628.6972692,50.033
1780038628.7032807,50.033
1780038628.7093875,50.033
1780038628.7154415,50.033
1780038628.7213094,50.033
1780038628.7274058,50.032
1780038628.7333395,50.031
1780038628.7393777,50.031
1780038628.7454183,50.031
1780038628.7513337,50.031
1780038628.757306,50.032
1780038628.7633598,50.031
1780038628.7692866,50.031
1780038628.775407,50.03
1780038628.7812676,50.03
1780038628.787398,50.029
1780038628.7932885,50.029
1780038628.7994478,50.029
1780038628.805311,50.028
1780038628.811384,50.028
1780038628.8173132,50.028
1780038628.823356,50.029
1780038628.8294187,50.028
1780038628.83549,50.028
1780038628.841409,50.028
1780038628.8474302,50.028
1780038628.853312,50.028
1780038628.859489,50.027
1780038628.8652928,50.027
1780038628.8714414,50.027
1780038628.877309,50.027
1780038628.8833854,50.027
1780038628.8893044,50.027
1780038628.8954551,50.026
1780038628.9014168,50.026
1780038628.9073756,50.026
1780038628.913407,50.026
1780038628.9192665,50.025
1780038628.925274,50.025
1780038628.9314666,50.025
1780038628.9373012,50.025
1780038628.9434752,50.025
1780038628.9493177,50.025
1780038628.9553032,50.024
1780038628.961356,50.024
1780038628.9673936,50.024
1780038628.973376,50.023
1780038628.9793532,50.024
1780038628.9853857,50.024
1780038628.9914446,50.023
1780038628.997308,50.023
1780038629.003413,50.023
1780038629.0093539,50.023
1780038629.015418,50.023
1780038629.0214167,50.023
1780038629.0272517,50.023
1780038629.033394,50.022
1780038629.0394895,50.023
1780038629.04554,50.022
1780038629.0513206,50.022
1780038629.0574307,50.023
1780038629.063451,50.022
1780038629.0694587,50.022
1780038629.0755148,50.022
1780038629.081455,50.021
1780038629.0873842,50.021
1780038629.0934794,50.021
1780038629.0992348,50.021
1780038629.1055295,50.02
1780038629.1113884,50.02
1780038629.1173947,50.021
1780038629.1233053,50.021
1780038629.1293592,50.022
1780038629.1354291,50.021
1780038629.1413682,50.021
1780038629.147375,50.02
1780038629.153522,50.02
1780038629.159421,50.02
1780038629.1654072,50.019
1780038629.171238,50.019
1780038629.1773517,50.019
1780038629.1834676,50.019
1780038629.1894834,50.018
1780038629.1953642,50.018
1780038629.2012901,50.018
1780038629.2073452,50.019
1780038629.2135015,50.019
1780038629.2193587,50.018
1780038629.2254388,50.019
1780038629.2312782,50.019
1780038629.23746,50.018
1780038629.2432163,50.018
1780038629.2494912,50.018
1780038629.2554722,50.018
1780038629.2614167,50.018
1780038629.2674277,50.018
1780038629.2732704,50.018
1780038629.2793295,50.018
1780038629.285384,50.017
1780038629.2913055,50.017
1780038629.297442,50.017
1780038629.303406,50.017
1780038629.3093998,50.016
1780038629.3152761,50.016
1780038629.3211787,50.016
1780038629.3274753,50.015
1780038629.33349,50.016
1780038629.3394706,50.016
1780038629.3452778,50.015
1780038629.3513043,50.016
1780038629.357502,50.016
1780038629.363376,50.015
1780038629.3695097,50.016
1780038629.3753102,50.016
1780038629.3813114,50.016
1780038629.3873992,50.015
1780038629.3934782,50.015
1780038629.3994656,50.015
1780038629.4054537,50.015
1780038629.4114325,50.015
1780038629.417309,50.014
1780038629.423277,50.015
1780038629.4294765,50.014
1780038629.435369,50.013
1780038629.4413872,50.013
1780038629.44745,50.012
1780038629.453295,50.012
1780038629.459429,50.012
1780038629.4654157,50.012
1780038629.4713938,50.012
1780038629.4773936,50.012
1780038629.4834306,50.012
1780038629.489279,50.013
1780038629.4953842,50.013
1780038629.5013585,50.012
1780038629.5074558,50.012
1780038629.5134068,50.012
1780038629.5195017,50.012
1780038629.52531,50.012
1780038629.531406,50.012
1780038629.5373664,50.012
1780038629.5434263,50.012
1780038629.5494256,50.011
1780038629.5554647,50.012
1780038629.5614293,50.012
1780038629.5673976,50.012
1780038629.5733695,50.012
1780038629.5794609,50.011
1780038629.5854256,50.011
1780038629.5914826,50.01
1780038629.5973184,50.011
1780038629.603376,50.011
1780038629.6095037,50.011
1780038629.6155372,50.011
1780038629.621518,50.01
1780038629.627311,50.01
1780038629.6333742,50.01
1780038629.6393733,50.009
1780038629.6452968,50.009
1780038629.6514642,50.009
1780038629.6572783,50.009
1780038629.6634786,50.009
1780038629.6693144,50.008
1780038629.6754491,50.008
1780038629.68146,50.008
1780038629.687387,50.009
1780038629.6934328,50.008
1780038629.6993098,50.008
1780038629.7054183,50.008
1780038629.7114253,50.008
1780038629.7173488,50.008
1780038629.723433,50.008
1780038629.7293115,50.007
1780038629.7354014,50.007
1780038629.7414258,50.007
1780038629.7473748,50.008
1780038629.7534251,50.007
1780038629.7594907,50.007
1780038629.7655418,50.007
1780038629.7712986,50.007
1780038629.7774312,50.007
1780038629.7834363,50.007
1780038629.7893693,50.006
1780038629.7954066,50.006
1780038629.8014574,50.006
1780038629.807409,50.006
1780038629.8134289,50.006
1780038629.8192563,50.005
1780038629.825402,50.005
1780038629.8313863,50.005
1780038629.8374486,50.005
1780038629.8433943,50.006
1780038629.8494184,50.006
1780038629.8553426,50.006
1780038629.8608844,50.005
1780038629.8669438,50.006
1780038629.8729756,50.006
1780038629.879485,50.005
1780038629.8855157,50.005
1780038629.8913748,50.005
1780038629.8973951,50.005
1780038629.9032223,50.005
1780038629.9094238,50.005
1780038629.9154868,50.005
1780038629.9214003,50.005
1780038629.9274373,50.005
1780038629.9333022,50.005
1780038629.9393678,50.004
1780038629.9454958,50.004
1780038629.9513752,50.003
1780038629.9574459,50.003
1780038629.9633918,50.003
1780038629.9694939,50.002
1780038629.9753046,50.003
1780038629.9812295,50.003
1780038629.987349,50.003
1780038629.99341,50.003
1780038629.9993992,50.003
1780038630.0053144,50.003
1780038630.011398,50.003
1780038630.0172966,50.004
1780038630.0232859,50.004
1780038630.0294495,50.004
1780038630.035442,50.004
1780038630.041411,50.004
1780038630.0475059,50.003
1780038630.053336,50.003
1780038630.0594616,50.003
1780038630.0653577,50.003
1780038630.0714314,50.003
1780038630.0774384,50.003
1780038630.0834625,50.004
1780038630.089301,50.004
1780038630.0954583,50.004
1780038630.1014476,50.003
1780038630.1074388,50.003
1780038630.113377,50.003
1780038630.1197872,50.002
1780038630.1254907,50.003
1780038630.1314552,50.003
1780038630.1372995,50.003
1780038630.1434405,50.003
1780038630.1493948,50.003
1780038630.1555214,50.003
1780038630.161523,50.003
1780038630.1673703,50.004
1780038630.1734297,50.004
1780038630.1792626,50.004
1780038630.185406,50.004
1780038630.1913588,50.004
1780038630.1973093,50.004
1780038630.2034442,50.004
1780038630.209319,50.004
1780038630.2154632,50.004
1780038630.221486,50.003
1780038630.227254,50.004
1780038630.2335885,50.004
1780038630.23935,50.003
1780038630.2454388,50.004
1780038630.2513108,50.004
1780038630.2573826,50.004
1780038630.2634478,50.003
1780038630.269291,50.004
1780038630.2754922,50.004
1780038630.2815595,50.003
1780038630.2874117,50.004
1780038630.2934496,50.004
1780038630.2993348,50.003
1780038630.3054266,50.003
1780038630.3113585,50.003
1780038630.3173926,50.003
1780038630.3234181,50.003
1780038630.3294482,50.003
1780038630.33531,50.003
1780038630.3415034,50.003
1780038630.3473866,50.003
1780038630.353374,50.003
1780038630.3594444,50.002
1780038630.365462,50.002
1780038630.3713136,50.002
1780038630.377495,50.002
1780038630.3832576,50.002
1780038630.389489,50.002
1780038630.3953907,50.002
1780038630.40145,50.002
1780038630.407425,50.002
1780038630.4133008,50.002
1780038630.419342,50.002
1780038630.4254718,50.002
1780038630.4313571,50.002
1780038630.4375107,50.002
1780038630.443391,50.002
1780038630.4494605,50.001
1780038630.4554102,50.002
1780038630.4613588,50.001
1780038630.4673963,50.001
1780038630.4733639,50.002
1780038630.4794354,50.001
1780038630.4855995,50.001
1780038630.4914896,50.002
1780038630.4972754,50.001
1780038630.5032809,50.001
1780038630.509462,50.001
1780038630.5154068,50.0
1780038630.5214243,50.0
1780038630.5274587,50.001
1780038630.5333061,50.001
1780038630.539416,50.0
1780038630.5454752,50.0
1780038630.5514796,50.001
1780038630.557423,50.001
1780038630.5634055,50.001
1780038630.5692577,50.002
1780038630.5753605,50.002
1780038630.5814917,50.002
1780038630.5874953,50.002
1780038630.5933712,50.002
1780038630.5994725,50.001
1780038630.6053572,50.001
1780038630.611452,50.0
1780038630.6172245,50.0
1780038630.623358,50.001
1780038630.6294856,50.0
1780038630.635473,50.001
1780038630.641419,50.001
1780038630.6473002,50.002
1780038630.6533756,50.001
1780038630.6594799,50.0
1780038630.6654227,50.0
1780038630.6714528,50.0
1780038630.6774197,50.0
1780038630.6834874,50.0
1780038630.6893175,49.255
1780038630.6954427,49.255
1780038630.7014296,49.255
1780038630.7074862,49.255
1780038630.713474,49.255
1780038630.719425,49.255
1780038630.7254453,50.0
1780038630.7313938,50.0
1780038630.737358,50.0
1780038630.743376,49.255
1780038630.7493267,49.254
1780038630.7555294,49.254
1780038630.761331,49.255
1780038630.7674017,49.254
1780038630.7734406,49.254
1780038630.7792292,49.254
1780038630.7854488,49.254
1780038630.7914038,49.254
1780038630.7974048,49.254
1780038630.803386,49.255
1780038630.8094044,49.255
1780038630.8153758,49.255
1780038630.821324,49.255
1780038630.8273435,49.255
1780038630.8334873,49.255
1780038630.839403,49.255
1780038630.8454642,49.255
1780038630.851381,49.254
1780038630.8574395,49.254
1780038630.8632214,49.255
1780038630.8694935,49.254
1780038630.8754888,49.254
1780038630.8815093,49.254
1780038630.8874724,49.254
1780038630.893312,49.254
1780038630.8993943,49.254
1780038630.9054265,49.253
1780038630.9113395,49.253
1780038630.9174619,49.253
1780038630.9233696,49.253
1780038630.9295366,49.253
1780038630.9354095,49.253
1780038630.9414022,49.252
1780038630.9474325,49.253
1780038630.9534938,49.253
1780038630.95949,49.253
1780038630.9654295,49.253
1780038630.971484,49.253
1780038630.9773126,49.252
1780038630.9834273,49.253
1780038630.9894733,49.252
1780038630.9953647,49.252
1780038631.0014403,49.252
1780038631.0074475,49.252
1780038631.013422,49.252
1780038631.019463,49.253
1780038631.025349,49.252
1780038631.031403,49.252
1780038631.0374677,49.253
1780038631.0434387,49.253
1780038631.0494838,49.252
1780038631.0554564,49.252
1780038631.061287,49.253
1780038631.0672789,49.252
1780038631.0733454,49.252
1780038631.0794966,49.252
1780038631.085433,49.251
1780038631.0915341,49.251
1780038631.0973673,49.251
1780038631.103503,49.252
1780038631.1092985,49.251
1780038631.1154196,49.251
1780038631.1214607,49.251
1780038631.1273556,49.252
1780038631.1334674,49.251
1780038631.139338,49.251
1780038631.1454058,49.251
1780038631.1514556,49.25
1780038631.1573308,49.251
1780038631.1634703,49.25
1780038631.1694326,49.25
1780038631.175483,49.25
1780038631.1813915,49.251
1780038631.1872668,49.251
1780038631.1935322,49.251
1780038631.1993902,49.251
1780038631.20539,49.251
1780038631.2114022,49.252
1780038631.2174182,49.251
1780038631.2234566,49.252
1780038631.229288,49.251
1780038631.235481,49.251
1780038631.2414567,49.252
1780038631.2473917,49.252
1780038631.2535338,49.252
1780038631.2593477,49.251
1780038631.2654247,49.251
1780038631.2714152,49.251
1780038631.2773993,49.252
1780038631.2834275,49.252
1780038631.2894065,49.252
1780038631.2952912,49.252
1780038631.3015022,49.252
1780038631.3074408,49.252
1780038631.313446,49.252
1780038631.3194165,49.252
1780038631.3254902,49.251
1780038631.3313553,49.251
1780038631.3375123,49.252
1780038631.343324,49.252
1780038631.3494217,49.251
1780038631.3554256,49.251
1780038631.3614998,49.252
1780038631.3675237,49.251
1780038631.373441,49.25
1780038631.379421,49.251
1780038631.385274,49.251
1780038631.3913543,49.251
1780038631.3974018,49.251
1780038631.4033842,49.251
1780038631.409466,49.251
1780038631.4153705,49.251
1780038631.421516,49.251
1780038631.4275572,49.251
1780038631.4333,49.25
1780038631.4394276,49.25
1780038631.445408,49.25
1780038631.4514718,49.251
1780038631.4574952,49.251
1780038631.4634438,49.251
1780038631.4693074,49.251
1780038631.4753845,49.251
1780038631.481427,49.25
1780038631.4874845,49.25
1780038631.4934103,49.25
1780038631.4995358,49.249
1780038631.505371,49.249
1780038631.5115037,49.249
1780038631.51736,49.249
1780038631.5234394,49.249
1780038631.5292294,49.249
1780038631.5354688,49.249
1780038631.5415041,49.25
1780038631.547556,49.25
1780038631.5534859,49.25
1780038631.5595372,49.251
1780038631.5654347,49.251
1780038631.5713897,49.251
1780038631.5774107,49.25
1780038631.583518,49.251
1780038631.5894275,49.251
1780038631.5954661,49.251
1780038631.6013858,49.25
1780038631.60736,49.25
1780038631.6134253,49.25
1780038631.6194153,49.25
1780038631.6254334,49.25
1780038631.63142,49.25
1780038631.6374567,49.251
1780038631.6432638,49.251
1780038631.6493456,49.251
1780038631.6554208,49.251
1780038631.6613185,49.251
1780038631.6674237,49.251
1780038631.6735303,49.251
1780038631.6793928,49.251
1780038631.6854734,49.251
1780038631.6912951,49.251
1780038631.6975322,49.251
1780038631.7034085,49.251
1780038631.7094326,49.251
1780038631.7154462,49.251
1780038631.7214615,49.251
1780038631.7274864,49.251
1780038631.733464,49.251
1780038631.7393618,49.25
1780038631.745544,49.25
1780038631.7514024,49.25
1780038631.7574697,49.25
1780038631.7633643,49.25
1780038631.7695098,49.251
1780038631.7753656,49.251
1780038631.7814782,49.25
1780038631.7872803,49.25
1780038631.7934892,49.251
1780038631.799476,49.25
1780038631.8054693,49.251
1780038631.8114333,49.251
1780038631.8173058,49.251
1780038631.823361,49.251
1780038631.8294668,49.251
1780038631.8353364,49.251
1780038631.8414853,49.251
1780038631.8474374,49.251
1780038631.853381,49.251
1780038631.8595734,49.251
1780038631.8653588,49.251
1780038631.8714268,49.251
1780038631.877458,49.251
1780038631.8834383,49.25
1780038631.889451,49.251
1780038631.8954163,49.251
1780038631.9013844,49.251
1780038631.9074657,49.251
1780038631.9134111,49.251
1780038631.9194825,49.251
1780038631.9253821,49.251
1780038631.9315205,49.251
1780038631.9374118,49.251
1780038631.9435577,49.251
1780038631.9493833,49.25
1780038631.9554617,49.251
1780038631.9612865,49.251
1780038631.967459,49.251
1780038631.97349,49.251
1780038631.9794207,49.251
1780038631.985498,49.251
1780038631.9913886,49.251
1780038631.997408,49.251
1780038632.0032904,49.252
1780038632.009397,49.251
1780038632.0154836,49.252
1780038632.0213683,49.252
1780038632.0274901,49.251
1780038632.0335422,49.251
1780038632.0393646,49.251
1780038632.0457184,49.251
1780038632.0515108,49.251
1780038632.0575192,49.251
1780038632.063438,49.252
1780038632.069427,49.251
1780038632.0754318,49.251
1780038632.0814388,49.251
1780038632.0873065,49.252
1780038632.0932846,49.251
1780038632.09935,49.251
1780038632.1054306,49.251
1780038632.1114483,49.251
1780038632.1174784,49.251
1780038632.123387,49.251
1780038632.129546,49.25
1780038632.1353776,49.25
1780038632.1414876,49.251
1780038632.1473186,49.251
1780038632.1534617,49.249
1780038632.1595595,49.25
1780038632.165445,49.25
1780038632.1726425,49.25
1780038632.178667,49.25
1780038632.1845033,49.251
1780038632.19061,49.25
1780038632.1966362,49.251
1780038632.2025259,49.25
1780038632.2087026,49.251
1780038632.2147121,49.25
1780038632.220643,49.251
1780038632.226698,49.251
1780038632.2325885,49.251
1780038632.2386649,49.25
1780038632.244485,49.251
1780038632.250728,49.251
1780038632.256695,49.25
1780038632.26266,49.251
1780038632.268683,49.251
1780038632.2746615,49.251
1780038632.28064,49.251
1780038632.2866027,49.251
1780038632.2925954,49.251
1780038632.2986999,49.251
1780038632.3046107,49.251
1780038632.3107224,49.251
1780038632.3165994,49.251
1780038632.3226638,49.251
1780038632.3286393,49.251
1780038632.3345518,49.251
1780038632.3406618,49.251
1780038632.346492,49.251
1780038632.3526103,49.251
1780038632.3586864,49.252
1780038632.3646472,49.251
1780038632.3706653,49.252
1780038632.376627,49.252
1780038632.382551,49.251
1780038632.3886855,49.251
1780038632.3946722,49.251
1780038632.4007099,49.251
1780038632.4066334,49.251
1780038632.412647,49.251
1780038632.4185836,49.251
1780038632.4246867,49.251
1780038632.4305537,49.251
1780038632.4366176,49.25
1780038632.4426255,49.251
1780038632.4486914,49.251
1780038632.4547386,49.251
1780038632.4606612,49.252
1780038632.466637,49.252
1780038632.4725049,49.252
1780038632.4785872,49.251
1780038632.4846303,49.251
1780038632.4905617,49.251
1780038632.496667,49.25
1780038632.502667,49.25
1780038632.5086854,49.251
1780038632.5147812,49.25
1780038632.5205584,49.25
1780038632.5267062,49.25
1780038632.5324204,49.251
1780038632.5386984,49.251
1780038632.5446293,49.251
1780038632.550651,49.252
1780038632.5565825,49.252
1780038632.5626237,49.251
1780038632.568694,49.251
1780038632.57474,49.251
1780038632.5806558,49.252
1780038632.5867505,49.252
1780038632.5926063,49.251
1780038632.59872,49.251
1780038632.604565,49.251
1780038632.6106775,49.251
1780038632.616485,49.251
1780038632.6226058,49.252
1780038632.62869,49.252
1780038632.6347964,49.251
1780038632.6407626,49.252
1780038632.646596,49.252
1780038632.6526525,49.253
1780038632.6586726,49.253
1780038632.6646776,49.252
1780038632.67068,49.252
1780038632.67661,49.253
1780038632.6826801,49.253
1780038632.6886623,49.253
1780038632.6946425,49.252
1780038632.7006674,49.252
1780038632.706455,49.252
1780038632.71262,49.252
1780038632.7186918,49.253
1780038632.7246475,49.252
1780038632.7306423,49.253
1780038632.7366571,49.253
1780038632.7424796,49.252
1780038632.748576,49.253
1780038632.7546992,49.253
1780038632.7606883,49.253
1780038632.7665973,49.253
1780038632.77269,49.253
1780038632.7786567,49.252
1780038632.7846699,49.252
1780038632.790516,49.252
1780038632.7966669,49.252
1780038632.8026412,49.253
1780038632.808626,49.253
1780038632.81471,49.254
1780038632.820661,49.254
1780038632.826686,49.254
1780038632.8325393,49.253
1780038632.8386264,49.254
1780038632.844641,49.253
1780038632.8506927,49.254
1780038632.856711,49.254
1780038632.862621,49.254
1780038632.868732,49.254
1780038632.8746533,49.254
1780038632.8806195,49.254
1780038632.886706,49.254
1780038632.8924851,49.253
1780038632.8986938,49.253
1780038632.9046183,49.254
1780038632.9106865,49.254
1780038632.9166574,49.254
1780038632.9226906,49.255
1780038632.9285688,49.255
1780038632.9346976,49.254
1780038632.940616,49.254
1780038632.9466338,49.254
1780038632.9525356,49.254
1780038632.9587324,49.255
1780038632.9646075,49.255
1780038632.970696,49.254
1780038632.976594,49.254
1780038632.9826992,49.254
1780038632.9884875,49.254
1780038632.994679,49.254
1780038633.000714,49.254
1780038633.0066211,49.254
1780038633.012644,50.0
1780038633.0186348,49.255
1780038633.0246615,50.0
1780038633.0305083,49.255
1780038633.0365736,49.255
1780038633.0426037,49.255
1780038633.0486424,49.255
1780038633.0546434,49.254
1780038633.0607674,49.254
1780038633.066673,49.255
1780038633.0727232,49.255
1780038633.0785556,50.0
1780038633.0846515,49.255
1780038633.0906286,50.0
1780038633.096622,50.0
1780038633.1026688,50.0
1780038633.108645,50.0
1780038633.114573,50.0
1780038633.1205301,50.0
1780038633.126597,50.0
1780038633.1326494,50.0
1780038633.138527,50.0
1780038633.1446838,49.255
1780038633.1505764,50.0
1780038633.1566887,50.0
1780038633.162618,50.0
1780038633.1686714,50.0
1780038633.1745718,50.0
1780038633.1804729,50.0
1780038633.1862261,50.0
1780038633.192146,50.0
1780038633.1979585,50.0
1780038633.2038963,50.0
1780038633.209656,50.0
1780038633.215578,50.0
1780038633.2214804,50.0
1780038633.2273946,50.0
1780038633.2335944,50.0
1780038633.2396576,50.0
1780038633.2455122,50.0
1780038633.2515492,50.0
1780038633.2574,50.0
1780038633.263532,50.0
1780038633.2693515,50.001
1780038633.2754655,50.0
1780038633.281479,50.0
1780038633.28749,50.0
1780038633.2934978,50.001
1780038633.2995722,50.0
1780038633.3055272,50.001
1780038633.311332,50.001
1780038633.3174517,50.001
1780038633.3235042,50.001
1780038633.329431,50.001
1780038633.3355482,50.001
1780038633.3414428,50.001
1780038633.347543,50.001
1780038633.3534713,50.001
1780038633.3595138,50.001
1780038633.3655577,50.001
1780038633.3713362,50.001
1780038633.3774679,50.001
1780038633.3834395,50.001
1780038633.389514,50.002
1780038633.3955226,50.002
1780038633.4014916,50.002
1780038633.4074259,50.001
1780038633.4134698,50.001
1780038633.4195013,50.001
1780038633.4254625,50.001
1780038633.4313643,50.001
1780038633.4375217,50.001
1780038633.4434028,50.001
1780038633.449565,50.001
1780038633.4554613,50.001
1780038633.4615126,50.001
1780038633.467371,50.001
1780038633.473516,50.001
1780038633.4793787,50.002
1780038633.4854872,50.002
1780038633.4917505,50.001
1780038633.4975636,50.001
1780038633.5035577,50.001
1780038633.5093443,50.002
1780038633.5154266,50.001
1780038633.5214162,50.002
1780038633.5273905,50.001
1780038633.5335255,50.001
1780038633.539399,50.001
1780038633.5454874,50.002
1780038633.5515165,50.001
1780038633.5574503,50.002
1780038633.5635161,50.001
1780038633.569283,50.001
1780038633.5755405,50.001
1780038633.5814538,50.002
1780038633.5874949,50.002
1780038633.5934367,50.003
1780038633.5995045,50.002
1780038633.605455,50.002
1780038633.6114857,50.002
1780038633.61747,50.001
1780038633.6235206,50.001
1780038633.6294227,50.001
1780038633.6355686,50.002
1780038633.6414566,50.001
1780038633.6475303,50.002
1780038633.6534107,50.001
1780038633.6594138,50.001
1780038633.665496,50.001
1780038633.6714265,50.002
1780038633.6774752,50.002
1780038633.683525,50.002
1780038633.6895123,50.002
1780038633.6953728,50.002
1780038633.7014556,50.002
1780038633.7075024,50.002
1780038633.7133865,50.002
1780038633.7193608,50.002
1780038633.7251108,50.015
1780038633.730311,50.016
1780038633.736139,50.02
1780038633.741473,50.026
1780038633.7467773,50.028
1780038633.75202,50.036
1780038633.7575386,50.038
1780038633.7627656,50.043
1780038633.7683861,50.047
1780038633.7736096,50.052
1780038633.7791548,50.056
1780038633.7843947,50.062
1780038633.7899501,50.064
1780038633.795182,50.07
1780038633.8007936,50.073
1780038633.8060255,50.078
1780038633.8115463,50.082
1780038633.8167832,50.089
1780038633.8223674,50.09
1780038633.8276005,50.094
1780038633.8331554,50.099
1780038633.8384087,50.103
1780038633.8439584,50.107
1780038633.8491857,50.114
1780038633.8548648,50.115
1780038633.8602612,50.12
1780038633.8655388,50.123
1780038633.8707755,50.128
1780038633.8763342,50.131
1780038633.881568,50.138
1780038633.8871982,50.141
1780038633.8924305,50.143
1780038633.8979368,50.147
1780038633.9031677,50.152
1780038633.908793,50.155
1780038633.9140215,50.16
1780038633.9195778,50.164
1780038633.9248133,50.167
1780038633.9303753,50.17
1780038633.9356017,50.175
1780038633.941182,50.178
1780038633.9464192,50.183
1780038633.9519846,50.187
1780038633.9572656,50.19
1780038633.962779,50.193
1780038633.9680092,50.197
1780038633.973545,50.2
1780038633.9787748,50.204
1780038633.984396,50.21
1780038633.989634,50.211
1780038633.995174,50.215
1780038634.0004005,50.219
1780038634.0059917,50.222
1780038634.0112174,50.227
1780038634.0167665,50.232
1780038634.0219986,50.233
1780038634.027592,50.237
1780038634.0328233,50.241
1780038634.038383,50.243
1780038634.0436127,50.248
1780038634.049194,50.253
1780038634.0544407,50.255
1780038634.0600002,51.002
1780038634.0652258,51.006
1780038634.0707536,51.008
1780038634.0759869,51.013
1780038634.081606,51.017
1780038634.0870416,51.019
1780038634.0924196,51.022
1780038634.0978408,51.026
1780038634.1031933,51.029
1780038634.1084206,51.033
1780038634.1140065,51.036
1780038634.1192486,51.041
1780038634.1247487,51.041
1780038634.1299663,51.046
1780038634.135601,51.049
1780038634.1408277,51.052
1780038634.1463394,51.055
1780038634.1515899,51.06
1780038634.1572022,51.061
1780038634.1624348,51.065
1780038634.1679897,51.068
1780038634.1732156,51.071
1780038634.1787474,51.073
1780038634.183994,51.079
1780038634.1895974,51.08
1780038634.1948276,51.084
1780038634.2003806,51.087
1780038634.2056038,51.09
1780038634.211154,51.093
1780038634.2163963,51.098
1780038634.221991,51.098
1780038634.227218,51.102
1780038634.2327573,51.105
1780038634.2379858,51.108
1780038634.24355,51.11
1780038634.2487874,51.116
1780038634.254361,51.116
1780038634.2595966,51.12
1780038634.265154,51.122
1780038634.2703862,51.125
1780038634.2759526,51.128
1780038634.281181,51.133
1780038634.2868094,51.134
1780038634.2920454,51.137
1780038634.2975538,51.139
1780038634.302795,51.142
1780038634.3083549,51.145
1780038634.3135886,51.15
1780038634.319224,51.152
1780038634.3246362,51.154
1780038634.3299613,51.156
1780038634.335198,51.159
1780038634.3407612,51.162
1780038634.3460016,51.165
1780038634.3516257,51.169
1780038634.3570426,51.17
1780038634.3623931,51.172
1780038634.367632,51.175
1780038634.3731492,51.178
1780038634.37839,51.18
1780038634.3839586,51.185
1780038634.389192,51.185
1780038634.3947928,51.188
1780038634.4000227,51.191
1780038634.4055521,51.193
1780038634.4107935,51.196
1780038634.4164147,51.201
1780038634.4216523,51.201
1780038634.4271894,51.204
1780038634.4324226,51.207
1780038634.4379392,51.209
1780038634.4431767,51.212
1780038634.448784,51.216
1780038634.4540298,51.216
1780038634.4595866,51.218
1780038634.4648125,51.222
1780038634.47039,51.223
1780038634.4756212,51.226
1780038634.481198,51.23
1780038634.4864368,51.231
1780038634.4919994,51.233
1780038634.4974487,51.225
1780038634.503962,51.222
1780038634.5104396,51.221
1780038634.5164452,51.221
1780038634.5223005,51.22
1780038634.5282598,51.219
1780038634.5342035,51.218
1780038634.54022,51.215
1780038634.5462897,51.213
1780038634.5522673,51.211
1780038634.5583282,51.209
1780038634.5642352,51.207
1780038634.5701149,51.204
1780038634.5762844,51.202
1780038634.582305,51.199
1780038634.5882523,51.198
1780038634.5941665,51.196
1780038634.6001728,51.194
1780038634.606335,51.191
1780038634.6122386,51.188
1780038634.6183324,51.187
1780038634.6242175,51.185
1780038634.6304545,51.182
1780038634.6364555,51.18
1780038634.6422818,51.178
1780038634.6482801,51.175
1780038634.6542614,51.173
1780038634.6601415,51.171
1780038634.6663234,51.169
1780038634.67227,51.167
1780038634.6782715,51.165
1780038634.6841795,51.163
1780038634.690049,51.161
1780038634.6962996,51.158
1780038634.7022827,51.156
1780038634.7082539,51.154
1780038634.7142458,51.151
1780038634.7201889,51.15
1780038634.7263033,51.148
1780038634.732276,51.144
1780038634.738295,51.142
1780038634.744278,51.14
1780038634.7503307,51.138
1780038634.7562947,51.136
1780038634.7622714,51.135
1780038634.7682555,51.133
1780038634.7742882,51.13
1780038634.7802775,51.128
1780038634.7863293,51.126
1780038634.7922938,51.124
1780038634.7982805,51.123
1780038634.8042848,51.121
1780038634.8103204,51.119
1780038634.8162835,51.118
1780038634.8222578,51.116
1780038634.8282604,51.114
1780038634.8342705,51.112
1780038634.8402736,51.11
1780038634.8463452,51.108
1780038634.8522346,51.107
1780038634.8582518,51.105
1780038634.864316,51.103
1780038634.8703227,51.101
1780038634.8763053,51.1
1780038634.882261,51.098
1780038634.8882563,51.096
1780038634.8942704,51.094
1780038634.9002717,51.092
1780038634.9062948,51.09
1780038634.91224,51.088
1780038634.918264,51.086
1780038634.9242463,51.084
1780038634.9302838,51.083
1780038634.9362874,51.081
1780038634.9422212,51.079
1780038634.9482348,51.077
1780038634.954265,51.075
1780038634.9602726,51.073
1780038634.966309,51.072
1780038634.9722033,51.07
1780038634.9782746,51.069
1780038634.984285,51.067
1780038634.9903297,51.065
1780038634.996284,51.064
1780038635.0022385,51.062
1780038635.008239,51.059
1780038635.0143805,51.058
1780038635.0202837,51.056
1780038635.0263007,51.054
1780038635.0322375,51.053
1780038635.0382605,51.051
1780038635.0443091,51.049
1780038635.0502954,51.048
1780038635.0562947,51.046
1780038635.062244,51.045
1780038635.0682592,51.043
1780038635.0743227,51.041
1780038635.080258,51.04
1780038635.086301,51.038
1780038635.0922382,51.036
1780038635.0982723,51.034
1780038635.104276,51.033
1780038635.110377,51.032
1780038635.1162882,51.03
1780038635.1222594,51.029
1780038635.1282587,51.027
1780038635.134269,51.026
1780038635.1402369,51.024
1780038635.1462963,51.023
1780038635.1522436,51.021
1780038635.158253,51.02
1780038635.1643372,51.018
1780038635.170277,51.017
1780038635.1762898,51.016
1780038635.1822443,51.014
1780038635.188232,51.013
1780038635.194265,51.012
1780038635.200285,51.009
1780038635.206322,51.008
1780038635.212266,51.007
1780038635.2182775,51.005
1780038635.2242777,51.004
1780038635.2303078,51.003
1780038635.2362716,51.002
1780038635.2422748,51.001
1780038635.2482584,50.255
1780038635.2542582,50.254
1780038635.2602417,50.252
1780038635.2662935,50.251
1780038635.2722766,50.249
1780038635.2783132,50.248
1780038635.2841535,50.247
1780038635.2902787,50.245
1780038635.2962856,50.244
1780038635.3022459,50.243
1780038635.3082592,50.242
1780038635.3142858,50.241
1780038635.3202138,50.239
1780038635.3263361,50.238
1780038635.3322551,50.237
1780038635.3383033,50.236
1780038635.3442352,50.235
1780038635.3503017,50.233
1780038635.356275,50.232
1780038635.362307,50.231
1780038635.3682714,50.229
1780038635.374169,50.229
1780038635.3802676,50.227
1780038635.3863184,50.226
1780038635.3923035,50.224
1780038635.3982844,50.223
1780038635.4042618,50.221
1780038635.4101415,50.22
1780038635.4163456,50.219
1780038635.4223301,50.218
1780038635.428298,50.217
1780038635.434216,50.215
1780038635.4402483,50.214
1780038635.446304,50.213
1780038635.4522603,50.212
1780038635.4583087,50.211
1780038635.464266,50.209
1780038635.4701731,50.209
1780038635.476265,50.207
1780038635.4822714,50.206
1780038635.4882855,50.206
1780038635.494245,50.205
1780038635.5002327,50.204
1780038635.506316,50.203
1780038635.5122745,50.201
1780038635.5182974,50.2
1780038635.5242708,50.199
1780038635.530224,50.198
1780038635.536261,50.197
1780038635.5422616,50.196
1780038635.5482652,50.194
1780038635.55427,50.194
1780038635.560246,50.193
1780038635.5662684,50.192
1780038635.5722368,50.191
1780038635.5782943,50.19
1780038635.584261,50.189
1780038635.5902898,50.187
1780038635.5962903,50.186
1780038635.6022508,50.185
1780038635.6082692,50.184
1780038635.6142876,50.182
1780038635.620324,50.182
1780038635.6261666,50.18
1780038635.6322231,50.179
1780038635.6383843,50.179
1780038635.6442864,50.177
1780038635.6502774,50.176
1780038635.6563106,50.175
1780038635.6621408,50.174
1780038635.66832,50.173
1780038635.674304,50.172
1780038635.6803224,50.171
1780038635.6862414,50.17
1780038635.6922674,50.169
1780038635.6982627,50.168
1780038635.7042632,50.168
1780038635.7103043,50.166
1780038635.7163026,50.165
1780038635.722235,50.164
1780038635.7282724,50.162
1780038635.7343118,50.161
1780038635.7402813,50.161
1780038635.7462578,50.16
1780038635.7522535,50.159
1780038635.758263,50.158
1780038635.7642696,50.158
1780038635.7702749,50.157
1780038635.7763903,50.156
1780038635.7822576,50.155
1780038635.7883224,50.154
1780038635.794286,50.153
1780038635.8002815,50.152
1780038635.8063247,50.151
1780038635.812276,50.151
1780038635.8183355,50.15
1780038635.8242748,50.148
1780038635.830282,50.148
1780038635.8363612,50.148
1780038635.8422775,50.146
1780038635.8483753,50.146
1780038635.8541937,50.146
1780038635.8602676,50.145
1780038635.866312,50.144
1780038635.8723161,50.144
1780038635.8782673,50.143
1780038635.8843076,50.142
1780038635.8902552,50.141
1780038635.8962748,50.14
1780038635.902281,50.139
1780038635.9083104,50.138
1780038635.914221,50.137
1780038635.9202678,50.137
1780038635.926312,50.136
1780038635.9322681,50.135
1780038635.9382749,50.134
1780038635.9442823,50.134
1780038635.9502816,50.133
1780038635.956274,50.132
1780038635.9622784,50.131
1780038635.968381,50.131
1780038635.9742727,50.129
1780038635.980281,50.129
1780038635.9860766,50.128
1780038635.9923735,50.128
1780038635.9983122,50.127
1780038636.0043976,50.126
1780038636.0103335,50.126
1780038636.0161731,50.125
1780038636.0223036,50.124
1780038636.0283704,50.124
1780038636.034262,50.123
1780038636.0403218,50.122
1780038636.0461652,50.121
1780038636.052267,50.12
1780038636.0582826,50.12
1780038636.0643601,50.119
1780038636.0703418,50.119
1780038636.0761395,50.119
1780038636.0822473,50.118
1780038636.0884159,50.117
1780038636.0942953,50.116
1780038636.100331,50.116
1780038636.106234,50.115
1780038636.1122613,50.115
1780038636.1182773,50.114
1780038636.1243894,50.113
1780038636.1303852,50.113
1780038636.1362302,50.112
1780038636.142252,50.111
1780038636.1482744,50.11
1780038636.1542554,50.11
1780038636.1603076,50.109
1780038636.1662743,50.108
1780038636.1722898,50.108
1780038636.178176,50.107
1780038636.1843135,50.107
1780038636.1903467,50.107
1780038636.1962783,50.106
1780038636.2022514,50.105
1780038636.208286,50.104
1780038636.2142718,50.104
1780038636.2203746,50.103
1780038636.2262828,50.102
1780038636.2322917,50.101
1780038636.2381124,50.101
1780038636.2442923,50.1
1780038636.250271,50.101
1780038636.2563038,50.1
1780038636.2623227,50.1
1780038636.2681549,50.099
1780038636.2742279,50.099
1780038636.2804058,50.098
1780038636.2862668,50.097
1780038636.2923667,50.097
1780038636.29824,50.096
1780038636.3042777,50.096
1780038636.310376,50.096
1780038636.3162787,50.095
1780038636.3222966,50.094
1780038636.328247,50.093
1780038636.3342757,50.093
1780038636.3403087,50.092
1780038636.3462324,50.091
1780038636.3524015,50.09
1780038636.3582482,50.09
1780038636.3642757,50.089
1780038636.3703022,50.089
1780038636.3762999,50.089
1780038636.3822863,50.088
1780038636.3883054,50.088
1780038636.3942864,50.087
1780038636.400332,50.087
1780038636.4062285,50.086
1780038636.412327,50.085
1780038636.4182992,50.084
1780038636.4243965,50.083
1780038636.4303818,50.083
1780038636.4361794,50.083
1780038636.4422734,50.082
1780038636.4482834,50.081
1780038636.4542875,50.081
1780038636.4602761,50.081
1780038636.466285,50.081
1780038636.4723444,50.08
1780038636.4782917,50.08
1780038636.4843721,50.079
1780038636.4903324,50.079
1780038636.4962952,50.079
1780038636.502325,50.078
1780038636.5081162,50.077
1780038636.5144162,50.077
1780038636.5203264,50.077
1780038636.5262892,50.076
1780038636.5322134,50.076
1780038636.5382676,50.075
1780038636.5443778,50.074
1780038636.550465,50.074
1780038636.5563116,50.073
1780038636.562312,50.072
1780038636.56825,50.071
1780038636.5743456,50.071
1780038636.5803025,50.071
1780038636.5863001,50.07
1780038636.5922902,50.07
1780038636.5982797,50.07
1780038636.6042333,50.07
1780038636.6097634,50.07
1780038636.6162114,50.069
1780038636.6223352,50.068
1780038636.6282647,50.067
1780038636.6344063,50.067
1780038636.6402218,50.067
1780038636.6462748,50.066
1780038636.6522818,50.066
1780038636.6583688,50.066
1780038636.6642914,50.066
1780038636.6702778,50.065
1780038636.6762648,50.064
1780038636.6823664,50.064
1780038636.688289,50.062
1780038636.694405,50.062
1780038636.700257,50.062
1780038636.7063048,50.062
1780038636.712123,50.061
1780038636.7182975,50.061
1780038636.7243679,50.061
1780038636.7303069,50.061
1780038636.7362673,50.06
1780038636.7423227,50.06
1780038636.7482579,50.06
1780038636.7542994,50.06
1780038636.7602835,50.059
1780038636.7663739,50.058
1780038636.7722223,50.058
1780038636.778293,50.058
1780038636.7843075,50.058
1780038636.790447,50.057
1780038636.7964578,50.056
1780038636.802262,50.056
1780038636.808283,50.056
1780038636.8142738,50.055
1780038636.8202791,50.055
1780038636.8263078,50.055
1780038636.8322673,50.055
1780038636.838301,50.054
1780038636.8441536,50.054
1780038636.8502727,50.053
1780038636.856293,50.053
1780038636.8622847,50.053
1780038636.8682945,50.053
1780038636.8743293,50.053
1780038636.880248,50.052
1780038636.8863013,50.052
1780038636.892294,50.051
1780038636.8983788,50.051
1780038636.9043062,50.051
1780038636.910227,50.05
1780038636.916287,50.049
1780038636.9223533,50.049
1780038636.9283557,50.049
1780038636.9343185,50.049
1780038636.940336,50.049
1780038636.9462857,50.049
1780038636.9522648,50.049
1780038636.9582887,50.048
1780038636.9642735,50.048
1780038636.9702992,50.047
1780038636.9763093,50.046
1780038636.9822226,50.046
1780038636.9882772,50.045
1780038636.9943244,50.045
1780038637.000366,50.045
1780038637.0062864,50.045
1780038637.0122828,50.045
1780038637.0182195,50.044
1780038637.024267,50.044
1780038637.030431,50.044
1780038637.0363183,50.044
1780038637.0422323,50.043
1780038637.0483198,50.043
1780038637.054147,50.042
1780038637.060268,50.041
1780038637.066276,50.042
1780038637.0722928,50.042
1780038637.0782306,50.042
1780038637.0843074,50.042
1780038637.090314,50.041
1780038637.0964367,50.041
1780038637.102282,50.041
1780038637.108318,50.041
1780038637.11427,50.041
1780038637.1203218,50.04
1780038637.1260972,50.04
1780038637.1322846,50.04
1780038637.138328,50.039
1780038637.1443086,50.039
1780038637.150426,50.039
1780038637.1563017,50.038
1780038637.1622193,50.038
1780038637.1683388,50.037
1780038637.1742978,50.037
1780038637.1803195,50.037
1780038637.186222,50.037
1780038637.1922796,50.037
1780038637.1983883,50.037
1780038637.2043831,50.037
1780038637.210414,50.037
1780038637.2162623,50.037
1780038637.2222624,50.036
1780038637.2282865,50.036
1780038637.2343018,50.035
1780038637.2403255,50.035
1780038637.2462578,50.035
1780038637.2523305,50.035
1780038637.2581995,50.035
1780038637.264309,50.034
1780038637.270403,50.034
1780038637.2762737,50.034
1780038637.2822952,50.034
1780038637.2882316,50.033
1780038637.2942507,50.033
1780038637.300384,50.033
1780038637.3062701,50.033
1780038637.312382,50.032
1780038637.318292,50.032
1780038637.32431,50.032
1780038637.3303328,50.032
1780038637.33627,50.032
1780038637.3422897,50.031
1780038637.3482716,50.031
1780038637.3543081,50.03
1780038637.360354,50.03
1780038637.3662474,50.03
1780038637.372405,50.03
1780038637.3782804,50.03
1780038637.3844419,50.03
1780038637.3905003,50.03
1780038637.396214,50.029
1780038637.4023483,50.029
1780038637.4082904,50.029
1780038637.4142916,50.029
1780038637.4202795,50.028
1780038637.4262922,50.028
1780038637.4322917,50.028
1780038637.438232,50.028
1780038637.4444716,50.028
1780038637.4505677,50.027
1780038637.4563825,50.027
1780038637.4623275,50.027
1780038637.4681923,50.027
1780038637.4743907,50.026
1780038637.4803147,50.025
1780038637.4862745,50.026
1780038637.4922762,50.026
1780038637.4982812,50.025
1780038637.5042934,50.025
1780038637.5105302,50.024
1780038637.51647,50.025
1780038637.5223236,50.024
1780038637.528301,50.024
1780038637.5343156,50.024
1780038637.5401795,50.023
1780038637.5462444,50.023
1780038637.5523617,50.023
1780038637.558327,50.024
1780038637.5642586,50.024
1780038637.570334,50.023
1780038637.576252,50.023
1780038637.5823202,50.023
1780038637.5882757,50.023
1780038637.5943215,50.023
1780038637.6002865,50.023
1780038637.606299,50.023
1780038637.6122892,50.023
1780038637.6182811,50.022
1780038637.6243293,50.022
1780038637.6304996,50.022
1780038637.636413,50.022
1780038637.642296,50.022
1780038637.6482852,50.021
1780038637.654394,50.021
1780038637.660283,50.02
1780038637.666321,50.02
1780038637.672222,50.02
1780038637.6782715,50.02
1780038637.6843417,50.02
1780038637.6903985,50.02
1780038637.6963575,50.02
1780038637.7022579,50.02
1780038637.7082722,50.02
1780038637.7142897,50.019
1780038637.7202823,50.019
1780038637.726438,50.019
1780038637.7322965,50.019
1780038637.7383864,50.018
1780038637.744489,50.018
1780038637.750604,50.017
1780038637.756632,50.017
1780038637.762466,50.017
1780038637.768453,50.017
1780038637.7742343,50.017
1780038637.7802694,50.017
1780038637.7864227,50.017
1780038637.7922728,50.018
1780038637.7983594,50.018
1780038637.8043165,50.018
1780038637.8103104,50.017
1780038637.816317,50.017
1780038637.8220937,50.018
1780038637.8284097,50.017
1780038637.8343616,50.017
1780038637.8403687,50.017
1780038637.8462481,50.017
1780038637.8522696,50.017
1780038637.8584197,50.017
1780038637.8643155,50.017
1780038637.8704827,50.017
1780038637.8763208,50.017
1780038637.8822813,50.016
1780038637.8883126,50.016
1780038637.894342,50.016
1780038637.9004014,50.016
1780038637.9063818,50.016
1780038637.91238,50.016
1780038637.9182227,50.016
1780038637.9242814,50.016
1780038637.9304333,50.015
1780038637.936335,50.015
1780038637.9422746,50.015
1780038637.9484048,50.015
1780038637.9542787,50.015
1780038637.9603136,50.015
1780038637.966327,50.015
1780038637.9724226,50.015
1780038637.9783187,50.015
1780038637.9843445,50.015
1780038637.9904234,50.014
1780038637.9963536,50.014
1780038638.0022664,50.014
1780038638.0084798,50.013
1780038638.0143597,50.013
1780038638.0203233,50.013
1780038638.026291,50.013
1780038638.0323172,50.013
1780038638.0383425,50.013
1780038638.0443287,50.013
1780038638.0503259,50.013
1780038638.0563095,50.013
1780038638.0623498,50.014
1780038638.068348,50.013
1780038638.074287,50.014
1780038638.08041,50.014
1780038638.0862966,50.013
1780038638.092326,50.013
1780038638.0982497,50.013
1780038638.104292,50.013
1780038638.1104605,50.012
1780038638.116328,50.012
1780038638.12237,50.013
1780038638.1282876,50.013
1780038638.1342847,50.013
1780038638.140343,50.012
1780038638.1462681,50.013
1780038638.1523256,50.013
1780038638.1582944,50.012
1780038638.1643393,50.013
1780038638.1702623,50.012
1780038638.1762047,50.012
1780038638.182374,50.013
1780038638.1882982,50.012
1780038638.194295,50.012
1780038638.2002995,50.012
1780038638.2062962,50.012
1780038638.2123387,50.012
1780038638.2182472,50.011
1780038638.2243643,50.011
1780038638.2303307,50.011
1780038638.2362971,50.011
1780038638.2424204,50.011
1780038638.248257,50.01
1780038638.2543044,50.01
1780038638.2603927,50.009
1780038638.266432,50.009
1780038638.272315,50.009
1780038638.2783,50.01
1780038638.2841728,50.01
1780038638.2902853,50.01
1780038638.2963195,50.01
1780038638.3023767,50.009
1780038638.3083196,50.009
1780038638.314434,50.009
1780038638.3202124,50.009
1780038638.3263478,50.01
1780038638.332284,50.009
1780038638.3382955,50.009
1780038638.3443055,50.009
1780038638.3503752,50.009
1780038638.3562863,50.009
1780038638.3624094,50.009
1780038638.3683188,50.009
1780038638.3743083,50.008
1780038638.3803973,50.008
1780038638.386394,50.008
1780038638.392224,50.008
1780038638.3983386,50.007
1780038638.4043264,50.008
1780038638.4103262,50.008
1780038638.4163556,50.008
1780038638.4222555,50.008
1780038638.4282951,50.008
1780038638.4342976,50.007
1780038638.4403121,50.008
1780038638.446433,50.008
1780038638.4522698,50.008
1780038638.4583905,50.008
1780038638.4642565,50.007
1780038638.4704857,50.007
1780038638.4764786,50.007
1780038638.4823482,50.008
1780038638.4883046,50.007
1780038638.494313,50.007
1780038638.5003521,50.007
1780038638.5062835,50.007
1780038638.5122623,50.007
1780038638.5184002,50.007
1780038638.524299,50.007
1780038638.5304434,50.007
1780038638.5363324,50.006
1780038638.5422518,50.007
1780038638.5483832,50.006
1780038638.5542924,50.006
1780038638.560335,50.006
1780038638.5663183,50.007
1780038638.5723054,50.006
1780038638.5783527,50.006
1780038638.5842583,50.006
1780038638.5905004,50.006
1780038638.5963845,50.006
1780038638.6022763,50.006
1780038638.608348,50.006
1780038638.6142914,50.006
1780038638.620428,50.006
1780038638.6261213,50.006
1780038638.6324239,50.006
1780038638.6383004,50.006
1780038638.6443086,50.006
1780038638.650256,50.006
1780038638.6561854,50.006
1780038638.6622694,50.005
1780038638.668431,50.005
1780038638.67429,50.005
1780038638.680396,50.005
1780038638.6863084,50.005
1780038638.6923141,50.005
1780038638.6981425,50.006
1780038638.704417,50.005
1780038638.710453,50.006
1780038638.7163174,50.005
1780038638.722295,50.006
1780038638.7282372,50.005
1780038638.7342758,50.004
1780038638.7404723,50.004
1780038638.7462862,50.004
1780038638.7524693,50.004
1780038638.758287,50.004
1780038638.7644396,50.004
1780038638.7702475,50.005
1780038638.7761292,50.004
1780038638.7824435,50.004
1780038638.7883258,50.004
1780038638.7943993,50.005
1780038638.800261,50.004
1780038638.8063092,50.004
1780038638.8123074,50.004
1780038638.8182783,50.004
1780038638.8243227,50.004
1780038638.8303878,50.004
1780038638.8362985,50.004
1780038638.8423717,50.004
1780038638.848219,50.004
1780038638.8546536,50.004
1780038638.8605077,50.004
1780038638.8665147,50.004
1780038638.8722963,50.004
1780038638.8783116,50.004
1780038638.8843913,50.004
1780038638.8902977,50.004
1780038638.8963296,50.004
1780038638.9024267,50.004
1780038638.9083066,50.004
1780038638.9143836,50.004
1780038638.920261,50.004
1780038638.9263105,50.004
1780038638.9323647,50.004
1780038638.9382975,50.004
1780038638.9443574,50.004
1780038638.9504788,50.004
1780038638.9565303,50.003
1780038638.962347,50.004
1780038638.9682622,50.004
1780038638.9743826,50.003
1780038638.9803126,50.003
1780038638.986381,50.003
1780038638.9922683,50.003
1780038638.9984035,50.003
1780038639.0041137,50.003
1780038639.0104058,50.003
1780038639.016456,50.003
1780038639.0223162,50.003
1780038639.0283577,50.004
1780038639.0344276,50.003
1780038639.0404084,50.004
1780038639.0464454,50.003
1780038639.0522873,50.003
1780038639.058495,50.002
1780038639.0643277,50.003
1780038639.0704546,50.002
1780038639.0765188,50.002
1780038639.0823379,50.003
1780038639.0884275,50.003
1780038639.0944452,50.003
1780038639.1004539,50.003
1780038639.1062813,50.003
1780038639.112286,50.003
1780038639.118283,50.003
1780038639.1243134,50.002
1780038639.130495,50.002
1780038639.1366057,50.002
1780038639.142466,50.002
1780038639.148329,50.002
1780038639.1542706,50.002
1780038639.160328,50.002
1780038639.1663506,50.002
1780038639.1722934,50.002
1780038639.1783817,50.001
1780038639.1843755,50.001
1780038639.1904433,50.001
1780038639.1965182,50.001
1780038639.2024918,50.001
1780038639.208281,50.001
1780038639.214286,50.0
1780038639.2203963,50.0
1780038639.2262998,50.0
1780038639.2323186,50.001
1780038639.2382147,50.0
1780038639.2443314,50.0
1780038639.2504537,50.0
1780038639.256527,50.0
1780038639.2624707,50.0
1780038639.2682807,50.001
1780038639.2742987,50.0
1780038639.2803295,50.0
1780038639.2862341,49.255
1780038639.2924786,50.0
1780038639.2983005,49.255
1780038639.304453,49.255
1780038639.310316,49.254
1780038639.316265,49.255
1780038639.3223274,49.255
1780038639.3282933,49.255
1780038639.3343577,49.255
1780038639.34031,50.0
1780038639.3463278,49.255
1780038639.3523288,49.255
1780038639.358253,49.255
1780038639.3644063,49.254
1780038639.3703063,49.254
1780038639.376335,49.254
1780038639.38238,49.255
1780038639.3882957,49.255
1780038639.3944225,49.255
1780038639.4003432,49.254
1780038639.4064121,49.255
1780038639.412367,49.254
1780038639.4183624,49.254
1780038639.4242752,49.254
1780038639.4303925,49.254
1780038639.436304,49.254
1780038639.4423888,49.254
1780038639.4483085,49.254
1780038639.4543862,49.253
1780038639.4603136,49.253
1780038639.4664123,49.253
1780038639.4722648,49.254
1780038639.4783971,49.254
1780038639.4843712,49.253
1780038639.4903347,49.253
1780038639.4963436,49.253
1780038639.502326,49.253
1780038639.5083456,49.253
1780038639.5143468,49.253
1780038639.520255,49.253
1780038639.526341,49.253
1780038639.5323517,49.253
1780038639.5383976,49.252
1780038639.544304,49.252
1780038639.550481,49.252
1780038639.5562694,49.252
1780038639.56218,49.253
1780038639.5684154,49.253
1780038639.5743222,49.253
1780038639.5803833,49.252
1780038639.5862846,49.252
1780038639.592291,49.252
1780038639.5983012,49.252
1780038639.6042514,49.252
1780038639.6104763,49.252
1780038639.616329,49.252
1780038639.6222832,49.252
1780038639.6284053,49.252
1780038639.6342661,49.251
1780038639.6403239,49.251
1780038639.6462653,49.251
1780038639.652431,49.252
1780038639.6583865,49.251
1780038639.6645637,49.251
1780038639.6704955,49.251
1780038639.6764922,49.251
1780038639.6824753,49.251
1780038639.688428,49.252
1780038639.6942992,49.251
1780038639.7003963,49.251
1780038639.7062914,49.251
1780038639.7123218,49.251
1780038639.7182186,49.251
1780038639.7243388,49.251
1780038639.730288,49.251
1780038639.7363875,49.251
1780038639.742356,49.251
1780038639.7483065,49.251
1780038639.7542982,49.251
1780038639.7602742,49.251
1780038639.7663229,49.25
1780038639.7724106,49.25
1780038639.778294,49.25
1780038639.7843904,49.25
1780038639.7903614,49.25
1780038639.796348,49.25
1780038639.8024204,49.25
1780038639.808166,49.25
1780038639.814397,49.25
1780038639.82043,49.25
1780038639.826454,49.25
1780038639.8322878,49.25
1780038639.838337,49.249
1780038639.8444054,49.249
1780038639.8503067,49.25
1780038639.8564336,49.25
1780038639.862474,49.25
1780038639.8683176,49.25
1780038639.8744297,49.25
1780038639.8803053,49.25
1780038639.8863645,49.25
1780038639.8923848,49.25
1780038639.8983684,49.249
1780038639.9043274,49.25
1780038639.9104192,49.25
1780038639.9162862,49.251
1780038639.9222546,49.25
1780038639.9282773,49.25
1780038639.9343014,49.25
1780038639.940305,49.25
1780038639.9463701,49.25
1780038639.952325,49.25
1780038639.958363,49.25
1780038639.964266,49.249
1780038639.9703255,49.249
1780038639.9763737,49.25
1780038639.9823775,49.25
1780038639.9883604,49.25
1780038639.99431,49.25
1780038640.0003319,49.25
1780038640.0062256,49.25
1780038640.012283,49.25
1780038640.0183952,49.25
1780038640.0242884,49.249
1780038640.0304878,49.249
1780038640.0362945,49.25
1780038640.0422416,49.249
1780038640.0483723,49.249
1780038640.0541637,49.249
1780038640.0604572,49.249
1780038640.0664494,49.249
1780038640.0724201,49.249
1780038640.0783093,49.249
1780038640.0843413,49.249
1780038640.090283,49.249
1780038640.096301,49.248
1780038640.1023872,49.248
1780038640.1084757,49.248
1780038640.1143064,49.248
1780038640.1204894,49.248
1780038640.1262627,49.248
1780038640.1323524,49.248
1780038640.138423,49.248
1780038640.144394,49.248
1780038640.1504452,49.248
1780038640.1564844,49.248
1780038640.1625204,49.248
1780038640.168466,49.248
1780038640.1744008,49.248
1780038640.1804655,49.247
1780038640.1863163,49.247
1780038640.1924694,49.248
1780038640.198306,49.247
1780038640.2043848,49.247
1780038640.2102551,49.247
1780038640.2164614,49.248
1780038640.222545,49.248
1780038640.2283866,49.248
1780038640.2343905,49.248
1780038640.2402928,49.248
1780038640.2463655,49.247
1780038640.25229,49.247
1780038640.2582626,49.247
1780038640.2644804,49.247
1780038640.2703671,49.247
1780038640.276409,49.247
1780038640.282503,49.247
1780038640.2882957,49.247
1780038640.2943592,49.248
1780038640.3004217,49.248
1780038640.306439,49.248
1780038640.3124385,49.248
1780038640.3184226,49.248
1780038640.324303,49.248
1780038640.3303454,49.247
1780038640.3362832,49.247
1780038640.3424985,49.247
1780038640.3484452,49.247
1780038640.3544018,49.247
1780038640.360269,49.247
1780038640.3664784,49.247
1780038640.3722947,49.247
1780038640.3784494,49.247
1780038640.3842115,49.247
1780038640.3904595,49.247
1780038640.396442,49.247
1780038640.4025404,49.246
1780038640.4085019,49.247
1780038640.4142857,49.247
1780038640.4203496,49.246
1780038640.4263318,49.245
1780038640.4335964,49.245
1780038640.439501,49.246
1780038640.4456112,49.246
1780038640.4514954,49.246
1780038640.4576058,49.246
1780038640.4636364,49.246
1780038640.4694026,49.246
1780038640.4755385,49.246
1780038640.4816086,49.246
1780038640.4875796,49.247
1780038640.4935386,49.247
1780038640.499568,49.246
1780038640.5054162,49.246
1780038640.5115476,49.246
1780038640.5176175,49.246
1780038640.5237067,49.246
1780038640.5296075,49.246
1780038640.5356164,49.246
1780038640.5415072,49.246
1780038640.5476177,49.246
1780038640.553446,49.246
1780038640.5595953,49.246
1780038640.5655713,49.247
1780038640.5715632,49.247
1780038640.5775952,49.247
1780038640.5836692,49.246
1780038640.58963,49.247
1780038640.595608,49.246
1780038640.6014938,49.246
1780038640.607624,49.246
1780038640.6135247,49.246
1780038640.6195824,49.246
1780038640.6256108,49.246
1780038640.6316404,49.245
1780038640.6374893,49.246
1780038640.6435912,49.245
1780038640.6496325,49.245
1780038640.6555097,49.245
1780038640.6615798,49.245
1780038640.667547,49.244
1780038640.6735792,49.245
1780038640.679393,49.245
1780038640.6855202,49.245
1780038640.6915781,49.245
1780038640.6975815,49.245
1780038640.7037556,49.245
1780038640.7096536,49.246
1780038640.715522,49.246
1780038640.7215605,49.246
1780038640.72743,49.246
1780038640.7335947,49.245
1780038640.7395675,49.246
1780038640.7455966,49.246
1780038640.7516265,49.246
1780038640.7576342,49.246
1780038640.7635543,49.246
1780038640.7694454,49.246
1780038640.7755494,49.245
1780038640.7816083,49.245
1780038640.7874737,49.245
1780038640.7936347,49.244
1780038640.7994988,49.245
1780038640.8056605,49.245
1780038640.8115194,49.246
1780038640.8175864,49.246
1780038640.823609,49.246
1780038640.8295388,49.246
1780038640.835576,49.246
1780038640.841659,49.246
1780038640.8476312,49.245
1780038640.8535814,49.246
1780038640.8595614,49.245
1780038640.8654613,49.246
1780038640.87157,49.245
1780038640.877594,49.245
1780038640.883583,49.245
1780038640.8894603,49.245
1780038640.8956733,49.245
1780038640.9015763,49.245
1780038640.9076326,49.245
1780038640.913564,49.245
1780038640.9196432,49.245
1780038640.9254591,49.245
1780038640.931607,49.245
1780038640.9375286,49.245
1780038640.9435625,49.245
1780038640.9495559,49.246
1780038640.955631,49.245
1780038640.9616606,49.245
1780038640.967479,49.244
1780038640.973542,49.245
1780038640.9796157,49.245
1780038640.985485,49.245
1780038640.9916232,49.245
1780038640.9975414,49.245
1780038641.003612,49.245
1780038641.0096161,49.245
1780038641.0155628,49.246
1780038641.02161,49.245
1780038641.0274146,49.245
1780038641.0335643,49.245
1780038641.03956,49.245
1780038641.0455458,49.245
1780038641.0515783,49.245
1780038641.057594,49.246
1780038641.0634596,49.246
1780038641.0689044,49.245
1780038641.0747414,49.245
1780038641.0805833,49.245
1780038641.0864072,49.244
1780038641.0922978,49.244
1780038641.0984373,49.244
1780038641.1043773,49.244
1780038641.1105042,49.244
1780038641.1162589,49.244
1780038641.1223786,49.245
1780038641.1284606,49.244
1780038641.134424,49.245
1780038641.1404762,49.245
1780038641.1462994,49.246
1780038641.1523774,49.246
1780038641.1582716,49.247
1780038641.1642947,49.247
1780038641.1703186,49.246
1780038641.1763065,49.246
1780038641.1824737,49.246
1780038641.188564,49.246
1780038641.1943595,49.246
1780038641.2004635,49.246
1780038641.2062397,49.245
1780038641.2123735,49.245
1780038641.2183666,49.244
1780038641.2243383,49.246
1780038641.230445,49.246
1780038641.2364604,49.246
1780038641.2422671,49.246
1780038641.24843,49.246
1780038641.254331,49.246
1780038641.2603505,49.246
1780038641.2663639,49.246
1780038641.2724307,49.245
1780038641.278309,49.246
1780038641.2844863,49.245
1780038641.290314,49.245
1780038641.2964349,49.246
1780038641.3024871,49.245
1780038641.308576,49.245
1780038641.3146176,49.245
1780038641.320468,49.245
1780038641.3264909,49.246
1780038641.3322718,49.246
1780038641.3383462,49.246
1780038641.3444374,49.246
1780038641.3503792,49.246
1780038641.356313,49.246
1780038641.3623974,49.246
1780038641.3684657,49.246
1780038641.3745072,49.246
1780038641.380306,49.246
1780038641.3864455,49.246
1780038641.392224,49.246
1780038641.3983905,49.246
1780038641.404458,49.246
1780038641.4104483,49.246
1780038641.4163795,49.247
1780038641.4223716,49.247
1780038641.428427,49.247
1780038641.434373,49.247
1780038641.4403253,49.247
1780038641.4463882,49.246
1780038641.4524298,49.246
1780038641.4583712,49.247
1780038641.4643588,49.246
1780038641.4704719,49.247
1780038641.4762893,49.247
1780038641.4824164,49.247
1780038641.488439,49.247
1780038641.4943855,49.247
1780038641.5004537,49.247
1780038641.506404,49.246
1780038641.5123336,49.247
1780038641.518316,49.247
1780038641.5243654,49.247
1780038641.530271,49.247
1780038641.5363467,49.247
1780038641.5423586,49.247
1780038641.5483098,49.247
1780038641.5543704,49.247
1780038641.560423,49.247
1780038641.5663059,49.247
1780038641.5724409,49.247
1780038641.578274,49.247
1780038641.5846384,49.247
1780038641.590445,49.247
1780038641.5963633,49.247
1780038641.6024845,49.247
1780038641.6084898,49.247
1780038641.6144288,49.248
1780038641.620264,49.247
1780038641.6263494,49.247
1780038641.6323247,49.247
1780038641.6383557,49.248
1780038641.6444795,49.248
1780038641.6502998,49.248
1780038641.656444,49.248
1780038641.662283,49.248
1780038641.6683233,49.247
1780038641.6744437,49.247
1780038641.6803946,49.247
1780038641.6863382,49.247
1780038641.6924531,49.246
1780038641.6984205,49.247
1780038641.7043064,49.248
1780038641.7104437,49.247
1780038641.7162592,49.247
1780038641.7222443,49.247
1780038641.7284865,49.248
1780038641.7343562,49.248
1780038641.7403448,49.248
1780038641.7464118,49.247
1780038641.7522852,49.247
1780038641.7583957,49.248
1780038641.7642622,49.248
1780038641.7703836,49.247
1780038641.7761774,49.248
1780038641.782438,49.248
1780038641.7884698,49.248
1780038641.7944398,49.248
1780038641.8003442,49.248
1780038641.8063009,49.248
1780038641.8123596,49.247
1780038641.8183079,49.247
1780038641.8242717,49.248
1780038641.830509,49.247
1780038641.8363464,49.247
1780038641.8423903,49.247
1780038641.8483884,49.247
1780038641.8542943,49.248
1780038641.8604841,49.247
1780038641.8662763,49.247
1780038641.8723671,49.247
1780038641.8784275,49.248
1780038641.8844128,49.247
1780038641.8904142,49.248
1780038641.8963554,49.248
1780038641.9023213,49.248
1780038641.908421,49.248
1780038641.9144487,49.248
1780038641.9204385,49.248
1780038641.926329,49.248
1780038641.9324918,49.248
1780038641.938365,49.248
1780038641.94447,49.248
1780038641.9503987,49.248
1780038641.9564204,49.248
1780038641.9623024,49.248
1780038641.9684935,49.248
1780038641.9744952,49.247
1780038641.9803782,49.248
1780038641.9864345,49.248
1780038641.9923055,49.248
1780038641.998355,49.248
1780038642.0043144,49.248
1780038642.010356,49.248
1780038642.0162456,49.248
1780038642.0222983,49.249
1780038642.028494,49.248
1780038642.034532,49.248
1780038642.0403328,49.248
1780038642.0464172,49.248
1780038642.0522897,49.247
1780038642.0584295,49.247
1780038642.0642798,49.248
1780038642.0705204,49.248
1780038642.0763772,49.249
1780038642.0824146,49.249
1780038642.0884461,49.249
1780038642.0944798,49.249
1780038642.1004426,49.249
1780038642.106261,49.249
1780038642.1123633,49.25
1780038642.118378,49.249
1780038642.1242568,49.25
1780038642.1304133,49.25
1780038642.136332,49.249
1780038642.1424484,49.249
1780038642.148362,49.249
1780038642.1542168,49.245
1780038642.1595876,50.006
1780038642.1649184,50.009
1780038642.170158,50.013
1780038642.1756916,50.018
1780038642.1809163,50.025
1780038642.1865413,50.028
1780038642.1917646,50.031
1780038642.1973183,50.036
1780038642.2025418,50.04
1780038642.2080834,50.045
1780038642.2133148,50.05
1780038642.218935,50.055
1780038642.224163,50.058
1780038642.229707,50.062
1780038642.234934,50.067
1780038642.240518,50.071
1780038642.2457426,50.075
1780038642.2513165,50.081
1780038642.256541,50.083
1780038642.2620609,50.088
1780038642.267295,50.093
1780038642.2728631,50.096
1780038642.2780986,50.1
1780038642.2837255,50.106
1780038642.288966,50.108
1780038642.2945106,50.112
1780038642.2997348,50.117
1780038642.305265,50.121
1780038642.3104804,50.125
1780038642.3161068,50.131
1780038642.3213472,50.133
1780038642.3269088,50.136
1780038642.3321314,50.142
1780038642.3376667,50.145
1780038642.3428967,50.149
1780038642.348519,50.154
1780038642.353761,50.157
1780038642.3593414,50.16
1780038642.364562,50.165
1780038642.3700683,50.168
1780038642.3752978,50.173
1780038642.3809211,50.177
1780038642.3861563,50.181
1780038642.3917139,50.183
1780038642.3969293,50.188
1780038642.402516,50.191
1780038642.4077353,50.195
1780038642.413317,50.199
1780038642.4185557,50.204
1780038642.4240744,50.205
1780038642.429286,50.21
1780038642.434878,50.213
1780038642.440094,50.217
1780038642.4457257,50.22
1780038642.4509716,50.226
1780038642.4564755,50.227
1780038642.4616857,50.231
1780038642.4672883,50.235
1780038642.4724948,50.239
1780038642.4781325,50.242
1780038642.4833784,50.248
1780038642.488869,50.248
1780038642.494081,50.253
1780038642.499727,51.0
1780038642.5049508,51.004
1780038642.5105026,51.007
1780038642.5157492,51.013
1780038642.52131,51.013
1780038642.5265255,51.017
1780038642.5320742,51.02
1780038642.5372963,51.024
1780038642.54291,51.027
1780038642.5481298,51.033
1780038642.5536776,51.034
1780038642.5588984,51.037
1780038642.564467,51.04
1780038642.5697124,51.044
1780038642.5752668,51.047
1780038642.5804935,51.052
1780038642.5861163,51.055
1780038642.5913417,51.057
1780038642.5969083,51.059
1780038642.602132,51.063
1780038642.6076758,51.066
1780038642.6128962,51.071
1780038642.6185327,51.074
1780038642.6237535,51.075
1780038642.6292827,51.079
1780038642.6345174,51.082
1780038642.6401196,51.085
1780038642.6453483,51.089
1780038642.6509302,51.092
1780038642.6561582,51.094
1780038642.6617281,51.097
1780038642.6669643,51.1
1780038642.672476,51.103
1780038642.6777093,51.106
1780038642.683326,51.111
1780038642.6885514,51.111
1780038642.6941233,51.115
1780038642.6993651,51.118
1780038642.7048843,51.12
1780038642.7101128,51.123
1780038642.7157385,51.128
1780038642.7209606,51.129
1780038642.726536,51.132
1780038642.7317626,51.135
1780038642.7373319,51.137
1780038642.7425547,51.141
1780038642.7482915,51.146
1780038642.7536125,51.146
1780038642.7589936,51.149
1780038642.7643843,51.152
1780038642.7697165,51.154
1780038642.7749405,51.158
1780038642.7804933,51.162
1780038642.785737,51.163
1780038642.791329,51.165
1780038642.7965512,51.168
1780038642.8020828,51.171
1780038642.8073142,51.174
1780038642.8128803,51.177
1780038642.8181376,51.18
1780038642.8237283,51.181
1780038642.8289611,51.184
1780038642.834469,51.187
1780038642.8396971,51.19
1780038642.8453238,51.192
1780038642.85056,51.196
1780038642.856074,51.197
1780038642.8612912,51.2
1780038642.8668792,51.202
1780038642.8721087,51.205
1780038642.8776886,51.206
1780038642.882927,51.212
1780038642.8884902,51.212
1780038642.8937259,51.215
1780038642.8993258,51.217
1780038642.9045522,51.22
1780038642.91008,51.222
1780038642.9153178,51.227
1780038642.9208894,51.226
1780038642.926115,51.23
1780038642.9322383,51.221
1780038642.9385204,51.216
1780038642.944702,51.217
1780038642.9505026,51.216
1780038642.9562964,51.215
1780038642.9620273,51.214
1780038642.967951,51.213
1780038642.974044,51.211
1780038642.9799905,51.208
1780038642.9860263,51.206
1780038642.9918842,51.204
1780038642.998026,51.201
1780038643.0040581,51.199
1780038643.0100284,51.197
1780038643.0160217,51.195
1780038643.021997,51.192
1780038643.027909,51.19
1780038643.0340173,51.187
1780038643.0399625,51.185
1780038643.0460184,51.183
1780038643.0519578,51.18
1780038643.0578785,51.178
1780038643.0639477,51.176
1780038643.07,51.174
1780038643.0759768,51.172
1780038643.0818598,51.17
1780038643.0879166,51.168
1780038643.0940077,51.166
1780038643.0999303,51.163
1780038643.1060526,51.161
1780038643.1119294,51.159
1780038643.1180117,51.157
1780038643.1239836,51.155
1780038643.1300526,51.153
1780038643.1359758,51.15
1780038643.1419017,51.148
1780038643.1478677,51.146
1780038643.1540396,51.144
1780038643.159931,51.142
1780038643.1660545,51.14
1780038643.171912,51.139
1780038643.1780667,51.136
1780038643.1841009,51.134
1780038643.1900206,51.132
1780038643.196026,51.13
1780038643.2020292,51.128
1780038643.207965,51.125
1780038643.21402,51.124
1780038643.2199903,51.121
1780038643.2260585,51.12
1780038643.2319005,51.118
1780038643.2380433,51.115
1780038643.2439728,51.113
1780038643.2500293,51.112
1780038643.2559783,51.11
1780038643.2618916,51.108
1780038643.2678769,51.106
1780038643.2741003,51.104
1780038643.2799947,51.102
1780038643.2860286,51.1
1780038643.2919195,51.098
1780038643.2980206,51.096
1780038643.304019,51.094
1780038643.3100162,51.093
1780038643.3160443,51.091
1780038643.3218625,51.089
1780038643.3279219,51.087
1780038643.3340106,51.086
1780038643.339968,51.083
1780038643.346029,51.081
1780038643.3519554,51.08
1780038643.358002,51.078
1780038643.3639915,51.076
1780038643.370007,51.075
1780038643.375978,51.073
1780038643.3818479,51.071
1780038643.3879268,51.07
1780038643.3940957,51.068
1780038643.3999739,51.065
1780038643.406042,51.063
1780038643.4119952,51.061
1780038643.418323,51.059
1780038643.4242816,51.059
1780038643.4301176,51.057
1780038643.436087,51.056
1780038643.4418736,51.054
1780038643.447933,51.052
1780038643.454039,51.05
1780038643.459994,51.049
1780038643.466034,51.047
1780038643.471987,51.045
1780038643.477994,51.044
1780038643.483941,51.042
1780038643.4900248,51.041
1780038643.496062,51.04
1780038643.5019171,51.038
1780038643.5079594,51.036
1780038643.5139527,51.035
1780038643.5199463,51.033
1780038643.5260262,51.032
1780038643.53201,51.03
1780038643.5379367,51.028
1780038643.5440254,51.027
1780038643.550019,51.026
1780038643.556059,51.025
1780038643.5619469,51.023
1780038643.567933,51.022
1780038643.57399,51.02
1780038643.579982,51.019
1780038643.586026,51.017
1780038643.592028,51.016
1780038643.597933,51.014
1780038643.6039622,51.013
1780038643.6100662,51.012
1780038643.6160479,51.01
1780038643.6219332,51.008
1780038643.6279733,51.007
1780038643.634005,51.006
1780038643.6398766,51.004
1780038643.6460426,51.003
1780038643.651965,51.002
1780038643.6579576,51.0
1780038643.664003,50.255
1780038643.670021,50.253
1780038643.676004,50.252
1780038643.6820176,50.25
1780038643.6879966,50.249
1780038643.6938598,50.247
1780038643.699964,50.246
1780038643.7060971,50.244
1780038643.712005,50.243
1780038643.7180579,50.242
1780038643.7240806,50.24
1780038643.7298276,50.239
1780038643.7360783,50.238
1780038643.7420626,50.237
1780038643.7479959,50.236
1780038643.7539027,50.234
1780038643.759928,50.232
1780038643.7659912,50.231
1780038643.7720277,50.23
1780038643.7781,50.228
1780038643.7840478,50.227
1780038643.789876,50.225
1780038643.7960763,50.224
1780038643.8019998,50.224
1780038643.8080444,50.222
1780038643.813906,50.221
1780038643.8199468,50.22
1780038643.8259628,50.219
1780038643.8320227,50.218
1780038643.8380742,50.217
1780038643.8441026,50.216
1780038643.849921,50.214
1780038643.8559968,50.213
1780038643.862,50.211
1780038643.8679888,50.21
1780038643.8739586,50.209
1780038643.8799741,50.208
1780038643.8860533,50.207
1780038643.8919995,50.206
1780038643.8980196,50.204
1780038643.9041219,50.203
1780038643.9099572,50.202
1780038643.9160063,50.2
1780038643.9220412,50.199
1780038643.9280505,50.199
1780038643.9340146,50.198
1780038643.940025,50.197
1780038643.9458902,50.195
1780038643.9519868,50.195
1780038643.9580615,50.194
1780038643.9641016,50.193
1780038643.970002,50.192
1780038643.9760573,50.19
1780038643.9818153,50.189
1780038643.9881356,50.188
1780038643.994017,50.187
1780038643.999994,50.186
1780038644.0059183,50.185
1780038644.011971,50.184
1780038644.018116,50.183
1780038644.024053,50.181
1780038644.030004,50.18
1780038644.0361137,50.179
1780038644.041911,50.178
1780038644.0480826,50.177
1780038644.054035,50.176
1780038644.0599892,50.175
1780038644.065993,50.174
1780038644.0720117,50.173
1780038644.0780365,50.172
1780038644.0839586,50.171
1780038644.089986,50.17
1780038644.0960395,50.169
1780038644.101959,50.168
1780038644.108057,50.168
1780038644.1137927,50.167
1780038644.1201234,50.165
1780038644.1260042,50.165
1780038644.1320052,50.164
1780038644.1380048,50.163
1780038644.1439953,50.162
1780038644.1499438,50.162
1780038644.1560464,50.16
1780038644.1620147,50.158
1780038644.1680436,50.158
1780038644.1738307,50.157
1780038644.1800635,50.156
1780038644.1860812,50.155
1780038644.1920364,50.154
1780038644.198046,50.153
1780038644.2038596,50.153
1780038644.2099144,50.152
1780038644.21605,50.151
1780038644.2220216,50.149
1780038644.2280369,50.149
1780038644.233922,50.147
1780038644.2400036,50.147
1780038644.2459772,50.146
1780038644.2520325,50.146
1780038644.2580812,50.145
1780038644.2639527,50.144
1780038644.2699604,50.144
1780038644.276019,50.143
1780038644.2820134,50.142
1780038644.2880874,50.141
1780038644.2939618,50.14
1780038644.2999868,50.14
1780038644.3060465,50.139
1780038644.3120084,50.138
1780038644.3180187,50.138
1780038644.3240187,50.137
1780038644.329986,50.136
1780038644.3360803,50.135
1780038644.3420157,50.134
1780038644.348054,50.134
1780038644.354001,50.133
1780038644.3600447,50.132
1780038644.3658557,50.13
1780038644.372118,50.13
1780038644.3780746,50.129
1780038644.384038,50.129
1780038644.3900123,50.128
1780038644.3958657,50.128
1780038644.401945,50.126
1780038644.408031,50.126
1780038644.4139392,50.125
1780038644.4201071,50.124
1780038644.4259608,50.123
1780038644.432017,50.122
1780038644.438006,50.122
1780038644.444035,50.121
1780038644.4500203,50.121
1780038644.4559612,50.12
1780038644.4619565,50.119
1780038644.468005,50.118
1780038644.4739914,50.117
1780038644.4800973,50.116
1780038644.4860222,50.115
1780038644.4920418,50.114
1780038644.4980621,50.113
1780038644.5040383,50.113
1780038644.5100746,50.113
1780038644.516284,50.112
1780038644.5221374,50.112
1780038644.5280461,50.111
1780038644.5339427,50.11
1780038644.5401108,50.11
1780038644.5460408,50.109
1780038644.5521424,50.108
1780038644.5579917,50.107
1780038644.563897,50.106
1780038644.5700002,50.106
1780038644.5760424,50.106
1780038644.5819976,50.105
1780038644.5879636,50.104
1780038644.5940003,50.104
1780038644.5999947,50.103
1780038644.6059139,50.102
1780038644.6120615,50.102
1780038644.6180515,50.101
1780038644.62398,50.101
1780038644.6300619,50.1
1780038644.6357963,50.099
1780038644.6420991,50.099
1780038644.6480708,50.098
1780038644.6540334,50.098
1780038644.6598911,50.097
1780038644.6659517,50.096
1780038644.672076,50.096
1780038644.6779845,50.094
1780038644.6840281,50.094
1780038644.690084,50.094
1780038644.6958864,50.092
1780038644.7019763,50.092
1780038644.7080936,50.091
1780038644.7140281,50.091
1780038644.7199254,50.09
1780038644.725959,50.09
1780038644.7320335,50.089
1780038644.7379994,50.089
1780038644.743992,50.089
1780038644.7500708,50.088
1780038644.7559602,50.087
1780038644.7619994,50.086
1780038644.768062,50.085
1780038644.7740147,50.085
1780038644.7800388,50.085
1780038644.7860663,50.085
1780038644.7919056,50.084
1780038644.7979865,50.084
1780038644.80394,50.083
1780038644.8100846,50.083
1780038644.815978,50.082
1780038644.822044,50.081
1780038644.827858,50.08
1780038644.8340614,50.079
1780038644.8400197,50.08
1780038644.8459911,50.079
1780038644.8519766,50.079
1780038644.8580763,50.078
1780038644.8639913,50.078
1780038644.8701131,50.077
1780038644.8760161,50.076
1780038644.882131,50.076
1780038644.887983,50.075
1780038644.8940175,50.074
1780038644.8999884,50.073
1780038644.9060044,50.073
1780038644.9120274,50.073
1780038644.9180393,50.073
1780038644.9240277,50.072
1780038644.9299366,50.072
1780038644.9359715,50.072
1780038644.9421194,50.072
1780038644.94796,50.072
1780038644.9541175,50.071
1780038644.9599068,50.07
1780038644.966035,50.07
1780038644.9720693,50.07
1780038644.9781132,50.069
1780038644.98404,50.069
1780038644.9899268,50.068
1780038644.995993,50.067
1780038645.0019789,50.067
1780038645.007947,50.067
1780038645.0140843,50.066
1780038645.0200162,50.066
1780038645.0260818,50.065
1780038645.0320194,50.065
1780038645.0380309,50.064
1780038645.0440743,50.064
1780038645.0500746,50.063
1780038645.056091,50.063
1780038645.061884,50.063
1780038645.0679674,50.062
1780038645.0739868,50.062
1780038645.0799644,50.061
1780038645.0860562,50.061
1780038645.0919962,50.06
1780038645.0979598,50.06
1780038645.1040137,50.06
1780038645.1099987,50.059
1780038645.1160192,50.059
1780038645.1220217,50.059
1780038645.1280365,50.059
1780038645.134052,50.058
1780038645.1399574,50.058
1780038645.1460435,50.057
1780038645.1520412,50.057
1780038645.1580372,50.056
1780038645.1641023,50.056
1780038645.169854,50.056
1780038645.1759865,50.056
1780038645.1819913,50.056
1780038645.188069,50.055
1780038645.1938982,50.055
1780038645.2000022,50.054
1780038645.2060163,50.054
1780038645.212049,50.053
1780038645.218078,50.053
1780038645.2240787,50.053
1780038645.2299778,50.052
1780038645.2360687,50.052
1780038645.2419963,50.051
1780038645.24802,50.05
1780038645.2540033,50.05
1780038645.2600496,50.05
1780038645.2660024,50.05
1780038645.2719386,50.05
1780038645.2780027,50.049
1780038645.284083,50.048
1780038645.2899837,50.048
1780038645.2960873,50.048
1780038645.3019245,50.047
1780038645.308034,50.046
1780038645.314002,50.047
1780038645.3200243,50.047
1780038645.3259974,50.047
1780038645.3320272,50.046
1780038645.3378842,50.046
1780038645.3437374,50.046
1780038645.350011,50.045
1780038645.356087,50.045
1780038645.3619812,50.044
1780038645.368073,50.043
1780038645.3740127,50.043
1780038645.3800714,50.042
1780038645.3860366,50.042
1780038645.3920183,50.042
1780038645.3979142,50.042
1780038645.4035208,50.041
1780038645.4100306,50.041
1780038645.4160526,50.04
1780038645.421974,50.04
1780038645.4280734,50.039
1780038645.4339495,50.039
1780038645.4400308,50.039
1780038645.445977,50.039
1780038645.4520998,50.039
1780038645.45804,50.039
1780038645.463988,50.04
1780038645.4699743,50.04
1780038645.4760554,50.04
1780038645.4819527,50.039
1780038645.4880607,50.039
1780038645.494026,50.039
1780038645.5000527,50.038
1780038645.5058835,50.038
1780038645.512126,50.038
1780038645.5180337,50.038
1780038645.5240273,50.038
1780038645.5300684,50.038
1780038645.5359316,50.037
1780038645.5419624,50.037
1780038645.5480053,50.037
1780038645.5539656,50.036
1780038645.5601451,50.036
1780038645.5660279,50.036
1780038645.5720687,50.035
1780038645.5779624,50.035
1780038645.5838408,50.035
1780038645.590072,50.035
1780038645.596021,50.035
1780038645.6020782,50.034
1780038645.6079648,50.034
1780038645.6139884,50.034
1780038645.6200101,50.033
1780038645.625997,50.032
1780038645.6320736,50.032
1780038645.6380758,50.032
1780038645.6439548,50.032
1780038645.6500654,50.031
1780038645.6560636,50.032
1780038645.6620421,50.031
1780038645.6681037,50.032
1780038645.6740253,50.032
1780038645.6799185,50.031
1780038645.6859632,50.031
1780038645.6920161,50.031
1780038645.6980155,50.031
1780038645.7040665,50.03
1780038645.7100801,50.03
1780038645.715945,50.03
1780038645.7220101,50.029
1780038645.728027,50.029
1780038645.734038,50.029
1780038645.740025,50.028
1780038645.7460372,50.028
1780038645.7519064,50.028
1780038645.7580042,50.028
1780038645.7641225,50.026
1780038645.7700887,50.026
1780038645.7759507,50.026
1780038645.7821295,50.026
1780038645.7879126,50.025
1780038645.7940326,50.025
1780038645.8000917,50.025
1780038645.806081,50.024
1780038645.8120213,50.024
1780038645.8180857,50.025
1780038645.8240628,50.024
1780038645.830021,50.024
1780038645.8360531,50.023
1780038645.8420813,50.023
1780038645.8479855,50.022
1780038645.8541214,50.021
1780038645.8598778,50.021
1780038645.8661366,50.021
1780038645.8720233,50.021
1780038645.8781385,50.022
1780038645.8841412,50.022
1780038645.8899083,50.022
1780038645.896008,50.022
1780038645.902145,50.022
1780038645.90803,50.021
1780038645.914055,50.021
1780038645.919987,50.022
1780038645.9260695,50.021
1780038645.931865,50.021
1780038645.9380805,50.022
1780038645.9440641,50.021
1780038645.9500349,50.021
1780038645.9561133,50.02
1780038645.961893,50.02
1780038645.9679668,50.02
1780038645.974108,50.019
1780038645.9799657,50.019
1780038645.986062,50.019
1780038645.9920309,50.019
1780038645.9980671,50.019
1780038646.0040722,50.019
1780038646.0100062,50.019
1780038646.0161076,50.019
1780038646.0220582,50.019
1780038646.0280433,50.019
1780038646.0340352,50.018
1780038646.0399685,50.018
1780038646.0460596,50.018
1780038646.052047,50.018
1780038646.058084,50.017
1780038646.0641522,50.016
1780038646.0699875,50.017
1780038646.0760517,50.016
1780038646.0820813,50.016
1780038646.0880318,50.016
1780038646.0940511,50.016
1780038646.1000183,50.016
1780038646.1059241,50.015
1780038646.1120205,50.015
1780038646.1180627,50.015
1780038646.1241636,50.015
1780038646.1300373,50.014
1780038646.1360953,50.014
1780038646.1419852,50.014
1780038646.1481137,50.013
1780038646.153814,50.013
1780038646.1601193,50.014
1780038646.1660244,50.013
1780038646.172083,50.013
1780038646.1779768,50.013
1780038646.1840687,50.013
1780038646.1900096,50.012
1780038646.196021,50.012
1780038646.202037,50.012
1780038646.2080774,50.012
1780038646.2139788,50.012
1780038646.22011,50.012
1780038646.2258966,50.011
1780038646.2319944,50.011
1780038646.238042,50.011
1780038646.2440827,50.011
1780038646.2500532,50.011
1780038646.2559962,50.011
1780038646.2619894,50.011
1780038646.2680852,50.01
1780038646.2739651,50.01
1780038646.2801023,50.01
1780038646.2860355,50.009
1780038646.2921615,50.009
1780038646.297983,50.009
1780038646.3041208,50.009
1780038646.310104,50.008
1780038646.3160622,50.009
1780038646.3220887,50.009
1780038646.3279886,50.008
1780038646.334025,50.009
1780038646.3400447,50.008
1780038646.3459945,50.008
1780038646.3521056,50.008
1780038646.3580651,50.008
1780038646.3640444,50.008
1780038646.370074,50.008
1780038646.3758326,50.008
1780038646.3820858,50.008
1780038646.3880816,50.008
1780038646.3941035,50.008
1780038646.3999588,50.008
1780038646.406029,50.007
1780038646.4121358,50.007
1780038646.4180076,50.006
1780038646.4241447,50.006
1780038646.4301484,50.006
1780038646.4359868,50.006
1780038646.4420526,50.006
1780038646.4479556,50.005
1780038646.4540663,50.005
1780038646.4600456,50.005
1780038646.466018,50.006
1780038646.4719267,50.006
1780038646.477988,50.006
1780038646.4840345,50.006
1780038646.4900773,50.006
1780038646.49599,50.006
1780038646.5020883,50.006
1780038646.5079844,50.006
1780038646.5140731,50.006
1780038646.5200515,50.006
1780038646.5260375,50.006
1780038646.5320706,50.006
1780038646.538087,50.005
1780038646.54405,50.005
1780038646.5498824,50.005
1780038646.5559943,50.005
1780038646.5620847,50.004
1780038646.5679948,50.004
1780038646.5740805,50.004
1780038646.5800028,50.004
1780038646.5860658,50.004
1780038646.5920687,50.004
1780038646.5980828,50.004
1780038646.6041172,50.004
1780038646.6101089,50.004
1780038646.616067,50.004
1780038646.6219234,50.004
1780038646.6280103,50.003
1780038646.6340413,50.003
1780038646.6400476,50.003
1780038646.646054,50.003
1780038646.6520624,50.002
1780038646.658087,50.003
1780038646.6639686,50.002
1780038646.6698937,50.002
1780038646.6760564,50.002
1780038646.6820157,50.002
1780038646.6880348,50.002
1780038646.6940372,50.002
1780038646.7000275,50.002
1780038646.7060513,50.002
1780038646.7119305,50.002
1780038646.718081,50.001
1780038646.7240665,50.001
1780038646.7300582,50.001
1780038646.7361248,50.001
1780038646.7419255,50.001
1780038646.7480624,50.001
1780038646.7540495,50.001
1780038646.7600632,50.001
1780038646.7660275,50.001
1780038646.7720547,50.001
1780038646.7780154,50.001
1780038646.784044,50.001
1780038646.7900145,50.001
1780038646.7961066,50.001
1780038646.8020618,50.0
1780038646.8081677,50.0
1780038646.8139553,50.0
1780038646.8200543,50.0
1780038646.826011,50.001
1780038646.8321133,50.0
1780038646.8380706,50.0
1780038646.8441164,50.0
1780038646.850038,50.0
1780038646.8560197,50.0
1780038646.8620312,50.0
1780038646.8681142,49.255
1780038646.8740418,49.255
1780038646.880101,49.255
1780038646.8860357,49.254
1780038646.892075,49.254
1780038646.8980548,49.254
1780038646.9041133,49.254
1780038646.9100378,49.254
1780038646.9160945,49.254
1780038646.9220846,49.255
1780038646.9281232,49.255
1780038646.9340067,49.255
1780038646.9401,49.255
1780038646.9460495,49.255
1780038646.9521382,49.255
1780038646.958048,49.254
1780038646.9640138,49.255
1780038646.9700453,49.255
1780038646.9760878,49.255
1780038646.9821217,49.255
1780038646.988053,49.254
1780038646.9940994,49.255
1780038647.0000687,49.255
1780038647.0059738,49.254
1780038647.0120575,49.254
1780038647.017964,49.254
1780038647.0240679,49.253
1780038647.0300765,49.254
1780038647.0359993,49.253
1780038647.0420518,49.254
1780038647.0480845,49.253
1780038647.054096,49.254
1780038647.0600846,49.254
1780038647.0661125,49.253
1780038647.0719545,49.253
1780038647.0780315,49.253
1780038647.0838926,49.253
1780038647.089587,49.253
1780038647.096086,49.253
1780038647.1020942,49.253
1780038647.1080055,49.253
1780038647.1141093,49.253
1780038647.120048,49.253
1780038647.1260889,49.253
1780038647.132129,49.253
1780038647.1380847,49.253
1780038647.144011,49.254
1780038647.1499553,49.253
1780038647.1559963,49.253
1780038647.162038,49.253
1780038647.1680753,49.253
1780038647.1741035,49.253
1780038647.1800663,49.253
1780038647.1860993,49.253
1780038647.1919274,49.252
1780038647.1981552,49.253
1780038647.2041261,49.253
1780038647.2101066,49.253
1780038647.2160413,49.253
1780038647.222027,49.252
1780038647.2280798,49.253
1780038647.2340426,49.253
1780038647.2399676,49.253
1780038647.2461474,49.253
1780038647.2520542,49.252
1780038647.258168,49.252
1780038647.2641227,49.253
1780038647.2699542,49.253
1780038647.2760723,49.253
1780038647.2820344,49.253
1780038647.2880318,49.252
1780038647.2940633,49.253
1780038647.3000634,49.253
1780038647.3059356,49.253
1780038647.3120399,49.253
1780038647.3181334,49.252
1780038647.324051,49.253
1780038647.330131,49.252
1780038647.3361652,49.253
1780038647.3420303,49.252
1780038647.348067,49.252
1780038647.3540792,49.251
1780038647.3600335,49.252
1780038647.366069,49.252
1780038647.3720615,49.252
1780038647.377984,49.252
1780038647.384144,49.252
1780038647.390112,49.252
1780038647.3961704,49.252
1780038647.4020748,49.251
1780038647.4081206,49.251
1780038647.4140673,49.251
1780038647.4201424,49.252
1780038647.425902,49.251
1780038647.4321814,49.252
1780038647.4380257,49.252
1780038647.4441974,49.252
1780038647.450185,49.252
1780038647.4559844,49.252
1780038647.462034,49.252
1780038647.468064,49.251
1780038647.4739738,49.251
1780038647.4801042,49.252
1780038647.4860508,49.252
1780038647.492112,49.252
1780038647.4979594,49.251
1780038647.5041773,49.252
1780038647.5101995,49.251
1780038647.51607,49.252
1780038647.5220869,49.251
1780038647.5280213,49.252
1780038647.5340674,49.252
1780038647.540066,49.252
1780038647.5459404,49.252
1780038647.5521417,49.252
1780038647.5580103,49.252
1780038647.5641522,49.252
1780038647.5701559,49.252
1780038647.5758796,49.252
1780038647.5821283,49.252
1780038647.588017,49.252
1780038647.5940735,49.252
1780038647.6000035,49.252
1780038647.6060429,49.252
1780038647.6121147,49.252
1780038647.617988,49.252
1780038647.6241655,49.252
1780038647.6302326,49.252
1780038647.6360793,49.252
1780038647.6421397,49.252
1780038647.6479735,49.251
1780038647.654113,49.251
1780038647.6600294,49.252
1780038647.6660378,49.252
1780038647.6720746,49.253
1780038647.6781049,49.253
1780038647.6839797,49.253
1780038647.6901193,49.253
1780038647.6959865,49.253
1780038647.7021804,49.253
1780038647.7080681,49.252
1780038647.7140937,49.252
1780038647.7200148,49.252
1780038647.7261753,49.252
1780038647.7319431,49.252
1780038647.7380502,49.252
1780038647.7440734,49.252
1780038647.750155,49.252
1780038647.7561042,49.252
1780038647.7619832,49.252
1780038647.7680194,49.253
1780038647.774046,49.253
1780038647.7800066,49.252
1780038647.7860396,49.253
1780038647.7920022,49.252
1780038647.7981634,49.253
1780038647.8040264,49.253
1780038647.8099902,49.252
1780038647.816049,49.253
1780038647.8221452,49.253
1780038647.8281245,49.253
1780038647.8340597,49.253
1780038647.8400671,49.253
1780038647.845957,49.253
1780038647.8520384,49.253
1780038647.858066,49.253
1780038647.863979,49.253
1780038647.8702602,49.253
1780038647.876109,49.253
1780038647.8820076,49.253
1780038647.8881083,49.253
1780038647.8939152,49.253
1780038647.9000964,49.253
1780038647.9061208,49.253
1780038647.9120996,49.253
1780038647.9180596,49.253
1780038647.9240584,49.254
1780038647.930109,49.253
1780038647.9360592,49.254
1780038647.9419808,49.253
1780038647.9481232,49.253
1780038647.9540157,49.253
1780038647.9601839,49.254
1780038647.9659777,49.253
1780038647.9720948,49.253
1780038647.9780314,49.254
1780038647.984067,49.253
1780038647.990136,49.253
1780038647.9960573,49.253
1780038648.0020611,49.253
1780038648.0080588,49.254
1780038648.0140162,49.254
1780038648.0200963,49.254
1780038648.026009,49.254
1780038648.0321162,49.254
1780038648.0380719,49.253
1780038648.044111,49.254
1780038648.0500736,49.254
1780038648.0560853,49.254
1780038648.0621054,49.253
1780038648.068139,49.254
1780038648.0740893,49.254
1780038648.0799613,49.254
1780038648.0860531,49.254
1780038648.0920525,49.253
1780038648.0980809,49.253
1780038648.1041074,49.253
1780038648.110035,49.253
1780038648.1160908,49.254
1780038648.1221359,49.254
1780038648.1279476,49.253
1780038648.134042,49.253
1780038648.1401367,49.253
1780038648.1460779,49.253
1780038648.152082,49.253
1780038648.158065,49.254
1780038648.164053,49.254
1780038648.1701138,49.254
1780038648.1760225,49.255
1780038648.1821036,49.255
1780038648.1880794,49.254
1780038648.1941328,49.254
1780038648.200072,49.254
1780038648.2061357,49.254
1780038648.2120163,49.254
1780038648.2180712,49.254
1780038648.2238665,49.254
1780038648.2301624,49.254
1780038648.2361045,49.255
1780038648.2420993,49.255
1780038648.2480762,49.255
1780038648.2539954,49.255
1780038648.260059,49.255
1780038648.2660599,49.255
1780038648.2720137,49.255
1780038648.2781196,49.255
1780038648.2840111,50.0
1780038648.2900734,50.0
1780038648.2961037,50.0
1780038648.3018727,50.0
1780038648.3081439,50.0
1780038648.31406,50.0
1780038648.3201008,50.0
1780038648.326018,50.0
1780038648.3320286,50.0
1780038648.338065,50.0
1780038648.343954,50.0
1780038648.3500896,50.0
1780038648.3561077,50.0
1780038648.3620315,50.001
1780038648.3681753,50.0
1780038648.37398,50.0
1780038648.380087,50.0
1780038648.3861067,50.0
1780038648.392095,50.0
1780038648.3981116,50.0
1780038648.404116,50.0
1780038648.4100227,50.001
1780038648.4160545,50.001
1780038648.4220557,50.001
1780038648.428053,50.001
1780038648.4340837,50.001
1780038648.4401226,50.001
1780038648.4460273,50.001
1780038648.4522042,50.001
1780038648.457993,50.001
1780038648.464087,50.001
1780038648.4701815,50.002
1780038648.4760482,50.001
1780038648.4821029,50.001
1780038648.4880826,50.001
1780038648.494058,50.001
1780038648.500094,50.001
1780038648.5059826,50.001
1780038648.5120783,50.001
1780038648.5180757,50.001
1780038648.524176,50.001
1780038648.5301206,50.001
1780038648.5359654,50.001
1780038648.542097,50.001
1780038648.548039,50.0
1780038648.5541358,50.001
1780038648.5600455,50.001
1780038648.5660605,50.0
1780038648.5720527,50.001
1780038648.5780575,50.001
1780038648.5841107,50.001
1780038648.5900857,50.001
1780038648.5960453,50.001
1780038648.602124,50.001
1780038648.608077,50.001
1780038648.6141937,50.001
1780038648.6200275,50.001
1780038648.6261313,50.001
1780038648.6320941,50.001
1780038648.6380718,50.001
1780038648.644098,50.001
1780038648.6501076,50.001
1780038648.6561313,50.001
1780038648.6619835,50.001
1780038648.6680684,50.0
1780038648.6740785,50.001
1780038648.68001,50.0
1780038648.686106,50.001
1780038648.6924245,50.0
1780038648.6983254,50.0
1780038648.7040148,49.255
1780038648.7101157,49.255
1780038648.7161305,49.255
1780038648.7220633,50.0
1780038648.7281575,50.0
1780038648.734097,50.001
1780038648.7401192,50.0
1780038648.7459414,50.0
1780038648.7520092,50.0
1780038648.7580721,50.0
1780038648.7640054,50.0
1780038648.7702022,50.0
1780038648.7762566,50.0
1780038648.782071,50.0
1780038648.788168,50.0
1780038648.7939222,50.0
1780038648.799631,50.0
1780038648.8055363,50.0
1780038648.8112586,50.0
1780038648.8171391,50.0
1780038648.8230438,50.0
1780038648.8289278,50.0
1780038648.8349125,49.255
1780038648.8408473,49.255
1780038648.8468688,49.255
1780038648.8530588,49.255
1780038648.8589916,49.254
1780038648.8649094,49.254
1780038648.8708394,49.254
1780038648.8768864,49.254
1780038648.8827438,49.254
1780038648.8888896,49.254
1780038648.8948603,49.255
1780038648.9009576,49.255
1780038648.906884,49.255
1780038648.9128714,49.255
1780038648.918915,49.254
1780038648.924733,49.254
1780038648.9308176,49.254
1780038648.9368515,49.254
1780038648.942951,49.254
1780038648.9489186,49.255
1780038648.9549048,49.254
1780038648.9609027,49.254
1780038648.9669425,49.254
1780038648.9727643,49.254
1780038648.9788804,49.254
1780038648.9849162,49.254
1780038648.9908602,49.254
1780038648.996902,49.255
1780038649.0029142,49.254
1780038649.0088177,49.255
1780038649.0149398,49.255
1780038649.0208476,49.254
1780038649.0268738,49.255
1780038649.032868,49.254
1780038649.038934,49.254
1780038649.0448415,49.254
1780038649.0509357,49.254
1780038649.0567951,49.254
1780038649.0629253,49.254
1780038649.0688338,49.255
1780038649.0748892,49.255
1780038649.080925,50.0
1780038649.0869043,50.0
1780038649.0928712,50.0
1780038649.098744,50.0
1780038649.1048543,50.0
1780038649.1109028,50.0
1780038649.1168199,50.0
1780038649.1229355,50.0
1780038649.1288197,50.0
1780038649.1349566,50.0
1780038649.1409516,49.255
1780038649.1468072,50.0
1780038649.1528697,49.255
1780038649.1589985,49.255
1780038649.1649516,50.0
1780038649.1708977,50.0
1780038649.1768615,50.0
1780038649.1828392,50.0
1780038649.1888778,50.0
1780038649.1947663,50.0
1780038649.2005887,49.255
1780038649.2069297,49.255
1780038649.212926,49.255
1780038649.2189057,49.255
1780038649.2249522,49.255
1780038649.2308736,49.255
1780038649.2369132,49.255
1780038649.2427099,50.0
1780038649.2490087,50.0
1780038649.254945,50.0
1780038649.2609477,49.255
1780038649.2668836,50.0
1780038649.2728565,49.255
1780038649.2789059,50.0
1780038649.284937,50.0
1780038649.2908387,49.255
1780038649.2968469,49.255
1780038649.3029337,49.254
1780038649.3089201,49.254
1780038649.3148794,49.255
1780038649.3208158,49.254
1780038649.327001,49.255
1780038649.3327744,49.255
1780038649.3389087,49.254
1780038649.344848,49.255
1780038649.3508606,49.255
1780038649.3569496,49.255
1780038649.3628912,49.255
1780038649.368822,49.255
1780038649.374943,49.255
1780038649.3809063,49.255
1780038649.3868654,49.255
1780038649.3928685,49.254
1780038649.3989997,49.255
1780038649.4048173,49.255
1780038649.4109585,49.255
1780038649.4168365,49.254
1780038649.422957,49.254
1780038649.42869,49.254
1780038649.4349873,49.255
1780038649.4409873,49.254
1780038649.4468925,49.254
1780038649.452908,49.255
1780038649.4588518,49.255
1780038649.4648752,49.254
1780038649.4708774,49.254
1780038649.4768085,49.254
1780038649.482933,49.254
1780038649.488867,49.254
1780038649.4949474,49.254
1780038649.5009906,49.253
1780038649.506854,49.254
1780038649.5129232,49.254
1780038649.5187008,49.254
1780038649.5249393,49.254
1780038649.530861,49.254
1780038649.5368948,49.255
1780038649.5429146,49.255
1780038649.5489032,49.255
1780038649.5548065,50.0
1780038649.5609255,49.255
1780038649.56682,49.255
1780038649.5729878,49.255
1780038649.5788722,49.255
1780038649.5849223,49.255
1780038649.5908144,49.255
1780038649.5969803,49.255
1780038649.6028273,49.254
1780038649.6089606,49.255
1780038649.614935,49.255
1780038649.6209223,49.255
1780038649.6269183,50.0
1780038649.6328905,49.255
1780038649.6388679,49.255
1780038649.6447854,50.0
1780038649.6508403,50.0
1780038649.6568885,49.255
1780038649.6628754,49.255
1780038649.6689808,49.255
1780038649.674879,50.0
1780038649.6809776,49.255
1780038649.6869314,49.255
1780038649.6928248,49.255
1780038649.6989114,49.255
1780038649.7046971,50.0
1780038649.7109406,50.0
1780038649.7168775,50.0
1780038649.722918,50.0
1780038649.7288315,50.0
1780038649.7348802,50.0
1780038649.7409382,50.0
1780038649.7469375,50.0
1780038649.752813,50.0
1780038649.7590258,50.0
1780038649.7648563,50.0
1780038649.770954,50.0
1780038649.7768342,50.0
1780038649.7829893,50.0
1780038649.788741,49.255
1780038649.7949872,49.255
1780038649.800852,49.255
1780038649.8069105,49.255
1780038649.8128896,49.255
1780038649.8188562,49.255
1780038649.8248742,49.254
1780038649.8308525,49.254
1780038649.8368347,49.254
1780038649.8428903,49.254
1780038649.848823,49.254
1780038649.8549268,49.254
1780038649.860852,49.254
1780038649.8668995,49.253
1780038649.8729722,49.253
1780038649.87874,49.253
1780038649.884857,49.253
1780038649.8908672,49.253
1780038649.8969145,49.253
1780038649.9029446,49.254
1780038649.9088817,49.254
1780038649.9147992,49.254
1780038649.9208899,49.254
1780038649.9268458,49.254
1780038649.9329758,49.254
1780038649.938883,49.254
1780038649.9449825,49.253
1780038649.9508688,49.254
1780038649.956935,49.254
1780038649.9628322,49.254
1780038649.968929,49.254
1780038649.974943,49.254
1780038649.9809103,49.254
1780038649.9868855,49.254
1780038649.9929621,49.254
1780038649.9989455,49.255
1780038650.0048254,49.255
1780038650.0109017,49.255
1780038650.016905,49.254
1780038650.0228865,49.254
1780038650.0289226,49.254
1780038650.0348504,49.254
1780038650.0409591,49.254
1780038650.0469706,49.255
1780038650.0528631,49.254
1780038650.0589933,49.254
1780038650.0647306,49.254
1780038650.0709739,49.255
1780038650.07687,49.255
1780038650.0828764,49.255
1780038650.0888832,49.255
1780038650.0948925,50.0
1780038650.1007533,50.0
1780038650.10637,50.0
1780038650.1125047,50.0
1780038650.1184537,50.0
1780038650.1244278,50.0
1780038650.1301482,50.0
1780038650.1361194,50.001
1780038650.1419394,50.001
1780038650.1478815,50.001
1780038650.1535757,50.0
1780038650.1597376,50.0
1780038650.1657073,50.0
1780038650.1716661,50.001
1780038650.1777422,50.001
1780038650.1836715,50.002
1780038650.1896994,50.002
1780038650.195535,50.003
1780038650.20166,50.003
1780038650.2076998,50.003
1780038650.2137153,50.003
1780038650.219763,50.003
1780038650.2258022,50.003
1780038650.2316976,50.002
1780038650.2377486,50.003
1780038650.2435927,50.003
1780038650.2497554,50.002
1780038650.255708,50.002
1780038650.2616885,50.003
1780038650.2677813,50.003
1780038650.2736993,50.003
1780038650.2796733,50.004
1780038650.2857516,50.004
1780038650.291684,50.004
1780038650.2976809,50.004
1780038650.3036199,50.004
1780038650.309764,50.005
1780038650.3156874,50.004
1780038650.3218179,50.005
1780038650.327692,50.005
1780038650.333778,50.005
1780038650.3395889,50.005
1780038650.3458006,50.005
1780038650.351748,50.005
1780038650.357795,50.005
1780038650.36375,50.005
1780038650.36965,50.005
1780038650.3756833,50.005
1780038650.3815813,50.005
1780038650.3876312,50.005
1780038650.3936725,50.005
1780038650.3996542,50.005
1780038650.405737,50.004
1780038650.411819,50.004
1780038650.4176755,50.004
1780038650.4237685,50.003
1780038650.4295385,50.003
1780038650.4357936,50.003
1780038650.4416509,50.003
1780038650.4477844,50.004
1780038650.4536994,50.004
1780038650.4596992,50.005
1780038650.4657183,50.005
1780038650.471652,50.005
1780038650.4776373,50.005
1780038650.4836867,50.005
1780038650.4896448,50.005
1780038650.4958053,50.006
1780038650.5016944,50.005
1780038650.5077488,50.006
1780038650.5136163,50.006
1780038650.5197794,50.006
1780038650.5257127,50.006
1780038650.531746,50.006
1780038650.5377085,50.006
1780038650.5437243,50.007
1780038650.549712,50.007
1780038650.5556452,50.007
1780038650.5616913,50.006
1780038650.5677085,50.006
1780038650.5735967,50.007
1780038650.579825,50.007
1780038650.5855365,50.007
1780038650.5909147,50.02
1780038650.5961797,50.022
1780038650.6014087,50.026
1780038650.607008,50.03
1780038650.6122298,50.036
1780038650.617862,50.041
1780038650.623087,50.044
1780038650.6286385,50.048
1780038650.6338649,50.053
1780038650.6393921,50.057
1780038650.6446173,50.061
1780038650.6501977,50.067
1780038650.6554315,50.069
1780038650.6609986,50.074
1780038650.666221,50.079
1780038650.6718497,50.082
1780038650.6771019,50.087
1780038650.6826286,50.093
1780038650.6878572,50.095
1780038650.6934285,50.099
1780038650.698656,50.104
1780038650.704235,50.107
1780038650.7094553,50.112
1780038650.7150457,50.118
1780038650.7202914,50.12
1780038650.725836,50.124
1780038650.73106,50.129
1780038650.7366016,50.132
1780038650.7418134,50.137
1780038650.7474387,50.142
1780038650.7526748,50.145
1780038650.7582521,50.148
1780038650.763478,50.153
1780038650.7690446,50.156
1780038650.7742772,50.16
1780038650.7798393,50.164
1780038650.785074,50.169
1780038650.7906463,50.171
1780038650.7958715,50.175
1780038650.8014088,50.179
1780038650.8066373,50.183
1780038650.812248,50.186
1780038650.8174915,50.192
1780038650.8230126,50.194
1780038650.828235,50.198
1780038650.833815,50.201
1780038650.839039,50.206
1780038650.8446202,50.208
1780038650.849869,50.214
1780038650.8554237,50.215
1780038650.8606365,50.22
1780038650.8662639,50.224
1780038650.8714898,50.227
1780038650.8770554,50.231
1780038650.8823137,50.236
1780038650.8878002,50.237
1780038650.8930244,50.242
1780038650.8986564,50.245
1780038650.9038856,50.248
1780038650.9093907,50.252
1780038650.9146216,51.001
1780038650.9202166,51.002
1780038650.9254448,51.006
1780038650.9310052,51.009
1780038650.9362411,51.013
1780038650.9417953,51.016
1780038650.9470205,51.023
1780038650.9526484,51.023
1780038650.9578733,51.026
1780038650.9634016,51.029
1780038650.9686387,51.033
1780038650.9742424,51.036
1780038650.9794698,51.041
1780038650.9850578,51.044
1780038650.9902978,51.046
1780038650.9958158,51.049
1780038651.0010512,51.053
1780038651.0066123,51.056
1780038651.0118418,51.06
1780038651.0174704,51.064
1780038651.0226994,51.065
1780038651.0282426,51.068
1780038651.0334785,51.072
1780038651.0390017,51.075
1780038651.0442362,51.078
1780038651.0498602,51.083
1780038651.0550945,51.084
1780038651.0606453,51.087
1780038651.065879,51.09
1780038651.071496,51.093
1780038651.0769072,51.096
1780038651.0822704,51.101
1780038651.0875022,51.102
1780038651.0930533,51.105
1780038651.0983052,51.109
1780038651.103812,51.111
1780038651.1090665,51.114
1780038651.1146722,51.119
1780038651.1199062,51.12
1780038651.1254416,51.123
1780038651.1306765,51.126
1780038651.1362166,51.128
1780038651.1414416,51.132
1780038651.1470191,51.136
1780038651.1522589,51.137
1780038651.1578662,51.14
1780038651.1631038,51.143
1780038651.168639,51.145
1780038651.1738737,51.149
1780038651.179415,51.153
1780038651.1846628,51.155
1780038651.1902628,51.156
1780038651.195495,51.16
1780038651.2010365,51.162
1780038651.2062626,51.165
1780038651.2118566,51.168
1780038651.2170997,51.172
1780038651.222646,51.172
1780038651.2278678,51.176
1780038651.2334077,51.178
1780038651.2386413,51.181
1780038651.2442138,51.183
1780038651.249456,51.188
1780038651.2550123,51.188
1780038651.260245,51.192
1780038651.2658567,51.194
1780038651.2710826,51.197
1780038651.2766495,51.198
1780038651.281899,51.204
1780038651.287412,51.204
1780038651.2926419,51.207
1780038651.298251,51.209
1780038651.303482,51.212
1780038651.3090134,51.214
1780038651.3142576,51.219
1780038651.3199227,51.219
1780038651.3253348,51.222
1780038651.330612,51.225
1780038651.3358448,51.227
1780038651.3414192,51.229
1780038651.3466501,51.234
1780038651.3522284,51.234
1780038651.357461,51.237
1780038651.3632758,51.229
1780038651.3695843,51.225
1780038651.3757346,51.224
1780038651.3816633,51.223
1780038651.3874156,51.222
1780038651.393343,51.221
1780038651.3992581,51.219
1780038651.4052682,51.217
1780038651.4113138,51.215
1780038651.4173238,51.212
1780038651.423299,51.209
1780038651.4292686,51.207
1780038651.4352758,51.205
1780038651.4412813,51.202
1780038651.4472897,51.2
1780038651.453291,51.198
1780038651.4593575,51.195
1780038651.4652662,51.193
1780038651.4713135,51.191
1780038651.4772618,51.189
1780038651.4833112,51.186
1780038651.489267,51.184
1780038651.4953861,51.183
1780038651.5013351,51.181
1780038651.5072658,51.179
1780038651.513258,51.176
1780038651.5194232,51.174
1780038651.525266,51.172
1780038651.53132,51.169
1780038651.5372357,51.167
1780038651.543288,51.165
1780038651.549356,51.163
1780038651.5553079,51.161
1780038651.5613503,51.159
1780038651.5673227,51.157
1780038651.573277,51.154
1780038651.5794387,51.152
1780038651.585259,51.15
1780038651.5913198,51.147
1780038651.5971494,51.146
1780038651.603442,51.144
1780038651.6092806,51.142
1780038651.6153543,51.14
1780038651.6213417,51.138
1780038651.627373,51.135
1780038651.6333075,51.133
1780038651.639345,51.131
1780038651.6452963,51.128
1780038651.651398,51.126
1780038651.6571453,51.124
1780038651.6634345,51.123
1780038651.6692967,51.121
1780038651.6753302,51.119
1780038651.6813388,51.117
1780038651.687278,51.115
1780038651.6932626,51.113
1780038651.6993973,51.111
1780038651.7052643,51.11
1780038651.7113194,51.108
1780038651.7171288,51.106
1780038651.7233493,51.104
1780038651.729344,51.102
1780038651.735354,51.1
1780038651.741345,51.098
1780038651.7472928,51.096
1780038651.753261,51.094
1780038651.759431,51.092
1780038651.7652986,51.09
1780038651.7713122,51.088
1780038651.7772431,51.086
1780038651.7833302,51.085
1780038651.7894013,51.083
1780038651.7952673,51.081
1780038651.801258,51.079
1780038651.8074114,51.077
1780038651.813277,51.075
1780038651.819315,51.073
1780038651.8252666,51.071
1780038651.8313663,51.07
1780038651.8372784,51.068
1780038651.8432994,51.067
1780038651.8493364,51.065
1780038651.855266,51.063
1780038651.8613017,51.061
1780038651.8672888,51.06
1780038651.873321,51.058
1780038651.8794417,51.056
1780038651.885283,51.054
1780038651.8913088,51.053
1780038651.897395,51.051
1780038651.9034498,51.05
1780038651.9092813,51.048
1780038651.9152873,51.047
1780038651.9212632,51.046
1780038651.9272914,51.044
1780038651.93329,51.043
1780038651.9393156,51.041
1780038651.9452584,51.039
1780038651.951371,51.038
1780038651.9572995,51.036
1780038651.9632812,51.035
1780038651.969324,51.033
1780038651.9753146,51.032
1780038651.9812884,51.03
1780038651.987299,51.029
1780038651.9932451,51.027
1780038651.9993265,51.025
1780038652.005284,51.024
1780038652.0113978,51.022
1780038652.0171428,51.021
1780038652.0233533,51.019
1780038652.0293524,51.017
1780038652.0353787,51.016
1780038652.0413375,51.015
1780038652.0472002,51.014
1780038652.0532718,51.012
1780038652.0593138,51.01
1780038652.0652902,51.009
1780038652.071331,51.007
1780038652.077216,51.006
1780038652.0832615,51.005
1780038652.0893643,51.003
1780038652.0954325,51.002
1780038652.1013653,51.001
1780038652.1072369,50.255
1780038652.113224,50.253
1780038652.1193345,50.251
1780038652.1252773,50.25
1780038652.1313198,50.249
1780038652.1371474,50.247
1780038652.1434627,50.246
1780038652.149278,50.245
1780038652.1553283,50.244
1780038652.161285,50.243
1780038652.1672385,50.241
1780038652.173284,50.24
1780038652.1793175,50.239
1780038652.1852703,50.238
1780038652.1914265,50.237
1780038652.1971698,50.236
1780038652.2033608,50.234
1780038652.209392,50.233
1780038652.2153306,50.232
1780038652.2212858,50.23
1780038652.227279,50.229
1780038652.2332678,50.228
1780038652.2393181,50.227
1780038652.2453175,50.225
1780038652.2513182,50.224
1780038652.2572148,50.223
1780038652.2632668,50.222
1780038652.2692966,50.221
1780038652.2753038,50.219
1780038652.2813685,50.218
1780038652.2872272,50.217
1780038652.293218,50.215
1780038652.2994425,50.214
1780038652.30527,50.213
1780038652.3113465,50.212
1780038652.31719,50.211
1780038652.3233607,50.21
1780038652.3293576,50.208
1780038652.3354015,50.208
1780038652.3413663,50.207
1780038652.3472378,50.205
1780038652.3532488,50.204
1780038652.3594503,50.203
1780038652.3652887,50.202
1780038652.3714268,50.2
1780038652.377224,50.199
1780038652.3833406,50.198
1780038652.3894174,50.197
1780038652.395311,50.196
1780038652.4013784,50.195
1780038652.4072387,50.194
1780038652.413262,50.193
1780038652.4193435,50.191
1780038652.4252772,50.19
1780038652.4314642,50.189
1780038652.4372733,50.188
1780038652.443354,50.187
1780038652.449304,50.186
1780038652.4554696,50.185
1780038652.4614456,50.184
1780038652.4672716,50.183
1780038652.4732628,50.182
1780038652.479379,50.181
1780038652.4852989,50.18
1780038652.4914343,50.179
1780038652.4973087,50.178
1780038652.503322,50.177
1780038652.509214,50.176
1780038652.5153484,50.175
1780038652.5212946,50.174
1780038652.527319,50.173
1780038652.5333385,50.172
1780038652.539241,50.171
1780038652.5452588,50.17
1780038652.5513222,50.169
1780038652.5573125,50.168
1780038652.5633864,50.167
1780038652.5692685,50.166
1780038652.575191,50.165
1780038652.581349,50.164
1780038652.5873983,50.163
1780038652.5932956,50.162
1780038652.5992553,50.161
1780038652.605259,50.16
1780038652.6114419,50.159
1780038652.6173108,50.158
1780038652.623333,50.157
1780038652.6292915,50.156
1780038652.6352465,50.155
1780038652.641333,50.154
1780038652.6473138,50.154
1780038652.6532867,50.153
1780038652.659312,50.152
1780038652.6652842,50.151
1780038652.671318,50.15
1780038652.6772635,50.148
1780038652.6833417,50.148
1780038652.6893125,50.147
1780038652.6953757,50.146
1780038652.7014828,50.145
1780038652.707161,50.145
1780038652.7133908,50.144
1780038652.7193117,50.143
1780038652.7253547,50.142
1780038652.731284,50.141
1780038652.7372773,50.141
1780038652.7433734,50.14
1780038652.7492986,50.139
1780038652.7552712,50.138
1780038652.7614532,50.138
1780038652.7672763,50.137
1780038652.7736363,50.136
1780038652.7792904,50.135
1780038652.785395,50.134
1780038652.791308,50.133
1780038652.7972844,50.133
1780038652.8033154,50.132
1780038652.80929,50.132
1780038652.8153684,50.131
1780038652.8213842,50.13
1780038652.827318,50.129
1780038652.8333626,50.128
1780038652.8393254,50.128
1780038652.8452978,50.127
1780038652.851321,50.126
1780038652.8573828,50.126
1780038652.8633182,50.125
1780038652.8692675,50.124
1780038652.8753636,50.124
1780038652.881354,50.124
1780038652.8872826,50.122
1780038652.893388,50.122
1780038652.8992438,50.121
1780038652.90536,50.12
1780038652.9113362,50.12
1780038652.9172935,50.119
1780038652.923288,50.118
1780038652.9293277,50.118
1780038652.9353137,50.117
1780038652.9412875,50.116
1780038652.9473011,50.116
1780038652.9533825,50.115
1780038652.959534,50.114
1780038652.9654942,50.113
1780038652.9713545,50.113
1780038652.9772868,50.112
1780038652.983326,50.112
1780038652.989392,50.111
1780038652.995309,50.11
1780038653.0012944,50.109
1780038653.0073113,50.109
1780038653.0133278,50.108
1780038653.0192814,50.107
1780038653.0253088,50.106
1780038653.0311356,50.105
1780038653.0373511,50.105
1780038653.0433116,50.105
1780038653.04934,50.104
1780038653.0553675,50.104
1780038653.0612922,50.104
1780038653.0672417,50.102
1780038653.0735197,50.102
1780038653.0793192,50.101
1780038653.0854392,50.101
1780038653.0912313,50.1
1780038653.097275,50.1
1780038653.1034105,50.1
1780038653.1094246,50.099
1780038653.1153705,50.098
1780038653.1212645,50.098
1780038653.1272929,50.097
1780038653.13329,50.096
1780038653.1393137,50.096
1780038653.1453762,50.095
1780038653.1513233,50.094
1780038653.1573722,50.093
1780038653.1631396,50.092
1780038653.1694753,50.092
1780038653.175424,50.092
1780038653.1812994,50.091
1780038653.1873076,50.091
1780038653.1933749,50.091
1780038653.1993308,50.09
1780038653.2053676,50.089
1780038653.2113307,50.088
1780038653.2173178,50.088
1780038653.2231843,50.087
1780038653.2293613,50.087
1780038653.2353191,50.086
1780038653.241332,50.086
1780038653.2473876,50.085
1780038653.253201,50.085
1780038653.2594151,50.084
1780038653.265423,50.084
1780038653.27127,50.084
1780038653.2773705,50.084
1780038653.2832847,50.083
1780038653.2893324,50.082
1780038653.2954054,50.082
1780038653.3012836,50.082
1780038653.3074038,50.082
1780038653.3133245,50.081
1780038653.3193603,50.081
1780038653.3252387,50.081
1780038653.3312435,50.08
1780038653.337361,50.08
1780038653.343296,50.079
1780038653.3493848,50.079
1780038653.3553386,50.078
1780038653.361167,50.078
1780038653.3674386,50.077
1780038653.3733876,50.077
1780038653.3793333,50.076
1780038653.385261,50.076
1780038653.391276,50.075
1780038653.3972862,50.075
1780038653.4033282,50.074
1780038653.4093513,50.073
1780038653.4154942,50.073
1780038653.4212563,50.072
1780038653.4272978,50.072
1780038653.433402,50.072
1780038653.439356,50.071
1780038653.4453166,50.071
1780038653.4513533,50.071
1780038653.4573958,50.07
1780038653.4632802,50.07
1780038653.4694073,50.069
1780038653.4753458,50.069
1780038653.481277,50.069
1780038653.487377,50.068
1780038653.493182,50.068
1780038653.499462,50.068
1780038653.505318,50.067
1780038653.5113478,50.067
1780038653.517284,50.066
1780038653.5232801,50.066
1780038653.5292451,50.066
1780038653.535485,50.065
1780038653.5413125,50.065
1780038653.5474474,50.065
1780038653.5532975,50.064
1780038653.5593765,50.063
1780038653.5652833,50.063
1780038653.5714052,50.063
1780038653.5773368,50.062
1780038653.5833623,50.062
1780038653.5892606,50.062
1780038653.5953684,50.061
1780038653.6012642,50.061
1780038653.6073904,50.06
1780038653.6133647,50.06
1780038653.619413,50.059
1780038653.6252024,50.059
1780038653.631444,50.058
1780038653.637302,50.058
1780038653.6433406,50.057
1780038653.649273,50.057
1780038653.6546752,50.057
1780038653.6605053,50.056
1780038653.6662788,50.056
1780038653.6722243,50.055
1780038653.678122,50.055
1780038653.68427,50.055
1780038653.6900156,50.054
1780038653.696146,50.054
1780038653.7021897,50.053
1780038653.7082617,50.053
1780038653.7142534,50.053
1780038653.7202253,50.052
1780038653.7261176,50.052
1780038653.7322593,50.051
1780038653.73819,50.051
1780038653.744188,50.051
1780038653.7500944,50.05
1780038653.7562294,50.049
1780038653.7619557,50.049
1780038653.7682736,50.049
1780038653.77426,50.049
1780038653.7801242,50.049
1780038653.7861307,50.049
1780038653.7922022,50.048
1780038653.7981772,50.048
1780038653.8042622,50.048
1780038653.810103,50.048
1780038653.8162613,50.047
1780038653.8220592,50.047
1780038653.8282578,50.047
1780038653.834264,50.046
1780038653.840269,50.046
1780038653.846244,50.045
1780038653.852103,50.045
1780038653.858132,50.045
1780038653.8641663,50.045
1780038653.8701181,50.044
1780038653.8761969,50.044
1780038653.8821242,50.043
1780038653.8882763,50.043
1780038653.8942575,50.043
1780038653.8999379,50.042
1780038653.9062319,50.042
1780038653.9122202,50.041
1780038653.9182343,50.041
1780038653.9240685,50.041
1780038653.9301069,50.04
1780038653.9361846,50.04
1780038653.942124,50.04
1780038653.9482644,50.039
1780038653.9542837,50.039
1780038653.9600558,50.039
1780038653.96619,50.039
1780038653.972228,50.038
1780038653.9781675,50.038
1780038653.9841561,50.038
1780038653.9901881,50.038
1780038653.9962292,50.037
1780038654.0021453,50.037
1780038654.0082395,50.037
1780038654.0142539,50.036
1780038654.020148,50.036
1780038654.0262268,50.036
1780038654.032026,50.035
1780038654.0381408,50.035
1780038654.044141,50.035
1780038654.0502162,50.035
1780038654.0561013,50.034
1780038654.0621333,50.034
1780038654.0682511,50.034
1780038654.0742612,50.034
1780038654.080137,50.034
1780038654.0861914,50.033
1780038654.0921583,50.033
1780038654.098203,50.033
1780038654.103967,50.033
1780038654.1101968,50.033
1780038654.1162298,50.032
1780038654.122181,50.032
1780038654.1281104,50.032
1780038654.134248,50.031
1780038654.140158,50.03
1780038654.1462476,50.03
1780038654.1521285,50.029
1780038654.1582112,50.029
1780038654.164079,50.029
1780038654.1701784,50.029
1780038654.1761866,50.028
1780038654.1822128,50.028
1780038654.1881952,50.029
1780038654.19424,50.028
1780038654.2001598,50.028
1780038654.2061486,50.028
1780038654.212182,50.026
1780038654.2182646,50.026
1780038654.2242148,50.026
1780038654.2302132,50.025
1780038654.2360225,50.025
1780038654.2421532,50.025
1780038654.2481823,50.026
1780038654.2542605,50.025
1780038654.2602034,50.025
1780038654.266068,50.025
1780038654.27213,50.025
1780038654.2782607,50.025
1780038654.2841606,50.025
1780038654.2902641,50.025
1780038654.2961042,50.025
1780038654.3022118,50.025
1780038654.3080645,50.025
1780038654.3142223,50.025
1780038654.3201447,50.025
1780038654.3261874,50.024
1780038654.332177,50.024
1780038654.3381858,50.024
1780038654.344116,50.023
1780038654.350214,50.023
1780038654.3561816,50.023
1780038654.3622315,50.023
1780038654.3681347,50.023
1780038654.3740578,50.022
1780038654.380143,50.022
1780038654.3861704,50.022
1780038654.3922272,50.022
1780038654.3980958,50.022
1780038654.4041636,50.022
1780038654.4101717,50.021
1780038654.4160678,50.021
1780038654.4222333,50.021
1780038654.4281442,50.021
1780038654.4341629,50.02
1780038654.4401753,50.02
1780038654.4462214,50.02
1780038654.4522407,50.02
1780038654.4581923,50.02
1780038654.4642313,50.019
1780038654.4702241,50.019
1780038654.4760664,50.019
1780038654.4822009,50.018
1780038654.4882014,50.018
1780038654.4942214,50.018
1780038654.5002675,50.018
1780038654.5060987,50.018
1780038654.5122135,50.017
1780038654.5181835,50.017
1780038654.524222,50.018
1780038654.5302024,50.018
1780038654.5362046,50.017
1780038654.5420785,50.017
1780038654.5481668,50.016
1780038654.5542696,50.016
1780038654.5602028,50.016
1780038654.5661767,50.016
1780038654.5722268,50.015
1780038654.5780232,50.015
1780038654.5841455,50.015
1780038654.5901477,50.015
1780038654.596147,50.015
1780038654.6021593,50.015
1780038654.608156,50.015
1780038654.6141524,50.015
1780038654.620147,50.015
1780038654.626102,50.015
1780038654.6322217,50.015
1780038654.6381269,50.014
1780038654.6442406,50.015
1780038654.6500404,50.015
1780038654.6562605,50.015
1780038654.6622303,50.014
1780038654.6681771,50.014
1780038654.6741812,50.014
1780038654.6801076,50.014
1780038654.6861641,50.014
1780038654.69218,50.013
1780038654.6981742,50.013
1780038654.7042365,50.012
1780038654.7101495,50.012
1780038654.7162235,50.012
1780038654.7220042,50.012
1780038654.7282257,50.012
1780038654.7341924,50.012
1780038654.74025,50.012
1780038654.746183,50.012
1780038654.7520916,50.012
1780038654.758122,50.011
1780038654.7642615,50.011
1780038654.7702157,50.011
1780038654.7762628,50.011
1780038654.782132,50.011
1780038654.7882168,50.012
1780038654.7940884,50.011
1780038654.7999833,50.011
1780038654.8061965,50.011
1780038654.8122144,50.011
1780038654.8182247,50.01
1780038654.82411,50.011
1780038654.8301332,50.01
1780038654.8361778,50.01
1780038654.8420844,50.01
1780038654.848203,50.01
1780038654.8541925,50.009
1780038654.8602178,50.01
1780038654.8662033,50.009
1780038654.8719964,50.009
1780038654.8784544,50.009
1780038654.8842626,50.009
1780038654.8902004,50.009
1780038654.8961883,50.008
1780038654.9021885,50.008
1780038654.908253,50.008
1780038654.914194,50.008
1780038654.920217,50.007
1780038654.9262373,50.007
1780038654.9321344,50.007
1780038654.9382632,50.006
1780038654.9440546,50.006
1780038654.9501746,50.005
1780038654.9562473,50.006
1780038654.9621727,50.005
1780038654.9681578,50.006
1780038654.9742029,50.006
1780038654.9801905,50.006
1780038654.9862363,50.006
1780038654.9921265,50.006
1780038654.9982376,50.006
1780038655.0041473,50.006
1780038655.0102434,50.006
1780038655.016028,50.005
1780038655.0222538,50.006
1780038655.028202,50.006
1780038655.0342267,50.006
1780038655.0402224,50.006
1780038655.0460432,50.007
1780038655.0521183,50.006
1780038655.0582697,50.006
1780038655.064131,50.006
1780038655.0702832,50.006
1780038655.0761425,50.006
1780038655.082199,50.006
1780038655.0881567,50.005
1780038655.0942159,50.006
1780038655.100215,50.006
1780038655.106203,50.005
1780038655.1121678,50.005
1780038655.118061,50.006
1780038655.124116,50.005
1780038655.1302645,50.005
1780038655.1361203,50.005
1780038655.1422396,50.005
1780038655.1481285,50.005
1780038655.1541178,50.005
1780038655.1602166,50.005
1780038655.1661406,50.005
1780038655.172169,50.005
1780038655.178215,50.005
1780038655.184184,50.005
1780038655.1900969,50.004
1780038655.1961718,50.004
1780038655.2022803,50.004
1780038655.208141,50.004
1780038655.2142315,50.004
1780038655.2202384,50.004
1780038655.2260895,50.004
1780038655.2321832,50.004
1780038655.2382379,50.004
1780038655.2442298,50.004
1780038655.250232,50.004
1780038655.256186,50.004
1780038655.2620485,50.004
1780038655.2681952,50.004
1780038655.2742448,50.003
1780038655.280235,50.003
1780038655.2862167,50.003
1780038655.2922466,50.003
1780038655.2981217,50.002
1780038655.3042488,50.003
1780038655.310109,50.003
1780038655.3162026,50.003
1780038655.3222628,50.003
1780038655.3281863,50.003
1780038655.334089,50.003
1780038655.339488,50.003
1780038655.3453197,50.003
1780038655.351131,50.002
1780038655.3570619,50.002
1780038655.3630319,50.002
1780038655.3689983,50.002
1780038655.3748827,50.002
1780038655.380973,50.002
1780038655.3870165,50.002
1780038655.3930085,50.002
1780038655.3990011,50.002
1780038655.4049358,50.001
1780038655.4109588,50.002
1780038655.4169674,50.001
1780038655.4229472,50.001
1780038655.429046,50.002
1780038655.4349315,50.001
1780038655.44107,50.002
1780038655.4469028,50.002
1780038655.453008,50.002
1780038655.459078,50.001
1780038655.4649534,50.002
1780038655.470989,50.002
1780038655.4769535,50.002
1780038655.4829786,50.002
1780038655.4890099,50.001
1780038655.4949186,50.001
1780038655.5010312,50.002
1780038655.5069928,50.001
1780038655.513029,50.001
1780038655.5190961,50.001
1780038655.524911,50.001
1780038655.5310116,50.001
1780038655.5370045,50.001
1780038655.5429983,50.001
1780038655.5490034,50.001
1780038655.5550194,50.001
1780038655.560838,50.001
1780038655.5669255,50.001
1780038655.5730848,50.001
1780038655.5791368,50.001
1780038655.5849702,50.001
1780038655.5910904,50.0
1780038655.5968747,49.255
1780038655.602975,49.255
1780038655.608946,50.0
1780038655.6150246,50.0
1780038655.6209655,50.0
1780038655.6269631,50.0
1780038655.6330595,50.0
1780038655.639046,50.0
1780038655.6449323,50.0
1780038655.6510105,49.255
1780038655.6569254,49.255
1780038655.6630864,49.255
1780038655.6688962,49.255
1780038655.6750076,49.255
1780038655.6809666,49.255
1780038655.6870172,50.0
1780038655.6930368,50.0
1780038655.699081,50.0
1780038655.7049744,50.0
1780038655.7109756,49.255
1780038655.7169425,49.255
1780038655.7231014,49.254
1780038655.7289348,49.255
1780038655.7350595,49.255
1780038655.7409425,49.254
1780038655.7471006,49.254
1780038655.7529514,49.254
1780038655.7591178,49.254
1780038655.765026,49.254
1780038655.771002,49.255
1780038655.7769866,49.255
1780038655.7828786,49.255
1780038655.7889247,49.255
1780038655.7950761,50.0
1780038655.800981,50.0
1780038655.8070216,50.0
1780038655.8130295,49.255
1780038655.8189673,50.0
1780038655.825004,50.0
1780038655.831043,49.255
1780038655.8369792,49.255
1780038655.8430033,49.255
1780038655.8490129,49.255
1780038655.854912,50.0
1780038655.8609707,49.255
1780038655.8669653,49.255
1780038655.8729954,49.255
1780038655.8790667,49.255
1780038655.885063,49.255
1780038655.8909407,49.255
1780038655.8970406,49.255
1780038655.9028301,49.255
1780038655.9090047,49.254
1780038655.9149456,49.255
1780038655.9209673,49.255
1780038655.9269595,49.255
1780038655.9329574,49.255
1780038655.9389775,49.255
1780038655.9449406,50.0
1780038655.9509976,49.255
1780038655.957036,49.255
1780038655.9629345,49.255
1780038655.9690835,49.255
1780038655.9748995,49.255
1780038655.9809842,49.255
1780038655.9869494,49.255
1780038655.9929793,49.255
1780038655.9989862,49.255
1780038656.0049937,49.255
1780038656.0110192,49.255
1780038656.0170324,49.255
1780038656.022907,49.254
1780038656.0290232,49.254
1780038656.0349894,49.254
1780038656.0410185,49.254
1780038656.0469568,49.254
1780038656.053032,49.254
1780038656.059117,49.254
1780038656.0647907,49.254
1780038656.0710773,49.254
1780038656.077053,49.254
1780038656.0830257,49.254
1780038656.0889382,49.254
1780038656.0949695,49.254
1780038656.1009924,49.254
1780038656.1069648,49.254
1780038656.1130698,49.254
1780038656.1190138,49.253
1780038656.1250503,49.253
1780038656.1310408,49.254
1780038656.1369202,49.254
1780038656.1429887,49.253
1780038656.1489477,49.254
1780038656.1550355,49.254
1780038656.1610446,49.254
1780038656.167,49.254
1780038656.1728954,49.254
1780038656.1790679,49.254
1780038656.1849403,49.254
1780038656.1910102,49.254
1780038656.196994,49.253
1780038656.2030368,49.253
1780038656.2089396,49.253
1780038656.2150545,49.253
1780038656.2208042,49.253
1780038656.227031,49.253
1780038656.23295,49.254
1780038656.2390964,49.254
1780038656.2450416,49.254
1780038656.2509053,49.254
1780038656.25695,49.254
1780038656.2629716,49.253
1780038656.2688708,49.253
1780038656.275135,49.253
1780038656.280972,49.253
1780038656.2871022,49.253
1780038656.2929487,49.253
1780038656.2989297,49.253
1780038656.3049805,49.254
1780038656.3109794,49.253
1780038656.3169992,49.253
1780038656.3230104,49.253
1780038656.3289888,49.253
1780038656.3349032,49.254
1780038656.340971,49.254
1780038656.3469648,49.253
1780038656.3529203,49.253
1780038656.3591623,49.253
1780038656.3650908,49.253
1780038656.370948,49.253
1780038656.3770206,49.253
1780038656.3827863,49.253
1780038656.389029,49.254
1780038656.395061,49.254
1780038656.4009984,49.254
1780038656.406917,49.254
1780038656.4129884,49.254
1780038656.4188545,49.254
1780038656.4245043,49.254
1780038656.4309878,49.254
1780038656.4370596,49.254
1780038656.4429955,49.254
1780038656.4490178,49.254
1780038656.4548664,49.254
1780038656.4609754,49.254
1780038656.4669764,49.254
1780038656.473044,49.254
1780038656.4790518,49.255
1780038656.4849486,49.254
1780038656.490992,49.255
1780038656.4969654,49.254
1780038656.5029721,49.253
1780038656.50911,49.253
1780038656.5149796,49.254
1780038656.5210323,49.254
1780038656.5269513,49.254
1780038656.5330157,49.254
1780038656.5388646,49.254
1780038656.544966,49.254
1780038656.5509872,49.254
1780038656.5570784,49.254
1780038656.5631225,49.254
1780038656.5689154,49.254
1780038656.5749614,49.254
1780038656.5809913,49.253
1780038656.5868387,49.254
1780038656.5931256,49.253
1780038656.5990222,49.254
1780038656.6049516,49.253
1780038656.6110635,49.254
1780038656.6168458,49.253
1780038656.6230814,49.253
1780038656.6289487,49.253
1780038656.634987,49.253
1780038656.640998,49.253
1780038656.6469934,49.254
1780038656.653071,49.254
1780038656.659103,49.253
1780038656.6651042,49.253
1780038656.671097,49.253
1780038656.676973,49.253
1780038656.683058,49.253
1780038656.6889625,49.252
1780038656.6950092,49.253
1780038656.7009802,49.253
1780038656.706968,49.253
1780038656.7130768,49.253
1780038656.7190514,49.253
1780038656.7250314,49.253
1780038656.7308886,49.253
1780038656.7369905,49.253
1780038656.7430236,49.252
1780038656.7489944,49.253
1780038656.7550259,49.253
1780038656.760994,49.252
1780038656.7670436,49.252
1780038656.7729433,49.252
1780038656.7791233,49.252
1780038656.7850926,49.252
1780038656.791012,49.252
1780038656.797254,49.252
1780038656.8030202,49.253
1780038656.809016,49.253
1780038656.8150456,49.253
1780038656.8209114,49.253
1780038656.8270311,49.253
1780038656.8329473,49.252
1780038656.839068,49.252
1780038656.8451643,49.252
1780038656.8509872,49.252
1780038656.8570244,49.252
1780038656.8628118,49.252
1780038656.869043,49.253
1780038656.87509,49.253
1780038656.8810177,49.253
1780038656.8869617,49.253
1780038656.892982,49.253
1780038656.898919,49.253
1780038656.9050915,49.253
1780038656.9109936,49.253
1780038656.9170353,49.253
1780038656.9230154,49.253
1780038656.9291198,49.253
1780038656.934958,49.252
1780038656.941012,49.253
1780038656.9470654,49.252
1780038656.9530509,49.252
1780038656.959095,49.253
1780038656.965098,49.252
1780038656.97103,49.252
1780038656.9768999,49.253
1780038656.9829977,49.252
1780038656.9889915,49.252
1780038656.9949179,49.252
1780038657.0010304,49.253
1780038657.0070086,49.252
1780038657.0130434,49.252
1780038657.0190177,49.252
1780038657.0249608,49.251
1780038657.0310435,49.252
1780038657.03702,49.252
1780038657.0430057,49.252
1780038657.0490685,49.252
1780038657.0550423,49.252
1780038657.060916,49.252
1780038657.0669444,49.253
1780038657.0730445,49.252
1780038657.0789568,49.253
1780038657.0850291,49.253
1780038657.0911312,49.252
1780038657.096998,49.253
1780038657.103098,49.253
1780038657.1089144,49.253
1780038657.115043,49.253
1780038657.1209707,49.253
1780038657.1270585,49.253
1780038657.1330903,49.253
1780038657.1390748,49.253
1780038657.1450217,49.253
1780038657.1509368,49.253
1780038657.1569595,49.253
1780038657.1630082,49.253
1780038657.1688855,49.253
1780038657.1751006,49.253
1780038657.1809874,49.253
1780038657.1870556,49.252
1780038657.1929662,49.252
1780038657.1990445,49.253
1780038657.2048545,49.252
1780038657.211061,49.252
1780038657.2170072,49.252
1780038657.2230117,49.252
1780038657.228982,49.252
1780038657.234965,49.252
1780038657.240966,49.253
1780038657.2470467,49.252
1780038657.252906,49.252
1780038657.2591405,49.252
1780038657.2650385,49.252
1780038657.2709582,49.252
1780038657.2770846,49.252
1780038657.2830014,49.252
1780038657.289071,49.252
1780038657.2948475,49.252
1780038657.3011045,49.252
1780038657.306961,49.253
1780038657.3130453,49.253
1780038657.3190374,49.253
1780038657.3250399,49.253
1780038657.331004,49.253
1780038657.336992,49.253
1780038657.3429422,49.252
1780038657.3490133,49.252
1780038657.3549569,49.252
1780038657.361141,49.252
1780038657.3669465,49.251
1780038657.3731093,49.251
1780038657.378983,49.251
1780038657.3849604,49.25
1780038657.3910174,49.251
1780038657.3969154,49.25
1780038657.4030402,49.251
1780038657.4090006,49.25
1780038657.4150546,49.251
1780038657.4209428,49.251
1780038657.4270353,49.252
1780038657.4330592,49.252
1780038657.4389138,49.252
1780038657.4450755,49.252
1780038657.451007,49.252
1780038657.4570196,49.252
1780038657.4631352,49.251
1780038657.469001,49.251
1780038657.4750369,49.251
1780038657.4808612,49.252
1780038657.4870067,49.252
1780038657.4929729,49.253
1780038657.4989944,49.253
1780038657.5050116,49.253
1780038657.5110042,49.253
1780038657.517038,49.253
1780038657.523047,49.253
1780038657.5289197,49.253
1780038657.5349796,49.253
1780038657.5409935,49.252
1780038657.5470424,49.252
1780038657.5529435,49.253
1780038657.5591633,49.253
1780038657.5649745,49.253
1780038657.5708663,49.253
1780038657.577025,49.253
1780038657.5830328,49.253
1780038657.5890052,49.253
1780038657.595019,49.253
1780038657.6010435,49.253
1780038657.6069605,49.253
1780038657.6129973,49.253
1780038657.6190703,49.253
1780038657.6250641,49.253
1780038657.6311,49.253
1780038657.6370614,49.253
1780038657.6429644,49.253
1780038657.6491568,49.253
1780038657.6549654,49.252
1780038657.6610973,49.253
1780038657.6668754,49.253
1780038657.6731083,49.253
1780038657.679032,49.253
1780038657.6850715,49.253
1780038657.6910827,49.252
1780038657.6969945,49.252
1780038657.7030091,49.253
1780038657.7088482,49.253
1780038657.7149472,49.253
1780038657.7209747,49.253
1780038657.727009,49.253
1780038657.7331135,49.253
1780038657.7389596,49.253
1780038657.745086,49.253
1780038657.751139,49.253
1780038657.7569087,49.253
1780038657.7630234,49.253
1780038657.7689805,49.253
1780038657.7750008,49.253
1780038657.7810547,49.253
1780038657.7869737,49.253
1780038657.7929769,49.253
1780038657.7990181,49.252
1780038657.8049765,49.253
1780038657.8110366,49.253
1780038657.817007,49.252
1780038657.8230605,49.252
1780038657.8290248,49.252
1780038657.8350875,49.252
1780038657.8410034,49.252
1780038657.847092,49.253
1780038657.852869,49.253
1780038657.8591137,49.253
1780038657.8650143,49.253
1780038657.8711138,49.253
1780038657.8770447,49.253
1780038657.8829808,49.254
1780038657.8890326,49.253
1780038657.895008,49.253
1780038657.9009235,49.253
1780038657.9070067,49.253
1780038657.912915,49.253
1780038657.9191353,49.253
1780038657.9250443,49.253
1780038657.9310627,49.253
1780038657.9370594,49.252
1780038657.9428952,49.252
1780038657.9490561,49.252
1780038657.9550228,49.252
1780038657.9610035,49.252
1780038657.9670043,49.253
1780038657.9730089,49.253
1780038657.9789388,49.253
1780038657.9849808,49.253
1780038657.9910135,49.253
1780038657.9970598,49.253
1780038658.0029795,49.253
1780038658.00905,49.253
1780038658.015001,49.253
1780038658.021051,49.253
1780038658.026982,49.253
1780038658.0331023,49.253
1780038658.0389507,49.253
1780038658.0450392,49.253
1780038658.051047,49.253
1780038658.05706,49.253
1780038658.0630684,49.253
1780038658.0690546,49.253
1780038658.075046,49.253
1780038658.0809593,49.253
1780038658.086985,49.253
1780038658.092876,49.254
1780038658.0989738,49.253
1780038658.1049886,49.253
1780038658.11098,49.252
1780038658.1169953,49.252
1780038658.1230767,49.252
1780038658.1290443,49.252
1780038658.1350696,49.253
1780038658.1408896,49.253
1780038658.1470363,49.253
1780038658.1530411,49.253
1780038658.1591146,49.254
1780038658.1650681,49.255
1780038658.1710522,49.254
1780038658.177085,49.254
1780038658.1830328,49.254
1780038658.188926,49.254
1780038658.1950107,49.254
1780038658.2009797,49.254
1780038658.2071388,49.255
1780038658.212973,49.254
1780038658.2191305,49.254
1780038658.225,49.254
1780038658.230997,49.254
1780038658.2370145,49.254
1780038658.2428627,49.254
1780038658.2490118,49.255
1780038658.2550385,49.255
1780038658.2610095,49.255
1780038658.2670093,49.255
1780038658.27304,49.255
1780038658.2788568,49.255
1780038658.2850082,50.0
1780038658.2909896,50.0
1780038658.2970417,49.255
1780038658.3030138,50.0
1780038658.3090699,50.0
1780038658.3150284,49.255
1780038658.3211007,50.0
1780038658.3269238,50.0
1780038658.3330183,50.0
1780038658.3390584,50.0
1780038658.345064,50.0
1780038658.351123,50.0
1780038658.3570263,50.0
1780038658.3630717,49.255
1780038658.3689418,50.0
1780038658.3750296,49.255
1780038658.3810334,49.255
1780038658.3869498,49.255
1780038658.3930624,49.255
1780038658.3990293,49.254
1780038658.4051287,49.254
1780038658.4110324,49.255
1780038658.4169059,49.254
1780038658.4230525,49.254
1780038658.429078,49.255
1780038658.435049,49.255
1780038658.4410248,50.0
1780038658.4470146,50.0
1780038658.4529986,50.0
1780038658.459028,50.001
1780038658.4648993,50.001
1780038658.4710376,50.001
1780038658.4771028,50.0
1780038658.4831405,50.0
1780038658.4889674,50.0
1780038658.4950638,50.001
1780038658.501031,50.0
1780038658.507061,50.001
1780038658.5129066,50.002
1780038658.519077,50.002
1780038658.5250537,50.001
1780038658.531074,50.001
1780038658.5370579,50.001
1780038658.5430472,50.001
1780038658.5490682,50.001
1780038658.5549018,50.001
1780038658.5609677,50.001
1780038658.5670638,50.001
1780038658.5729246,50.001
1780038658.5790925,50.001
1780038658.5849917,50.001
1780038658.5911112,50.001
1780038658.5971491,50.001
1780038658.6029453,50.001
1780038658.6090574,50.001
1780038658.6149933,50.001
1780038658.6210945,50.001
1780038658.6269698,50.001
1780038658.6330805,50.002
1780038658.6390007,50.001
1780038658.6450527,50.001
1780038658.6510246,50.002
1780038658.6570606,50.001
1780038658.6629694,50.001
1780038658.669146,50.0
1780038658.675036,50.0
1780038658.6811075,50.0
1780038658.6870298,50.0
1780038658.6930888,50.0
1780038658.6989732,50.0
1780038658.7050679,50.0
1780038658.710987,50.0
1780038658.7170393,50.0
1780038658.723284,50.0
1780038658.7291,50.001
1780038658.7350576,50.001
1780038658.7409453,50.002
1780038658.7470148,50.001
1780038658.753026,50.001
1780038658.7590384,50.001
1780038658.7650135,50.001
1780038658.7710807,50.001
1780038658.7771237,50.0
1780038658.7831388,50.001
1780038658.7890155,50.001
1780038658.7950625,50.001
1780038658.800886,50.0
1780038658.8070676,50.001
1780038658.81306,50.001
1780038658.8190672,50.001
1780038658.825107,50.0
1780038658.8310564,50.0
1780038658.8370938,50.0
1780038658.842939,50.001
1780038658.84897,50.001
1780038658.8550112,50.0
1780038658.8609874,50.0
1780038658.8671114,50.0
1780038658.8730004,50.0
1780038658.879064,50.0
1780038658.8850248,50.0
1780038658.891086,50.0
1780038658.8970196,50.0
1780038658.9029138,50.0
1780038658.9090152,50.0
1780038658.9150076,50.0
1780038658.9210346,50.0
1780038658.9270651,50.0
1780038658.9330988,50.0
1780038658.9389899,50.0
1780038658.9450386,50.0
1780038658.9508917,50.0
1780038658.9570727,50.0
1780038658.962944,50.0
1780038658.9690566,49.255
1780038658.9750335,49.255
1780038658.9810784,49.255
1780038658.9869668,49.255
1780038658.993112,49.255
1780038658.9989839,49.254
1780038659.0050142,49.254
1780038659.0108569,49.254
1780038659.016448,49.255
1780038659.0219462,50.006
1780038659.0275774,50.01
1780038659.0327902,50.016
1780038659.0383742,50.02
1780038659.0435991,50.026
1780038659.0491786,50.032
1780038659.0544128,50.035
1780038659.059984,50.038
1780038659.0652192,50.044
1780038659.0707583,50.047
1780038659.0759902,50.052
1780038659.0815248,50.058
1780038659.0867674,50.061
1780038659.0923727,50.065
1780038659.0976148,50.07
1780038659.103175,50.073
1780038659.10841,50.078
1780038659.1139255,50.082
1780038659.119164,50.088
1780038659.1247778,50.09
1780038659.1300035,50.094
1780038659.1355233,50.098
1780038659.1407526,50.104
1780038659.146375,50.106
1780038659.151616,50.113
1780038659.1571405,50.115
1780038659.16237,50.12
1780038659.1679366,50.123
1780038659.1731675,50.128
1780038659.1787894,50.132
1780038659.184033,50.137
1780038659.1895332,50.137
1780038659.1947608,50.144
1780038659.2003455,50.147
1780038659.20557,50.152
1780038659.2111416,50.155
1780038659.2164767,50.161
1780038659.2219424,50.163
1780038659.2271683,50.167
1780038659.2327447,50.171
1780038659.23798,50.175
1780038659.2435424,50.178
1780038659.248773,50.184
1780038659.2544162,50.186
1780038659.2598295,50.19
1780038659.2651277,50.193
1780038659.2703583,50.197
1780038659.2759852,50.201
1780038659.2812147,50.207
1780038659.2867782,50.209
1780038659.2920094,50.212
1780038659.2975357,50.216
1780038659.3027732,50.219
1780038659.3083255,50.223
1780038659.3135638,50.227
1780038659.3191836,50.231
1780038659.3244154,50.234
1780038659.3299596,50.237
1780038659.3352008,50.241
1780038659.3407686,50.244
1780038659.346002,50.248
1780038659.3515348,50.253
1780038659.3567722,50.254
1780038659.3623753,51.002
1780038659.3676083,51.006
1780038659.3731751,51.008
1780038659.3784013,51.012
1780038659.3839428,51.018
1780038659.389175,51.019
1780038659.3947384,51.022
1780038659.3999703,51.026
1780038659.4055903,51.028
1780038659.4108224,51.033
1780038659.4163725,51.038
1780038659.4216201,51.039
1780038659.4271708,51.042
1780038659.4324007,51.046
1780038659.4379444,51.048
1780038659.4431713,51.052
1780038659.4487443,51.057
1780038659.4539824,51.059
1780038659.4595914,51.061
1780038659.464822,51.065
1780038659.4703398,51.068
1780038659.4755714,51.071
1780038659.4811914,51.075
1780038659.4864361,51.079
1780038659.4919398,51.08
1780038659.4971616,51.084
1780038659.5027633,51.087
1780038659.507987,51.09
1780038659.513594,51.093
1780038659.5188386,51.098
1780038659.5243397,51.098
1780038659.5295563,51.101
1780038659.535145,51.105
1780038659.540369,51.108
1780038659.5459785,51.109
1780038659.5512202,51.115
1780038659.5567286,51.116
1780038659.5619488,51.12
1780038659.5675373,51.122
1780038659.5727558,51.125
1780038659.57834,51.128
1780038659.5835826,51.133
1780038659.5891335,51.133
1780038659.5943565,51.136
1780038659.5999756,51.14
1780038659.6052034,51.142
1780038659.6107368,51.145
1780038659.6159723,51.15
1780038659.6215432,51.151
1780038659.6267917,51.154
1780038659.6323373,51.156
1780038659.63757,51.159
1780038659.64314,51.162
1780038659.648374,51.167
1780038659.654003,51.168
1780038659.659235,51.17
1780038659.6647782,51.173
1780038659.6700158,51.175
1780038659.6755369,51.178
1780038659.6807702,51.183
1780038659.686406,51.185
1780038659.691634,51.186
1780038659.6971416,51.188
1780038659.702378,51.191
1780038659.7079437,51.194
1780038659.7131848,51.197
1780038659.7188084,51.2
1780038659.7242336,51.201
1780038659.7295492,51.204
1780038659.7347894,51.207
1780038659.7403994,51.209
1780038659.745629,51.211
1780038659.7511513,51.216
1780038659.7563832,51.216
1780038659.7619534,51.218
1780038659.7671869,51.221
1780038659.772794,51.224
1780038659.7780316,51.226
1780038659.783543,51.231
1780038659.7887788,51.23
1780038659.794389,51.233
1780038659.7998784,51.226
1780038659.8062704,51.221
1780038659.812638,51.223
1780038659.8186378,51.223
1780038659.824588,51.222
1780038659.8306944,51.22
1780038659.836559,51.219
1780038659.8426287,51.217
1780038659.8486855,51.214
1780038659.8547556,51.211
1780038659.8605995,51.21
1780038659.8667092,51.207
1780038659.8725917,51.205
1780038659.8787227,51.203
1780038659.8846095,51.2
1780038659.8907645,51.198
1780038659.8965414,51.196
1780038659.9026186,51.194
1780038659.908674,51.191
1780038659.9146934,51.189
1780038659.9206192,51.187
1780038659.9267433,51.184
1780038659.9326427,51.182
1780038659.938706,51.18
1780038659.9446297,51.177
1780038659.9507098,51.174
1780038659.956486,51.172
1780038659.962685,51.17
1780038659.9687378,51.168
1780038659.9747171,51.166
1780038659.9805741,51.164
1780038659.9867413,51.162
1780038659.9926796,51.159
1780038659.9987712,51.157
1780038660.0046618,51.154
1780038660.0106936,51.153
1780038660.0164967,51.151
1780038660.0226977,51.148
1780038660.028707,51.147
1780038660.0347204,51.144
1780038660.0405264,51.142
1780038660.046795,51.14
1780038660.0527024,51.137
1780038660.0588288,51.136
1780038660.064665,51.134
1780038660.0706677,51.131
1780038660.0764327,51.13
1780038660.0826843,51.127
1780038660.0887191,51.125
1780038660.0947053,51.123
1780038660.1005225,51.121
1780038660.1066833,51.119
1780038660.1126602,51.117
1780038660.118693,51.115
1780038660.12465,51.112
1780038660.1306834,51.11
1780038660.1366851,51.108
1780038660.1426318,51.106
1780038660.1486893,51.104
1780038660.1546822,51.102
1780038660.1607256,51.101
1780038660.1668167,51.099
1780038660.1727777,51.097
1780038660.1787188,51.095
1780038660.1846056,51.092
1780038660.1906946,51.091
1780038660.196714,51.089
1780038660.2026916,51.088
1780038660.2086787,51.086
1780038660.2146547,51.085
1780038660.220751,51.083
1780038660.226836,51.081
1780038660.2327266,51.08
1780038660.2388031,51.078
1780038660.2446792,51.075
1780038660.2507172,51.073
1780038660.256437,51.071
1780038660.262703,51.07
1780038660.268719,51.068
1780038660.274724,51.067
1780038660.280742,51.065
1780038660.2868345,51.063
1780038660.2927353,51.062
1780038660.298701,51.06
1780038660.3046775,51.058
1780038660.3106847,51.057
1780038660.3164716,51.056
1780038660.322746,51.054
1780038660.3286388,51.052
1780038660.3346963,51.05
1780038660.3405614,51.049
1780038660.3467586,51.046
1780038660.3526962,51.045
1780038660.358828,51.043
1780038660.3646717,51.041
1780038660.370716,51.04
1780038660.3764958,51.039
1780038660.382729,51.036
1780038660.3887146,51.035
1780038660.3947184,51.033
1780038660.4005826,51.032
1780038660.4067054,51.03
1780038660.412583,51.029
1780038660.418717,51.027
1780038660.424669,51.025
1780038660.4307191,51.024
1780038660.4365497,51.022
1780038660.4426508,51.021
1780038660.4487243,51.019
1780038660.4547174,51.018
1780038660.4606173,51.016
1780038660.466755,51.015
1780038660.472752,51.013
1780038660.4786978,51.012
1780038660.48467,51.01
1780038660.4907463,51.008
1780038660.4965744,51.007
1780038660.502647,51.005
1780038660.508711,51.004
1780038660.5146928,51.003
1780038660.5206716,51.002
1780038660.526766,51.0
1780038660.5326753,50.255
1780038660.5386324,50.253
1780038660.5446782,50.252
1780038660.5507047,50.25
1780038660.5566132,50.249
1780038660.562699,50.247
1780038660.5689235,50.246
1780038660.5749228,50.244
1780038660.5807242,50.243
1780038660.586829,50.241
1780038660.5927331,50.241
1780038660.5986457,50.239
1780038660.6046124,50.238
1780038660.6107788,50.236
1780038660.616659,50.235
1780038660.6226861,50.233
1780038660.6286747,50.232
1780038660.634688,50.231
1780038660.6406953,50.229
1780038660.6467385,50.228
1780038660.6527185,50.227
1780038660.6587315,50.226
1780038660.6646814,50.225
1780038660.6707869,50.223
1780038660.676669,50.222
1780038660.6827052,50.22
1780038660.688559,50.219
1780038660.694728,50.218
1780038660.700718,50.217
1780038660.7067907,50.216
1780038660.7127683,50.214
1780038660.7185798,50.213
1780038660.724562,50.211
1780038660.7307198,50.21
1780038660.7365904,50.209
1780038660.7427657,50.207
1780038660.7485373,50.206
1780038660.754736,50.205
1780038660.7606955,50.205
1780038660.7667809,50.203
1780038660.7727623,50.202
1780038660.7786238,50.2
1780038660.784561,50.199
1780038660.7907474,50.197
1780038660.7966096,50.196
1780038660.802733,50.195
1780038660.8085406,50.194
1780038660.814678,50.193
1780038660.820751,50.192
1780038660.826824,50.19
1780038660.83276,50.19
1780038660.8386242,50.189
1780038660.8446045,50.188
1780038660.8507347,50.187
1780038660.856617,50.186
1780038660.862777,50.185
1780038660.8685308,50.184
1780038660.8746152,50.183
1780038660.8806918,50.182
1780038660.8867495,50.181
1780038660.8926992,50.181
1780038660.8987005,50.18
1780038660.9045937,50.179
1780038660.910778,50.178
1780038660.9166753,50.177
1780038660.9227052,50.176
1780038660.9285595,50.174
1780038660.9346452,50.174
1780038660.9407322,50.173
1780038660.946811,50.172
1780038660.9527862,50.171
1780038660.958718,50.17
1780038660.96461,50.168
1780038660.9707716,50.167
1780038660.9766617,50.166
1780038660.9827094,50.165
1780038660.9886034,50.164
1780038660.994728,50.163
1780038661.0006716,50.162
1780038661.006733,50.161
1780038661.0127296,50.161
1780038661.0186121,50.16
1780038661.0246718,50.159
1780038661.0308182,50.157
1780038661.0366793,50.156
1780038661.0427206,50.156
1780038661.048632,50.155
1780038661.0546942,50.154
1780038661.0607321,50.154
1780038661.0668576,50.153
1780038661.0728629,50.152
1780038661.078666,50.152
1780038661.0847306,50.151
1780038661.0906541,50.15
1780038661.096692,50.149
1780038661.1027465,50.149
1780038661.10866,50.147
1780038661.1146839,50.147
1780038661.1205254,50.146
1780038661.1266987,50.145
1780038661.132725,50.144
1780038661.1387262,50.144
1780038661.1447186,50.143
1780038661.150565,50.142
1780038661.1565692,50.142
1780038661.162717,50.141
1780038661.168671,50.14
1780038661.174769,50.14
1780038661.180661,50.138
1780038661.1866775,50.137
1780038661.1926196,50.136
1780038661.1986933,50.136
1780038661.204704,50.135
1780038661.2105546,50.134
1780038661.216625,50.134
1780038661.2227788,50.133
1780038661.228645,50.132
1780038661.2347143,50.131
1780038661.2406812,50.13
1780038661.2467523,50.129
1780038661.252756,50.128
1780038661.2587478,50.128
1780038661.2647254,50.127
1780038661.2706335,50.127
1780038661.2766557,50.126
1780038661.2827146,50.125
1780038661.2885911,50.125
1780038661.294732,50.124
1780038661.300708,50.123
1780038661.3066657,50.122
1780038661.3127158,50.122
1780038661.31868,50.121
1780038661.3246975,50.121
1780038661.3307161,50.12
1780038661.3366842,50.119
1780038661.3427234,50.119
1780038661.3486063,50.118
1780038661.3547769,50.117
1780038661.360701,50.116
1780038661.3667076,50.115
1780038661.3727067,50.114
1780038661.378819,50.114
1780038661.3848488,50.113
1780038661.390694,50.112
1780038661.3967044,50.111
1780038661.4027073,50.111
1780038661.4085877,50.11
1780038661.4147656,50.109
1780038661.4206865,50.109
1780038661.4267173,50.108
1780038661.4327452,50.107
1780038661.4384887,50.106
1780038661.444698,50.106
1780038661.4506857,50.106
1780038661.456713,50.105
1780038661.4626002,50.105
1780038661.4685993,50.104
1780038661.4747896,50.104
1780038661.4806826,50.103
1780038661.486704,50.103
1780038661.4927197,50.102
1780038661.4985254,50.101
1780038661.5047152,50.101
1780038661.5107517,50.1
1780038661.5167246,50.1
1780038661.5226207,50.099
1780038661.5286257,50.099
1780038661.5346804,50.098
1780038661.5406716,50.097
1780038661.54678,50.097
1780038661.5527818,50.097
1780038661.5586102,50.096
1780038661.564716,50.095
1780038661.570703,50.094
1780038661.5767634,50.094
1780038661.582689,50.093
1780038661.5886674,50.093
1780038661.5947485,50.092
1780038661.600629,50.092
1780038661.606726,50.091
1780038661.6127322,50.09
1780038661.618675,50.09
1780038661.6247334,50.089
1780038661.6304953,50.088
1780038661.6367044,50.088
1780038661.642664,50.087
1780038661.6487288,50.087
1780038661.6546106,50.086
1780038661.660638,50.086
1780038661.6666553,50.086
1780038661.6727428,50.085
1780038661.6786718,50.084
1780038661.6847649,50.084
1780038661.690581,50.083
1780038661.6966956,50.083
1780038661.7026956,50.083
1780038661.7086759,50.083
1780038661.7146475,50.082
1780038661.7206287,50.082
1780038661.7266426,50.081
1780038661.7327263,50.081
1780038661.7386339,50.08
1780038661.7447374,50.079
1780038661.750636,50.078
1780038661.7566798,50.078
1780038661.7628212,50.077
1780038661.7687957,50.077
1780038661.7747056,50.077
1780038661.7807271,50.077
1780038661.7867181,50.076
1780038661.7926695,50.075
1780038661.7985513,50.075
1780038661.8047428,50.073
1780038661.8107016,50.073
1780038661.8167136,50.072
1780038661.8225756,50.072
1780038661.8286839,50.071
1780038661.834756,50.071
1780038661.8407183,50.071
1780038661.846761,50.071
1780038661.852675,50.07
1780038661.8587096,50.07
1780038661.8646908,50.07
1780038661.870583,50.069
1780038661.876721,50.069
1780038661.882707,50.069
1780038661.8887196,50.069
1780038661.894583,50.068
1780038661.9006689,50.068
1780038661.9066563,50.067
1780038661.9126878,50.067
1780038661.9187016,50.067
1780038661.9246182,50.066
1780038661.9306178,50.065
1780038661.9366853,50.065
1780038661.9426684,50.065
1780038661.9486835,50.064
1780038661.9546914,50.064
1780038661.9607065,50.064
1780038661.966591,50.063
1780038661.9724877,50.063
1780038661.9787235,50.063
1780038661.9847305,50.061
1780038661.9907227,50.061
1780038661.9966114,50.061
1780038662.002624,50.06
1780038662.0086646,50.06
1780038662.0146694,50.06
1780038662.0207376,50.059
1780038662.0267076,50.059
1780038662.0326567,50.058
1780038662.0386927,50.058
1780038662.0446343,50.058
1780038662.0506778,50.058
1780038662.0567222,50.058
1780038662.0626848,50.057
1780038662.0687428,50.056
1780038662.0746114,50.055
1780038662.080749,50.054
1780038662.0867095,50.054
1780038662.0926564,50.053
1780038662.0987487,50.053
1780038662.1045868,50.052
1780038662.1106424,50.052
1780038662.1167598,50.051
1780038662.1228392,50.051
1780038662.1286762,50.051
1780038662.1346865,50.051
1780038662.1407585,50.051
1780038662.1466973,50.05
1780038662.1526995,50.05
1780038662.1588476,50.05
1780038662.1647265,50.05
1780038662.1707416,50.049
1780038662.1765468,50.049
1780038662.1826181,50.049
1780038662.1887486,50.049
1780038662.1947243,50.049
1780038662.2006092,50.049
1780038662.2067316,50.049
1780038662.2126327,50.048
1780038662.21873,50.047
1780038662.224694,50.047
1780038662.2307715,50.047
1780038662.2366295,50.047
1780038662.2427042,50.047
1780038662.2486749,50.046
1780038662.2546601,50.046
1780038662.2607024,50.046
1780038662.2667956,50.045
1780038662.272742,50.045
1780038662.2786496,50.045
1780038662.2846162,50.045
1780038662.29076,50.044
1780038662.296641,50.044
1780038662.302745,50.044
1780038662.3086689,50.043
1780038662.3147242,50.043
1780038662.3204844,50.043
1780038662.3268173,50.043
1780038662.332785,50.042
1780038662.3387117,50.042
1780038662.3446853,50.041
1780038662.350749,50.041
1780038662.3566778,50.041
1780038662.3627975,50.04
1780038662.368709,50.04
1780038662.374793,50.039
1780038662.3806238,50.039
1780038662.386611,50.038
1780038662.3927498,50.038
1780038662.3987176,50.038
1780038662.4047303,50.038
1780038662.4106467,50.038
1780038662.416687,50.038
1780038662.4227324,50.037
1780038662.428635,50.037
1780038662.4347758,50.037
1780038662.4406996,50.036
1780038662.4467218,50.036
1780038662.4527357,50.036
1780038662.4585996,50.035
1780038662.4646683,50.035
1780038662.470752,50.034
1780038662.4767566,50.034
1780038662.4826741,50.034
1780038662.4888825,50.034
1780038662.4947932,50.034
1780038662.5007477,50.034
1780038662.5067744,50.033
1780038662.5127685,50.033
1780038662.5187123,50.033
1780038662.5248308,50.032
1780038662.5306253,50.032
1780038662.5367355,50.032
1780038662.5426595,50.032
1780038662.5486498,50.032
1780038662.5546515,50.031
1780038662.56074,50.031
1780038662.5666776,50.032
1780038662.572628,50.03
1780038662.578653,50.03
1780038662.584736,50.03
1780038662.590709,50.03
1780038662.5967555,50.029
1780038662.602643,50.029
1780038662.608754,50.029
1780038662.6146042,50.029
1780038662.6206882,50.029
1780038662.6267617,50.029
1780038662.6327665,50.028
1780038662.6387584,50.028
1780038662.6446683,50.028
1780038662.650679,50.027
1780038662.6566837,50.028
1780038662.6626096,50.027
1780038662.668743,50.027
1780038662.6746757,50.027
1780038662.6807172,50.026
1780038662.6866553,50.026
1780038662.692514,50.026
1780038662.698751,50.026
1780038662.7047186,50.026
1780038662.7107003,50.025
1780038662.7166748,50.025
1780038662.722681,50.025
1780038662.7286413,50.025
1780038662.734654,50.026
1780038662.7407591,50.025
1780038662.7467139,50.025
1780038662.7526674,50.025
1780038662.7588189,50.025
1780038662.7645612,50.024
1780038662.770777,50.024
1780038662.7767031,50.024
1780038662.7827477,50.024
1780038662.788685,50.024
1780038662.7946851,50.023
1780038662.8007069,50.023
1780038662.8067284,50.023
1780038662.8127706,50.022
1780038662.818748,50.022
1780038662.8247004,50.022
1780038662.830783,50.021
1780038662.8365686,50.022
1780038662.84273,50.022
1780038662.8487644,50.02
1780038662.8547254,50.021
1780038662.8607042,50.021
1780038662.8667781,50.021
1780038662.8727906,50.021
1780038662.8786933,50.02
1780038662.884672,50.02
1780038662.8907623,50.019
1780038662.8966978,50.018
1780038662.902821,50.018
1780038662.9086425,50.018
1780038662.9147007,50.018
1780038662.9207387,50.017
1780038662.9268062,50.018
1780038662.9328697,50.017
1780038662.9386911,50.018
1780038662.9446967,50.018
1780038662.9505904,50.018
1780038662.956656,50.018
1780038662.962737,50.017
1780038662.968704,50.018
1780038662.9747853,50.018
1780038662.9806757,50.017
1780038662.9867425,50.017
1780038662.9927535,50.016
1780038662.9986641,50.017
1780038663.0047295,50.016
1780038663.010646,50.016
1780038663.0167122,50.016
1780038663.0226943,50.016
1780038663.0286336,50.016
1780038663.0347703,50.016
1780038663.0407152,50.015
1780038663.0467587,50.015
1780038663.0528505,50.016
1780038663.0586286,50.016
1780038663.064736,50.015
1780038663.0706737,50.015
1780038663.0767143,50.015
1780038663.082715,50.015
1780038663.088719,50.014
1780038663.0945492,50.014
1780038663.1006534,50.014
1780038663.1067817,50.013
1780038663.1128566,50.013
1780038663.11873,50.013
1780038663.124757,50.013
1780038663.1306129,50.013
1780038663.1367126,50.012
1780038663.1427155,50.013
1780038663.1487646,50.013
1780038663.154727,50.013
1780038663.1607385,50.013
1780038663.1665604,50.013
1780038663.1728354,50.012
1780038663.178772,50.013
1780038663.1847603,50.013
1780038663.1906564,50.013
1780038663.1967678,50.012
1780038663.2026465,50.012
1780038663.208709,50.012
1780038663.2147276,50.011
1780038663.2207592,50.012
1780038663.226732,50.012
1780038663.2328312,50.011
1780038663.2387345,50.012
1780038663.2447534,50.011
1780038663.2507253,50.011
1780038663.2568123,50.011
1780038663.2626534,50.011
1780038663.2687662,50.011
1780038663.2746422,50.011
1780038663.2807145,50.011
1780038663.286854,50.011
1780038663.292976,50.01
1780038663.2989397,50.01
1780038663.3047426,50.01
1780038663.310748,50.009
1780038663.316607,50.009
1780038663.3226454,50.009
1780038663.328698,50.009
1780038663.334662,50.008
1780038663.340779,50.008
1780038663.3466935,50.008
1780038663.3526542,50.007
1780038663.3587396,50.007
1780038663.3647912,50.008
1780038663.3707867,50.008
1780038663.3767362,50.007
1780038663.3827338,50.008
1780038663.3885918,50.007
1780038663.394677,50.007
1780038663.4007645,50.007
1780038663.4066832,50.006
1780038663.4127893,50.006
1780038663.4187417,50.006
1780038663.4246507,50.006
1780038663.4307005,50.006
1780038663.4368043,50.006
1780038663.4427955,50.006
1780038663.4487712,50.005
1780038663.4547563,50.006
1780038663.4606328,50.006
1780038663.4666517,50.006
1780038663.4728274,50.006
1780038663.4787445,50.006
1780038663.4847293,50.005
1780038663.4908168,50.006
1780038663.4966671,50.005
1780038663.5027282,50.005
1780038663.5084937,50.005
1780038663.514733,50.005
1780038663.5206861,50.005
1780038663.526709,50.005
1780038663.5327559,50.004
1780038663.538623,50.004
1780038663.5446615,50.004
1780038663.5506775,50.004
1780038663.5566375,50.003
1780038663.5627437,50.004
1780038663.568656,50.004
1780038663.5747578,50.003
1780038663.5805793,50.003
1780038663.5867863,50.003
1780038663.5926616,50.003
1780038663.5986366,50.003
1780038663.6047337,50.003
1780038663.6106672,50.003
1780038663.6166909,50.002
1780038663.6227202,50.002
1780038663.6285913,50.002
1780038663.6348326,50.002
1780038663.6407135,50.001
1780038663.6467435,50.001
1780038663.652688,50.002
1780038663.6586292,50.001
1780038663.6648564,50.002
1780038663.6706862,50.001
1780038663.6766963,50.001
1780038663.6827514,50.001
1780038663.6886873,50.001
1780038663.6946442,50.001
1780038663.7006917,50.001
1780038663.7066963,50.001
1780038663.712667,50.0
1780038663.7187343,50.0
1780038663.724754,50.0
1780038663.7307022,50.0
1780038663.7367175,50.0
1780038663.7425303,50.0
1780038663.7487757,50.0
1780038663.7547548,50.0
1780038663.760725,49.255
1780038663.766677,49.255
1780038663.7727542,49.255
1780038663.778671,49.255
1780038663.7846751,49.255
1780038663.7906961,49.255
1780038663.7967367,49.254
1780038663.8026955,49.255
1780038663.8087645,49.255
1780038663.8145802,49.254
1780038663.8207023,49.254
1780038663.8266814,49.254
1780038663.8328161,49.254
1780038663.838773,49.254
1780038663.844651,49.255
1780038663.8506782,49.255
1780038663.8567379,49.254
1780038663.862682,49.254
1780038663.8687825,49.255
1780038663.8746383,49.255
1780038663.880761,49.254
1780038663.8866472,49.254
1780038663.8926039,49.254
1780038663.898731,49.254
1780038663.904699,49.254
1780038663.9106958,49.254
1780038663.9166903,49.254
1780038663.922699,49.254
1780038663.9286797,49.254
1780038663.934642,49.254
1780038663.94074,49.253
1780038663.9467146,49.253
1780038663.952737,49.253
1780038663.958806,49.253
1780038663.9646218,49.254
1780038663.9707243,49.253
1780038663.9766514,49.253
1780038663.9827764,49.253
1780038663.9887943,49.253
1780038663.994711,49.253
1780038664.0006454,49.253
1780038664.0066783,49.253
1780038664.0126083,49.253
1780038664.018667,49.252
1780038664.0246868,49.253
1780038664.0307145,49.253
1780038664.036657,49.252
1780038664.042736,49.253
1780038664.0485754,49.252
1780038664.0546796,49.253
1780038664.0606866,49.252
1780038664.066736,49.252
1780038664.0726762,49.252
1780038664.0786235,49.252
1780038664.084714,49.252
1780038664.0906873,49.251
1780038664.0966275,49.251
1780038664.102744,49.251
1780038664.1087148,49.251
1780038664.1147375,49.25
1780038664.1205943,49.251
1780038664.1267183,49.251
1780038664.132776,49.251
1780038664.1386487,49.251
1780038664.1447675,49.251
1780038664.1506493,49.252
1780038664.1566858,49.252
1780038664.1627417,49.251
1780038664.1686656,49.251
1780038664.1747487,49.251
1780038664.1806452,49.251
1780038664.1868095,49.251
1780038664.1926692,49.252
1780038664.1985266,49.251
1780038664.2042804,49.251
1780038664.2102156,49.251
1780038664.2158687,49.251
1780038664.2217693,49.251
1780038664.2276332,49.251
1780038664.233485,49.251
1780038664.2395701,49.251
1780038664.245454,49.25
1780038664.2516015,49.25
1780038664.2575881,49.25
1780038664.2635067,49.25
1780038664.2695937,49.25
1780038664.2753837,49.25
1780038664.2815032,49.25
1780038664.2875183,49.25
1780038664.2935352,49.25
1780038664.299564,49.25
1780038664.3054776,49.25
1780038664.3114316,49.25
1780038664.3176138,49.25
1780038664.323482,49.25
1780038664.3296165,49.25
1780038664.3355017,49.25
1780038664.3416133,49.25
1780038664.347454,49.25
1780038664.3535492,49.251
1780038664.3593838,49.25
1780038664.365507,49.251
1780038664.3715277,49.251
1780038664.377557,49.25
1780038664.3834972,49.25
1780038664.389486,49.25
1780038664.3955262,49.25
1780038664.4014807,49.25
1780038664.407463,49.249
1780038664.413825,49.249
1780038664.4196458,49.249
1780038664.4255993,49.249
1780038664.4315407,49.25
1780038664.4374778,49.25
1780038664.4435222,49.25
1780038664.4495115,49.249
1780038664.4555154,49.249
1780038664.4615269,49.25
1780038664.4675753,49.249
1780038664.473407,49.249
1780038664.479507,49.249
1780038664.4855008,49.249
1780038664.491351,49.249
1780038664.4975572,49.249
1780038664.5035586,49.249
1780038664.5094678,49.249
1780038664.5155413,49.249
1780038664.5213435,49.249
1780038664.5275478,49.249
1780038664.533536,49.249
1780038664.539534,49.249
1780038664.5454721,49.249
1780038664.5515287,49.249
1780038664.5575035,49.249
1780038664.5635111,49.25
1780038664.5694447,49.249
1780038664.575599,49.249
1780038664.5814967,49.249
1780038664.587606,49.248
1780038664.5934696,49.249
1780038664.599595,49.249
1780038664.6053727,49.249
1780038664.611639,49.249
1780038664.6174989,49.249
1780038664.6235876,49.249
1780038664.629547,49.249
1780038664.6354744,49.249
1780038664.6414936,49.249
1780038664.6475148,49.249
1780038664.6534011,49.25
1780038664.6596239,49.249
1780038664.6655107,49.249
1780038664.6715803,49.249
1780038664.6775258,49.249
1780038664.683498,49.248
1780038664.6895578,49.248
1780038664.6955428,49.248
1780038664.7015023,49.248
1780038664.707564,49.249
1780038664.713569,49.249
1780038664.7194576,49.249
1780038664.7255387,49.249
1780038664.731523,49.249
1780038664.7374597,49.249
1780038664.7435489,49.249
1780038664.749614,49.249
1780038664.7554693,49.249
1780038664.7615879,49.249
1780038664.7674553,49.249
1780038664.7735646,49.249
1780038664.779339,49.249
1780038664.7855759,49.249
1780038664.7915864,49.249
1780038664.7975554,49.249
1780038664.8035448,49.249
1780038664.8093991,49.249
1780038664.815572,49.249
1780038664.8214948,49.249
1780038664.8273933,49.249
1780038664.8335624,49.249
1780038664.8394575,49.249
1780038664.8455718,49.249
1780038664.8514385,49.249
1780038664.857406,49.249
1780038664.8635645,49.25
1780038664.8695781,49.25
1780038664.875538,49.25
1780038664.8815129,49.249
1780038664.8875406,49.249
1780038664.8933594,49.25
1780038664.8994656,49.249
1780038664.905513,49.249
1780038664.9114084,49.25
1780038664.9176059,49.249
1780038664.9235635,49.249
1780038664.9294913,49.249
1780038664.93556,49.249
1780038664.941407,49.249
1780038664.9475055,49.249
1780038664.9535499,49.25
1780038664.95955,49.249
1780038664.9655607,49.249
1780038664.9715645,49.249
1780038664.9774325,49.249
1780038664.9828458,49.249
1780038664.9886215,49.249
1780038664.9944487,49.249
1780038665.0003126,49.249
1780038665.0063314,49.249
1780038665.0124454,49.249
1780038665.0183022,49.249
1780038665.0243185,49.249
1780038665.0301807,49.248
1780038665.0363066,49.249
1780038665.04237,49.248
1780038665.0482607,49.248
1780038665.0543664,49.249
1780038665.06027,49.249
1780038665.0662804,49.249
1780038665.0723171,49.249
1780038665.078252,49.249
1780038665.084301,49.249
1780038665.0903056,49.249
1780038665.0963206,49.249
1780038665.1023219,49.249
1780038665.108295,49.249
1780038665.114307,49.249
1780038665.1201627,49.249
1780038665.1262925,49.249
1780038665.1322684,49.249
1780038665.138353,49.249
1780038665.1442778,49.249
1780038665.1503234,49.249
1780038665.156383,49.249
1780038665.1624012,49.249
1780038665.1682503,49.249
1780038665.1743777,49.249
1780038665.1802862,49.249
1780038665.1864479,49.248
1780038665.1930642,49.249
1780038665.1989655,49.248
1780038665.2047002,49.248
1780038665.210617,49.249
1780038665.2163029,49.249
1780038665.2224445,49.249
1780038665.2283633,49.249
1780038665.2343276,49.248
1780038665.2403655,49.249
1780038665.2462754,49.248
1780038665.2522688,49.248
1780038665.2582912,49.248
1780038665.2643087,49.247
1780038665.2703216,49.247
1780038665.2763216,49.247
1780038665.2823918,49.247
1780038665.288394,49.247
1780038665.2942326,49.247
1780038665.3003466,49.247
1780038665.3062768,49.247
1780038665.3122902,49.247
1780038665.3183055,49.247
1780038665.3243039,49.248
1780038665.330482,49.248
1780038665.3362956,49.248
1780038665.342292,49.247
1780038665.348299,49.248
1780038665.3542879,49.248
1780038665.3603194,49.248
1780038665.366276,49.248
1780038665.3723783,49.248
1780038665.378237,49.248
1780038665.3842897,49.248
1780038665.3903482,49.248
1780038665.3962924,49.248
1780038665.4024165,49.248
1780038665.4083147,49.248
1780038665.4142861,49.248
1780038665.4202642,49.247
1780038665.426268,49.248
1780038665.4323123,49.248
1780038665.438263,49.248
1780038665.4444356,49.248
1780038665.450388,49.247
1780038665.4563296,49.248
1780038665.4623013,49.248
1780038665.468285,49.247
1780038665.4743958,49.247
1780038665.4802587,49.248
1780038665.4863048,49.248
1780038665.492307,49.248
1780038665.4982839,49.248
1780038665.5042694,49.248
1780038665.5103292,49.248
1780038665.5163774,49.248
1780038665.5223176,49.248
1780038665.5283241,49.248
1780038665.5344446,49.248
1780038665.5402808,49.247
1780038665.5463665,49.247
1780038665.552307,49.247
1780038665.5583801,49.246
1780038665.5641997,49.247
1780038665.5704486,49.247
1780038665.5762596,49.247
1780038665.582374,49.247
1780038665.5882835,49.248
1780038665.5942771,49.248
1780038665.6003199,49.248
1780038665.6063337,49.248
1780038665.61226,49.248
1780038665.6183124,49.248
1780038665.6242967,49.248
1780038665.6303022,49.248
1780038665.6362808,49.248
1780038665.6423738,49.248
1780038665.648321,49.248
1780038665.6542113,49.248
1780038665.660284,49.248
1780038665.6662824,49.248
1780038665.6723263,49.249
1780038665.6783094,49.248
1780038665.684298,49.248
1780038665.690483,49.248
1780038665.6962857,49.248
1780038665.7021956,49.248
1780038665.7078004,49.248
1780038665.713851,49.248
1780038665.7195764,49.247
1780038665.725564,49.247
1780038665.7313638,49.247
1780038665.7372515,49.247
1780038665.7430131,49.248
1780038665.749157,49.248
1780038665.7551434,49.247
1780038665.761201,49.248
1780038665.7672129,49.247
1780038665.7731922,49.247
1780038665.7792208,49.247
1780038665.785073,49.247
1780038665.7911026,49.247
1780038665.7971406,49.248
1780038665.8031235,49.248
1780038665.809233,49.247
1780038665.8151364,49.247
1780038665.8212147,49.247
1780038665.8272505,49.247
1780038665.8330965,49.247
1780038665.8391771,49.246
1780038665.8451755,49.246
1780038665.8511496,49.246
1780038665.857193,49.246
1780038665.8631623,49.247
1780038665.8691216,49.247
1780038665.8751006,49.248
1780038665.8810828,49.248
1780038665.8871717,49.247
1780038665.8930762,49.247
1780038665.8992195,49.247
1780038665.9051285,49.247
1780038665.9111974,49.247
1780038665.9171484,49.247
1780038665.9232256,49.248
1780038665.9290035,49.247
1780038665.9351468,49.247
1780038665.9411514,49.248
1780038665.9471834,49.248
1780038665.9532576,49.248
1780038665.9591155,49.248
1780038665.9651616,49.248
1780038665.9711516,49.247
1780038665.9770842,49.247
1780038665.9832647,49.247
1780038665.989145,49.247
1780038665.9952204,49.247
1780038666.0011153,49.248
1780038666.0071518,49.248
1780038666.013194,49.248
1780038666.0189528,49.248
1780038666.02522,49.248
1780038666.0312145,49.249
1780038666.0371659,49.249
1780038666.043152,49.249
1780038666.0491922,49.249
1780038666.055063,49.249
1780038666.0610902,49.249
1780038666.0672393,49.248
1780038666.0731475,49.248
1780038666.0790768,49.248
1780038666.0852015,49.248
1780038666.0910807,49.249
1780038666.0972555,49.249
1780038666.1030686,49.249
1780038666.1091695,49.249
1780038666.115187,49.249
1780038666.1211686,49.249
1780038666.127157,49.249
1780038666.1331842,49.249
1780038666.1391602,49.249
1780038666.1450896,49.25
1780038666.1511562,49.249
1780038666.1571712,49.249
1780038666.163091,49.249
1780038666.1692595,49.249
1780038666.175108,49.249
1780038666.1811862,49.249
1780038666.1871152,49.249
1780038666.1931698,49.249
1780038666.1992033,49.249
1780038666.2050414,49.249
1780038666.2111921,49.249
1780038666.2170706,49.25
1780038666.2231708,49.25
1780038666.2291906,49.25
1780038666.235155,49.25
1780038666.2411215,49.25
1780038666.2472334,49.25
1780038666.2531571,49.25
1780038666.2591252,49.25
1780038666.265102,49.249
1780038666.2712612,49.249
1780038666.277095,49.249
1780038666.2832415,49.249
1780038666.2891576,49.248
1780038666.2951984,49.249
1780038666.3011098,49.249
1780038666.307105,49.249
1780038666.3132017,49.249
1780038666.319177,49.249
1780038666.3254223,49.249
1780038666.3312492,49.249
1780038666.3372567,49.249
1780038666.3430612,49.249
1780038666.349195,49.249
1780038666.3551602,49.249
1780038666.361072,49.249
1780038666.3670077,49.249
1780038666.3726804,49.249
1780038666.3791342,49.249
1780038666.3852148,49.249
1780038666.391149,49.249
1780038666.3971977,49.248
1780038666.403069,49.248
1780038666.4091835,49.249
1780038666.4151888,49.248
1780038666.421144,49.249
1780038666.427219,49.249
1780038666.4331672,49.249
1780038666.4391484,49.249
1780038666.4450247,49.25
1780038666.451104,49.25
1780038666.4571474,49.249
1780038666.4630942,49.249
1780038666.4692485,49.249
1780038666.4751158,49.249
1780038666.4812503,49.249
1780038666.4871337,49.249
1780038666.4930313,49.249
1780038666.4991577,49.249
1780038666.5051897,49.248
1780038666.5112047,49.248
1780038666.517228,49.248
1780038666.5231524,49.249
1780038666.5290384,49.248
1780038666.5351205,49.249
1780038666.5412183,49.249
1780038666.547182,49.25
1780038666.5532022,49.25
1780038666.5592005,49.25
1780038666.565156,49.25
1780038666.5712602,49.25
1780038666.577099,49.25
1780038666.5832322,49.25
1780038666.5890079,49.25
1780038666.595253,49.25
1780038666.6011415,49.25
1780038666.6071937,49.25
1780038666.6132138,49.25
1780038666.6191084,49.25
1780038666.6251514,49.25
1780038666.6310341,49.25
1780038666.6370878,49.25
1780038666.643139,49.25
1780038666.6490612,49.251
1780038666.655205,49.251
1780038666.661155,49.251
1780038666.6672573,49.251
1780038666.6732688,49.25
1780038666.6790829,49.25
1780038666.685232,49.251
1780038666.691179,49.251
1780038666.6973274,49.251
1780038666.703159,49.251
1780038666.7092044,49.251
1780038666.7151392,49.251
1780038666.721176,49.251
1780038666.7272375,49.251
1780038666.7332492,49.251
1780038666.7391202,49.251
1780038666.7452035,49.25
1780038666.751121,49.25
1780038666.7572255,49.25
1780038666.7631571,49.25
1780038666.7692294,49.25
1780038666.7750444,49.25
1780038666.7811828,49.25
1780038666.7871795,49.251
1780038666.793223,49.25
1780038666.799221,49.251
1780038666.8051572,49.251
1780038666.811188,49.251
1780038666.8172252,49.251
1780038666.8231196,49.251
1780038666.8292627,49.252
1780038666.835068,49.252
1780038666.8412635,49.251
1780038666.847183,49.251
1780038666.8532577,49.251
1780038666.859263,49.251
1780038666.8650994,49.251
1780038666.8712223,49.251
1780038666.8771853,49.251
1780038666.8831906,49.251
1780038666.8890936,49.251
1780038666.8951347,49.251
1780038666.9011583,49.252
1780038666.9071832,49.252
1780038666.913219,49.252
1780038666.9191675,49.252
1780038666.9250424,49.252
1780038666.9311872,49.252
1780038666.9371161,49.252
1780038666.9432573,49.252
1780038666.9491136,49.252
1780038666.9552355,49.252
1780038666.9610999,49.252
1780038666.9672446,49.252
1780038666.9732192,49.252
1780038666.979213,49.253
1780038666.9851983,49.253
1780038666.9911797,49.252
1780038666.9972043,49.252
1780038667.0031154,49.252
1780038667.0091696,49.252
1780038667.0150115,49.252
1780038667.021127,49.253
1780038667.027174,49.252
1780038667.0331655,49.252
1780038667.0391417,49.252
1780038667.0452573,49.252
1780038667.051181,49.252
1780038667.0572472,49.252
1780038667.0630755,49.252
1780038667.0691748,49.252
1780038667.0752144,49.252
1780038667.0811868,49.252
1780038667.087204,49.252
1780038667.0932631,49.253
1780038667.0992541,49.253
1780038667.105085,49.253
1780038667.1111634,49.253
1780038667.1172447,49.253
1780038667.1231594,49.253
1780038667.129262,49.253
1780038667.1351058,49.253
1780038667.1411965,49.253
1780038667.1471908,49.252
1780038667.1531954,49.252
1780038667.159214,49.252
1780038667.1650426,49.252
1780038667.1711652,49.252
1780038667.1772218,49.252
1780038667.183189,49.252
1780038667.1892564,49.251
1780038667.195228,49.252
1780038667.2011137,49.253
1780038667.207176,49.252
1780038667.213067,49.252
1780038667.2191443,49.252
1780038667.2250564,49.252
1780038667.2312574,49.253
1780038667.2371767,49.252
1780038667.243229,49.253
1780038667.2491138,49.253
1780038667.2552226,49.253
1780038667.2610283,49.253
1780038667.2671719,49.253
1780038667.2732625,49.254
1780038667.2791557,49.253
1780038667.2851825,49.254
1780038667.291193,49.253
1780038667.2971668,49.254
1780038667.3030164,49.254
1780038667.309117,49.254
1780038667.3152404,49.254
1780038667.3211453,49.254
1780038667.3272264,49.254
1780038667.3331654,49.254
1780038667.3391647,49.253
1780038667.3452528,49.254
1780038667.3511372,49.253
1780038667.357233,49.253
1780038667.3630033,49.253
1780038667.3691628,49.253
1780038667.3751543,49.253
1780038667.3811703,49.253
1780038667.3872147,49.254
1780038667.3932602,49.255
1780038667.3992505,49.254
1780038667.4050314,49.255
1780038667.4111197,49.255
1780038667.4171488,49.254
1780038667.4231813,49.253
1780038667.4292197,49.254
1780038667.435107,49.254
1780038667.441203,49.254
1780038667.447156,49.254
1780038667.4532135,49.254
1780038667.459066,50.001
1780038667.4643803,50.011
1780038667.4696887,50.015
1780038667.474925,50.019
1780038667.4804552,50.024
1780038667.4856844,50.031
1780038667.4913042,50.033
1780038667.4965286,50.038
1780038667.5020623,50.041
1780038667.5072923,50.047
1780038667.5128586,50.051
1780038667.518092,50.057
1780038667.5237172,50.061
1780038667.528942,50.064
1780038667.534497,50.068
1780038667.539725,50.072
1780038667.545262,50.076
1780038667.5504882,50.082
1780038667.55612,50.086
1780038667.5613441,50.089
1780038667.5668972,50.093
1780038667.572128,50.098
1780038667.5777006,50.102
1780038667.58293,50.107
1780038667.5885355,50.112
1780038667.5939536,50.114
1780038667.5993056,50.118
1780038667.6045334,50.123
1780038667.6101127,50.126
1780038667.6153286,50.13
1780038667.6208782,50.136
1780038667.6260989,50.138
1780038667.6317184,50.142
1780038667.6369498,50.146
1780038667.642512,50.15
1780038667.6477382,50.154
1780038667.6533043,50.16
1780038667.6585355,50.161
1780038667.6641111,50.165
1780038667.6693282,50.17
1780038667.6748586,50.173
1780038667.680077,50.178
1780038667.6856987,50.183
1780038667.6909378,50.185
1780038667.696516,50.188
1780038667.701741,50.193
1780038667.7072935,50.196
1780038667.7125225,50.2
1780038667.7181072,50.205
1780038667.7233536,50.208
1780038667.7289145,50.21
1780038667.7341406,50.215
1780038667.7396991,50.218
1780038667.7449203,50.222
1780038667.7504654,50.226
1780038667.7557018,50.231
1780038667.7612605,50.232
1780038667.766487,50.236
1780038667.7720664,50.24
1780038667.777296,50.243
1780038667.7828696,50.247
1780038667.788112,50.252
1780038667.7936716,50.253
1780038667.7988884,51.001
1780038667.8045123,51.004
1780038667.8097315,51.008
1780038667.8153062,51.01
1780038667.8205585,51.016
1780038667.8261144,51.017
1780038667.8313344,51.022
1780038667.836915,51.025
1780038667.8421445,51.028
1780038667.8476706,51.031
1780038667.8529058,51.037
1780038667.858543,51.037
1780038667.8637593,51.042
1780038667.8693168,51.045
1780038667.8745484,51.048
1780038667.8801205,51.051
1780038667.8853536,51.057
1780038667.8909202,51.057
1780038667.8961542,51.061
1780038667.9016597,51.064
1780038667.9068928,51.067
1780038667.912471,51.07
1780038667.917708,51.076
1780038667.9233215,51.077
1780038667.9285517,51.08
1780038667.9340587,51.083
1780038667.9392984,51.086
1780038667.944866,51.089
1780038667.9500976,51.093
1780038667.9557207,51.097
1780038667.9609509,51.098
1780038667.9664931,51.101
1780038667.9717321,51.104
1780038667.9772627,51.107
1780038667.982495,51.111
1780038667.9881094,51.114
1780038667.9933367,51.116
1780038667.9989057,51.119
1780038668.0041473,51.122
1780038668.0096622,51.124
1780038668.0148973,51.128
1780038668.0205235,51.132
1780038668.025758,51.133
1780038668.0312626,51.136
1780038668.036503,51.139
1780038668.0420716,51.142
1780038668.0473044,51.144
1780038668.052923,51.149
1780038668.0581577,51.15
1780038668.0637019,51.153
1780038668.0689476,51.156
1780038668.0745041,51.158
1780038668.0797377,51.161
1780038668.0853262,51.166
1780038668.0905702,51.166
1780038668.0961132,51.169
1780038668.101338,51.172
1780038668.106883,51.174
1780038668.1121151,51.177
1780038668.117727,51.182
1780038668.122963,51.182
1780038668.1285307,51.185
1780038668.1337585,51.188
1780038668.1392617,51.19
1780038668.1444848,51.193
1780038668.150081,51.197
1780038668.1553226,51.199
1780038668.1609313,51.2
1780038668.166211,51.203
1780038668.1716683,51.206
1780038668.1768928,51.209
1780038668.182476,51.211
1780038668.1877148,51.215
1780038668.193313,51.215
1780038668.198538,51.218
1780038668.204074,51.221
1780038668.2093022,51.224
1780038668.2148669,51.225
1780038668.220107,51.23
1780038668.225741,51.229
1780038668.2312045,51.23
1780038668.2374072,51.224
1780038668.2428136,51.219
1780038668.248718,51.219
1780038668.2547524,51.218
1780038668.26075,51.217
1780038668.2667716,51.216
1780038668.2727323,51.215
1780038668.2787201,51.214
1780038668.2847607,51.212
1780038668.2907648,51.209
1780038668.29686,51.207
1780038668.3029077,51.205
1780038668.3087022,51.203
1780038668.3148065,51.2
1780038668.3207173,51.198
1780038668.3267505,51.196
1780038668.3327625,51.193
1780038668.338752,51.191
1780038668.3447664,51.189
1780038668.3507226,51.186
1780038668.3568296,51.184
1780038668.3628893,51.181
1780038668.3687272,51.179
1780038668.374785,51.177
1780038668.3807375,51.175
1780038668.3868315,51.173
1780038668.3927689,51.17
1780038668.3987434,51.168
1780038668.404764,51.166
1780038668.4107783,51.163
1780038668.4168813,51.162
1780038668.4229069,51.16
1780038668.4287531,51.157
1780038668.434776,51.155
1780038668.4408448,51.153
1780038668.4467528,51.151
1780038668.4527736,51.149
1780038668.458805,51.146
1780038668.4647665,51.144
1780038668.4707012,51.142
1780038668.476827,51.14
1780038668.482854,51.138
1780038668.4887204,51.136
1780038668.4948177,51.134
1780038668.500789,51.132
1780038668.506749,51.13
1780038668.512809,51.129
1780038668.5187953,51.126
1780038668.5248191,51.124
1780038668.5307188,51.121
1780038668.536916,51.12
1780038668.5429544,51.117
1780038668.548771,51.115
1780038668.5548294,51.114
1780038668.5605698,51.112
1780038668.5668077,51.11
1780038668.5727806,51.109
1780038668.578759,51.107
1780038668.5846388,51.105
1780038668.590725,51.104
1780038668.5968895,51.101
1780038668.602905,51.1
1780038668.608777,51.098
1780038668.6148326,51.096
1780038668.6206317,51.094
1780038668.6268086,51.092
1780038668.632747,51.091
1780038668.6387968,51.089
1780038668.6447573,51.088
1780038668.6507792,51.086
1780038668.6567793,51.084
1780038668.6628325,51.082
1780038668.6687543,51.08
1780038668.6749074,51.079
1780038668.6807551,51.077
1780038668.6868048,51.075
1780038668.6926012,51.074
1780038668.698801,51.071
1780038668.70484,51.069
1780038668.710803,51.068
1780038668.716653,51.067
1780038668.7228355,51.065
1780038668.7287185,51.064
1780038668.7348464,51.062
1780038668.7407246,51.06
1780038668.7468204,51.059
1780038668.752634,51.057
1780038668.7588756,51.056
1780038668.7647598,51.054
1780038668.7707646,51.053
1780038668.7767148,51.051
1780038668.7828736,51.05
1780038668.7887564,51.049
1780038668.7948694,51.047
1780038668.8007638,51.045
1780038668.8068314,51.044
1780038668.8126998,51.042
1780038668.8188088,51.04
1780038668.8247526,51.039
1780038668.8307562,51.037
1780038668.8367796,51.036
1780038668.8428187,51.034
1780038668.8487456,51.033
1780038668.8547778,51.031
1780038668.8607242,51.029
1780038668.8668225,51.028
1780038668.8727882,51.026
1780038668.8788042,51.025
1780038668.8846047,51.024
1780038668.8908143,51.022
1780038668.8968434,51.021
1780038668.9028788,51.02
1780038668.908826,51.018
1780038668.9146466,51.017
1780038668.9207416,51.015
1780038668.9268284,51.014
1780038668.932771,51.013
1780038668.9388149,51.011
1780038668.9447258,51.01
1780038668.950804,51.009
1780038668.9567785,51.007
1780038668.9628105,51.006
1780038668.9688475,51.004
1780038668.9747474,51.003
1780038668.9807754,51.002
1780038668.9867535,51.0
1780038668.992778,50.255
1780038668.9988034,50.253
1780038669.004788,50.252
1780038669.0108457,50.251
1780038669.016665,50.25
1780038669.0228577,50.248
1780038669.0287843,50.247
1780038669.0348234,50.246
1780038669.0408196,50.244
1780038669.0468245,50.243
1780038669.052709,50.242
1780038669.0588927,50.241
1780038669.064781,50.239
1780038669.0708935,50.238
1780038669.076716,50.237
1780038669.082859,50.236
1780038669.0888085,50.234
1780038669.09477,50.233
1780038669.1007915,50.233
1780038669.1066446,50.231
1780038669.1127033,50.23
1780038669.1188772,50.229
1780038669.1247613,50.228
1780038669.1309066,50.227
1780038669.1367497,50.225
1780038669.142858,50.224
1780038669.148838,50.223
1780038669.154817,50.222
1780038669.1607845,50.221
1780038669.1667182,50.219
1780038669.17278,50.219
1780038669.178832,50.218
1780038669.18476,50.216
1780038669.190829,50.215
1780038669.1967993,50.214
1780038669.202768,50.212
1780038669.208787,50.211
1780038669.2147644,50.211
1780038669.220777,50.209
1780038669.2267816,50.208
1780038669.2327948,50.207
1780038669.238747,50.206
1780038669.2447252,50.205
1780038669.2508588,50.204
1780038669.2568169,50.203
1780038669.262813,50.201
1780038669.2688336,50.201
1780038669.274974,50.2
1780038669.28094,50.199
1780038669.2868035,50.198
1780038669.2928112,50.197
1780038669.2987535,50.196
1780038669.3047187,50.195
1780038669.3108265,50.194
1780038669.3167918,50.193
1780038669.3228106,50.191
1780038669.3288128,50.191
1780038669.3347404,50.189
1780038669.340847,50.189
1780038669.3468058,50.188
1780038669.352778,50.186
1780038669.3588526,50.185
1780038669.3648226,50.184
1780038669.3706577,50.183
1780038669.3767219,50.182
1780038669.382828,50.181
1780038669.388881,50.18
1780038669.394784,50.179
1780038669.400837,50.178
1780038669.4066994,50.177
1780038669.4128067,50.176
1780038669.4187386,50.175
1780038669.4247785,50.174
1780038669.430815,50.173
1780038669.4367838,50.172
1780038669.4428089,50.171
1780038669.448838,50.171
1780038669.4547782,50.169
1780038669.4608881,50.168
1780038669.4667711,50.167
1780038669.4728768,50.166
1780038669.4786437,50.165
1780038669.484775,50.164
1780038669.4907737,50.164
1780038669.4967656,50.163
1780038669.5028505,50.161
1780038669.5087202,50.161
1780038669.5147414,50.16
1780038669.5208356,50.159
1780038669.526732,50.158
1780038669.5328102,50.157
1780038669.5387504,50.156
1780038669.544798,50.155
1780038669.550708,50.155
1780038669.5568027,50.154
1780038669.5628214,50.153
1780038669.568811,50.152
1780038669.5747883,50.151
1780038669.5807889,50.151
1780038669.5866785,50.149
1780038669.5928283,50.148
1780038669.5987163,50.147
1780038669.6048472,50.146
1780038669.6106699,50.146
1780038669.6167774,50.145
1780038669.622796,50.144
1780038669.6288743,50.143
1780038669.634823,50.143
1780038669.6406724,50.142
1780038669.646748,50.141
1780038669.652868,50.141
1780038669.6587918,50.14
1780038669.6649137,50.139
1780038669.6707895,50.138
1780038669.6769073,50.137
1780038669.6828415,50.136
1780038669.688784,50.136
1780038669.6947858,50.135
1780038669.7008028,50.134
1780038669.70678,50.133
1780038669.712845,50.133
1780038669.7186852,50.132
1780038669.724898,50.131
1780038669.7308006,50.131
1780038669.736851,50.13
1780038669.7427714,50.129
1780038669.7487197,50.128
1780038669.7548108,50.128
1780038669.7607696,50.127
1780038669.7667751,50.126
1780038669.772819,50.125
1780038669.778767,50.125
1780038669.7846966,50.123
1780038669.7907934,50.123
1780038669.7968853,50.123
1780038669.8028052,50.122
1780038669.808749,50.121
1780038669.8148377,50.121
1780038669.8206394,50.12
1780038669.8267503,50.12
1780038669.832862,50.119
1780038669.8388014,50.118
1780038669.8447502,50.118
1780038669.8507452,50.117
1780038669.856788,50.116
1780038669.8627992,50.115
1780038669.868738,50.114
1780038669.874863,50.113
1780038669.8807702,50.112
1780038669.8868034,50.112
1780038669.8927293,50.111
1780038669.8987904,50.11
1780038669.9048185,50.11
1780038669.9107647,50.11
1780038669.9166625,50.11
1780038669.9228117,50.109
1780038669.9286823,50.109
1780038669.9348545,50.108
1780038669.94075,50.107
1780038669.9469123,50.106
1780038669.9527378,50.106
1780038669.958826,50.106
1780038669.9648252,50.104
1780038669.970779,50.104
1780038669.9768164,50.104
1780038669.9828262,50.103
1780038669.9887779,50.102
1780038669.9948332,50.102
1780038670.0007992,50.101
1780038670.006825,50.1
1780038670.0127847,50.099
1780038670.0188055,50.099
1780038670.0246308,50.099
1780038670.0307508,50.098
1780038670.036805,50.097
1780038670.0428858,50.097
1780038670.0488102,50.097
1780038670.0547957,50.096
1780038670.0607224,50.096
1780038670.0668893,50.095
1780038670.0727599,50.094
1780038670.0788853,50.094
1780038670.084764,50.093
1780038670.0907853,50.093
1780038670.0968785,50.092
1780038670.1028578,50.092
1780038670.1088023,50.092
1780038670.114794,50.091
1780038670.120764,50.091
1780038670.1267848,50.089
1780038670.1326811,50.089
1780038670.1389272,50.089
1780038670.1447923,50.088
1780038670.150847,50.088
1780038670.1566944,50.088
1780038670.16282,50.087
1780038670.1687438,50.086
1780038670.1748292,50.086
1780038670.180807,50.086
1780038670.1867104,50.084
1780038670.1928072,50.084
1780038670.198837,50.084
1780038670.2046878,50.083
1780038670.2108579,50.082
1780038670.2168384,50.082
1780038670.222834,50.081
1780038670.2288692,50.081
1780038670.2346163,50.081
1780038670.2408562,50.08
1780038670.2468832,50.08
1780038670.2529304,50.079
1780038670.2587507,50.079
1780038670.2648046,50.079
1780038670.270877,50.078
1780038670.276843,50.077
1780038670.2828677,50.077
1780038670.2889194,50.076
1780038670.2948236,50.076
1780038670.3008845,50.075
1780038670.3066506,50.076
1780038670.3129125,50.075
1780038670.318846,50.074
1780038670.3248012,50.073
1780038670.3307745,50.073
1780038670.3368008,50.073
1780038670.3426628,50.072
1780038670.3483438,50.072
1780038670.35485,50.071
1780038670.3609176,50.071
1780038670.3667793,50.07
1780038670.3728688,50.069
1780038670.3785949,50.07
1780038670.3849165,50.07
1780038670.3908236,50.069
1780038670.396866,50.068
1780038670.4027233,50.068
1780038670.4086783,50.067
1780038670.4147387,50.067
1780038670.4208682,50.067
1780038670.4267719,50.066
1780038670.4329147,50.066
1780038670.4387279,50.066
1780038670.4449418,50.065
1780038670.4508326,50.065
1780038670.4568603,50.065
1780038670.4628117,50.065
1780038670.468778,50.064
1780038670.4748209,50.064
1780038670.4809368,50.063
1780038670.4868426,50.062
1780038670.4928567,50.061
1780038670.4988096,50.061
1780038670.5048878,50.061
1780038670.5106514,50.061
1780038670.5168588,50.06
1780038670.5229204,50.061
1780038670.528878,50.06
1780038670.5348718,50.06
1780038670.5406888,50.059
1780038670.54677,50.059
1780038670.552805,50.059
1780038670.558768,50.058
1780038670.564948,50.057
1780038670.5707576,50.057
1780038670.576846,50.057
1780038670.5826557,50.057
1780038670.5887783,50.057
1780038670.5948632,50.056
1780038670.600826,50.056
1780038670.6068146,50.055
1780038670.612878,50.055
1780038670.6187415,50.055
1780038670.6249096,50.054
1780038670.630749,50.054
1780038670.6369016,50.053
1780038670.6427822,50.053
1780038670.6486714,50.053
1780038670.654903,50.053
1780038670.6608655,50.052
1780038670.6668391,50.052
1780038670.6727734,50.052
1780038670.6787925,50.051
1780038670.6848915,50.05
1780038670.6908076,50.05
1780038670.696928,50.05
1780038670.7028568,50.05
1780038670.7087417,50.049
1780038670.7148502,50.049
1780038670.7208734,50.048
1780038670.7268555,50.048
1780038670.7328658,50.047
1780038670.738876,50.047
1780038670.7447379,50.047
1780038670.750812,50.048
1780038670.756894,50.047
1780038670.7628562,50.047
1780038670.7689152,50.046
1780038670.7748964,50.046
1780038670.780802,50.045
1780038670.7868495,50.045
1780038670.792866,50.044
1780038670.7988424,50.044
1780038670.8048592,50.044
1780038670.8108761,50.044
1780038670.8167014,50.044
1780038670.8227882,50.044
1780038670.8289146,50.043
1780038670.8348806,50.043
1780038670.8408353,50.042
1780038670.8469164,50.042
1780038670.852706,50.041
1780038670.8588982,50.041
1780038670.8648815,50.041
1780038670.870867,50.04
1780038670.8767986,50.041
1780038670.8828313,50.041
1780038670.8888986,50.04
1780038670.8948066,50.04
1780038670.9008372,50.039
1780038670.9068747,50.039
1780038670.9127936,50.039
1780038670.918859,50.039
1780038670.9246585,50.038
1780038670.9308627,50.038
1780038670.9368627,50.038
1780038670.9429235,50.037
1780038670.9489744,50.037
1780038670.9547408,50.037
1780038670.960809,50.036
1780038670.9668868,50.036
1780038670.9728255,50.036
1780038670.978951,50.035
1780038670.984823,50.035
1780038670.9908917,50.034
1780038670.9966137,50.034
1780038671.002912,50.034
1780038671.0089812,50.034
1780038671.0148127,50.034
1780038671.0208411,50.034
1780038671.0268805,50.033
1780038671.0328305,50.033
1780038671.0388484,50.033
1780038671.0447812,50.033
1780038671.0508797,50.033
1780038671.0567696,50.032
1780038671.0628755,50.032
1780038671.0689137,50.032
1780038671.074888,50.031
1780038671.0809238,50.031
1780038671.0867872,50.031
1780038671.092818,50.03
1780038671.0987961,50.03
1780038671.1047168,50.03
1780038671.1108894,50.03
1780038671.116783,50.03
1780038671.122896,50.029
1780038671.1289492,50.029
1780038671.1346939,50.029
1780038671.1408262,50.029
1780038671.1468852,50.028
1780038671.1528807,50.029
1780038671.1587856,50.029
1780038671.1648395,50.029
1780038671.1708791,50.029
1780038671.1768453,50.029
1780038671.1829023,50.029
1780038671.1890147,50.029
1780038671.1948466,50.028
1780038671.2008781,50.028
1780038671.206665,50.027
1780038671.2128544,50.027
1780038671.218896,50.027
1780038671.2248657,50.027
1780038671.230768,50.027
1780038671.2368374,50.027
1780038671.2428517,50.026
1780038671.2489402,50.026
1780038671.2548661,50.026
1780038671.2608976,50.026
1780038671.2668512,50.025
1780038671.2729108,50.025
1780038671.2786934,50.025
1780038671.2848287,50.024
1780038671.2908497,50.024
1780038671.2968795,50.024
1780038671.302808,50.024
1780038671.308903,50.024
1780038671.3148298,50.024
1780038671.3208485,50.023
1780038671.3268158,50.022
1780038671.3328722,50.022
1780038671.338751,50.022
1780038671.3448656,50.022
1780038671.350666,50.023
1780038671.356907,50.022
1780038671.362895,50.022
1780038671.3689756,50.022
1780038671.374941,50.022
1780038671.3807242,50.022
1780038671.3867717,50.021
1780038671.3928075,50.021
1780038671.3987718,50.021
1780038671.4049037,50.02
1780038671.4108245,50.02
1780038671.4168677,50.02
1780038671.4228387,50.02
1780038671.4288852,50.02
1780038671.4348605,50.02
1780038671.4408977,50.02
1780038671.4469197,50.02
1780038671.4527369,50.019
1780038671.458775,50.019
1780038671.4648721,50.019
1780038671.4707177,50.019
1780038671.476937,50.019
1780038671.4828084,50.019
1780038671.4888349,50.018
1780038671.4948628,50.018
1780038671.5008907,50.018
1780038671.5069203,50.017
1780038671.5128868,50.018
1780038671.5188985,50.017
1780038671.524801,50.017
1780038671.5307958,50.017
1780038671.5368662,50.017
1780038671.5428483,50.016
1780038671.5488894,50.016
1780038671.5548952,50.016
1780038671.560814,50.016
1780038671.5669022,50.016
1780038671.5727198,50.016
1780038671.578801,50.015
1780038671.5848932,50.016
1780038671.590852,50.015
1780038671.5968351,50.015
1780038671.6028326,50.015
1780038671.6088498,50.015
1780038671.6148334,50.014
1780038671.620804,50.014
1780038671.6268716,50.013
1780038671.6328223,50.013
1780038671.6388772,50.013
1780038671.644734,50.013
1780038671.6508148,50.013
1780038671.6568098,50.013
1780038671.662895,50.013
1780038671.6688511,50.013
1780038671.6748288,50.013
1780038671.6808305,50.012
1780038671.6868472,50.012
1780038671.6927547,50.012
1780038671.6988635,50.012
1780038671.7048562,50.012
1780038671.7108674,50.011
1780038671.7167737,50.011
1780038671.722844,50.011
1780038671.728798,50.011
1780038671.7349124,50.011
1780038671.7409208,50.011
1780038671.7468336,50.011
1780038671.752864,50.011
1780038671.7588272,50.011
1780038671.7647555,50.011
1780038671.7708368,50.011
1780038671.7768013,50.011
1780038671.782894,50.01
1780038671.7888489,50.009
1780038671.7947836,50.01
1780038671.800857,50.01
1780038671.8068466,50.01
1780038671.812823,50.01
1780038671.818846,50.009
1780038671.8248765,50.01
1780038671.8307147,50.009
1780038671.8368146,50.009
1780038671.8428335,50.009
1780038671.848844,50.009
1780038671.854797,50.008
1780038671.8609657,50.008
1780038671.8668528,50.007
1780038671.8728738,50.008
1780038671.8786898,50.007
1780038671.884913,50.008
1780038671.890846,50.008
1780038671.89681,50.008
1780038671.9028444,50.007
1780038671.9089036,50.007
1780038671.9148455,50.007
1780038671.9208646,50.007
1780038671.9268029,50.006
1780038671.9329052,50.006
1780038671.9388351,50.006
1780038671.9449265,50.006
1780038671.9508142,50.006
1780038671.956865,50.006
1780038671.9626312,50.006
1780038671.9688764,50.006
1780038671.9748862,50.006
1780038671.980911,50.006
1780038671.986893,50.006
1780038671.992734,50.005
1780038671.998802,50.006
1780038672.005246,50.005
1780038672.0110555,50.005
1780038672.0169327,50.005
1780038672.0228267,50.005
1780038672.0288234,50.004
1780038672.0348608,50.004
1780038672.040771,50.004
1780038672.0468538,50.004
1780038672.052877,50.004
1780038672.0588884,50.004
1780038672.0648072,50.004
1780038672.0707674,50.004
1780038672.076973,50.005
1780038672.0828373,50.004
1780038672.0888546,50.004
1780038672.0948884,50.004
1780038672.100834,50.005
1780038672.1068892,50.005
1780038672.112665,50.005
1780038672.1188598,50.005
1780038672.1249247,50.005
1780038672.130897,50.005
1780038672.1367798,50.004
1780038672.1428297,50.005
1780038672.1487164,50.005
1780038672.154325,50.004
1780038672.160893,50.004
1780038672.1668482,50.004
1780038672.1728597,50.004
1780038672.1789172,50.004
1780038672.1847017,50.004
1780038672.1908154,50.004
1780038672.1968515,50.004
1780038672.2029088,50.004
1780038672.2088459,50.004
1780038672.2147868,50.003
1780038672.2208083,50.004
1780038672.2268934,50.003
1780038672.2328112,50.003
1780038672.2388954,50.003
1780038672.24482,50.003
1780038672.250867,50.003
1780038672.2568119,50.003
1780038672.2629087,50.003
1780038672.2688723,50.003
1780038672.2748501,50.003
1780038672.2808342,50.002
1780038672.2868733,50.003
1780038672.2928846,50.003
1780038672.2987032,50.002
1780038672.3048463,50.002
1780038672.3108919,50.002
1780038672.3168228,50.002
1780038672.3228981,50.002
1780038672.3288264,50.002
1780038672.3347669,50.002
1780038672.3409271,50.003
1780038672.3466852,50.002
1780038672.3529358,50.001
1780038672.3589127,50.002
1780038672.3648994,50.002
1780038672.3707905,50.002
1780038672.376804,50.002
1780038672.382883,50.002
1780038672.388904,50.002
1780038672.3949513,50.002
1780038672.400906,50.001
1780038672.4068604,50.002
1780038672.4129164,50.002
1780038672.418719,50.001
1780038672.4248362,50.002
1780038672.430863,50.001
1780038672.4368906,50.002
1780038672.4428294,50.002
1780038672.4489017,50.002
1780038672.4548962,50.002
1780038672.4608297,50.001
1780038672.4668157,50.001
1780038672.4729033,50.002
1780038672.478864,50.001
1780038672.4849,50.001
1780038672.4907758,50.001
1780038672.4969077,50.001
1780038672.5028882,50.0
1780038672.5089478,50.001
1780038672.5149753,50.001
1780038672.5208552,50.001
1780038672.5268617,50.001
1780038672.5327656,50.0
1780038672.538764,50.001
1780038672.5449064,50.0
1780038672.5508375,50.0
1780038672.5569084,50.0
1780038672.562823,50.0
1780038672.5688925,50.0
1780038672.5749207,50.0
1780038672.58064,50.0
1780038672.586905,50.0
1780038672.5929255,50.0
1780038672.598902,50.0
1780038672.6047993,50.0
1780038672.610793,50.0
1780038672.6168692,50.0
1780038672.6228204,50.0
1780038672.6289895,49.255
1780038672.635093,49.255
1780038672.6409247,50.0
1780038672.6469529,50.0
1780038672.6527884,50.0
1780038672.658863,49.255
1780038672.6647546,50.0
1780038672.6708558,49.255
1780038672.676875,50.0
1780038672.6829336,50.0
1780038672.6887755,49.255
1780038672.6949205,49.255
1780038672.7008266,49.255
1780038672.706962,49.255
1780038672.7128713,49.255
1780038672.7189069,49.254
1780038672.724874,49.254
1780038672.7309258,49.254
1780038672.736741,49.253
1780038672.7428524,49.253
1780038672.7488768,49.253
1780038672.754955,49.253
1780038672.7609742,49.253
1780038672.766811,49.254
1780038672.7728662,49.254
1780038672.7789044,49.254
1780038672.7848482,49.254
1780038672.7908998,49.254
1780038672.7968469,49.254
1780038672.8029199,49.254
1780038672.8088305,49.254
1780038672.8148825,49.254
1780038672.8208404,49.254
1780038672.8269675,49.254
1780038672.832994,49.253
1780038672.83889,49.254
1780038672.8448968,49.254
1780038672.8507297,49.254
1780038672.8568432,49.254
1780038672.8629014,49.254
1780038672.8688912,49.253
1780038672.8749275,49.253
1780038672.8809867,49.253
1780038672.8868139,49.253
1780038672.892937,49.253
1780038672.898707,49.253
1780038672.9049401,49.253
1780038672.9108965,49.253
1780038672.9168756,49.253
1780038672.9228451,49.253
1780038672.9288511,49.253
1780038672.9349165,49.254
1780038672.9408612,49.254
1780038672.946954,49.254
1780038672.952959,49.255
1780038672.9588141,49.254
1780038672.9649384,49.255
1780038672.9708397,49.255
1780038672.976921,49.255
1780038672.9826918,49.254
1780038672.9888618,49.255
1780038672.9949265,49.255
1780038673.0009418,49.255
1780038673.006936,49.255
1780038673.0127857,49.255
1780038673.0188098,49.254
1780038673.0248587,49.254
1780038673.030797,49.255
1780038673.0369272,49.254
1780038673.042806,49.254
1780038673.0489812,49.254
1780038673.054845,49.254
1780038673.0607893,49.254
1780038673.0668905,49.254
1780038673.0729258,49.254
1780038673.0789242,49.254
1780038673.0849447,49.254
1780038673.0909252,49.254
1780038673.0968041,49.254
1780038673.1028209,49.254
1780038673.109,49.254
1780038673.1148965,49.254
1780038673.120885,49.254
1780038673.1269152,49.254
1780038673.1328225,49.254
1780038673.1389544,49.254
1780038673.1447613,49.253
1780038673.1508996,49.253
1780038673.1568618,49.253
1780038673.1628227,49.252
1780038673.1689448,49.253
1780038673.1749873,49.253
1780038673.180922,49.253
1780038673.1868331,49.254
1780038673.1928213,49.253
1780038673.1988282,49.253
1780038673.204854,49.253
1780038673.2109575,49.254
1780038673.2168558,49.253
1780038673.2228959,49.254
1780038673.2287488,49.253
1780038673.2348852,49.253
1780038673.2409146,49.253
1780038673.2469504,49.253
1780038673.2530107,49.254
1780038673.2588315,49.253
1780038673.2648535,49.254
1780038673.2709136,49.253
1780038673.2768016,49.253
1780038673.2828522,49.253
1780038673.288815,49.253
1780038673.2948897,49.252
1780038673.300926,49.253
1780038673.3068213,49.253
1780038673.3129392,49.253
1780038673.3186977,49.253
1780038673.3249662,49.253
1780038673.3308475,49.253
1780038673.3368618,49.253
1780038673.3428907,49.253
1780038673.3488567,49.253
1780038673.3547318,49.253
1780038673.3603077,49.253
1780038673.3663907,49.253
1780038673.3724222,49.253
1780038673.3789017,49.252
1780038673.384971,49.253
1780038673.3908072,49.253
1780038673.3968985,49.252
1780038673.4027307,49.252
1780038673.4088562,49.251
1780038673.4149637,49.252
1780038673.4209087,49.251
1780038673.4268796,49.251
1780038673.4328635,49.251
1780038673.4388607,49.251
1780038673.4449463,49.251
1780038673.4508228,49.251
1780038673.4568741,49.25
1780038673.4628544,49.251
1780038673.468957,49.25
1780038673.474903,49.251
1780038673.4807417,49.251
1780038673.4868608,49.251
1780038673.4929402,49.251
1780038673.4989722,49.251
1780038673.504886,49.251
1780038673.5108972,49.252
1780038673.5167766,49.252
1780038673.5228066,49.252
1780038673.5288591,49.251
1780038673.5348778,49.252
1780038673.540963,49.251
1780038673.5469196,49.251
1780038673.5528393,49.252
1780038673.5590022,49.252
1780038673.5647695,49.252
1780038673.570876,49.252
1780038673.576874,49.252
1780038673.5828505,49.252
1780038673.5889397,49.252
1780038673.5949664,49.252
1780038673.6009858,49.252
1780038673.6069274,49.252
1780038673.6128607,49.252
1780038673.6189315,49.251
1780038673.624849,49.251
1780038673.6309156,49.251
1780038673.6368265,49.25
1780038673.6429627,49.251
1780038673.6486876,49.251
1780038673.6549501,49.251
1780038673.6609945,49.251
1780038673.666925,49.251
1780038673.6729405,49.251
1780038673.6787684,49.251
1780038673.68487,49.251
1780038673.6909015,49.251
1780038673.6968765,49.25
1780038673.702887,49.25
1780038673.7088227,49.25
1780038673.714962,49.25
1780038673.7209969,49.249
1780038673.7267635,49.25
1780038673.7328756,49.249
1780038673.738859,49.25
1780038673.7449162,49.25
1780038673.7508724,49.251
1780038673.7569184,49.251
1780038673.7627397,49.25
1780038673.7688184,49.25
1780038673.774953,49.25
1780038673.7810504,49.25
1780038673.7869205,49.25
1780038673.792917,49.25
1780038673.7988873,49.251
1780038673.8049176,49.25
1780038673.8107424,49.25
1780038673.8168595,49.25
1780038673.822888,49.25
1780038673.8289378,49.25
1780038673.834885,49.25
1780038673.8409915,49.25
1780038673.8469539,49.25
1780038673.852895,49.25
1780038673.8587663,49.25
1780038673.8649533,49.25
1780038673.870879,49.25
1780038673.877045,49.251
1780038673.8828726,49.251
1780038673.8889508,49.25
1780038673.894765,49.251
1780038673.9009364,49.25
1780038673.90694,49.251
1780038673.9129856,49.251
1780038673.9189875,49.251
1780038673.9248312,49.25
1780038673.9308856,49.25
1780038673.9371738,49.251
1780038673.943108,49.25
1780038673.9488633,49.251
1780038673.9549003,49.25
1780038673.9609683,49.25
1780038673.9669425,49.25
1780038673.9728386,49.25
1780038673.9789183,49.25
1780038673.9846857,49.25
1780038673.990921,49.251
1780038673.9969451,49.25
1780038674.0029624,49.25
1780038674.0088458,49.25
1780038674.0148754,49.25
1780038674.0209088,49.25
1780038674.0268645,49.25
1780038674.0328283,49.25
1780038674.0389893,49.249
1780038674.0448558,49.249
1780038674.0509942,49.25
1780038674.0568352,49.25
1780038674.0629454,49.25
1780038674.0687091,49.249
1780038674.074857,49.249
1780038674.0809534,49.25
1780038674.0869002,49.249
1780038674.0929325,49.249
1780038674.0988362,49.249
1780038674.104884,49.249
1780038674.1108809,49.249
1780038674.116797,49.249
1780038674.1229398,49.249
1780038674.1288903,49.249
1780038674.1349597,49.249
1780038674.1408613,49.248
1780038674.1469069,49.248
1780038674.1529505,49.248
1780038674.1587453,49.248
1780038674.1649344,49.249
1780038674.1709054,49.248
1780038674.176942,49.248
1780038674.1829429,49.248
1780038674.1889338,49.248
1780038674.1948097,49.249
1780038674.2009137,49.248
1780038674.2068517,49.248
1780038674.2128892,49.248
1780038674.2188435,49.248
1780038674.2249496,49.248
1780038674.2308562,49.247
1780038674.2369165,49.247
1780038674.2428257,49.248
1780038674.2489467,49.247
1780038674.254734,49.248
1780038674.2608964,49.248
1780038674.2669282,49.248
1780038674.2729094,49.248
1780038674.278921,49.248
1780038674.2848628,49.248
1780038674.2908838,49.248
1780038674.2967327,49.248
1780038674.3028388,49.248
1780038674.3089876,49.248
1780038674.314895,49.248
1780038674.3209577,49.248
1780038674.3269463,49.248
1780038674.3328547,49.248
1780038674.3389668,49.247
1780038674.3447797,49.247
1780038674.3508947,49.247
1780038674.3568845,49.247
1780038674.3629189,49.247
1780038674.3689656,49.247
1780038674.374968,49.247
1780038674.3808439,49.247
1780038674.3867931,49.247
1780038674.3928783,49.247
1780038674.3989103,49.246
1780038674.4048595,49.246
1780038674.4109075,49.246
1780038674.416882,49.246
1780038674.4229374,49.246
1780038674.4288907,49.246
1780038674.4349768,49.246
1780038674.440869,49.247
1780038674.4467034,49.246
1780038674.4524672,49.246
1780038674.459017,49.246
1780038674.465052,49.247
1780038674.4708931,49.247
1780038674.4768693,49.247
1780038674.482734,49.246
1780038674.4888487,49.246
1780038674.4948719,49.247
1780038674.5009274,49.247
1780038674.5070016,49.247
1780038674.513007,49.247
1780038674.518886,49.247
1780038674.5249379,49.247
1780038674.530779,49.247
1780038674.5369122,49.246
1780038674.5428307,49.247
1780038674.5488741,49.247
1780038674.554924,49.247
1780038674.5609925,49.247
1780038674.5670521,49.247
1780038674.5729365,49.247
1780038674.5788844,49.247
1780038674.5848951,49.247
1780038674.5907984,49.246
1780038674.596948,49.246
1780038674.602828,49.246
1780038674.6089666,49.246
1780038674.6148467,49.246
1780038674.620996,49.246
1780038674.6270723,49.246
1780038674.6329277,49.246
1780038674.639014,49.245
1780038674.6449022,49.246
1780038674.650911,49.246
1780038674.6568701,49.246
1780038674.6628604,49.246
1780038674.6688457,49.246
1780038674.6748354,49.245
1780038674.681022,49.245
1780038674.6870906,49.245
1780038674.6929457,49.245
1780038674.6990047,49.245
1780038674.7048702,49.245
1780038674.710956,49.246
1780038674.7167888,49.245
1780038674.7228909,49.246
1780038674.7288623,49.246
1780038674.7348456,49.246
1780038674.7409656,49.246
1780038674.7470722,49.246
1780038674.7530222,49.246
1780038674.7587962,49.246
1780038674.7648222,49.246
1780038674.7708726,49.245
1780038674.776864,49.245
1780038674.782891,49.245
1780038674.7888794,49.244
1780038674.7950096,49.244
1780038674.8008926,49.244
1780038674.806963,49.243
1780038674.8129997,49.244
1780038674.818895,49.243
1780038674.8249454,49.244
1780038674.830912,49.244
1780038674.83694,49.244
1780038674.8427696,49.244
1780038674.8488834,49.244
1780038674.85486,49.243
1780038674.860846,49.243
1780038674.8669145,49.243
1780038674.8730078,49.243
1780038674.8789186,49.243
1780038674.8849552,49.243
1780038674.8908587,49.243
1780038674.896966,49.243
1780038674.902731,49.243
1780038674.9088824,49.244
1780038674.9148905,49.244
1780038674.9209738,49.244
1780038674.9269056,49.244
1780038674.9329214,49.244
1780038674.9389307,49.245
1780038674.944768,49.245
1780038674.9508739,49.244
1780038674.9569411,49.245
1780038674.9629078,49.245
1780038674.9689577,49.245
1780038674.974905,49.244
1780038674.9810014,49.245
1780038674.9868839,49.244
1780038674.9928324,49.244
1780038674.9989016,49.244
1780038675.0046828,49.244
1780038675.0109208,49.244
1780038675.0170064,49.244
1780038675.0230365,49.244
1780038675.0288584,49.245
1780038675.0348628,49.245
1780038675.040734,49.245
1780038675.046896,49.245
1780038675.0528448,49.245
1780038675.0589504,49.246
1780038675.0648937,49.245
1780038675.071004,49.245
1780038675.0768478,49.245
1780038675.082957,49.245
1780038675.088805,49.245
1780038675.0948918,49.245
1780038675.100946,49.246
1780038675.1070058,49.245
1780038675.1130319,49.246
1780038675.118941,49.246
1780038675.1249828,49.246
1780038675.1308017,49.246
1780038675.1368604,49.246
1780038675.1429186,49.246
1780038675.1488318,49.245
1780038675.1549473,49.245
1780038675.1608627,49.245
1780038675.166912,49.244
1780038675.1729891,49.244
1780038675.1788647,49.245
1780038675.1849437,49.245
1780038675.1907325,49.245
1780038675.196983,49.245
1780038675.20286,49.245
1780038675.2088773,49.246
1780038675.2149022,49.246
1780038675.2208905,49.246
1780038675.2268398,49.246
1780038675.2323837,49.245
1780038675.2384434,49.246
1780038675.2444682,49.245
1780038675.250905,49.245
1780038675.2570074,49.245
1780038675.2628508,49.245
1780038675.2689655,49.245
1780038675.2748036,49.245
1780038675.2809024,49.244
1780038675.2869332,49.245
1780038675.2928905,49.245
1780038675.2989295,49.247
1780038675.3049083,49.247
1780038675.310913,49.246
1780038675.3167522,49.246
1780038675.3228586,49.247
1780038675.3288882,49.247
1780038675.334834,49.247
1780038675.3409944,49.247
1780038675.3469136,49.247
1780038675.3529146,49.246
1780038675.358981,49.246
1780038675.364837,49.246
1780038675.3709207,49.246
1780038675.3769195,49.245
1780038675.3829148,49.245
1780038675.3889117,49.246
1780038675.3949003,49.246
1780038675.4008882,49.246
1780038675.4069517,49.247
1780038675.4129677,49.246
1780038675.4189498,49.246
1780038675.4248712,49.247
1780038675.4309623,49.246
1780038675.4369252,49.246
1780038675.4429421,49.246
1780038675.448894,49.246
1780038675.4549322,49.246
1780038675.4607425,49.246
1780038675.467043,49.246
1780038675.4730918,49.245
1780038675.47899,49.246
1780038675.4849923,49.246
1780038675.4908602,49.246
1780038675.4968894,49.246
1780038675.502966,49.246
1780038675.5089197,49.247
1780038675.514893,49.247
1780038675.5208087,49.246
1780038675.526982,49.246
1780038675.5331113,49.246
1780038675.5389173,49.246
1780038675.5449972,49.246
1780038675.5507743,49.247
1780038675.5569139,49.246
1780038675.5629213,49.246
1780038675.5689063,49.246
1780038675.574903,49.246
1780038675.581003,49.247
1780038675.5868351,49.247
1780038675.593009,49.247
1780038675.5989175,49.247
1780038675.6048748,49.247
1780038675.6109033,49.247
1780038675.617008,49.247
1780038675.622889,49.247
1780038675.6289535,49.246
1780038675.634874,49.246
1780038675.6409433,49.246
1780038675.6467633,49.246
1780038675.6529322,49.245
1780038675.6589272,49.246
1780038675.6649718,49.246
1780038675.670992,49.246
1780038675.6768107,49.246
1780038675.6828437,49.246
1780038675.6889095,49.246
1780038675.6948102,49.247
1780038675.7009475,49.246
1780038675.7069268,49.246
1780038675.7129958,49.247
1780038675.7189717,49.247
1780038675.724885,49.246
1780038675.7309456,49.246
1780038675.7367263,49.246
1780038675.7428837,49.246
1780038675.748953,49.246
1780038675.7549438,49.247
1780038675.7609444,49.247
1780038675.7669668,49.248
1780038675.7729487,49.248
1780038675.778858,49.248
1780038675.784857,49.248
1780038675.7909214,49.248
1780038675.79689,49.248
1780038675.8029342,49.248
1780038675.8088453,49.247
1780038675.8148932,49.247
1780038675.820911,49.247
1780038675.826966,49.247
1780038675.8328044,49.247
1780038675.8387442,49.247
1780038675.8449237,49.247
1780038675.8511345,49.247
1780038675.857155,49.247
1780038675.8629272,49.248
1780038675.8689356,49.248
1780038675.8748333,49.249
1780038675.8808215,49.249
1780038675.8869312,49.249
1780038675.8927686,49.249
1780038675.8981113,50.006
1780038675.903373,50.008
1780038675.9086108,50.012
1780038675.9141946,50.017
1780038675.919427,50.022
1780038675.925052,50.027
1780038675.9302847,50.03
1780038675.935833,50.034
1780038675.9410696,50.039
1780038675.946587,50.043
1780038675.951824,50.047
1780038675.9574456,50.054
1780038675.9626775,50.056
1780038675.968238,50.061
1780038675.9734716,50.066
1780038675.9789972,50.069
1780038675.9843328,50.074
1780038675.9898515,50.08
1780038675.9950924,50.082
1780038676.000639,50.087
1780038676.0058732,50.091
1780038676.0113866,50.095
1780038676.0166137,50.1
1780038676.0221982,50.105
1780038676.0274475,50.108
1780038676.03305,50.111
1780038676.038287,50.116
1780038676.0438225,50.119
1780038676.0490537,50.124
1780038676.0546422,50.13
1780038676.059884,50.133
1780038676.0654445,50.135
1780038676.0706766,50.14
1780038676.0761843,50.144
1780038676.0814211,50.148
1780038676.0870347,50.152
1780038676.0922728,50.157
1780038676.0977805,50.159
1780038676.1030066,50.164
1780038676.1086318,50.167
1780038676.11387,50.172
1780038676.119428,50.174
1780038676.1246638,50.181
1780038676.1301968,50.182
1780038676.135442,50.186
1780038676.140992,50.19
1780038676.1462197,50.195
1780038676.151844,50.196
1780038676.1570804,50.203
1780038676.1625957,50.204
1780038676.1678157,50.209
1780038676.1733966,50.212
1780038676.1786172,50.216
1780038676.1842372,50.22
1780038676.1894896,50.225
1780038676.1950302,50.226
1780038676.2002563,50.231
1780038676.2058022,50.234
1780038676.211031,50.238
1780038676.216647,50.241
1780038676.2218807,50.247
1780038676.2274475,50.248
1780038676.2328873,50.252
1780038676.2382092,50.255
1780038676.2434378,51.002
1780038676.2490482,51.006
1780038676.254276,51.012
1780038676.2598536,51.013
1780038676.265085,51.016
1780038676.2705927,51.019
1780038676.2758315,51.023
1780038676.2813923,51.026
1780038676.286609,51.032
1780038676.292262,51.034
1780038676.2976766,51.036
1780038676.303044,51.039
1780038676.3082862,51.043
1780038676.3137858,51.046
1780038676.319019,51.05
1780038676.324659,51.054
1780038676.3298886,51.056
1780038676.33539,51.058
1780038676.340629,51.062
1780038676.346235,51.065
1780038676.3514757,51.068
1780038676.3570335,51.073
1780038676.3622599,51.074
1780038676.367788,51.078
1780038676.3730252,51.081
1780038676.3786352,51.083
1780038676.3838668,51.086
1780038676.3894432,51.092
1780038676.394668,51.093
1780038676.4002428,51.096
1780038676.4054818,51.099
1780038676.4109938,51.102
1780038676.4162216,51.105
1780038676.421807,51.11
1780038676.427054,51.111
1780038676.4326506,51.113
1780038676.4378755,51.118
1780038676.4433951,51.119
1780038676.4486272,51.123
1780038676.4542494,51.127
1780038676.4594934,51.129
1780038676.4650493,51.131
1780038676.4702735,51.135
1780038676.4758422,51.137
1780038676.4810798,51.14
1780038676.4866483,51.143
1780038676.4918916,51.147
1780038676.4974453,51.148
1780038676.5026736,51.151
1780038676.5082037,51.154
1780038676.513428,51.157
1780038676.5190604,51.16
1780038676.5243042,51.164
1780038676.5298448,51.164
1780038676.5350661,51.168
1780038676.5406246,51.17
1780038676.5458522,51.173
1780038676.5514534,51.174
1780038676.5566936,51.18
1780038676.5621953,51.18
1780038676.567421,51.184
1780038676.5730467,51.186
1780038676.5782688,51.189
1780038676.5838063,51.191
1780038676.5890403,51.196
1780038676.5946066,51.195
1780038676.5998344,51.199
1780038676.6054423,51.202
1780038676.6106706,51.204
1780038676.6162312,51.207
1780038676.6215663,51.211
1780038676.627061,51.211
1780038676.632299,51.214
1780038676.6377861,51.217
1780038676.643018,51.219
1780038676.648598,51.222
1780038676.6538231,51.226
1780038676.6594505,51.226
1780038676.6646779,51.229
1780038676.6703663,51.221
1780038676.6767502,51.218
1780038676.6825922,51.215
1780038676.6883023,51.215
1780038676.6944232,51.214
1780038676.7005696,51.213
1780038676.7064788,51.211
1780038676.712558,51.209
1780038676.718366,51.207
1780038676.724515,51.205
1780038676.7305207,51.203
1780038676.7366288,51.2
1780038676.7425733,51.198
1780038676.748506,51.197
1780038676.75447,51.194
1780038676.760567,51.191
1780038676.7665017,51.188
1780038676.7726026,51.186
1780038676.7783895,51.184
1780038676.7844722,51.182
1780038676.7906084,51.179
1780038676.796658,51.177
1780038676.8025713,51.175
1780038676.8085675,51.173
1780038676.814462,51.17
1780038676.8205626,51.167
1780038676.826481,51.165
1780038676.8325894,51.162
1780038676.838346,51.16
1780038676.8446717,51.158
1780038676.8506117,51.156
1780038676.856652,51.154
1780038676.8625927,51.152
1780038676.8683302,51.15
1780038676.8744228,51.147
1780038676.880641,51.145
1780038676.8865402,51.143
1780038676.8925598,51.141
1780038676.8984482,51.139
1780038676.9044986,51.136
1780038676.910573,51.134
1780038676.9166334,51.132
1780038676.9226139,51.13
1780038676.9284792,51.128
1780038676.9344876,51.126
1780038676.9406261,51.123
1780038676.9465115,51.122
1780038676.9526446,51.12
1780038676.9584954,51.117
1780038676.9645193,51.115
1780038676.9705608,51.113
1780038676.976584,51.112
1780038676.982587,51.11
1780038676.9884882,51.107
1780038676.994512,51.105
1780038677.0005836,51.103
1780038677.0064785,51.101
1780038677.012633,51.099
1780038677.0185168,51.097
1780038677.024528,51.096
1780038677.0302644,51.094
1780038677.0360496,51.093
1780038677.0421028,51.091
1780038677.0479815,51.089
1780038677.0540085,51.086
1780038677.0601048,51.084
1780038677.0665605,51.082
1780038677.072587,51.08
1780038677.0785284,51.078
1780038677.0845559,51.076
1780038677.090285,51.074
1780038677.0966916,51.072
1780038677.1027107,51.071
1780038677.1085267,51.069
1780038677.1144905,51.067
1780038677.1205435,51.065
1780038677.1264791,51.062
1780038677.1325927,51.06
1780038677.138469,51.059
1780038677.1445305,51.057
1780038677.1502888,51.056
1780038677.156633,51.054
1780038677.1626282,51.052
1780038677.1685157,51.051
1780038677.174527,51.05
1780038677.1805367,51.048
1780038677.1865315,51.046
1780038677.1926455,51.045
1780038677.1985488,51.043
1780038677.2045624,51.041
1780038677.210344,51.039
1780038677.2167027,51.037
1780038677.2227328,51.036
1780038677.2285671,51.035
1780038677.2345495,51.034
1780038677.2405791,51.032
1780038677.2465239,51.03
1780038677.2525747,51.029
1780038677.2585983,51.027
1780038677.264594,51.025
1780038677.2703803,51.024
1780038677.2766893,51.022
1780038677.2827203,51.02
1780038677.2885962,51.019
1780038677.2945907,51.018
1780038677.300555,51.017
1780038677.3064644,51.015
1780038677.3126645,51.014
1780038677.3185673,51.012
1780038677.3246286,51.01
1780038677.330447,51.008
1780038677.3365896,51.007
1780038677.3425968,51.006
1780038677.348597,51.005
1780038677.3546104,51.004
1780038677.3604493,51.003
1780038677.366475,51.001
1780038677.3725357,51.0
1780038677.3785362,50.254
1780038677.384602,50.253
1780038677.390495,50.251
1780038677.3964612,50.249
1780038677.4025064,50.248
1780038677.4086142,50.247
1780038677.4146404,50.246
1780038677.4204667,50.244
1780038677.426522,50.243
1780038677.4325202,50.241
1780038677.4385347,50.24
1780038677.4445875,50.239
1780038677.450546,50.237
1780038677.456502,50.236
1780038677.4625483,50.235
1780038677.4686413,50.233
1780038677.4746387,50.232
1780038677.4805272,50.231
1780038677.4865456,50.229
1780038677.4925685,50.228
1780038677.4986908,50.226
1780038677.5046299,50.225
1780038677.5105522,50.224
1780038677.5176816,50.222
1780038677.523617,50.22
1780038677.529792,50.219
1780038677.5357885,50.218
1780038677.5417469,50.216
1780038677.5476708,50.215
1780038677.5536702,50.214
1780038677.5597804,50.212
1780038677.5657203,50.211
1780038677.5717537,50.21
1780038677.5776787,50.209
1780038677.5836697,50.208
1780038677.5897856,50.206
1780038677.5954938,50.205
1780038677.6018035,50.204
1780038677.6077425,50.203
1780038677.613689,50.203
1780038677.6197748,50.201
1780038677.6256418,50.2
1780038677.6318383,50.199
1780038677.6377325,50.198
1780038677.6437504,50.197
1780038677.6497812,50.196
1780038677.6555953,50.195
1780038677.6617875,50.194
1780038677.6677907,50.193
1780038677.6737876,50.192
1780038677.679671,50.19
1780038677.6859775,50.189
1780038677.69188,50.188
1780038677.6977813,50.187
1780038677.703688,50.186
1780038677.709802,50.185
1780038677.7156868,50.184
1780038677.7217197,50.182
1780038677.7278175,50.181
1780038677.733821,50.181
1780038677.739742,50.18
1780038677.74576,50.179
1780038677.7516265,50.179
1780038677.7577343,50.177
1780038677.763703,50.176
1780038677.7698543,50.175
1780038677.7757423,50.174
1780038677.7817755,50.173
1780038677.7875981,50.172
1780038677.7937014,50.171
1780038677.7997258,50.17
1780038677.8057241,50.169
1780038677.8116603,50.168
1780038677.8177922,50.168
1780038677.8236716,50.167
1780038677.8298454,50.166
1780038677.8357446,50.164
1780038677.841841,50.163
1780038677.8476572,50.163
1780038677.8537533,50.162
1780038677.8598142,50.161
1780038677.8657966,50.16
1780038677.871773,50.159
1780038677.8777783,50.158
1780038677.8837757,50.157
1780038677.8897085,50.156
1780038677.8957446,50.155
1780038677.9018216,50.154
1780038677.9076765,50.153
1780038677.9137647,50.152
1780038677.9195685,50.151
1780038677.925669,50.151
1780038677.9317377,50.149
1780038677.9377744,50.149
1780038677.943753,50.148
1780038677.9496863,50.147
1780038677.955671,50.146
1780038677.961782,50.145
1780038677.9677367,50.144
1780038677.9737782,50.144
1780038677.9795775,50.142
1780038677.9857976,50.141
1780038677.991748,50.141
1780038677.997749,50.14
1780038678.0037854,50.139
1780038678.0095897,50.139
1780038678.0156522,50.138
1780038678.0218377,50.137
1780038678.027682,50.136
1780038678.0338433,50.136
1780038678.039642,50.134
1780038678.0457141,50.133
1780038678.0517666,50.133
1780038678.0577881,50.132
1780038678.0637732,50.132
1780038678.0696561,50.131
1780038678.0757403,50.131
1780038678.0817251,50.13
1780038678.087677,50.129
1780038678.093795,50.128
1780038678.099708,50.127
1780038678.10574,50.126
1780038678.1118262,50.125
1780038678.1178207,50.124
1780038678.1237931,50.124
1780038678.1297073,50.123
1780038678.1357355,50.123
1780038678.1417074,50.122
1780038678.1476102,50.121
1780038678.1538413,50.12
1780038678.1597352,50.12
1780038678.1657925,50.119
1780038678.1715524,50.119
1780038678.1778185,50.118
1780038678.1838264,50.118
1780038678.1897526,50.117
1780038678.1957574,50.116
1780038678.2016602,50.115
1780038678.2076652,50.114
1780038678.2137713,50.114
1780038678.219675,50.112
1780038678.2257667,50.112
1780038678.2316585,50.112
1780038678.2377632,50.11
1780038678.2438376,50.11
1780038678.2497628,50.11
1780038678.2557755,50.109
1780038678.2617052,50.108
1780038678.267742,50.108
1780038678.2737193,50.107
1780038678.2796564,50.106
1780038678.285776,50.105
1780038678.2917378,50.105
1780038678.2977223,50.104
1780038678.3037522,50.104
1780038678.3096848,50.103
1780038678.3157399,50.102
1780038678.3217669,50.101
1780038678.3277931,50.101
1780038678.333607,50.101
1780038678.3396692,50.1
1780038678.34578,50.099
1780038678.3517568,50.098
1780038678.3577588,50.098
1780038678.3638911,50.097
1780038678.3696423,50.096
1780038678.375711,50.097
1780038678.3818269,50.096
1780038678.3877907,50.095
1780038678.3937356,50.094
1780038678.3997314,50.093
1780038678.4057844,50.093
1780038678.4116912,50.093
1780038678.4177606,50.092
1780038678.4237866,50.091
1780038678.4296813,50.09
1780038678.4357696,50.09
1780038678.441546,50.089
1780038678.4477396,50.089
1780038678.4538035,50.089
1780038678.4597466,50.088
1780038678.465633,50.088
1780038678.4717019,50.087
1780038678.4778109,50.086
1780038678.483931,50.086
1780038678.489801,50.085
1780038678.495828,50.084
1780038678.501658,50.084
1780038678.5077229,50.083
1780038678.5137825,50.083
1780038678.5197802,50.082
1780038678.525742,50.082
1780038678.5317235,50.081
1780038678.537632,50.08
1780038678.5437562,50.08
1780038678.549767,50.079
1780038678.5558572,50.079
1780038678.5617537,50.078
1780038678.567797,50.077
1780038678.5735543,50.077
1780038678.5798326,50.076
1780038678.5857637,50.076
1780038678.591784,50.075
1780038678.59768,50.075
1780038678.6038692,50.074
1780038678.6097603,50.074
1780038678.615733,50.073
1780038678.6217434,50.072
1780038678.6278276,50.072
1780038678.6336792,50.072
1780038678.639801,50.071
1780038678.645552,50.071
1780038678.6517856,50.07
1780038678.6577554,50.07
1780038678.663756,50.069
1780038678.669724,50.069
1780038678.6757493,50.068
1780038678.6816654,50.068
1780038678.6878111,50.067
1780038678.6936789,50.067
1780038678.6998146,50.066
1780038678.7056758,50.066
1780038678.711748,50.065
1780038678.7176774,50.065
1780038678.7237997,50.065
1780038678.729779,50.064
1780038678.7357335,50.064
1780038678.741756,50.063
1780038678.7477427,50.062
1780038678.753612,50.062
1780038678.7598553,50.062
1780038678.7656877,50.061
1780038678.7717862,50.061
1780038678.7776887,50.061
1780038678.7835855,50.06
1780038678.789767,50.059
1780038678.7958014,50.059
1780038678.8017862,50.059
1780038678.8076816,50.058
1780038678.813735,50.058
1780038678.8197384,50.057
1780038678.825741,50.056
1780038678.8318362,50.055
1780038678.8377638,50.056
1780038678.8436933,50.054
1780038678.8497941,50.053
1780038678.8557703,50.053
1780038678.8617537,50.052
1780038678.867781,50.052
1780038678.8737555,50.052
1780038678.8796387,50.051
1780038678.8856862,50.051
1780038678.8918877,50.05
1780038678.897819,50.05
1780038678.9037738,50.05
1780038678.9097993,50.05
1780038678.9156826,50.049
1780038678.9217224,50.048
1780038678.9277956,50.048
1780038678.9337287,50.048
1780038678.9397633,50.048
1780038678.9457755,50.048
1780038678.9516113,50.048
1780038678.9578102,50.048
1780038678.9638405,50.047
1780038678.9698362,50.048
1780038678.9757276,50.047
1780038678.9817972,50.047
1780038678.9876072,50.047
1780038678.9937441,50.046
1780038678.9997323,50.046
1780038679.0057309,50.046
1780038679.0116925,50.046
1780038679.0177395,50.046
1780038679.0237236,50.045
1780038679.0298495,50.044
1780038679.0357325,50.044
1780038679.0418046,50.044
1780038679.0477388,50.043
1780038679.0538116,50.043
1780038679.0595832,50.043
1780038679.0657806,50.042
1780038679.07177,50.043
1780038679.0777726,50.042
1780038679.0838828,50.042
1780038679.089792,50.041
1780038679.0956895,50.041
1780038679.1018238,50.04
1780038679.107727,50.04
1780038679.1138525,50.041
1780038679.1196759,50.04
1780038679.1257567,50.04
1780038679.1318364,50.039
1780038679.1378365,50.039
1780038679.1438491,50.039
1780038679.1496825,50.039
1780038679.155708,50.039
1780038679.1618145,50.038
1780038679.167733,50.038
1780038679.173796,50.037
1780038679.1796827,50.037
1780038679.1858275,50.037
1780038679.1915853,50.037
1780038679.1978288,50.037
1780038679.2038517,50.036
1780038679.2097983,50.036
1780038679.2158027,50.036
1780038679.2216122,50.035
1780038679.227689,50.035
1780038679.2338133,50.035
1780038679.23972,50.035
1780038679.2457933,50.035
1780038679.251683,50.034
1780038679.2578254,50.034
1780038679.2638497,50.033
1780038679.2697618,50.034
1780038679.2757566,50.033
1780038679.281728,50.033
1780038679.2877252,50.033
1780038679.2937953,50.033
1780038679.29971,50.032
1780038679.305771,50.032
1780038679.3117657,50.032
1780038679.3178573,50.032
1780038679.3239055,50.032
1780038679.3296278,50.032
1780038679.3357503,50.031
1780038679.3417401,50.031
1780038679.34782,50.031
1780038679.3537447,50.031
1780038679.359774,50.031
1780038679.3658006,50.03
1780038679.3717225,50.03
1780038679.3778572,50.03
1780038679.3839395,50.03
1780038679.3898082,50.03
1780038679.395787,50.03
1780038679.4016142,50.029
1780038679.4077713,50.029
1780038679.4137654,50.028
1780038679.4197443,50.029
1780038679.4257288,50.028
1780038679.4317675,50.028
1780038679.437833,50.028
1780038679.4438834,50.027
1780038679.4497964,50.028
1780038679.4557953,50.028
1780038679.4617622,50.027
1780038679.4677844,50.027
1780038679.4736254,50.026
1780038679.4797263,50.026
1780038679.4857123,50.026
1780038679.4917848,50.026
1780038679.497758,50.026
1780038679.5038822,50.026
1780038679.509769,50.026
1780038679.5157304,50.026
1780038679.5217636,50.026
1780038679.5278027,50.025
1780038679.533744,50.025
1780038679.5398097,50.025
1780038679.5455902,50.024
1780038679.551763,50.024
1780038679.5578258,50.024
1780038679.5638852,50.024
1780038679.569844,50.024
1780038679.5756238,50.024
1780038679.5817137,50.023
1780038679.5877247,50.022
1780038679.5937593,50.023
1780038679.5998056,50.022
1780038679.605723,50.022
1780038679.6117675,50.022
1780038679.6178458,50.022
1780038679.6239321,50.022
1780038679.6299062,50.021
1780038679.6357305,50.021
1780038679.641773,50.021
1780038679.6478145,50.022
1780038679.65375,50.022
1780038679.6598043,50.021
1780038679.665755,50.021
1780038679.6718569,50.021
1780038679.6777146,50.021
1780038679.6838763,50.02
1780038679.6898782,50.02
1780038679.6958215,50.02
1780038679.7018461,50.02
1780038679.707729,50.02
1780038679.7137563,50.02
1780038679.7197633,50.019
1780038679.7256963,50.02
1780038679.731832,50.019
1780038679.7377052,50.02
1780038679.743816,50.019
1780038679.749783,50.02
1780038679.7555811,50.019
1780038679.7617736,50.02
1780038679.7678246,50.02
1780038679.7738225,50.019
1780038679.779697,50.019
1780038679.7857003,50.019
1780038679.791857,50.019
1780038679.797793,50.018
1780038679.8038878,50.018
1780038679.8098493,50.018
1780038679.8157103,50.018
1780038679.8217845,50.018
1780038679.8275845,50.018
1780038679.833844,50.018
1780038679.8398218,50.018
1780038679.8458133,50.017
1780038679.8517053,50.017
1780038679.8577409,50.018
1780038679.863756,50.017
1780038679.869759,50.017
1780038679.8757093,50.017
1780038679.8818285,50.016
1780038679.8877754,50.016
1780038679.8937664,50.016
1780038679.8997476,50.017
1780038679.9057584,50.016
1780038679.911872,50.016
1780038679.9178605,50.016
1780038679.9238594,50.015
1780038679.929646,50.016
1780038679.9357145,50.015
1780038679.9417763,50.015
1780038679.9477563,50.015
1780038679.9538567,50.014
1780038679.9596992,50.015
1780038679.9657886,50.014
1780038679.971584,50.014
1780038679.9777935,50.014
1780038679.9838095,50.015
1780038679.9898396,50.014
1780038679.9958348,50.014
1780038680.001634,50.014
1780038680.0077262,50.014
1780038680.0137672,50.013
1780038680.0197027,50.013
1780038680.0258095,50.013
1780038680.0317326,50.012
1780038680.0378156,50.013
1780038680.0438495,50.013
1780038680.049744,50.013
1780038680.0557582,50.013
1780038680.0618083,50.012
1780038680.0677874,50.013
1780038680.0737717,50.012
1780038680.0797174,50.012
1780038680.0857613,50.012
1780038680.0917432,50.012
1780038680.0978281,50.012
1780038680.1037421,50.012
1780038680.1097107,50.012
1780038680.1158202,50.012
1780038680.12155,50.011
1780038680.1277747,50.012
1780038680.1338258,50.011
1780038680.1397893,50.011
1780038680.145668,50.011
1780038680.1517382,50.011
1780038680.1577775,50.01
1780038680.1638827,50.011
1780038680.1697567,50.011
1780038680.175828,50.011
1780038680.1817188,50.01
1780038680.187825,50.01
1780038680.1937904,50.01
1780038680.1998007,50.01
1780038680.205808,50.01
1780038680.2117412,50.01
1780038680.2176273,50.01
1780038680.2237904,50.01
1780038680.2296891,50.01
1780038680.2358239,50.009
1780038680.241778,50.009
1780038680.2478547,50.009
1780038680.2537053,50.008
1780038680.2597766,50.008
1780038680.2657409,50.008
1780038680.2718375,50.008
1780038680.2778482,50.008
1780038680.2838664,50.008
1780038680.2897995,50.008
1780038680.2957294,50.009
1780038680.3016913,50.008
1780038680.3078172,50.008
1780038680.3137107,50.007
1780038680.3198485,50.007
1780038680.3257008,50.007
1780038680.3317893,50.007
1780038680.3375802,50.007
1780038680.3438087,50.006
1780038680.3498027,50.007
1780038680.3557937,50.007
1780038680.361815,50.007
1780038680.367637,50.007
1780038680.373751,50.007
1780038680.3797796,50.006
1780038680.3857296,50.006
1780038680.391867,50.006
1780038680.3977678,50.006
1780038680.4037747,50.006
1780038680.409827,50.006
1780038680.4155793,50.006
1780038680.4218338,50.006
1780038680.4277883,50.006
1780038680.433801,50.006
1780038680.4397156,50.006
1780038680.44572,50.005
1780038680.4517484,50.005
1780038680.4577174,50.005
1780038680.463808,50.004
1780038680.4698756,50.004
1780038680.4757333,50.004
1780038680.4818707,50.004
1780038680.4876995,50.003
1780038680.493751,50.003
1780038680.4997418,50.003
1780038680.5057442,50.004
1780038680.511835,50.004
1780038680.517806,50.004
1780038680.5237257,50.004
1780038680.5297756,50.004
1780038680.5356865,50.004
1780038680.5417728,50.004
1780038680.5477452,50.004
1780038680.5538044,50.004
1780038680.5597243,50.004
1780038680.565786,50.003
1780038680.571603,50.003
1780038680.5778434,50.003
1780038680.5837843,50.004
1780038680.5898318,50.003
1780038680.5958042,50.003
1780038680.601672,50.003
1780038680.6077728,50.003
1780038680.613797,50.002
1780038680.6197026,50.002
1780038680.6258535,50.002
1780038680.631696,50.003
1780038680.63787,50.002
1780038680.643739,50.002
1780038680.6496356,50.002
1780038680.6559036,50.002
1780038680.6618068,50.002
1780038680.6678157,50.002
1780038680.673753,50.002
1780038680.6797724,50.002
1780038680.6856258,50.001
1780038680.6917222,50.002
1780038680.6977742,50.001
1780038680.703832,50.001
1780038680.7098079,50.001
1780038680.715824,50.001
1780038680.7217388,50.001
1780038680.7278,50.001
1780038680.733807,50.001
1780038680.7397912,50.001
1780038680.7458053,50.001
1780038680.7518315,50.001
1780038680.7577112,50.0
1780038680.763887,50.001
1780038680.7699313,50.001
1780038680.7757907,50.001
1780038680.781683,50.001
1780038680.787842,50.001
1780038680.7937799,50.0
1780038680.7997825,50.001
1780038680.805629,50.001
1780038680.8117692,50.0
1780038680.8177826,50.0
1780038680.8238606,50.001
1780038680.8298979,50.0
1780038680.8357184,50.0
1780038680.8417487,50.001
1780038680.847775,50.0
1780038680.853722,50.0
1780038680.8598626,50.001
1780038680.8657432,50.0
1780038680.8719075,49.255
1780038680.87773,50.0
1780038680.8839548,50.0
1780038680.8899708,50.0
1780038680.8958182,50.0
1780038680.9018173,50.0
1780038680.9078374,49.255
1780038680.9138405,50.0
1780038680.9197104,49.255
1780038680.925736,50.0
1780038680.931809,49.255
1780038680.9377265,49.254
1780038680.9438496,49.255
1780038680.9499297,49.254
1780038680.9558003,49.254
1780038680.9618306,49.253
1780038680.9677296,49.254
1780038680.9737835,49.254
1780038680.9798055,49.254
1780038680.985819,49.254
1780038680.9918618,49.254
1780038680.997837,49.254
1780038681.0037453,49.254
1780038681.0098314,49.254
1780038681.0157812,49.254
1780038681.0217602,49.254
1780038681.0276582,49.254
1780038681.0339496,49.253
1780038681.0397944,49.253
1780038681.0458193,49.253
1780038681.051666,49.253
1780038681.057803,49.253
1780038681.0638294,49.253
1780038681.0698876,49.253
1780038681.0758755,49.254
1780038681.0817373,49.254
1780038681.0877764,49.254
1780038681.0937948,49.254
1780038681.0996692,49.254
1780038681.1058123,49.254
1780038681.1117249,49.254
1780038681.1178617,49.254
1780038681.1238024,49.254
1780038681.1297445,49.254
1780038681.1358113,49.254
1780038681.1417203,49.254
1780038681.1478453,49.254
1780038681.1538432,49.254
1780038681.159813,49.254
1780038681.1656938,49.254
1780038681.1717453,49.253
1780038681.1777909,49.253
1780038681.183734,49.253
1780038681.1898355,49.253
1780038681.195828,49.253
1780038681.2017655,49.253
1780038681.2078547,49.252
1780038681.2137127,49.251
1780038681.2198017,49.252
1780038681.2257304,49.252
1780038681.2317622,49.252
1780038681.2378561,49.252
1780038681.243847,49.252
1780038681.2497652,49.253
1780038681.2556763,49.253
1780038681.2617753,49.253
1780038681.26778,49.252
1780038681.273773,49.252
1780038681.2798185,49.252
1780038681.2857368,49.252
1780038681.2918231,49.253
1780038681.2976832,49.252
1780038681.3037856,49.252
1780038681.3098693,49.252
1780038681.3157527,49.253
1780038681.3218334,49.253
1780038681.327759,49.253
1780038681.3337991,49.253
1780038681.3396292,49.253
1780038681.3457088,49.252
1780038681.3517847,49.253
1780038681.357769,49.252
1780038681.3639476,49.252
1780038681.3697965,49.251
1780038681.3757868,49.251
1780038681.3818195,49.251
1780038681.3877966,49.251
1780038681.3938186,49.251
1780038681.399796,49.251
1780038681.40575,49.252
1780038681.411776,49.252
1780038681.4178255,49.252
1780038681.4237394,49.252
1780038681.429783,49.252
1780038681.4356859,49.253
1780038681.4419243,49.253
1780038681.4477644,49.253
1780038681.4538426,49.253
1780038681.4597015,49.253
1780038681.4658298,49.253
1780038681.4718192,49.253
1780038681.4777863,49.253
1780038681.4838784,49.253
1780038681.4899,49.253
1780038681.4958467,49.253
1780038681.5017633,49.253
1780038681.50773,49.253
1780038681.5137897,49.253
1780038681.519681,49.252
1780038681.5258424,49.252
1780038681.5318873,49.252
1780038681.5378332,49.253
1780038681.5436935,49.252
1780038681.5496867,49.252
1780038681.555785,49.252
1780038681.561859,49.252
1780038681.5678566,49.252
1780038681.5737991,49.252
1780038681.5798104,49.252
1780038681.5856364,49.252
1780038681.5917354,49.252
1780038681.5977767,49.252
1780038681.6038697,49.253
1780038681.6097991,49.253
1780038681.6158328,49.253
1780038681.6217527,49.253
1780038681.6278172,49.253
1780038681.633825,49.253
1780038681.6398447,49.253
1780038681.6458833,49.253
1780038681.6518393,49.253
1780038681.6577394,49.253
1780038681.6637995,49.253
1780038681.6696734,49.252
1780038681.6758006,49.252
1780038681.682592,49.252
1780038681.6889827,49.252
1780038681.6950543,49.252
1780038681.7009466,49.252
1780038681.7070372,49.252
1780038681.7128763,49.251
1780038681.7190192,49.252
1780038681.7250803,49.252
1780038681.7311206,49.252
1780038681.7371395,49.252
1780038681.742942,49.252
1780038681.7489634,49.253
1780038681.7549815,49.252
1780038681.7608867,49.251
1780038681.7670598,49.252
1780038681.772957,49.252
1780038681.7790601,49.252
1780038681.7849753,49.251
1780038681.790959,49.251
1780038681.7970495,49.251
1780038681.8027675,49.252
1780038681.809074,49.252
1780038681.8150253,49.252
1780038681.8210204,49.252
1780038681.8269129,49.252
1780038681.8329904,49.251
1780038681.8389816,49.252
1780038681.8448613,49.252
1780038681.851073,49.252
1780038681.8570218,49.251
1780038681.8630004,49.252
1780038681.8691044,49.252
1780038681.8749168,49.252
1780038681.8810432,49.251
1780038681.886895,49.251
1780038681.8930616,49.251
1780038681.8989882,49.252
1780038681.9049857,49.252
1780038681.9109726,49.252
1780038681.9169297,49.252
1780038681.9229586,49.252
1780038681.9290004,49.251
1780038681.935001,49.251
1780038681.9410467,49.251
1780038681.9469573,49.252
1780038681.9530818,49.252
1780038681.9589283,49.251
1780038681.9650164,49.252
1780038681.971036,49.253
1780038681.9770162,49.252
1780038681.982996,49.252
1780038681.989022,49.252
1780038681.994994,49.252
1780038682.00102,49.251
1780038682.0069432,49.252
1780038682.0129998,49.252
1780038682.0189955,49.251
1780038682.025098,49.252
1780038682.031038,49.252
1780038682.0369656,49.252
1780038682.0430794,49.252
1780038682.04889,49.252
1780038682.0550041,49.252
1780038682.061005,49.252
1780038682.0669644,49.252
1780038682.0730634,49.252
1780038682.0790606,49.252
1780038682.0849237,49.252
1780038682.0910487,49.253
1780038682.0970829,49.253
1780038682.103035,49.253
1780038682.108989,49.252
1780038682.1150587,49.252
1780038682.121004,49.252
1780038682.1270323,49.252
1780038682.1329021,49.252
1780038682.1390357,49.251
1780038682.1450832,49.252
1780038682.1511116,49.252
1780038682.1571665,49.251
1780038682.162961,49.252
1780038682.1690006,49.252
1780038682.1750205,49.252
1780038682.1809468,49.252
1780038682.1870885,49.251
1780038682.1929822,49.251
1780038682.199105,49.251
1780038682.204974,49.251
1780038682.211119,49.251
1780038682.2171705,49.252
1780038682.222881,49.252
1780038682.229019,49.252
1780038682.2349575,49.252
1780038682.241036,49.252
1780038682.247007,49.252
1780038682.2530854,49.252
1780038682.2589347,49.252
1780038682.265003,49.252
1780038682.271008,49.252
1780038682.2770977,49.252
1780038682.283039,49.252
1780038682.2891366,49.252
1780038682.294983,49.252
1780038682.3010812,49.252
1780038682.306924,49.252
1780038682.3130522,49.252
1780038682.3189774,49.252
1780038682.3250766,49.252
1780038682.331102,49.252
1780038682.337186,49.252
1780038682.3431182,49.252
1780038682.3488944,49.252
1780038682.3549552,49.252
1780038682.3611014,49.252
1780038682.3669896,49.252
1780038682.37312,49.252
1780038682.3789365,49.252
1780038682.385086,49.251
1780038682.3909671,49.252
1780038682.3969076,49.251
1780038682.4029803,49.251
1780038682.409055,49.252
1780038682.4150722,49.252
1780038682.4209807,49.252
1780038682.4270055,49.252
1780038682.4328625,49.252
1780038682.4389598,49.252
1780038682.4450042,49.252
1780038682.4509594,49.252
1780038682.457066,49.251
1780038682.463123,49.252
1780038682.4689922,49.252
1780038682.4750328,49.251
1780038682.480898,49.25
1780038682.487046,49.25
1780038682.4930313,49.25
1780038682.4992425,49.25
1780038682.5050094,49.251
1780038682.5109801,49.251
1780038682.5170217,49.251
1780038682.5230372,49.251
1780038682.5289612,49.251
1780038682.535055,49.25
1780038682.5410283,49.25
1780038682.5470614,49.25
1780038682.5529838,49.249
1780038682.5590556,49.25
1780038682.5648363,49.25
1780038682.5710368,49.251
1780038682.577091,49.251
1780038682.5831144,49.251
1780038682.5891004,49.251
1780038682.594993,49.251
1780038682.601002,49.251
1780038682.606913,49.252
1780038682.61294,49.251
1780038682.6190197,49.251
1780038682.6250243,49.251
1780038682.6311314,49.251
1780038682.6370165,49.251
1780038682.6430209,49.251
1780038682.6490493,49.251
1780038682.654887,49.251
1780038682.6609867,49.251
1780038682.6670995,49.251
1780038682.6731052,49.252
1780038682.6790373,49.251
1780038682.685014,49.251
1780038682.6909468,49.252
1780038682.6970196,49.251
1780038682.7029977,49.251
1780038682.7090352,49.252
1780038682.7150126,49.251
1780038682.7211208,49.251
1780038682.726953,49.251
1780038682.7331018,49.252
1780038682.7389355,49.251
1780038682.7450457,49.251
1780038682.7510474,49.251
1780038682.7571156,49.251
1780038682.76312,49.252
1780038682.7690206,49.252
1780038682.7750387,49.252
1780038682.7809055,49.252
1780038682.7869956,49.252
1780038682.7930574,49.252
1780038682.7989738,49.252
1780038682.8051283,49.251
1780038682.8110075,49.251
1780038682.8170505,49.251
1780038682.8230808,49.251
1780038682.8289492,49.251
1780038682.8350623,49.251
1780038682.841046,49.251
1780038682.8470845,49.251
1780038682.8530617,49.251
1780038682.859034,49.251
1780038682.8649807,49.252
1780038682.8710232,49.252
1780038682.8769426,49.252
1780038682.8829634,49.252
1780038682.8889482,49.252
1780038682.8951204,49.252
1780038682.9010231,49.252
1780038682.9070508,49.251
1780038682.913012,49.251
1780038682.9190464,49.251
1780038682.924891,49.251
1780038682.9310956,49.251
1780038682.9370568,49.252
1780038682.9430895,49.252
1780038682.949099,49.252
1780038682.9550014,49.252
1780038682.9610362,49.252
1780038682.966857,49.252
1780038682.972937,49.253
1780038682.979003,49.253
1780038682.9849255,49.252
1780038682.9910579,49.252
1780038682.997013,49.253
1780038683.0029535,49.253
1780038683.0091064,49.253
1780038683.0149028,49.253
1780038683.0210288,49.253
1780038683.0270123,49.253
1780038683.0330656,49.252
1780038683.039039,49.253
1780038683.0450172,49.253
1780038683.0509443,49.253
1780038683.0570245,49.253
1780038683.0630586,49.253
1780038683.069074,49.253
1780038683.0750263,49.253
1780038683.0810726,49.253
1780038683.0869489,49.253
1780038683.093091,49.253
1780038683.0989444,49.253
1780038683.1050394,49.253
1780038683.1110065,49.253
1780038683.1170862,49.253
1780038683.1231368,49.253
1780038683.1290429,49.253
1780038683.1350904,49.254
1780038683.1409082,49.254
1780038683.1469607,49.254
1780038683.152993,49.254
1780038683.1589017,49.254
1780038683.1650498,49.254
1780038683.1710415,49.254
1780038683.1771438,49.254
1780038683.1832006,49.253
1780038683.1889465,49.253
1780038683.195093,49.254
1780038683.2008004,49.254
1780038683.2070825,49.254
1780038683.213046,49.254
1780038683.2190588,49.254
1780038683.2249496,49.254
1780038683.2309742,49.254
1780038683.2370965,49.254
1780038683.2431686,49.254
1780038683.2490795,49.254
1780038683.25507,49.254
1780038683.261025,49.253
1780038683.267082,49.254
1780038683.2730153,49.253
1780038683.279063,49.253
1780038683.2849057,49.253
1780038683.291019,49.253
1780038683.2970674,49.254
1780038683.3031614,49.254
1780038683.3091698,49.254
1780038683.3149805,49.254
1780038683.3210897,49.254
1780038683.3268638,49.254
1780038683.3329453,49.253
1780038683.3390121,49.254
1780038683.345019,49.254
1780038683.351124,49.254
1780038683.3570113,49.255
1780038683.3630815,49.255
1780038683.3690827,49.255
1780038683.374912,49.255
1780038683.3810425,49.255
1780038683.3870533,49.254
1780038683.3930805,49.255
1780038683.3990357,49.255
1780038683.4050317,49.255
1780038683.4109745,49.255
1780038683.4170032,49.255
1780038683.4230497,49.255
1780038683.4289958,49.254
1780038683.4349835,49.255
1780038683.441113,49.255
1780038683.4471936,49.255
1780038683.4531248,49.255
1780038683.4589734,49.255
1780038683.4651227,49.255
1780038683.4709191,49.255
1780038683.4770267,49.255
1780038683.4830143,49.255
1780038683.4890845,49.255
1780038683.4950914,49.255
1780038683.5010514,50.0
1780038683.507019,50.0
1780038683.5128953,50.0
1780038683.5189679,50.0
1780038683.525022,50.0
1780038683.530935,49.255
1780038683.5370965,49.255
1780038683.5430236,50.0
1780038683.5490003,50.0
1780038683.5551445,50.0
1780038683.5610054,50.0
1780038683.5670645,50.0
1780038683.5730572,49.255
1780038683.5791104,49.255
1780038683.584991,50.0
1780038683.5910187,49.255
1780038683.5970428,49.255
1780038683.6031067,49.255
1780038683.609047,50.0
1780038683.614872,50.0
1780038683.6209936,49.255
1780038683.627027,49.255
1780038683.632989,49.255
1780038683.6391265,49.255
1780038683.6449716,49.254
1780038683.6510782,49.255
1780038683.6569784,49.255
1780038683.6629903,49.255
1780038683.6690404,49.255
1780038683.6748142,49.255
1780038683.6810992,49.255
1780038683.68703,49.255
1780038683.6930637,50.0
1780038683.6989734,49.255
1780038683.7050846,50.0
1780038683.7108588,50.0
1780038683.7169862,50.0
1780038683.7228768,50.0
1780038683.7285984,50.0
1780038683.7350743,50.0
1780038683.7411013,50.0
1780038683.746975,50.0
1780038683.7531202,50.0
1780038683.758916,50.0
1780038683.765065,50.001
1780038683.7710395,50.001
1780038683.7770631,50.001
1780038683.7831132,50.001
1780038683.7890608,50.001
1780038683.7950628,50.001
1780038683.8009262,50.001
1780038683.8070118,50.001
1780038683.8130767,50.001
1780038683.8189917,50.001
1780038683.8250964,50.001
1780038683.8310413,50.001
1780038683.8370821,50.001
1780038683.8430102,50.001
1780038683.8488839,50.001
1780038683.8551013,50.001
1780038683.8608232,50.001
1780038683.8670838,50.001
1780038683.8729777,50.001
1780038683.8790364,50.002
1780038683.8850145,50.001
1780038683.8910732,50.001
1780038683.897001,50.001
1780038683.9030545,50.002
1780038683.9090683,50.001
1780038683.9151464,50.001
1780038683.9210558,50.001
1780038683.9270833,50.001
1780038683.9330618,50.001
1780038683.93909,50.001
1780038683.9449646,50.001
1780038683.9510238,50.001
1780038683.9568555,50.001
1780038683.9631531,50.002
1780038683.969236,50.001
1780038683.9750886,50.002
1780038683.9811172,50.002
1780038683.9870048,50.002
1780038683.9930692,50.002
1780038683.9989536,50.002
1780038684.005029,50.002
1780038684.0110838,50.002
1780038684.0170856,50.002
1780038684.023085,50.002
1780038684.029164,50.002
1780038684.0350401,50.002
1780038684.0411322,50.002
1780038684.0469766,50.002
1780038684.0531383,50.002
1780038684.058925,50.002
1780038684.0650706,50.002
1780038684.0710552,50.002
1780038684.0770206,50.002
1780038684.083082,50.002
1780038684.0892615,50.001
1780038684.0952032,50.002
1780038684.1009681,50.002
1780038684.1070166,50.002
1780038684.113032,50.002
1780038684.1189666,50.001
1780038684.125141,50.001
1780038684.1310403,50.001
1780038684.1370947,50.001
1780038684.1430871,50.001
1780038684.1490371,50.001
1780038684.15507,50.001
1780038684.1608624,50.002
1780038684.166985,50.002
1780038684.173082,50.002
1780038684.1791046,50.002
1780038684.185023,50.002
1780038684.1910064,50.002
1780038684.1969438,50.002
1780038684.2030497,50.002
1780038684.20904,50.002
1780038684.215009,50.002
1780038684.2209368,50.002
1780038684.2270732,50.002
1780038684.233047,50.001
1780038684.2390683,50.001
1780038684.2449923,50.001
1780038684.2510567,50.001
1780038684.256916,50.0
1780038684.2630575,50.001
1780038684.2690454,50.0
1780038684.27511,50.001
1780038684.2811038,50.0
1780038684.2870648,50.0
1780038684.2930644,50.0
1780038684.298959,50.0
1780038684.3049853,50.0
1780038684.3110037,49.255
1780038684.3169715,49.255
1780038684.3231735,49.255
1780038684.328953,49.255
1780038684.3342416,50.012
1780038684.3395338,50.014
1780038684.3447714,50.019
1780038684.3503263,50.023
1780038684.355557,50.028
1780038684.3611789,50.034
1780038684.366404,50.036
1780038684.3719273,50.041
1780038684.3771603,50.046
1780038684.3827374,50.049
1780038684.387975,50.054
1780038684.393584,50.06
1780038684.3988125,50.062
1780038684.40432,50.067
1780038684.409548,50.072
1780038684.4151227,50.075
1780038684.4203992,50.08
1780038684.4259682,50.086
1780038684.431207,50.088
1780038684.4367583,50.092
1780038684.4419916,50.097
1780038684.4475214,50.1
1780038684.4527483,50.105
1780038684.458353,50.111
1780038684.4636018,50.113
1780038684.4691632,50.117
1780038684.474389,50.122
1780038684.4799566,50.125
1780038684.4851925,50.13
1780038684.4907086,50.135
1780038684.4959514,50.138
1780038684.5015788,50.141
1780038684.5068145,50.146
1780038684.512316,50.149
1780038684.5175488,50.154
1780038684.5231268,50.158
1780038684.5283692,50.163
1780038684.5339222,50.164
1780038684.5391457,50.169
1780038684.5447726,50.173
1780038684.5500073,50.177
1780038684.555568,50.18
1780038684.5608065,50.186
1780038684.566318,50.187
1780038684.5715423,50.192
1780038684.5771654,50.195
1780038684.5823848,50.199
1780038684.58798,50.201
1780038684.5932148,50.208
1780038684.598773,50.209
1780038684.6039948,50.214
1780038684.6095338,50.217
1780038684.614754,50.221
1780038684.6203423,50.224
1780038684.6255991,50.23
1780038684.6311815,50.231
1780038684.6364024,50.236
1780038684.6419713,50.238
1780038684.6471968,50.242
1780038684.6527364,50.246
1780038684.6579685,50.252
1780038684.6635344,50.252
1780038684.668767,51.0
1780038684.6743248,51.004
1780038684.679562,51.007
1780038684.6851263,51.011
1780038684.6903512,51.016
1780038684.6959696,51.018
1780038684.7011993,51.02
1780038684.706727,51.024
1780038684.7119637,51.028
1780038684.7175214,51.031
1780038684.7227519,51.036
1780038684.7283783,51.039
1780038684.7336137,51.041
1780038684.7391112,51.044
1780038684.7443461,51.048
1780038684.749921,51.05
1780038684.7551503,51.055
1780038684.7607737,51.058
1780038684.766004,51.06
1780038684.771563,51.063
1780038684.7767985,51.067
1780038684.7823646,51.069
1780038684.787597,51.073
1780038684.7931297,51.077
1780038684.798374,51.079
1780038684.803969,51.082
1780038684.8092072,51.085
1780038684.814758,51.088
1780038684.8199914,51.09
1780038684.8255672,51.096
1780038684.8307953,51.097
1780038684.8363702,51.1
1780038684.8416169,51.104
1780038684.8471248,51.106
1780038684.8523583,51.109
1780038684.8580062,51.114
1780038684.8634207,51.115
1780038684.868769,51.118
1780038684.8739586,51.121
1780038684.8795357,51.123
1780038684.8847623,51.127
1780038684.8903491,51.131
1780038684.8955963,51.133
1780038684.9011972,51.135
1780038684.906421,51.139
1780038684.9119234,51.141
1780038684.9171505,51.144
1780038684.9227436,51.148
1780038684.9279928,51.151
1780038684.9335792,51.152
1780038684.9388022,51.155
1780038684.944387,51.157
1780038684.9496102,51.161
1780038684.9551218,51.163
1780038684.9603653,51.167
1780038684.9659297,51.168
1780038684.9711435,51.172
1780038684.9767697,51.174
1780038684.981997,51.176
1780038684.987583,51.176
1780038684.992828,51.184
1780038684.9983585,51.184
1780038685.003583,51.187
1780038685.0091684,51.19
1780038685.014386,51.193
1780038685.0199697,51.195
1780038685.0252175,51.199
1780038685.0307262,51.199
1780038685.0359514,51.203
1780038685.0415716,51.205
1780038685.046794,51.207
1780038685.0523725,51.21
1780038685.0575938,51.215
1780038685.0631416,51.215
1780038685.0683854,51.218
1780038685.0739782,51.22
1780038685.0792124,51.223
1780038685.0847256,51.225
1780038685.0899608,51.23
1780038685.0955818,51.23
1780038685.1008086,51.232
1780038685.1065655,51.224
1780038685.1129334,51.221
1780038685.1188087,51.218
1780038685.1246037,51.218
1780038685.1306,51.216
1780038685.136744,51.216
1780038685.1427274,51.214
1780038685.1487117,51.212
1780038685.154525,51.21
1780038685.1607132,51.207
1780038685.1667519,51.205
1780038685.1728055,51.203
1780038685.178741,51.201
1780038685.184552,51.199
1780038685.1906352,51.197
1780038685.1967063,51.194
1780038685.2025657,51.192
1780038685.2087154,51.19
1780038685.214483,51.187
1780038685.2207081,51.186
1780038685.2266722,51.183
1780038685.2327409,51.181
1780038685.2387009,51.178
1780038685.2445295,51.176
1780038685.2505357,51.174
1780038685.2567365,51.171
1780038685.2625792,51.169
1780038685.268687,51.167
1780038685.2744772,51.165
1780038685.2807028,51.162
1780038685.28666,51.161
1780038685.292931,51.158
1780038685.2988667,51.156
1780038685.304729,51.154
1780038685.3107288,51.152
1780038685.3166971,51.149
1780038685.3226562,51.147
1780038685.3287258,51.144
1780038685.3344982,51.143
1780038685.3407073,51.141
1780038685.3466747,51.139
1780038685.3526947,51.137
1780038685.3586807,51.135
1780038685.364536,51.133
1780038685.370566,51.131
1780038685.3767033,51.129
1780038685.3826547,51.127
1780038685.3887174,51.125
1780038685.3945193,51.122
1780038685.4006417,51.12
1780038685.4066694,51.119
1780038685.4127383,51.117
1780038685.4187162,51.115
1780038685.4246829,51.113
1780038685.430644,51.111
1780038685.4367466,51.11
1780038685.4426672,51.107
1780038685.44875,51.105
1780038685.4545476,51.103
1780038685.4606256,51.101
1780038685.466663,51.099
1780038685.4726818,51.098
1780038685.4786253,51.096
1780038685.484563,51.094
1780038685.4906318,51.092
1780038685.4967446,51.09
1780038685.5026286,51.089
1780038685.5087354,51.087
1780038685.514477,51.084
1780038685.520653,51.083
1780038685.5267704,51.081
1780038685.532809,51.08
1780038685.538728,51.078
1780038685.544642,51.076
1780038685.5505729,51.075
1780038685.556711,51.072
1780038685.562658,51.07
1780038685.5686722,51.068
1780038685.5744407,51.066
1780038685.5807245,51.065
1780038685.5866785,51.063
1780038685.5927496,51.061
1780038685.5986786,51.059
1780038685.6046524,51.058
1780038685.6106343,51.057
1780038685.6167183,51.056
1780038685.6226497,51.054
1780038685.6286764,51.052
1780038685.634699,51.05
1780038685.6407294,51.048
1780038685.6466758,51.047
1780038685.6527393,51.046
1780038685.6586819,51.045
1780038685.664739,51.043
1780038685.6706817,51.041
1780038685.6767054,51.039
1780038685.68259,51.038
1780038685.6886847,51.037
1780038685.6944282,51.035
1780038685.700752,51.034
1780038685.7066882,51.033
1780038685.712715,51.032
1780038685.7186887,51.03
1780038685.7246306,51.029
1780038685.7306647,51.027
1780038685.7367432,51.025
1780038685.7426207,51.024
1780038685.748685,51.022
1780038685.7548885,51.021
1780038685.7608898,51.019
1780038685.766697,51.018
1780038685.7727332,51.017
1780038685.7786906,51.016
1780038685.784652,51.015
1780038685.790596,51.013
1780038685.7967145,51.011
1780038685.8026307,51.01
1780038685.808654,51.009
1780038685.8146544,51.007
1780038685.8206935,51.006
1780038685.8267236,51.005
1780038685.832746,51.003
1780038685.8386652,51.002
1780038685.8446596,51.0
1780038685.8506656,50.254
1780038685.8567064,50.252
1780038685.8626666,50.25
1780038685.8687012,50.249
1780038685.874447,50.248
1780038685.880674,50.246
1780038685.8867006,50.244
1780038685.8927705,50.243
1780038685.8987036,50.242
1780038685.9047146,50.241
1780038685.9106858,50.239
1780038685.9167135,50.238
1780038685.9226356,50.237
1780038685.9287043,50.236
1780038685.9346828,50.234
1780038685.9407015,50.233
1780038685.9467163,50.232
1780038685.9527626,50.23
1780038685.958708,50.229
1780038685.964735,50.228
1780038685.9706922,50.227
1780038685.9767377,50.225
1780038685.9825938,50.224
1780038685.9887247,50.223
1780038685.9944534,50.222
1780038686.0006626,50.221
1780038686.0067415,50.22
1780038686.0128012,50.22
1780038686.0187268,50.218
1780038686.0245688,50.217
1780038686.0305243,50.216
1780038686.0367153,50.215
1780038686.042637,50.214
1780038686.0486984,50.212
1780038686.0545065,50.211
1780038686.0605974,50.21
1780038686.0666723,50.209
1780038686.0727088,50.208
1780038686.078705,50.208
1780038686.0847013,50.207
1780038686.0906417,50.206
1780038686.0967033,50.204
1780038686.1026242,50.203
1780038686.1086943,50.202
1780038686.1145098,50.201
1780038686.1206508,50.2
1780038686.1267517,50.198
1780038686.1327827,50.197
1780038686.1387267,50.196
1780038686.1447017,50.195
1780038686.150629,50.194
1780038686.1566968,50.193
1780038686.162616,50.192
1780038686.1687248,50.191
1780038686.1745577,50.19
1780038686.1806328,50.189
1780038686.1867125,50.188
1780038686.1927376,50.187
1780038686.1987026,50.186
1780038686.2046068,50.185
1780038686.2106614,50.185
1780038686.2166371,50.184
1780038686.2226548,50.183
1780038686.2287445,50.182
1780038686.2345955,50.181
1780038686.2406492,50.18
1780038686.2467184,50.18
1780038686.252757,50.179
1780038686.2588205,50.177
1780038686.26464,50.176
1780038686.2706642,50.175
1780038686.2766435,50.175
1780038686.2826588,50.173
1780038686.2886944,50.172
1780038686.2945912,50.172
1780038686.3006804,50.17
1780038686.3064845,50.17
1780038686.312674,50.169
1780038686.3187377,50.168
1780038686.3247051,50.167
1780038686.3306844,50.166
1780038686.3365924,50.165
1780038686.3425496,50.164
1780038686.3487122,50.164
1780038686.3546875,50.163
1780038686.3607428,50.161
1780038686.3665435,50.161
1780038686.372669,50.16
1780038686.3787355,50.159
1780038686.3846793,50.158
1780038686.3906887,50.157
1780038686.396583,50.156
1780038686.402642,50.155
1780038686.40865,50.155
1780038686.414663,50.154
1780038686.420705,50.153
1780038686.426634,50.152
1780038686.4325914,50.151
1780038686.4387057,50.15
1780038686.4446874,50.149
1780038686.4507167,50.148
1780038686.456605,50.148
1780038686.4626644,50.146
1780038686.4686496,50.146
1780038686.4746919,50.145
1780038686.480712,50.144
1780038686.4866173,50.142
1780038686.4926736,50.141
1780038686.4986868,50.14
1780038686.5046065,50.14
1780038686.5107245,50.139
1780038686.5167286,50.138
1780038686.5226972,50.137
1780038686.5286827,50.137
1780038686.5346527,50.136
1780038686.5406914,50.135
1780038686.5466025,50.135
1780038686.5526936,50.134
1780038686.5587015,50.133
1780038686.5644898,50.133
1780038686.5706613,50.133
1780038686.5766764,50.132
1780038686.5826616,50.131
1780038686.5885494,50.131
1780038686.5946138,50.13
1780038686.6007714,50.13
1780038686.606652,50.129
1780038686.6127005,50.128
1780038686.6187065,50.127
1780038686.6245341,50.126
1780038686.6306937,50.126
1780038686.6366594,50.124
1780038686.6427336,50.123
1780038686.648595,50.123
1780038686.654609,50.123
1780038686.6606588,50.122
1780038686.6666873,50.121
1780038686.6727052,50.12
1780038686.6787248,50.12
1780038686.684582,50.119
1780038686.6906617,50.118
1780038686.6966894,50.117
1780038686.7026734,50.117
1780038686.7086244,50.116
1780038686.7146244,50.116
1780038686.7206554,50.115
1780038686.7265763,50.115
1780038686.7326958,50.114
1780038686.73877,50.114
1780038686.744653,50.113
1780038686.7506826,50.113
1780038686.756708,50.111
1780038686.7627187,50.11
1780038686.7686818,50.11
1780038686.7746692,50.11
1780038686.780535,50.109
1780038686.7866287,50.108
1780038686.7927291,50.107
1780038686.7986994,50.107
1780038686.804605,50.106
1780038686.810695,50.105
1780038686.8165393,50.105
1780038686.8226485,50.104
1780038686.8286602,50.104
1780038686.834645,50.104
1780038686.8406248,50.104
1780038686.8466282,50.103
1780038686.852546,50.102
1780038686.8588114,50.102
1780038686.8646684,50.102
1780038686.8707347,50.101
1780038686.8766317,50.1
1780038686.8826876,50.099
1780038686.8887012,50.099
1780038686.8946521,50.097
1780038686.9006882,50.097
1780038686.9067128,50.097
1780038686.9125438,50.097
1780038686.9186952,50.096
1780038686.9245863,50.096
1780038686.9307218,50.095
1780038686.9366984,50.095
1780038686.9428072,50.094
1780038686.9486065,50.094
1780038686.9546776,50.093
1780038686.9606693,50.093
1780038686.9666631,50.093
1780038686.9726725,50.093
1780038686.978665,50.092
1780038686.984674,50.091
1780038686.9907382,50.09
1780038686.9967055,50.089
1780038687.0027668,50.089
1780038687.0086794,50.089
1780038687.0147583,50.088
1780038687.020587,50.087
1780038687.0267067,50.087
1780038687.032711,50.088
1780038687.038713,50.087
1780038687.0447176,50.086
1780038687.050607,50.085
1780038687.0566213,50.084
1780038687.0626764,50.084
1780038687.0685985,50.083
1780038687.074708,50.083
1780038687.0806,50.083
1780038687.086711,50.082
1780038687.0926838,50.082
1780038687.098623,50.081
1780038687.1046948,50.081
1780038687.1107023,50.08
1780038687.1166897,50.08
1780038687.1226099,50.079
1780038687.1285963,50.078
1780038687.1347778,50.078
1780038687.1406782,50.077
1780038687.1467285,50.077
1780038687.1526222,50.077
1780038687.1585226,50.076
1780038687.1646705,50.076
1780038687.1706998,50.076
1780038687.1767178,50.075
1780038687.1825767,50.075
1780038687.1886137,50.075
1780038687.1947687,50.074
1780038687.200657,50.073
1780038687.2067766,50.073
1780038687.2127802,50.072
1780038687.2186172,50.072
1780038687.224686,50.072
1780038687.2306924,50.071
1780038687.2366836,50.071
1780038687.2427127,50.071
1780038687.2486885,50.07
1780038687.2546375,50.07
1780038687.2606142,50.069
1780038687.2667933,50.069
1780038687.272712,50.069
1780038687.2786407,50.068
1780038687.2847207,50.068
1780038687.2905626,50.067
1780038687.296745,50.066
1780038687.3027396,50.066
1780038687.308709,50.066
1780038687.3146596,50.065
1780038687.3206785,50.066
1780038687.326683,50.065
1780038687.3326933,50.065
1780038687.3387382,50.064
1780038687.344737,50.063
1780038687.35065,50.064
1780038687.356719,50.062
1780038687.3624613,50.061
1780038687.3687074,50.061
1780038687.374706,50.061
1780038687.380715,50.06
1780038687.3866053,50.06
1780038687.3926897,50.06
1780038687.398799,50.059
1780038687.404783,50.059
1780038687.4106314,50.059
1780038687.4167283,50.058
1780038687.4225345,50.057
1780038687.4287536,50.057
1780038687.4347203,50.056
1780038687.440706,50.056
1780038687.446656,50.056
1780038687.4526856,50.056
1780038687.4587338,50.055
1780038687.4647293,50.055
1780038687.4706829,50.054
1780038687.4767866,50.053
1780038687.4826424,50.053
1780038687.4886827,50.052
1780038687.4947937,50.052
1780038687.5009031,50.051
1780038687.506718,50.051
1780038687.5127292,50.051
1780038687.518737,50.051
1780038687.5246336,50.05
1780038687.5306406,50.05
1780038687.5367546,50.05
1780038687.5426826,50.049
1780038687.5486972,50.049
1780038687.5546052,50.049
1780038687.5606673,50.049
1780038687.5666294,50.049
1780038687.5727017,50.049
1780038687.5786896,50.048
1780038687.5846558,50.049
1780038687.590658,50.049
1780038687.596616,50.048
1780038687.6026816,50.048
1780038687.6086612,50.048
1780038687.6146114,50.048
1780038687.6207023,50.048
1780038687.6265962,50.048
1780038687.6327121,50.047
1780038687.638713,50.046
1780038687.6446319,50.046
1780038687.6506667,50.046
1780038687.6566198,50.046
1780038687.6626399,50.046
1780038687.6686604,50.045
1780038687.6745503,50.046
1780038687.680769,50.045
1780038687.6866372,50.045
1780038687.6927476,50.045
1780038687.698762,50.044
1780038687.7045002,50.044
1780038687.7107518,50.044
1780038687.7167072,50.043
1780038687.722698,50.043
1780038687.7285864,50.043
1780038687.7346652,50.043
1780038687.7407134,50.042
1780038687.7466805,50.041
1780038687.7527397,50.042
1780038687.7588034,50.041
1780038687.764619,50.041
1780038687.770759,50.04
1780038687.7764874,50.04
1780038687.782725,50.04
1780038687.788659,50.04
1780038687.7946415,50.039
1780038687.8006105,50.039
1780038687.8066914,50.039
1780038687.8128047,50.039
1780038687.818874,50.039
1780038687.8247232,50.038
1780038687.8306963,50.038
1780038687.8366737,50.037
1780038687.8427348,50.036
1780038687.848517,50.037
1780038687.8546462,50.037
1780038687.8606474,50.037
1780038687.8666618,50.036
1780038687.872603,50.036
1780038687.8787796,50.035
1780038687.88464,50.036
1780038687.8906517,50.036
1780038687.8965957,50.035
1780038687.9027774,50.035
1780038687.908605,50.035
1780038687.9147208,50.035
1780038687.9208622,50.034
1780038687.9268336,50.034
1780038687.9327254,50.034
1780038687.9387717,50.033
1780038687.9446616,50.033
1780038687.9505227,50.033
1780038687.9566052,50.032
1780038687.9627566,50.032
1780038687.9685996,50.032
1780038687.9748,50.032
1780038687.9806027,50.032
1780038687.9866946,50.031
1780038687.9927309,50.031
1780038687.998781,50.03
1780038688.004706,50.03
1780038688.010703,50.03
1780038688.0166802,50.03
1780038688.0226393,50.03
1780038688.0286043,50.029
1780038688.0347464,50.029
1780038688.040657,50.029
1780038688.0467086,50.028
1780038688.0526743,50.028
1780038688.0587523,50.027
1780038688.064661,50.027
1780038688.0707388,50.027
1780038688.0767252,50.027
1780038688.0826473,50.026
1780038688.0886693,50.026
1780038688.0946877,50.026
1780038688.100553,50.026
1780038688.106816,50.025
1780038688.1126568,50.026
1780038688.118737,50.025
1780038688.1247134,50.025
1780038688.1305382,50.025
1780038688.1366415,50.024
1780038688.1426392,50.024
1780038688.1487439,50.024
1780038688.154663,50.024
1780038688.160635,50.024
1780038688.1666946,50.024
1780038688.1726,50.024
1780038688.1786988,50.023
1780038688.1847196,50.024
1780038688.190639,50.024
1780038688.1968007,50.023
1780038688.2025502,50.023
1780038688.2087736,50.023
1780038688.21474,50.023
1780038688.2206943,50.023
1780038688.226676,50.023
1780038688.2326672,50.023
1780038688.2387435,50.022
1780038688.2446616,50.023
1780038688.2505717,50.023
1780038688.25672,50.022
1780038688.2626388,50.022
1780038688.2687201,50.022
1780038688.2745712,50.022
1780038688.2806761,50.022
1780038688.2867663,50.022
1780038688.2927186,50.022
1780038688.2986722,50.022
1780038688.3046663,50.022
1780038688.3107085,50.021
1780038688.316698,50.02
1780038688.3225942,50.02
1780038688.328713,50.02
1780038688.334684,50.019
1780038688.3407142,50.019
1780038688.3465734,50.019
1780038688.3527384,50.019
1780038688.3587062,50.018
1780038688.3647268,50.019
1780038688.370732,50.018
1780038688.3766115,50.018
1780038688.3826914,50.018
1780038688.388721,50.018
1780038688.3946671,50.017
1780038688.4007015,50.017
1780038688.4066987,50.017
1780038688.412679,50.017
1780038688.4186192,50.017
1780038688.4245524,50.017
1780038688.430661,50.017
1780038688.4366758,50.017
1780038688.442713,50.017
1780038688.4486747,50.018
1780038688.4547033,50.017
1780038688.4605274,50.017
1780038688.4666097,50.017
1780038688.4727266,50.017
1780038688.4787052,50.017
1780038688.4846368,50.017
1780038688.490789,50.017
1780038688.4965837,50.016
1780038688.5026953,50.016
1780038688.5086458,50.016
1780038688.5146673,50.016
1780038688.5206945,50.016
1780038688.5267239,50.016
1780038688.5327287,50.016
1780038688.5387053,50.016
1780038688.5446332,50.015
1780038688.5507238,50.016
1780038688.556621,50.015
1780038688.5627604,50.015
1780038688.5686226,50.015
1780038688.5747006,50.015
1780038688.5806804,50.015
1780038688.5866737,50.015
1780038688.5926867,50.015
1780038688.5987892,50.015
1780038688.6047134,50.015
1780038688.6107516,50.015
1780038688.6166096,50.014
1780038688.6227467,50.014
1780038688.628665,50.014
1780038688.6347573,50.014
1780038688.6406648,50.014
1780038688.646732,50.014
1780038688.652491,50.014
1780038688.6582553,50.014
1780038688.6639338,50.013
1780038688.6698422,50.013
1780038688.6756725,50.014
1780038688.6815012,50.013
1780038688.6874928,50.013
1780038688.6933753,50.013
1780038688.6995513,50.013
1780038688.7053976,50.013
1780038688.711602,50.013
1780038688.7174325,50.013
1780038688.7233198,50.013
1780038688.7294698,50.013
1780038688.7355316,50.013
1780038688.7414858,50.013
1780038688.747435,50.012
1780038688.7534523,50.012
1780038688.7595227,50.012
1780038688.765419,50.011
1780038688.7715805,50.011
1780038688.777521,50.011
1780038688.7834525,50.011
1780038688.7895432,50.011
1780038688.7953854,50.011
1780038688.8014946,50.011
1780038688.807534,50.011
1780038688.8134842,50.011
1780038688.8195126,50.01
1780038688.8254905,50.01
1780038688.8312995,50.01
1780038688.8375638,50.01
1780038688.843543,50.009
1780038688.8495355,50.009
1780038688.8555124,50.009
1780038688.8615358,50.009
1780038688.8674176,50.008
1780038688.8735332,50.008
1780038688.8794858,50.008
1780038688.8855355,50.008
1780038688.8914967,50.008
1780038688.8975573,50.009
1780038688.9035413,50.009
1780038688.909347,50.009
1780038688.9154859,50.009
1780038688.9215362,50.009
1780038688.927495,50.008
1780038688.9335163,50.009
1780038688.9395044,50.008
1780038688.9455793,50.009
1780038688.9514124,50.008
1780038688.957617,50.008
1780038688.9636073,50.008
1780038688.9694467,50.008
1780038688.9755032,50.008
1780038688.9814959,50.008
1780038688.9874926,50.008
1780038688.993513,50.008
1780038688.9993935,50.007
1780038689.0055552,50.007
1780038689.011441,50.007
1780038689.0175695,50.007
1780038689.023608,50.006
1780038689.0294356,50.007
1780038689.0355315,50.007
1780038689.041493,50.007
1780038689.047508,50.007
1780038689.0534925,50.007
1780038689.0595005,50.007
1780038689.065378,50.006
1780038689.071457,50.006
1780038689.0775821,50.006
1780038689.0836027,50.006
1780038689.0894952,50.006
1780038689.0955496,50.006
1780038689.1014845,50.006
1780038689.1075435,50.005
1780038689.1133692,50.006
1780038689.1194892,50.006
1780038689.1253026,50.006
1780038689.1318142,50.006
1780038689.1376088,50.006
1780038689.1436381,50.006
1780038689.1495686,50.006
1780038689.1553745,50.006
1780038689.1614852,50.006
1780038689.1675608,50.006
1780038689.1734807,50.005
1780038689.1795068,50.005
1780038689.1854355,50.005
1780038689.1915488,50.005
1780038689.1974247,50.005
1780038689.2035754,50.005
1780038689.2095544,50.005
1780038689.2154522,50.005
1780038689.221518,50.006
1780038689.227455,50.006
1780038689.2335014,50.005
1780038689.2394862,50.006
1780038689.245422,50.005
1780038689.2515478,50.005
1780038689.2574766,50.005
1780038689.2635295,50.005
1780038689.2695894,50.005
1780038689.275406,50.005
1780038689.281521,50.004
1780038689.2874808,50.005
1780038689.2935421,50.004
1780038689.2995136,50.005
1780038689.3055365,50.005
1780038689.311333,50.005
1780038689.3174367,50.005
1780038689.3236094,50.004
1780038689.3295634,50.004
1780038689.335522,50.004
1780038689.3415685,50.003
1780038689.3474686,50.003
1780038689.3535113,50.002
1780038689.3595426,50.002
1780038689.3655293,50.002
1780038689.371489,50.002
1780038689.3775127,50.002
1780038689.383503,50.002
1780038689.3893845,50.002
1780038689.3954651,50.002
1780038689.401478,50.002
1780038689.407404,50.001
1780038689.4136062,50.002
1780038689.419465,50.002
1780038689.4255311,50.002
1780038689.4313803,50.002
1780038689.4374971,50.002
1780038689.4434862,50.001
1780038689.449557,50.002
1780038689.4555523,50.002
1780038689.4614878,50.002
1780038689.4675195,50.002
1780038689.473342,50.002
1780038689.4794636,50.002
1780038689.4855835,50.003
1780038689.4915245,50.002
1780038689.4975476,50.002
1780038689.5034883,50.002
1780038689.5094454,50.003
1780038689.5155852,50.002
1780038689.5215142,50.002
1780038689.5275254,50.002
1780038689.5335574,50.002
1780038689.5395467,50.002
1780038689.5455046,50.002
1780038689.5515096,50.002
1780038689.5574799,50.002
1780038689.5635407,50.001
1780038689.5694585,50.001
1780038689.5756042,50.002
1780038689.581446,50.001
1780038689.587625,50.001
1780038689.5934663,50.0
1780038689.5995584,50.0
1780038689.6052947,50.0
1780038689.6115437,50.0
1780038689.6175401,50.0
1780038689.6235912,50.0
1780038689.6295097,50.001
1780038689.6353958,50.001
1780038689.6414535,50.0
1780038689.6475222,50.0
1780038689.6534455,49.255
1780038689.6595612,49.255
1780038689.6654506,49.255
1780038689.6715596,50.0
1780038689.6773868,49.255
1780038689.6834912,49.255
1780038689.6894538,49.255
1780038689.6955123,49.255
1780038689.7015464,50.0
1780038689.7074692,50.0
1780038689.7134979,50.0
1780038689.7196136,50.0
1780038689.7254899,50.0
1780038689.7315946,50.0
1780038689.737493,50.0
1780038689.743548,49.255
1780038689.7495363,50.0
1780038689.7554708,50.0
1780038689.7615373,50.0
1780038689.7675214,50.0
1780038689.7734993,50.0
1780038689.7795656,50.0
1780038689.7855585,49.255
1780038689.7914479,49.255
1780038689.7974977,50.0
1780038689.8033667,50.0
1780038689.8089962,50.0
1780038689.8150766,50.0
1780038689.820982,49.255
1780038689.8270128,49.255
1780038689.8330264,49.255
1780038689.8389528,49.255
1780038689.8450608,49.255
1780038689.850985,49.255
1780038689.8570247,49.255
1780038689.8630471,49.255
1780038689.8688612,49.255
1780038689.8746343,49.255
1780038689.8804772,49.255
1780038689.8862767,49.255
1780038689.8923085,49.254
1780038689.8984125,49.254
1780038689.9042869,49.253
1780038689.910312,49.253
1780038689.9165404,49.253
1780038689.9225345,49.253
1780038689.9284918,49.253
1780038689.934245,49.253
1780038689.940279,49.253
1780038689.94627,49.253
1780038689.9522824,49.253
1780038689.9584672,49.253
1780038689.9643235,49.252
1780038689.9702625,49.253
1780038689.9762905,49.252
1780038689.9823217,49.252
1780038689.988399,49.251
1780038689.99429,49.252
1780038690.0003026,49.252
1780038690.0061457,49.251
1780038690.0122929,49.251
1780038690.0182655,49.252
1780038690.0242727,49.252
1780038690.0302649,49.253
1780038690.0362911,49.252
1780038690.0422614,49.252
1780038690.0483027,49.252
1780038690.054248,49.252
1780038690.060313,49.253
1780038690.0662882,49.252
1780038690.0723133,49.252
1780038690.0782595,49.252
1780038690.0843034,49.252
1780038690.0902896,49.252
1780038690.0963497,49.251
1780038690.1023972,49.251
1780038690.1083975,49.251
1780038690.1142943,49.251
1780038690.1203284,49.251
1780038690.1262639,49.252
1780038690.1322644,49.251
1780038690.1382608,49.251
1780038690.1443179,49.251
1780038690.150278,49.251
1780038690.1564171,49.251
1780038690.162248,49.25
1780038690.1683688,49.25
1780038690.1743522,49.251
1780038690.1803079,49.251
1780038690.186288,49.251
1780038690.1922655,49.251
1780038690.1982794,49.251
1780038690.2042727,49.252
1780038690.2102537,49.251
1780038690.216308,49.251
1780038690.2223012,49.251
1780038690.228285,49.251
1780038690.2344732,49.252
1780038690.2402234,49.252
1780038690.2462838,49.251
1780038690.2522604,49.252
1780038690.2583704,49.252
1780038690.264325,49.252
1780038690.2703443,49.252
1780038690.2762473,49.253
1780038690.282254,49.253
1780038690.288305,49.252
1780038690.2943032,49.252
1780038690.300247,49.253
1780038690.3063283,49.252
1780038690.3123033,49.251
1780038690.3183005,49.252
1780038690.3241599,49.251
1780038690.3302698,49.251
1780038690.3362863,49.251
1780038690.3423383,49.251
1780038690.3482842,49.251
1780038690.3542306,49.251
1780038690.3602874,49.251
1780038690.366324,49.251
1780038690.3722925,49.251
1780038690.3783038,49.251
1780038690.3842876,49.251
1780038690.3904235,49.252
1780038690.3962595,49.252
1780038690.402399,49.252
1780038690.4082913,49.251
1780038690.4142637,49.252
1780038690.4203568,49.252
1780038690.426311,49.252
1780038690.4323485,49.252
1780038690.4382386,49.253
1780038690.4442527,49.253
1780038690.4502842,49.253
1780038690.4562986,49.253
1780038690.462404,49.253
1780038690.4682941,49.253
1780038690.4742966,49.253
1780038690.4803972,49.253
1780038690.4862463,49.253
1780038690.4923074,49.253
1780038690.4982007,49.252
1780038690.5042815,49.252
1780038690.5103066,49.253
1780038690.5163264,49.253
1780038690.5222564,49.253
1780038690.528311,49.253
1780038690.5342848,49.253
1780038690.540418,49.253
1780038690.546284,49.253
1780038690.5523195,49.253
1780038690.5583777,49.252
1780038690.5643232,49.251
1780038690.5701995,49.251
1780038690.5763283,49.251
1780038690.5823627,49.251
1780038690.5883942,49.251
1780038690.5943034,49.251
1780038690.6002703,49.251
1780038690.606275,49.251
1780038690.6122913,49.251
1780038690.6182556,49.251
1780038690.6243436,49.251
1780038690.6303082,49.251
1780038690.6363144,49.251
1780038690.6422815,49.251
1780038690.648278,49.251
1780038690.654354,49.251
1780038690.6603026,49.251
1780038690.6663032,49.251
1780038690.6723268,49.251
1780038690.6783788,49.252
1780038690.6842642,49.252
1780038690.6902575,49.252
1780038690.6963508,49.252
1780038690.7022657,49.252
1780038690.7083023,49.251
1780038690.7142994,49.252
1780038690.7202978,49.251
1780038690.7263255,49.251
1780038690.7322369,49.251
1780038690.7383847,49.25
1780038690.7442994,49.25
1780038690.7502997,49.251
1780038690.7563643,49.251
1780038690.762271,49.251
1780038690.7682395,49.251
1780038690.774176,49.252
1780038690.7802742,49.252
1780038690.7863774,49.252
1780038690.792264,49.252
1780038690.7983255,49.251
1780038690.8043113,49.251
1780038690.8103182,49.251
1780038690.8162293,49.251
1780038690.822423,49.251
1780038690.8282986,49.252
1780038690.834324,49.252
1780038690.8402858,49.252
1780038690.8462722,49.252
1780038690.8522909,49.251
1780038690.8584063,49.251
1780038690.8642917,49.251
1780038690.8702831,49.251
1780038690.8763008,49.251
1780038690.882394,49.251
1780038690.8883097,49.251
1780038690.8942528,49.251
1780038690.9003108,49.251
1780038690.906174,49.251
1780038690.9123979,49.251
1780038690.9183016,49.251
1780038690.9242918,49.251
1780038690.930314,49.251
1780038690.9362826,49.251
1780038690.9421997,49.252
1780038690.9482841,49.252
1780038690.9544356,49.252
1780038690.960322,49.252
1780038690.9663,49.252
1780038690.972325,49.251
1780038690.9783032,49.251
1780038690.9843152,49.252
1780038690.9901693,49.251
1780038690.9962597,49.251
1780038691.002316,49.252
1780038691.0083284,49.252
1780038691.0142934,49.252
1780038691.020271,49.253
1780038691.0263052,49.252
1780038691.0323193,49.251
1780038691.03826,49.251
1780038691.0442755,49.252
1780038691.0505514,49.252
1780038691.056324,49.252
1780038691.06227,49.252
1780038691.0683403,49.252
1780038691.0743303,49.252
1780038691.0801892,49.251
1780038691.086274,49.251
1780038691.092294,49.252
1780038691.0983267,49.252
1780038691.1043038,49.252
1780038691.1102781,49.252
1780038691.1161878,49.252
1780038691.1222737,49.252
1780038691.1283112,49.252
1780038691.1343632,49.252
1780038691.1402695,49.252
1780038691.1464596,49.251
1780038691.1522732,49.251
1780038691.1584737,49.251
1780038691.1641872,49.251
1780038691.1704333,49.252
1780038691.1763093,49.252
1780038691.1823933,49.251
1780038691.1883066,49.252
1780038691.194426,49.252
1780038691.2002947,49.252
1780038691.2063751,49.251
1780038691.2122514,49.251
1780038691.2183301,49.251
1780038691.2242584,49.251
1780038691.2304668,49.251
1780038691.2363033,49.252
1780038691.2424638,49.251
1780038691.2482448,49.252
1780038691.254436,49.252
1780038691.2603455,49.251
1780038691.2662914,49.252
1780038691.2724078,49.252
1780038691.278268,49.252
1780038691.284285,49.252
1780038691.290261,49.252
1780038691.296258,49.252
1780038691.3023195,49.252
1780038691.3083029,49.252
1780038691.3143306,49.252
1780038691.3203156,49.252
1780038691.3262682,49.252
1780038691.3323135,49.252
1780038691.3382654,49.252
1780038691.344345,49.252
1780038691.3503437,49.252
1780038691.3563538,49.253
1780038691.3623059,49.253
1780038691.3683329,49.253
1780038691.374408,49.253
1780038691.380275,49.253
1780038691.3862436,49.254
1780038691.3924034,49.254
1780038691.3982825,49.254
1780038691.404341,49.254
1780038691.4102952,49.254
1780038691.4163032,49.254
1780038691.4223237,49.254
1780038691.4283254,49.254
1780038691.4343367,49.255
1780038691.4403002,49.255
1780038691.4463043,49.255
1780038691.4522533,49.255
1780038691.458349,49.255
1780038691.464312,50.0
1780038691.470263,49.255
1780038691.4764302,50.0
1780038691.4822981,49.255
1780038691.4884365,49.255
1780038691.4942784,49.255
1780038691.5002453,49.255
1780038691.5063214,49.255
1780038691.5123534,49.255
1780038691.5183573,49.254
1780038691.524397,49.255
1780038691.5303493,49.255
1780038691.536262,49.255
1780038691.542265,49.255
1780038691.5483024,49.254
1780038691.5543141,49.254
1780038691.5603049,49.254
1780038691.5663354,49.254
1780038691.5722768,49.254
1780038691.5783925,49.254
1780038691.5842543,49.253
1780038691.5903955,49.253
1780038691.596307,49.254
1780038691.602304,49.253
1780038691.6083107,49.254
1780038691.6144106,49.254
1780038691.6202857,49.254
1780038691.6262555,49.254
1780038691.6322677,49.254
1780038691.638305,49.254
1780038691.6442597,49.254
1780038691.6503286,49.254
1780038691.6562808,49.254
1780038691.662378,49.254
1780038691.6683066,49.254
1780038691.674322,49.254
1780038691.6803906,49.254
1780038691.6863616,49.254
1780038691.6922872,49.254
1780038691.6983113,49.254
1780038691.7042918,49.255
1780038691.710331,49.255
1780038691.7162824,50.0
1780038691.7222319,49.255
1780038691.7283013,49.255
1780038691.7343025,50.0
1780038691.740287,49.255
1780038691.7463088,50.0
1780038691.752316,49.255
1780038691.7583663,49.255
1780038691.764345,49.255
1780038691.770271,50.0
1780038691.7763228,50.0
1780038691.7821307,50.0
1780038691.7883866,50.0
1780038691.7943277,50.001
1780038691.8003101,50.001
1780038691.806305,50.001
1780038691.8122594,50.001
1780038691.8182871,50.0
1780038691.8243167,50.0
1780038691.8302886,50.0
1780038691.8363123,50.001
1780038691.8423018,50.0
1780038691.8483105,50.0
1780038691.854284,50.001
1780038691.860255,50.001
1780038691.8663175,50.001
1780038691.8723307,50.001
1780038691.8782887,50.001
1780038691.8842793,50.001
1780038691.8903267,50.001
1780038691.8962846,50.001
1780038691.9023397,50.001
1780038691.908216,50.001
1780038691.914316,50.001
1780038691.9203405,50.001
1780038691.9263186,50.001
1780038691.9323585,50.001
1780038691.9383283,50.001
1780038691.9442978,50.001
1780038691.950382,50.001
1780038691.9562328,50.001
1780038691.9623365,50.001
1780038691.9682837,50.001
1780038691.9745147,50.002
1780038691.9805079,50.001
1780038691.9863183,50.002
1780038691.9923408,50.001
1780038691.9983022,50.001
1780038692.0042686,50.001
1780038692.010432,50.001
1780038692.016291,50.001
1780038692.022299,50.001
1780038692.0282803,50.0
1780038692.0344105,50.001
1780038692.040417,50.001
1780038692.0462773,50.001
1780038692.0523748,50.001
1780038692.0582042,50.001
1780038692.0642865,50.001
1780038692.0702858,50.001
1780038692.076287,50.001
1780038692.082301,50.001
1780038692.0882983,50.001
1780038692.0942664,50.001
1780038692.1004472,50.001
1780038692.1062746,50.001
1780038692.1123712,50.001
1780038692.1182508,50.0
1780038692.1243937,50.0
1780038692.1302743,49.255
1780038692.1363838,50.0
1780038692.1422968,50.0
1780038692.1483984,49.255
1780038692.1542728,50.0
1780038692.1603673,49.255
1780038692.1663342,49.255
1780038692.1723328,50.0
1780038692.1784048,50.0
1780038692.1842668,50.0
1780038692.190294,50.0
1780038692.1962638,50.001
1780038692.2022614,50.0
1780038692.208328,50.0
1780038692.2142575,50.0
1780038692.220396,50.0
1780038692.2263372,50.0
1780038692.232318,50.0
1780038692.2384672,50.0
1780038692.2442992,49.255
1780038692.2503872,49.255
1780038692.2562983,49.255
1780038692.262287,49.255
1780038692.2682724,49.255
1780038692.2743528,50.0
1780038692.2803826,50.0
1780038692.2863238,50.0
1780038692.292313,50.0
1780038692.298245,50.0
1780038692.3042698,50.0
1780038692.3103175,50.0
1780038692.3162596,50.0
1780038692.3223214,50.0
1780038692.3282938,50.0
1780038692.334479,50.0
1780038692.340303,50.0
1780038692.346286,50.0
1780038692.3523428,50.0
1780038692.3584359,50.0
1780038692.3644106,50.0
1780038692.3703034,50.0
1780038692.3763916,50.001
1780038692.3823438,50.0
1780038692.388402,50.0
1780038692.3942657,50.0
1780038692.4003067,50.0
1780038692.4062655,50.0
1780038692.4123905,50.0
1780038692.4183266,50.0
1780038692.4244533,49.255
1780038692.430272,49.255
1780038692.436462,50.0
1780038692.4422836,50.0
1780038692.448391,50.0
1780038692.4542933,50.0
1780038692.4603722,50.0
1780038692.4663281,50.0
1780038692.4723117,50.0
1780038692.4784184,50.0
1780038692.4842823,50.0
1780038692.4902947,50.0
1780038692.4963803,50.0
1780038692.5022728,50.0
1780038692.508298,50.0
1780038692.5143518,50.0
1780038692.520326,49.255
1780038692.5264661,50.0
1780038692.53228,50.0
1780038692.5384247,50.0
1780038692.5442808,49.255
1780038692.550408,49.255
1780038692.556318,50.0
1780038692.5623527,50.0
1780038692.5682845,50.0
1780038692.5742996,50.0
1780038692.580351,50.0
1780038692.5863082,50.0
1780038692.592295,50.0
1780038692.5982578,50.0
1780038692.6042857,49.255
1780038692.6103086,50.0
1780038692.6162546,50.0
1780038692.6224654,50.0
1780038692.6282835,50.0
1780038692.6343775,50.0
1780038692.6403005,50.0
1780038692.646201,49.255
1780038692.6523561,50.0
1780038692.65837,50.0
1780038692.6642683,50.0
1780038692.670302,50.0
1780038692.6764207,50.0
1780038692.6823041,50.0
1780038692.6883502,50.0
1780038692.6942582,50.0
1780038692.7003944,50.001
1780038692.7063568,50.001
1780038692.7122989,50.0
1780038692.7183616,50.0
1780038692.7244346,50.0
1780038692.730299,50.0
1780038692.7364004,50.001
1780038692.7423015,50.001
1780038692.748402,50.001
1780038692.7543159,50.0
1780038692.7604635,50.0
1780038692.7663643,50.011
1780038692.7721493,50.015
1780038692.7775464,50.019
1780038692.7828994,50.023
1780038692.7881172,50.028
1780038692.7937016,50.035
1780038692.798942,50.036
1780038692.8044934,50.041
1780038692.8097165,50.046
1780038692.815244,50.05
1780038692.8204734,50.055
1780038692.8260894,50.061
1780038692.831324,50.062
1780038692.8369036,50.068
1780038692.8421276,50.072
1780038692.8476298,50.076
1780038692.8528543,50.081
1780038692.8584805,50.086
1780038692.8637242,50.09
1780038692.8693016,50.092
1780038692.874522,50.098
1780038692.8800812,50.101
1780038692.8853025,50.106
1780038692.8908477,50.11
1780038692.8960896,50.115
1780038692.9016957,50.117
1780038692.9069102,50.122
1780038692.9124932,50.126
1780038692.917712,50.131
1780038692.9232962,50.133
1780038692.9285405,50.14
1780038692.9340422,50.141
1780038692.939254,50.146
1780038692.9448483,50.15
1780038692.950055,50.153
1780038692.9556913,50.157
1780038692.960926,50.164
1780038692.9664574,50.164
1780038692.9716682,50.169
1780038692.9772513,50.173
1780038692.9825172,50.177
1780038692.9880605,50.18
1780038692.993311,50.187
1780038692.9988601,50.188
1780038693.0040796,50.191
1780038693.0097055,50.196
1780038693.0149252,50.2
1780038693.02047,50.203
1780038693.0257058,50.209
1780038693.0313168,50.21
1780038693.0365467,50.215
1780038693.0420935,50.218
1780038693.0473118,50.221
1780038693.052849,50.225
1780038693.058083,50.231
1780038693.063724,50.233
1780038693.0692263,50.235
1780038693.0746372,50.24
1780038693.0799835,50.243
1780038693.0852892,50.247
1780038693.0905209,50.251
1780038693.0961022,50.255
1780038693.1013412,51.001
1780038693.1068864,51.004
1780038693.1121333,51.008
1780038693.117641,51.011
1780038693.1228719,51.011
1780038693.128521,51.02
1780038693.133947,51.021
1780038693.139289,51.025
1780038693.1445196,51.028
1780038693.1500523,51.031
1780038693.15529,51.034
1780038693.1609025,51.04
1780038693.1661484,51.041
1780038693.1716485,51.044
1780038693.1768808,51.047
1780038693.1824586,51.05
1780038693.1876857,51.055
1780038693.1932623,51.059
1780038693.1985118,51.061
1780038693.2041032,51.063
1780038693.2093315,51.067
1780038693.2148583,51.069
1780038693.2200916,51.073
1780038693.2257042,51.078
1780038693.230958,51.08
1780038693.2365248,51.082
1780038693.2420197,51.085
1780038693.2473876,51.089
1780038693.252787,51.092
1780038693.2580974,51.095
1780038693.2633421,51.099
1780038693.2689044,51.1
1780038693.2741265,51.104
1780038693.2797084,51.107
1780038693.2849302,51.11
1780038693.2904735,51.112
1780038693.2957194,51.116
1780038693.3013163,51.118
1780038693.3065395,51.122
1780038693.312055,51.124
1780038693.3172798,51.127
1780038693.3228617,51.129
1780038693.328114,51.135
1780038693.3336656,51.135
1780038693.338891,51.139
1780038693.344511,51.142
1780038693.3497367,51.143
1780038693.3552623,51.147
1780038693.3605132,51.152
1780038693.3660593,51.152
1780038693.3712907,51.156
1780038693.3768904,51.158
1780038693.382119,51.161
1780038693.3876562,51.164
1780038693.392888,51.168
1780038693.3984575,51.169
1780038693.4036925,51.172
1780038693.4092944,51.174
1780038693.4145296,51.176
1780038693.4201055,51.18
1780038693.425338,51.184
1780038693.4309144,51.186
1780038693.436141,51.188
1780038693.4416578,51.19
1780038693.4468992,51.193
1780038693.4524632,51.195
1780038693.4576983,51.199
1780038693.4633257,51.202
1780038693.468561,51.202
1780038693.4740505,51.206
1780038693.4792979,51.208
1780038693.484901,51.211
1780038693.4901364,51.214
1780038693.495714,51.217
1780038693.5009465,51.218
1780038693.5065012,51.22
1780038693.5117364,51.223
1780038693.5172691,51.225
1780038693.522505,51.225
1780038693.5281367,51.232
1780038693.533553,51.232
1780038693.5390651,51.234
1780038693.545388,51.227
1780038693.551287,51.221
1780038693.5573153,51.22
1780038693.5631337,51.219
1780038693.5691357,51.218
1780038693.5752509,51.217
1780038693.5810716,51.215
1780038693.5872018,51.213
1780038693.5931628,51.211
1780038693.5991588,51.209
1780038693.6051173,51.206
1780038693.611249,51.204
1780038693.617093,51.202
1780038693.6232824,51.2
1780038693.6291797,51.197
1780038693.6352408,51.194
1780038693.6410496,51.193
1780038693.64714,51.19
1780038693.6531699,51.188
1780038693.6592019,51.186
1780038693.6650777,51.184
1780038693.6712396,51.182
1780038693.6771452,51.179
1780038693.6832814,51.177
1780038693.6890998,51.175
1780038693.6952658,51.173
1780038693.701018,51.171
1780038693.707214,51.168
1780038693.7132237,51.167
1780038693.719222,51.164
1780038693.7250617,51.162
1780038693.731245,51.16
1780038693.7371306,51.157
1780038693.7432709,51.155
1780038693.7491426,51.153
1780038693.7551928,51.15
1780038693.761235,51.148
1780038693.7672267,51.147
1780038693.7732224,51.145
1780038693.7791736,51.143
1780038693.785139,51.142
1780038693.791271,51.139
1780038693.7971897,51.138
1780038693.8032765,51.136
1780038693.8091223,51.133
1780038693.815246,51.131
1780038693.8212152,51.129
1780038693.8271606,51.127
1780038693.833267,51.125
1780038693.839231,51.123
1780038693.845224,51.121
1780038693.8512514,51.119
1780038693.8571322,51.117
1780038693.86325,51.115
1780038693.8691127,51.113
1780038693.8752267,51.111
1780038693.8811495,51.11
1780038693.8871644,51.108
1780038693.8931708,51.107
1780038693.8991945,51.104
1780038693.9052377,51.102
1780038693.9112635,51.101
1780038693.917173,51.099
1780038693.9232204,51.097
1780038693.9291642,51.095
1780038693.935183,51.093
1780038693.941119,51.092
1780038693.9472504,51.09
1780038693.9531622,51.088
1780038693.9592392,51.086
1780038693.9650488,51.084
1780038693.9712415,51.082
1780038693.9771862,51.081
1780038693.9832451,51.078
1780038693.9894347,51.076
1780038693.9953766,51.074
1780038694.0011892,51.071
1780038694.0072217,51.07
1780038694.0132442,51.068
1780038694.0191767,51.066
1780038694.0252566,51.065
1780038694.0312612,51.063
1780038694.0371969,51.061
1780038694.0432582,51.059
1780038694.0492017,51.058
1780038694.0552282,51.056
1780038694.0610428,51.054
1780038694.0671813,51.053
1780038694.0732605,51.051
1780038694.0791924,51.049
1780038694.085071,51.048
1780038694.0912333,51.046
1780038694.0971208,51.045
1780038694.1032798,51.043
1780038694.1091714,51.041
1780038694.115242,51.039
1780038694.121039,51.038
1780038694.1271715,51.036
1780038694.133169,51.035
1780038694.1391902,51.033
1780038694.1451042,51.032
1780038694.151228,51.03
1780038694.1570992,51.029
1780038694.1632404,51.028
1780038694.169125,51.026
1780038694.1752443,51.025
1780038694.1810517,51.024
1780038694.1871572,51.022
1780038694.1931407,51.021
1780038694.19925,51.019
1780038694.2051463,51.018
1780038694.2112443,51.016
1780038694.2171204,51.015
1780038694.2231817,51.014
1780038694.229078,51.013
1780038694.2352483,51.011
1780038694.241115,51.01
1780038694.24717,51.009
1780038694.2531679,51.007
1780038694.259178,51.005
1780038694.2652018,51.004
1780038694.2712648,51.003
1780038694.2771807,51.001
1780038694.283185,51.0
1780038694.2891417,50.254
1780038694.2952664,50.252
1780038694.301129,50.251
1780038694.3072307,50.249
1780038694.3132598,50.248
1780038694.3192492,50.247
1780038694.3251865,50.246
1780038694.3312392,50.244
1780038694.3371825,50.244
1780038694.3431911,50.242
1780038694.3491364,50.241
1780038694.3552294,50.24
1780038694.3611622,50.238
1780038694.3671937,50.237
1780038694.373085,50.236
1780038694.3791692,50.235
1780038694.385228,50.234
1780038694.3912623,50.232
1780038694.3971949,50.231
1780038694.40323,50.231
1780038694.4091065,50.229
1780038694.4152524,50.228
1780038694.421115,50.227
1780038694.4272137,50.225
1780038694.433195,50.224
1780038694.4392023,50.223
1780038694.4452329,50.222
1780038694.4512544,50.221
1780038694.4572031,50.22
1780038694.463244,50.218
1780038694.4691467,50.217
1780038694.4752433,50.215
1780038694.4811735,50.214
1780038694.487213,50.212
1780038694.493218,50.211
1780038694.4991798,50.21
1780038694.5052338,50.209
1780038694.5112627,50.208
1780038694.5171945,50.207
1780038694.5231984,50.206
1780038694.529123,50.205
1780038694.5352442,50.203
1780038694.5411704,50.202
1780038694.547227,50.201
1780038694.5529976,50.2
1780038694.5592375,50.199
1780038694.5652232,50.198
1780038694.5712788,50.197
1780038694.5772467,50.196
1780038694.5832138,50.194
1780038694.5891573,50.194
1780038694.5952747,50.193
1780038694.6011584,50.191
1780038694.6072378,50.19
1780038694.6130447,50.189
1780038694.619195,50.188
1780038694.6252618,50.187
1780038694.631268,50.186
1780038694.637229,50.186
1780038694.6432452,50.185
1780038694.6490865,50.184
1780038694.6552646,50.182
1780038694.6611285,50.182
1780038694.6672468,50.18
1780038694.673111,50.179
1780038694.6791763,50.178
1780038694.6851947,50.177
1780038694.6912458,50.176
1780038694.697234,50.175
1780038694.7030764,50.175
1780038694.709105,50.173
1780038694.715242,50.172
1780038694.7212017,50.171
1780038694.727234,50.17
1780038694.7330651,50.169
1780038694.7391582,50.167
1780038694.7452655,50.167
1780038694.751283,50.165
1780038694.7572176,50.165
1780038694.7630966,50.164
1780038694.7691212,50.163
1780038694.7752688,50.162
1780038694.7811518,50.161
1780038694.7872443,50.16
1780038694.7931018,50.16
1780038694.7991993,50.159
1780038694.8052418,50.158
1780038694.8112595,50.157
1780038694.8172452,50.157
1780038694.8230927,50.156
1780038694.8291457,50.155
1780038694.835263,50.154
1780038694.8413737,50.153
1780038694.8472347,50.153
1780038694.853147,50.152
1780038694.8592446,50.15
1780038694.8651662,50.15
1780038694.8712773,50.149
1780038694.8772445,50.149
1780038694.8831792,50.148
1780038694.8891897,50.148
1780038694.895177,50.147
1780038694.9012158,50.146
1780038694.9072342,50.145
1780038694.9131408,50.144
1780038694.9192526,50.143
1780038694.9250648,50.142
1780038694.9312708,50.141
1780038694.9372015,50.141
1780038694.9432156,50.14
1780038694.9491763,50.14
1780038694.9551797,50.139
1780038694.961085,50.137
1780038694.9672492,50.136
1780038694.9731364,50.136
1780038694.9792624,50.135
1780038694.985066,50.134
1780038694.9912417,50.133
1780038694.9971795,50.132
1780038695.0032299,50.132
1780038695.0091832,50.131
1780038695.0152256,50.13
1780038695.0211718,50.13
1780038695.027269,50.129
1780038695.0331256,50.128
1780038695.0392568,50.128
1780038695.0451288,50.126
1780038695.051259,50.126
1780038695.0572467,50.125
1780038695.0632377,50.125
1780038695.06925,50.125
1780038695.0750942,50.124
1780038695.0811536,50.123
1780038695.0872195,50.122
1780038695.093213,50.121
1780038695.0992517,50.12
1780038695.1051848,50.119
1780038695.1111152,50.119
1780038695.117238,50.118
1780038695.1232204,50.118
1780038695.129245,50.117
1780038695.1351497,50.117
1780038695.1412144,50.116
1780038695.147212,50.115
1780038695.1531093,50.114
1780038695.1592646,50.114
1780038695.165159,50.113
1780038695.1711428,50.112
1780038695.1771944,50.111
1780038695.183258,50.112
1780038695.1892304,50.111
1780038695.1951547,50.111
1780038695.2011616,50.11
1780038695.2072563,50.11
1780038695.213193,50.109
1780038695.219262,50.108
1780038695.2252033,50.107
1780038695.2311404,50.105
1780038695.2372255,50.105
1780038695.243196,50.105
1780038695.249192,50.104
1780038695.255179,50.104
1780038695.261195,50.103
1780038695.2672148,50.103
1780038695.2731059,50.102
1780038695.2792807,50.101
1780038695.285171,50.101
1780038695.2911432,50.1
1780038695.297184,50.099
1780038695.3032591,50.099
1780038695.309215,50.098
1780038695.315179,50.098
1780038695.3211958,50.098
1780038695.3272402,50.097
1780038695.3332012,50.096
1780038695.3392568,50.096
1780038695.3452473,50.096
1780038695.3512402,50.095
1780038695.357194,50.094
1780038695.3632672,50.095
1780038695.369192,50.094
1780038695.3752391,50.093
1780038695.3812263,50.093
1780038695.3871067,50.092
1780038695.393174,50.091
1780038695.3992586,50.091
1780038695.405219,50.09
1780038695.4112368,50.09
1780038695.417259,50.089
1780038695.423028,50.089
1780038695.429248,50.088
1780038695.435242,50.088
1780038695.4412298,50.088
1780038695.4470987,50.088
1780038695.4531696,50.087
1780038695.4592762,50.086
1780038695.465159,50.086
1780038695.47124,50.086
1780038695.4772558,50.086
1780038695.483075,50.086
1780038695.4891887,50.084
1780038695.4952452,50.084
1780038695.501249,50.083
1780038695.5071988,50.084
1780038695.5131695,50.084
1780038695.5192385,50.083
1780038695.5252426,50.083
1780038695.5312445,50.082
1780038695.537258,50.081
1780038695.5431652,50.082
1780038695.5492246,50.081
1780038695.5552516,50.08
1780038695.5612135,50.079
1780038695.567282,50.08
1780038695.57324,50.079
1780038695.5791795,50.079
1780038695.5850801,50.079
1780038695.5912569,50.078
1780038695.5972602,50.078
1780038695.6032228,50.077
1780038695.609242,50.075
1780038695.6150053,50.075
1780038695.621259,50.074
1780038695.6272552,50.074
1780038695.6332448,50.073
1780038695.6391141,50.073
1780038695.6451292,50.073
1780038695.6512797,50.072
1780038695.6572807,50.072
1780038695.6632264,50.072
1780038695.669263,50.071
1780038695.6751316,50.07
1780038695.6812377,50.069
1780038695.6871808,50.07
1780038695.6931908,50.069
1780038695.6992238,50.069
1780038695.705212,50.07
1780038695.711231,50.068
1780038695.7171757,50.068
1780038695.7231705,50.069
1780038695.7292325,50.068
1780038695.7352314,50.068
1780038695.7412403,50.067
1780038695.747022,50.067
1780038695.7532396,50.068
1780038695.7592018,50.067
1780038695.7652318,50.067
1780038695.7712305,50.067
1780038695.7770648,50.066
1780038695.78316,50.066
1780038695.789262,50.065
1780038695.7952168,50.064
1780038695.801259,50.063
1780038695.8071568,50.063
1780038695.8132284,50.063
1780038695.8191323,50.063
1780038695.8252625,50.063
1780038695.831222,50.062
1780038695.837213,50.062
1780038695.843204,50.061
1780038695.8491976,50.06
1780038695.855111,50.06
1780038695.8612626,50.06
1780038695.867159,50.06
1780038695.8732767,50.059
1780038695.8791122,50.059
1780038695.8852596,50.059
1780038695.8912656,50.058
1780038695.8972135,50.059
1780038695.9032493,50.058
1780038695.909179,50.058
1780038695.9152207,50.057
1780038695.9212043,50.057
1780038695.9272249,50.057
1780038695.9332697,50.056
1780038695.939168,50.055
1780038695.9452503,50.055
1780038695.951115,50.054
1780038695.95702,50.054
1780038695.9632661,50.054
1780038695.9692526,50.053
1780038695.9752605,50.053
1780038695.981121,50.053
1780038695.9871888,50.052
1780038695.9931831,50.051
1780038695.9991386,50.051
1780038696.005266,50.051
1780038696.0112162,50.05
1780038696.017139,50.05
1780038696.023184,50.049
1780038696.0292609,50.049
1780038696.03524,50.049
1780038696.0412617,50.049
1780038696.0472126,50.049
1780038696.053062,50.048
1780038696.0591447,50.048
1780038696.0652716,50.048
1780038696.0712373,50.047
1780038696.077173,50.047
1780038696.0832667,50.047
1780038696.0891192,50.046
1780038696.0952253,50.046
1780038696.1012795,50.045
1780038696.1072173,50.045
1780038696.1132512,50.045
1780038696.1192462,50.045
1780038696.1252027,50.045
1780038696.1311698,50.045
1780038696.1372457,50.044
1780038696.1432583,50.044
1780038696.1492157,50.043
1780038696.1552675,50.043
1780038696.1610625,50.043
1780038696.167245,50.042
1780038696.1732392,50.042
1780038696.1792617,50.042
1780038696.1851678,50.042
1780038696.1912236,50.041
1780038696.1971407,50.041
1780038696.2032745,50.041
1780038696.2091763,50.04
1780038696.2152712,50.04
1780038696.2211397,50.039
1780038696.2272727,50.039
1780038696.2330248,50.039
1780038696.2392406,50.039
1780038696.245203,50.038
1780038696.25126,50.038
1780038696.2572358,50.038
1780038696.263094,50.037
1780038696.269149,50.037
1780038696.2752838,50.036
1780038696.2812316,50.036
1780038696.287293,50.036
1780038696.2931857,50.036
1780038696.29922,50.036
1780038696.3052208,50.035
1780038696.3112218,50.035
1780038696.3172162,50.035
1780038696.323239,50.034
1780038696.3292441,50.034
1780038696.3352156,50.034
1780038696.3410935,50.034
1780038696.347256,50.034
1780038696.3531582,50.033
1780038696.3592525,50.033
1780038696.3651335,50.032
1780038696.3712673,50.033
1780038696.3772511,50.033
1780038696.3832803,50.032
1780038696.3892527,50.032
1780038696.3951924,50.031
1780038696.401226,50.032
1780038696.4072604,50.031
1780038696.413112,50.03
1780038696.4192593,50.03
1780038696.4252322,50.03
1780038696.4312332,50.029
1780038696.437251,50.029
1780038696.4429984,50.029
1780038696.4493003,50.028
1780038696.455246,50.029
1780038696.4612024,50.029
1780038696.467154,50.029
1780038696.473163,50.029
1780038696.4792023,50.028
1780038696.4852872,50.028
1780038696.4912398,50.028
1780038696.4972892,50.028
1780038696.5032241,50.028
1780038696.5092773,50.028
1780038696.5150247,50.027
1780038696.5212536,50.027
1780038696.52724,50.027
1780038696.5332198,50.027
1780038696.5391226,50.027
1780038696.5452228,50.027
1780038696.5511224,50.027
1780038696.5572402,50.026
1780038696.5632286,50.026
1780038696.569278,50.025
1780038696.5751755,50.025
1780038696.5812612,50.024
1780038696.5870624,50.024
1780038696.5932508,50.024
1780038696.5992174,50.023
1780038696.6051948,50.023
1780038696.6111612,50.024
1780038696.6171105,50.024
1780038696.6231694,50.024
1780038696.6292465,50.023
1780038696.6351933,50.024
1780038696.6412578,50.024
1780038696.6472306,50.023
1780038696.6532867,50.024
1780038696.6590645,50.023
1780038696.6652462,50.023
1780038696.6712387,50.023
1780038696.6772032,50.023
1780038696.6832688,50.023
1780038696.6891513,50.022
1780038696.6952143,50.022
1780038696.7011998,50.022
1780038696.707148,50.021
1780038696.7132711,50.021
1780038696.7192388,50.02
1780038696.7252665,50.02
1780038696.731112,50.02
1780038696.7369957,50.019
1780038696.743258,50.019
1780038696.749245,50.019
1780038696.7552145,50.019
1780038696.7612648,50.02
1780038696.767172,50.019
1780038696.7732835,50.019
1780038696.7791486,50.018
1780038696.7852824,50.018
1780038696.7912426,50.018
1780038696.7971227,50.018
1780038696.8032594,50.019
1780038696.8090053,50.019
1780038696.8152466,50.019
1780038696.8212752,50.019
1780038696.827222,50.019
1780038696.833117,50.019
1780038696.8392134,50.019
1780038696.8452144,50.018
1780038696.8512502,50.018
1780038696.8572698,50.017
1780038696.8632712,50.017
1780038696.869194,50.017
1780038696.8752477,50.016
1780038696.8810105,50.016
1780038696.8872814,50.016
1780038696.8932545,50.016
1780038696.899247,50.016
1780038696.905176,50.016
1780038696.9112456,50.017
1780038696.9172344,50.016
1780038696.9232433,50.016
1780038696.9292557,50.016
1780038696.9352682,50.016
1780038696.9411986,50.015
1780038696.9472516,50.015
1780038696.9530482,50.015
1780038696.9592967,50.014
1780038696.965268,50.014
1780038696.9712548,50.015
1780038696.9772558,50.014
1780038696.9831364,50.014
1780038696.9891934,50.013
1780038696.9952962,50.013
1780038697.001244,50.013
1780038697.007257,50.013
1780038697.0131915,50.013
1780038697.019258,50.013
1780038697.0250328,50.014
1780038697.031277,50.014
1780038697.037257,50.013
1780038697.0432239,50.014
1780038697.049254,50.013
1780038697.0552537,50.014
1780038697.0611684,50.014
1780038697.06728,50.015
1780038697.073243,50.014
1780038697.0792677,50.014
1780038697.0851703,50.014
1780038697.0912569,50.014
1780038697.097242,50.013
1780038697.1030283,50.014
1780038697.1092477,50.013
1780038697.1152675,50.014
1780038697.1212583,50.014
1780038697.1271257,50.014
1780038697.1332264,50.013
1780038697.139227,50.013
1780038697.1451993,50.013
1780038697.151273,50.013
1780038697.157275,50.012
1780038697.1631958,50.011
1780038697.169251,50.011
1780038697.1752684,50.011
1780038697.1812398,50.011
1780038697.1872413,50.011
1780038697.1932378,50.011
1780038697.1991463,50.011
1780038697.2051837,50.011
1780038697.2112775,50.011
1780038697.217286,50.011
1780038697.223236,50.012
1780038697.2292583,50.011
1780038697.235179,50.011
1780038697.2412436,50.011
1780038697.247023,50.011
1780038697.2532516,50.011
1780038697.2592747,50.011
1780038697.26525,50.011
1780038697.2711704,50.011
1780038697.277251,50.011
1780038697.283161,50.011
1780038697.2892354,50.011
1780038697.295175,50.011
1780038697.3012614,50.011
1780038697.307224,50.01
1780038697.3132498,50.011
1780038697.3192375,50.01
1780038697.3252454,50.011
1780038697.3312564,50.011
1780038697.3372772,50.011
1780038697.343254,50.011
1780038697.349076,50.011
1780038697.3551853,50.011
1780038697.3612626,50.01
1780038697.3672512,50.01
1780038697.373254,50.01
1780038697.3792183,50.009
1780038697.385259,50.01
1780038697.3911555,50.009
1780038697.3972795,50.009
1780038697.4032543,50.009
1780038697.4092739,50.009
1780038697.4152658,50.009
1780038697.4211302,50.009
1780038697.4272194,50.009
1780038697.4332488,50.009
1780038697.4391856,50.008
1780038697.4452648,50.008
1780038697.4512239,50.008
1780038697.4571981,50.008
1780038697.463239,50.009
1780038697.469271,50.008
1780038697.4752443,50.009
1780038697.4812477,50.008
1780038697.4872737,50.008
1780038697.4930897,50.009
1780038697.4992027,50.008
1780038697.5052378,50.008
1780038697.511224,50.008
1780038697.5172505,50.008
1780038697.5232568,50.008
1780038697.529199,50.008
1780038697.5352483,50.007
1780038697.5412736,50.007
1780038697.5472593,50.007
1780038697.5532637,50.008
1780038697.55923,50.008
1780038697.5651674,50.008
1780038697.571176,50.008
1780038697.5772328,50.008
1780038697.583218,50.008
1780038697.5892313,50.008
1780038697.595264,50.008
1780038697.6012578,50.008
1780038697.6072683,50.008
1780038697.6130772,50.008
1780038697.619299,50.008
1780038697.6252465,50.008
1780038697.6312492,50.008
1780038697.6372638,50.007
1780038697.64324,50.008
1780038697.649243,50.008
1780038697.655251,50.007
1780038697.6611977,50.007
1780038697.6672602,50.006
1780038697.673256,50.006
1780038697.6793013,50.006
1780038697.6851995,50.006
1780038697.6912448,50.006
1780038697.697219,50.006
1780038697.7032328,50.006
1780038697.709242,50.007
1780038697.715272,50.007
1780038697.7212489,50.007
1780038697.7272644,50.006
1780038697.7331986,50.006
1780038697.7392957,50.006
1780038697.745247,50.006
1780038697.7512586,50.006
1780038697.7572558,50.005
1780038697.7632427,50.005
1780038697.769278,50.005
1780038697.7750678,50.005
1780038697.7811985,50.005
1780038697.787233,50.005
1780038697.7932544,50.005
1780038697.7992454,50.006
1780038697.8052483,50.005
1780038697.8111908,50.005
1780038697.8171747,50.005
1780038697.8231404,50.005
1780038697.8292656,50.005
1780038697.83519,50.005
1780038697.8413064,50.004
1780038697.8471804,50.005
1780038697.853261,50.005
1780038697.8592389,50.005
1780038697.8652503,50.005
1780038697.8712566,50.005
1780038697.8772736,50.005
1780038697.8832464,50.005
1780038697.8891358,50.005
1780038697.8951705,50.004
1780038697.9012463,50.004
1780038697.907252,50.004
1780038697.9133055,50.004
1780038697.9192595,50.004
1780038697.9252822,50.004
1780038697.9311125,50.004
1780038697.9372547,50.004
1780038697.9432669,50.004
1780038697.9492571,50.005
1780038697.9552715,50.004
1780038697.9611943,50.004
1780038697.9672167,50.004
1780038697.9732573,50.004
1780038697.979154,50.004
1780038697.9852626,50.004
1780038697.9912531,50.003
1780038697.99725,50.003
1780038698.0032797,50.003
1780038698.0091941,50.003
1780038698.0152638,50.003
1780038698.021169,50.003
1780038698.027285,50.002
1780038698.0332859,50.003
1780038698.0392332,50.003
1780038698.0451562,50.003
1780038698.0512276,50.003
1780038698.0571363,50.002
1780038698.0632513,50.002
1780038698.0692601,50.002
1780038698.0752785,50.001
1780038698.0811968,50.001
1780038698.0872939,50.001
1780038698.0931594,50.001
1780038698.0992405,50.001
1780038698.105217,50.002
1780038698.1112702,50.002
1780038698.1172612,50.003
1780038698.1232574,50.002
1780038698.1292582,50.002
1780038698.1351047,50.002
1780038698.1411884,50.002
1780038698.1472309,50.002
1780038698.1534433,50.002
1780038698.159287,50.002
1780038698.1652648,50.002
1780038698.1712604,50.002
1780038698.1771986,50.002
1780038698.1830602,50.002
1780038698.1887665,50.001
1780038698.1947303,50.002
1780038698.2003968,50.002
1780038698.2062645,50.002
1780038698.212002,50.002
1780038698.2179756,50.002
1780038698.2240949,50.001
1780038698.2300167,50.001
1780038698.2361572,50.001
1780038698.2421782,50.001
1780038698.2479818,50.001
1780038698.2541718,50.0
1780038698.2599666,50.0
1780038698.2660716,50.0
1780038698.2718287,50.0
1780038698.2780356,50.0
1780038698.284041,50.001
1780038698.2900386,50.001
1780038698.2959678,50.002
1780038698.3021412,50.002
1780038698.3079767,50.002
1780038698.314013,50.002
1780038698.3199797,50.001
1780038698.3261602,50.001
1780038698.3320315,50.001
1780038698.3381276,50.002
1780038698.3439658,50.002
1780038698.3500526,50.002
1780038698.3561244,50.002
1780038698.3621569,50.002
1780038698.368096,50.002
1780038698.3740249,50.003
1780038698.380065,50.002
1780038698.3858998,50.002
1780038698.391995,50.003
1780038698.3980124,50.002
1780038698.40408,50.002
1780038698.410114,50.002
1780038698.4160624,50.001
1780038698.4220557,50.002
1780038698.4281073,50.002
1780038698.433868,50.002
1780038698.4400973,50.002
1780038698.4459782,50.001
1780038698.4521205,50.001
1780038698.4579961,50.001
1780038698.464027,50.001
1780038698.4700372,50.001
1780038698.47615,50.001
1780038698.4821618,50.001
1780038698.4881284,50.001
1780038698.4940598,50.001
1780038698.5001438,50.0
1780038698.5059533,49.255
1780038698.5120435,49.255
1780038698.5180225,49.255
1780038698.524111,49.255
1780038698.5300484,49.255
1780038698.5360363,50.0
1780038698.5420415,50.0
1780038698.547929,50.0
1780038698.5540116,50.001
1780038698.560035,50.001
1780038698.566044,50.0
1780038698.5720448,50.0
1780038698.5780525,50.0
1780038698.5840778,50.0
1780038698.589975,50.0
1780038698.5962327,50.0
1780038698.6020455,50.0
1780038698.6080728,50.0
1780038698.6140504,50.0
1780038698.6200893,50.0
1780038698.6260293,50.001
1780038698.6319258,50.001
1780038698.6380124,50.001
1780038698.6440375,50.001
1780038698.6500285,50.001
1780038698.6560745,50.001
1780038698.6620202,50.0
1780038698.6680152,50.0
1780038698.6741188,50.0
1780038698.679938,50.0
1780038698.686304,50.0
1780038698.6920469,50.0
1780038698.6980233,50.0
1780038698.7040546,50.0
1780038698.7100432,50.0
1780038698.7161489,50.0
1780038698.722056,50.0
1780038698.7279756,50.0
1780038698.73403,50.001
1780038698.7400753,50.0
1780038698.746156,50.0
1780038698.7520318,50.0
1780038698.7581625,50.0
1780038698.7639482,50.0
1780038698.77004,50.0
1780038698.7760162,50.0
1780038698.7821555,50.0
1780038698.78817,50.0
1780038698.7940602,50.0
1780038698.800024,50.0
1780038698.8059292,50.0
1780038698.811997,50.0
1780038698.8180811,49.255
1780038698.8239322,49.255
1780038698.8301616,49.255
1780038698.8361118,49.255
1780038698.84205,49.254
1780038698.848092,49.255
1780038698.8539698,49.255
1780038698.860038,49.255
1780038698.8660283,49.255
1780038698.872027,50.0
1780038698.8781142,50.0
1780038698.8840637,49.255
1780038698.8899581,49.255
1780038698.8960118,49.255
1780038698.9019136,49.255
1780038698.907516,49.255
1780038698.9135807,49.254
1780038698.9195633,49.254
1780038698.9255812,49.254
1780038698.9312544,49.254
1780038698.937186,49.254
1780038698.942984,49.254
1780038698.948878,49.254
1780038698.9548686,49.254
1780038698.960871,49.254
1780038698.9668477,49.254
1780038698.9728312,49.254
1780038698.9788482,49.254
1780038698.9847777,49.254
1780038698.9908392,49.254
1780038698.9968588,49.254
1780038699.0027525,49.254
1780038699.0088756,49.254
1780038699.014873,49.253
1780038699.0208995,49.254
1780038699.0269532,49.253
1780038699.0327911,49.253
1780038699.0389278,49.253
1780038699.0447075,49.253
1780038699.0508327,49.253
1780038699.0568898,49.253
1780038699.0628352,49.253
1780038699.0688477,49.254
1780038699.0748327,49.254
1780038699.0807478,49.254
1780038699.0869436,49.254
1780038699.0928102,49.254
1780038699.0988228,49.254
1780038699.1047904,49.254
1780038699.1108694,49.253
1780038699.1167917,49.254
1780038699.1229415,49.254
1780038699.1287618,49.254
1780038699.1348548,49.254
1780038699.140827,49.254
1780038699.1468987,49.254
1780038699.1528275,49.254
1780038699.1588664,49.254
1780038699.164897,49.254
1780038699.170747,49.254
1780038699.17681,49.253
1780038699.182827,49.254
1780038699.188748,49.254
1780038699.1949139,49.254
1780038699.2008214,49.254
1780038699.2069135,49.254
1780038699.2129014,49.254
1780038699.2187283,49.254
1780038699.224842,49.254
1780038699.230887,49.254
1780038699.236887,49.255
1780038699.2428987,49.254
1780038699.248836,49.254
1780038699.2547512,49.254
1780038699.260799,49.254
1780038699.266839,49.254
1780038699.2729306,49.254
1780038699.2788045,49.253
1780038699.2848945,49.253
1780038699.2908242,49.253
1780038699.2968986,49.252
1780038699.3027484,49.252
1780038699.308879,49.251
1780038699.3148735,49.251
1780038699.320921,49.252
1780038699.326922,49.252
1780038699.3329313,49.253
1780038699.3389068,49.253
1780038699.3447688,49.253
1780038699.3508825,49.254
1780038699.3568752,49.254
1780038699.36278,49.254
1780038699.3689225,49.255
1780038699.3747892,49.255
1780038699.380905,49.255
1780038699.3868568,49.254
1780038699.3927982,49.254
1780038699.3988779,49.254
1780038699.4048061,49.254
1780038699.4108903,49.254
1780038699.4167945,49.255
1780038699.4228382,49.255
1780038699.428828,49.255
1780038699.4348836,49.254
1780038699.4407623,49.254
1780038699.4468374,49.255
1780038699.452813,49.254
1780038699.4588234,49.254
1780038699.4647405,49.254
1780038699.470971,49.254
1780038699.476826,49.254
1780038699.4829242,49.254
1780038699.4887831,49.254
1780038699.4948714,49.254
1780038699.5006552,49.254
1780038699.506914,49.254
1780038699.512852,49.255
1780038699.5189133,49.255
1780038699.5248942,49.255
1780038699.530776,49.255
1780038699.5368166,49.255
1780038699.542878,49.255
1780038699.5489323,49.255
1780038699.5549438,49.255
1780038699.560871,49.254
1780038699.5668545,49.254
1780038699.5729384,49.254
1780038699.5787783,49.254
1780038699.5849075,49.254
1780038699.5908718,49.254
1780038699.596814,49.254
1780038699.60287,49.254
1780038699.60888,49.255
1780038699.6148534,49.255
1780038699.6208355,49.255
1780038699.6267076,49.255
1780038699.6329339,49.255
1780038699.6387973,49.255
1780038699.6448944,49.254
1780038699.6507883,49.254
1780038699.6569104,49.255
1780038699.6628287,49.255
1780038699.6688998,49.255
1780038699.674689,49.254
1780038699.680813,49.254
1780038699.6868722,49.255
1780038699.6928532,49.255
1780038699.6988723,49.255
1780038699.7047849,49.255
1780038699.7108624,49.255
1780038699.7168853,49.255
1780038699.7227354,49.255
1780038699.7288733,49.254
1780038699.7348516,49.255
1780038699.740885,49.255
1780038699.7468636,49.255
1780038699.752764,49.254
1780038699.7589312,49.254
1780038699.7647169,49.255
1780038699.770876,49.254
1780038699.7768226,49.255
1780038699.7828574,49.255
1780038699.7889109,49.255
1780038699.7948403,49.255
1780038699.800759,49.255
1780038699.8069177,49.255
1780038699.812883,49.254
1780038699.818933,49.254
1780038699.8248558,49.254
1780038699.8308759,49.254
1780038699.836864,49.254
1780038699.8429108,49.254
1780038699.848802,49.255
1780038699.85493,49.255
1780038699.860701,49.255
1780038699.8670082,49.255
1780038699.8730073,49.254
1780038699.8789117,49.254
1780038699.8849185,49.254
1780038699.8907714,49.254
1780038699.8968534,49.254
1780038699.9028425,49.254
1780038699.9087877,49.254
1780038699.9149058,49.254
1780038699.9208112,49.254
1780038699.9270527,49.255
1780038699.9330876,49.255
1780038699.9388402,49.255
1780038699.9449246,49.255
1780038699.9507136,49.255
1780038699.9568248,49.255
1780038699.962844,49.255
1780038699.9688973,50.0
1780038699.9748902,49.255
1780038699.9808385,49.255
1780038699.986751,49.255
1780038699.9929328,49.255
1780038699.9988089,49.255
1780038700.0048594,49.255
1780038700.0107653,49.255
1780038700.0169342,49.255
1780038700.0228121,49.255
1780038700.028911,49.255
1780038700.0347931,49.255
1780038700.040873,49.255
1780038700.0468707,49.255
1780038700.0528617,49.254
1780038700.0588608,49.255
1780038700.0648935,49.255
1780038700.0708544,49.255
1780038700.0767665,49.255
1780038700.0828512,49.255
1780038700.088849,49.255
1780038700.0947554,49.255
1780038700.1009643,49.255
1780038700.106887,49.255
1780038700.1129305,49.255
1780038700.1189034,49.254
1780038700.1248379,49.255
1780038700.1309018,49.254
1780038700.1367755,49.254
1780038700.142919,49.254
1780038700.1488123,49.254
1780038700.154832,49.254
1780038700.160847,49.254
1780038700.166836,49.255
1780038700.1728585,49.254
1780038700.1788661,49.254
1780038700.1847978,49.255
1780038700.1908484,49.255
1780038700.1967478,49.254
1780038700.202877,49.254
1780038700.2088144,49.254
1780038700.2148888,49.254
1780038700.2207918,49.254
1780038700.2269065,49.254
1780038700.232711,49.255
1780038700.2389097,49.254
1780038700.2448862,49.254
1780038700.2509346,49.254
1780038700.2568932,49.255
1780038700.2628317,49.254
1780038700.2688258,49.255
1780038700.2749069,49.254
1780038700.2808156,49.254
1780038700.286887,49.254
1780038700.2929037,49.254
1780038700.2988682,49.254
1780038700.3049803,49.255
1780038700.3108852,49.254
1780038700.3169525,49.254
1780038700.3227582,49.253
1780038700.3288467,49.253
1780038700.334855,49.253
1780038700.3408523,49.253
1780038700.3469543,49.254
1780038700.3528981,49.254
1780038700.3588657,49.255
1780038700.364742,49.255
1780038700.37085,49.254
1780038700.3768957,49.254
1780038700.382847,49.253
1780038700.3889174,49.254
1780038700.394804,49.254
1780038700.4009173,49.254
1780038700.4067957,49.253
1780038700.412865,49.253
1780038700.4189224,49.253
1780038700.4247153,49.253
1780038700.4308507,49.253
1780038700.436821,49.253
1780038700.442927,49.253
1780038700.4488468,49.254
1780038700.4548614,49.254
1780038700.460753,49.255
1780038700.4668567,49.255
1780038700.472776,49.255
1780038700.4788797,49.255
1780038700.4847617,49.255
1780038700.4909258,49.255
1780038700.4968479,49.255
1780038700.5029583,50.0
1780038700.5087998,50.0
1780038700.5149167,49.255
1780038700.5209024,50.0
1780038700.5268831,50.0
1780038700.5328918,50.0
1780038700.5389178,49.255
1780038700.5448596,50.0
1780038700.550788,49.255
1780038700.5568614,49.255
1780038700.5629017,49.255
1780038700.5687997,49.254
1780038700.5748596,49.255
1780038700.5808115,49.255
1780038700.5869167,49.255
1780038700.5928605,49.255
1780038700.5987518,49.255
1780038700.6049278,49.255
1780038700.6107643,49.255
1780038700.61683,49.255
1780038700.6228397,49.255
1780038700.6289403,49.255
1780038700.6348865,49.255
1780038700.6409194,50.0
1780038700.6467292,50.0
1780038700.6528957,50.0
1780038700.658864,50.0
1780038700.6648626,49.255
1780038700.6708097,49.255
1780038700.6769965,49.255
1780038700.6828616,49.254
1780038700.6889129,49.254
1780038700.6948464,49.254
1780038700.7009509,49.253
1780038700.7067277,49.253
1780038700.7129557,49.254
1780038700.718891,49.253
1780038700.7248464,49.254
1780038700.7309318,49.254
1780038700.7368805,49.255
1780038700.7428718,49.255
1780038700.7487278,50.0
1780038700.7548177,50.0
1780038700.7609303,50.0
1780038700.7668257,50.0
1780038700.772948,50.0
1780038700.7790139,50.0
1780038700.784854,50.0
1780038700.790942,49.255
1780038700.796812,49.255
1780038700.8029368,49.254
1780038700.8087063,49.255
1780038700.8144228,49.255
1780038700.8203294,49.255
1780038700.8260355,50.0
1780038700.8319128,49.255
1780038700.8378692,50.0
1780038700.843789,50.0
1780038700.849686,50.0
1780038700.8556733,49.255
1780038700.8616455,49.255
1780038700.867768,49.255
1780038700.8736124,49.255
1780038700.8799534,50.0
1780038700.8857398,50.0
1780038700.891723,50.0
1780038700.8976247,50.0
1780038700.9036052,50.001
1780038700.9097383,50.001
1780038700.9157062,50.001
1780038700.9216828,50.001
1780038700.927735,50.001
1780038700.9336925,50.001
1780038700.939664,50.001
1780038700.9456897,50.001
1780038700.951707,50.001
1780038700.9576674,50.001
1780038700.9636173,50.001
1780038700.9697618,50.001
1780038700.9756734,50.001
1780038700.9817822,50.001
1780038700.9876747,50.001
1780038700.9937284,50.001
1780038700.9996154,50.001
1780038701.005689,50.001
1780038701.0114725,50.001
1780038701.017808,50.001
1780038701.023779,50.001
1780038701.0297663,50.001
1780038701.0357192,50.001
1780038701.0416179,50.001
1780038701.0476878,50.001
1780038701.0534961,50.002
1780038701.0596187,50.002
1780038701.065626,50.002
1780038701.0716197,50.002
1780038701.077733,50.001
1780038701.0837865,50.002
1780038701.0896487,50.002
1780038701.0957887,50.001
1780038701.1016934,50.001
1780038701.10773,50.001
1780038701.1135767,50.001
1780038701.1197064,50.001
1780038701.1256492,50.001
1780038701.1316664,50.001
1780038701.1377323,50.002
1780038701.1437092,50.002
1780038701.149716,50.002
1780038701.1556,50.002
1780038701.161648,50.001
1780038701.1677163,50.001
1780038701.173601,50.002
1780038701.1797585,50.002
1780038701.1856344,50.001
1780038701.1917024,50.001
1780038701.19764,50.002
