timestamp,gpu_power_w
1780412598.769355,33.066
1780412598.7751648,33.057
1780412598.7803733,33.065
1780412598.7856991,33.073
1780412598.7908807,33.085
1780412598.796814,33.096
1780412598.8027055,33.106
1780412598.807987,33.118
1780412598.8135066,33.127
1780412598.8190792,33.139
1780412598.824554,33.15
1780412598.830199,33.159
1780412598.835577,33.171
1780412598.8409348,33.18
1780412598.8461192,33.192
1780412598.8517992,33.204
1780412598.8572416,33.215
1780412598.8625927,33.233
1780412598.8679879,33.238
1780412598.8734562,33.242
1780412598.8788455,33.244
1780412598.8841915,33.245
1780412598.8896399,33.243
1780412598.894978,33.244
1780412598.9003859,33.245
1780412598.905806,33.246
1780412598.9112358,33.247
1780412598.916558,33.244
1780412598.9217808,33.246
1780412598.9273784,33.247
1780412598.93281,33.248
1780412598.9381573,33.245
1780412598.9435935,33.247
1780412598.9490225,33.248
1780412598.9544013,33.249
1780412598.9598198,33.251
1780412598.9652169,33.247
1780412598.9705462,33.248
1780412598.9759827,33.25
1780412598.9813683,33.251
1780412598.9867592,33.248
1780412598.9921677,33.249
1780412598.997592,33.25
1780412599.0030067,33.251
1780412599.0084102,33.251
1780412599.013708,33.249
1780412599.018914,33.25
1780412599.024583,33.251
1780412599.030044,33.252
1780412599.0353315,33.249
1780412599.0405934,33.25
1780412599.0461721,33.252
1780412599.0516152,33.253
1780412599.057007,33.254
1780412599.0624263,33.251
1780412599.0677369,33.252
1780412599.0729196,34.0
1780412599.078583,34.002
1780412599.084009,34.003
1780412599.0893755,34.006
1780412599.0947967,34.007
1780412599.1001751,34.008
1780412599.1055582,34.006
1780412599.1109753,34.007
1780412599.116449,34.008
1780412599.1217966,34.009
1780412599.1272092,34.01
1780412599.1325269,34.007
1780412599.137706,34.009
1780412599.1433625,34.009
1780412599.14884,34.011
1780412599.1541867,34.008
1780412599.1596153,34.009
1780412599.164981,34.01
1780412599.170444,34.011
1780412599.1757607,34.013
1780412599.1812067,34.011
1780412599.1865523,34.012
1780412599.1920094,34.013
1780412599.1974242,34.014
1780412599.2028394,34.012
1780412599.2082074,34.013
1780412599.2136118,34.015
1780412599.2189615,34.016
1780412599.2244034,34.018
1780412599.22975,34.015
1780412599.235012,34.016
1780412599.2405884,34.017
1780412599.2459803,34.019
1780412599.2513762,34.016
1780412599.2568455,34.017
1780412599.2621968,34.018
1780412599.267649,34.019
1780412599.273032,34.021
1780412599.278436,34.018
1780412599.2837808,34.019
1780412599.2892485,34.02
1780412599.2945662,34.022
1780412599.299964,34.019
1780412599.305385,34.02
1780412599.3108075,34.022
1780412599.3162143,34.023
1780412599.3216405,34.02
1780412599.326984,34.021
1780412599.3324156,34.023
1780412599.3378205,34.024
1780412599.343246,34.025
1780412599.348542,34.023
1780412599.3537264,34.024
1780412599.359323,34.025
1780412599.3645613,34.026
1780412599.3701804,34.024
1780412599.3756473,34.024
1780412599.3810112,34.026
1780412599.3864062,34.027
1780412599.3917575,34.028
1780412599.3969615,34.027
1780412599.4025764,34.028
1780412599.4080465,34.029
1780412599.4134176,34.03
1780412599.4188082,34.029
1780412599.424219,34.03
1780412599.4296525,34.031
1780412599.4350219,34.032
1780412599.4404426,34.034
1780412599.4458117,34.031
1780412599.451234,34.033
1780412599.456641,34.033
1780412599.4620523,34.034
1780412599.467402,34.033
1780412599.4728098,34.034
1780412599.478148,34.035
1780412599.483389,34.035
1780412599.489084,34.036
1780412599.4944131,34.033
1780412599.499883,34.034
1780412599.5058367,34.034
1780412599.5111935,34.036
1780412599.516562,34.031
1780412599.52211,34.032
1780412599.527583,34.032
1780412599.5334594,34.034
1780412599.5388386,34.029
1780412599.5441854,34.03
1780412599.5499737,34.031
1780412599.5557437,34.032
1780412599.5610476,34.033
1780412599.566412,34.028
1780412599.5718162,34.029
1780412599.5772562,34.03
1780412599.5826268,34.03
1780412599.5880451,34.026
1780412599.59336,34.027
1780412599.5987659,34.028
1780412599.6041992,34.029
1780412599.6096516,34.031
1780412599.6152654,34.026
1780412599.6211696,34.027
1780412599.6263974,34.027
1780412599.6318052,34.028
1780412599.6372583,34.023
1780412599.6428454,34.024
1780412599.648741,34.025
1780412599.6539986,34.026
1780412599.6594653,34.027
1780412599.664853,34.022
1780412599.670208,34.023
1780412599.676284,34.023
1780412599.6823163,34.024
1780412599.6876566,34.019
1780412599.6929815,34.02
1780412599.6984127,34.021
1780412599.703774,34.022
1780412599.7092168,34.019
1780412599.714539,34.019
1780412599.7197862,34.021
1780412599.7254066,34.021
1780412599.730813,34.023
1780412599.7362082,34.019
1780412599.7415886,34.02
1780412599.747021,34.021
1780412599.752447,34.022
1780412599.757806,34.021
1780412599.7632158,34.02
1780412599.7685375,34.022
1780412599.7737348,34.023
1780412599.7794106,34.024
1780412599.7848537,34.021
1780412599.7902129,34.022
1780412599.7956078,34.023
1780412599.801033,34.024
1780412599.8064854,34.021
1780412599.8117955,34.022
1780412599.8172562,34.023
1780412599.8225892,34.024
1780412599.8279862,34.026
1780412599.8333933,34.022
1780412599.8388526,34.024
1780412599.8442006,34.025
1780412599.8496194,34.026
1780412599.8549628,34.023
1780412599.8604019,34.024
1780412599.8658109,34.025
1780412599.8713167,34.026
1780412599.8769321,34.028
1780412599.8826554,34.024
1780412599.888023,34.025
1780412599.8933916,34.026
1780412599.8988223,34.027
1780412599.9041688,34.023
1780412599.9096465,34.024
1780412599.9149697,34.025
1780412599.9203718,34.026
1780412599.9258618,34.028
1780412599.9312572,34.025
1780412599.9365985,34.026
1780412599.9420183,34.027
1780412599.9473894,34.027
1780412599.9528074,34.025
1780412599.958234,34.026
1780412599.9636514,34.027
1780412599.968956,34.028
1780412599.9744456,34.029
1780412599.979764,34.026
1780412599.9850223,34.027
1780412599.9906194,34.028
1780412599.996016,34.029
1780412600.0013683,34.026
1780412600.0066109,34.027
1780412600.0122144,34.028
1780412600.0176587,34.029
1780412600.0230124,34.03
1780412600.028377,34.027
1780412600.0337307,34.028
1780412600.0389466,34.029
1780412600.0446203,34.03
1780412600.0500615,34.026
1780412600.0554454,34.027
1780412600.060824,34.028
1780412600.0661683,34.029
1780412600.0713665,34.033
1780412600.0770104,34.031
1780412600.0824163,34.032
1780412600.0878074,34.032
1780412600.0932217,34.034
1780412600.0985687,34.03
1780412600.104005,34.031
1780412600.1094024,34.032
1780412600.1148608,34.032
1780412600.1202297,34.033
1780412600.1256385,34.03
1780412600.1310186,34.031
1780412600.1364603,34.032
1780412600.1418135,34.033
1780412600.1472356,34.03
1780412600.152569,34.031
1780412600.157794,34.032
1780412600.1634238,34.032
1780412600.1688607,34.034
1780412600.1742084,34.03
1780412600.1796048,34.031
1780412600.1850188,34.032
1780412600.1904616,34.033
1780412600.1957607,34.031
1780412600.2009528,34.033
1780412600.2065494,34.033
1780412600.2117445,34.034
1780412600.2174375,34.036
1780412600.2227986,34.033
1780412600.2281492,34.034
1780412600.2333689,34.035
1780412600.2390141,34.036
1780412600.2444563,34.034
1780412600.2498329,34.035
1780412600.255264,34.036
1780412600.26058,34.037
1780412600.2659767,34.036
1780412600.271335,34.037
1780412600.2765417,34.038
1780412600.282493,34.038
1780412600.28835,34.039
1780412600.2936106,34.036
1780412600.2990215,34.037
1780412600.3044608,34.037
1780412600.3098133,34.038
1780412600.3152664,34.034
1780412600.320571,34.035
1780412600.3259695,34.036
1780412600.3314044,34.036
1780412600.3368623,34.037
1780412600.3422244,34.033
1780412600.3476243,34.034
1780412600.352975,34.035
1780412600.358411,34.035
1780412600.3637993,34.034
1780412600.3692608,34.033
1780412600.374679,34.033
1780412600.380029,34.034
1780412600.3853803,34.035
1780412600.3908072,34.031
1780412600.3962145,34.032
1780412600.4022727,34.032
1780412600.40837,34.033
1780412600.4136975,34.028
1780412600.4192939,34.028
1780412600.4251888,34.029
1780412600.4304883,34.03
1780412600.4359725,34.031
1780412600.4418232,34.027
1780412600.4472215,34.041
1780412600.4525535,34.057
1780412600.457775,34.077
1780412600.463402,34.093
1780412600.468807,34.113
1780412600.4741433,34.13
1780412600.4793227,34.149
1780412600.4849634,34.168
1780412600.4901764,34.179
1780412600.4958,34.184
1780412600.501327,34.184
1780412600.5065737,34.185
1780412600.5120094,34.182
1780412600.517448,34.182
1780412600.5228648,34.182
1780412600.5282137,34.182
1780412600.5335808,34.183
1780412600.538955,34.18
1780412600.544477,34.18
1780412600.5498173,34.18
1780412600.5552666,34.18
1780412600.5606096,34.178
1780412600.566029,34.178
1780412600.5713546,34.178
1780412600.5765543,34.178
1780412600.582173,34.179
1780412600.587378,34.175
1780412600.5929587,34.175
1780412600.5981562,34.175
1780412600.6038024,34.175
1780412600.609176,34.172
1780412600.614547,34.172
1780412600.619786,34.172
1780412600.6254113,34.172
1780412600.6308424,34.169
1780412600.6361976,34.169
1780412600.641664,34.169
1780412600.6470175,34.169
1780412600.6524239,34.169
1780412600.6577482,34.165
1780412600.6630077,34.165
1780412600.6686404,34.165
1780412600.67406,34.165
1780412600.6793725,34.162
1780412600.6847742,34.163
1780412600.6902049,34.163
1780412600.695633,34.162
1780412600.701018,34.163
1780412600.706415,34.16
1780412600.7117455,34.16
1780412600.7169802,34.16
1780412600.7226164,34.16
1780412600.7280622,34.157
1780412600.7334018,34.158
1780412600.7388277,34.158
1780412600.744198,34.157
1780412600.749627,34.158
1780412600.7550194,34.155
1780412600.7604685,34.155
1780412600.7658126,34.155
1780412600.7712026,34.155
1780412600.776591,34.152
1780412600.7820776,34.152
1780412600.7874384,34.152
1780412600.7928658,34.151
1780412600.7982552,34.152
1780412600.8036485,34.149
1780412600.8090315,34.149
1780412600.814472,34.148
1780412600.8198225,34.148
1780412600.8252356,34.146
1780412600.830606,34.146
1780412600.8360434,34.146
1780412600.8414295,34.146
1780412600.8468728,34.145
1780412600.8521945,34.142
1780412600.8575838,34.142
1780412600.8630114,34.142
1780412600.8684692,34.142
1780412600.8737853,34.139
1780412600.879263,34.139
1780412600.8845804,34.139
1780412600.8900218,34.138
1780412600.895498,34.139
1780412600.9008336,34.136
1780412600.9062095,34.136
1780412600.9116316,34.136
1780412600.9169781,34.136
1780412600.9224167,34.134
1780412600.9278276,34.134
1780412600.9332786,34.134
1780412600.9386117,34.134
1780412600.9440048,34.131
1780412600.9494011,34.132
1780412600.9548705,34.132
1780412600.960248,34.132
1780412600.9656658,34.132
1780412600.9709644,34.129
1780412600.976162,34.13
1780412600.981827,34.13
1780412600.9872737,34.129
1780412600.99261,34.127
1780412600.9979959,34.128
1780412601.0033748,34.128
1780412601.0086129,34.128
1780412601.014235,34.128
1780412601.0196753,34.125
1780412601.0250158,34.126
1780412601.0304294,34.126
1780412601.0358503,34.125
1780412601.0412686,34.123
1780412601.0466383,34.124
1780412601.0520434,34.124
1780412601.057384,34.123
1780412601.0626225,34.124
1780412601.0681796,34.122
1780412601.0733817,34.125
1780412601.0789893,34.125
1780412601.0842125,34.124
1780412601.0898132,34.121
1780412601.0952783,34.122
1780412601.100596,34.122
1780412601.105994,34.122
1780412601.1114697,34.122
1780412601.1168654,34.12
1780412601.1222134,34.12
1780412601.1276364,34.12
1780412601.1329849,34.12
1780412601.1384242,34.118
1780412601.1438522,34.118
1780412601.1492708,34.118
1780412601.1546357,34.118
1780412601.1600401,34.116
1780412601.1653454,34.114
1780412601.1705961,34.114
1780412601.1763048,34.114
1780412601.1816926,34.114
1780412601.1870055,34.111
1780412601.1924708,34.111
1780412601.1977775,34.111
1780412601.2032256,34.111
1780412601.2087104,34.112
1780412601.2140386,34.109
1780412601.2193768,34.109
1780412601.2246177,34.109
1780412601.2301786,34.109
1780412601.235425,34.107
1780412601.2410161,34.107
1780412601.2464366,34.107
1780412601.251768,34.107
1780412601.2570202,34.104
1780412601.2626104,34.105
1780412601.268037,34.105
1780412601.2734034,34.105
1780412601.2787833,34.105
1780412601.2842185,34.103
1780412601.289675,34.103
1780412601.2950199,34.103
1780412601.300433,34.103
1780412601.3057873,34.101
1780412601.3112097,34.101
1780412601.3166215,34.101
1780412601.3221292,34.101
1780412601.3278081,34.101
1780412601.3334394,34.097
1780412601.338843,34.097
1780412601.3441775,34.097
1780412601.3494241,34.097
1780412601.3550165,34.094
1780412601.360479,34.094
1780412601.3657875,34.094
1780412601.3711834,34.094
1780412601.3766265,34.094
1780412601.3820734,34.091
1780412601.3874178,34.092
1780412601.3928428,34.092
1780412601.398197,34.091
1780412601.403621,34.088
1780412601.409016,34.089
1780412601.4144752,34.089
1780412601.419861,34.089
1780412601.4252405,34.089
1780412601.4305491,34.086
1780412601.4357889,34.086
1780412601.4414132,34.086
1780412601.4468405,34.086
1780412601.452159,34.083
1780412601.4573367,34.084
1780412601.4629374,34.084
1780412601.4681597,34.083
1780412601.4738069,34.084
1780412601.4792411,34.08
1780412601.4845638,34.08
1780412601.4898045,34.08
1780412601.4954352,34.08
1780412601.5008378,34.076
1780412601.5062265,34.076
1780412601.5116427,34.076
1780412601.517005,34.076
1780412601.5224438,34.077
1780412601.5278122,34.072
1780412601.5332353,34.073
1780412601.5386143,34.073
1780412601.5440433,34.074
1780412601.5494072,34.071
1780412601.5548706,34.069
1780412601.5602243,34.07
1780412601.5656433,34.069
1780412601.571,34.069
1780412601.5764296,34.066
1780412601.5818284,34.066
1780412601.587282,34.067
1780412601.5926356,34.066
1780412601.5980473,34.064
1780412601.60337,34.062
1780412601.6086118,34.063
1780412601.6142633,34.063
1780412601.6196818,34.063
1780412601.6250272,34.059
1780412601.6304538,34.059
1780412601.635835,34.059
1780412601.6412525,34.059
1780412601.6467257,34.06
1780412601.652041,34.056
1780412601.6573915,34.056
1780412601.662943,34.055
1780412601.6685064,34.055
1780412601.674242,34.049
1780412601.679649,34.049
1780412601.68501,34.049
1780412601.6903913,34.049
1780412601.695907,34.05
1780412601.7012432,34.045
1780412601.706555,34.045
1780412601.711725,34.045
1780412601.7173345,34.045
1780412601.7225044,34.041
1780412601.7282023,34.042
1780412601.7336414,34.042
1780412601.7389774,34.042
1780412601.7442193,34.043
1780412601.7498114,34.038
1780412601.7552812,34.038
1780412601.7608886,34.038
1780412601.7667663,34.038
1780412601.772031,34.033
1780412601.777375,34.034
1780412601.782693,34.034
1780412601.7883992,34.033
1780412601.7942808,34.034
1780412601.7996237,34.029
1780412601.8050213,34.029
1780412601.8107736,34.029
1780412601.8165557,34.029
1780412601.821863,34.023
1780412601.8272574,34.024
1780412601.8326352,34.024
1780412601.8383963,34.024
1780412601.8442118,34.025
1780412601.8497858,34.019
1780412601.8556943,34.019
1780412601.8616984,34.019
1780412601.8676038,34.02
1780412601.872858,34.015
1780412601.878265,34.017
1780412601.8836825,34.019
1780412601.8890376,34.021
1780412601.8944926,34.023
1780412601.8998027,34.019
1780412601.9051955,34.019
1780412601.9106326,34.019
1780412601.9160821,34.02
1780412601.921624,34.015
1780412601.9274693,34.016
1780412601.9328732,34.016
1780412601.9382741,34.016
1780412601.9436922,34.017
1780412601.949258,33.251
1780412601.955039,34.0
1780412601.9604506,34.011
1780412601.965794,34.019
1780412601.9709885,34.029
1780412601.976654,34.038
1780412601.9824424,34.049
1780412601.9887729,34.061
1780412601.9947193,34.071
1780412602.0000298,34.082
1780412602.0053737,34.091
1780412602.0106332,34.102
1780412602.0162635,34.11
1780412602.0216327,34.121
1780412602.0271187,34.131
1780412602.0324893,34.142
1780412602.0377872,34.159
1780412602.0430167,34.161
1780412602.0486991,34.165
1780412602.054028,34.165
1780412602.0594199,34.165
1780412602.0648851,34.161
1780412602.070197,34.164
1780412602.0754266,34.166
1780412602.081011,34.166
1780412602.0863974,34.167
1780412602.0918436,34.163
1780412602.0972908,34.163
1780412602.1026132,34.163
1780412602.1080105,34.164
1780412602.113383,34.16
1780412602.1186187,34.16
1780412602.1242452,34.161
1780412602.129689,34.16
1780412602.1351016,34.161
1780412602.1404264,34.156
1780412602.1457846,34.157
1780412602.1510322,34.156
1780412602.1566734,34.156
1780412602.1621108,34.152
1780412602.1674354,34.153
1780412602.1728268,34.153
1780412602.178235,34.152
1780412602.1836967,34.153
1780412602.1890447,34.148
1780412602.1944554,34.149
1780412602.1998513,34.148
1780412602.2052672,34.148
1780412602.2106125,34.145
1780412602.2160864,34.146
1780412602.2214527,34.145
1780412602.226853,34.145
1780412602.232265,34.146
1780412602.237761,34.142
1780412602.2430644,34.142
1780412602.248487,34.142
1780412602.253842,34.142
1780412602.259238,34.138
1780412602.2646654,34.138
1780412602.270085,34.138
1780412602.2754261,34.138
1780412602.2808557,34.135
1780412602.286189,34.135
1780412602.2914302,34.135
1780412602.297067,34.135
1780412602.3024466,34.135
1780412602.3078344,34.131
1780412602.3132513,34.134
1780412602.3186097,34.137
1780412602.3240325,34.142
1780412602.329431,34.148
1780412602.3348684,34.154
1780412602.3401947,34.155
1780412602.3455987,34.155
1780412602.3510396,34.155
1780412602.3564882,34.151
1780412602.3618336,34.152
1780412602.3672576,34.152
1780412602.3726027,34.152
1780412602.3778462,34.148
1780412602.3834288,34.148
1780412602.3888922,34.148
1780412602.3942919,34.148
1780412602.3996577,34.149
1780412602.4049907,34.144
1780412602.4102495,34.145
1780412602.4158409,34.144
1780412602.4212904,34.144
1780412602.4265985,34.14
1780412602.4320025,34.141
1780412602.4374428,34.141
1780412602.4428904,34.141
1780412602.448271,34.141
1780412602.4536552,34.137
1780412602.4589915,34.137
1780412602.4642055,34.137
1780412602.469809,34.137
1780412602.4750452,34.133
1780412602.4806151,34.134
1780412602.4860759,34.134
1780412602.4914334,34.134
1780412602.496859,34.135
1780412602.5021925,34.131
1780412602.5074508,34.131
1780412602.5130317,34.131
1780412602.5184639,34.131
1780412602.5238159,34.127
1780412602.5292506,34.128
1780412602.534664,34.128
1780412602.5400443,34.128
1780412602.54547,34.129
1780412602.5508628,34.125
1780412602.5562477,34.125
1780412602.5616975,34.125
1780412602.5670571,34.125
1780412602.5724623,34.121
1780412602.57791,34.121
1780412602.5832975,34.121
1780412602.588649,34.121
1780412602.594125,34.121
1780412602.5994105,34.117
1780412602.6048298,34.118
1780412602.6102278,34.117
1780412602.6156912,34.118
1780412602.6210544,34.114
1780412602.6264973,34.114
1780412602.6318042,34.114
1780412602.6372445,34.114
1780412602.642722,34.115
1780412602.6481194,34.111
1780412602.653448,34.111
1780412602.6588585,34.111
1780412602.6642265,34.112
1780412602.6696503,34.108
1780412602.6750536,34.108
1780412602.680501,34.109
1780412602.6858566,34.108
1780412602.6912677,34.105
1780412602.69662,34.105
1780412602.702067,34.106
1780412602.7074633,34.106
1780412602.7128901,34.106
1780412602.7182217,34.103
1780412602.7236536,34.104
1780412602.7290103,34.104
1780412602.7342508,34.104
1780412602.7398233,34.101
1780412602.745259,34.101
1780412602.7506032,34.101
1780412602.7558415,34.101
1780412602.7614677,34.101
1780412602.766891,34.098
1780412602.7722504,34.099
1780412602.777661,34.099
1780412602.7830472,34.099
1780412602.7884939,34.095
1780412602.7938483,34.096
1780412602.7993047,34.096
1780412602.804622,34.096
1780412602.810023,34.097
1780412602.815396,34.093
1780412602.820595,34.093
1780412602.826229,34.093
1780412602.8315969,34.093
1780412602.836967,34.09
1780412602.8421538,34.091
1780412602.847754,34.091
1780412602.8529487,34.091
1780412602.8586543,34.092
1780412602.8640122,34.089
1780412602.8693852,34.09
1780412602.8746297,34.09
1780412602.880249,34.09
1780412602.885696,34.088
1780412602.8910406,34.089
1780412602.8964756,34.089
1780412602.9018514,34.089
1780412602.9072804,34.087
1780412602.912638,34.088
1780412602.9180834,34.088
1780412602.9234068,34.088
1780412602.9286413,34.088
1780412602.9342477,34.086
1780412602.9397013,34.086
1780412602.9450593,34.086
1780412602.9504652,34.086
1780412602.955793,34.082
1780412602.9609954,34.083
1780412602.966815,34.083
1780412602.972661,34.083
1780412602.978082,34.084
1780412602.9834394,34.078
1780412602.9888217,34.079
1780412602.994255,34.079
1780412602.9997036,34.079
1780412603.0049894,34.075
1780412603.0108519,34.076
1780412603.017192,34.076
1780412603.023156,34.076
1780412603.0284903,34.072
1780412603.0338347,34.072
1780412603.0393038,34.073
1780412603.0446196,34.073
1780412603.0500107,34.073
1780412603.0553727,34.068
1780412603.060682,34.069
1780412603.06635,34.068
1780412603.0722783,34.071
1780412603.0776882,34.068
1780412603.0830777,34.069
1780412603.0884984,34.07
1780412603.0938644,34.07
1780412603.0992668,34.07
1780412603.1045668,34.068
1780412603.1097472,34.068
1780412603.1153984,34.069
1780412603.1208792,34.069
1780412603.1262043,34.067
1780412603.1316135,34.068
1780412603.1370277,34.069
1780412603.1425035,34.068
1780412603.1478798,34.069
1780412603.153258,34.064
1780412603.158613,34.064
1780412603.1642206,34.064
1780412603.1697598,34.064
1780412603.1754162,34.059
1780412603.1808143,34.06
1780412603.1862178,34.06
1780412603.1917796,34.059
1780412603.197323,34.06
1780412603.2032826,34.054
1780412603.209163,34.055
1780412603.21445,34.055
1780412603.219835,34.055
1780412603.2253017,34.049
1780412603.2306657,34.049
1780412603.2360423,34.05
1780412603.241405,34.05
1780412603.2466416,34.051
1780412603.2522688,34.047
1780412603.2579527,34.047
1780412603.2637742,34.048
1780412603.269025,34.049
1780412603.2745097,34.044
1780412603.2798746,34.044
1780412603.2853088,34.045
1780412603.2906547,34.045
1780412603.2960954,34.047
1780412603.3014064,34.042
1780412603.3066957,34.042
1780412603.3123624,34.043
1780412603.318291,34.044
1780412603.323696,34.039
1780412603.329113,34.039
1780412603.3347666,34.04
1780412603.3405726,34.04
1780412603.3458798,34.042
1780412603.3512368,34.036
1780412603.3566365,34.036
1780412603.3621275,34.036
1780412603.3674667,34.036
1780412603.3728714,34.031
1780412603.3782353,34.032
1780412603.3836505,34.032
1780412603.3890789,34.032
1780412603.394502,34.033
1780412603.3998566,34.028
1780412603.405264,34.029
1780412603.4106674,34.029
1780412603.4161358,34.03
1780412603.4214463,34.025
1780412603.4269052,34.026
1780412603.432242,34.027
1780412603.4376473,34.027
1780412603.4430454,34.028
1780412603.4485085,34.025
1780412603.4538693,34.025
1780412603.4592738,34.025
1780412603.4646115,34.025
1780412603.4698527,34.022
1780412603.475443,34.023
1780412603.480907,34.023
1780412603.48628,34.023
1780412603.4917052,34.024
1780412603.4970427,34.021
1780412603.502472,34.022
1780412603.5078151,34.022
1780412603.513055,34.022
1780412603.5186512,34.019
1780412603.5241253,34.019
1780412603.5294352,34.02
1780412603.5348713,34.02
1780412603.5404086,34.021
1780412603.5457048,34.017
1780412603.551055,34.018
1780412603.5565116,34.018
1780412603.561862,34.018
1780412603.5673962,34.015
1780412603.572684,34.016
1780412603.578123,34.016
1780412603.5834737,34.017
1780412603.5889134,34.018
1780412603.5943651,34.014
1780412603.5997214,34.015
1780412603.605045,34.015
1780412603.6105106,34.016
1780412603.615856,34.013
1780412603.6212726,34.014
1780412603.6265898,34.015
1780412603.63183,34.015
1780412603.63745,34.016
1780412603.6429038,34.013
1780412603.64825,34.014
1780412603.653676,34.014
1780412603.6590068,34.014
1780412603.6642554,34.012
1780412603.6698523,34.013
1780412603.6752875,34.013
1780412603.6806114,34.013
1780412603.685863,34.015
1780412603.6914654,34.012
1780412603.6969135,34.012
1780412603.7022164,34.013
1780412603.7076592,34.014
1780412603.7130368,34.011
1780412603.7184281,34.012
1780412603.7238448,34.012
1780412603.7293148,34.013
1780412603.7347481,34.014
1780412603.7401323,34.012
1780412603.7454667,34.012
1780412603.7509134,34.012
1780412603.7562416,34.013
1780412603.7616427,34.011
1780412603.767086,34.012
1780412603.7725067,34.012
1780412603.7778735,34.012
1780412603.7833936,34.01
1780412603.788704,34.01
1780412603.7941332,34.011
1780412603.799456,34.011
1780412603.8049138,34.012
1780412603.8102622,34.009
1780412603.8156695,34.011
1780412603.8210566,34.011
1780412603.8265157,34.012
1780412603.8318372,34.011
1780412603.8373077,34.01
1780412603.8426225,34.011
1780412603.8480258,34.011
1780412603.8534281,34.012
1780412603.8589044,34.009
1780412603.8642485,34.01
1780412603.8696713,34.011
1780412603.8750427,34.011
1780412603.8804643,34.008
1780412603.885845,34.009
1780412603.8913107,34.01
1780412603.8966656,34.01
1780412603.9020889,34.011
1780412603.9073997,34.009
1780412603.9126606,34.01
1780412603.9182904,34.011
1780412603.9237084,34.011
1780412603.9290335,34.008
1780412603.9344301,34.009
1780412603.9398127,34.01
1780412603.9450648,34.01
1780412603.950662,34.011
1780412603.9560947,34.008
1780412603.9614067,34.009
1780412603.9666486,34.009
1780412603.9723158,34.01
1780412603.977707,34.007
1780412603.983039,34.008
1780412603.9884443,34.009
1780412603.9938123,34.009
1780412603.9990563,34.01
1780412604.004679,34.007
1780412604.0101383,34.008
1780412604.015437,34.008
1780412604.0208316,34.009
1780412604.026264,34.006
1780412604.0317187,34.007
1780412604.0370595,34.007
1780412604.0424788,34.008
1780412604.047874,34.009
1780412604.0532606,34.007
1780412604.0586674,34.008
1780412604.064134,34.008
1780412604.0694492,34.011
1780412604.0748243,34.011
1780412604.08024,34.012
1780412604.0856621,34.012
1780412604.09106,34.013
1780412604.096518,34.013
1780412604.101858,34.011
1780412604.1073954,34.012
1780412604.1126983,34.012
1780412604.118133,34.013
1780412604.1234484,34.01
1780412604.1289144,34.011
1780412604.1342642,34.012
1780412604.1396751,34.012
1780412604.1451266,34.013
1780412604.150521,34.01
1780412604.1558645,34.011
1780412604.161319,34.011
1780412604.1666205,34.012
1780412604.1718762,34.01
1780412604.1775515,34.011
1780412604.1829195,34.011
1780412604.1882994,34.012
1780412604.193715,34.009
1780412604.199057,34.01
1780412604.2044811,34.011
1780412604.2098067,34.011
1780412604.2150488,34.012
1780412604.2206635,34.009
1780412604.2261422,34.009
1780412604.2314253,34.01
1780412604.2366686,34.01
1780412604.242277,34.008
1780412604.2477212,34.008
1780412604.2530854,34.009
1780412604.2584722,34.01
1780412604.2638254,34.011
1780412604.2690704,34.008
1780412604.2747297,34.009
1780412604.2801435,34.01
1780412604.2854977,34.01
1780412604.2908723,34.008
1780412604.2963338,34.008
1780412604.3017201,34.009
1780412604.3070807,34.009
1780412604.3125226,34.011
1780412604.317865,34.008
1780412604.323286,34.009
1780412604.3286786,34.009
1780412604.334141,34.01
1780412604.3394465,34.007
1780412604.3449159,34.008
1780412604.3502471,34.009
1780412604.3556767,34.009
1780412604.3610373,34.011
1780412604.366505,34.008
1780412604.3718512,34.009
1780412604.3772838,34.009
1780412604.3826044,34.009
1780412604.3878481,34.007
1780412604.3935027,34.008
1780412604.3989153,34.008
1780412604.4042735,34.009
1780412604.4096913,34.01
1780412604.4150403,34.007
1780412604.4205163,34.008
1780412604.425877,34.009
1780412604.4313226,34.01
1780412604.4366336,34.007
1780412604.442069,34.008
1780412604.4474583,34.008
1780412604.4529204,34.009
1780412604.4583292,34.01
1780412604.4636898,34.01
1780412604.4690335,34.012
1780412604.4744709,34.015
1780412604.4798777,34.017
1780412604.4853256,34.016
1780412604.4906511,34.017
1780412604.4960425,34.017
1780412604.5014634,34.017
1780412604.5069215,34.016
1780412604.5122995,34.018
1780412604.5177178,34.021
1780412604.5230327,34.023
1780412604.5284328,34.026
1780412604.5338297,34.024
1780412604.5390754,34.025
1780412604.5446677,34.025
1780412604.5501087,34.026
1780412604.5554295,34.023
1780412604.5606306,34.024
1780412604.5662587,34.025
1780412604.5717213,34.025
1780412604.5770736,34.026
1780412604.5824664,34.024
1780412604.5878737,34.024
1780412604.5933225,34.024
1780412604.5986736,34.025
1780412604.604145,34.023
1780412604.6094317,34.023
1780412604.6148357,34.024
1780412604.6202168,34.024
1780412604.6254358,34.025
1780412604.6310737,34.022
1780412604.6364846,34.023
1780412604.6418068,34.023
1780412604.6470466,34.024
1780412604.6526716,34.021
1780412604.6581523,34.022
1780412604.6634622,34.023
1780412604.6688805,34.023
1780412604.674323,34.023
1780412604.6797228,34.023
1780412604.6850674,34.025
1780412604.6904898,34.027
1780412604.6958127,34.029
1780412604.7010565,34.028
1780412604.7066743,34.029
1780412604.7120788,34.03
1780412604.7174902,34.03
1780412604.7228925,34.031
1780412604.728243,34.028
1780412604.7336326,34.029
1780412604.7390707,34.029
1780412604.7445283,34.03
1780412604.7498858,34.027
1780412604.7552924,34.028
1780412604.7606623,34.028
1780412604.766146,34.028
1780412604.77149,34.029
1780412604.776923,34.027
1780412604.782267,34.028
1780412604.787664,34.028
1780412604.7930765,34.029
1780412604.798525,34.027
1780412604.8039055,34.029
1780412604.8092918,34.032
1780412604.814631,34.034
1780412604.8198717,34.037
1780412604.825491,34.035
1780412604.8309283,34.035
1780412604.8362973,34.036
1780412604.8416853,34.036
1780412604.847016,34.033
1780412604.8522646,34.034
1780412604.8578918,34.034
1780412604.8633263,34.034
1780412604.868704,34.035
1780412604.8741257,34.032
1780412604.8794615,34.033
1780412604.8849251,34.033
1780412604.890304,34.033
1780412604.8956864,34.031
1780412604.9010744,34.032
1780412604.9064922,34.032
1780412604.9118547,34.032
1780412604.917327,34.033
1780412604.9226885,34.03
1780412604.928114,34.031
1780412604.9334407,34.031
1780412604.9388804,34.032
1780412604.9442835,34.029
1780412604.949732,34.03
1780412604.9550738,34.031
1780412604.9604714,34.031
1780412604.9659371,34.032
1780412604.9713032,34.029
1780412604.9766634,34.029
1780412604.9821134,34.03
1780412604.987425,34.03
1780412604.9926682,34.028
1780412604.9983149,34.028
1780412605.0037274,34.028
1780412605.0090754,34.029
1780412605.0144951,34.029
1780412605.019818,34.027
1780412605.0250626,34.027
1780412605.0306814,34.027
1780412605.036112,34.028
1780412605.041437,34.025
1780412605.046678,34.026
1780412605.0522914,34.026
1780412605.0577352,34.027
1780412605.063113,34.028
1780412605.0685124,34.028
1780412605.0738437,34.032
1780412605.0793207,34.035
1780412605.084685,34.037
1780412605.090133,34.035
1780412605.095526,34.036
1780412605.1009333,34.037
1780412605.1063771,34.037
1780412605.1117408,34.036
1780412605.1171246,34.019
1780412605.1225345,34.022
1780412605.1278791,34.03
1780412605.133296,34.041
1780412605.138641,34.05
1780412605.1441958,34.059
1780412605.14985,34.068
1780412605.1557386,34.079
1780412605.161731,34.09
1780412605.167656,34.098
1780412605.1728847,34.109
1780412605.178291,34.117
1780412605.1837373,34.129
1780412605.1891193,34.137
1780412605.1945038,34.149
1780412605.1998885,34.158
1780412605.2053108,34.177
1780412605.2106478,34.18
1780412605.2161431,34.184
1780412605.2217808,34.184
1780412605.227816,34.185
1780412605.2334397,34.181
1780412605.2387533,34.18
1780412605.2444477,34.18
1780412605.250349,34.18
1780412605.255722,34.175
1780412605.26107,34.175
1780412605.2668118,34.175
1780412605.2726073,34.174
1780412605.277832,34.174
1780412605.2830791,34.168
1780412605.2886922,34.168
1780412605.2941556,34.168
1780412605.299517,34.167
1780412605.3048878,34.164
1780412605.3102062,34.164
1780412605.3155146,34.163
1780412605.3213127,34.162
1780412605.327208,34.163
1780412605.3324802,34.158
1780412605.3378735,34.158
1780412605.3433375,34.157
1780412605.3486955,34.157
1780412605.354114,34.152
1780412605.3595347,34.154
1780412605.3649218,34.155
1780412605.3702917,34.157
1780412605.3757288,34.16
1780412605.381078,34.154
1780412605.3864968,34.154
1780412605.3918555,34.154
1780412605.3972788,34.154
1780412605.402657,34.15
1780412605.4088922,34.15
1780412605.4147725,34.15
1780412605.4200919,34.15
1780412605.4254653,34.149
1780412605.4309373,34.145
1780412605.4362998,34.145
1780412605.441699,34.145
1780412605.447023,34.145
1780412605.4522648,34.141
1780412605.4578798,34.142
1780412605.4633389,34.142
1780412605.4686856,34.141
1780412605.4741082,34.137
1780412605.4795218,34.138
1780412605.4849477,34.139
1780412605.4903574,34.14
1780412605.4957016,34.143
1780412605.5011134,34.154
1780412605.5064688,34.176
1780412605.5118356,34.193
1780412605.5170155,34.213
1780412605.5226088,34.227
1780412605.5278306,34.246
1780412605.533431,35.007
1780412605.5386355,35.028
1780412605.544202,35.042
1780412605.5493758,35.053
1780412605.5550015,35.057
1780412605.5601637,35.056
1780412605.565821,35.056
1780412605.5709858,35.053
1780412605.5766597,35.054
1780412605.5821533,35.054
1780412605.5874994,35.054
1780412605.5929418,35.055
1780412605.598284,35.051
1780412605.603716,35.051
1780412605.6091173,35.05
1780412605.6144955,35.05
1780412605.619888,35.045
1780412605.6254172,35.045
1780412605.6307685,35.045
1780412605.6361454,35.044
1780412605.6415205,35.044
1780412605.6468823,35.04
1780412605.652338,35.04
1780412605.657749,35.039
1780412605.6631236,35.039
1780412605.6685016,35.036
1780412605.6739304,35.036
1780412605.6793065,35.035
1780412605.684633,35.034
1780412605.6898775,35.03
1780412605.695431,35.03
1780412605.7006865,35.029
1780412605.7063677,35.029
1780412605.7116983,35.029
1780412605.7170753,35.026
1780412605.7225406,35.026
1780412605.728052,35.025
1780412605.7339025,35.024
1780412605.7393162,35.019
1780412605.7446394,35.019
1780412605.7502158,35.018
1780412605.7557619,35.016
1780412605.7615497,35.017
1780412605.7668905,35.012
1780412605.7722888,35.012
1780412605.777741,35.011
1780412605.783136,35.011
1780412605.788543,35.006
1780412605.7939072,35.006
1780412605.7992935,35.005
1780412605.8047113,35.005
1780412605.810143,35.005
1780412605.8154907,34.255
1780412605.8208995,34.255
1780412605.8262527,34.254
1780412605.8314579,34.254
1780412605.8370538,34.249
1780412605.8429153,34.248
1780412605.8492463,34.247
1780412605.8551757,34.247
1780412605.86053,34.241
1780412605.865873,34.241
1780412605.871345,34.241
1780412605.8769472,34.24
1780412605.882852,34.241
1780412605.888091,34.234
1780412605.8935204,34.233
1780412605.89894,34.232
1780412605.9042957,34.232
1780412605.9097435,34.227
1780412605.91505,34.227
1780412605.9204483,34.227
1780412605.9258795,34.226
1780412605.931346,34.226
1780412605.9367032,34.221
1780412605.9421082,34.221
1780412605.9474497,34.22
1780412605.952687,34.219
1780412605.95828,34.214
1780412605.963745,34.214
1780412605.9693475,34.214
1780412605.9752846,34.213
1780412605.9804926,34.214
1780412605.9859555,34.208
1780412605.9913454,34.207
1780412605.9969587,34.207
1780412606.0028672,34.207
1780412606.008163,34.2
1780412606.0140743,34.2
1780412606.0195975,34.201
1780412606.0249822,34.2
1780412606.0304673,34.201
1780412606.0357304,34.203
1780412606.0410678,34.22
1780412606.0465357,34.227
1780412606.051865,34.229
1780412606.057067,34.228
1780412606.0626981,34.23
1780412606.0680864,34.231
1780412606.073398,34.235
1780412606.078592,34.235
1780412606.0843675,34.24
1780412606.0897105,34.241
1780412606.0951009,34.241
1780412606.1005206,34.241
1780412606.1058784,34.237
1780412606.1113462,34.238
1780412606.1167169,34.237
1780412606.12212,34.237
1780412606.127487,34.234
1780412606.132947,34.233
1780412606.1383252,34.233
1780412606.144424,34.233
1780412606.1503632,34.233
1780412606.1557243,34.229
1780412606.1611185,34.229
1780412606.1665068,34.228
1780412606.171875,34.228
1780412606.1773045,34.223
1780412606.1826713,34.224
1780412606.1880727,34.224
1780412606.1934364,34.224
1780412606.1986532,34.226
1780412606.204298,34.224
1780412606.209698,34.226
1780412606.2150497,34.227
1780412606.2205322,34.227
1780412606.2258382,34.225
1780412606.230998,34.23
1780412606.236603,34.232
1780412606.2417982,34.233
1780412606.247558,34.233
1780412606.2529593,34.23
1780412606.2582746,34.231
1780412606.2636902,34.23
1780412606.2690458,34.23
1780412606.2744908,34.227
1780412606.279898,34.227
1780412606.285353,34.227
1780412606.2906873,34.227
1780412606.2961016,34.224
1780412606.3014805,34.224
1780412606.306946,34.223
1780412606.3123076,34.223
1780412606.3177142,34.222
1780412606.323068,34.22
1780412606.3284519,34.22
1780412606.3339057,34.22
1780412606.3393197,34.22
1780412606.3446298,34.217
1780412606.349857,34.22
1780412606.3554475,34.22
1780412606.3606756,34.22
1780412606.3662617,34.223
1780412606.3716867,34.22
1780412606.377047,34.22
1780412606.3823037,34.219
1780412606.387933,34.219
1780412606.393367,34.216
1780412606.3986778,34.216
1780412606.4041536,34.216
1780412606.4094589,34.216
1780412606.4148657,34.216
1780412606.4202926,34.214
1780412606.4257514,34.214
1780412606.4311037,34.213
1780412606.4364953,34.213
1780412606.441849,34.211
1780412606.4470882,34.211
1780412606.4526975,34.211
1780412606.458112,34.21
1780412606.4635584,34.21
1780412606.46895,34.206
1780412606.474505,34.205
1780412606.4803796,34.205
1780412606.4857006,34.204
1780412606.4910698,34.199
1780412606.496462,34.199
1780412606.5018396,34.199
1780412606.5070066,34.199
1780412606.5127525,34.199
1780412606.5181687,34.194
1780412606.5235066,34.194
1780412606.529234,34.193
1780412606.5350366,34.193
1780412606.5402417,34.187
1780412606.5455847,34.186
1780412606.5512395,34.186
1780412606.556554,34.185
1780412606.5619333,34.186
1780412606.567302,34.179
1780412606.5726643,34.179
1780412606.5778575,34.178
1780412606.5835564,34.178
1780412606.5889177,34.173
1780412606.5942488,34.174
1780412606.5995674,34.176
1780412606.6052444,34.177
1780412606.6105187,34.179
1780412606.6158488,34.173
1780412606.621073,34.173
1780412606.6266978,34.173
1780412606.6321542,34.173
1780412606.6374583,34.167
1780412606.6428602,34.167
1780412606.6482577,34.167
1780412606.6535392,34.166
1780412606.6592407,34.166
1780412606.6645188,34.16
1780412606.669865,34.16
1780412606.6752234,34.16
1780412606.6807737,34.158
1780412606.6866622,34.153
1780412606.692123,34.153
1780412606.6974797,34.152
1780412606.7028437,34.152
1780412606.708319,34.152
1780412606.7136726,34.147
1780412606.7190368,34.148
1780412606.7242303,34.147
1780412606.729889,34.147
1780412606.735338,34.142
1780412606.7406368,34.142
1780412606.746134,34.142
1780412606.75171,34.141
1780412606.7575698,34.141
1780412606.7629015,34.135
1780412606.7682967,34.136
1780412606.7737586,34.135
1780412606.7791457,34.135
1780412606.7845228,34.131
1780412606.7898476,34.131
1780412606.7950444,34.131
1780412606.8007004,34.131
1780412606.8061643,34.131
1780412606.8114774,34.126
1780412606.8168693,34.127
1780412606.8223255,34.127
1780412606.8277516,34.127
1780412606.8331347,34.127
1780412606.8385105,34.123
1780412606.8438742,34.124
1780412606.8492706,34.124
1780412606.854698,34.124
1780412606.8601162,34.12
1780412606.8654869,34.12
1780412606.870916,34.119
1780412606.8762705,34.119
1780412606.881662,34.116
1780412606.8870614,34.116
1780412606.892543,34.116
1780412606.8979,34.116
1780412606.9033244,34.116
1780412606.908649,34.113
1780412606.9138227,34.113
1780412606.9195426,34.113
1780412606.9249523,34.113
1780412606.9303436,34.113
1780412606.9357133,34.11
1780412606.9411044,34.11
1780412606.946561,34.11
1780412606.95192,34.11
1780412606.9573138,34.106
1780412606.9626544,34.107
1780412606.9678962,34.107
1780412606.9734771,34.107
1780412606.978869,34.104
1780412606.9842901,34.104
1780412606.9897182,34.104
1780412606.995138,34.104
1780412607.0005488,34.104
1780412607.0058563,34.101
1780412607.0111327,34.101
1780412607.016696,34.101
1780412607.0220997,34.102
1780412607.027526,34.102
1780412607.0329013,34.098
1780412607.038259,34.098
1780412607.043468,34.098
1780412607.049081,34.098
1780412607.0544543,34.096
1780412607.0598383,34.096
1780412607.0650325,34.096
1780412607.0707126,34.098
1780412607.0761688,34.097
1780412607.0814888,34.098
1780412607.0869582,34.099
1780412607.092299,34.099
1780412607.0976875,34.099
1780412607.1031115,34.097
1780412607.1085606,34.097
1780412607.1139154,34.098
1780412607.1193419,34.098
1780412607.1246464,34.094
1780412607.129879,34.094
1780412607.1355696,34.095
1780412607.1409655,34.095
1780412607.1462889,34.096
1780412607.1516814,34.093
1780412607.157098,34.093
1780412607.1625626,34.094
1780412607.1679068,34.094
1780412607.1733675,34.09
1780412607.178655,34.09
1780412607.183908,34.09
1780412607.1895046,34.09
1780412607.1949272,34.091
1780412607.200282,34.087
1780412607.2057214,34.088
1780412607.2110853,34.088
1780412607.2165065,34.088
1780412607.221904,34.085
1780412607.2273648,34.085
1780412607.2326686,34.086
1780412607.2379103,34.086
1780412607.2435336,34.086
1780412607.2489572,34.083
1780412607.2543068,34.084
1780412607.25976,34.084
1780412607.2651064,34.084
1780412607.2705042,34.08
1780412607.2759135,34.081
1780412607.281439,34.082
1780412607.2867436,34.081
1780412607.292163,34.082
1780412607.297475,34.078
1780412607.3029144,34.078
1780412607.3083425,34.078
1780412607.3137195,34.079
1780412607.3190827,34.076
1780412607.3245058,34.075
1780412607.3299172,34.075
1780412607.3353589,34.076
1780412607.3407004,34.076
1780412607.3460884,34.073
1780412607.351491,34.073
1780412607.3569598,34.073
1780412607.362311,34.073
1780412607.36773,34.07
1780412607.3730233,34.07
1780412607.3782692,34.071
1780412607.3839815,34.071
1780412607.3893783,34.072
1780412607.394665,34.068
1780412607.3999193,34.069
1780412607.4054437,34.069
1780412607.4106798,34.069
1780412607.4162624,34.068
1780412607.4214237,34.067
1780412607.4270287,34.067
1780412607.4322176,34.067
1780412607.437901,34.068
1780412607.4433234,34.066
1780412607.4487193,34.067
1780412607.4541194,34.067
1780412607.4594898,34.067
1780412607.4649103,34.065
1780412607.4703026,34.066
1780412607.4757261,34.066
1780412607.481108,34.066
1780412607.4864786,34.067
1780412607.4918969,34.063
1780412607.497365,34.064
1780412607.5030534,34.063
1780412607.508868,34.064
1780412607.514115,34.059
1780412607.5195665,34.059
1780412607.5249262,34.06
1780412607.5303192,34.06
1780412607.5357256,34.061
1780412607.5411043,34.059
1780412607.546567,34.059
1780412607.5519328,34.06
1780412607.5573158,34.06
1780412607.562698,34.058
1780412607.5681632,34.059
1780412607.5735128,34.059
1780412607.578926,34.059
1780412607.584344,34.06
1780412607.5897512,34.057
1780412607.5951517,34.058
1780412607.6005619,34.058
1780412607.6059213,34.058
1780412607.6113207,34.056
1780412607.6166964,34.057
1780412607.6220913,34.057
1780412607.627477,34.057
1780412607.6326845,34.058
1780412607.6384072,34.054
1780412607.6437135,34.055
1780412607.6491253,34.055
1780412607.6545682,34.056
1780412607.6599033,34.052
1780412607.6653717,34.054
1780412607.6706874,34.054
1780412607.6760983,34.055
1780412607.6815906,34.056
1780412607.686964,34.052
1780412607.6923196,34.052
1780412607.6977324,34.052
1780412607.7030878,34.053
1780412607.7085156,34.051
1780412607.7139406,34.052
1780412607.7193716,34.054
1780412607.724721,34.054
1780412607.7301328,34.054
1780412607.735502,34.052
1780412607.740965,34.053
1780412607.7463377,34.053
1780412607.7517648,34.054
1780412607.7571008,34.052
1780412607.762497,34.053
1780412607.767914,34.053
1780412607.7733765,34.054
1780412607.7788062,34.055
1780412607.7841368,34.051
1780412607.7894588,34.051
1780412607.7946935,34.051
1780412607.8003423,34.052
1780412607.8057663,34.05
1780412607.811128,34.051
1780412607.81651,34.051
1780412607.821863,34.051
1780412607.8271296,34.05
1780412607.8327281,34.05
1780412607.8381765,34.051
1780412607.8434927,34.051
1780412607.8488872,34.051
1780412607.8543177,34.049
1780412607.8597744,34.05
1780412607.8651533,34.051
1780412607.8705275,34.051
1780412607.8759634,34.052
1780412607.8813055,34.05
1780412607.8866765,34.051
1780412607.8921583,34.051
1780412607.8975394,34.051
1780412607.9029305,34.049
1780412607.908315,34.049
1780412607.9137728,34.05
1780412607.9191508,34.05
1780412607.9245663,34.048
1780412607.9298692,34.048
1780412607.9351373,34.048
1780412607.9407291,34.048
1780412607.9461486,34.049
1780412607.9515176,34.045
1780412607.9569385,34.046
1780412607.962298,34.047
1780412607.9677217,34.047
1780412607.9731612,34.048
1780412607.9785604,34.044
1780412607.9839294,34.044
1780412607.9893312,34.045
1780412607.994728,34.045
1780412608.0001771,34.041
1780412608.0055468,34.042
1780412608.0109694,34.043
1780412608.0162866,34.043
1780412608.0216804,34.043
1780412608.027115,34.039
1780412608.032574,34.04
1780412608.0379715,34.04
1780412608.04334,34.041
1780412608.048656,34.037
1780412608.053898,34.038
1780412608.0595465,34.038
1780412608.0649707,34.038
1780412608.0703666,34.041
1780412608.0757031,34.038
1780412608.0810726,34.04
1780412608.0862448,34.043
1780412608.0919442,34.045
1780412608.0973768,34.044
1780412608.1027184,34.045
1780412608.1081817,34.046
1780412608.1135335,34.046
1780412608.1189127,34.047
1780412608.1243029,34.043
1780412608.1297717,34.044
1780412608.1351485,34.044
1780412608.1405683,34.044
1780412608.145883,34.041
1780412608.1513302,34.042
1780412608.1567311,34.043
1780412608.1624825,34.043
1780412608.1682918,34.044
1780412608.1736267,34.038
1780412608.1795697,34.039
1780412608.1849618,34.039
1780412608.1903284,34.039
1780412608.195776,34.034
1780412608.2011957,34.034
1780412608.2072194,34.035
1780412608.2125218,34.035
1780412608.2178738,34.035
1780412608.2233014,34.029
1780412608.2288857,34.029
1780412608.2347443,34.029
1780412608.240163,34.029
1780412608.2455282,34.024
1780412608.2512457,34.025
1780412608.2571206,34.025
1780412608.262381,34.025
1780412608.267777,34.026
1780412608.2731528,34.02
1780412608.2785702,34.021
1780412608.2841988,34.021
1780412608.2901676,34.021
1780412608.295875,34.009
1780412608.301128,34.0
1780412608.306745,34.006
1780412608.312175,34.017
1780412608.3176422,34.025
1780412608.3238254,34.038
1780412608.3297057,34.047
1780412608.3351908,34.058
1780412608.3408306,34.068
1780412608.3465126,34.078
1780412608.3524544,34.087
1780412608.357733,34.098
1780412608.3631043,34.107
1780412608.3683307,34.119
1780412608.3739154,34.127
1780412608.3793225,34.14
1780412608.3846288,34.151
1780412608.389832,34.162
1780412608.3956518,34.167
1780412608.4012573,34.168
1780412608.4071102,34.168
1780412608.412392,34.169
1780412608.4177153,34.164
1780412608.4230847,34.165
1780412608.4283957,34.164
1780412608.4342191,34.165
1780412608.4399188,34.16
1780412608.4453824,34.161
1780412608.4506886,34.161
1780412608.455933,34.161
1780412608.46161,34.161
1780412608.4669838,34.157
1780412608.4723494,34.158
1780412608.4777567,34.158
1780412608.483103,34.159
1780412608.4884892,34.155
1780412608.4939134,34.155
1780412608.49945,34.156
1780412608.5050566,34.156
1780412608.510694,34.153
1780412608.5158603,34.152
1780412608.5215137,34.152
1780412608.5268672,34.153
1780412608.5323274,34.153
1780412608.537738,34.15
1780412608.5430725,34.151
1780412608.548374,34.15
1780412608.5540283,34.15
1780412608.5593834,34.145
1780412608.5646873,34.145
1780412608.570103,34.145
1780412608.5755277,34.144
1780412608.5809786,34.144
1780412608.5863037,34.139
1780412608.5917373,34.139
1780412608.597092,34.139
1780412608.6023304,34.139
1780412608.607925,34.134
1780412608.6134586,34.134
1780412608.6190493,34.135
1780412608.6247246,34.135
1780412608.6301134,34.136
1780412608.6355278,34.131
1780412608.640983,34.132
1780412608.646343,34.133
1780412608.6517854,34.134
1780412608.657108,34.129
1780412608.6625068,34.13
1780412608.667936,34.13
1780412608.6734517,34.13
1780412608.679046,34.132
1780412608.6849375,34.126
1780412608.6908214,34.126
1780412608.6961412,34.127
1780412608.7015178,34.127
1780412608.7069824,34.122
1780412608.7123077,34.123
1780412608.7177453,34.124
1780412608.723128,34.124
1780412608.7285612,34.125
1780412608.733886,34.121
1780412608.739138,34.122
1780412608.7450333,34.122
1780412608.7508948,34.123
1780412608.7561321,34.119
1780412608.7615466,34.12
1780412608.7670066,34.12
1780412608.7723453,34.12
1780412608.7777424,34.118
1780412608.7830856,34.118
1780412608.7882943,34.118
1780412608.7939508,34.119
1780412608.7993884,34.12
1780412608.8047268,34.118
1780412608.8101542,34.119
1780412608.8154805,34.119
1780412608.8207166,34.12
1780412608.826336,34.118
1780412608.8317823,34.119
1780412608.837152,34.12
1780412608.842541,34.121
1780412608.8479288,34.121
1780412608.8533883,34.118
1780412608.8587215,34.119
1780412608.864193,34.12
1780412608.8695102,34.12
1780412608.8749025,34.118
1780412608.8803303,34.119
1780412608.8857858,34.12
1780412608.8911476,34.12
1780412608.896543,34.121
1780412608.9018984,34.119
1780412608.9071457,34.119
1780412608.912772,34.12
1780412608.9181876,34.121
1780412608.9235294,34.119
1780412608.928951,34.12
1780412608.9342632,34.12
1780412608.9395053,34.121
1780412608.945206,34.121
1780412608.9505932,34.12
1780412608.9559019,34.12
1780412608.9612944,34.121
1780412608.966731,34.121
1780412608.9721966,34.118
1780412608.9778383,34.119
1780412608.9837403,34.119
1780412608.9890175,34.12
1780412608.9943054,34.115
1780412608.9997394,34.116
1780412609.0051727,34.116
1780412609.0109375,34.116
1780412609.0166492,34.118
1780412609.0219574,34.113
1780412609.0273464,34.113
1780412609.0327446,34.114
1780412609.038195,34.115
1780412609.0435183,34.112
1780412609.0496202,34.113
1780412609.0556457,34.113
1780412609.0610106,34.114
1780412609.0663147,34.113
1780412609.0717819,34.112
1780412609.0771258,34.119
1780412609.082483,34.12
1780412609.0878978,34.121
1780412609.0933506,34.118
1780412609.0987203,34.119
1780412609.104193,34.119
1780412609.1095123,34.119
1780412609.1149087,34.117
1780412609.1203268,34.118
1780412609.1257887,34.118
1780412609.1311831,34.119
1780412609.1365547,34.119
1780412609.1418962,34.116
1780412609.147137,34.117
1780412609.1527596,34.117
1780412609.1581879,34.117
1780412609.1635318,34.115
1780412609.1689525,34.116
1780412609.174385,34.116
1780412609.1797569,34.116
1780412609.1852329,34.117
1780412609.1906567,34.114
1780412609.1962264,34.114
1780412609.2021377,34.114
1780412609.2073908,34.114
1780412609.2127075,34.109
1780412609.2181504,34.11
1780412609.223804,34.11
1780412609.2296758,34.111
1780412609.2349374,34.106
1780412609.2403054,34.107
1780412609.245738,34.107
1780412609.2511764,34.108
1780412609.256594,34.109
1780412609.2619216,34.104
1780412609.2673519,34.105
1780412609.2727628,34.105
1780412609.2781904,34.106
1780412609.2835326,34.105
1780412609.2889507,34.102
1780412609.2942953,34.103
1780412609.2996078,34.103
1780412609.3052387,34.104
1780412609.310596,34.101
1780412609.3159127,34.101
1780412609.3213077,34.101
1780412609.3267438,34.102
1780412609.3322027,34.098
1780412609.3377998,34.099
1780412609.3437028,34.099
1780412609.3489397,34.1
1780412609.35434,34.101
1780412609.3597944,34.096
1780412609.365157,34.096
1780412609.3712149,34.096
1780412609.3772838,34.097
1780412609.3825958,34.093
1780412609.3879583,34.093
1780412609.3936822,34.094
1780412609.399501,34.095
1780412609.4048176,34.096
1780412609.41017,34.091
1780412609.4155407,34.092
1780412609.4210823,34.092
1780412609.4266663,34.093
1780412609.432303,34.088
1780412609.4380562,34.089
1780412609.4436564,34.088
1780412609.449269,34.089
1780412609.4551554,34.085
1780412609.4605453,34.087
1780412609.4659505,34.087
1780412609.471456,34.088
1780412609.4770074,34.09
1780412609.4827147,34.084
1780412609.4881546,34.085
1780412609.4935074,34.086
1780412609.4989278,34.087
1780412609.5043151,34.084
1780412609.5101418,34.085
1780412609.516475,34.085
1780412609.5224051,34.086
1780412609.5277781,34.082
1780412609.5331542,34.082
1780412609.5388753,34.083
1780412609.5446713,34.084
1780412609.5498843,34.084
1780412609.5551229,34.081
1780412609.560755,34.081
1780412609.566197,34.082
1780412609.5715435,34.083
1780412609.5769598,34.079
1780412609.582276,34.08
1780412609.5875838,34.08
1780412609.593297,34.081
1780412609.5992074,34.082
1780412609.6045809,34.077
1780412609.6099434,34.077
1780412609.6156955,34.078
1780412609.621501,34.079
1780412609.6268075,34.073
1780412609.632167,34.075
1780412609.6375687,34.075
1780412609.6430187,34.076
1780412609.6483474,34.077
1780412609.653757,34.073
1780412609.6591096,34.074
1780412609.6645343,34.075
1780412609.6699493,34.075
1780412609.675365,34.071
1780412609.6806793,34.072
1780412609.685882,34.073
1780412609.691495,34.073
1780412609.6966693,34.075
1780412609.702293,34.071
1780412609.7074666,34.072
1780412609.7131095,34.072
1780412609.7182982,34.073
1780412609.7239282,34.07
1780412609.7294006,34.071
1780412609.7347126,34.071
1780412609.7402523,34.072
1780412609.7457347,34.073
1780412609.7515218,34.069
1780412609.7569103,34.07
1780412609.7623372,34.07
1780412609.7678049,34.071
1780412609.773148,34.068
1780412609.7792401,34.069
1780412609.7852547,34.069
1780412609.790603,34.07
1780412609.7960277,34.071
1780412609.8016808,34.066
1780412609.8080955,34.067
1780412609.8140104,34.067
1780412609.8193805,34.069
1780412609.8247323,34.064
1780412609.830199,34.065
1780412609.8358204,34.065
1780412609.8417451,34.066
1780412609.8470058,34.062
1780412609.8523715,34.062
1780412609.857795,34.063
1780412609.8631563,34.064
1780412609.8686047,34.065
1780412609.8739908,34.061
1780412609.8793445,34.061
1780412609.8847418,34.062
1780412609.8902047,34.063
1780412609.8955464,34.059
1780412609.900968,34.06
1780412609.9063053,34.06
1780412609.911668,34.061
1780412609.9175248,34.062
1780412609.9231384,34.057
1780412609.9289227,34.058
1780412609.9352746,34.058
1780412609.9412358,34.06
1780412609.946592,34.055
1780412609.9519546,34.058
1780412609.9573965,34.061
1780412609.9627674,34.063
1780412609.9681692,34.06
1780412609.9734843,34.061
1780412609.9790692,34.061
1780412609.984651,34.061
1780412609.9904032,34.062
1780412609.995766,34.059
1780412610.0011692,34.06
1780412610.0066054,34.06
1780412610.01195,34.061
1780412610.0173984,34.058
1780412610.0227225,34.059
1780412610.0281174,34.06
1780412610.033475,34.061
1780412610.038653,34.062
1780412610.0443344,34.059
1780412610.0497665,34.059
1780412610.055107,34.06
1780412610.060347,34.061
1780412610.065935,34.058
1780412610.0713623,34.061
1780412610.0766735,34.062
1780412610.08192,34.063
1780412610.0875773,34.063
1780412610.093018,34.061
1780412610.098322,34.062
1780412610.1037586,34.062
1780412610.1091385,34.063
1780412610.1145384,34.06
1780412610.1199443,34.061
1780412610.1254072,34.062
1780412610.1307812,34.062
1780412610.1361651,34.063
1780412610.1415014,34.061
1780412610.1467342,34.062
1780412610.1523771,34.062
1780412610.157799,34.063
1780412610.163112,34.06
1780412610.1683865,34.062
1780412610.1739225,34.062
1780412610.1791115,34.062
1780412610.1847591,34.063
1780412610.190172,34.061
1780412610.1955066,34.061
1780412610.20075,34.061
1780412610.2063773,34.062
1780412610.2117586,34.059
1780412610.217163,34.059
1780412610.222571,34.06
1780412610.2279165,34.06
1780412610.2331598,34.061
1780412610.2387335,34.058
1780412610.2442048,34.058
1780412610.2495763,34.059
1780412610.254963,34.059
1780412610.2603061,34.056
1780412610.2654889,34.057
1780412610.271084,34.057
1780412610.2762787,34.057
1780412610.28196,34.058
1780412610.2873292,34.055
1780412610.292737,34.056
1780412610.2982087,34.057
1780412610.3035676,34.057
1780412610.3089733,34.055
1780412610.3143404,34.056
1780412610.3197603,34.056
1780412610.3251717,34.056
1780412610.3306022,34.056
1780412610.3359447,34.055
1780412610.34137,34.055
1780412610.3467188,34.056
1780412610.3521416,34.056
1780412610.357546,34.052
1780412610.3630087,34.053
1780412610.3683293,34.054
1780412610.3737166,34.054
1780412610.3792255,34.055
1780412610.3846092,34.051
1780412610.389957,34.052
1780412610.395371,34.052
1780412610.4007246,34.052
1780412610.4061522,34.049
1780412610.411596,34.05
1780412610.4170113,34.05
1780412610.4223683,34.051
1780412610.4277763,34.05
1780412610.4331067,34.048
1780412610.4383183,34.049
1780412610.4439504,34.049
1780412610.4494097,34.049
1780412610.4547331,34.046
1780412610.460124,34.047
1780412610.465552,34.048
1780412610.4710228,34.048
1780412610.476391,34.049
1780412610.481797,34.045
1780412610.4871173,34.046
1780412610.4925232,34.046
1780412610.4979756,34.047
1780412610.503406,34.043
1780412610.508778,34.044
1780412610.5141823,34.045
1780412610.519617,34.045
1780412610.525013,34.044
1780412610.5303555,34.043
1780412610.5357676,34.044
1780412610.5411844,34.046
1780412610.5466223,34.049
1780412610.5519571,34.057
1780412610.5573611,34.076
1780412610.5626886,34.093
1780412610.5678713,34.114
1780412610.573504,34.133
1780412610.5786917,34.15
1780412610.58432,34.166
1780412610.589506,34.187
1780412610.5951092,34.204
1780412610.6003003,34.217
1780412610.6058912,34.222
1780412610.6110647,34.224
1780412610.616672,34.225
1780412610.6218426,34.224
1780412610.6275008,34.224
1780412610.6327145,34.224
1780412610.6383667,34.224
1780412610.643814,34.225
1780412610.6491635,34.222
1780412610.6546097,34.222
1780412610.659934,34.222
1780412610.665382,34.222
1780412610.6707625,34.22
1780412610.676285,34.218
1780412610.6815913,34.218
1780412610.6870093,34.217
1780412610.6923876,34.217
1780412610.6978056,34.213
1780412610.7031868,34.213
1780412610.7085674,34.212
1780412610.7139175,34.211
1780412610.719364,34.207
1780412610.7247007,34.208
1780412610.7299604,34.208
1780412610.7355516,34.208
1780412610.740931,34.209
1780412610.7463386,34.205
1780412610.7518091,34.205
1780412610.7571535,34.205
1780412610.762577,34.206
1780412610.7678926,34.204
1780412610.7731323,34.203
1780412610.7787457,34.204
1780412610.7842164,34.204
1780412610.7895727,34.204
1780412610.7949736,34.201
1780412610.800288,34.201
1780412610.8055027,34.201
1780412610.8111203,34.201
1780412610.8165243,34.198
1780412610.8218741,34.199
1780412610.827046,34.199
1780412610.8326712,34.199
1780412610.8378434,34.2
1780412610.8434975,34.197
1780412610.848673,34.197
1780412610.8543322,34.196
1780412610.8597565,34.196
1780412610.8651772,34.194
1780412610.870613,34.194
1780412610.8759656,34.194
1780412610.8813818,34.193
1780412610.8867333,34.193
1780412610.8919613,34.188
1780412610.8978398,34.188
1780412610.903657,34.187
1780412610.908962,34.187
1780412610.9143035,34.182
1780412610.9197638,34.182
1780412610.9253578,34.181
1780412610.9312544,34.181
1780412610.9367106,34.18
1780412610.9420872,34.176
1780412610.9480007,34.176
1780412610.9534078,34.175
1780412610.958769,34.175
1780412610.9642215,34.17
1780412610.9698584,34.17
1780412610.9757588,34.17
1780412610.98102,34.169
1780412610.9864607,34.17
1780412610.9918194,34.164
1780412610.9971902,34.164
1780412611.0033772,34.163
1780412611.009254,34.164
1780412611.0145636,34.159
1780412611.0199742,34.159
1780412611.0254085,34.159
1780412611.0307817,34.158
1780412611.0362225,34.155
1780412611.0415335,34.155
1780412611.0469663,34.155
1780412611.0523784,34.154
1780412611.057826,34.155
1780412611.0631454,34.151
1780412611.0686247,34.152
1780412611.0739548,34.154
1780412611.0793788,34.154
1780412611.0847764,34.154
1780412611.0902884,34.152
1780412611.0956073,34.152
1780412611.1010222,34.152
1780412611.1063688,34.152
1780412611.1118162,34.149
1780412611.1172693,34.149
1780412611.1226223,34.149
1780412611.1280606,34.149
1780412611.1334217,34.147
1780412611.1387649,34.147
1780412611.1441853,34.147
1780412611.1495636,34.147
1780412611.1549792,34.147
1780412611.1603634,34.145
1780412611.16582,34.145
1780412611.1711848,34.145
1780412611.1765842,34.145
1780412611.181913,34.143
1780412611.1871665,34.143
1780412611.1927772,34.143
1780412611.1982868,34.142
1780412611.2039542,34.143
1780412611.209517,34.139
1780412611.2147698,34.14
1780412611.220378,34.14
1780412611.2258208,34.14
1780412611.2311757,34.137
1780412611.2365797,34.138
1780412611.2419345,34.138
1780412611.2473733,34.137
1780412611.2527995,34.138
1780412611.2581763,34.134
1780412611.2635543,34.135
1780412611.2689807,34.134
1780412611.2744637,34.134
1780412611.2798226,34.131
1780412611.2851593,34.131
1780412611.2906227,34.132
1780412611.2959626,34.131
1780412611.3013735,34.132
1780412611.3067718,34.129
1780412611.3122172,34.13
1780412611.317853,34.129
1780412611.3237703,34.13
1780412611.3290327,34.126
1780412611.3343945,34.126
1780412611.3398132,34.126
1780412611.345182,34.125
1780412611.3506246,34.126
1780412611.3559427,34.121
1780412611.361356,34.121
1780412611.366754,34.121
1780412611.3722248,34.121
1780412611.377579,34.115
1780412611.3829858,34.116
1780412611.3883224,34.116
1780412611.3938181,34.115
1780412611.3993561,34.116
1780412611.4051733,34.11
1780412611.4105892,34.111
1780412611.4160109,34.11
1780412611.4214182,34.11
1780412611.4267733,34.107
1780412611.4323125,34.106
1780412611.438057,34.105
1780412611.4435918,34.104
1780412611.4490612,34.104
1780412611.4543912,34.1
1780412611.4598248,34.1
1780412611.4651828,34.1
1780412611.470626,34.1
1780412611.4759226,34.097
1780412611.4811578,34.082
1780412611.486786,34.088
1780412611.4922307,34.098
1780412611.4978018,34.109
1780412611.5037086,34.117
1780412611.508971,34.128
1780412611.5143847,34.136
1780412611.5198288,34.147
1780412611.525422,34.157
1780412611.531376,34.167
1780412611.5371833,34.177
1780412611.5428867,34.187
1780412611.5486267,34.196
1780412611.554006,34.204
1780412611.559444,34.215
1780412611.564754,34.23
1780412611.5701756,34.242
1780412611.5755215,34.25
1780412611.5809603,35.0
1780412611.586407,35.001
1780412611.5918224,35.002
1780412611.5971506,35.0
1780412611.6026218,35.0
1780412611.6079667,35.0
1780412611.6133668,34.255
1780412611.6187336,34.252
1780412611.6242132,34.253
1780412611.6295366,34.252
1780412611.6349363,34.252
1780412611.640304,34.252
1780412611.6455386,34.248
1780412611.6511788,34.248
1780412611.6566284,34.248
1780412611.6619744,34.248
1780412611.667395,34.244
1780412611.6727736,34.244
1780412611.6781945,34.244
1780412611.6835892,34.244
1780412611.6890278,34.244
1780412611.6943316,34.24
1780412611.6997294,34.24
1780412611.7051566,34.24
1780412611.7106225,34.24
1780412611.7159772,34.237
1780412611.7213929,34.237
1780412611.7267258,34.237
1780412611.7319002,34.237
1780412611.737643,34.238
1780412611.7430303,34.232
1780412611.7483943,34.232
1780412611.7537858,34.232
1780412611.7591743,34.232
1780412611.764629,34.227
1780412611.770008,34.227
1780412611.7754228,34.227
1780412611.7807705,34.226
1780412611.7862017,34.224
1780412611.7915668,34.223
1780412611.7970288,34.222
1780412611.8023846,34.222
1780412611.8077955,34.221
1780412611.8131428,34.217
1780412611.8185723,34.217
1780412611.8240094,34.217
1780412611.82943,34.217
1780412611.8347926,34.215
1780412611.8401933,34.213
1780412611.8455627,34.212
1780412611.8510299,34.212
1780412611.8563843,34.212
1780412611.861828,34.208
1780412611.867128,34.208
1780412611.8723824,34.208
1780412611.8780122,34.207
1780412611.883388,34.203
1780412611.8887527,34.203
1780412611.8941998,34.203
1780412611.8995154,34.203
1780412611.9047532,34.203
1780412611.9103827,34.199
1780412611.9158354,34.199
1780412611.9211853,34.199
1780412611.9265697,34.198
1780412611.9319048,34.193
1780412611.937153,34.194
1780412611.9427757,34.193
1780412611.9482784,34.193
1780412611.9539762,34.193
1780412611.9596264,34.188
1780412611.9649854,34.188
1780412611.9703887,34.187
1780412611.9757943,34.187
1780412611.981178,34.184
1780412611.986593,34.184
1780412611.9919882,34.184
1780412611.9974098,34.183
1780412612.0028539,34.184
1780412612.0082345,34.179
1780412612.0135798,34.179
1780412612.0189977,34.179
1780412612.02436,34.179
1780412612.0297825,34.175
1780412612.035212,34.175
1780412612.0406272,34.175
1780412612.045952,34.174
1780412612.0513732,34.175
1780412612.056772,34.171
1780412612.0622334,34.171
1780412612.0676296,34.171
1780412612.0729718,34.174
1780412612.0783362,34.172
1780412612.0835757,34.172
1780412612.089181,34.171
1780412612.0946217,34.171
1780412612.1000607,34.172
1780412612.105438,34.169
1780412612.1107461,34.169
1780412612.1162732,34.169
1780412612.1216176,34.168
1780412612.1270678,34.165
1780412612.1323366,34.165
1780412612.137731,34.164
1780412612.1432939,34.164
1780412612.148636,34.16
1780412612.1539717,34.16
1780412612.1594355,34.16
1780412612.1647778,34.16
1780412612.1702065,34.16
1780412612.1755166,34.156
1780412612.1807554,34.156
1780412612.186426,34.156
1780412612.191837,34.156
1780412612.1971316,34.154
1780412612.2023883,34.152
1780412612.208012,34.153
1780412612.2134252,34.152
1780412612.2187843,34.153
1780412612.2242332,34.15
1780412612.2295399,34.15
1780412612.234943,34.15
1780412612.2404053,34.15
1780412612.2458282,34.146
1780412612.2511878,34.146
1780412612.2565982,34.146
1780412612.2619395,34.146
1780412612.2673824,34.146
1780412612.272797,34.142
1780412612.2782302,34.142
1780412612.2836127,34.142
1780412612.2889931,34.142
1780412612.2943475,34.138
1780412612.299787,34.139
1780412612.3051958,34.139
1780412612.31064,34.138
1780412612.3159626,34.139
1780412612.321371,34.134
1780412612.3267853,34.135
1780412612.332236,34.134
1780412612.3375883,34.135
1780412612.3430016,34.131
1780412612.3483915,34.131
1780412612.353809,34.131
1780412612.3592007,34.131
1780412612.364632,34.132
1780412612.370015,34.128
1780412612.3753955,34.128
1780412612.3807588,34.128
1780412612.3861914,34.128
1780412612.3915722,34.123
1780412612.3970387,34.124
1780412612.4023848,34.124
1780412612.407774,34.123
1780412612.4132605,34.124
1780412612.418636,34.119
1780412612.4240203,34.119
1780412612.429401,34.119
1780412612.4347239,34.119
1780412612.439964,34.116
1780412612.4456205,34.116
1780412612.4510376,34.116
1780412612.4563832,34.116
1780412612.4618013,34.115
1780412612.4671535,34.113
1780412612.4725823,34.113
1780412612.478023,34.113
1780412612.483432,34.113
1780412612.4887507,34.11
1780412612.4941554,34.11
1780412612.499571,34.11
1780412612.5050397,34.11
1780412612.5104184,34.11
1780412612.515772,34.107
1780412612.5211215,34.107
1780412612.5263596,34.107
1780412612.5320106,34.108
1780412612.5374331,34.104
1780412612.5428264,34.105
1780412612.5482035,34.105
1780412612.5535512,34.105
1780412612.5589826,34.102
1780412612.5643911,34.103
1780412612.5698369,34.103
1780412612.5751696,34.103
1780412612.5805714,34.103
1780412612.5859644,34.1
1780412612.591441,34.1
1780412612.5968044,34.1
1780412612.602207,34.101
1780412612.6075506,34.099
1780412612.6127927,34.099
1780412612.6184034,34.099
1780412612.6241267,34.099
1780412612.6299367,34.1
1780412612.6352246,34.096
1780412612.6405978,34.095
1780412612.6460245,34.095
1780412612.65144,34.095
1780412612.6567645,34.09
1780412612.662201,34.09
1780412612.6675603,34.091
1780412612.6729848,34.09
1780412612.6784964,34.091
1780412612.6838405,34.086
1780412612.6892357,34.086
1780412612.6952434,34.086
1780412612.7005813,34.086
1780412612.705938,34.082
1780412612.71119,34.083
1780412612.7167778,34.083
1780412612.7222474,34.082
1780412612.727566,34.083
1780412612.7327979,34.08
1780412612.7383616,34.08
1780412612.743801,34.08
1780412612.7492168,34.08
1780412612.7546372,34.079
1780412612.7600114,34.079
1780412612.765428,34.079
1780412612.7707903,34.079
1780412612.7762396,34.079
1780412612.781589,34.076
1780412612.7870064,34.077
1780412612.7923908,34.077
1780412612.7978163,34.077
1780412612.8031945,34.073
1780412612.8086443,34.073
1780412612.814011,34.073
1780412612.8194032,34.073
1780412612.824859,34.074
1780412612.8302464,34.071
1780412612.835592,34.071
1780412612.8410416,34.071
1780412612.8463836,34.071
1780412612.8518155,34.068
1780412612.8572419,34.068
1780412612.8626444,34.068
1780412612.8680232,34.068
1780412612.873402,34.066
1780412612.8787277,34.065
1780412612.8839698,34.065
1780412612.8896122,34.065
1780412612.8950367,34.066
1780412612.900375,34.063
1780412612.9058022,34.064
1780412612.911204,34.064
1780412612.9166486,34.064
1780412612.9220812,34.063
1780412612.9274473,34.062
1780412612.932734,34.062
1780412612.9379864,34.062
1780412612.9436123,34.062
1780412612.949041,34.059
1780412612.954386,34.059
1780412612.9598086,34.059
1780412612.9651518,34.059
1780412612.9703958,34.055
1780412612.976006,34.056
1780412612.9814467,34.056
1780412612.9867864,34.056
1780412612.9922087,34.057
1780412612.9975727,34.053
1780412613.0030444,34.054
1780412613.0083992,34.054
1780412613.0138488,34.054
1780412613.0191755,34.052
1780412613.0246181,34.051
1780412613.0300193,34.051
1780412613.035444,34.051
1780412613.0408123,34.051
1780412613.0462055,34.048
1780412613.0515308,34.048
1780412613.0567732,34.048
1780412613.0624163,34.048
1780412613.0678067,34.046
1780412613.0731142,34.048
1780412613.0783534,34.049
1780412613.0840075,34.05
1780412613.0894508,34.05
1780412613.0948105,34.047
1780412613.100249,34.047
1780412613.1055539,34.047
1780412613.1109555,34.048
1780412613.1163728,34.046
1780412613.1218462,34.045
1780412613.1272206,34.046
1780412613.1326013,34.046
1780412613.1379616,34.046
1780412613.1434052,34.044
1780412613.1488137,34.044
1780412613.1542447,34.044
1780412613.1596248,34.045
1780412613.16499,34.042
1780412613.1703484,34.042
1780412613.1755946,34.043
1780412613.181212,34.043
1780412613.1866515,34.044
1780412613.1919718,34.04
1780412613.1974478,34.041
1780412613.202787,34.041
1780412613.2082508,34.041
1780412613.2135947,34.038
1780412613.2190135,34.039
1780412613.2243466,34.039
1780412613.2295866,34.039
1780412613.2351923,34.04
1780412613.2406397,34.037
1780412613.246005,34.037
1780412613.2514145,34.038
1780412613.2567604,34.038
1780412613.2621984,34.036
1780412613.2676845,34.036
1780412613.2730522,34.036
1780412613.2783804,34.037
1780412613.2837763,34.038
1780412613.2891936,34.034
1780412613.294652,34.035
1780412613.3000138,34.035
1780412613.3054163,34.035
1780412613.3107564,34.033
1780412613.316017,34.033
1780412613.3215952,34.033
1780412613.3270528,34.033
1780412613.332431,34.034
1780412613.3377934,34.031
1780412613.3431487,34.031
1780412613.3483934,34.031
1780412613.3540149,34.032
1780412613.3594542,34.029
1780412613.3648174,34.03
1780412613.3701992,34.03
1780412613.3755846,34.03
1780412613.3810515,34.029
1780412613.3864152,34.029
1780412613.3918104,34.029
1780412613.397145,34.029
1780412613.4023879,34.029
1780412613.4080136,34.027
1780412613.4134557,34.027
1780412613.418771,34.027
1780412613.424213,34.028
1780412613.4295166,34.027
1780412613.4346845,34.026
1780412613.4403486,34.027
1780412613.4458296,34.027
1780412613.4511788,34.027
1780412613.4565713,34.025
1780412613.461964,34.025
1780412613.46745,34.026
1780412613.4727914,34.026
1780412613.478219,34.023
1780412613.4835477,34.023
1780412613.4887874,34.024
1780412613.4944105,34.024
1780412613.4998546,34.025
1780412613.5052059,34.022
1780412613.5106106,34.022
1780412613.5159621,34.023
1780412613.5214167,34.023
1780412613.5268059,34.021
1780412613.5322516,34.022
1780412613.537596,34.022
1780412613.5430212,34.022
1780412613.5484095,34.023
1780412613.5538495,34.02
1780412613.55922,34.021
1780412613.5646105,34.021
1780412613.56995,34.022
1780412613.575398,34.019
1780412613.5808418,34.02
1780412613.5862582,34.02
1780412613.5916195,34.02
1780412613.5970135,34.022
1780412613.602473,34.018
1780412613.6078568,34.019
1780412613.6132336,34.019
1780412613.6186504,34.02
1780412613.6239743,34.017
1780412613.6293848,34.018
1780412613.6348007,34.018
1780412613.6402645,34.018
1780412613.6456666,34.019
1780412613.651056,34.017
1780412613.6563866,34.017
1780412613.6618142,34.017
1780412613.6671937,34.018
1780412613.672633,34.015
1780412613.6780236,34.016
1780412613.6834142,34.016
1780412613.688746,34.017
1780412613.6939867,34.015
1780412613.6995778,34.015
1780412613.7050486,34.015
1780412613.7104015,34.016
1780412613.7158208,34.016
1780412613.7211747,34.014
1780412613.7266521,34.014
1780412613.7319632,34.015
1780412613.7374148,34.016
1780412613.7427723,34.015
1780412613.7481685,34.014
1780412613.7535772,34.015
1780412613.7590547,34.015
1780412613.764448,34.015
1780412613.7698233,34.013
1780412613.775154,34.014
1780412613.7803872,34.014
1780412613.7860067,34.014
1780412613.7914577,34.011
1780412613.796813,34.012
1780412613.8022268,34.013
1780412613.8075986,34.013
1780412613.8130567,34.014
1780412613.818407,34.011
1780412613.8238468,34.012
1780412613.8291876,34.012
1780412613.8346205,34.012
1780412613.8400195,34.01
1780412613.8454592,34.01
1780412613.8508015,34.011
1780412613.856222,34.011
1780412613.8615584,34.011
1780412613.8667564,34.009
1780412613.8724098,34.009
1780412613.877859,34.01
1780412613.8832126,34.01
1780412613.888618,34.008
1780412613.894033,34.008
1780412613.8994515,34.009
1780412613.9048238,34.009
1780412613.910254,34.011
1780412613.9155798,34.008
1780412613.920976,34.008
1780412613.926389,34.008
1780412613.9318566,34.009
1780412613.9371984,34.006
1780412613.942623,34.007
1780412613.947952,34.008
1780412613.9534042,34.008
1780412613.958915,34.009
1780412613.9642553,34.006
1780412613.9695983,34.006
1780412613.9750214,34.006
1780412613.9803433,34.007
1780412613.985589,34.004
1780412613.9912448,34.005
1780412613.9966602,34.005
1780412614.0019662,34.005
1780412614.007382,34.005
1780412614.0127778,34.003
1780412614.0182545,34.004
1780412614.0236156,34.004
1780412614.0290265,34.004
1780412614.0343432,34.002
1780412614.0395815,34.003
1780412614.0452232,34.003
1780412614.0506625,34.003
1780412614.056073,34.004
1780412614.0613968,34.002
1780412614.066764,34.003
1780412614.0721726,34.006
1780412614.07758,34.006
1780412614.0830593,34.005
1780412614.0883713,34.008
1780412614.0937731,34.009
1780412614.099197,34.009
1780412614.1046612,34.007
1780412614.1100223,34.007
1780412614.1154234,34.008
1780412614.1207557,34.008
1780412614.1260169,34.009
1780412614.131616,34.006
1780412614.1370642,34.007
1780412614.1424105,34.007
1780412614.1478302,34.007
1780412614.1531806,34.006
1780412614.1586082,34.005
1780412614.164033,34.005
1780412614.1694582,34.005
1780412614.1747763,34.006
1780412614.1801686,34.003
1780412614.1855953,34.004
1780412614.1910548,34.004
1780412614.1963801,34.004
1780412614.2018206,34.002
1780412614.2071354,34.002
1780412614.2123816,34.003
1780412614.2180226,34.003
1780412614.223464,34.004
1780412614.2287889,34.002
1780412614.2342255,34.002
1780412614.2396464,34.002
1780412614.2450595,34.003
1780412614.2504141,34.001
1780412614.255862,34.001
1780412614.2611768,34.002
1780412614.2665637,34.002
1780412614.2719846,34.003
1780412614.2774627,34.0
1780412614.2828066,34.001
1780412614.2882297,34.001
1780412614.2935662,34.002
1780412614.298818,33.255
1780412614.3044155,33.255
1780412614.309864,34.0
1780412614.3152301,34.0
1780412614.320614,34.001
1780412614.3259706,33.254
1780412614.331415,33.255
1780412614.336816,33.255
1780412614.3422647,33.255
1780412614.3475738,33.253
1780412614.3529768,33.253
1780412614.3583872,33.253
1780412614.3638532,33.253
1780412614.3692224,33.254
1780412614.3746305,33.254
1780412614.3799844,34.0
1780412614.385417,34.003
1780412614.3908334,34.005
1780412614.396262,34.005
1780412614.4016016,34.006
1780412614.4071286,34.006
1780412614.4123657,34.006
1780412614.4176123,34.007
1780412614.4232297,34.004
1780412614.4286807,34.005
1780412614.4339862,34.005
1780412614.4393995,34.005
1780412614.4447963,34.003
1780412614.4502587,34.003
1780412614.4556317,34.004
1780412614.4610305,34.004
1780412614.4664006,34.005
1780412614.4718137,34.002
1780412614.477199,34.002
1780412614.4826255,34.003
1780412614.4880226,34.004
1780412614.4934351,34.001
1780412614.4987986,34.002
1780412614.5042236,34.002
1780412614.5095909,34.002
1780412614.5150657,34.003
1780412614.5204105,34.0
1780412614.5258322,34.0
1780412614.5311842,34.001
1780412614.5366123,34.001
1780412614.5420098,33.254
1780412614.5474672,33.255
1780412614.5527859,34.0
1780412614.558174,34.0
1780412614.5636399,34.001
1780412614.569056,33.254
1780412614.5744767,33.254
1780412614.5798333,33.255
1780412614.585157,33.255
1780412614.5904007,33.252
1780412614.5960836,33.253
1780412614.601471,33.253
1780412614.6067965,33.254
1780412614.612187,33.255
1780412614.6176026,33.252
1780412614.623067,33.252
1780412614.6284125,33.252
1780412614.6338692,33.253
1780412614.6391888,33.245
1780412614.6443713,33.236
1780412614.6499488,33.241
1780412614.6551282,33.253
1780412614.660796,34.005
1780412614.6662228,34.017
1780412614.6716268,34.025
1780412614.677055,34.036
1780412614.6824367,34.046
1780412614.688223,34.055
1780412614.6945002,34.066
1780412614.700097,34.077
1780412614.7056074,34.087
1780412614.7110507,34.096
1780412614.7163548,34.108
1780412614.7219994,34.118
1780412614.727415,34.133
1780412614.7327206,34.143
1780412614.737951,34.151
1780412614.7436295,34.155
1780412614.7490284,34.157
1780412614.7543676,34.158
1780412614.7596147,34.156
1780412614.7652345,34.157
1780412614.7706745,34.158
1780412614.775986,34.158
1780412614.781399,34.156
1780412614.7867658,34.157
1780412614.7922416,34.157
1780412614.797611,34.158
1780412614.8030338,34.159
1780412614.808369,34.156
1780412614.8136106,34.156
1780412614.8192048,34.156
1780412614.8246694,34.157
1780412614.8299897,34.154
1780412614.8354,34.154
1780412614.840751,34.155
1780412614.8460124,34.154
1780412614.8517065,34.155
1780412614.8570747,34.152
1780412614.8624153,34.152
1780412614.867829,34.152
1780412614.8732271,34.152
1780412614.878675,34.149
1780412614.8840191,34.15
1780412614.8894725,34.15
1780412614.894795,34.15
1780412614.900226,34.147
1780412614.9056067,34.147
1780412614.9110692,34.147
1780412614.9164314,34.147
1780412614.9218385,34.147
1780412614.9271872,34.145
1780412614.9326155,34.145
1780412614.9380434,34.145
1780412614.9434667,34.145
1780412614.948825,34.142
1780412614.95424,34.142
1780412614.9596887,34.142
1780412614.9650755,34.142
1780412614.9704359,34.142
1780412614.9758816,34.139
1780412614.9811895,34.139
1780412614.9866412,34.14
1780412614.9920363,34.14
1780412614.9974768,34.137
1780412615.002857,34.137
1780412615.0082355,34.137
1780412615.0135872,34.138
1780412615.0188239,34.138
1780412615.0244386,34.135
1780412615.0298772,34.135
1780412615.0352092,34.136
1780412615.0406013,34.136
1780412615.046013,34.133
1780412615.0514736,34.133
1780412615.0568113,34.133
1780412615.062276,34.133
1780412615.0676486,34.133
1780412615.0730133,34.135
1780412615.0784435,34.14
1780412615.0838165,34.14
1780412615.0891728,34.141
1780412615.0943732,34.139
1780412615.0999746,34.139
1780412615.1054332,34.139
1780412615.1108215,34.14
1780412615.116273,34.138
1780412615.1216097,34.139
1780412615.127077,34.139
1780412615.1324196,34.139
1780412615.1378465,34.14
1780412615.1432102,34.137
1780412615.1486726,34.137
1780412615.1540303,34.137
1780412615.1594436,34.137
1780412615.1647818,34.135
1780412615.170021,34.135
1780412615.175621,34.135
1780412615.1810768,34.135
1780412615.1865041,34.136
1780412615.1918452,34.132
1780412615.1971726,34.133
1780412615.2024143,34.133
1780412615.2080448,34.133
1780412615.2134717,34.131
1780412615.2188206,34.131
1780412615.224246,34.131
1780412615.2296124,34.131
1780412615.2350774,34.128
1780412615.2404335,34.129
1780412615.245844,34.129
1780412615.2511833,34.129
1780412615.2564235,34.129
1780412615.2620327,34.126
1780412615.267442,34.126
1780412615.2728138,34.126
1780412615.278242,34.126
1780412615.2835934,34.123
1780412615.289022,34.123
1780412615.2944145,34.123
1780412615.2998765,34.123
1780412615.3052313,34.124
1780412615.3106458,34.121
1780412615.31601,34.121
1780412615.321475,34.121
1780412615.3268476,34.121
1780412615.3322437,34.119
1780412615.337614,34.119
1780412615.3430433,34.119
1780412615.348407,34.119
1780412615.3538747,34.12
1780412615.3592272,34.116
1780412615.3646438,34.117
1780412615.3699818,34.117
1780412615.3754246,34.117
1780412615.3808036,34.115
1780412615.3862746,34.115
1780412615.3916404,34.115
1780412615.397044,34.115
1780412615.4024987,34.115
1780412615.4078777,34.114
1780412615.4132404,34.114
1780412615.4186816,34.115
1780412615.424006,34.115
1780412615.4294047,34.113
1780412615.4347687,34.114
1780412615.4400077,34.114
1780412615.4456477,34.115
1780412615.4510381,34.112
1780412615.456365,34.113
1780412615.4616044,34.114
1780412615.467204,34.114
1780412615.4726367,34.115
1780412615.4780297,34.113
1780412615.4834452,34.113
1780412615.488824,34.114
1780412615.494282,34.114
1780412615.4996438,34.112
1780412615.5050478,34.113
1780412615.5103936,34.114
1780412615.515634,34.114
1780412615.5213208,34.115
1780412615.526677,34.112
1780412615.5320399,34.113
1780412615.537447,34.114
1780412615.5428588,34.115
1780412615.548268,34.112
1780412615.5536673,34.113
1780412615.5590825,34.114
1780412615.5644453,34.114
1780412615.56985,34.112
1780412615.5752153,34.113
1780412615.58068,34.113
1780412615.5860324,34.113
1780412615.5914764,34.114
1780412615.5967832,34.112
1780412615.6019912,34.114
1780412615.6075974,34.122
1780412615.6130052,34.141
1780412615.6183717,34.157
1780412615.6235578,34.179
1780412615.6291895,34.195
1780412615.6343977,34.215
1780412615.6399572,34.232
1780412615.6451416,34.251
1780412615.6507864,35.009
1780412615.6562064,35.014
1780412615.6615715,35.015
1780412615.6667786,35.013
1780412615.672376,35.013
1780412615.6775465,35.014
1780412615.683157,35.015
1780412615.6883163,35.016
1780412615.6939743,35.014
1780412615.6994753,35.014
1780412615.7048023,35.014
1780412615.7102072,35.014
1780412615.7155776,35.012
1780412615.7208164,35.014
1780412615.726536,35.015
1780412615.7319214,35.016
1780412615.7374322,35.018
1780412615.7428472,35.01
1780412615.7486966,35.01
1780412615.7540221,35.009
1780412615.7594528,35.008
1780412615.7648013,35.002
1780412615.770271,35.001
1780412615.775606,35.0
1780412615.7809932,34.255
1780412615.7864535,34.255
1780412615.7918856,34.25
1780412615.7973151,34.25
1780412615.8032963,34.249
1780412615.8093376,34.249
1780412615.8146899,34.244
1780412615.8200712,34.243
1780412615.8257756,34.242
1780412615.8315752,34.241
1780412615.8368495,34.24
1780412615.8422499,34.235
1780412615.8476355,34.234
1780412615.8530092,34.233
1780412615.8584185,34.232
1780412615.8637922,34.227
1780412615.8692162,34.226
1780412615.8745906,34.225
1780412615.879972,34.224
1780412615.885166,34.223
1780412615.8907542,34.22
1780412615.8959253,34.219
1780412615.90157,34.218
1780412615.9067647,34.217
1780412615.9123836,34.214
1780412615.9175565,34.214
1780412615.9231815,34.213
1780412615.9283757,34.212
1780412615.934067,34.212
1780412615.9394236,34.207
1780412615.944788,34.207
1780412615.9501164,34.206
1780412615.955937,34.205
1780412615.96159,34.201
1780412615.9667675,34.201
1780412615.9724154,34.2
1780412615.9777863,34.2
1780412615.9831808,34.197
1780412615.988397,34.196
1780412615.9940548,34.196
1780412615.99948,34.195
1780412616.004864,34.195
1780412616.0103638,34.191
1780412616.015667,34.19
1780412616.0220933,34.193
1780412616.0275753,34.193
1780412616.0327556,34.198
1780412616.038506,34.205
1780412616.043851,34.222
1780412616.0492253,34.228
1780412616.0546515,34.243
1780412616.0600488,34.247
1780412616.0654936,34.25
1780412616.0707915,34.252
1780412616.0760005,35.0
1780412616.0815845,35.001
1780412616.0868282,35.003
1780412616.0925164,35.003
1780412616.0978925,35.003
1780412616.1032922,35.004
1780412616.1086733,35.0
1780412616.114052,35.0
1780412616.1194568,35.0
1780412616.1248097,35.0
1780412616.130189,34.251
1780412616.135674,34.252
1780412616.1411946,34.252
1780412616.1465356,34.252
1780412616.1525207,34.252
1780412616.157838,34.248
1780412616.1632538,34.248
1780412616.168656,34.248
1780412616.1741261,34.248
1780412616.1794555,34.244
1780412616.1848333,34.244
1780412616.190227,34.244
1780412616.195674,34.246
1780412616.2011125,34.247
1780412616.2064548,34.244
1780412616.2119,34.247
1780412616.2172654,34.248
1780412616.2226446,34.248
1780412616.228,34.247
1780412616.2331958,34.249
1780412616.2388296,34.25
1780412616.2442508,34.25
1780412616.2497,34.251
1780412616.2551107,34.247
1780412616.2603986,34.248
1780412616.2658033,34.248
1780412616.2711804,34.249
1780412616.276424,34.246
1780412616.2820468,34.246
1780412616.2874954,34.247
1780412616.2928944,34.246
1780412616.2982605,34.243
1780412616.3035884,34.244
1780412616.308828,34.244
1780412616.3145,34.244
1780412616.319894,34.244
1780412616.3251915,34.241
1780412616.3304465,34.242
1780412616.3361213,34.242
1780412616.3414943,34.242
1780412616.3468204,34.24
1780412616.352228,34.242
1780412616.3576877,34.244
1780412616.3630912,34.246
1780412616.3683605,34.248
1780412616.373624,34.245
1780412616.379246,34.246
1780412616.3846927,34.246
1780412616.3900454,34.246
1780412616.3954923,34.244
1780412616.4008024,34.244
1780412616.4063299,34.244
1780412616.41165,34.244
1780412616.4171276,34.245
1780412616.4224582,34.24
1780412616.4278984,34.241
1780412616.4333768,34.241
1780412616.4386947,34.241
1780412616.4440389,34.237
1780412616.4494984,34.237
1780412616.4551232,34.237
1780412616.4610245,34.237
1780412616.4662485,34.238
1780412616.4716105,34.233
1780412616.4770505,34.233
1780412616.482423,34.232
1780412616.4878538,34.232
1780412616.4932222,34.227
1780412616.4986043,34.226
1780412616.5040305,34.226
1780412616.5094976,34.225
1780412616.5148664,34.225
1780412616.52027,34.221
1780412616.5256002,34.221
1780412616.5311005,34.22
1780412616.5366192,34.219
1780412616.542571,34.216
1780412616.548149,34.215
1780412616.5537188,34.213
1780412616.559315,34.213
1780412616.5647,34.21
1780412616.569986,34.207
1780412616.575473,34.208
1780412616.5808656,34.207
1780412616.5862513,34.207
1780412616.5915759,34.203
1780412616.5967507,34.203
1780412616.602375,34.202
1780412616.607572,34.202
1780412616.6132605,34.203
1780412616.6186259,34.196
1780412616.6240125,34.196
1780412616.629314,34.196
1780412616.6352048,34.195
1780412616.640776,34.191
1780412616.6459553,34.191
1780412616.6515596,34.191
1780412616.6567252,34.19
1780412616.6624599,34.191
1780412616.667828,34.186
1780412616.673282,34.186
1780412616.678659,34.186
1780412616.6840167,34.186
1780412616.6894495,34.182
1780412616.694889,34.182
1780412616.700303,34.182
1780412616.7056487,34.181
1780412616.711093,34.18
1780412616.7164257,34.177
1780412616.7218518,34.177
1780412616.727299,34.177
1780412616.7326987,34.176
1780412616.7380075,34.173
1780412616.743184,34.173
1780412616.7488503,34.173
1780412616.754301,34.173
1780412616.7597466,34.174
1780412616.765038,34.169
1780412616.7704067,34.17
1780412616.7756433,34.169
1780412616.7812748,34.17
1780412616.786696,34.165
1780412616.7920904,34.166
1780412616.7974641,34.166
1780412616.8028226,34.166
1780412616.808251,34.165
1780412616.8136451,34.161
1780412616.8191233,34.161
1780412616.8244314,34.161
1780412616.8298175,34.161
1780412616.8352277,34.157
1780412616.8406558,34.157
1780412616.84603,34.157
1780412616.8515027,34.157
1780412616.8569133,34.158
1780412616.8622851,34.154
1780412616.8676448,34.154
1780412616.8731275,34.154
1780412616.8784275,34.154
1780412616.8838215,34.15
1780412616.8892217,34.151
1780412616.894652,34.151
1780412616.9001157,34.151
1780412616.9055037,34.151
1780412616.910847,34.149
1780412616.916269,34.15
1780412616.921688,34.15
1780412616.927121,34.151
1780412616.9324365,34.148
1780412616.937867,34.149
1780412616.9432006,34.15
1780412616.9484506,34.15
1780412616.9541523,34.15
1780412616.9595034,34.148
1780412616.9648674,34.149
1780412616.9702706,34.15
1780412616.975596,34.15
1780412616.9807987,34.147
1780412616.986451,34.147
1780412616.9919088,34.147
1780412616.9972389,34.147
1780412617.0026317,34.144
1780412617.0080442,34.144
1780412617.013508,34.145
1780412617.0188744,34.144
1780412617.0242977,34.144
1780412617.0296202,34.141
1780412617.0348034,34.141
1780412617.0404227,34.141
1780412617.045636,34.141
1780412617.0512562,34.139
1780412617.056667,34.139
1780412617.0619967,34.139
1780412617.0672061,34.139
1780412617.072851,34.142
1780412617.0782328,34.14
1780412617.0836143,34.141
1780412617.0890012,34.14
1780412617.0944152,34.14
1780412617.0996535,34.135
1780412617.1052368,34.135
1780412617.1106281,34.135
1780412617.1160297,34.135
1780412617.1214507,34.135
1780412617.126822,34.13
1780412617.1323407,34.131
1780412617.13776,34.13
1780412617.1437132,34.131
1780412617.1491055,34.127
1780412617.1545048,34.127
1780412617.1602166,34.126
1780412617.1660147,34.126
1780412617.1712976,34.126
1780412617.176648,34.122
1780412617.182043,34.122
1780412617.187507,34.121
1780412617.1928594,34.121
1780412617.1982749,34.117
1780412617.203641,34.117
1780412617.209061,34.116
1780412617.2144678,34.116
1780412617.2199106,34.116
1780412617.2252584,34.112
1780412617.230669,34.112
1780412617.2360232,34.112
1780412617.2414517,34.112
1780412617.24683,34.108
1780412617.2522662,34.109
1780412617.25764,34.109
1780412617.2630274,34.109
1780412617.268463,34.11
1780412617.273903,34.108
1780412617.2792706,34.109
1780412617.284711,34.109
1780412617.2900484,34.109
1780412617.2954817,34.106
1780412617.3008823,34.107
1780412617.3063083,34.108
1780412617.3116956,34.108
1780412617.3171759,34.109
1780412617.322483,34.106
1780412617.3279002,34.107
1780412617.3332858,34.107
1780412617.3387017,34.108
1780412617.3440475,34.105
1780412617.3494692,34.105
1780412617.3548486,34.106
1780412617.3603108,34.107
1780412617.3656576,34.107
1780412617.371129,34.104
1780412617.3764477,34.104
1780412617.3819113,34.105
1780412617.3872743,34.105
1780412617.3927126,34.103
1780412617.3980596,34.103
1780412617.403474,34.104
1780412617.4087946,34.105
1780412617.4140296,34.106
1780412617.4196699,34.103
1780412617.4251323,34.104
1780412617.4304621,34.105
1780412617.4358735,34.105
1780412617.4412613,34.103
1780412617.446702,34.104
1780412617.4520724,34.105
1780412617.4581625,34.104
1780412617.4641206,34.106
1780412617.4694617,34.102
1780412617.474884,34.102
1780412617.480275,34.102
1780412617.4856791,34.103
1780412617.4910898,34.1
1780412617.496436,34.101
1780412617.5018673,34.101
1780412617.5072792,34.101
1780412617.5127106,34.102
1780412617.5180745,34.098
1780412617.5234473,34.097
1780412617.5289047,34.097
1780412617.5343149,34.097
1780412617.5395994,34.093
1780412617.5448298,34.094
1780412617.5504289,34.094
1780412617.5558598,34.093
1780412617.561279,34.094
1780412617.566724,34.091
1780412617.5723329,34.09
1780412617.5782168,34.09
1780412617.5834591,34.089
1780412617.5888188,34.084
1780412617.5943623,34.083
1780412617.6000674,34.083
1780412617.6056082,34.082
1780412617.6111987,34.082
1780412617.6165388,34.076
1780412617.6224952,34.077
1780412617.6279037,34.077
1780412617.6332726,34.077
1780412617.6389096,34.072
1780412617.6447139,34.073
1780412617.6500254,34.073
1780412617.6552944,34.073
1780412617.6609416,34.074
1780412617.6662765,34.068
1780412617.671625,34.068
1780412617.6768074,34.068
1780412617.6824589,34.068
1780412617.6879163,34.064
1780412617.6931992,34.064
1780412617.698741,34.064
1780412617.7048395,34.064
1780412617.710147,34.065
1780412617.71562,34.059
1780412617.7211797,34.059
1780412617.727116,34.059
1780412617.7330053,34.059
1780412617.7382605,34.055
1780412617.7436736,34.056
1780412617.7491684,34.056
1780412617.7544851,34.056
1780412617.759918,34.056
1780412617.7652247,34.051
1780412617.7706292,34.052
1780412617.7760603,34.052
1780412617.7815177,34.052
1780412617.7868419,34.047
1780412617.7922707,34.048
1780412617.797629,34.048
1780412617.8030493,34.048
1780412617.8084652,34.048
1780412617.813898,34.027
1780412617.8192918,34.031
1780412617.8246398,34.042
1780412617.8299892,34.05
1780412617.835163,34.061
1780412617.840871,34.07
1780412617.8470476,34.083
1780412617.8529038,34.091
1780412617.8583035,34.103
1780412617.8636892,34.111
1780412617.869085,34.122
1780412617.8747425,34.133
1780412617.8806784,34.143
1780412617.8859742,34.153
1780412617.8913863,34.163
1780412617.8967166,34.174
1780412617.9020727,34.19
1780412617.9075,34.197
1780412617.9128635,34.201
1780412617.9184117,34.202
1780412617.9237454,34.202
1780412617.9296663,34.199
1780412617.9351072,34.199
1780412617.9404745,34.198
1780412617.9459205,34.198
1780412617.951337,34.198
1780412617.9566803,34.193
1780412617.9620287,34.194
1780412617.9672284,34.193
1780412617.9728606,34.193
1780412617.978323,34.188
1780412617.9836578,34.189
1780412617.9890394,34.189
1780412617.9944296,34.189
1780412617.9998631,34.189
1780412618.005313,34.184
1780412618.0107212,34.185
1780412618.0160782,34.184
1780412618.0215003,34.184
1780412618.0268636,34.181
1780412618.032319,34.182
1780412618.037664,34.182
1780412618.043104,34.182
1780412618.0485375,34.183
1780412618.0539207,34.18
1780412618.0592716,34.18
1780412618.0647213,34.18
1780412618.0699987,34.182
1780412618.075236,34.18
1780412618.0808792,34.181
1780412618.0863287,34.181
1780412618.0917058,34.18
1780412618.0971045,34.177
1780412618.1024065,34.177
1780412618.107647,34.177
1780412618.1133149,34.177
1780412618.1187196,34.177
1780412618.1240823,34.174
1780412618.1294868,34.174
1780412618.1348383,34.174
1780412618.140263,34.174
1780412618.1456606,34.17
1780412618.151141,34.171
1780412618.1564822,34.171
1780412618.1618874,34.171
1780412618.1672666,34.171
1780412618.1727242,34.168
1780412618.1780808,34.168
1780412618.1835158,34.168
1780412618.1888442,34.168
1780412618.1942816,34.164
1780412618.199763,34.165
1780412618.2051373,34.165
1780412618.2104824,34.165
1780412618.2158878,34.166
1780412618.2212136,34.163
1780412618.2264543,34.163
1780412618.2321177,34.163
1780412618.237522,34.163
1780412618.2428467,34.161
1780412618.2482839,34.161
1780412618.2536826,34.161
1780412618.2591374,34.161
1780412618.264538,34.162
1780412618.2698908,34.158
1780412618.275231,34.158
1780412618.280474,34.158
1780412618.2861347,34.158
1780412618.291524,34.155
1780412618.2968748,34.156
1780412618.3022916,34.156
1780412618.30763,34.156
1780412618.3128715,34.152
1780412618.3184702,34.152
1780412618.323926,34.153
1780412618.329272,34.153
1780412618.3346837,34.153
1780412618.3400688,34.15
1780412618.3455245,34.15
1780412618.3508863,34.151
1780412618.3563209,34.151
1780412618.3616295,34.147
1780412618.3670347,34.147
1780412618.372474,34.147
1780412618.3779213,34.147
1780412618.3832781,34.148
1780412618.3886886,34.144
1780412618.3940344,34.144
1780412618.3992746,34.144
1780412618.4048965,34.144
1780412618.4103265,34.14
1780412618.4156866,34.141
1780412618.421113,34.141
1780412618.426471,34.141
1780412618.4319246,34.142
1780412618.4372563,34.137
1780412618.4426656,34.138
1780412618.448042,34.138
1780412618.4534357,34.138
1780412618.4588547,34.135
1780412618.4643192,34.135
1780412618.4696364,34.135
1780412618.475036,34.135
1780412618.4804387,34.135
1780412618.4856765,34.132
1780412618.491294,34.133
1780412618.4967206,34.133
1780412618.5020888,34.133
1780412618.5074718,34.129
1780412618.5128937,34.13
1780412618.5183358,34.13
1780412618.5236988,34.13
1780412618.5291426,34.131
1780412618.5344384,34.126
1780412618.5398288,34.128
1780412618.545267,34.128
1780412618.550728,34.128
1780412618.556073,34.123
1780412618.5614917,34.124
1780412618.5668354,34.124
1780412618.572128,34.123
1780412618.577977,34.122
1780412618.5839148,34.118
1780412618.5898082,34.119
1780412618.5950904,34.118
1780412618.6004646,34.118
1780412618.6059275,34.113
1780412618.6113207,34.114
1780412618.617368,34.113
1780412618.623388,34.113
1780412618.628729,34.108
1780412618.6340857,34.108
1780412618.6398082,34.108
1780412618.6456008,34.108
1780412618.6509073,34.109
1780412618.6563332,34.102
1780412618.66168,34.101
1780412618.6671515,34.101
1780412618.6724565,34.101
1780412618.677884,34.098
1780412618.6832302,34.099
1780412618.6884844,34.099
1780412618.6941214,34.099
1780412618.6995366,34.1
1780412618.704903,34.097
1780412618.710296,34.098
1780412618.7156312,34.098
1780412618.7208776,34.098
1780412618.7264893,34.096
1780412618.7319348,34.097
1780412618.7372746,34.098
1780412618.742666,34.098
1780412618.7481396,34.1
1780412618.7535312,34.097
1780412618.7588859,34.098
1780412618.764286,34.098
1780412618.7696505,34.098
1780412618.7750723,34.095
1780412618.7805228,34.096
1780412618.7859337,34.096
1780412618.7912881,34.097
1780412618.7966967,34.094
1780412618.8020182,34.095
1780412618.8072562,34.095
1780412618.8129086,34.095
1780412618.8183174,34.096
1780412618.8236463,34.093
1780412618.8290324,34.094
1780412618.8344734,34.094
1780412618.839894,34.094
1780412618.8452783,34.091
1780412618.8506904,34.092
1780412618.8560104,34.092
1780412618.8612413,34.092
1780412618.8669095,34.093
1780412618.8722954,34.089
1780412618.8776667,34.09
1780412618.8831136,34.09
1780412618.8884344,34.09
1780412618.89368,34.087
1780412618.8992772,34.087
1780412618.9047332,34.088
1780412618.910092,34.088
1780412618.91548,34.088
1780412618.9208722,34.084
1780412618.9263303,34.085
1780412618.9316943,34.085
1780412618.9371135,34.085
1780412618.9424214,34.083
1780412618.947663,34.083
1780412618.9532902,34.083
1780412618.9587345,34.084
1780412618.9640791,34.084
1780412618.9694946,34.084
1780412618.9748507,34.086
1780412618.9802756,34.089
1780412618.9857006,34.091
1780412618.9911506,34.09
1780412618.9964797,34.09
1780412619.0018675,34.091
1780412619.0072803,34.091
1780412619.0127397,34.092
1780412619.0180774,34.089
1780412619.023534,34.09
1780412619.0288472,34.09
1780412619.0342813,34.09
1780412619.0397465,34.088
1780412619.045152,34.089
1780412619.050483,34.089
1780412619.0558937,34.089
1780412619.0613613,34.09
1780412619.0667367,34.089
1780412619.0720453,34.094
1780412619.077486,34.096
1780412619.0828831,34.099
1780412619.088294,34.097
1780412619.0936913,34.097
1780412619.0991526,34.098
1780412619.1044908,34.097
1780412619.1099367,34.095
1780412619.1152408,34.095
1780412619.1206543,34.096
1780412619.1260884,34.096
1780412619.1315343,34.096
1780412619.1369426,34.091
1780412619.1432128,34.091
1780412619.1491504,34.091
1780412619.1548796,34.091
1780412619.1602879,34.088
1780412619.165662,34.089
1780412619.1710072,34.089
1780412619.1764398,34.089
1780412619.1816337,34.09
1780412619.1873772,34.086
1780412619.1927385,34.087
1780412619.198099,34.087
1780412619.2035193,34.087
1780412619.208884,34.083
1780412619.2143004,34.084
1780412619.2196417,34.085
1780412619.2248802,34.084
1780412619.2306163,34.086
1780412619.2358704,34.079
1780412619.2412298,34.079
1780412619.2464447,34.079
1780412619.252071,34.08
1780412619.2575037,34.076
1780412619.262865,34.076
1780412619.2683346,34.077
1780412619.273648,34.077
1780412619.2791157,34.077
1780412619.2844954,34.073
1780412619.2899387,34.074
1780412619.2952445,34.074
1780412619.3004725,34.074
1780412619.306112,34.07
1780412619.3115335,34.07
1780412619.3168483,34.07
1780412619.3222625,34.07
1780412619.327703,34.071
1780412619.333144,34.067
1780412619.3384814,34.068
1780412619.3439012,34.068
1780412619.3493748,34.069
1780412619.3546972,34.066
1780412619.3600457,34.067
1780412619.3654466,34.067
1780412619.3708434,34.067
1780412619.376082,34.068
1780412619.3816676,34.065
1780412619.387082,34.066
1780412619.3924546,34.066
1780412619.3978398,34.067
1780412619.4032252,34.064
1780412619.408391,34.065
1780412619.414037,34.066
1780412619.4192326,34.066
1780412619.4249432,34.067
1780412619.4303381,34.064
1780412619.4356635,34.064
1780412619.4412131,34.065
1780412619.4465122,34.065
1780412619.4519334,34.061
1780412619.4573135,34.062
1780412619.4627342,34.062
1780412619.4680915,34.062
1780412619.4734852,34.063
1780412619.4788692,34.06
1780412619.48441,34.06
1780412619.4897406,34.06
1780412619.4951448,34.061
1780412619.5004315,34.057
1780412619.505689,34.058
1780412619.5112667,34.058
1780412619.5166564,34.059
1780412619.5221024,34.06
1780412619.527506,34.056
1780412619.5328987,34.057
1780412619.5383072,34.057
1780412619.5437188,34.058
1780412619.5490904,34.054
1780412619.5544767,34.055
1780412619.5598514,34.055
1780412619.5652475,34.056
1780412619.5706446,34.057
1780412619.5760338,34.052
1780412619.58127,34.053
1780412619.5870526,34.053
1780412619.5930185,34.054
1780412619.5983045,34.049
1780412619.6036718,34.05
1780412619.6090643,34.05
1780412619.6144812,34.051
1780412619.62,34.051
1780412619.6252992,34.048
1780412619.6307433,34.049
1780412619.636119,34.05
1780412619.641526,34.05
1780412619.646859,34.046
1780412619.652291,34.047
1780412619.657746,34.048
1780412619.6631083,34.048
1780412619.6685016,34.049
1780412619.6738698,34.045
1780412619.6792822,34.046
1780412619.6847436,34.046
1780412619.6900897,34.046
1780412619.6954768,34.044
1780412619.7009008,34.044
1780412619.7063391,34.045
1780412619.7117,34.045
1780412619.7171168,34.046
1780412619.722451,34.042
1780412619.7276335,34.043
1780412619.733223,34.043
1780412619.738463,34.044
1780412619.7440784,34.041
1780412619.7494369,34.043
1780412619.7548404,34.044
1780412619.7600405,34.044
1780412619.765703,34.045
1780412619.7710867,34.042
1780412619.7764351,34.043
1780412619.781674,34.043
1780412619.7872796,34.044
1780412619.792671,34.041
1780412619.7980225,34.042
1780412619.803218,34.043
1780412619.8088417,34.043
1780412619.814077,34.041
1780412619.8196309,34.04
1780412619.8248296,34.041
1780412619.8304558,34.041
1780412619.8356545,34.041
1780412619.8412228,34.039
1780412619.8463957,34.04
1780412619.8520396,34.041
1780412619.857487,34.041
1780412619.862829,34.041
1780412619.8679976,34.04
1780412619.8736112,34.04
1780412619.878796,34.04
1780412619.8844392,34.041
1780412619.8896363,34.038
1780412619.89523,34.039
1780412619.90044,34.04
1780412619.9061055,34.04
1780412619.9114852,34.038
1780412619.9168062,34.038
1780412619.9220073,34.039
1780412619.9276295,34.039
1780412619.932827,34.04
1780412619.938429,34.037
1780412619.943605,34.038
1780412619.9492598,34.038
1780412619.9544568,34.039
1780412619.9600117,34.036
1780412619.9651828,34.037
1780412619.9708273,34.038
1780412619.9760234,34.038
1780412619.981635,34.039
1780412619.9868283,34.036
1780412619.992438,34.037
1780412619.9976692,34.037
1780412620.0032356,34.038
1780412620.0084298,34.035
1780412620.0140576,34.036
1780412620.0192366,34.036
1780412620.0248363,34.037
1780412620.0299954,34.038
1780412620.0356343,34.035
1780412620.0408123,34.036
1780412620.0464425,34.036
1780412620.0516403,34.037
1780412620.057223,34.033
1780412620.0623877,34.034
1780412620.0680873,34.035
1780412620.0734642,34.038
1780412620.0788965,34.038
1780412620.0842948,34.036
1780412620.0896575,34.036
1780412620.0949028,34.036
1780412620.1004844,34.037
1780412620.105876,34.034
1780412620.1112754,34.035
1780412620.1165035,34.036
1780412620.1220894,34.036
1780412620.127484,34.037
1780412620.132964,34.034
1780412620.1382856,34.035
1780412620.1436446,34.035
1780412620.1488807,34.036
1780412620.1544695,34.033
1780412620.1596708,34.034
1780412620.1652553,34.035
1780412620.170453,34.035
1780412620.1761193,34.036
1780412620.181483,34.033
1780412620.1868372,34.034
1780412620.1920319,34.034
1780412620.1976683,34.035
1780412620.2028553,34.032
1780412620.208452,34.033
1780412620.2136536,34.033
1780412620.2192476,34.034
1780412620.2244322,34.033
1780412620.2300055,34.032
1780412620.235177,34.032
1780412620.2408805,34.033
1780412620.2462614,34.033
1780412620.2516334,34.031
1780412620.2568054,34.032
1780412620.2624795,34.032
1780412620.2678516,34.033
1780412620.2733204,34.033
1780412620.2786849,34.031
1780412620.2840688,34.032
1780412620.289494,34.032
1780412620.2948477,34.033
1780412620.3000364,34.03
1780412620.3056264,34.032
1780412620.3108222,34.032
1780412620.3164396,34.033
1780412620.321646,34.029
1780412620.327268,34.03
1780412620.3327107,34.03
1780412620.338137,34.031
1780412620.343554,34.032
1780412620.3488646,34.028
1780412620.3542976,34.029
1780412620.3597524,34.029
1780412620.3651397,34.03
1780412620.3704698,34.029
1780412620.3759036,34.027
1780412620.3813202,34.027
1780412620.3867085,34.028
1780412620.3921165,34.028
1780412620.3974874,34.025
1780412620.4028852,34.026
1780412620.4083543,34.027
1780412620.4136887,34.027
1780412620.4191022,34.024
1780412620.4244254,34.024
1780412620.429671,34.025
1780412620.4353313,34.025
1780412620.4407485,34.025
1780412620.4460907,34.021
1780412620.4515228,34.022
1780412620.4569035,34.023
1780412620.4623432,34.023
1780412620.467732,34.024
1780412620.473105,34.022
1780412620.4784303,34.023
1780412620.48367,34.023
1780412620.4893358,34.024
1780412620.4947498,34.022
1780412620.5001154,34.023
1780412620.5055366,34.024
1780412620.510886,34.024
1780412620.5163555,34.022
1780412620.5216815,34.021
1780412620.5278308,34.022
1780412620.5337827,34.022
1780412620.5391428,34.023
1780412620.5444694,34.018
1780412620.549976,34.019
1780412620.5556765,34.019
1780412620.561308,34.019
1780412620.566711,34.014
1780412620.5720453,34.015
1780412620.5773463,34.015
1780412620.583194,34.016
1780412620.5888863,34.016
1780412620.5943182,34.011
1780412620.5997334,34.011
1780412620.6050944,34.011
1780412620.6105125,34.011
1780412620.6159203,34.007
1780412620.6212971,34.008
1780412620.626721,34.008
1780412620.6320934,34.009
1780412620.6375103,34.009
1780412620.642879,34.006
1780412620.6482728,34.007
1780412620.6537201,34.01
1780412620.6591067,34.013
1780412620.6645498,34.029
1780412620.6698909,34.046
1780412620.67524,34.062
1780412620.6804214,34.082
1780412620.6860318,34.099
1780412620.6912894,34.118
1780412620.6968324,34.134
1780412620.7019944,34.143
1780412620.7075956,34.148
1780412620.7128167,34.149
1780412620.7185564,34.157
1780412620.723922,34.158
1780412620.7292938,34.159
1780412620.734711,34.161
1780412620.7400868,34.157
1780412620.7455108,34.157
1780412620.7508612,34.157
1780412620.75627,34.157
1780412620.7617574,34.158
1780412620.7671628,34.153
1780412620.7725127,34.153
1780412620.7779212,34.152
1780412620.783275,34.152
1780412620.7886617,34.148
1780412620.7941418,34.147
1780412620.799557,34.147
1780412620.804921,34.147
1780412620.8103175,34.147
1780412620.8156738,34.143
1780412620.8211145,34.143
1780412620.8265264,34.142
1780412620.831955,34.142
1780412620.8373086,34.138
1780412620.8427308,34.138
1780412620.8481355,34.138
1780412620.8535564,34.137
1780412620.8590236,34.137
1780412620.8643703,34.132
1780412620.8696773,34.132
1780412620.8750935,34.132
1780412620.8805244,34.131
1780412620.8859632,34.126
1780412620.8913627,34.126
1780412620.8967247,34.126
1780412620.9020867,34.126
1780412620.907504,34.126
1780412620.9129083,34.121
1780412620.9183571,34.122
1780412620.9239106,34.121
1780412620.929806,34.121
1780412620.935127,34.116
1780412620.9405744,34.116
1780412620.945963,34.116
1780412620.9514198,34.115
1780412620.9573662,34.115
1780412620.9627347,34.111
1780412620.9681294,34.11
1780412620.9738274,34.11
1780412620.97963,34.11
1780412620.9848497,34.099
1780412620.9900553,34.088
1780412620.9956918,34.095
1780412621.0010867,34.106
1780412621.0067363,34.115
1780412621.0126066,34.124
1780412621.0179074,34.135
1780412621.0233216,34.143
1780412621.0287664,34.153
1780412621.0343637,34.165
1780412621.0403008,34.173
1780412621.045811,34.184
1780412621.051303,34.194
1780412621.0571294,34.202
1780412621.0623875,34.214
1780412621.0676885,34.223
1780412621.0730836,34.241
1780412621.07844,34.251
1780412621.0836246,35.0
1780412621.0892572,35.004
1780412621.0947404,35.004
1780412621.1009693,35.006
1780412621.1062756,35.002
1780412621.1118379,35.001
1780412621.1179366,35.0
1780412621.1232543,35.0
1780412621.1288862,34.251
1780412621.1342762,34.25
1780412621.1397307,34.249
1780412621.145161,34.248
1780412621.1504707,34.247
1780412621.1559365,34.243
1780412621.1612782,34.242
1780412621.1667097,34.241
1780412621.1721315,34.241
1780412621.1775124,34.236
1780412621.1829035,34.236
1780412621.1882675,34.235
1780412621.1936631,34.234
1780412621.1988628,34.23
1780412621.2044408,34.23
1780412621.2096343,34.229
1780412621.2152543,34.228
1780412621.2204897,34.228
1780412621.226102,34.223
1780412621.2314951,34.223
1780412621.236869,34.223
1780412621.242075,34.222
1780412621.2476676,34.219
1780412621.2528613,34.219
1780412621.2584758,34.219
1780412621.2636862,34.219
1780412621.2692897,34.219
1780412621.2746809,34.214
1780412621.2800553,34.214
1780412621.2852287,34.213
1780412621.290914,34.213
1780412621.296327,34.208
1780412621.3016593,34.208
1780412621.3068523,34.207
1780412621.3124716,34.207
1780412621.3179104,34.207
1780412621.323267,34.201
1780412621.328483,34.201
1780412621.3340702,34.201
1780412621.3392644,34.201
1780412621.3448555,34.198
1780412621.3500063,34.196
1780412621.355782,34.196
1780412621.3610978,34.196
1780412621.3665605,34.196
1780412621.3719263,34.19
1780412621.3772879,34.19
1780412621.3826706,34.19
1780412621.3880398,34.19
1780412621.3932397,34.185
1780412621.3988595,34.185
1780412621.4040642,34.185
1780412621.4098256,34.184
1780412621.4158082,34.185
1780412621.4211223,34.179
1780412621.4265337,34.178
1780412621.4319227,34.179
1780412621.4373507,34.179
1780412621.4427235,34.175
1780412621.4480731,34.175
1780412621.4532714,34.175
1780412621.4589076,34.175
1780412621.4643252,34.175
1780412621.4696789,34.171
1780412621.4750981,34.172
1780412621.480519,34.172
1780412621.485882,34.172
1780412621.4912605,34.168
1780412621.496435,34.168
1780412621.5021243,34.169
1780412621.5075703,34.168
1780412621.5129035,34.169
1780412621.5182827,34.165
1780412621.5236566,34.165
1780412621.528861,34.165
1780412621.5344915,34.165
1780412621.5398896,34.163
1780412621.5453026,34.164
1780412621.5506887,34.164
1780412621.556088,34.164
1780412621.5614805,34.165
1780412621.5669506,34.161
1780412621.572307,34.161
1780412621.5776715,34.161
1780412621.5828753,34.161
1780412621.58847,34.158
1780412621.5936477,34.159
1780412621.5992658,34.159
1780412621.6044626,34.159
1780412621.6101487,34.16
1780412621.615507,34.155
1780412621.6209052,34.155
1780412621.6262717,34.155
1780412621.631708,34.155
1780412621.6370792,34.152
1780412621.642499,34.153
1780412621.6478682,34.153
1780412621.653435,34.153
1780412621.658774,34.151
1780412621.6641333,34.151
1780412621.669577,34.151
1780412621.6751964,34.151
1780412621.6810877,34.152
1780412621.6863205,34.146
1780412621.6916687,34.146
1780412621.6969533,34.146
1780412621.7027974,34.146
1780412621.7084951,34.141
1780412621.7142303,34.141
1780412621.7198098,34.141
1780412621.725502,34.139
1780412621.7313805,34.14
1780412621.7367053,34.135
1780412621.7420726,34.136
1780412621.747277,34.136
1780412621.7529173,34.136
1780412621.7582734,34.132
1780412621.7636862,34.132
1780412621.7688813,34.132
1780412621.7744732,34.131
1780412621.7796733,34.132
1780412621.7852683,34.128
1780412621.7904396,34.128
1780412621.7960858,34.128
1780412621.8012838,34.128
1780412621.8068533,34.123
1780412621.812028,34.124
1780412621.8176696,34.124
1780412621.8228617,34.124
1780412621.8285553,34.125
1780412621.8339174,34.12
1780412621.8392773,34.12
1780412621.8444731,34.12
1780412621.8500834,34.12
1780412621.8552773,34.116
1780412621.8609009,34.116
1780412621.8662755,34.116
1780412621.871676,34.116
1780412621.8768659,34.116
1780412621.8824623,34.113
1780412621.8876534,34.113
1780412621.8933008,34.113
1780412621.898675,34.114
1780412621.904056,34.11
1780412621.9092283,34.11
1780412621.9149296,34.11
1780412621.9203088,34.11
1780412621.92574,34.111
1780412621.9311144,34.106
1780412621.9365003,34.106
1780412621.941874,34.106
1780412621.9472594,34.107
1780412621.9524574,34.102
1780412621.9580913,34.103
1780412621.9633272,34.102
1780412621.9688816,34.103
1780412621.9742863,34.101
1780412621.9796596,34.099
1780412621.9848263,34.1
1780412621.9904895,34.1
1780412621.9956784,34.101
1780412622.0012574,34.098
1780412622.0064352,34.099
1780412622.0120785,34.099
1780412622.0172746,34.1
1780412622.0228496,34.098
1780412622.0280087,34.098
1780412622.0336432,34.098
1780412622.0388784,34.098
1780412622.044499,34.099
1780412622.0498898,34.097
1780412622.0552733,34.098
1780412622.060479,34.098
1780412622.0660803,34.098
1780412622.0712738,34.099
1780412622.0768578,34.101
1780412622.0820444,34.101
1780412622.0876856,34.101
1780412622.0928843,34.102
1780412622.09847,34.099
1780412622.1036437,34.1
1780412622.109283,34.1
1780412622.1144795,34.1
1780412622.1200738,34.098
1780412622.1252425,34.099
1780412622.1308868,34.099
1780412622.1360803,34.099
1780412622.1417518,34.1
1780412622.1472597,34.097
1780412622.1525683,34.098
1780412622.157982,34.098
1780412622.163325,34.098
1780412622.16878,34.095
1780412622.1742785,34.096
1780412622.179922,34.096
1780412622.1856146,34.096
1780412622.1910498,34.097
1780412622.196323,34.092
1780412622.2017314,34.094
1780412622.2071831,34.096
1780412622.2125378,34.098
1780412622.2180445,34.095
1780412622.2236052,34.095
1780412622.2297342,34.095
1780412622.2353263,34.095
1780412622.2408195,34.09
1780412622.2462628,34.089
1780412622.2521062,34.09
1780412622.2574751,34.09
1780412622.2628977,34.091
1780412622.268386,34.087
1780412622.273726,34.088
1780412622.2791905,34.088
1780412622.2844954,34.089
1780412622.2899168,34.085
1780412622.2953103,34.085
1780412622.3007212,34.086
1780412622.306072,34.086
1780412622.3112886,34.087
1780412622.3169336,34.083
1780412622.3223748,34.084
1780412622.3277018,34.085
1780412622.3331301,34.085
1780412622.3385432,34.084
1780412622.3439844,34.083
1780412622.34938,34.084
1780412622.3547473,34.084
1780412622.36014,34.085
1780412622.36554,34.08
1780412622.3708947,34.081
1780412622.3762832,34.082
1780412622.3817575,34.082
1780412622.3871408,34.079
1780412622.3924716,34.078
1780412622.39767,34.079
1780412622.4032817,34.079
1780412622.4085178,34.08
1780412622.4141154,34.076
1780412622.4194996,34.076
1780412622.4249036,34.077
1780412622.4302855,34.077
1780412622.4357293,34.078
1780412622.4410856,34.073
1780412622.4464922,34.074
1780412622.4516857,34.074
1780412622.4572983,34.075
1780412622.4626715,34.07
1780412622.468086,34.071
1780412622.4732754,34.072
1780412622.4789166,34.072
1780412622.4843435,34.073
1780412622.4896774,34.068
1780412622.4948735,34.069
1780412622.500503,34.069
1780412622.5059261,34.07
1780412622.5112882,34.066
1780412622.516493,34.066
1780412622.5220795,34.067
1780412622.527253,34.067
1780412622.532909,34.068
1780412622.5383537,34.064
1780412622.5437486,34.065
1780412622.5491457,34.065
1780412622.5544946,34.066
1780412622.5598848,34.062
1780412622.5653086,34.063
1780412622.5707798,34.064
1780412622.5761287,34.064
1780412622.5815208,34.066
1780412622.5868897,34.062
1780412622.5921304,34.063
1780412622.5977314,34.063
1780412622.6031945,34.064
1780412622.608484,34.06
1780412622.6136758,34.061
1780412622.6192992,34.062
1780412622.6246958,34.062
1780412622.6301274,34.063
1780412622.6355488,34.061
1780412622.640896,34.061
1780412622.6462796,34.062
1780412622.6517005,34.062
1780412622.6570792,34.06
1780412622.6624513,34.061
1780412622.6676888,34.061
1780412622.6733122,34.062
1780412622.6787465,34.063
1780412622.684109,34.06
1780412622.6892924,34.061
1780412622.6949215,34.061
1780412622.7002952,34.062
1780412622.7056742,34.059
1780412622.7108426,34.06
1780412622.7164977,34.06
1780412622.7218866,34.06
1780412622.7273257,34.061
1780412622.7326927,34.058
1780412622.7381165,34.059
1780412622.743493,34.059
1780412622.7488852,34.06
1780412622.754078,34.058
1780412622.7596617,34.059
1780412622.7648563,34.06
1780412622.7704923,34.06
1780412622.7757046,34.062
1780412622.781415,34.058
1780412622.7867205,34.059
1780412622.7921233,34.06
1780412622.7975006,34.06
1780412622.8028471,34.058
1780412622.8080251,34.059
1780412622.8136485,34.06
1780412622.8188422,34.06
1780412622.8245528,34.061
1780412622.8299196,34.059
1780412622.8352873,34.06
1780412622.8404777,34.061
1780412622.8461173,34.061
1780412622.8514893,34.059
1780412622.856896,34.06
1780412622.8621354,34.061
1780412622.8677287,34.061
1780412622.873124,34.061
1780412622.8784602,34.06
1780412622.8836482,34.061
1780412622.8893163,34.061
1780412622.8946884,34.062
1780412622.9000833,34.059
1780412622.905255,34.06
1780412622.9109607,34.061
1780412622.916339,34.061
1780412622.9217482,34.061
1780412622.9271033,34.06
1780412622.9324968,34.061
1780412622.937697,34.061
1780412622.9432943,34.062
1780412622.9484882,34.06
1780412622.9540842,34.061
1780412622.9592814,34.061
1780412622.964892,34.062
1780412622.970103,34.059
1780412622.97569,34.06
1780412622.9809058,34.061
1780412622.9864876,34.061
1780412622.9916625,34.062
1780412622.997251,34.06
1780412623.0024242,34.061
1780412623.008064,34.062
1780412623.0132625,34.062
1780412623.018843,34.06
1780412623.023998,34.061
1780412623.029153,34.061
1780412623.0345013,34.062
1780412623.0396948,34.063
1780412623.045275,34.062
1780412623.050447,34.066
1780412623.0560818,34.068
1780412623.0613165,34.071
1780412623.0668805,34.07
1780412623.0720696,34.073
1780412623.0776968,34.075
1780412623.0831416,34.075
1780412623.0885472,34.076
1780412623.0940764,34.072
1780412623.099383,34.073
1780412623.104788,34.074
1780412623.1101635,34.074
1780412623.1155872,34.071
1780412623.120897,34.072
1780412623.126147,34.073
1780412623.1317625,34.073
1780412623.13719,34.074
1780412623.1425347,34.07
1780412623.1479545,34.071
1780412623.153281,34.072
1780412623.1585197,34.072
1780412623.1641598,34.07
1780412623.1695457,34.07
1780412623.174909,34.073
1780412623.180323,34.074
1780412623.1857488,34.075
1780412623.1912,34.071
1780412623.1965547,34.073
1780412623.2020102,34.073
1780412623.2073166,34.074
1780412623.2127094,34.071
1780412623.2181358,34.072
1780412623.223596,34.072
1780412623.2289498,34.073
1780412623.2343519,34.074
1780412623.2396843,34.071
1780412623.2449257,34.072
1780412623.2505834,34.072
1780412623.256013,34.073
1780412623.2613304,34.071
1780412623.2667584,34.071
1780412623.2720902,34.072
1780412623.2772925,34.072
1780412623.2829413,34.073
1780412623.2883906,34.072
1780412623.2937293,34.072
1780412623.299166,34.073
1780412623.3045495,34.074
1780412623.310017,34.072
1780412623.3153298,34.073
1780412623.320793,34.074
1780412623.3261216,34.074
1780412623.3315127,34.076
1780412623.3369308,34.072
1780412623.3423953,34.073
1780412623.3477829,34.073
1780412623.353168,34.074
1780412623.3585017,34.072
1780412623.363733,34.073
1780412623.3693602,34.074
1780412623.3747895,34.074
1780412623.3801541,34.075
1780412623.3855479,34.073
1780412623.391021,34.074
1780412623.3964007,34.074
1780412623.4017484,34.075
1780412623.407197,34.071
1780412623.4125626,34.071
1780412623.4179778,34.072
1780412623.4233706,34.072
1780412623.4287503,34.075
1780412623.4342291,34.072
1780412623.4395638,34.073
1780412623.4449246,34.074
1780412623.4503644,34.074
1780412623.4557483,34.072
1780412623.4611986,34.073
1780412623.4665673,34.073
1780412623.4719536,34.074
1780412623.477361,34.075
1780412623.4827816,34.073
1780412623.488118,34.074
1780412623.4935527,34.075
1780412623.4989524,34.076
1780412623.5043888,34.074
1780412623.5097642,34.075
1780412623.5151978,34.075
1780412623.520561,34.076
1780412623.5259666,34.075
1780412623.531274,34.075
1780412623.5365152,34.076
1780412623.5421216,34.077
1780412623.5475404,34.078
1780412623.55294,34.076
1780412623.5583642,34.077
1780412623.5637653,34.078
1780412623.5691981,34.079
1780412623.5745406,34.078
1780412623.5800183,34.078
1780412623.5852985,34.078
1780412623.5905492,34.079
1780412623.5961552,34.079
1780412623.6016033,34.077
1780412623.6069531,34.078
1780412623.6123667,34.079
1780412623.6177073,34.079
1780412623.6229498,34.077
1780412623.6285336,34.077
1780412623.6340163,34.078
1780412623.6393735,34.078
1780412623.6447585,34.079
1780412623.6501434,34.077
1780412623.6556036,34.078
1780412623.6609619,34.078
1780412623.6664019,34.078
1780412623.67171,34.077
1780412623.6771126,34.077
1780412623.6825602,34.078
1780412623.6880162,34.078
1780412623.693371,34.078
1780412623.6987598,34.077
1780412623.7040908,34.078
1780412623.709333,34.078
1780412623.7149773,34.078
1780412623.720397,34.076
1780412623.7257452,34.077
1780412623.7311687,34.077
1780412623.736555,34.078
1780412623.7420201,34.079
1780412623.7473364,34.076
1780412623.7527997,34.077
1780412623.7581227,34.078
1780412623.7633061,34.078
1780412623.7689047,34.076
1780412623.7743924,34.077
1780412623.7797465,34.078
1780412623.7851691,34.078
1780412623.7905114,34.079
1780412623.7957542,34.075
1780412623.8013647,34.076
1780412623.8069196,34.076
1780412623.8128252,34.077
1780412623.8181145,34.072
1780412623.8235083,34.071
1780412623.8288906,34.071
1780412623.8343015,34.071
1780412623.8398187,34.071
1780412623.8452587,34.065
1780412623.8510256,34.065
1780412623.8565683,34.064
1780412623.8620992,34.064
1780412623.8675702,34.059
1780412623.87336,34.06
1780412623.87876,34.061
1780412623.8841996,34.061
1780412623.8896067,34.062
1780412623.8949115,34.057
1780412623.9003124,34.058
1780412623.9057088,34.058
1780412623.9109442,34.058
1780412623.9164958,34.058
1780412623.9217277,34.055
1780412623.9274075,34.056
1780412623.9327686,34.056
1780412623.9381213,34.057
1780412623.9435103,34.052
1780412623.9490068,34.053
1780412623.9544833,34.053
1780412623.9601429,34.054
1780412623.965813,34.054
1780412623.9711661,34.049
1780412623.9765835,34.05
1780412623.9820247,34.05
1780412623.987329,34.051
1780412623.992775,34.048
1780412623.9981642,34.049
1780412624.0035572,34.049
1780412624.008947,34.049
1780412624.0144126,34.05
1780412624.0197692,34.046
1780412624.025164,34.047
1780412624.0305254,34.047
1780412624.0359457,34.048
1780412624.0413542,34.045
1780412624.0468063,34.046
1780412624.0522192,34.047
1780412624.0582252,34.047
1780412624.063553,34.047
1780412624.068881,34.045
1780412624.0740554,34.049
1780412624.0797317,34.049
1780412624.0851667,34.05
1780412624.0905292,34.048
1780412624.0959225,34.05
1780412624.1013901,34.05
1780412624.1068103,34.051
1780412624.112224,34.052
1780412624.1175644,34.049
1780412624.1229186,34.049
1780412624.1283035,34.05
1780412624.1337178,34.05
1780412624.1389124,34.048
1780412624.144547,34.049
1780412624.14992,34.05
1780412624.1553366,34.05
1780412624.1607125,34.052
1780412624.1663656,34.029
1780412624.1715584,34.035
1780412624.176977,34.045
1780412624.1823566,34.056
1780412624.187783,34.066
1780412624.1931932,34.076
1780412624.1988308,34.088
1780412624.204702,34.097
1780412624.2099462,34.108
1780412624.2153375,34.116
1780412624.2207677,34.128
1780412624.2261138,34.137
1780412624.2313476,34.148
1780412624.2370348,34.156
1780412624.242342,34.168
1780412624.2477517,34.179
1780412624.2531993,34.195
1780412624.2584713,34.198
1780412624.2636554,34.201
1780412624.2694185,34.201
1780412624.2747426,34.201
1780412624.2801106,34.203
1780412624.285512,34.199
1780412624.29089,34.199
1780412624.2961483,34.199
1780412624.3017416,34.199
1780412624.3071396,34.197
1780412624.3125103,34.196
1780412624.3177516,34.196
1780412624.3233314,34.196
1780412624.3287218,34.194
1780412624.3340957,34.194
1780412624.3392692,34.194
1780412624.3448982,34.195
1780412624.3501372,34.195
1780412624.3557324,34.193
1780412624.3609176,34.193
1780412624.3665085,34.194
1780412624.3717482,34.194
1780412624.377309,34.192
1780412624.3824928,34.192
1780412624.388122,34.193
1780412624.393513,34.193
1780412624.3989465,34.194
1780412624.4043727,34.19
1780412624.4097953,34.191
1780412624.4151657,34.191
1780412624.4205592,34.192
1780412624.4259753,34.187
1780412624.4313576,34.188
1780412624.4368129,34.188
1780412624.4421496,34.189
1780412624.447579,34.19
1780412624.4530401,34.185
1780412624.458414,34.186
1780412624.4637756,34.186
1780412624.4691772,34.187
1780412624.4745023,34.183
1780412624.4796817,34.183
1780412624.4853325,34.184
1780412624.4908092,34.183
1780412624.4962096,34.184
1780412624.5015569,34.179
1780412624.5069377,34.18
1780412624.5124142,34.18
1780412624.517763,34.18
1780412624.5231733,34.176
1780412624.5285711,34.176
1780412624.5340235,34.177
1780412624.5393803,34.177
1780412624.5447738,34.176
1780412624.55016,34.173
1780412624.5555773,34.173
1780412624.5609567,34.173
1780412624.5663958,34.173
1780412624.5717118,34.168
1780412624.5769672,34.169
1780412624.5825682,34.169
1780412624.587977,34.168
1780412624.5934048,34.169
1780412624.5987928,34.165
1780412624.6041822,34.165
1780412624.6098566,34.165
1780412624.615414,34.164
1780412624.6209636,34.158
1780412624.6263638,34.159
1780412624.6317384,34.159
1780412624.6369588,34.158
1780412624.6426256,34.158
1780412624.6479578,34.154
1780412624.6533382,34.154
1780412624.658718,34.153
1780412624.6641557,34.153
1780412624.6695259,34.148
1780412624.6749296,34.149
1780412624.6803148,34.149
1780412624.6857796,34.149
1780412624.6911778,34.146
1780412624.6965096,34.144
1780412624.7017097,34.144
1780412624.707325,34.144
1780412624.7125616,34.144
1780412624.718107,34.14
1780412624.7233152,34.14
1780412624.7289393,34.14
1780412624.734366,34.14
1780412624.739819,34.14
1780412624.745158,34.135
1780412624.7505224,34.135
1780412624.755719,34.135
1780412624.7613115,34.136
1780412624.7664912,34.131
1780412624.7722428,34.131
1780412624.7779505,34.131
1780412624.7836556,34.131
1780412624.7889404,34.129
1780412624.7943368,34.126
1780412624.7997525,34.126
1780412624.8052201,34.126
1780412624.8105936,34.126
1780412624.815974,34.122
1780412624.8214202,34.122
1780412624.8267562,34.122
1780412624.8321564,34.122
1780412624.8375802,34.119
1780412624.842922,34.118
1780412624.848319,34.118
1780412624.8537562,34.118
1780412624.859126,34.118
1780412624.864514,34.114
1780412624.8697054,34.114
1780412624.8753226,34.114
1780412624.880514,34.114
1780412624.886178,34.114
1780412624.8915298,34.11
1780412624.8969076,34.111
1780412624.9021509,34.111
1780412624.9077644,34.111
1780412624.9131532,34.107
1780412624.9185443,34.107
1780412624.9239197,34.107
1780412624.9293635,34.107
1780412624.9347804,34.104
1780412624.940109,34.103
1780412624.945306,34.103
1780412624.9509287,34.103
1780412624.956373,34.104
1780412624.961706,34.1
1780412624.9668834,34.1
1780412624.9725192,34.1
1780412624.9777706,34.1
1780412624.983412,34.1
1780412624.9887645,34.098
1780412624.9941227,34.1
1780412624.9996972,34.101
1780412625.0052502,34.104
1780412625.0109568,34.099
1780412625.01636,34.1
1780412625.0217004,34.1
1780412625.026966,34.1
1780412625.032524,34.099
1780412625.0379298,34.096
1780412625.0433173,34.096
1780412625.0488186,34.096
1780412625.05438,34.097
1780412625.0601618,34.093
1780412625.0655255,34.094
1780412625.0709493,34.096
1780412625.0763772,34.098
1780412625.081711,34.096
1780412625.086918,34.097
1780412625.0925229,34.098
1780412625.0977237,34.098
1780412625.103397,34.099
1780412625.108778,34.095
1780412625.1140945,34.096
1780412625.1193027,34.096
1780412625.1249418,34.096
1780412625.1303258,34.092
1780412625.1357698,34.092
1780412625.1412227,34.092
1780412625.1465454,34.092
1780412625.1519353,34.092
1780412625.1573005,34.088
1780412625.1624777,34.088
1780412625.1681201,34.087
1780412625.1733189,34.088
1780412625.1788914,34.082
1780412625.1840692,34.082
1780412625.1897242,34.082
1780412625.1949177,34.082
1780412625.200529,34.083
1780412625.2059593,34.078
1780412625.211321,34.078
1780412625.2165353,34.078
1780412625.2221248,34.078
1780412625.2273192,34.074
1780412625.2329593,34.074
1780412625.2383385,34.074
1780412625.2437634,34.075
1780412625.2491417,34.076
1780412625.2545314,34.07
1780412625.259709,34.07
1780412625.2653291,34.07
1780412625.270528,34.07
1780412625.2761276,34.067
1780412625.2812874,34.067
1780412625.286951,34.067
1780412625.292336,34.066
1780412625.2977648,34.067
1780412625.3032727,34.064
1780412625.3085816,34.064
1780412625.3140275,34.064
1780412625.319392,34.064
1780412625.3248386,34.061
1780412625.3302755,34.062
1780412625.3356323,34.062
1780412625.3410196,34.061
1780412625.3463886,34.062
1780412625.351705,34.058
1780412625.35691,34.058
1780412625.3626702,34.058
1780412625.3680484,34.058
1780412625.3735297,34.054
1780412625.3793175,34.053
1780412625.3855143,34.052
1780412625.3914356,34.052
1780412625.396804,34.048
1780412625.4021668,34.048
1780412625.4078815,34.048
1780412625.4142084,34.047
1780412625.4196842,34.048
1780412625.4250708,34.043
1780412625.4309397,34.043
1780412625.4363601,34.043
1780412625.441764,34.044
1780412625.4471905,34.038
1780412625.4525752,34.039
1780412625.4579308,34.039
1780412625.4633367,34.039
1780412625.468582,34.04
1780412625.4742582,34.035
1780412625.4795935,34.035
1780412625.484945,34.035
1780412625.490343,34.036
1780412625.4957097,34.032
1780412625.5009487,34.032
1780412625.5068328,34.032
1780412625.5127409,34.032
1780412625.517974,34.033
1780412625.5233874,34.027
1780412625.5288248,34.027
1780412625.5342653,34.027
1780412625.53963,34.028
1780412625.5449326,34.024
1780412625.5501342,34.024
1780412625.555721,34.024
1780412625.5609221,34.024
1780412625.5665267,34.024
1780412625.5717041,34.019
1780412625.5773222,34.02
1780412625.5825608,34.02
1780412625.5881732,34.02
1780412625.5935593,34.016
1780412625.598905,34.016
1780412625.604292,34.016
1780412625.6100273,34.015
1780412625.6158378,34.016
1780412625.6211658,34.011
1780412625.626532,34.011
1780412625.63174,34.011
1780412625.6373382,34.011
1780412625.642533,34.007
1780412625.6481102,34.008
1780412625.6533067,34.008
1780412625.6589339,34.008
1780412625.6643226,34.009
1780412625.6697197,34.004
1780412625.6749697,34.004
1780412625.6807313,34.005
1780412625.6859725,34.005
1780412625.6913161,34.001
1780412625.6964767,34.001
1780412625.7021346,34.003
1780412625.7075474,34.005
1780412625.7129447,34.016
1780412625.71813,34.039
1780412625.7237031,34.059
1780412625.728895,34.083
1780412625.7345886,34.102
1780412625.7399487,34.122
1780412625.7452805,34.139
1780412625.750454,34.152
1780412625.7561102,34.156
1780412625.7612643,34.158
1780412625.7670233,34.163
1780412625.772435,34.167
1780412625.778089,34.167
1780412625.783944,34.167
1780412625.7892592,34.162
1780412625.7945511,34.163
1780412625.7999403,34.163
1780412625.8053544,34.162
1780412625.8107905,34.163
1780412625.816201,34.16
1780412625.8215883,34.16
1780412625.8269596,34.16
1780412625.8323982,34.16
1780412625.8377569,34.156
1780412625.84314,34.156
1780412625.8485687,34.157
1780412625.85394,34.157
1780412625.8593528,34.157
1780412625.8647327,34.151
1780412625.8701468,34.152
1780412625.8753831,34.152
1780412625.880963,34.153
1780412625.8863409,34.149
1780412625.891703,34.149
1780412625.8968952,34.15
1780412625.9025137,34.15
1780412625.9077337,34.151
1780412625.9133322,34.147
1780412625.9185474,34.148
1780412625.9241607,34.148
1780412625.9295285,34.149
1780412625.9349196,34.145
1780412625.9401634,34.146
1780412625.9457548,34.147
1780412625.951194,34.147
1780412625.9565852,34.148
1780412625.9619913,34.143
1780412625.9673254,34.143
1780412625.9725115,34.144
1780412625.978161,34.144
1780412625.9835956,34.14
1780412625.9889212,34.14
1780412625.9941905,34.14
1780412625.9997683,34.141
1780412626.0052004,34.141
1780412626.0105486,34.137
1780412626.0157318,34.137
1780412626.0214126,34.14
1780412626.0267756,34.141
1780412626.0321074,34.14
1780412626.0372858,34.145
1780412626.0429478,34.158
1780412626.0483894,34.165
1780412626.053763,34.168
1780412626.0589812,34.172
1780412626.064545,34.175
1780412626.0697296,34.178
1780412626.0753124,34.181
1780412626.0804996,34.18
1780412626.0862172,34.187
1780412626.091574,34.188
1780412626.097011,34.187
1780412626.102429,34.187
1780412626.1077332,34.183
1780412626.1129448,34.183
1780412626.1185312,34.183
1780412626.1237652,34.183
1780412626.1293895,34.181
1780412626.1351745,34.177
1780412626.141494,34.176
1780412626.1474493,34.176
1780412626.1528249,34.176
1780412626.1581957,34.17
1780412626.1635947,34.169
1780412626.1692529,34.169
1780412626.1752706,34.169
1780412626.1809547,34.163
1780412626.1861908,34.163
1780412626.191805,34.163
1780412626.1971915,34.165
1780412626.20258,34.166
1780412626.2080297,34.162
1780412626.2133532,34.165
1780412626.218583,34.17
1780412626.224192,34.171
1780412626.2296023,34.173
1780412626.234952,34.18
1780412626.240385,34.18
1780412626.2457936,34.18
1780412626.251227,34.179
1780412626.256583,34.175
1780412626.2620196,34.175
1780412626.2673469,34.175
1780412626.272521,34.175
1780412626.278135,34.169
1780412626.283335,34.169
1780412626.2891076,34.168
1780412626.2950864,34.168
1780412626.3004432,34.166
1780412626.3057635,34.162
1780412626.3111527,34.162
1780412626.316596,34.161
1780412626.322039,34.161
1780412626.3273633,34.155
1780412626.332799,34.155
1780412626.3381574,34.155
1780412626.3435845,34.154
1780412626.3490727,34.156
1780412626.3543851,34.153
1780412626.3597293,34.155
1780412626.3649232,34.159
1780412626.3705313,34.162
1780412626.3759742,34.161
1780412626.3813646,34.161
1780412626.3867419,34.161
1780412626.3921654,34.161
1780412626.3976362,34.162
1780412626.4030073,34.157
1780412626.4083977,34.157
1780412626.4137344,34.157
1780412626.418972,34.157
1780412626.4245944,34.153
1780412626.4300406,34.153
1780412626.435392,34.153
1780412626.4407997,34.152
1780412626.446157,34.153
1780412626.4515834,34.149
1780412626.456971,34.149
1780412626.4623857,34.149
1780412626.4677505,34.149
1780412626.4729404,34.145
1780412626.4786313,34.145
1780412626.4840071,34.145
1780412626.4893413,34.145
1780412626.4945822,34.145
1780412626.500182,34.142
1780412626.5056114,34.142
1780412626.5110068,34.142
1780412626.5164433,34.141
1780412626.5218065,34.137
1780412626.5272074,34.137
1780412626.5325587,34.137
1780412626.537986,34.137
1780412626.543478,34.137
1780412626.5488396,34.133
1780412626.5541716,34.133
1780412626.5595632,34.132
1780412626.5650003,34.133
1780412626.5703728,34.129
1780412626.575759,34.129
1780412626.581145,34.129
1780412626.5865467,34.129
1780412626.5917857,34.129
1780412626.5973878,34.125
1780412626.6028426,34.125
1780412626.608223,34.125
1780412626.613601,34.125
1780412626.6189175,34.12
1780412626.6241639,34.121
1780412626.629806,34.121
1780412626.635247,34.12
1780412626.640601,34.12
1780412626.6459796,34.116
1780412626.6513708,34.116
1780412626.656842,34.116
1780412626.6621928,34.116
1780412626.66762,34.112
1780412626.6729622,34.113
1780412626.6784015,34.113
1780412626.6837778,34.113
1780412626.689219,34.113
1780412626.6945992,34.109
1780412626.7000096,34.109
1780412626.7053583,34.109
1780412626.7107987,34.109
1780412626.7162175,34.105
1780412626.7216334,34.105
1780412626.7270207,34.105
1780412626.7324069,34.105
1780412626.7377963,34.105
1780412626.743249,34.102
1780412626.748593,34.102
1780412626.7540398,34.102
1780412626.7593813,34.102
1780412626.7647665,34.098
1780412626.7701771,34.099
1780412626.7756443,34.099
1780412626.7810707,34.098
1780412626.7871025,34.099
1780412626.7923994,34.094
1780412626.7977643,34.094
1780412626.8031883,34.093
1780412626.8086038,34.093
1780412626.8140466,34.089
1780412626.819384,34.089
1780412626.8247485,34.089
1780412626.8301568,34.089
1780412626.835328,34.09
1780412626.8409424,34.085
1780412626.8461916,34.085
1780412626.8517735,34.085
1780412626.8571727,34.085
1780412626.862559,34.083
1780412626.867983,34.083
1780412626.873393,34.084
1780412626.8788145,34.083
1780412626.8841434,34.084
1780412626.8893616,34.081
1780412626.894977,34.081
1780412626.9004498,34.081
1780412626.9058027,34.081
1780412626.9112067,34.079
1780412626.9165778,34.08
1780412626.9220462,34.08
1780412626.927409,34.08
1780412626.9328492,34.08
1780412626.9381845,34.078
1780412626.943583,34.078
1780412626.9490163,34.078
1780412626.954443,34.078
1780412626.959787,34.073
1780412626.965207,34.074
1780412626.9706283,34.075
1780412626.976033,34.074
1780412626.981402,34.075
1780412626.9868493,34.072
1780412626.9921963,34.072
1780412626.997585,34.072
1780412627.0029843,34.072
1780412627.008445,34.07
1780412627.0138223,34.07
1780412627.0192454,34.07
1780412627.0245795,34.07
1780412627.0299723,34.07
1780412627.0354059,34.066
1780412627.0408535,34.066
1780412627.046214,34.066
1780412627.0516253,34.066
1780412627.0569577,34.061
1780412627.0623934,34.062
1780412627.0678103,34.062
1780412627.0731955,34.066
1780412627.078602,34.067
1780412627.0840044,34.072
1780412627.0893497,34.075
1780412627.0946002,34.075
1780412627.1002207,34.076
1780412627.10564,34.073
1780412627.1109457,34.074
1780412627.1163623,34.074
1780412627.1217728,34.074
1780412627.1272445,34.075
1780412627.1325326,34.072
1780412627.13776,34.073
1780412627.1434133,34.073
1780412627.148816,34.073
1780412627.1541307,34.071
1780412627.1593738,34.071
1780412627.1649706,34.071
1780412627.1704195,34.071
1780412627.1758106,34.072
1780412627.1812227,34.069
1780412627.1865582,34.069
1780412627.1918027,34.069
1780412627.1973758,34.069
1780412627.2027986,34.066
1780412627.208202,34.067
1780412627.2136152,34.067
1780412627.2189825,34.067
1780412627.2244542,34.068
1780412627.2298017,34.065
1780412627.2352555,34.066
1780412627.2405827,34.066
1780412627.2460132,34.066
1780412627.2514033,34.064
1780412627.2568548,34.064
1780412627.262234,34.064
1780412627.2676096,34.064
1780412627.2729855,34.064
1780412627.2784176,34.06
1780412627.283796,34.06
1780412627.2892528,34.06
1780412627.294574,34.06
1780412627.2999685,34.056
1780412627.3053772,34.057
1780412627.31085,34.057
1780412627.3162143,34.057
1780412627.3216543,34.057
1780412627.3269591,34.052
1780412627.332416,34.052
1780412627.3378153,34.052
1780412627.3432565,34.052
1780412627.3485546,34.048
1780412627.3537412,34.034
1780412627.3593316,34.039
1780412627.3645005,34.05
1780412627.3702524,34.059
1780412627.3759806,34.068
1780412627.3823683,34.081
1780412627.3883097,34.091
1780412627.3936036,34.102
1780412627.3990257,34.11
1780412627.4046938,34.121
1780412627.410533,34.132
1780412627.4157689,34.141
1780412627.4209676,34.152
1780412627.426627,34.161
1780412627.432047,34.173
1780412627.4373837,34.183
1780412627.4427783,34.195
1780412627.4481373,34.203
1780412627.453378,34.204
1780412627.459024,34.205
1780412627.464442,34.206
1780412627.469811,34.204
1780412627.4752219,34.205
1780412627.4806828,34.205
1780412627.486058,34.205
1780412627.4914029,34.203
1780412627.496855,34.203
1780412627.5021589,34.203
1780412627.5074596,34.202
1780412627.513251,34.2
1780412627.5192583,34.198
1780412627.5251467,34.198
1780412627.530401,34.198
1780412627.535794,34.198
1780412627.5412138,34.194
1780412627.5466099,34.195
1780412627.5519865,34.195
1780412627.557354,34.196
1780412627.5625653,34.193
1780412627.5681288,34.194
1780412627.573307,34.195
1780412627.5789862,34.195
1780412627.5844207,34.196
1780412627.5897408,34.193
1780412627.5949776,34.193
1780412627.6005971,34.194
1780412627.6060448,34.194
1780412627.6114047,34.191
1780412627.6168249,34.191
1780412627.622206,34.192
1780412627.6276543,34.192
1780412627.6330135,34.193
1780412627.6384592,34.19
1780412627.643781,34.19
1780412627.6491718,34.191
1780412627.6546113,34.191
1780412627.6600583,34.188
1780412627.6654184,34.189
1780412627.670824,34.189
1780412627.676148,34.19
1780412627.681348,34.191
1780412627.6870115,34.187
1780412627.6924515,34.188
1780412627.697806,34.188
1780412627.7032225,34.189
1780412627.7085688,34.185
1780412627.713798,34.186
1780412627.7194319,34.186
1780412627.724855,34.186
1780412627.7302506,34.187
1780412627.7356057,34.184
1780412627.7410078,34.184
1780412627.7464263,34.185
1780412627.7518024,34.185
1780412627.7572255,34.182
1780412627.762596,34.183
1780412627.7679741,34.184
1780412627.7733974,34.185
1780412627.7788637,34.185
1780412627.7842033,34.181
1780412627.7896225,34.182
1780412627.794973,34.182
1780412627.8004208,34.183
1780412627.8057446,34.179
1780412627.8109305,34.18
1780412627.8165367,34.181
1780412627.822001,34.181
1780412627.8274252,34.183
1780412627.8327858,34.179
1780412627.8381543,34.18
1780412627.843395,34.18
1780412627.849012,34.181
1780412627.8543992,34.178
1780412627.8597383,34.179
1780412627.864962,34.179
1780412627.8706255,34.18
1780412627.8760014,34.178
1780412627.881331,34.178
1780412627.886508,34.179
1780412627.8921685,34.179
1780412627.8974085,34.18
1780412627.9029472,34.176
1780412627.9081519,34.177
1780412627.913793,34.177
1780412627.9192672,34.177
1780412627.924611,34.175
1780412627.9300203,34.175
1780412627.9353619,34.176
1780412627.9406555,34.176
1780412627.9463801,34.177
1780412627.952251,34.172
1780412627.958126,34.172
1780412627.9637773,34.172
1780412627.9693267,34.172
1780412627.975061,34.166
1780412627.980425,34.167
1780412627.9857724,34.167
1780412627.9912016,34.167
1780412627.996607,34.166
1780412628.0020669,34.163
1780412628.007402,34.163
1780412628.0127885,34.163
1780412628.0182261,34.163
1780412628.0236695,34.16
1780412628.0292761,34.16
1780412628.035178,34.16
1780412628.0404112,34.16
1780412628.0458076,34.155
1780412628.051265,34.156
1780412628.056846,34.155
1780412628.0627415,34.155
1780412628.0680044,34.156
1780412628.0733616,34.155
1780412628.0785491,34.157
1780412628.0841396,34.157
1780412628.089384,34.157
1780412628.094985,34.155
1780412628.1003983,34.155
1780412628.1057968,34.155
1780412628.1112638,34.155
1780412628.1166842,34.156
1780412628.1220303,34.153
1780412628.1273801,34.154
1780412628.132811,34.154
1780412628.1382434,34.154
1780412628.143658,34.152
1780412628.149015,34.152
1780412628.1544254,34.152
1780412628.1597958,34.152
1780412628.1651764,34.149
1780412628.1705966,34.15
1780412628.1760113,34.15
1780412628.181431,34.151
1780412628.1868498,34.151
1780412628.192224,34.148
1780412628.197632,34.148
1780412628.2030215,34.148
1780412628.2084327,34.148
1780412628.213732,34.146
1780412628.2189724,34.146
1780412628.2246404,34.147
1780412628.2300642,34.147
1780412628.2354348,34.147
1780412628.2408183,34.144
1780412628.246246,34.145
1780412628.2516627,34.145
1780412628.2570355,34.145
1780412628.2624624,34.143
1780412628.2678192,34.143
1780412628.2732127,34.143
1780412628.2786288,34.143
1780412628.2840173,34.142
1780412628.2894013,34.14
1780412628.2948275,34.14
1780412628.300201,34.14
1780412628.305703,34.14
1780412628.3110185,34.137
1780412628.3164642,34.137
1780412628.3218243,34.137
1780412628.3272288,34.137
1780412628.3326805,34.137
1780412628.3380663,34.135
1780412628.3434227,34.135
1780412628.3488293,34.135
1780412628.354177,34.135
1780412628.3594198,34.132
1780412628.365032,34.132
1780412628.370465,34.132
1780412628.375829,34.132
1780412628.3812315,34.129
1780412628.386565,34.13
1780412628.3918161,34.13
1780412628.397436,34.13
1780412628.4028628,34.13
1780412628.4082205,34.128
1780412628.4136312,34.128
1780412628.4189813,34.128
1780412628.4244316,34.128
1780412628.4298265,34.126
1780412628.435283,34.126
1780412628.440607,34.126
1780412628.4459894,34.126
1780412628.4514475,34.127
1780412628.4568267,34.125
1780412628.4622471,34.125
1780412628.4676256,34.125
1780412628.4729826,34.125
1780412628.478418,34.122
1780412628.4838004,34.123
1780412628.48925,34.122
1780412628.4946265,34.122
1780412628.500035,34.121
1780412628.5053442,34.12
1780412628.5105453,34.12
1780412628.5162132,34.12
1780412628.5216699,34.12
1780412628.5270135,34.116
1780412628.5324466,34.116
1780412628.5378432,34.116
1780412628.5432289,34.116
1780412628.5486095,34.116
1780412628.5540361,34.112
1780412628.5593746,34.112
1780412628.564615,34.112
1780412628.5702558,34.112
1780412628.5756714,34.109
1780412628.581013,34.109
1780412628.5864406,34.109
1780412628.591794,34.109
1780412628.5972204,34.106
1780412628.602596,34.106
1780412628.6080694,34.106
1780412628.61343,34.106
1780412628.6188161,34.106
1780412628.6242163,34.103
1780412628.6296725,34.103
1780412628.6350327,34.103
1780412628.6404383,34.103
1780412628.6457615,34.102
1780412628.651004,34.101
1780412628.6566472,34.101
1780412628.6621354,34.101
1780412628.6678078,34.102
1780412628.6734264,34.099
1780412628.6788242,34.099
1780412628.6842027,34.099
1780412628.6896393,34.099
1780412628.694977,34.097
1780412628.7004197,34.097
1780412628.705808,34.097
1780412628.711195,34.097
1780412628.7166157,34.097
1780412628.7220683,34.095
1780412628.727419,34.096
1780412628.7328768,34.097
1780412628.7382152,34.097
1780412628.743648,34.095
1780412628.749015,34.096
1780412628.7544532,34.097
1780412628.759851,34.098
1780412628.7652314,34.098
1780412628.7705662,34.096
1780412628.7758088,34.098
1780412628.781473,34.099
1780412628.7868807,34.1
1780412628.7922235,34.097
1780412628.7976396,34.098
1780412628.8030233,34.098
1780412628.8084724,34.099
1780412628.8138895,34.101
1780412628.8192797,34.098
1780412628.824591,34.099
1780412628.8299863,34.099
1780412628.835382,34.1
1780412628.840629,34.098
1780412628.8462257,34.099
1780412628.8516355,34.1
1780412628.8569775,34.1
1780412628.862417,34.098
1780412628.867829,34.098
1780412628.8732767,34.099
1780412628.878627,34.1
1780412628.884044,34.101
1780412628.8894238,34.099
1780412628.894878,34.1
1780412628.9002507,34.1
1780412628.9056716,34.101
1780412628.9110806,34.101
1780412628.9164574,34.099
1780412628.9218407,34.099
1780412628.9272785,34.1
1780412628.932634,34.101
1780412628.9380414,34.099
1780412628.9433916,34.1
1780412628.948816,34.101
1780412628.9542344,34.101
1780412628.9596782,34.1
1780412628.9650378,34.101
1780412628.9704425,34.102
1780412628.975823,34.102
1780412628.9812787,34.103
1780412628.9866414,34.101
1780412628.992044,34.102
1780412628.997371,34.103
1780412629.002607,34.104
1780412629.0082197,34.1
1780412629.0136793,34.102
1780412629.0190296,34.102
1780412629.024439,34.103
1780412629.0297885,34.104
1780412629.0350304,34.101
1780412629.0406127,34.102
1780412629.0460804,34.102
1780412629.0514324,34.103
1780412629.0568335,34.1
1780412629.0621676,34.101
1780412629.0673687,34.102
1780412629.0730002,34.104
1780412629.0782192,34.106
1780412629.0838153,34.107
1780412629.0892174,34.108
1780412629.094638,34.109
1780412629.1000805,34.109
1780412629.1053827,34.105
1780412629.1108184,34.105
1780412629.116266,34.105
1780412629.1216686,34.105
1780412629.127036,34.105
1780412629.1324415,34.101
1780412629.1379256,34.101
1780412629.1438768,34.101
1780412629.149219,34.101
1780412629.154581,34.095
1780412629.1597645,34.096
1780412629.16538,34.096
1780412629.1707854,34.095
1780412629.1761856,34.096
1780412629.1814065,34.091
1780412629.187065,34.091
1780412629.1925573,34.091
1780412629.198224,34.091
1780412629.2038364,34.085
1780412629.2092452,34.086
1780412629.2145915,34.086
1780412629.2201326,34.085
1780412629.2256343,34.086
1780412629.2314403,34.079
1780412629.2368443,34.079
1780412629.2422435,34.079
1780412629.2476826,34.08
1780412629.2530239,34.075
1780412629.2587807,34.075
1780412629.2651775,34.074
1780412629.2711308,34.074
1780412629.2764716,34.071
1780412629.2818193,34.069
1780412629.2872803,34.069
1780412629.2929285,34.069
1780412629.2988377,34.069
1780412629.3042493,34.063
1780412629.3099709,34.062
1780412629.3155663,34.061
1780412629.3214633,34.062
1780412629.3268664,34.057
1780412629.332249,34.057
1780412629.3379292,34.057
1780412629.3437402,34.057
1780412629.3489902,34.057
1780412629.3543925,34.051
1780412629.3598185,34.051
1780412629.3652837,34.051
1780412629.3706312,34.051
1780412629.3760471,34.047
1780412629.3813698,34.047
1780412629.3866777,34.047
1780412629.3924081,34.046
1780412629.3982818,34.047
1780412629.403615,34.042
1780412629.4090269,34.042
1780412629.4144444,34.042
1780412629.4198282,34.042
1780412629.425242,34.04
1780412629.4305801,34.04
1780412629.4357579,34.04
1780412629.4413817,34.04
1780412629.446621,34.041
1780412629.4522393,34.037
1780412629.4576852,34.038
1780412629.46303,34.038
1780412629.4685082,34.038
1780412629.4738488,34.036
1780412629.4792619,34.036
1780412629.4846447,34.037
1780412629.4900813,34.037
1780412629.4954515,34.038
1780412629.5008385,34.035
1780412629.5061991,34.035
1780412629.51163,34.036
1780412629.517062,34.036
1780412629.522437,34.033
1780412629.5278268,34.033
1780412629.5331967,34.034
1780412629.5386,34.034
1780412629.5437891,34.035
1780412629.5493767,34.031
1780412629.554552,34.031
1780412629.56019,34.032
1780412629.5653627,34.032
1780412629.5709658,34.03
1780412629.5761442,34.03
1780412629.58182,34.031
1780412629.587203,34.031
1780412629.5926466,34.033
1780412629.5979967,34.028
1780412629.6033483,34.028
1780412629.6085224,34.029
1780412629.614269,34.029
1780412629.6196408,34.027
1780412629.6250205,34.027
1780412629.6303937,34.028
1780412629.6358006,34.028
1780412629.641016,34.029
1780412629.6466265,34.026
1780412629.652089,34.027
1780412629.657476,34.027
1780412629.6628907,34.028
1780412629.6681912,34.024
1780412629.6735892,34.026
1780412629.6790352,34.026
1780412629.6844888,34.027
1780412629.6899867,34.028
1780412629.6952944,34.025
1780412629.7006,34.026
1780412629.70604,34.026
1780412629.7114427,34.027
1780412629.7168887,34.023
1780412629.7222564,34.024
1780412629.7276297,34.025
1780412629.732988,34.025
1780412629.7384458,34.026
1780412629.743914,34.022
1780412629.749289,34.022
1780412629.7546384,34.022
1780412629.7600303,34.023
1780412629.7654305,34.02
1780412629.7708893,34.021
1780412629.7762697,34.022
1780412629.7816472,34.022
1780412629.787105,34.023
1780412629.7924676,34.019
1780412629.7978477,34.019
1780412629.8032916,34.02
1780412629.8086493,34.02
1780412629.814086,34.017
1780412629.819448,34.017
1780412629.8248913,34.017
1780412629.8302474,34.018
1780412629.835694,34.018
1780412629.8410127,34.015
1780412629.846414,34.016
1780412629.8518574,34.016
1780412629.8572826,34.016
1780412629.8626065,34.012
1780412629.8680463,34.013
1780412629.8733964,34.013
1780412629.8786342,34.013
1780412629.8843374,34.014
1780412629.8896873,34.011
1780412629.8950324,34.011
1780412629.9004552,34.012
1780412629.9057944,34.012
1780412629.9110405,34.008
1780412629.91669,34.009
1780412629.9221148,34.01
1780412629.927418,34.01
1780412629.932807,34.011
1780412629.93825,34.007
1780412629.9436953,34.007
1780412629.9493227,34.007
1780412629.9551952,34.008
1780412629.9604378,34.003
1780412629.965869,34.005
1780412629.9712875,34.008
1780412629.976659,34.01
1780412629.9820905,34.014
1780412629.9874163,34.008
1780412629.9928045,34.008
1780412629.9982495,34.008
1780412630.0036492,34.009
1780412630.0090442,34.004
1780412630.014453,34.005
1780412630.0198193,34.005
1780412630.0251918,34.005
1780412630.0305886,34.005
1780412630.035758,34.001
1780412630.0415213,34.001
1780412630.0475836,34.001
1780412630.0528421,34.002
1780412630.0582168,33.252
1780412630.063642,33.253
1780412630.0689952,33.254
1780412630.0742095,34.001
1780412630.079847,34.001
1780412630.0852315,33.254
1780412630.0906239,33.255
1780412630.0961127,34.0
1780412630.1014743,34.0
1780412630.106854,33.252
1780412630.1121798,33.253
1780412630.1174226,33.253
1780412630.1230366,33.254
1780412630.1284714,33.255
1780412630.1338322,33.252
1780412630.1392574,33.252
1780412630.1445732,33.253
1780412630.1498055,33.253
1780412630.155531,33.253
1780412630.1608977,33.25
1780412630.1662114,33.25
1780412630.1716025,33.251
1780412630.177005,33.251
1780412630.1824393,33.249
1780412630.187896,33.25
1780412630.193298,33.251
1780412630.1986203,33.252
1780412630.2040522,33.251
1780412630.2094264,33.251
1780412630.2148933,33.252
1780412630.2203069,33.253
1780412630.225656,33.255
1780412630.230995,33.252
1780412630.2362344,33.253
1780412630.2418544,33.255
1780412630.2472997,34.0
1780412630.252681,34.002
1780412630.2580433,33.255
1780412630.26345,34.0
1780412630.2689004,34.001
1780412630.2743132,34.002
1780412630.2796977,33.255
1780412630.2850332,34.0
1780412630.290463,34.001
1780412630.2958772,34.001
1780412630.3012624,34.001
1780412630.306585,34.0
1780412630.3117695,34.0
1780412630.3173964,34.0
1780412630.3225958,34.001
1780412630.3282123,33.254
1780412630.333387,33.254
1780412630.3389866,33.255
1780412630.3441992,33.255
1780412630.3498662,34.001
1780412630.3552175,33.254
1780412630.3605986,33.254
1780412630.3657966,33.255
1780412630.371499,34.0
1780412630.3768349,33.253
1780412630.3822,33.254
1780412630.38744,33.255
1780412630.3930678,34.0
1780412630.3984559,33.254
1780412630.403789,33.255
1780412630.409033,34.0
1780412630.4146793,34.0
1780412630.4201162,34.001
1780412630.4254425,33.255
1780412630.4308605,34.0
1780412630.4362676,34.001
1780412630.4417017,34.001
1780412630.447082,34.002
1780412630.4524896,33.255
1780412630.4577997,34.0
1780412630.4630532,34.0
1780412630.468659,34.001
1780412630.4741216,33.255
1780412630.4794612,34.001
1780412630.4848664,34.001
1780412630.4902139,34.002
1780412630.495642,34.0
1780412630.5010648,34.002
1780412630.5064962,34.003
1780412630.5118682,34.003
1780412630.5172577,34.004
