timestamp,gpu_power_w
1780412837.0283823,27.193
1780412837.0337274,27.19
1780412837.0389957,27.199
1780412837.044345,27.209
1780412837.0495157,27.221
1780412837.0552983,27.229
1780412837.060918,27.239
1780412837.0666797,27.249
1780412837.0720487,28.004
1780412837.0774796,28.017
1780412837.0828025,28.025
1780412837.0889375,28.038
1780412837.0948586,28.046
1780412837.1002662,28.057
1780412837.1055927,28.065
1780412837.1108139,28.076
1780412837.116682,28.086
1780412837.1225798,28.095
1780412837.127828,28.106
1780412837.13318,28.116
1780412837.1383498,28.132
1780412837.1440096,28.153
1780412837.1494293,28.158
1780412837.1551435,28.161
1780412837.16084,28.162
1780412837.1662297,28.161
1780412837.1716301,28.16
1780412837.1773653,28.158
1780412837.1831727,28.157
1780412837.188444,28.157
1780412837.1938202,28.156
1780412837.1993105,28.157
1780412837.2046819,28.156
1780412837.2101681,28.155
1780412837.2163703,28.154
1780412837.2222688,28.153
1780412837.2282767,28.151
1780412837.2341762,28.151
1780412837.2394285,28.151
1780412837.2448056,28.15
1780412837.2500372,28.15
1780412837.2558725,28.148
1780412837.2617786,28.148
1780412837.267029,28.146
1780412837.2724347,28.145
1780412837.2778456,28.144
1780412837.2832246,28.144
1780412837.2886417,28.14
1780412837.2941313,28.143
1780412837.2994678,28.141
1780412837.3048306,28.141
1780412837.31053,28.139
1780412837.3163216,28.137
1780412837.3215826,28.136
1780412837.3268216,28.135
1780412837.3324378,28.135
1780412837.337841,28.134
1780412837.343346,28.136
1780412837.3486173,28.135
1780412837.3539884,28.134
1780412837.3594196,28.133
1780412837.364871,28.132
1780412837.3702593,28.13
1780412837.3756719,28.13
1780412837.3810332,28.13
1780412837.3865492,28.129
1780412837.391885,28.128
1780412837.3972487,28.128
1780412837.4026515,28.126
1780412837.4080355,28.125
1780412837.413405,28.124
1780412837.4188669,28.123
1780412837.4242804,28.123
1780412837.4295967,28.12
1780412837.435181,28.122
1780412837.4407196,28.12
1780412837.4467025,28.119
1780412837.4526045,28.118
1780412837.4578307,28.116
1780412837.4632545,28.115
1780412837.4686768,28.115
1780412837.4740226,28.115
1780412837.4794488,28.114
1780412837.4847918,28.115
1780412837.4903255,28.114
1780412837.496072,28.111
1780412837.5017788,28.109
1780412837.5076952,28.108
1780412837.5130668,28.107
1780412837.5184352,28.107
1780412837.5238383,28.104
1780412837.5292084,28.107
1780412837.5346437,28.108
1780412837.5399983,28.107
1780412837.5455482,28.105
1780412837.551265,28.102
1780412837.5569134,28.1
1780412837.5628502,28.099
1780412837.5682685,28.1
1780412837.5736623,28.101
1780412837.5793567,28.1
1780412837.5856597,28.099
1780412837.5913453,28.097
1780412837.5969262,28.096
1780412837.602656,28.094
1780412837.6085427,28.093
1780412837.613835,28.094
1780412837.6192648,28.098
1780412837.624672,28.098
1780412837.6300857,28.098
1780412837.6357462,28.097
1780412837.6413248,28.094
1780412837.6471405,28.093
1780412837.6530914,28.092
1780412837.658784,28.093
1780412837.6642237,28.091
1780412837.6696243,28.096
1780412837.675046,28.097
1780412837.6803975,28.096
1780412837.685829,28.096
1780412837.6912143,28.095
1780412837.6965904,28.093
1780412837.702029,28.093
1780412837.707489,28.093
1780412837.712765,28.091
1780412837.7180212,28.091
1780412837.7236164,28.091
1780412837.729015,28.09
1780412837.7344375,28.089
1780412837.7401423,28.088
1780412837.7459612,28.086
1780412837.7512963,28.086
1780412837.7566297,28.086
1780412837.7621033,28.085
1780412837.7677414,28.084
1780412837.7741752,28.082
1780412837.7801301,28.082
1780412837.7854807,28.08
1780412837.7908592,28.079
1780412837.7962856,28.079
1780412837.8016355,28.079
1780412837.8070748,28.079
1780412837.812553,28.081
1780412837.8178868,28.08
1780412837.8232527,28.08
1780412837.8290308,28.078
1780412837.8352315,28.077
1780412837.8407502,28.075
1780412837.846193,28.075
1780412837.851477,28.073
1780412837.8570857,28.078
1780412837.8631787,28.08
1780412837.8690813,28.079
1780412837.8750358,28.079
1780412837.8805432,28.078
1780412837.8859851,28.075
1780412837.8916452,28.075
1780412837.897069,28.075
1780412837.9025385,28.076
1780412837.9085798,28.075
1780412837.9144962,28.075
1780412837.9198716,28.073
1780412837.9252787,28.072
1780412837.9306576,28.071
1780412837.9360456,28.071
1780412837.9414568,28.071
1780412837.9467762,28.069
1780412837.952016,28.071
1780412837.9576535,28.07
1780412837.9637818,28.069
1780412837.9697518,28.068
1780412837.9750853,28.067
1780412837.9804695,28.066
1780412837.9858866,28.066
1780412837.9911969,28.067
1780412837.9966109,28.066
1780412838.0019965,28.067
1780412838.0072863,28.067
1780412838.0130436,28.066
1780412838.018931,28.065
1780412838.0242429,28.064
1780412838.0295928,28.064
1780412838.034836,28.064
1780412838.0404148,28.061
1780412838.0461,28.062
1780412838.0516255,28.061
1780412838.057292,28.061
1780412838.062659,28.06
1780412838.0680041,28.06
1780412838.0734723,28.065
1780412838.0787609,28.068
1780412838.083988,28.085
1780412838.0895522,28.097
1780412838.094766,28.112
1780412838.100368,28.124
1780412838.1055484,28.138
1780412838.1112137,28.149
1780412838.1166437,28.164
1780412838.121983,28.169
1780412838.1272037,28.178
1780412838.1327386,28.188
1780412838.137914,28.191
1780412838.1435957,28.192
1780412838.1487644,28.192
1780412838.154362,28.191
1780412838.159693,28.19
1780412838.1657853,28.188
1780412838.1713457,28.187
1780412838.1772103,28.187
1780412838.1825984,28.184
1780412838.1882575,28.186
1780412838.1940455,28.185
1780412838.19946,28.184
1780412838.2047818,28.184
1780412838.20997,28.182
1780412838.2156222,28.181
1780412838.2210755,28.18
1780412838.2263875,28.18
1780412838.23163,28.177
1780412838.2372441,28.178
1780412838.2426908,28.177
1780412838.2483008,28.175
1780412838.2543418,28.174
1780412838.2602882,28.172
1780412838.2662024,28.171
1780412838.2714446,28.171
1780412838.2767687,28.17
1780412838.281945,28.172
1780412838.287879,28.17
1780412838.2937956,28.169
1780412838.2990427,28.168
1780412838.3044562,28.166
1780412838.3099024,28.165
1780412838.3153212,28.164
1780412838.3206978,28.164
1780412838.3260098,28.163
1780412838.3314135,28.163
1780412838.33684,28.162
1780412838.34255,28.161
1780412838.348865,28.158
1780412838.354545,28.156
1780412838.3599548,28.155
1780412838.3656807,28.155
1780412838.3710687,28.155
1780412838.3765507,28.157
1780412838.3818994,28.156
1780412838.3872373,28.155
1780412838.3930662,28.153
1780412838.399385,28.151
1780412838.405297,28.15
1780412838.410679,28.149
1780412838.4160235,28.148
1780412838.4214628,28.149
1780412838.4268641,28.15
1780412838.4322605,28.148
1780412838.437642,28.147
1780412838.4430656,28.146
1780412838.448458,28.145
1780412838.4539013,28.144
1780412838.4592347,28.144
1780412838.4646547,28.141
1780412838.4702408,28.143
1780412838.4756014,28.142
1780412838.4814668,28.14
1780412838.486803,28.139
1780412838.492241,28.138
1780412838.4976778,28.136
1780412838.5031135,28.136
1780412838.508423,28.136
1780412838.5138135,28.135
1780412838.5192685,28.136
1780412838.5249562,28.135
1780412838.5307617,28.134
1780412838.5360155,28.132
1780412838.541401,28.131
1780412838.546831,28.13
1780412838.5523036,28.13
1780412838.55763,28.126
1780412838.5630336,28.128
1780412838.5683913,28.128
1780412838.573873,28.126
1780412838.5796306,28.124
1780412838.5855467,28.123
1780412838.5914705,28.122
1780412838.5973778,28.121
1780412838.602646,28.121
1780412838.6080804,28.122
1780412838.613497,28.121
1780412838.6190972,28.12
1780412838.6250005,28.119
1780412838.6302493,28.118
1780412838.6356401,28.117
1780412838.6411235,28.116
1780412838.6464484,28.116
1780412838.6518924,28.112
1780412838.6572983,28.116
1780412838.6626456,28.115
1780412838.668053,28.115
1780412838.6734595,28.114
1780412838.6791663,28.113
1780412838.6850865,28.112
1780412838.690275,28.111
1780412838.6955676,28.111
1780412838.7008145,28.11
1780412838.706499,28.111
1780412838.7121756,28.11
1780412838.7184699,28.109
1780412838.724127,28.107
1780412838.7297125,28.104
1780412838.7351818,28.103
1780412838.740742,28.103
1780412838.7460244,28.102
1780412838.7514567,28.105
1780412838.7568338,28.105
1780412838.762274,28.105
1780412838.7676582,28.104
1780412838.773782,28.102
1780412838.779724,28.101
1780412838.785111,28.101
1780412838.790552,28.101
1780412838.7959049,28.1
1780412838.8013766,28.101
1780412838.806649,28.101
1780412838.8120368,28.1
1780412838.8174562,28.098
1780412838.8228598,28.098
1780412838.8282616,28.097
1780412838.833596,28.097
1780412838.8388114,28.094
1780412838.8445234,28.096
1780412838.8499067,28.096
1780412838.8552709,28.095
1780412838.8609476,28.093
1780412838.866523,28.092
1780412838.8723915,28.091
1780412838.878293,28.09
1780412838.8840544,28.091
1780412838.8894508,28.093
1780412838.89481,28.094
1780412838.900295,28.093
1780412838.9064293,28.092
1780412838.911977,28.091
1780412838.9178672,28.09
1780412838.9231288,28.089
1780412838.928437,28.089
1780412838.9338875,28.086
1780412838.9392602,28.09
1780412838.9449742,28.09
1780412838.9512594,28.089
1780412838.9569318,28.087
1780412838.962527,28.085
1780412838.9679081,28.084
1780412838.9734833,28.084
1780412838.978843,28.084
1780412838.9842453,28.087
1780412838.989605,28.089
1780412838.9949028,28.088
1780412839.0007682,28.087
1780412839.0066788,28.086
1780412839.0127127,28.084
1780412839.0186348,28.084
1780412839.0238957,28.084
1780412839.0292945,28.084
1780412839.0347092,28.084
1780412839.0402827,28.083
1780412839.0461748,28.083
1780412839.051454,28.081
1780412839.0568473,28.08
1780412839.0623107,28.079
1780412839.0677054,28.079
1780412839.073059,28.082
1780412839.078436,28.081
1780412839.0838242,28.08
1780412839.08926,28.08
1780412839.0949771,28.079
1780412839.1012475,28.077
1780412839.1069367,28.076
1780412839.1123605,28.075
1780412839.1180441,28.075
1780412839.1234422,28.077
1780412839.1289735,28.08
1780412839.1343095,28.08
1780412839.1396537,28.079
1780412839.1457863,28.078
1780412839.1517086,28.077
1780412839.1570654,28.076
1780412839.1624417,28.076
1780412839.1679034,28.073
1780412839.1733117,28.074
1780412839.1786735,28.073
1780412839.1839993,28.072
1780412839.1895607,28.071
1780412839.1951127,28.069
1780412839.2009997,28.069
1780412839.2062557,28.068
1780412839.2116456,28.068
1780412839.2171226,28.067
1780412839.2228281,28.069
1780412839.2287016,28.069
1780412839.2347186,28.068
1780412839.2406082,28.067
1780412839.2458508,28.066
1780412839.251293,28.065
1780412839.2567084,28.065
1780412839.2620094,28.063
1780412839.2672408,28.064
1780412839.2728274,28.064
1780412839.2782192,28.063
1780412839.2836468,28.062
1780412839.2891319,28.061
1780412839.2947152,28.06
1780412839.3006346,28.06
1780412839.305898,28.06
1780412839.3112147,28.059
1780412839.316666,28.061
1780412839.3220787,28.061
1780412839.3281434,28.059
1780412839.3341782,28.058
1780412839.3395143,28.057
1780412839.3448792,28.056
1780412839.350307,28.056
1780412839.3556592,28.056
1780412839.361079,28.054
1780412839.366464,28.055
1780412839.3719134,28.054
1780412839.377521,28.052
1780412839.3834162,28.052
1780412839.3886523,28.051
1780412839.3940804,28.05
1780412839.3995075,28.05
1780412839.4048357,28.048
1780412839.4102736,28.052
1780412839.4156215,28.051
1780412839.4210234,28.05
1780412839.426471,28.049
1780412839.432176,28.049
1780412839.4379773,28.047
1780412839.4432688,28.047
1780412839.4487216,28.047
1780412839.4540772,28.047
1780412839.4595027,28.046
1780412839.4651792,28.045
1780412839.4711144,28.045
1780412839.477119,28.044
1780412839.4830272,28.043
1780412839.4882584,28.042
1780412839.4936595,28.042
1780412839.499118,28.041
1780412839.5045962,28.044
1780412839.5105083,28.043
1780412839.516545,28.041
1780412839.522195,28.04
1780412839.5277557,28.038
1780412839.533191,28.038
1780412839.5387483,28.038
1780412839.5440557,28.039
1780412839.5494528,28.041
1780412839.5548723,28.042
1780412839.5602884,28.041
1780412839.5656798,28.041
1780412839.571165,28.04
1780412839.5767362,28.039
1780412839.5824006,28.039
1780412839.5876493,28.039
1780412839.5932162,28.038
1780412839.5984707,28.039
1780412839.604084,28.039
1780412839.6102786,28.037
1780412839.616134,28.037
1780412839.6214643,28.036
1780412839.6268756,28.035
1780412839.6323168,28.035
1780412839.6376538,28.035
1780412839.6430743,28.034
1780412839.6484213,28.035
1780412839.6536603,28.035
1780412839.659291,28.035
1780412839.665031,28.034
1780412839.6708503,28.033
1780412839.676074,28.033
1780412839.6814318,28.033
1780412839.6868412,28.03
1780412839.69228,28.034
1780412839.6976798,28.034
1780412839.7031024,28.033
1780412839.708427,28.033
1780412839.7140312,28.032
1780412839.7196846,28.03
1780412839.7252078,28.029
1780412839.730689,28.03
1780412839.7361288,28.027
1780412839.7415237,28.027
1780412839.7468302,28.026
1780412839.7522264,28.025
1780412839.7576554,28.025
1780412839.7633975,28.024
1780412839.7692342,28.023
1780412839.7745395,28.023
1780412839.7799072,28.02
1780412839.7853315,28.024
1780412839.791043,28.023
1780412839.797405,28.022
1780412839.8033297,28.021
1780412839.8087027,28.02
1780412839.814132,28.019
1780412839.8195205,28.019
1780412839.8248627,28.02
1780412839.830289,28.019
1780412839.8356428,28.021
1780412839.8410625,28.02
1780412839.846481,28.02
1780412839.8526063,28.018
1780412839.8585188,28.018
1780412839.8639,28.017
1780412839.8692725,28.017
1780412839.874707,28.016
1780412839.8803017,28.02
1780412839.8863106,28.022
1780412839.891523,28.022
1780412839.8968785,28.021
1780412839.9023278,28.02
1780412839.9079185,28.019
1780412839.9138093,28.019
1780412839.919083,28.019
1780412839.9244792,28.019
1780412839.9299235,28.02
1780412839.9352798,28.019
1780412839.9413474,28.018
1780412839.9473875,28.018
1780412839.9527252,28.017
1780412839.9580874,28.016
1780412839.963515,28.016
1780412839.9688635,28.013
1780412839.9742632,28.016
1780412839.9796631,28.015
1780412839.985144,28.015
1780412839.9907467,28.014
1780412839.996653,28.013
1780412840.0019703,28.012
1780412840.0074718,28.012
1780412840.0132434,28.012
1780412840.0186276,28.011
1780412840.0240614,28.013
1780412840.029522,28.013
1780412840.0349317,28.013
1780412840.0403228,28.012
1780412840.0456588,28.012
1780412840.051107,28.011
1780412840.0564537,28.012
1780412840.0619106,28.009
1780412840.0673325,28.013
1780412840.072665,28.022
1780412840.078211,28.024
1780412840.0835276,28.024
1780412840.0888808,28.024
1780412840.095073,28.022
1780412840.1009364,28.023
1780412840.106306,28.023
1780412840.1117013,28.023
1780412840.1171372,28.022
1780412840.122461,28.022
1780412840.127882,28.021
1780412840.1332242,28.021
1780412840.1387928,28.02
1780412840.1443233,28.017
1780412840.150082,28.018
1780412840.155484,28.015
1780412840.1609411,28.019
1780412840.166307,28.019
1780412840.1716588,28.019
1780412840.1771057,28.018
1780412840.1824183,28.018
1780412840.1879652,28.016
1780412840.1934938,28.015
1780412840.1992912,28.015
1780412840.2046847,28.015
1780412840.2100413,28.016
1780412840.215513,28.016
1780412840.220859,28.016
1780412840.2266686,28.015
1780412840.2329862,28.014
1780412840.2389278,28.013
1780412840.2443128,28.014
1780412840.2496114,28.012
1780412840.254831,28.014
1780412840.2604551,28.015
1780412840.2658842,28.014
1780412840.2712288,28.014
1780412840.2765346,28.013
1780412840.2822082,28.012
1780412840.2875273,28.012
1780412840.292817,28.012
1780412840.2980585,28.011
1780412840.3038065,28.014
1780412840.309153,28.013
1780412840.3147445,28.012
1780412840.3206444,28.012
1780412840.3258722,28.011
1780412840.331284,28.01
1780412840.3367255,28.01
1780412840.342087,28.011
1780412840.347793,28.008
1780412840.3541727,28.009
1780412840.3601446,28.009
1780412840.3655167,28.008
1780412840.3708854,28.007
1780412840.376547,28.006
1780412840.3823402,28.006
1780412840.3876312,28.006
1780412840.3928301,28.006
1780412840.3984635,28.007
1780412840.4041805,28.007
1780412840.4103994,28.006
1780412840.416069,28.005
1780412840.4218266,28.003
1780412840.4273624,28.001
1780412840.4332716,28.002
1780412840.4386578,28.003
1780412840.44415,28.005
1780412840.4494631,28.005
1780412840.4548278,28.004
1780412840.46027,28.003
1780412840.465656,28.003
1780412840.4710193,28.002
1780412840.4764886,28.002
1780412840.48193,28.003
1780412840.4872112,28.001
1780412840.4923983,28.001
1780412840.4980822,28.0
1780412840.5034955,28.0
1780412840.5091436,27.254
1780412840.5151913,27.254
1780412840.5208464,27.253
1780412840.526244,27.254
1780412840.5316195,27.251
1780412840.5367942,27.254
1780412840.54244,27.254
1780412840.5476787,27.253
1780412840.5532525,27.252
1780412840.5587788,27.252
1780412840.5641277,27.251
1780412840.569531,27.251
1780412840.574873,27.252
1780412840.5802944,27.251
1780412840.585643,27.253
1780412840.5912032,27.253
1780412840.5967562,27.251
1780412840.6025188,27.251
1780412840.6078956,27.25
1780412840.6132932,27.25
1780412840.6187325,27.25
1780412840.6240726,27.25
1780412840.6295202,27.249
1780412840.6349213,27.25
1780412840.640315,27.25
1780412840.6456976,27.249
1780412840.6514654,27.248
1780412840.657168,27.248
1780412840.6624372,27.248
1780412840.667647,27.248
1780412840.673235,27.248
1780412840.6786392,27.252
1780412840.6843011,27.253
1780412840.6901846,27.253
1780412840.6954787,27.252
1780412840.7008214,27.252
1780412840.706021,27.251
1780412840.7117429,27.251
1780412840.7171159,27.252
1780412840.7224524,27.251
1780412840.72785,27.253
1780412840.7332788,27.253
1780412840.7389805,27.252
1780412840.7453046,27.251
1780412840.750986,27.25
1780412840.7564197,27.249
1780412840.7621086,27.25
1780412840.7674851,27.253
1780412840.7730122,28.0
1780412840.7783325,28.0
1780412840.7837007,28.0
1780412840.7898438,27.254
1780412840.7957265,27.254
1780412840.8011093,27.253
1780412840.8064625,27.253
1780412840.8119245,27.252
1780412840.8173647,28.0
1780412840.8226953,27.255
1780412840.8280246,27.254
1780412840.8335812,27.254
1780412840.8391218,27.252
1780412840.8449576,27.252
1780412840.8502812,27.251
1780412840.8556561,27.252
1780412840.8611398,27.251
1780412840.8668559,27.254
1780412840.8727531,27.253
1780412840.8787148,27.253
1780412840.8846111,27.252
1780412840.8898754,27.252
1780412840.8952823,27.251
1780412840.90073,27.251
1780412840.906064,27.25
1780412840.9115033,27.251
1780412840.9168758,27.251
1780412840.922306,27.251
1780412840.9276943,27.25
1780412840.9331543,27.25
1780412840.9387202,27.249
1780412840.94462,27.249
1780412840.949882,27.249
1780412840.9552646,27.249
1780412840.960731,27.252
1780412840.9662933,27.251
1780412840.972166,27.251
1780412840.9774842,27.25
1780412840.9828944,27.25
1780412840.98833,27.249
1780412840.9937394,27.249
1780412840.99915,27.249
1780412841.004492,27.248
1780412841.0099163,27.247
1780412841.0153484,27.247
1780412841.0210328,27.246
1780412841.0268078,27.246
1780412841.0320413,27.245
1780412841.0372798,27.245
1780412841.0428908,27.245
1780412841.0483153,27.243
1780412841.053776,27.246
1780412841.0590894,27.245
1780412841.0644436,27.245
1780412841.0696194,27.246
1780412841.0752633,27.247
1780412841.0810623,27.246
1780412841.0868337,27.246
1780412841.0921333,27.247
1780412841.0974832,27.251
1780412841.1029105,27.252
1780412841.1083393,27.252
1780412841.1139522,27.251
1780412841.1198556,27.251
1780412841.1250868,27.25
1780412841.1304393,27.25
1780412841.1356857,27.25
1780412841.1412332,27.248
1780412841.146415,27.25
1780412841.1520927,27.25
1780412841.1574702,27.25
1780412841.1628351,27.25
1780412841.168006,27.249
1780412841.1739197,27.248
1780412841.1798215,27.248
1780412841.1850903,27.248
1780412841.1904337,27.249
1780412841.1956162,27.25
1780412841.2012713,27.249
1780412841.2070377,27.249
1780412841.2127335,27.246
1780412841.2183328,27.245
1780412841.224217,27.244
1780412841.2294877,27.244
1780412841.2349083,27.245
1780412841.2403293,27.247
1780412841.2459257,27.248
1780412841.2518418,27.248
1780412841.257091,27.247
1780412841.2624881,27.246
1780412841.2679405,27.245
1780412841.273289,27.245
1780412841.2787356,27.246
1780412841.284046,27.243
1780412841.2894504,27.246
1780412841.2948751,27.246
1780412841.3005931,27.245
1780412841.3063877,27.244
1780412841.3116744,27.244
1780412841.3170798,27.243
1780412841.3225377,27.243
1780412841.3279417,27.244
1780412841.3333209,27.243
1780412841.3386974,27.245
1780412841.3440697,27.244
1780412841.3494844,27.244
1780412841.355218,27.243
1780412841.3611417,27.242
1780412841.3669064,27.242
1780412841.3722997,27.242
1780412841.3776355,27.24
1780412841.3831272,27.243
1780412841.3886728,27.242
1780412841.3945153,27.241
1780412841.3998997,27.24
1780412841.405297,27.24
1780412841.4109604,27.239
1780412841.416807,27.239
1780412841.422043,27.24
1780412841.4272625,27.239
1780412841.432914,27.241
1780412841.4383452,27.24
1780412841.443954,27.24
1780412841.4498768,27.239
1780412841.4553916,27.238
1780412841.4608827,27.237
1780412841.4665189,27.237
1780412841.4719198,27.237
1780412841.477431,27.24
1780412841.4827442,27.239
1780412841.488118,27.239
1780412841.4938006,27.238
1780412841.49959,27.237
1780412841.5048513,27.237
1780412841.5101085,27.237
1780412841.5156853,27.237
1780412841.5211465,27.238
1780412841.5265183,27.24
1780412841.5319002,27.24
1780412841.5372667,27.24
1780412841.5426874,27.239
1780412841.5481322,27.238
1780412841.5535436,27.238
1780412841.5588856,27.238
1780412841.5643046,27.236
1780412841.5697846,27.238
1780412841.575151,27.238
1780412841.5807593,27.238
1780412841.5866747,27.237
1780412841.5918982,27.237
1780412841.5972807,27.236
1780412841.602731,27.236
1780412841.6080763,27.236
1780412841.6135278,27.235
1780412841.6189847,27.238
1780412841.624296,27.237
1780412841.6296918,27.237
1780412841.6354218,27.236
1780412841.6412115,27.235
1780412841.6464722,27.235
1780412841.651849,27.235
1780412841.657223,27.236
1780412841.6624124,27.235
1780412841.6683154,27.237
1780412841.674195,27.237
1780412841.6794922,27.236
1780412841.684848,27.236
1780412841.69005,27.235
1780412841.6956897,27.235
1780412841.7011445,27.236
1780412841.7064643,27.232
1780412841.7120543,27.236
1780412841.7176054,27.235
1780412841.7233574,27.234
1780412841.728715,27.233
1780412841.7340555,27.233
1780412841.7394576,27.232
1780412841.7449105,27.233
1780412841.7503092,27.233
1780412841.755633,27.232
1780412841.7608726,27.232
1780412841.7665195,27.232
1780412841.7722182,27.231
1780412841.7784975,27.23
1780412841.7841692,27.229
1780412841.7895703,27.228
1780412841.7953062,27.229
1780412841.8007097,27.228
1780412841.8059971,27.231
1780412841.811257,27.231
1780412841.8169265,27.231
1780412841.8222866,27.23
1780412841.827697,27.23
1780412841.8338127,27.229
1780412841.8397484,27.229
1780412841.845125,27.23
1780412841.8505144,27.23
1780412841.8559356,27.23
1780412841.8613129,27.23
1780412841.866705,27.229
1780412841.872044,27.229
1780412841.8776133,27.227
1780412841.883102,27.225
1780412841.888921,27.226
1780412841.8943055,27.224
1780412841.8997474,27.227
1780412841.9051557,27.227
1780412841.910476,27.226
1780412841.9158814,27.226
1780412841.9212096,27.225
1780412841.926679,27.225
1780412841.9322047,27.224
1780412841.9381409,27.224
1780412841.9435225,27.222
1780412841.9490075,27.224
1780412841.9543514,27.224
1780412841.9599564,27.223
1780412841.9658685,27.223
1780412841.9713886,27.222
1780412841.9768817,27.22
1780412841.982548,27.22
1780412841.9879076,27.22
1780412841.9933705,27.221
1780412841.9987361,27.221
1780412842.004146,27.22
1780412842.0098364,27.219
1780412842.0161066,27.219
1780412842.0217693,27.217
1780412842.0271897,27.217
1780412842.0329013,27.218
1780412842.0382872,27.22
1780412842.0438242,27.222
1780412842.0491514,27.222
1780412842.0545082,27.222
1780412842.0606894,27.221
1780412842.0665822,27.221
1780412842.071899,27.223
1780412842.077288,27.224
1780412842.0827088,27.226
1780412842.0880487,27.229
1780412842.0934908,27.231
1780412842.098852,27.231
1780412842.1040752,27.231
1780412842.1096919,27.23
1780412842.1154053,27.229
1780412842.1212173,27.229
1780412842.1265228,27.229
1780412842.1319025,27.229
1780412842.1374145,27.232
1780412842.1430357,27.232
1780412842.1487887,27.231
1780412842.15407,27.231
1780412842.15963,27.23
1780412842.1651795,27.229
1780412842.1710134,27.229
1780412842.17631,27.229
1780412842.181765,27.229
1780412842.187159,27.228
1780412842.1925063,27.228
1780412842.1986816,27.227
1780412842.2045717,27.227
1780412842.2099073,27.226
1780412842.215313,27.226
1780412842.2207537,27.226
1780412842.226093,27.224
1780412842.231502,27.227
1780412842.2368937,27.226
1780412842.2423186,27.226
1780412842.247716,27.225
1780412842.253426,27.224
1780412842.2592316,27.224
1780412842.2645319,27.224
1780412842.2699158,27.224
1780412842.2753258,27.223
1780412842.2810411,27.223
1780412842.2873335,27.222
1780412842.2930489,27.22
1780412842.2986805,27.218
1780412842.3044145,27.216
1780412842.3102927,27.217
1780412842.315551,27.217
1780412842.3208745,27.22
1780412842.3263943,27.223
1780412842.331722,27.223
1780412842.3374262,27.223
1780412842.3437085,27.222
1780412842.3493829,27.221
1780412842.35479,27.22
1780412842.360525,27.22
1780412842.365906,27.22
1780412842.3712418,27.225
1780412842.3767207,27.225
1780412842.3824,27.224
1780412842.3882864,27.224
1780412842.3937955,27.223
1780412842.3993263,27.221
1780412842.4050233,27.222
1780412842.4103003,27.222
1780412842.4157574,27.227
1780412842.4211342,27.227
1780412842.4265268,27.227
1780412842.432208,27.226
1780412842.437963,27.224
1780412842.4435976,27.222
1780412842.4494784,27.222
1780412842.4547439,27.222
1780412842.4600873,27.222
1780412842.4654963,27.225
1780412842.4711633,27.226
1780412842.4770794,27.226
1780412842.4823034,27.225
1780412842.4877121,27.224
1780412842.4931636,27.224
1780412842.4985104,27.224
1780412842.503958,27.224
1780412842.5092611,27.223
1780412842.5146506,27.225
1780412842.5201058,27.225
1780412842.525515,27.225
1780412842.5311472,27.224
1780412842.537049,27.224
1780412842.542303,27.224
1780412842.5477726,27.224
1780412842.553164,27.225
1780412842.5585237,27.224
1780412842.5639539,27.224
1780412842.5692797,27.224
1780412842.5746765,27.223
1780412842.5801125,27.223
1780412842.5858126,27.222
1780412842.5916193,27.221
1780412842.5969248,27.222
1780412842.6023133,27.22
1780412842.6076877,27.224
1780412842.6131241,27.225
1780412842.6188157,27.224
1780412842.6247096,27.224
1780412842.6302102,27.223
1780412842.6359627,27.221
1780412842.6413693,27.221
1780412842.6467617,27.221
1780412842.6520991,27.222
1780412842.6574929,27.224
1780412842.662894,27.224
1780412842.6683261,27.224
1780412842.6736653,27.223
1780412842.6790888,27.223
1780412842.6844823,27.222
1780412842.6899242,27.224
1780412842.695238,27.224
1780412842.7004786,27.223
1780412842.7061381,27.224
1780412842.711553,27.224
1780412842.7168815,27.224
1780412842.7222798,27.223
1780412842.7276614,27.222
1780412842.7328992,27.222
1780412842.7385113,27.222
1780412842.7439167,27.22
1780412842.7493315,27.224
1780412842.7546964,27.224
1780412842.7600489,27.223
1780412842.7656314,27.222
1780412842.7714317,27.219
1780412842.777126,27.217
1780412842.7830334,27.217
1780412842.788309,27.218
1780412842.793706,27.219
1780412842.7991672,27.22
1780412842.8047602,27.22
1780412842.810678,27.219
1780412842.8159027,27.219
1780412842.8213472,27.218
1780412842.8267295,27.218
1780412842.832111,27.218
1780412842.8375144,27.215
1780412842.8429668,27.22
1780412842.8483047,27.219
1780412842.8537357,27.219
1780412842.859424,27.219
1780412842.8652263,27.218
1780412842.8704834,27.218
1780412842.8758693,27.218
1780412842.881301,27.218
1780412842.8867211,27.217
1780412842.8923163,27.219
1780412842.8981836,27.219
1780412842.9035125,27.219
1780412842.9089231,27.218
1780412842.9143631,27.218
1780412842.9197211,27.217
1780412842.92513,27.217
1780412842.9304743,27.218
1780412842.935674,27.217
1780412842.9413135,27.218
1780412842.9470456,27.218
1780412842.953313,27.217
1780412842.9590297,27.216
1780412842.964608,27.213
1780412842.9700382,27.213
1780412842.9755197,27.214
1780412842.9808571,27.215
1780412842.9861736,27.217
1780412842.9921138,27.219
1780412842.9979703,27.218
1780412843.003862,27.218
1780412843.009112,27.217
1780412843.0144544,27.217
1780412843.0196402,27.217
1780412843.0252662,27.218
1780412843.0306768,27.217
1780412843.0360622,27.219
1780412843.041278,27.219
1780412843.0469055,27.218
1780412843.0526297,27.217
1780412843.0584216,27.217
1780412843.0636628,27.216
1780412843.0688634,27.218
1780412843.0744574,27.218
1780412843.0796506,27.221
1780412843.0852542,27.221
1780412843.0904956,27.221
1780412843.0961127,27.22
1780412843.1015048,27.22
1780412843.1069112,27.219
1780412843.1123226,27.219
1780412843.1177146,27.22
1780412843.1231587,27.214
1780412843.1284885,27.235
1780412843.133916,28.01
1780412843.1392949,28.037
1780412843.1446674,28.07
1780412843.1502059,28.096
1780412843.1555402,28.128
1780412843.1609929,28.154
1780412843.1663258,28.183
1780412843.1717927,28.196
1780412843.1771564,28.205
1780412843.1825707,28.214
1780412843.1879683,28.224
1780412843.193344,28.232
1780412843.1987154,28.244
1780412843.2041082,28.254
1780412843.2095442,29.009
1780412843.21495,29.017
1780412843.220328,29.028
1780412843.2257016,29.037
1780412843.2311265,29.056
1780412843.236519,29.073
1780412843.2419064,29.078
1780412843.2475533,29.08
1780412843.2534058,29.079
1780412843.2587192,29.078
1780412843.2641044,29.076
1780412843.2695541,29.074
1780412843.2749817,29.072
1780412843.2803528,29.072
1780412843.2856646,29.071
1780412843.2908628,29.069
1780412843.296483,29.068
1780412843.3019116,29.067
1780412843.307289,29.065
1780412843.3130255,29.063
1780412843.3191066,29.061
1780412843.3243675,29.06
1780412843.3300679,29.059
1780412843.335267,29.057
1780412843.340993,29.058
1780412843.3463523,29.056
1780412843.351715,29.054
1780412843.357103,29.052
1780412843.3625093,29.05
1780412843.3678844,29.048
1780412843.373354,29.047
1780412843.3787203,29.046
1780412843.384118,29.044
1780412843.3894765,29.042
1780412843.3949854,29.04
1780412843.4003348,29.038
1780412843.4056833,29.036
1780412843.4110935,29.034
1780412843.4164717,29.033
1780412843.4216611,29.032
1780412843.42725,29.029
1780412843.4323976,29.029
1780412843.4381082,29.028
1780412843.4434803,29.026
1780412843.4488688,29.025
1780412843.4540794,29.023
1780412843.4597435,29.021
1780412843.4651284,29.019
1780412843.4704936,29.018
1780412843.4759226,29.016
1780412843.4814088,29.017
1780412843.4867563,29.016
1780412843.492102,29.015
1780412843.4981844,29.013
1780412843.5038977,29.009
1780412843.509527,29.008
1780412843.5149395,29.007
1780412843.5203137,29.004
1780412843.5257535,29.006
1780412843.5311115,29.005
1780412843.5367718,29.003
1780412843.542685,29.002
1780412843.5479157,29.0
1780412843.553359,28.254
1780412843.5587733,28.252
1780412843.5641317,28.252
1780412843.570086,28.25
1780412843.5761812,28.25
1780412843.582243,28.248
1780412843.5881422,28.247
1780412843.5935636,28.245
1780412843.5989354,28.243
1780412843.604368,28.242
1780412843.6097279,28.241
1780412843.6151347,28.238
1780412843.6205158,28.241
1780412843.625942,28.24
1780412843.631313,28.239
1780412843.6370745,28.237
1780412843.6427891,28.235
1780412843.6481001,28.233
1780412843.6534743,28.232
1780412843.6588695,28.232
1780412843.6642902,28.23
1780412843.6697812,28.231
1780412843.6751413,28.229
1780412843.6804993,28.228
1780412843.6858692,28.226
1780412843.691295,28.226
1780412843.6967154,28.224
1780412843.702184,28.223
1780412843.7075136,28.221
1780412843.7128975,28.22
1780412843.7183266,28.22
1780412843.724053,28.219
1780412843.7299068,28.217
1780412843.7352483,28.215
1780412843.7409658,28.212
1780412843.746487,28.211
1780412843.752006,28.21
1780412843.7573326,28.207
1780412843.762777,28.208
1780412843.7680967,28.207
1780412843.773501,28.206
1780412843.7789176,28.205
1780412843.7846248,28.203
1780412843.7904427,28.201
1780412843.7957766,28.2
1780412843.8011305,28.2
1780412843.806572,28.2
1780412843.8122334,28.199
1780412843.8180332,28.197
1780412843.8232863,28.196
1780412843.8288348,28.194
1780412843.834562,28.191
1780412843.8400366,28.189
1780412843.8456004,28.188
1780412843.8509104,28.186
1780412843.8563552,28.187
1780412843.8617055,28.186
1780412843.8671386,28.185
1780412843.8725412,28.184
1780412843.878218,28.182
1780412843.8840172,28.18
1780412843.8893528,28.179
1780412843.8947637,28.179
1780412843.900141,28.179
1780412843.905875,28.177
1780412843.9122665,28.175
1780412843.918168,28.174
1780412843.9235654,28.173
1780412843.9289436,28.171
1780412843.9343371,28.17
1780412843.939705,28.17
1780412843.9451337,28.168
1780412843.9506454,28.17
1780412843.9559398,28.169
1780412843.961317,28.168
1780412843.967044,28.166
1780412843.9733188,28.164
1780412843.9788175,28.162
1780412843.98428,28.162
1780412843.9895577,28.161
1780412843.9950528,28.161
1780412844.000314,28.161
1780412844.0057235,28.16
1780412844.0111463,28.158
1780412844.0164845,28.157
1780412844.0218923,28.156
1780412844.027286,28.155
1780412844.0324721,28.155
1780412844.0380626,28.153
1780412844.0432432,28.154
1780412844.0488734,28.153
1780412844.0543175,28.152
1780412844.0600512,28.15
1780412844.0659492,28.149
1780412844.0717564,28.15
1780412844.077191,28.151
1780412844.0826037,28.154
1780412844.087952,28.157
1780412844.0933154,28.158
1780412844.098741,28.157
1780412844.1041532,28.157
1780412844.109577,28.155
1780412844.115261,28.154
1780412844.1212542,28.153
1780412844.1269052,28.153
1780412844.1323369,28.152
1780412844.1378167,28.153
1780412844.1431735,28.152
1780412844.1485376,28.152
1780412844.153948,28.15
1780412844.1593802,28.149
1780412844.1647344,28.147
1780412844.1701035,28.147
1780412844.1755333,28.147
1780412844.180953,28.146
1780412844.1863818,28.147
1780412844.1919603,28.146
1780412844.1978676,28.145
1780412844.2031283,28.144
1780412844.2085261,28.142
1780412844.2139835,28.141
1780412844.219397,28.141
1780412844.224773,28.137
1780412844.2302096,28.14
1780412844.2358336,28.139
1780412844.2421134,28.138
1780412844.247807,28.136
1780412844.2533836,28.134
1780412844.2588027,28.132
1780412844.2643528,28.132
1780412844.2697616,28.132
1780412844.275126,28.135
1780412844.2804897,28.136
1780412844.2857852,28.135
1780412844.2916343,28.134
1780412844.297529,28.133
1780412844.3030581,28.132
1780412844.3085442,28.13
1780412844.3141632,28.13
1780412844.3195326,28.13
1780412844.3250208,28.132
1780412844.3303702,28.131
1780412844.3357499,28.13
1780412844.3414364,28.128
1780412844.3477376,28.126
1780412844.3532348,28.124
1780412844.3586752,28.124
1780412844.3639517,28.124
1780412844.3694942,28.125
1780412844.3753004,28.123
1780412844.3813982,28.121
1780412844.387046,28.119
1780412844.3926651,28.118
1780412844.398553,28.116
1780412844.4040308,28.115
1780412844.4093292,28.116
1780412844.4150033,28.118
1780412844.420317,28.119
1780412844.4257107,28.118
1780412844.431154,28.118
1780412844.4367905,28.116
1780412844.4427202,28.115
1780412844.4479475,28.114
1780412844.4533381,28.113
1780412844.458745,28.11
1780412844.4641926,28.113
1780412844.4695814,28.112
1780412844.47499,28.111
1780412844.4803154,28.11
1780412844.4857,28.109
1780412844.4912384,28.108
1780412844.4967196,28.107
1780412844.5025318,28.107
1780412844.5079181,28.105
1780412844.5134103,28.108
1780412844.5187626,28.107
1780412844.5241144,28.106
1780412844.5295105,28.105
1780412844.5349026,28.104
1780412844.5402915,28.103
1780412844.545776,28.103
1780412844.5511584,28.103
1780412844.5565047,28.101
1780412844.5616875,28.1
1780412844.5673099,28.099
1780412844.572693,28.098
1780412844.5781114,28.098
1780412844.5835454,28.096
1780412844.5888941,28.095
1780412844.594141,28.095
1780412844.5996616,28.093
1780412844.6048229,28.094
1780412844.6107955,28.094
1780412844.6167033,28.094
1780412844.621938,28.093
1780412844.6273003,28.092
1780412844.6327353,28.091
1780412844.6381161,28.09
1780412844.6435106,28.09
1780412844.6488838,28.089
1780412844.654286,28.089
1780412844.6599324,28.088
1780412844.6657994,28.088
1780412844.6711402,28.087
1780412844.6765451,28.086
1780412844.6819518,28.086
1780412844.6873982,28.085
1780412844.6927466,28.086
1780412844.6981559,28.086
1780412844.7035666,28.086
1780412844.7089283,28.085
1780412844.7146742,28.084
1780412844.7209415,28.083
1780412844.726637,28.081
1780412844.7320502,28.08
1780412844.7377613,28.081
1780412844.7431393,28.083
1780412844.7484808,28.084
1780412844.75372,28.084
1780412844.7593503,28.084
1780412844.765476,28.083
1780412844.7714515,28.082
1780412844.7767792,28.081
1780412844.78214,28.081
1780412844.787576,28.079
1780412844.7930214,28.083
1780412844.7983546,28.082
1780412844.803695,28.082
1780412844.8092554,28.08
1780412844.8147492,28.079
1780412844.8206115,28.078
1780412844.8259432,28.077
1780412844.8313298,28.078
1780412844.8368053,28.077
1780412844.8421552,28.078
1780412844.8481805,28.077
1780412844.854358,28.075
1780412844.8602183,28.075
1780412844.8655224,28.074
1780412844.870935,28.073
1780412844.8763866,28.073
1780412844.8816962,28.071
1780412844.8872373,28.073
1780412844.8927908,28.075
1780412844.898631,28.075
1780412844.9039423,28.074
1780412844.9093404,28.073
1780412844.9147923,28.072
1780412844.920149,28.072
1780412844.9255874,28.073
1780412844.9308963,28.071
1780412844.9362926,28.072
1780412844.942051,28.07
1780412844.947912,28.069
1780412844.9531388,28.068
1780412844.9585085,28.067
1780412844.9638946,28.066
1780412844.9693358,28.067
1780412844.9747856,28.065
1780412844.9801874,28.066
1780412844.9855418,28.065
1780412844.9909358,28.065
1780412844.9967284,28.064
1780412845.0031242,28.062
1780412845.0090017,28.061
1780412845.014342,28.061
1780412845.0197415,28.061
1780412845.025194,28.062
1780412845.0305476,28.064
1780412845.035949,28.063
1780412845.0413015,28.063
1780412845.0468416,28.061
1780412845.0525467,28.059
1780412845.0580292,28.057
1780412845.0636272,28.057
1780412845.0689268,28.057
1780412845.074308,28.067
1780412845.0798047,28.07
1780412845.0851297,28.069
1780412845.0904906,28.069
1780412845.0957844,28.067
1780412845.1015341,28.065
1780412845.1074991,28.064
1780412845.1128223,28.064
1780412845.1181245,28.065
1780412845.123512,28.065
1780412845.1289272,28.065
1780412845.1343603,28.065
1780412845.1397269,28.064
1780412845.1450987,28.063
1780412845.1505358,28.062
1780412845.1559489,28.061
1780412845.1613162,28.062
1780412845.1667418,28.06
1780412845.172074,28.06
1780412845.1773734,28.059
1780412845.1831892,28.059
1780412845.189198,28.058
1780412845.1951776,28.057
1780412845.2008922,28.056
1780412845.2061408,28.057
1780412845.211683,28.056
1780412845.2168667,28.057
1780412845.222778,28.056
1780412845.2286642,28.056
1780412845.233943,28.055
1780412845.2393157,28.054
1780412845.2447035,28.052
1780412845.2502162,28.053
1780412845.2555642,28.053
1780412845.260909,28.051
1780412845.2660859,28.051
1780412845.2717514,28.051
1780412845.2771583,28.05
1780412845.2828417,28.049
1780412845.2887306,28.048
1780412845.2939415,28.047
1780412845.2992811,28.048
1780412845.3044715,28.046
1780412845.310071,28.05
1780412845.315267,28.049
1780412845.3208942,28.049
1780412845.3264556,28.047
1780412845.3321633,28.044
1780412845.3378327,28.042
1780412845.343812,28.042
1780412845.3491476,28.043
1780412845.3545234,28.043
1780412845.3599043,28.045
1780412845.3653374,28.044
1780412845.3707566,28.043
1780412845.376171,28.043
1780412845.3815558,28.041
1780412845.3869286,28.041
1780412845.392334,28.041
1780412845.3976963,28.039
1780412845.4028666,28.041
1780412845.4085312,28.041
1780412845.413949,28.04
1780412845.4193223,28.039
1780412845.4247158,28.038
1780412845.4301028,28.038
1780412845.435298,28.037
1780412845.4409053,28.038
1780412845.4463525,28.036
1780412845.4518178,28.038
1780412845.4571366,28.037
1780412845.46251,28.037
1780412845.4680474,28.036
1780412845.4737606,28.034
1780412845.4793026,28.033
1780412845.4848433,28.033
1780412845.4901474,28.033
1780412845.4955513,28.031
1780412845.5008955,28.031
1780412845.506283,28.03
1780412845.5119812,28.028
1780412845.5178816,28.028
1780412845.5231476,28.027
1780412845.528505,28.027
1780412845.5337083,28.027
1780412845.5392644,28.024
1780412845.5444179,28.026
1780412845.5501068,28.026
1780412845.5552971,28.025
1780412845.5608716,28.025
1780412845.566039,28.024
1780412845.572029,28.023
1780412845.5778954,28.023
1780412845.5831501,28.024
1780412845.5885057,28.024
1780412845.5936792,28.025
1780412845.5993044,28.024
1780412845.6045456,28.023
1780412845.6101425,28.023
1780412845.615533,28.022
1780412845.6209888,28.021
1780412845.6263893,28.021
1780412845.631714,28.022
1780412845.6369026,28.019
1780412845.642538,28.02
1780412845.6479585,28.02
1780412845.653324,28.02
1780412845.658712,28.019
1780412845.6641426,28.019
1780412845.6695907,28.018
1780412845.6750119,28.018
1780412845.6803563,28.017
1780412845.685815,28.019
1780412845.6911407,28.019
1780412845.6964908,28.019
1780412845.7016506,28.019
1780412845.7073023,28.018
1780412845.7128623,28.017
1780412845.7183504,28.017
1780412845.7241497,28.017
1780412845.7295551,28.018
1780412845.734884,28.017
1780412845.7402825,28.017
1780412845.7459843,28.015
1780412845.75189,28.014
1780412845.7571485,28.013
1780412845.7625284,28.012
1780412845.7677102,28.013
1780412845.7732852,28.011
1780412845.778433,28.014
1780412845.7841353,28.014
1780412845.7895179,28.013
1780412845.794963,28.013
1780412845.8003418,28.012
1780412845.8057106,28.012
1780412845.8109562,28.011
1780412845.8165233,28.012
1780412845.821911,28.011
1780412845.8274283,28.013
1780412845.8335373,28.013
1780412845.8394268,28.012
1780412845.8447611,28.012
1780412845.850121,28.011
1780412845.8555071,28.011
1780412845.8609416,28.011
1780412845.866369,28.008
1780412845.871735,28.009
1780412845.876911,28.009
1780412845.8825498,28.009
1780412845.8879676,28.008
1780412845.8933115,28.008
1780412845.8985057,28.007
1780412845.9041202,28.007
1780412845.9095147,28.008
1780412845.9149654,28.006
1780412845.9203246,28.008
1780412845.925723,28.008
1780412845.9311101,28.007
1780412845.9365506,28.007
1780412845.94197,28.006
1780412845.9476137,28.005
1780412845.9535155,28.005
1780412845.9587538,28.006
1780412845.964137,28.005
1780412845.9695761,28.005
1780412845.9751852,28.005
1780412845.9811149,28.004
1780412845.9863536,28.003
1780412845.991705,28.003
1780412845.9968998,28.002
1780412846.002531,28.003
1780412846.0079598,27.255
1780412846.0134144,28.003
1780412846.0187435,28.003
1780412846.02418,28.003
1780412846.0295653,28.004
1780412846.0350466,28.004
1780412846.0412793,28.004
1780412846.0471985,28.006
1780412846.0528903,28.009
1780412846.0581312,28.016
1780412846.0636613,28.022
1780412846.068826,28.033
1780412846.0744638,28.043
1780412846.0796735,28.045
1780412846.085376,28.045
1780412846.09081,28.045
1780412846.096191,28.045
1780412846.1015315,28.045
1780412846.106861,28.047
1780412846.112092,28.049
1780412846.1177056,28.049
1780412846.1229029,28.048
1780412846.1285398,28.047
1780412846.1342895,28.046
1780412846.1400983,28.046
1780412846.145316,28.046
1780412846.1505132,28.045
1780412846.1562304,28.048
1780412846.1615448,28.047
1780412846.1668956,28.047
1780412846.1724644,28.045
1780412846.1781332,28.044
1780412846.1835861,28.044
1780412846.1888595,28.044
1780412846.1945353,28.044
1780412846.1999311,28.052
1780412846.2053535,28.061
1780412846.2108197,28.062
1780412846.2162519,28.064
1780412846.221616,28.065
1780412846.2269568,28.064
1780412846.2323523,28.066
1780412846.2377396,28.067
1780412846.2431674,28.066
1780412846.2484844,28.069
1780412846.25369,28.069
1780412846.2593029,28.069
1780412846.2647865,28.068
1780412846.270329,28.066
1780412846.276256,28.066
1780412846.281575,28.065
1780412846.286934,28.065
1780412846.2923698,28.065
1780412846.297835,28.068
1780412846.3031363,28.067
1780412846.3085086,28.067
1780412846.313727,28.066
1780412846.3193524,28.065
1780412846.324749,28.064
1780412846.3302357,28.064
1780412846.3355749,28.065
1780412846.3409228,28.063
1780412846.3461018,28.062
1780412846.3517401,28.062
1780412846.3571575,28.065
1780412846.3628757,28.064
1780412846.3687441,28.064
1780412846.3739622,28.065
1780412846.3793058,28.066
1780412846.3845098,28.073
1780412846.3902006,28.077
1780412846.3955772,28.079
1780412846.4009626,28.078
1780412846.406374,28.078
1780412846.412042,28.077
1780412846.4179318,28.076
1780412846.4231594,28.075
1780412846.4285245,28.076
1780412846.4339163,28.075
1780412846.4393456,28.076
1780412846.4454541,28.075
1780412846.4514892,28.074
1780412846.456819,28.073
1780412846.4621737,28.072
1780412846.4676166,28.071
1780412846.47294,28.071
1780412846.4783406,28.068
1780412846.4838374,28.071
1780412846.4892218,28.071
1780412846.4948235,28.07
1780412846.5007524,28.069
1780412846.5062568,28.068
1780412846.5119116,28.065
1780412846.5172906,28.065
1780412846.5227735,28.065
1780412846.528148,28.066
1780412846.5342112,28.065
1780412846.5402353,28.064
1780412846.5462525,28.063
1780412846.5516198,28.062
1780412846.5569532,28.062
1780412846.562397,28.061
1780412846.5677555,28.061
1780412846.573175,28.06
1780412846.5784886,28.062
1780412846.5840826,28.061
1780412846.5895908,28.059
1780412846.5953708,28.059
1780412846.6007452,28.059
1780412846.6061804,28.058
1780412846.61162,28.058
1780412846.6169565,28.058
1780412846.62238,28.059
1780412846.627737,28.06
1780412846.633127,28.059
1780412846.6385837,28.059
1780412846.6439724,28.058
1780412846.6496084,28.057
1780412846.65552,28.056
1780412846.660759,28.056
1780412846.6661503,28.054
1780412846.6715872,28.058
1780412846.676985,28.058
1780412846.682377,28.057
1780412846.687709,28.057
1780412846.6930544,28.056
1780412846.698635,28.056
1780412846.7039664,28.055
1780412846.7092896,28.056
1780412846.714491,28.056
1780412846.7203054,28.058
1780412846.7256184,28.058
1780412846.7312071,28.057
1780412846.7371247,28.056
1780412846.7423654,28.055
1780412846.7477531,28.055
1780412846.753219,28.054
1780412846.7585535,28.055
1780412846.7640238,28.055
1780412846.7693303,28.056
1780412846.7747328,28.055
1780412846.7801712,28.055
1780412846.785879,28.054
1780412846.792167,28.053
1780412846.7976713,28.052
1780412846.8031292,28.052
1780412846.808402,28.051
1780412846.8138518,28.054
1780412846.8191729,28.054
1780412846.824557,28.054
1780412846.8299336,28.053
1780412846.8353126,28.052
1780412846.8405106,28.052
1780412846.846161,28.052
1780412846.8516188,28.052
1780412846.8569396,28.05
1780412846.8623176,28.05
1780412846.867718,28.05
1780412846.8729217,28.049
1780412846.878829,28.048
1780412846.8847094,28.047
1780412846.8899639,28.047
1780412846.895321,28.047
1780412846.9005244,28.044
1780412846.9061966,28.047
1780412846.9115603,28.047
1780412846.9169068,28.046
1780412846.9223883,28.045
1780412846.9279099,28.044
1780412846.9341397,28.043
1780412846.9400241,28.043
1780412846.9457662,28.043
1780412846.951169,28.043
1780412846.9565,28.043
1780412846.9617016,28.042
1780412846.9673178,28.042
1780412846.9725149,28.041
1780412846.9781363,28.04
1780412846.9835174,28.039
1780412846.9889011,28.04
1780412846.994104,28.037
1780412846.99981,28.04
1780412847.0051608,28.042
1780412847.0105338,28.041
1780412847.0160494,28.04
1780412847.0215278,28.039
1780412847.0274854,28.038
1780412847.032787,28.037
1780412847.038138,28.038
1780412847.043571,28.038
1780412847.0490468,28.04
1780412847.0543633,28.04
1780412847.059721,28.04
1780412847.065256,28.039
1780412847.0707614,28.04
1780412847.0766,28.04
1780412847.0819786,28.041
1780412847.0873692,28.045
1780412847.0927913,28.048
1780412847.0982082,28.049
1780412847.1035855,28.049
1780412847.1089387,28.048
1780412847.114477,28.047
1780412847.1200476,28.046
1780412847.1259344,28.045
1780412847.131181,28.045
1780412847.1364913,28.044
1780412847.1416688,28.046
1780412847.1473067,28.046
1780412847.1525295,28.045
1780412847.158154,28.044
1780412847.1635363,28.044
1780412847.1690114,28.043
1780412847.174427,28.042
1780412847.1797814,28.043
1780412847.1852994,28.041
1780412847.1906517,28.042
1780412847.1966305,28.042
1780412847.2019637,28.041
1780412847.2073736,28.04
1780412847.212779,28.039
1780412847.2181513,28.039
1780412847.223534,28.039
1780412847.2289062,28.037
1780412847.2340593,28.038
1780412847.2397616,28.038
1780412847.245795,28.038
1780412847.251532,28.036
1780412847.257219,28.035
1780412847.262787,28.034
1780412847.2681732,28.034
1780412847.2734654,28.034
1780412847.2787719,28.038
1780412847.2840984,28.038
1780412847.289412,28.037
1780412847.2951598,28.037
1780412847.3010151,28.036
1780412847.3066676,28.034
1780412847.3120685,28.033
1780412847.3178144,28.034
1780412847.323186,28.032
1780412847.3285217,28.036
1780412847.3337243,28.036
1780412847.3393793,28.035
1780412847.344791,28.035
1780412847.350126,28.035
1780412847.3553333,28.034
1780412847.3609521,28.034
1780412847.366385,28.034
1780412847.3717,28.033
1780412847.3768845,28.033
1780412847.3825312,28.033
1780412847.3877435,28.032
1780412847.393366,28.032
1780412847.398748,28.031
1780412847.4041393,28.03
1780412847.409531,28.03
1780412847.4149196,28.031
1780412847.4201143,28.03
1780412847.4256988,28.032
1780412847.4309344,28.032
1780412847.4365373,28.031
1780412847.4419324,28.031
1780412847.4473274,28.03
1780412847.4525204,28.03
1780412847.458144,28.031
1780412847.4635806,28.028
1780412847.468991,28.032
1780412847.4743714,28.032
1780412847.479779,28.031
1780412847.4851913,28.031
1780412847.4905646,28.03
1780412847.4959903,28.029
1780412847.5013375,28.029
1780412847.5065205,28.03
1780412847.5121052,28.028
1780412847.5172825,28.03
1780412847.5229306,28.03
1780412847.528332,28.029
1780412847.5337791,28.029
1780412847.5391896,28.028
1780412847.5448346,28.027
1780412847.5507517,28.027
1780412847.5559757,28.028
1780412847.5613546,28.028
1780412847.5665314,28.027
1780412847.5721672,28.027
1780412847.577595,28.026
1780412847.5830297,28.026
1780412847.5883653,28.025
1780412847.593782,28.024
1780412847.5992057,28.025
1780412847.6045303,28.024
1780412847.6097145,28.024
1780412847.6153696,28.024
1780412847.6207836,28.023
1780412847.626159,28.023
1780412847.6316361,28.022
1780412847.6373224,28.021
1780412847.6429586,28.021
1780412847.6483743,28.022
1780412847.653712,28.02
1780412847.6588855,28.024
1780412847.6646633,28.026
1780412847.6699739,28.025
1780412847.6753387,28.025
1780412847.6807215,28.024
1780412847.686124,28.024
1780412847.6913803,28.024
1780412847.696935,28.024
1780412847.7023501,28.022
1780412847.707735,28.023
1780412847.713308,28.023
1780412847.719049,28.022
1780412847.7247074,28.02
1780412847.7303145,28.018
1780412847.7357333,28.017
1780412847.7414267,28.017
1780412847.7467902,28.016
1780412847.7521274,28.02
1780412847.7573307,28.02
1780412847.763013,28.02
1780412847.7683892,28.019
1780412847.7737503,28.019
1780412847.7791433,28.018
1780412847.7845194,28.018
1780412847.7897215,28.019
1780412847.7953167,28.018
1780412847.80049,28.018
1780412847.8061142,28.018
1780412847.811597,28.017
1780412847.8177016,28.017
1780412847.823253,28.015
1780412847.829125,28.015
1780412847.834383,28.015
1780412847.839732,28.015
1780412847.8449056,28.016
1780412847.8505666,28.017
1780412847.8566275,28.017
1780412847.8623173,28.016
1780412847.8679338,28.013
1780412847.8737323,28.011
1780412847.8796186,28.011
1780412847.8853264,28.012
1780412847.8907332,28.013
1780412847.896109,28.015
1780412847.9014103,28.015
1780412847.9071739,28.014
1780412847.9126775,28.013
1780412847.9184465,28.011
1780412847.9238672,28.009
1780412847.9297662,28.01
1780412847.9351485,28.01
1780412847.9405105,28.014
1780412847.9457123,28.014
1780412847.9516203,28.013
1780412847.9575083,28.013
1780412847.9627733,28.012
1780412847.968188,28.011
1780412847.9735925,28.011
1780412847.9789233,28.012
1780412847.9841483,28.012
1780412847.9897223,28.013
1780412847.9952018,28.013
1780412848.0007222,28.011
1780412848.0066674,28.011
1780412848.011986,28.01
1780412848.017364,28.009
1780412848.0227334,28.01
1780412848.0281005,28.009
1780412848.033273,28.009
1780412848.0389917,28.01
1780412848.0444105,28.01
1780412848.049757,28.009
1780412848.0552409,28.008
1780412848.0609016,28.007
1780412848.0665689,28.007
1780412848.071973,28.01
1780412848.0772862,28.01
1780412848.082464,28.011
1780412848.0880961,28.011
1780412848.0933464,28.011
1780412848.099046,28.01
1780412848.1043718,28.009
1780412848.109761,28.008
1780412848.1151888,28.009
1780412848.120564,28.009
1780412848.1259854,28.009
1780412848.1313305,28.011
1780412848.136826,28.01
1780412848.1425612,28.009
1780412848.1484575,28.009
1780412848.1541643,28.008
1780412848.159595,28.008
1780412848.1650164,28.008
1780412848.1704288,28.009
1780412848.1757689,28.022
1780412848.1812017,28.039
1780412848.1865485,28.052
1780412848.1919558,28.067
1780412848.1973395,28.078
1780412848.202521,28.093
1780412848.2081482,28.105
1780412848.2133307,28.121
1780412848.218906,28.128
1780412848.2240827,28.131
1780412848.2297664,28.133
1780412848.2352397,28.132
1780412848.240754,28.131
1780412848.246882,28.13
1780412848.2528167,28.129
1780412848.2586222,28.129
1780412848.2639823,28.128
1780412848.2694936,28.128
1780412848.2748175,28.128
1780412848.2802014,28.127
1780412848.286225,28.125
1780412848.2916954,28.123
1780412848.2973073,28.121
1780412848.3027008,28.119
1780412848.30812,28.119
1780412848.313785,28.118
1780412848.3192048,28.12
1780412848.3245637,28.12
1780412848.3299813,28.118
1780412848.3356535,28.117
1780412848.3415446,28.116
1780412848.3467863,28.114
1780412848.352254,28.114
1780412848.3576417,28.113
1780412848.3630304,28.112
1780412848.3687086,28.111
1780412848.3749793,28.11
1780412848.3806584,28.108
1780412848.3860626,28.105
1780412848.3919082,28.104
1780412848.397188,28.103
1780412848.4025507,28.102
1780412848.4077778,28.103
1780412848.413765,28.105
1780412848.419705,28.105
1780412848.4256256,28.104
1780412848.4315367,28.103
1780412848.4367876,28.102
1780412848.4421883,28.101
1780412848.4476452,28.1
1780412848.4529717,28.098
1780412848.4586682,28.098
1780412848.464502,28.099
1780412848.4697926,28.098
1780412848.4751773,28.097
1780412848.4805772,28.096
1780412848.486707,28.093
1780412848.4926145,28.093
1780412848.4980278,28.093
1780412848.5033977,28.092
1780412848.5088465,28.093
1780412848.5142498,28.092
1780412848.5199623,28.09
1780412848.5263176,28.088
1780412848.5322766,28.087
1780412848.537634,28.086
1780412848.542978,28.085
1780412848.5484293,28.084
1780412848.5538836,28.086
1780412848.55919,28.085
1780412848.5645368,28.084
1780412848.5701013,28.082
1780412848.5758119,28.079
1780412848.5814385,28.077
1780412848.5868974,28.076
1780412848.5922198,28.075
1780412848.597597,28.074
1780412848.602938,28.076
1780412848.608158,28.075
1780412848.6137407,28.075
1780412848.6192284,28.073
1780412848.624908,28.071
1780412848.6307316,28.07
1780412848.6359737,28.069
1780412848.641366,28.068
1780412848.6468039,28.07
1780412848.652457,28.07
1780412848.6583664,28.069
1780412848.6636052,28.068
1780412848.6689773,28.068
1780412848.674415,28.066
1780412848.6797895,28.065
1780412848.6852438,28.065
1780412848.6905653,28.062
1780412848.6959572,28.064
1780412848.7013936,28.064
1780412848.7068133,28.063
1780412848.7124455,28.062
1780412848.7183409,28.061
1780412848.7235873,28.059
1780412848.7290516,28.059
1780412848.7344487,28.057
1780412848.7400815,28.057
1780412848.746154,28.06
1780412848.7520714,28.059
1780412848.7579446,28.058
1780412848.7631946,28.057
1780412848.7685838,28.056
1780412848.7740452,28.055
1780412848.7793944,28.055
1780412848.7848492,28.054
1780412848.7901642,28.056
1780412848.7955709,28.055
1780412848.8010178,28.054
1780412848.8067083,28.053
1780412848.8124719,28.051
1780412848.8177788,28.05
1780412848.8231628,28.049
1780412848.8285377,28.049
1780412848.8337767,28.048
1780412848.8396657,28.048
1780412848.8455565,28.048
1780412848.8507955,28.046
1780412848.8561552,28.046
1780412848.861708,28.044
1780412848.8672252,28.042
1780412848.8730123,28.042
1780412848.8783932,28.04
1780412848.8837998,28.042
1780412848.8892522,28.041
1780412848.8948445,28.04
1780412848.9007678,28.039
1780412848.9059963,28.038
1780412848.91138,28.037
1780412848.916846,28.037
1780412848.922181,28.037
1780412848.9282424,28.035
1780412848.9342854,28.04
1780412848.9403439,28.041
1780412848.9459035,28.04
1780412848.9516432,28.037
1780412848.957222,28.035
1780412848.962583,28.034
1780412848.9678755,28.034
1780412848.9732447,28.038
1780412848.978605,28.039
1780412848.984052,28.039
1780412848.989663,28.038
1780412848.9955354,28.037
1780412849.0007982,28.036
1780412849.0062015,28.035
1780412849.0116494,28.034
1780412849.0170019,28.033
1780412849.0226872,28.032
1780412849.0284789,28.033
1780412849.0337858,28.032
1780412849.0391743,28.031
1780412849.044603,28.03
1780412849.0506978,28.028
1780412849.056639,28.027
1780412849.0620418,28.027
1780412849.067393,28.026
1780412849.0727928,28.039
1780412849.0782983,28.042
1780412849.0835948,28.041
1780412849.0889556,28.041
1780412849.0943985,28.039
1780412849.0998285,28.038
1780412849.1052477,28.038
1780412849.1105766,28.037
1780412849.1159582,28.036
1780412849.121377,28.037
1780412849.126796,28.036
1780412849.132457,28.035
1780412849.138354,28.034
1780412849.143597,28.033
1780412849.1489518,28.032
1780412849.1544056,28.031
1780412849.1597974,28.027
1780412849.1652308,28.03
1780412849.1705997,28.03
1780412849.1759956,28.029
1780412849.181375,28.028
1780412849.1867952,28.027
1780412849.1924589,28.026
1780412849.1983497,28.025
1780412849.2035925,28.025
1780412849.208986,28.016
1780412849.2143762,28.02
1780412849.21974,28.029
1780412849.2249444,28.039
1780412849.230557,28.047
1780412849.2361019,28.056
1780412849.2417822,28.065
1780412849.2476766,28.076
1780412849.253615,28.086
1780412849.2595,28.095
1780412849.2648005,28.105
1780412849.27024,28.113
1780412849.2756574,28.123
1780412849.2809765,28.131
1780412849.2867773,28.142
1780412849.2924693,28.15
1780412849.298029,28.157
1780412849.3039138,28.169
1780412849.3091948,28.18
1780412849.3145716,28.192
1780412849.3199918,28.219
1780412849.3253453,28.228
1780412849.3306057,28.228
1780412849.336241,28.229
1780412849.3416407,28.228
1780412849.3471143,28.227
1780412849.3527095,28.225
1780412849.3585193,28.223
1780412849.3637764,28.222
1780412849.3691726,28.222
1780412849.374559,28.219
1780412849.3800073,28.222
1780412849.385415,28.221
1780412849.3908203,28.22
1780412849.39619,28.219
1780412849.4016082,28.218
1780412849.4070222,28.217
1780412849.4124498,28.216
1780412849.417796,28.217
1780412849.4232104,28.212
1780412849.428591,28.213
1780412849.4340289,28.212
1780412849.4396918,28.21
1780412849.4455729,28.209
1780412849.4508011,28.208
1780412849.4561775,28.206
1780412849.4616098,28.206
1780412849.4670153,28.205
1780412849.472452,28.203
1780412849.477778,28.203
1780412849.48317,28.201
1780412849.4885612,28.2
1780412849.4937341,28.198
1780412849.4996583,28.196
1780412849.5055728,28.196
1780412849.5108044,28.195
1780412849.5161486,28.194
1780412849.5214586,28.194
1780412849.5272837,28.192
1780412849.5332084,28.191
1780412849.5387154,28.189
1780412849.5444589,28.186
1780412849.5498745,28.184
1780412849.555788,28.183
1780412849.5612066,28.181
1780412849.5666053,28.185
1780412849.5723035,28.185
1780412849.578122,28.183
1780412849.5833566,28.182
1780412849.5888484,28.179
1780412849.5946193,28.176
1780412849.6001465,28.175
1780412849.605633,28.175
1780412849.6109734,28.173
1780412849.6163719,28.174
1780412849.6217988,28.173
1780412849.627224,28.172
1780412849.6328533,28.17
1780412849.6387897,28.169
1780412849.6440012,28.168
1780412849.6493924,28.167
1780412849.6548467,28.164
1780412849.6602528,28.168
1780412849.6656358,28.169
1780412849.6709745,28.168
1780412849.6763792,28.167
1780412849.6818094,28.165
1780412849.687528,28.164
1780412849.6932833,28.163
1780412849.698559,28.162
1780412849.703813,28.163
1780412849.7094119,28.164
1780412849.7148612,28.164
1780412849.7202156,28.163
1780412849.7256253,28.161
1780412849.7309885,28.16
1780412849.7364175,28.158
1780412849.7419093,28.158
1780412849.7472603,28.156
1780412849.7526388,28.157
1780412849.758018,28.156
1780412849.7634194,28.155
1780412849.7688665,28.154
1780412849.7742755,28.153
1780412849.7799861,28.151
1780412849.7856643,28.15
1780412849.7910101,28.15
1780412849.796415,28.149
1780412849.801938,28.151
1780412849.807264,28.151
1780412849.81261,28.15
1780412849.8184338,28.148
1780412849.8247378,28.146
1780412849.8306806,28.145
1780412849.8360486,28.145
1780412849.8413937,28.143
1780412849.8468308,28.144
1780412849.8522086,28.144
1780412849.8576264,28.143
1780412849.8629494,28.142
1780412849.8681662,28.141
1780412849.873798,28.14
1780412849.8792617,28.139
1780412849.8846064,28.139
1780412849.8900301,28.137
1780412849.8954072,28.139
1780412849.9008617,28.138
1780412849.9062245,28.137
1780412849.9119205,28.136
1780412849.9176812,28.133
1780412849.9231105,28.131
1780412849.9290028,28.131
1780412849.934414,28.129
1780412849.9397767,28.133
1780412849.9452577,28.134
1780412849.9506285,28.133
1780412849.956022,28.132
1780412849.961399,28.131
1780412849.9668322,28.13
1780412849.9722278,28.129
1780412849.977666,28.129
1780412849.9830139,28.127
1780412849.9884253,28.129
1780412849.9938166,28.128
1780412849.999267,28.127
1780412850.004882,28.126
1780412850.0107956,28.125
1780412850.0160122,28.123
1780412850.021488,28.123
1780412850.0268254,28.121
1780412850.03223,28.123
1780412850.0375674,28.126
1780412850.0429468,28.125
1780412850.0481267,28.124
1780412850.053727,28.123
1780412850.058926,28.122
1780412850.0646014,28.121
1780412850.0699975,28.123
1780412850.0753424,28.122
1780412850.0805707,28.124
1780412850.0862138,28.124
1780412850.0916593,28.123
1780412850.0972826,28.122
1780412850.1031811,28.121
1780412850.1084125,28.119
1780412850.1138673,28.119
1780412850.119268,28.119
1780412850.124648,28.119
1780412850.1300628,28.119
1780412850.1353753,28.118
1780412850.1407745,28.117
1780412850.14622,28.116
1780412850.1519396,28.115
1780412850.157725,28.114
1780412850.1630266,28.113
1780412850.1684546,28.112
1780412850.1739502,28.115
1780412850.1792693,28.114
1780412850.1846125,28.114
1780412850.1900318,28.113
1780412850.195396,28.111
1780412850.2008257,28.11
1780412850.206203,28.11
1780412850.2116332,28.11
1780412850.217023,28.108
1780412850.2224333,28.11
1780412850.227763,28.109
1780412850.233022,28.108
1780412850.238592,28.107
1780412850.2446628,28.106
1780412850.2502017,28.104
1780412850.2556612,28.104
1780412850.261378,28.102
1780412850.2668157,28.106
1780412850.272188,28.106
1780412850.2775831,28.105
1780412850.283035,28.105
1780412850.2887366,28.104
1780412850.2945561,28.102
1780412850.2999701,28.102
1780412850.3052568,28.102
1780412850.3106267,28.102
1780412850.31607,28.103
1780412850.321409,28.103
1780412850.3268347,28.102
1780412850.3321705,28.101
1780412850.337736,28.099
1780412850.3432245,28.097
1780412850.3490279,28.097
1780412850.3544292,28.094
1780412850.3599155,28.097
1780412850.365272,28.096
1780412850.3706083,28.096
1780412850.3766835,28.094
1780412850.3824062,28.092
1780412850.3878536,28.089
1780412850.393488,28.089
1780412850.3988419,28.09
1780412850.4042797,28.093
1780412850.4096165,28.092
1780412850.4150116,28.092
1780412850.4205482,28.091
1780412850.4261327,28.091
1780412850.4321136,28.09
1780412850.4380043,28.089
1780412850.4432569,28.089
1780412850.448596,28.089
1780412850.4540315,28.091
1780412850.4594305,28.09
1780412850.464873,28.089
1780412850.4701874,28.089
1780412850.4755752,28.088
1780412850.481012,28.087
1780412850.486469,28.086
1780412850.491811,28.087
1780412850.4972343,28.084
1780412850.5025804,28.086
1780412850.5078208,28.086
1780412850.5134282,28.085
1780412850.5191317,28.084
1780412850.525427,28.082
1780412850.5309315,28.081
1780412850.5363889,28.081
1780412850.5416777,28.081
1780412850.547152,28.084
1780412850.5524752,28.083
1780412850.5578747,28.082
1780412850.5641513,28.081
1780412850.570039,28.081
1780412850.5752997,28.079
1780412850.5807037,28.079
1780412850.5860791,28.08
1780412850.5914419,28.078
1780412850.5968666,28.079
1780412850.6022198,28.079
1780412850.6076376,28.078
1780412850.6130233,28.077
1780412850.618476,28.076
1780412850.623822,28.075
1780412850.6292303,28.075
1780412850.6345644,28.072
1780412850.6397889,28.074
1780412850.6454146,28.073
1780412850.6508749,28.073
1780412850.6564627,28.072
1780412850.6623518,28.072
1780412850.6676128,28.071
1780412850.6730125,28.07
1780412850.678474,28.071
1780412850.6838052,28.07
1780412850.6892385,28.071
1780412850.6945984,28.071
1780412850.7000062,28.07
1780412850.7054186,28.069
1780412850.7108293,28.069
1780412850.7162085,28.068
1780412850.7215948,28.068
1780412850.7269535,28.068
1780412850.7321904,28.068
1780412850.7381299,28.068
1780412850.7439954,28.068
1780412850.7492094,28.067
1780412850.7545745,28.066
1780412850.7597425,28.065
1780412850.7653608,28.065
1780412850.7705314,28.065
1780412850.7761989,28.063
1780412850.7816374,28.065
1780412850.7870238,28.064
1780412850.792475,28.063
1780412850.7980835,28.062
1780412850.8039873,28.061
1780412850.8092232,28.06
1780412850.8146827,28.06
1780412850.8200777,28.061
1780412850.8254306,28.062
1780412850.8308322,28.065
1780412850.8362038,28.065
1780412850.8415873,28.064
1780412850.8470314,28.063
1780412850.8527474,28.062
1780412850.8585572,28.061
1780412850.8638637,28.061
1780412850.8692636,28.06
1780412850.8747597,28.063
1780412850.8800817,28.062
1780412850.885687,28.061
1780412850.891592,28.06
1780412850.8968225,28.059
1780412850.9021842,28.058
1780412850.907614,28.058
1780412850.913022,28.058
1780412850.9184737,28.057
1780412850.923798,28.058
1780412850.9291868,28.057
1780412850.9346266,28.057
1780412850.940346,28.056
1780412850.9466274,28.054
1780412850.9521637,28.053
1780412850.9576013,28.053
1780412850.9629354,28.052
1780412850.968453,28.058
1780412850.974249,28.059
1780412850.9796245,28.058
1780412850.9850228,28.058
1780412850.9904816,28.057
1780412850.9960802,28.056
1780412851.0019767,28.056
1780412851.0072243,28.056
1780412851.0126572,28.056
1780412851.0180774,28.057
1780412851.0236695,28.056
1780412851.029585,28.056
1780412851.0348327,28.055
1780412851.0402195,28.054
1780412851.045681,28.053
1780412851.0510075,28.053
1780412851.0564663,28.049
1780412851.061862,28.053
1780412851.0672421,28.053
1780412851.0726395,28.055
1780412851.0787034,28.054
1780412851.084728,28.054
1780412851.0900834,28.053
1780412851.0954294,28.052
1780412851.1009648,28.053
1780412851.1062744,28.053
1780412851.111674,28.054
1780412851.1170177,28.053
1780412851.1224425,28.052
1780412851.1278374,28.052
1780412851.1332848,28.051
1780412851.1386335,28.05
1780412851.1440434,28.05
1780412851.1493828,28.05
1780412851.154614,28.049
1780412851.160276,28.05
1780412851.165933,28.049
1780412851.1717298,28.048
1780412851.1770062,28.048
1780412851.1823936,28.047
1780412851.1877892,28.046
1780412851.193029,28.046
1780412851.1985953,28.043
1780412851.2040908,28.045
1780412851.210223,28.047
1780412851.2157829,28.046
1780412851.221677,28.046
1780412851.227416,28.044
1780412851.2328098,28.044
1780412851.2382658,28.044
1780412851.2436202,28.042
1780412851.2491188,28.044
1780412851.254485,28.043
1780412851.259836,28.043
1780412851.2652233,28.042
1780412851.2706027,28.041
1780412851.2760317,28.04
1780412851.2814503,28.039
1780412851.286877,28.04
1780412851.2921853,28.037
1780412851.2973692,28.039
1780412851.3029637,28.039
1780412851.3081791,28.038
1780412851.3140697,28.037
1780412851.3199475,28.036
1780412851.325232,28.035
1780412851.3306434,28.035
1780412851.3360868,28.036
1780412851.3413997,28.035
1780412851.346584,28.034
1780412851.3522081,28.033
1780412851.357586,28.033
1780412851.3630195,28.032
1780412851.3684459,28.031
1780412851.3738122,28.03
1780412851.379195,28.03
1780412851.3845608,28.03
1780412851.3897345,28.028
1780412851.395351,28.029
1780412851.4005947,28.028
1780412851.4062126,28.028
1780412851.4116023,28.027
1780412851.4169636,28.026
1780412851.4221296,28.026
1780412851.427753,28.026
1780412851.4329593,28.024
1780412851.4386947,28.026
1780412851.4440196,28.026
1780412851.44939,28.025
1780412851.4546292,28.024
1780412851.460237,28.024
1780412851.4656289,28.023
1780412851.4709868,28.023
1780412851.4764357,28.023
1780412851.4817736,28.021
1780412851.486958,28.021
1780412851.4928873,28.02
1780412851.4987895,28.02
1780412851.5040348,28.019
1780412851.5093791,28.018
1780412851.5145833,28.017
1780412851.5201998,28.017
1780412851.5256371,28.014
1780412851.5310993,28.018
1780412851.5364237,28.017
1780412851.5418236,28.017
1780412851.5472515,28.016
1780412851.5525897,28.016
1780412851.5580308,28.015
1780412851.563392,28.015
1780412851.5685976,28.015
1780412851.5741637,28.013
1780412851.579342,28.015
1780412851.5849688,28.015
1780412851.5901914,28.014
1780412851.5958045,28.013
1780412851.6009927,28.013
1780412851.6066926,28.012
1780412851.6121337,28.012
1780412851.617389,28.012
1780412851.6225874,28.011
1780412851.6281846,28.013
1780412851.633447,28.012
1780412851.6390133,28.012
1780412851.6444118,28.011
1780412851.6497934,28.011
1780412851.6549916,28.01
1780412851.6607018,28.01
1780412851.6660736,28.008
1780412851.6714137,28.009
1780412851.6765876,28.009
1780412851.6822534,28.008
1780412851.6876457,28.007
1780412851.6930099,28.007
1780412851.6990874,28.006
1780412851.7045703,28.005
1780412851.710028,28.006
1780412851.71577,28.006
1780412851.7209582,28.007
1780412851.7265885,28.007
1780412851.7320845,28.007
1780412851.7378366,28.005
1780412851.743729,28.004
1780412851.7493956,28.004
1780412851.7546198,28.004
1780412851.7602172,28.003
1780412851.7655826,28.005
1780412851.770966,28.005
1780412851.7762222,28.005
1780412851.7818143,28.004
1780412851.78721,28.004
1780412851.7925937,28.003
1780412851.7977905,28.003
1780412851.8033955,28.003
1780412851.8085895,28.001
1780412851.814314,28.004
1780412851.8196256,28.004
1780412851.8249876,28.003
1780412851.8301942,28.002
1780412851.8358006,28.002
1780412851.841329,28.001
1780412851.8468077,28.001
1780412851.8521345,28.001
1780412851.8574083,27.254
1780412851.8627863,28.0
1780412851.8682356,28.0
1780412851.8736567,27.255
1780412851.8790252,27.254
1780412851.8844163,27.254
1780412851.889806,27.253
1780412851.8951952,27.253
1780412851.9005535,27.253
1780412851.9057374,27.251
1780412851.9113889,27.252
1780412851.9165666,27.252
1780412851.9222133,27.251
1780412851.9280381,27.25
1780412851.933739,27.249
1780412851.9390295,27.249
1780412851.9444587,27.249
1780412851.9498372,27.248
1780412851.9552946,27.25
1780412851.9608915,27.25
1780412851.9668005,27.249
1780412851.9720395,27.248
1780412851.9773939,27.248
1780412851.9826758,27.247
1780412851.9883595,27.247
1780412851.9936497,27.248
1780412851.998991,27.247
1780412852.0042942,27.247
1780412852.0101914,27.247
1780412852.0157864,27.246
1780412852.0210783,27.246
1780412852.0271616,27.245
1780412852.0326433,27.244
1780412852.038147,27.244
1780412852.0434444,27.244
1780412852.049502,27.247
1780412852.0555348,27.247
1780412852.060894,27.246
1780412852.0662646,27.245
1780412852.0716467,27.248
1780412852.0770245,27.247
1780412852.0824564,27.247
1780412852.0878272,27.249
1780412852.093247,27.252
1780412852.0989234,27.254
1780412852.1047914,27.254
1780412852.1100426,27.253
1780412852.1153977,27.252
1780412852.1205878,27.252
1780412852.1262338,27.251
1780412852.1316974,27.252
1780412852.136995,27.248
1780412852.142184,27.251
1780412852.1478617,27.251
1780412852.1533637,27.25
1780412852.1589324,27.249
1780412852.1649067,27.249
1780412852.1708148,27.248
1780412852.1760418,27.248
1780412852.1813893,27.249
1780412852.1866255,27.25
1780412852.1922112,27.252
1780412852.1982734,27.251
1780412852.2039342,27.25
1780412852.2095165,27.248
1780412852.2151065,27.247
1780412852.2205324,27.247
1780412852.2259686,27.247
1780412852.231277,27.251
1780412852.2367651,27.254
1780412852.2421181,27.254
1780412852.2477078,27.253
1780412852.2536192,27.253
1780412852.258839,27.253
1780412852.2642112,27.253
1780412852.2696471,27.253
1780412852.2751248,27.253
1780412852.2804928,27.253
1780412852.2858312,27.254
1780412852.291226,27.254
1780412852.2966514,27.253
1780412852.3028069,27.252
1780412852.3087022,27.252
1780412852.3140318,27.251
1780412852.3194325,27.251
1780412852.324885,27.25
1780412852.3303568,27.253
1780412852.3356442,27.253
1780412852.3410137,27.252
1780412852.3462594,27.251
1780412852.3521245,27.251
1780412852.357882,27.25
1780412852.3632696,27.25
1780412852.368579,27.251
1780412852.373808,27.25
1780412852.3794506,27.252
1780412852.3851542,27.251
1780412852.3915148,27.25
1780412852.3970494,27.249
1780412852.4026263,27.248
1780412852.4081278,27.248
1780412852.4134338,27.249
1780412852.419052,27.249
1780412852.4244828,27.252
1780412852.429873,27.252
1780412852.435564,27.251
1780412852.4418442,27.25
1780412852.4475286,27.249
1780412852.4529393,27.248
1780412852.458685,27.249
1780412852.4640806,27.247
1780412852.4695053,27.252
1780412852.4749038,27.252
1780412852.4802809,27.251
1780412852.4860387,27.25
1780412852.492401,27.249
1780412852.4983156,27.249
1780412852.5036848,27.249
1780412852.5090532,27.249
1780412852.514453,27.25
1780412852.5201116,27.251
1780412852.5260224,27.251
1780412852.5312462,27.251
1780412852.536605,27.25
1780412852.5421567,27.249
1780412852.5476508,27.249
1780412852.5534742,27.249
1780412852.5588548,27.246
1780412852.5642776,27.251
1780412852.569656,27.251
1780412852.5753276,27.251
1780412852.5812325,27.25
1780412852.5867305,27.249
1780412852.5922878,27.247
1780412852.5977445,27.247
1780412852.6030488,27.247
1780412852.6086745,27.247
1780412852.6140687,27.248
1780412852.6194112,27.248
1780412852.6249785,27.247
1780412852.6305044,27.245
1780412852.636324,27.244
1780412852.6416924,27.244
1780412852.6470027,27.244
1780412852.6522446,27.242
1780412852.6578808,27.247
1780412852.6632535,27.248
1780412852.6689737,27.247
1780412852.6748729,27.247
1780412852.6803722,27.246
1780412852.6861129,27.244
1780412852.6915212,27.243
1780412852.6969056,27.244
1780412852.7022822,27.246
1780412852.7076972,27.246
1780412852.7130132,27.245
1780412852.7184153,27.244
1780412852.7238054,27.244
1780412852.7293577,27.243
1780412852.7348533,27.241
1780412852.7406619,27.242
1780412852.7461169,27.239
1780412852.751558,27.242
1780412852.7569864,27.241
1780412852.7625372,27.241
1780412852.7684853,27.24
1780412852.774384,27.24
1780412852.7796512,27.239
1780412852.7850528,27.239
1780412852.7905056,27.24
1780412852.795833,27.238
1780412852.8013046,27.24
1780412852.8066354,27.24
1780412852.8120353,27.239
1780412852.8174415,27.239
1780412852.823178,27.238
1780412852.8289802,27.237
1780412852.8342838,27.237
1780412852.839649,27.236
1780412852.8451295,27.237
1780412852.8512158,27.238
1780412852.8571193,27.238
1780412852.8624566,27.237
1780412852.8678687,27.237
1780412852.8736188,27.236
1780412852.8793435,27.236
1780412852.884632,27.236
1780412852.890026,27.236
1780412852.895419,27.238
1780412852.9009645,27.238
1780412852.9067523,27.236
1780412852.9124231,27.234
1780412852.9182963,27.234
1780412852.9236946,27.233
1780412852.9290605,27.234
1780412852.9344938,27.232
1780412852.93988,27.236
1780412852.945264,27.238
1780412852.9506207,27.237
1780412852.9560485,27.237
1780412852.9614825,27.236
1780412852.9675682,27.236
1780412852.9735253,27.236
1780412852.9788942,27.236
1780412852.9843118,27.236
1780412852.989949,27.236
1780412852.9958217,27.236
1780412853.0013206,27.235
1780412853.007214,27.235
1780412853.012455,27.234
1780412853.0178618,27.233
1780412853.0233116,27.234
1780412853.0286438,27.233
1780412853.034055,27.236
1780412853.039431,27.237
1780412853.0448122,27.236
1780412853.0502534,27.236
1780412853.0557103,27.235
1780412853.0613031,27.235
1780412853.0672255,27.235
1780412853.0729964,27.238
1780412853.078414,27.24
1780412853.083775,27.242
1780412853.0889766,27.242
1780412853.0946126,27.241
1780412853.0998068,27.241
1780412853.1053977,27.24
1780412853.1105928,27.239
1780412853.1164227,27.24
1780412853.1217308,27.239
1780412853.1271055,27.239
1780412853.1325119,27.239
1780412853.1381283,27.239
1780412853.1440053,27.238
1780412853.1492548,27.238
1780412853.1546073,27.237
1780412853.1598513,27.237
1780412853.165549,27.237
1780412853.1708956,27.234
1780412853.1763983,27.237
1780412853.1819777,27.236
1780412853.1882622,27.236
1780412853.1939545,27.235
1780412853.1996453,27.232
1780412853.2051654,27.231
1780412853.2110846,27.231
1780412853.2164557,27.233
1780412853.2218466,27.245
1780412853.2272766,28.005
1780412853.2325666,28.018
1780412853.2377687,28.034
1780412853.2433996,28.045
1780412853.2488213,28.06
1780412853.2542012,28.071
1780412853.2594082,28.089
1780412853.2649996,28.1
1780412853.2701943,28.104
1780412853.27579,28.107
1780412853.2809722,28.107
1780412853.2865868,28.107
1780412853.291757,28.107
1780412853.2973614,28.106
1780412853.3025281,28.106
1780412853.3081832,28.107
1780412853.3133533,28.105
1780412853.319122,28.108
1780412853.3244302,28.108
1780412853.3297791,28.107
1780412853.3349504,28.106
1780412853.3405943,28.105
1780412853.3457959,28.104
1780412853.3514912,28.104
1780412853.356853,28.104
1780412853.3622208,28.103
1780412853.3673942,28.103
1780412853.373197,28.102
1780412853.3791015,28.101
1780412853.3850813,28.1
1780412853.390757,28.098
1780412853.3961654,28.097
1780412853.4018633,28.097
1780412853.40727,28.099
1780412853.412791,28.101
1780412853.418101,28.101
1780412853.423484,28.1
1780412853.4291844,28.099
1780412853.434937,28.097
1780412853.4402556,28.096
1780412853.4456391,28.096
1780412853.4510453,28.096
1780412853.4564977,28.096
1780412853.4621341,28.096
1780412853.4680185,28.096
1780412853.4732523,28.094
1780412853.4786198,28.093
1780412853.4841735,28.092
1780412853.4896593,28.091
1780412853.495495,28.09
1780412853.5008688,28.089
1780412853.5063808,28.091
1780412853.5117157,28.09
1780412853.5170767,28.09
1780412853.5227466,28.088
1780412853.52851,28.086
1780412853.5339198,28.083
1780412853.539334,28.083
1780412853.5446723,28.082
1780412853.5501227,28.082
1780412853.555728,28.083
1780412853.5616324,28.082
1780412853.5668647,28.081
1780412853.5722234,28.08
1780412853.5776668,28.079
1780412853.5830767,28.078
1780412853.588519,28.078
1780412853.5938249,28.075
1780412853.599018,28.078
1780412853.6046164,28.077
1780412853.610154,28.076
1780412853.615902,28.073
1780412853.6216228,28.071
1780412853.6275132,28.07
1780412853.6328576,28.07
1780412853.6382558,28.07
1780412853.6436672,28.071
1780412853.6489987,28.072
1780412853.6542351,28.071
1780412853.659855,28.071
1780412853.6652474,28.07
1780412853.670625,28.069
1780412853.6760228,28.068
1780412853.6814718,28.067
1780412853.6868463,28.066
1780412853.692249,28.067
1780412853.6976125,28.066
1780412853.7032874,28.065
1780412853.7091584,28.065
1780412853.7144659,28.063
1780412853.7198367,28.062
1780412853.7252195,28.062
1780412853.7306454,28.062
1780412853.7360947,28.061
1780412853.7415335,28.063
1780412853.7468534,28.062
1780412853.7522233,28.062
1780412853.7574666,28.06
1780412853.7630818,28.06
1780412853.7684476,28.059
1780412853.773831,28.058
1780412853.7790642,28.059
1780412853.7846217,28.057
1780412853.7898083,28.057
1780412853.7954445,28.056
1780412853.8008714,28.056
1780412853.806246,28.055
1780412853.8116379,28.054
1780412853.8170094,28.053
1780412853.822256,28.053
1780412853.8278263,28.053
1780412853.8330064,28.051
1780412853.8386226,28.052
1780412853.8441596,28.051
1780412853.8498821,28.049
1780412853.8553803,28.048
1780412853.861585,28.046
1780412853.8675103,28.046
1780412853.8729107,28.046
1780412853.8782277,28.047
1780412853.883411,28.046
1780412853.889309,28.045
1780412853.8951705,28.045
1780412853.9004598,28.044
1780412853.9058132,28.043
1780412853.9109867,28.042
1780412853.9166079,28.042
1780412853.9218102,28.04
1780412853.9274678,28.041
1780412853.9328449,28.041
1780412853.9382699,28.04
1780412853.943682,28.039
1780412853.9493399,28.038
1780412853.9553645,28.037
1780412853.9610357,28.037
1780412853.9664314,28.037
1780412853.9718306,28.036
1780412853.9770076,28.037
1780412853.982658,28.036
1780412853.9881065,28.035
1780412853.9934468,28.034
1780412853.9988182,28.033
1780412854.0042338,28.033
1780412854.0096724,28.033
1780412854.01504,28.033
1780412854.0204637,28.032
1780412854.0258145,28.033
1780412854.031022,28.032
1780412854.0366316,28.032
1780412854.0421748,28.03
1780412854.0478883,28.029
1780412854.0534666,28.028
1780412854.0589547,28.028
1780412854.0642672,28.024
1780412854.0696611,28.033
1780412854.07511,28.041
1780412854.0804749,28.041
1780412854.0858974,28.041
1780412854.0915837,28.039
1780412854.0978673,28.038
1780412854.1033602,28.038
1780412854.1086645,28.038
1780412854.1140952,28.039
1780412854.1194713,28.04
1780412854.1255074,28.039
1780412854.1311603,28.038
1780412854.1367333,28.036
1780412854.1423302,28.035
1780412854.1477687,28.034
1780412854.1532216,28.034
1780412854.1584876,28.036
1780412854.1637797,28.038
1780412854.168994,28.037
1780412854.1749015,28.037
1780412854.1808033,28.036
1780412854.1860926,28.036
1780412854.1914608,28.035
1780412854.1968427,28.034
1780412854.2022495,28.035
1780412854.207679,28.034
1780412854.2130058,28.036
1780412854.2182086,28.035
1780412854.223818,28.034
1780412854.2290611,28.033
1780412854.2346613,28.033
1780412854.2400725,28.032
1780412854.2454963,28.032
1780412854.250868,28.032
1780412854.256261,28.03
1780412854.2616334,28.032
1780412854.2670329,28.031
1780412854.27224,28.03
1780412854.2778676,28.03
1780412854.2832935,28.029
1780412854.2886236,28.028
1780412854.29387,28.028
1780412854.2994323,28.026
1780412854.3045917,28.026
1780412854.3102195,28.026
1780412854.3155165,28.025
1780412854.3211956,28.024
1780412854.3264759,28.024
1780412854.3318307,28.023
1780412854.3370256,28.022
1780412854.3426356,28.023
1780412854.348095,28.022
1780412854.3535573,28.024
1780412854.3588655,28.023
1780412854.3642309,28.023
1780412854.3693979,28.022
1780412854.3749862,28.022
1780412854.3801756,28.021
1780412854.3858016,28.021
1780412854.3910506,28.021
1780412854.3966615,28.02
1780412854.402028,28.019
1780412854.4077058,28.018
1780412854.4136312,28.018
1780412854.418877,28.017
1780412854.424235,28.017
1780412854.429438,28.016
1780412854.4351196,28.016
1780412854.440488,28.013
1780412854.4459026,28.017
1780412854.451249,28.016
1780412854.4566498,28.016
1780412854.4621048,28.015
1780412854.4674275,28.014
1780412854.4729242,28.013
1780412854.4784484,28.013
1780412854.4842792,28.013
1780412854.4896643,28.012
1780412854.4951525,28.015
1780412854.5007994,28.014
1780412854.5065508,28.013
1780412854.511831,28.013
1780412854.51703,28.012
1780412854.5226395,28.011
1780412854.5278804,28.011
1780412854.5334241,28.012
1780412854.538628,28.011
1780412854.544203,28.012
1780412854.549403,28.012
1780412854.5550964,28.011
1780412854.5608156,28.01
1780412854.5670645,28.009
1780412854.5725653,28.009
1780412854.5778663,28.009
1780412854.583287,28.009
1780412854.5887592,28.011
1780412854.5940874,28.011
1780412854.5994291,28.01
1780412854.6050422,28.009
1780412854.6107965,28.008
1780412854.6163206,28.007
1780412854.6217802,28.007
1780412854.6270807,28.007
1780412854.6324878,28.007
1780412854.6379464,28.01
1780412854.6433184,28.009
1780412854.6486628,28.009
1780412854.6540785,28.008
1780412854.6594296,28.007
1780412854.6646242,28.007
1780412854.6702688,28.007
1780412854.6756914,28.004
1780412854.6811004,28.008
1780412854.6864693,28.007
1780412854.6918492,28.007
1780412854.6972365,28.006
1780412854.7027004,28.006
1780412854.7084386,28.005
1780412854.7139282,28.004
1780412854.7194817,28.005
1780412854.7248726,28.005
1780412854.7303686,28.008
1780412854.7356846,28.008
1780412854.7410283,28.007
1780412854.7462285,28.006
1780412854.7518387,28.005
1780412854.7571378,28.005
1780412854.7629292,28.004
1780412854.768611,28.005
1780412854.7738037,28.003
1780412854.7794027,28.005
1780412854.7846448,28.004
1780412854.790258,28.004
1780412854.7956517,28.003
1780412854.8010643,28.003
1780412854.806442,28.002
1780412854.811855,28.002
1780412854.8172863,28.0
1780412854.8227441,28.003
1780412854.828086,28.003
1780412854.83351,28.002
1780412854.8388908,28.002
1780412854.8442736,28.002
1780412854.8499532,28.001
1780412854.8554811,28.0
1780412854.8611345,28.001
1780412854.8664896,28.0
1780412854.8719652,28.002
1780412854.877286,28.002
1780412854.8827057,28.001
1780412854.888386,28.001
1780412854.8941789,28.0
1780412854.8994768,27.255
1780412854.904863,27.255
1780412854.9102275,28.0
1780412854.915408,28.0
1780412854.9210052,28.001
1780412854.9262416,28.001
1780412854.931862,28.001
1780412854.9372988,28.0
1780412854.942679,28.0
1780412854.9480884,27.255
1780412854.9534528,27.255
1780412854.958887,27.253
1780412854.9644241,28.001
1780412854.9700418,28.0
1780412854.9762661,28.0
1780412854.9819615,27.254
1780412854.9875426,27.253
1780412854.992955,27.252
1780412854.9985807,27.252
1780412855.0038812,27.253
1780412855.009313,28.0
1780412855.0149515,28.002
1780412855.0208483,28.001
1780412855.0270267,28.0
1780412855.0329125,28.0
1780412855.038969,28.0
1780412855.0449164,28.0
1780412855.050683,28.0
1780412855.0561001,28.001
1780412855.0614488,28.003
1780412855.0668595,28.002
1780412855.072268,28.004
1780412855.0783536,28.004
1780412855.0840392,28.003
1780412855.0894914,28.002
1780412855.0951216,28.002
1780412855.1004865,28.006
1780412855.1058068,28.009
1780412855.111281,28.008
1780412855.1170802,28.006
1780412855.122939,28.006
1780412855.1289496,28.005
1780412855.1348472,28.004
1780412855.140086,28.005
1780412855.145475,28.005
1780412855.150907,28.005
1780412855.156293,28.006
1780412855.162354,28.005
1780412855.168377,28.005
1780412855.1737409,28.004
1780412855.1791155,28.003
1780412855.1845329,28.003
1780412855.1898925,28.003
1780412855.1952958,28.001
1780412855.2008011,28.004
1780412855.2061708,28.003
1780412855.2117534,28.003
1780412855.217662,28.002
1780412855.2228878,28.001
1780412855.2282598,28.001
1780412855.2336884,28.001
1780412855.2391148,28.001
1780412855.244535,28.002
1780412855.2498689,28.003
1780412855.2552555,28.003
1780412855.2606535,28.003
1780412855.2661908,28.002
1780412855.2718785,28.0
1780412855.2774096,27.254
1780412855.2829728,27.254
1780412855.28825,27.253
1780412855.2934134,27.249
1780412855.2989972,28.005
1780412855.3041544,28.014
1780412855.3098633,28.025
1780412855.315624,28.034
1780412855.32142,28.044
1780412855.3266582,28.052
1780412855.3320653,28.064
1780412855.33749,28.072
1780412855.34294,28.083
1780412855.3485382,28.093
1780412855.354428,28.102
1780412855.359691,28.112
1780412855.3650906,28.12
1780412855.3705413,28.132
1780412855.3762217,28.141
1780412855.3821185,28.149
1780412855.387362,28.159
1780412855.3926878,28.168
1780412855.398242,28.186
1780412855.4034898,28.205
1780412855.408911,28.211
1780412855.4145749,28.213
1780412855.420303,28.214
1780412855.4257088,28.212
1780412855.4310312,28.21
1780412855.4365869,28.207
1780412855.4421225,28.204
1780412855.447944,28.202
1780412855.4532905,28.2
1780412855.4587183,28.2
1780412855.4641554,28.201
1780412855.4698005,28.199
1780412855.475721,28.199
1780412855.4810498,28.197
1780412855.486752,28.195
1780412855.492209,28.194
1780412855.497782,28.194
1780412855.5031874,28.193
1780412855.5092824,28.196
1780412855.5152194,28.194
1780412855.5211668,28.193
1780412855.5265386,28.192
1780412855.5319097,28.19
1780412855.5373468,28.188
1780412855.5426714,28.188
1780412855.5481036,28.185
1780412855.5535593,28.188
1780412855.5589468,28.187
1780412855.5642989,28.186
1780412855.5700607,28.184
1780412855.5762937,28.182
1780412855.5818057,28.179
1780412855.5872178,28.179
1780412855.5925424,28.178
1780412855.5979292,28.179
1780412855.6033454,28.18
1780412855.6089382,28.179
1780412855.614857,28.178
1780412855.620094,28.176
1780412855.625485,28.175
1780412855.630905,28.174
1780412855.6362596,28.173
1780412855.6416771,28.169
1780412855.647158,28.173
1780412855.6525311,28.172
1780412855.657896,28.171
1780412855.663304,28.169
1780412855.6687195,28.168
1780412855.6740932,28.167
1780412855.6794374,28.166
1780412855.6846762,28.166
1780412855.6902723,28.163
1780412855.696047,28.165
1780412855.702282,28.163
1780412855.7083397,28.161
1780412855.7139847,28.159
1780412855.7195768,28.157
1780412855.7250113,28.156
1780412855.7303164,28.156
1780412855.735827,28.156
1780412855.7412841,28.158
1780412855.7470713,28.157
1780412855.7529058,28.156
1780412855.7584124,28.154
1780412855.7641256,28.151
1780412855.7695186,28.149
1780412855.7749622,28.148
1780412855.7802896,28.148
1780412855.7860432,28.15
1780412855.7923024,28.15
1780412855.7984009,28.148
1780412855.804369,28.147
1780412855.8097427,28.146
1780412855.8151283,28.145
1780412855.8205447,28.144
1780412855.8258908,28.144
1780412855.831309,28.143
1780412855.8368177,28.145
1780412855.8421593,28.144
1780412855.8477683,28.143
1780412855.853641,28.142
1780412855.8588881,28.141
1780412855.8642554,28.14
1780412855.869498,28.139
1780412855.8751528,28.14
1780412855.8805096,28.137
1780412855.8858883,28.138
1780412855.8912706,28.137
1780412855.8966987,28.136
1780412855.90216,28.135
1780412855.9077663,28.134
1780412855.913655,28.133
1780412855.9188945,28.133
1780412855.9242618,28.13
1780412855.929701,28.133
1780412855.9351313,28.132
1780412855.9412885,28.13
1780412855.9471855,28.13
1780412855.9525046,28.128
1780412855.9579003,28.127
1780412855.9633484,28.126
1780412855.968693,28.127
1780412855.9741106,28.124
1780412855.979461,28.125
1780412855.9847577,28.123
1780412855.9906173,28.121
1780412855.9965346,28.12
1780412856.0017557,28.119
1780412856.0070913,28.118
1780412856.0124745,28.118
1780412856.0178478,28.114
1780412856.0232801,28.115
1780412856.0287747,28.12
1780412856.034181,28.125
1780412856.039599,28.127
1780412856.04552,28.127
1780412856.050886,28.13
1780412856.0563796,28.13
1780412856.0617177,28.138
1780412856.067105,28.147
1780412856.0725076,28.16
1780412856.0779688,28.163
1780412856.083333,28.172
1780412856.0886867,28.172
1780412856.094231,28.171
1780412856.099564,28.169
1780412856.1054626,28.169
1780412856.110886,28.167
1780412856.1163807,28.169
1780412856.1217537,28.168
1780412856.127305,28.167
1780412856.1333392,28.166
1780412856.1393898,28.164
1780412856.145273,28.163
1780412856.1504984,28.163
1780412856.155861,28.162
1780412856.1611187,28.163
1780412856.1669683,28.163
1780412856.172887,28.163
1780412856.1783874,28.161
1780412856.1839213,28.159
1780412856.1898792,28.158
1780412856.1953983,28.157
1780412856.200935,28.16
1780412856.2062726,28.162
1780412856.2117114,28.164
1780412856.217095,28.166
1780412856.2225103,28.167
1780412856.2279582,28.166
1780412856.233323,28.167
1780412856.2387004,28.167
1780412856.2441132,28.166
1780412856.2494338,28.166
1780412856.2546613,28.169
1780412856.2603076,28.17
1780412856.266387,28.168
1780412856.2723596,28.167
1780412856.2777421,28.166
1780412856.2831159,28.165
1780412856.2885358,28.163
1780412856.2938535,28.163
1780412856.2992628,28.16
1780412856.3047514,28.163
1780412856.3101594,28.162
1780412856.3157563,28.161
1780412856.3217103,28.159
1780412856.3275042,28.158
1780412856.3328938,28.157
1780412856.3382714,28.156
1780412856.3436992,28.156
1780412856.349104,28.154
1780412856.3545196,28.162
1780412856.3598478,28.167
1780412856.3653412,28.167
1780412856.3706734,28.169
1780412856.3761468,28.169
1780412856.3814826,28.168
1780412856.386904,28.167
1780412856.3923492,28.168
1780412856.397741,28.167
1780412856.4031348,28.168
1780412856.4088252,28.166
1780412856.4151075,28.165
1780412856.4211247,28.163
1780412856.4272923,28.16
1780412856.4331758,28.16
1780412856.438508,28.16
1780412856.444023,28.161
1780412856.4493194,28.16
1780412856.4549756,28.159
1780412856.460858,28.158
1780412856.4660985,28.157
1780412856.471532,28.155
1780412856.4769592,28.154
1780412856.4823,28.154
1780412856.487745,28.153
1780412856.4931962,28.155
1780412856.4985156,28.154
1780412856.5039144,28.153
1780412856.509317,28.152
1780412856.514952,28.15
1780412856.520882,28.149
1780412856.526145,28.149
1780412856.5315037,28.149
1780412856.5369546,28.148
1780412856.5423121,28.149
1780412856.548383,28.147
1780412856.5544164,28.146
1780412856.5597692,28.145
1780412856.565134,28.144
1780412856.5705526,28.143
1780412856.5759075,28.143
1780412856.5813105,28.14
1780412856.5868275,28.142
1780412856.5921652,28.141
1780412856.5974748,28.141
1780412856.602891,28.139
1780412856.60827,28.138
1780412856.6134708,28.136
1780412856.619115,28.136
1780412856.6245544,28.136
1780412856.6299198,28.134
1780412856.635313,28.135
1780412856.6407633,28.134
1780412856.6461365,28.133
1780412856.6515496,28.132
1780412856.657268,28.131
1780412856.6630359,28.129
1780412856.6683435,28.13
1780412856.673724,28.127
1780412856.67921,28.131
1780412856.6845624,28.13
1780412856.690175,28.129
1780412856.6961215,28.128
1780412856.7020261,28.126
1780412856.7079637,28.125
1780412856.7133512,28.124
1780412856.7186928,28.125
1780412856.724122,28.124
1780412856.729633,28.128
1780412856.7349072,28.127
1780412856.740261,28.126
1780412856.745807,28.125
1780412856.7515452,28.123
1780412856.7570362,28.121
1780412856.7625623,28.121
1780412856.7678685,28.118
1780412856.7733095,28.121
1780412856.7786834,28.12
1780412856.7841294,28.119
1780412856.7894776,28.119
1780412856.7948713,28.117
1780412856.8002896,28.116
1780412856.8056655,28.115
1780412856.8110387,28.115
1780412856.8162854,28.113
1780412856.8219182,28.114
1780412856.8273115,28.114
1780412856.8329544,28.113
1780412856.8388402,28.112
1780412856.8441133,28.111
1780412856.8495064,28.11
1780412856.8549645,28.11
1780412856.8603036,28.11
1780412856.8657486,28.108
1780412856.8711061,28.109
1780412856.8765392,28.108
1780412856.881947,28.107
1780412856.8876355,28.106
1780412856.8939204,28.105
1780412856.8994868,28.104
1780412856.9049346,28.104
1780412856.9107249,28.103
1780412856.9161205,28.105
1780412856.9215171,28.105
1780412856.9269238,28.104
1780412856.9325688,28.103
1780412856.9384427,28.102
1780412856.9437106,28.101
1780412856.949182,28.101
1780412856.9545681,28.1
1780412856.9599712,28.099
1780412856.9653676,28.099
1780412856.9707115,28.098
1780412856.9761415,28.097
1780412856.9815092,28.096
1780412856.9872382,28.094
1780412856.9930336,28.093
1780412856.998268,28.093
1780412857.003497,28.091
1780412857.009137,28.095
1780412857.014559,28.095
1780412857.019922,28.095
1780412857.025321,28.094
1780412857.0307367,28.093
1780412857.036155,28.092
1780412857.041576,28.092
1780412857.0469677,28.092
1780412857.0523305,28.09
1780412857.057722,28.092
1780412857.0630882,28.092
1780412857.068476,28.091
1780412857.073856,28.093
1780412857.0790865,28.092
1780412857.084683,28.091
1780412857.0900998,28.091
1780412857.0954978,28.091
1780412857.1009362,28.093
1780412857.1063206,28.094
1780412857.111732,28.093
1780412857.117097,28.093
1780412857.122519,28.092
1780412857.127894,28.091
1780412857.1332943,28.091
1780412857.138693,28.09
1780412857.1441224,28.087
1780412857.1495922,28.091
1780412857.155009,28.09
1780412857.160597,28.089
1780412857.1664538,28.089
1780412857.1717112,28.088
1780412857.1771245,28.087
1780412857.1825676,28.087
1780412857.1878924,28.087
1780412857.1934571,28.084
1780412857.1990385,28.086
1780412857.204694,28.085
1780412857.2101035,28.084
1780412857.215532,28.083
1780412857.2212825,28.082
1780412857.2269616,28.081
1780412857.2322857,28.081
1780412857.2377207,28.078
1780412857.243172,28.081
1780412857.2485704,28.081
1780412857.254177,28.08
1780412857.260108,28.079
1780412857.2656262,28.078
1780412857.2713923,28.075
1780412857.2767746,28.075
1780412857.2821703,28.075
1780412857.287517,28.075
1780412857.2929192,28.077
1780412857.2982838,28.077
1780412857.3037267,28.076
1780412857.309092,28.076
1780412857.3145175,28.075
1780412857.3199291,28.073
1780412857.3253334,28.073
1780412857.3306658,28.074
1780412857.336133,28.072
1780412857.3417134,28.072
1780412857.3475914,28.072
1780412857.352965,28.071
1780412857.3583322,28.07
1780412857.3640814,28.068
1780412857.3698735,28.068
1780412857.3751833,28.068
1780412857.3805087,28.068
1780412857.386046,28.07
1780412857.3913732,28.069
1780412857.396972,28.068
1780412857.4028964,28.068
1780412857.4084082,28.066
1780412857.4139092,28.064
1780412857.4195802,28.064
1780412857.4249635,28.064
1780412857.4304063,28.065
1780412857.4357643,28.065
1780412857.4411674,28.064
1780412857.4468396,28.063
1780412857.4526348,28.062
1780412857.4578848,28.061
1780412857.4631217,28.06
1780412857.4687061,28.061
1780412857.47416,28.058
1780412857.4797547,28.062
1780412857.4856567,28.062
1780412857.490918,28.061
1780412857.49632,28.06
1780412857.5017693,28.059
1780412857.507184,28.059
1780412857.5126224,28.058
1780412857.5179238,28.058
1780412857.5233676,28.057
1780412857.5287137,28.058
1780412857.534177,28.058
1780412857.5395248,28.057
1780412857.544939,28.056
1780412857.5502899,28.056
1780412857.5557294,28.055
1780412857.5612013,28.055
1780412857.566572,28.053
1780412857.5719287,28.054
1780412857.5773194,28.055
1780412857.5827243,28.054
1780412857.58818,28.054
1780412857.593779,28.052
1780412857.5996692,28.052
1780412857.6049194,28.051
1780412857.6103196,28.051
1780412857.6157627,28.05
1780412857.6212528,28.053
1780412857.627262,28.052
1780412857.6331675,28.052
1780412857.6385725,28.051
1780412857.6439223,28.051
1780412857.6493697,28.05
1780412857.6548038,28.05
1780412857.660144,28.049
1780412857.6655293,28.049
1780412857.6709478,28.053
1780412857.6763296,28.053
1780412857.682077,28.052
1780412857.6878932,28.051
1780412857.6933575,28.05
1780412857.6986275,28.05
1780412857.7039225,28.05
1780412857.7093573,28.049
1780412857.71486,28.052
1780412857.720787,28.051
1780412857.7267842,28.051
1780412857.732133,28.05
1780412857.7375195,28.05
1780412857.7429385,28.049
1780412857.748354,28.049
1780412857.7537272,28.049
1780412857.7591279,28.047
1780412857.7645297,28.049
1780412857.7701857,28.048
1780412857.776114,28.047
1780412857.7816112,28.046
1780412857.7873967,28.043
1780412857.7928042,28.042
1780412857.7987103,28.043
1780412857.8041272,28.044
1780412857.8099103,28.046
1780412857.8157914,28.045
1780412857.821796,28.045
1780412857.8276987,28.044
1780412857.8329268,28.043
1780412857.8382823,28.042
1780412857.8435292,28.043
1780412857.8491366,28.04
1780412857.8552008,28.043
1780412857.8612702,28.044
1780412857.866633,28.043
1780412857.8724425,28.041
1780412857.8781188,28.04
1780412857.8839626,28.039
1780412857.8893573,28.039
1780412857.8947225,28.039
1780412857.9001641,28.04
1780412857.9057877,28.041
1780412857.9116771,28.041
1780412857.9169245,28.04
1780412857.9222782,28.04
1780412857.927769,28.039
1780412857.9333053,28.038
1780412857.9391654,28.038
1780412857.9445376,28.035
1780412857.950002,28.037
1780412857.9553149,28.037
1780412857.9606614,28.036
1780412857.9658601,28.036
1780412857.971487,28.035
1780412857.976687,28.034
1780412857.9823024,28.034
1780412857.9877753,28.034
1780412857.9931214,28.032
1780412857.9985054,28.033
1780412858.003878,28.033
1780412858.0094266,28.032
1780412858.0151463,28.03
1780412858.0207174,28.029
1780412858.02624,28.028
1780412858.0316813,28.028
1780412858.0369442,28.027
1780412858.0422668,28.031
1780412858.0474515,28.031
1780412858.0530865,28.031
1780412858.0582855,28.03
1780412858.0639014,28.029
1780412858.069396,28.03
1780412858.0747263,28.032
1780412858.0801709,28.033
1780412858.0855842,28.037
1780412858.09092,28.037
1780412858.0963185,28.037
1780412858.101782,28.037
1780412858.1073987,28.036
1780412858.1133237,28.036
1780412858.1185856,28.034
1780412858.1240115,28.035
1780412858.1293917,28.035
1780412858.1347477,28.035
1780412858.1402342,28.038
1780412858.1455052,28.037
1780412858.1508844,28.037
1780412858.156311,28.036
1780412858.1616914,28.035
1780412858.167136,28.035
1780412858.1725836,28.035
1780412858.1778834,28.033
1780412858.1831255,28.034
1780412858.1887252,28.034
1780412858.1940923,28.034
1780412858.1995258,28.033
1780412858.205242,28.032
1780412858.211025,28.031
1780412858.2162905,28.032
1780412858.221691,28.032
1780412858.2270942,28.032
1780412858.2322931,28.033
1780412858.2378786,28.033
1780412858.243365,28.032
1780412858.2490826,28.031
1780412858.2549794,28.03
1780412858.2607546,28.029
1780412858.2661862,28.031
1780412858.271483,28.033
1780412858.2768939,28.043
1780412858.2823076,28.055
1780412858.2877133,28.07
1780412858.2930913,28.082
1780412858.2984915,28.096
1780412858.303892,28.107
1780412858.3090746,28.122
1780412858.3146815,28.135
1780412858.3198762,28.145
1780412858.3254411,28.15
1780412858.3306103,28.15
1780412858.3362823,28.15
1780412858.34145,28.149
1780412858.3473094,28.148
1780412858.3534663,28.147
1780412858.3593533,28.146
1780412858.3651252,28.147
1780412858.3705323,28.146
1780412858.3759227,28.147
1780412858.381368,28.146
1780412858.3867483,28.146
1780412858.3924549,28.144
1780412858.3982255,28.143
1780412858.403487,28.142
1780412858.4087317,28.141
1780412858.4142761,28.139
1780412858.4194748,28.139
1780412858.4250896,28.138
1780412858.4302902,28.137
1780412858.4358797,28.136
1780412858.441172,28.135
1780412858.4471467,28.133
1780412858.4526618,28.133
1780412858.458224,28.132
1780412858.4635212,28.131
1780412858.468948,28.133
1780412858.4742968,28.132
1780412858.4798641,28.13
1780412858.485666,28.128
1780412858.4914145,28.126
1780412858.497307,28.125
1780412858.5025337,28.125
1780412858.5078888,28.124
1780412858.5131745,28.125
1780412858.519059,28.125
1780412858.5249267,28.124
1780412858.5301516,28.123
1780412858.5355725,28.122
1780412858.541017,28.121
1780412858.5463586,28.12
1780412858.5517828,28.12
1780412858.5571551,28.118
1780412858.5625515,28.119
1780412858.5679486,28.119
1780412858.5733879,28.118
1780412858.5790362,28.116
1780412858.584891,28.115
1780412858.5901291,28.114
1780412858.59559,28.114
1780412858.6010113,28.114
1780412858.6063712,28.114
1780412858.6123784,28.114
1780412858.6184077,28.112
1780412858.6240752,28.111
1780412858.6295416,28.108
1780412858.6352448,28.108
1780412858.6405892,28.107
1780412858.6459148,28.107
1780412858.6513882,28.109
1780412858.6567101,28.111
1780412858.662126,28.11
1780412858.6675074,28.11
1780412858.6729314,28.109
1780412858.6786108,28.108
1780412858.6844964,28.107
1780412858.6897364,28.107
1780412858.695082,28.107
1780412858.7003748,28.107
1780412858.7062783,28.107
1780412858.7121987,28.107
1780412858.7182295,28.105
1780412858.7241294,28.104
1780412858.729429,28.103
1780412858.7348895,28.103
1780412858.7402246,28.103
1780412858.7455745,28.104
1780412858.7509844,28.103
1780412858.7563548,28.102
1780412858.7617476,28.102
1780412858.7671015,28.101
1780412858.7725291,28.099
1780412858.777956,28.098
1780412858.7833858,28.099
1780412858.7887032,28.099
1780412858.7940981,28.097
1780412858.7994983,28.098
1780412858.8046994,28.097
1780412858.81029,28.097
1780412858.8158317,28.095
1780412858.8215778,28.093
1780412858.8270664,28.093
1780412858.8325732,28.092
1780412858.8379238,28.091
1780412858.8433566,28.093
1780412858.8487573,28.093
1780412858.8541985,28.092
1780412858.8595655,28.091
1780412858.865238,28.09
1780412858.8710284,28.089
1780412858.8763745,28.088
1780412858.8817403,28.089
1780412858.88718,28.087
1780412858.8928661,28.088
1780412858.899247,28.087
1780412858.9052277,28.086
1780412858.9105551,28.085
1780412858.9159439,28.084
1780412858.9213953,28.083
1780412858.9267387,28.083
1780412858.932151,28.083
1780412858.9376168,28.085
1780412858.9429255,28.085
1780412858.9482918,28.084
1780412858.9535248,28.083
1780412858.9591186,28.082
1780412858.9645529,28.081
1780412858.970011,28.081
1780412858.9753647,28.082
1780412858.9807355,28.081
1780412858.9861963,28.082
1780412858.9915059,28.082
1780412858.9969082,28.081
1780412859.0023012,28.08
1780412859.0075443,28.079
1780412859.0131545,28.079
1780412859.0185595,28.079
1780412859.0238814,28.077
1780412859.029286,28.077
1780412859.034939,28.077
1780412859.0408273,28.078
1780412859.046152,28.077
1780412859.0515492,28.076
1780412859.0576465,28.075
1780412859.0635958,28.075
1780412859.0689301,28.076
1780412859.0742712,28.084
1780412859.079519,28.087
1780412859.0851562,28.087
1780412859.0905616,28.086
1780412859.0959141,28.085
1780412859.101305,28.084
1780412859.106726,28.084
1780412859.1121953,28.084
1780412859.1175299,28.082
1780412859.1229422,28.082
1780412859.1283264,28.082
1780412859.1337938,28.081
1780412859.1391966,28.08
1780412859.1445587,28.08
1780412859.1499026,28.079
1780412859.1551425,28.078
1780412859.1607282,28.078
1780412859.1661794,28.075
1780412859.1716468,28.077
1780412859.176942,28.076
1780412859.1823232,28.075
1780412859.1877575,28.074
1780412859.1934438,28.073
1780412859.1993244,28.072
1780412859.2045832,28.072
1780412859.2099278,28.073
1780412859.2153742,28.072
1780412859.2207866,28.073
1780412859.2267735,28.072
1780412859.2323527,28.071
1780412859.2380812,28.068
1780412859.2438002,28.066
1780412859.2496765,28.066
1780412859.2549434,28.066
1780412859.260352,28.067
1780412859.265784,28.069
1780412859.2711613,28.069
1780412859.2767372,28.068
1780412859.283145,28.067
1780412859.2887053,28.065
1780412859.2942476,28.063
1780412859.29996,28.064
1780412859.305357,28.064
1780412859.3106558,28.067
1780412859.31614,28.066
1780412859.3216505,28.065
1780412859.3276627,28.064
1780412859.333022,28.063
1780412859.3383482,28.062
1780412859.3437965,28.061
1780412859.3491561,28.062
1780412859.3545585,28.06
1780412859.3600678,28.062
1780412859.365401,28.061
1780412859.370747,28.06
1780412859.376788,28.059
1780412859.3824759,28.058
1780412859.3878956,28.055
1780412859.3936276,28.055
1780412859.3989642,28.056
1780412859.4044292,28.056
1780412859.4098003,28.055
1780412859.4151733,28.055
1780412859.420552,28.054
1780412859.426222,28.054
1780412859.4321308,28.053
1780412859.4373853,28.052
1780412859.4427516,28.052
1780412859.4481876,28.05
1780412859.453781,28.054
1780412859.4596882,28.054
1780412859.4649467,28.054
1780412859.470363,28.053
1780412859.4758022,28.052
1780412859.481417,28.051
1780412859.4873366,28.051
1780412859.492589,28.052
1780412859.4979684,28.05
1780412859.5033958,28.05
1780412859.5090384,28.049
1780412859.5148892,28.049
1780412859.520151,28.048
1780412859.5255065,28.047
1780412859.5307553,28.046
1780412859.5363498,28.047
1780412859.541787,28.044
1780412859.5472188,28.047
1780412859.5525477,28.046
1780412859.5579624,28.046
1780412859.5636518,28.045
1780412859.5694988,28.044
1780412859.5747101,28.043
1780412859.57995,28.043
1780412859.585549,28.043
1780412859.5909872,28.042
1780412859.5964632,28.044
1780412859.6017663,28.044
1780412859.6071184,28.043
1780412859.6125076,28.042
1780412859.617964,28.041
1780412859.623398,28.04
1780412859.6287563,28.04
1780412859.634167,28.041
1780412859.639532,28.039
1780412859.6449833,28.04
1780412859.6503255,28.04
1780412859.656387,28.039
1780412859.6620426,28.038
1780412859.6676857,28.037
1780412859.6732225,28.036
1780412859.6791587,28.037
1780412859.6845722,28.039
1780412859.6900651,28.041
1780412859.6956499,28.041
1780412859.702074,28.04
1780412859.7080305,28.039
1780412859.7133985,28.038
1780412859.7187557,28.037
1780412859.724205,28.038
1780412859.7295089,28.038
1780412859.7349157,28.039
1780412859.7404673,28.042
1780412859.7458045,28.042
1780412859.7511554,28.041
1780412859.75721,28.04
1780412859.762872,28.039
1780412859.768302,28.038
1780412859.7740116,28.039
1780412859.7793694,28.038
1780412859.7846897,28.04
1780412859.789928,28.04
1780412859.7955763,28.04
1780412859.8012714,28.039
1780412859.8070242,28.038
1780412859.8123055,28.037
1780412859.8175104,28.037
1780412859.8231173,28.038
1780412859.8285604,28.039
1780412859.8339543,28.04
1780412859.8393693,28.04
1780412859.8447182,28.039
1780412859.8502696,28.038
1780412859.8559482,28.037
1780412859.8614702,28.036
1780412859.8670318,28.036
1780412859.872352,28.034
1780412859.8777502,28.036
1780412859.8831038,28.036
1780412859.8883457,28.036
1780412859.8939552,28.035
1780412859.8994665,28.035
1780412859.9050581,28.034
1780412859.9109113,28.034
1780412859.916154,28.034
1780412859.9215744,28.035
1780412859.9270217,28.035
1780412859.9323485,28.035
1780412859.9378114,28.034
1780412859.9434078,28.033
1780412859.9493089,28.033
1780412859.954553,28.032
1780412859.9599504,28.032
1780412859.965389,28.03
1780412859.9707732,28.034
1780412859.9761736,28.037
1780412859.981506,28.037
1780412859.9868162,28.036
1780412859.9923975,28.035
1780412859.9977987,28.034
1780412860.0031772,28.034
1780412860.0086098,28.034
1780412860.0139496,28.033
1780412860.0193722,28.035
1780412860.0247128,28.035
1780412860.0299513,28.034
1780412860.0355968,28.034
1780412860.0409384,28.034
1780412860.0463848,28.033
1780412860.0517461,28.034
1780412860.0570965,28.034
1780412860.062324,28.034
1780412860.0679328,28.035
1780412860.0733347,28.038
1780412860.0787327,28.039
1780412860.083956,28.039
1780412860.0895505,28.038
1780412860.0949852,28.037
1780412860.1003716,28.038
1780412860.1058025,28.036
1780412860.1112385,28.039
1780412860.116574,28.039
1780412860.1219184,28.039
1780412860.1274679,28.038
1780412860.1329687,28.036
1780412860.1387973,28.036
1780412860.1441572,28.035
1780412860.149535,28.036
1780412860.1550093,28.035
1780412860.1603703,28.037
1780412860.1658113,28.036
1780412860.1711206,28.036
1780412860.1765614,28.036
1780412860.1819344,28.035
1780412860.1874,28.034
1780412860.1928325,28.034
1780412860.198214,28.035
1780412860.2035902,28.034
1780412860.209006,28.033
1780412860.214325,28.033
1780412860.2197254,28.033
1780412860.2252355,28.032
1780412860.2308748,28.03
1780412860.2364368,28.029
1780412860.2419512,28.03
1780412860.2473972,28.03
1780412860.2528489,28.033
1780412860.258165,28.032
1780412860.2635846,28.032
1780412860.2690158,28.031
1780412860.2746322,28.03
1780412860.2805188,28.029
1780412860.2857575,28.029
1780412860.2911146,28.029
1780412860.2962947,28.031
1780412860.3019407,28.032
1780412860.3074133,28.032
1780412860.312723,28.032
1780412860.318124,28.031
1780412860.3235748,28.03
1780412860.3290148,28.03
1780412860.334358,28.03
1780412860.339777,28.029
1780412860.345191,28.031
1780412860.3505971,28.031
1780412860.3559568,28.031
1780412860.3616872,28.03
1780412860.3679702,28.029
1780412860.3736625,28.028
1780412860.3790092,28.028
1780412860.384746,28.028
1780412860.390172,28.031
1780412860.3955176,28.033
1780412860.4007678,28.033
1780412860.4063752,28.033
1780412860.4123995,28.032
1780412860.4180515,28.031
1780412860.4234927,28.03
1780412860.4291835,28.03
1780412860.4345663,28.03
1780412860.4398773,28.033
1780412860.445131,28.033
1780412860.4507492,28.033
1780412860.4565177,28.032
1780412860.4622517,28.032
1780412860.4675248,28.031
1780412860.472748,28.031
1780412860.4783678,28.031
1780412860.4838176,28.03
1780412860.4891663,28.032
1780412860.4948542,28.031
1780412860.500668,28.029
1780412860.5064144,28.026
1780412860.5121145,28.024
1780412860.5180368,28.024
1780412860.5234058,28.024
1780412860.528737,28.025
1780412860.5341783,28.027
1780412860.539807,28.027
1780412860.5456996,28.027
1780412860.5509634,28.026
1780412860.5563648,28.025
1780412860.5618172,28.024
1780412860.5671902,28.024
1780412860.5726054,28.025
1780412860.5779104,28.024
1780412860.5832896,28.024
1780412860.5890589,28.022
1780412860.5949137,28.022
1780412860.6001625,28.021
1780412860.6055179,28.02
1780412860.6107652,28.02
1780412860.6163576,28.02
1780412860.6218133,28.019
1780412860.6271904,28.019
1780412860.6325665,28.019
1780412860.6379664,28.019
1780412860.6440604,28.018
1780412860.650018,28.018
1780412860.655404,28.017
1780412860.6607704,28.017
1780412860.6662042,28.018
1780412860.6715622,28.017
1780412860.6769786,28.019
1780412860.682329,28.019
1780412860.6877637,28.019
1780412860.693147,28.019
1780412860.698556,28.018
1780412860.703921,28.018
1780412860.709159,28.018
1780412860.7147644,28.019
1780412860.720223,28.017
1780412860.7255723,28.018
1780412860.730983,28.018
1780412860.7363229,28.018
1780412860.741527,28.018
1780412860.7471843,28.017
1780412860.7526126,28.017
1780412860.7579374,28.017
1780412860.7633812,28.016
1780412860.7688046,28.017
1780412860.7742262,28.017
1780412860.779573,28.017
1780412860.7853131,28.017
1780412860.7910433,28.016
1780412860.7963219,28.015
1780412860.8015618,28.014
1780412860.807165,28.015
1780412860.8126073,28.013
1780412860.8181112,28.016
1780412860.8234766,28.015
1780412860.8294544,28.015
1780412860.8351517,28.013
1780412860.8410916,28.013
1780412860.846765,28.012
1780412860.8521879,28.012
1780412860.8575385,28.013
1780412860.8629842,28.015
1780412860.8683586,28.017
1780412860.8744338,28.016
1780412860.8805454,28.016
1780412860.8861358,28.014
1780412860.8917806,28.014
1780412860.89713,28.013
1780412860.9025314,28.014
1780412860.9079306,28.014
1780412860.9131138,28.015
1780412860.919056,28.015
1780412860.9249268,28.014
1780412860.9301748,28.014
1780412860.935573,28.013
1780412860.9410205,28.012
1780412860.946457,28.012
1780412860.9517858,28.011
1780412860.9571855,28.012
1780412860.962529,28.012
1780412860.9678886,28.011
1780412860.9730792,28.011
1780412860.9790387,28.01
1780412860.9849064,28.009
1780412860.99017,28.009
1780412860.9955626,28.009
1780412861.0009792,28.007
1780412861.0067403,28.009
1780412861.012665,28.01
1780412861.0186005,28.01
1780412861.0245023,28.009
1780412861.0297687,28.009
1780412861.0351956,28.008
1780412861.040605,28.008
1780412861.0459294,28.009
1780412861.0513642,28.009
1780412861.0567558,28.009
1780412861.0621476,28.009
1780412861.0675144,28.009
1780412861.0729308,28.011
1780412861.078313,28.011
1780412861.0835135,28.01
1780412861.089114,28.01
1780412861.0943081,28.011
1780412861.0998783,28.016
1780412861.1051266,28.015
1780412861.1110578,28.015
1780412861.1169055,28.014
1780412861.1221654,28.014
1780412861.1275978,28.013
1780412861.1330287,28.013
1780412861.1383529,28.014
1780412861.1437771,28.013
1780412861.1491034,28.014
1780412861.1543498,28.014
1780412861.1599498,28.013
1780412861.16568,28.013
1780412861.1714678,28.012
1780412861.1767385,28.011
1780412861.1821408,28.011
1780412861.187514,28.011
1780412861.1926866,28.011
1780412861.198306,28.011
1780412861.2037907,28.011
1780412861.2098694,28.01
1780412861.2151382,28.01
1780412861.2205734,28.009
1780412861.2259693,28.009
1780412861.2313726,28.009
1780412861.2367249,28.007
1780412861.2418997,28.009
1780412861.2476,28.009
1780412861.252961,28.008
1780412861.25863,28.007
1780412861.2645295,28.006
1780412861.269766,28.006
1780412861.275232,28.006
1780412861.280572,28.007
1780412861.2859514,28.006
1780412861.2913365,28.008
1780412861.2968462,28.008
1780412861.3021998,28.007
1780412861.3075454,28.007
1780412861.3133044,28.006
1780412861.3191464,28.005
1780412861.3244696,28.005
1780412861.3297815,28.004
1780412861.3351445,28.008
1780412861.3405366,28.009
1780412861.346219,28.009
1780412861.3521109,28.008
1780412861.3573716,28.008
1780412861.3628256,28.007
1780412861.368236,28.007
1780412861.3735738,28.008
1780412861.3789842,27.255
1780412861.3844972,28.006
1780412861.3897617,28.016
1780412861.3951778,28.024
1780412861.400521,28.034
1780412861.4059167,28.044
1780412861.4112196,28.054
1780412861.4170759,28.065
1780412861.422754,28.074
1780412861.4281476,28.085
1780412861.433579,28.094
1780412861.4396894,28.107
1780412861.4456182,28.116
1780412861.4509745,28.126
1780412861.4563906,28.135
1780412861.462477,28.147
1780412861.4684265,28.157
1780412861.4738002,28.168
1780412861.4791667,28.178
1780412861.484614,28.195
1780412861.4899213,28.213
1780412861.4953356,28.218
1780412861.5008407,28.22
1780412861.5061624,28.219
1780412861.5115166,28.218
1780412861.5167205,28.217
1780412861.5223262,28.216
1780412861.5278094,28.214
1780412861.533318,28.213
1780412861.538632,28.212
1780412861.543917,28.208
1780412861.5490959,28.207
1780412861.5547113,28.205
1780412861.5602708,28.203
1780412861.5660396,28.201
1780412861.5717485,28.198
1780412861.5776536,28.196
1780412861.5829787,28.195
1780412861.5883644,28.192
1780412861.5937386,28.194
1780412861.5991902,28.194
1780412861.6045442,28.192
1780412861.6099088,28.192
1780412861.6154969,28.19
1780412861.6212077,28.188
1780412861.6266525,28.187
1780412861.6319566,28.186
1780412861.6375704,28.183
1780412861.6430311,28.184
1780412861.6486568,28.184
1780412861.6543694,28.183
1780412861.6597612,28.182
1780412861.6651523,28.18
1780412861.6705756,28.179
1780412861.6759505,28.179
1780412861.681387,28.176
1780412861.6868627,28.178
1780412861.692234,28.177
1780412861.6975882,28.176
1780412861.7033932,28.175
1780412861.7091155,28.173
1780412861.714625,28.172
1780412861.72053,28.171
1780412861.7257826,28.171
1780412861.7312045,28.171
1780412861.7366476,28.171
1780412861.7419333,28.17
1780412861.7480495,28.169
1780412861.7537026,28.166
1780412861.7593167,28.164
1780412861.7647932,28.163
1780412861.7702668,28.163
1780412861.77556,28.16
1780412861.781021,28.161
1780412861.7866287,28.161
1780412861.792508,28.16
1780412861.7977817,28.159
1780412861.803191,28.157
1780412861.808631,28.156
1780412861.8140147,28.155
1780412861.819401,28.155
1780412861.824724,28.153
1780412861.829904,28.152
1780412861.8355844,28.152
1780412861.8409889,28.151
1780412861.8464074,28.15
1780412861.8517914,28.148
1780412861.857142,28.147
1780412861.8625708,28.147
1780412861.8679447,28.147
1780412861.8734813,28.146
1780412861.8788545,28.146
1780412861.8851564,28.144
1780412861.8910935,28.144
1780412861.8967369,28.142
1780412861.9024346,28.141
1780412861.9079041,28.14
1780412861.9135995,28.14
1780412861.9189947,28.14
1780412861.9243436,28.141
1780412861.9297721,28.14
1780412861.9351695,28.139
1780412861.9405644,28.138
1780412861.9459603,28.137
1780412861.9513454,28.135
1780412861.9567406,28.135
1780412861.9619415,28.133
1780412861.9675605,28.134
1780412861.9729342,28.134
1780412861.9783561,28.133
1780412861.9837372,28.132
1780412861.9891398,28.131
1780412861.9943373,28.13
1780412861.9999583,28.129
1780412862.0053544,28.129
1780412862.0107055,28.126
1780412862.0158803,28.128
1780412862.0215719,28.127
1780412862.026947,28.126
1780412862.032635,28.124
1780412862.0385497,28.124
1780412862.0437803,28.122
1780412862.0492442,28.122
1780412862.0546005,28.123
1780412862.0599632,28.122
1780412862.0653644,28.122
1780412862.0707834,28.123
1780412862.0762048,28.124
1780412862.0815864,28.123
1780412862.0869808,28.122
1780412862.092381,28.121
1780412862.0978389,28.12
1780412862.1031394,28.119
1780412862.1082957,28.121
1780412862.1139243,28.121
1780412862.1191924,28.12
1780412862.1247554,28.12
1780412862.130159,28.119
1780412862.1358325,28.117
1780412862.1417482,28.117
1780412862.1469839,28.117
1780412862.1523554,28.117
1780412862.1575303,28.117
1780412862.1631925,28.116
1780412862.1685991,28.115
1780412862.173966,28.114
1780412862.1793602,28.113
1780412862.1847494,28.112
1780412862.1899517,28.112
1780412862.195521,28.112
1780412862.2007132,28.109
1780412862.2063334,28.109
1780412862.2118626,28.108
1780412862.2175524,28.106
1780412862.223034,28.105
1780412862.228586,28.104
1780412862.2340825,28.103
1780412862.2399814,28.103
1780412862.2453842,28.102
1780412862.2508724,28.104
1780412862.2562213,28.103
1780412862.2615578,28.103
1780412862.266952,28.102
1780412862.2723308,28.101
1780412862.2775342,28.1
1780412862.2832563,28.1
1780412862.2886138,28.1
1780412862.2940164,28.097
1780412862.299368,28.096
1780412862.3048153,28.096
1780412862.3102043,28.094
1780412862.3158703,28.093
1780412862.3217778,28.092
1780412862.326985,28.091
1780412862.3323205,28.092
1780412862.3374925,28.09
1780412862.3430834,28.093
1780412862.3482869,28.093
1780412862.353942,28.092
1780412862.3594334,28.091
1780412862.3651407,28.089
1780412862.3710272,28.088
1780412862.3768487,28.088
1780412862.3822067,28.089
1780412862.387648,28.089
1780412862.392978,28.088
1780412862.398372,28.088
1780412862.4038048,28.087
1780412862.4094622,28.085
1780412862.415349,28.084
1780412862.4205823,28.083
1780412862.4259467,28.083
1780412862.4313345,28.081
1780412862.4367135,28.086
1780412862.441916,28.085
1780412862.447545,28.085
1780412862.4531076,28.083
1780412862.4588027,28.08
1780412862.4644148,28.078
1780412862.469892,28.078
1780412862.475227,28.078
1780412862.4805882,28.078
1780412862.4859607,28.079
1780412862.4913547,28.078
1780412862.4967642,28.077
1780412862.502147,28.076
1780412862.5075495,28.076
1780412862.512786,28.074
1780412862.5183861,28.075
1780412862.523801,28.072
1780412862.5291939,28.075
1780412862.534544,28.074
1780412862.5399756,28.073
1780412862.545405,28.072
1780412862.5507305,28.072
1780412862.5562975,28.07
1780412862.5617833,28.069
1780412862.5676403,28.07
1780412862.5730028,28.069
1780412862.5784776,28.072
1780412862.583825,28.071
1780412862.5891771,28.07
1780412862.595275,28.069
1780412862.6009183,28.067
1780412862.6063232,28.065
1780412862.6120255,28.066
1780412862.6174064,28.064
1780412862.6228383,28.067
1780412862.6281846,28.067
1780412862.6335967,28.066
1780412862.6390076,28.065
1780412862.6443684,28.065
1780412862.6500442,28.064
1780412862.6555285,28.063
1780412862.6612294,28.063
1780412862.6665978,28.061
1780412862.6720881,28.066
1780412862.677432,28.065
1780412862.682775,28.065
1780412862.6885238,28.064
1780412862.694311,28.063
1780412862.6995516,28.062
1780412862.7047472,28.062
1780412862.7103333,28.062
1780412862.7155116,28.061
1780412862.7211127,28.062
1780412862.726347,28.062
1780412862.7319877,28.061
1780412862.7373946,28.06
1780412862.742777,28.06
1780412862.7481494,28.059
1780412862.7535934,28.059
1780412862.7590027,28.057
1780412862.764451,28.06
1780412862.7697766,28.059
1780412862.7751954,28.059
1780412862.7806056,28.058
1780412862.785974,28.057
1780412862.7913733,28.056
1780412862.7967541,28.055
1780412862.8020108,28.056
1780412862.8075342,28.054
1780412862.8127182,28.055
1780412862.818347,28.054
1780412862.823547,28.054
1780412862.8291767,28.053
1780412862.8345482,28.052
1780412862.839974,28.051
1780412862.845368,28.051
1780412862.8507414,28.052
1780412862.8559196,28.05
1780412862.8615308,28.052
1780412862.8667688,28.051
1780412862.8723655,28.05
1780412862.8777616,28.049
1780412862.8831599,28.049
1780412862.8884006,28.048
1780412862.8939803,28.048
1780412862.89941,28.046
1780412862.9048278,28.048
1780412862.9101894,28.048
1780412862.915584,28.047
1780412862.9210112,28.047
1780412862.9263656,28.046
1780412862.9318063,28.045
1780412862.9371605,28.044
1780412862.9425528,28.045
1780412862.9479148,28.043
1780412862.953091,28.043
1780412862.9587278,28.043
1780412862.964018,28.042
1780412862.9697342,28.041
1780412862.974993,28.04
1780412862.9803684,28.04
1780412862.9857934,28.039
1780412862.9911723,28.04
1780412862.9966028,28.04
1780412863.0019674,28.041
1780412863.0073612,28.04
1780412863.0127652,28.04
1780412863.0180047,28.039
1780412863.0235727,28.038
1780412863.0289688,28.038
1780412863.0343292,28.038
1780412863.0395367,28.035
1780412863.045225,28.038
1780412863.0506005,28.037
1780412863.0562518,28.037
1780412863.062164,28.036
1780412863.0674183,28.035
1780412863.0728354,28.037
1780412863.07826,28.038
1780412863.0835898,28.039
1780412863.0890124,28.046
1780412863.0945065,28.049
1780412863.0998366,28.049
1780412863.1052322,28.048
1780412863.1109085,28.048
1780412863.117196,28.046
1780412863.1227298,28.045
1780412863.1281712,28.045
1780412863.1334372,28.044
1780412863.13877,28.047
1780412863.1441607,28.048
1780412863.149612,28.048
1780412863.1550016,28.049
1780412863.1603897,28.049
1780412863.165772,28.048
1780412863.1711628,28.048
1780412863.1765883,28.048
1780412863.1819594,28.046
1780412863.1871517,28.049
1780412863.1927576,28.048
1780412863.1979568,28.048
1780412863.2036836,28.047
1780412863.2096648,28.046
1780412863.215005,28.045
1780412863.22053,28.046
1780412863.2258081,28.047
1780412863.2311661,28.045
1780412863.2363408,28.045
1780412863.2419784,28.045
1780412863.2473605,28.044
1780412863.2527652,28.044
1780412863.2579587,28.043
1780412863.2635818,28.042
1780412863.2689626,28.043
1780412863.2743404,28.042
1780412863.2795126,28.042
1780412863.285152,28.042
1780412863.29044,28.042
1780412863.2961802,28.041
1780412863.3015869,28.04
1780412863.3073206,28.038
1780412863.312807,28.038
1780412863.3182802,28.039
1780412863.3235896,28.04
1780412863.3289952,28.056
1780412863.3343406,28.069
1780412863.33953,28.084
1780412863.3451443,28.096
1780412863.3503306,28.111
1780412863.3559542,28.123
1780412863.3611324,28.138
1780412863.3666973,28.148
1780412863.3718724,28.156
1780412863.3775568,28.157
1780412863.3827224,28.157
1780412863.388326,28.156
1780412863.3935597,28.155
1780412863.3992214,28.155
1780412863.4045956,28.154
1780412863.4099128,28.155
1780412863.4152381,28.155
1780412863.4208379,28.155
1780412863.4263375,28.155
1780412863.4316473,28.154
1780412863.4370606,28.153
1780412863.4423847,28.151
1780412863.447796,28.15
1780412863.4531808,28.149
1780412863.4585965,28.149
1780412863.4639258,28.147
1780412863.4691584,28.148
1780412863.474789,28.148
1780412863.4802585,28.147
1780412863.4855618,28.146
1780412863.491106,28.144
1780412863.496818,28.142
1780412863.5022957,28.142
1780412863.5076027,28.142
1780412863.513174,28.14
1780412863.5186021,28.145
1780412863.5239582,28.145
1780412863.529214,28.144
1780412863.5348196,28.143
1780412863.5405178,28.142
1780412863.5463204,28.141
1780412863.5516255,28.141
1780412863.5570405,28.138
1780412863.562463,28.142
1780412863.5678613,28.141
1780412863.5732093,28.14
1780412863.5786204,28.139
1780412863.5839467,28.139
1780412863.589513,28.137
1780412863.595025,28.135
1780412863.6008213,28.136
1780412863.6062186,28.132
1780412863.6115808,28.133
1780412863.6170585,28.133
1780412863.622369,28.132
1780412863.6280797,28.131
1780412863.6338575,28.128
1780412863.6392987,28.125
1780412863.6452122,28.125
1780412863.6506002,28.123
1780412863.655993,28.127
1780412863.6611567,28.126
1780412863.6667936,28.125
1780412863.672215,28.124
1780412863.6776257,28.123
1780412863.6830053,28.122
1780412863.688371,28.121
1780412863.6935606,28.122
1780412863.6991413,28.119
1780412863.7043185,28.121
1780412863.7099602,28.12
1780412863.71517,28.119
1780412863.7208028,28.118
1780412863.7262177,28.116
1780412863.7318342,28.115
1780412863.7377102,28.115
1780412863.743019,28.115
1780412863.7483664,28.115
1780412863.753543,28.114
1780412863.7592046,28.114
1780412863.7646267,28.113
1780412863.7699695,28.112
1780412863.77515,28.111
1780412863.7807655,28.109
1780412863.786011,28.109
1780412863.7915573,28.107
1780412863.7967136,28.109
1780412863.8023393,28.109
1780412863.8075833,28.108
1780412863.8132055,28.107
1780412863.8186164,28.106
1780412863.824255,28.105
1780412863.8301628,28.104
1780412863.8354108,28.104
1780412863.840765,28.104
1780412863.8459427,28.104
1780412863.8518605,28.104
1780412863.8577738,28.103
1780412863.863012,28.102
1780412863.8683586,28.101
1780412863.87356,28.099
1780412863.8792567,28.099
1780412863.8846264,28.098
1780412863.889986,28.097
1780412863.8953583,28.097
1780412863.9007497,28.096
1780412863.905987,28.094
1780412863.911861,28.093
1780412863.9177616,28.092
1780412863.9230072,28.091
1780412863.928399,28.092
1780412863.9338186,28.09
1780412863.9393005,28.092
1780412863.9446118,28.091
1780412863.9499593,28.091
1780412863.9551742,28.09
1780412863.9607542,28.089
1780412863.9659498,28.088
1780412863.971601,28.087
1780412863.9770265,28.088
1780412863.9823444,28.085
1780412863.98752,28.085
1780412863.9931982,28.084
1780412863.998618,28.083
1780412864.0042765,28.082
1780412864.0101748,28.082
1780412864.015406,28.081
1780412864.020746,28.081
1780412864.0259478,28.078
1780412864.0317907,28.081
1780412864.0372767,28.08
1780412864.042798,28.078
1780412864.048837,28.078
1780412864.054593,28.076
1780412864.0604553,28.075
1780412864.065821,28.075
1780412864.0712898,28.078
1780412864.0766706,28.082
1780412864.0819776,28.083
1780412864.0874894,28.083
1780412864.0927808,28.083
1780412864.0984662,28.082
1780412864.1041765,28.08
1780412864.1096714,28.078
1780412864.1151316,28.078
1780412864.1203887,28.075
1780412864.1255634,28.076
1780412864.1311724,28.076
1780412864.1364174,28.076
1780412864.1420026,28.075
1780412864.1473982,28.074
1780412864.1528246,28.073
1780412864.1583521,28.073
1780412864.1636546,28.072
1780412864.1690636,28.071
1780412864.1744843,28.073
1780412864.179847,28.073
1780412864.1851852,28.072
1780412864.1903749,28.071
1780412864.1960464,28.071
1780412864.2014093,28.07
1780412864.2067866,28.069
1780412864.2122226,28.07
1780412864.217597,28.069
1780412864.222965,28.07
1780412864.2283585,28.07
1780412864.2335536,28.069
1780412864.2392056,28.068
1780412864.2446291,28.067
1780412864.2500086,28.066
1780412864.2553937,28.066
1780412864.2607322,28.066
1780412864.2658875,28.066
1780412864.2715697,28.066
1780412864.276812,28.065
1780412864.2823884,28.065
1780412864.2877855,28.064
1780412864.2931764,28.063
1780412864.2984202,28.062
1780412864.304025,28.062
1780412864.3094296,28.06
1780412864.3148885,28.062
1780412864.3202038,28.062
1780412864.3255966,28.061
1780412864.3310158,28.06
1780412864.3364117,28.059
1780412864.3418045,28.058
1780412864.347175,28.058
1780412864.3523529,28.058
1780412864.357955,28.056
1780412864.3631225,28.056
1780412864.369062,28.055
1780412864.374992,28.055
1780412864.3802173,28.054
1780412864.385561,28.053
1780412864.39076,28.052
1780412864.3963845,28.052
1780412864.401817,28.049
1780412864.4072843,28.052
1780412864.4126012,28.052
1780412864.4180086,28.051
1780412864.423434,28.051
1780412864.4287624,28.05
1780412864.4342682,28.049
1780412864.4397693,28.048
1780412864.4456155,28.048
1780412864.451007,28.048
1780412864.4565048,28.05
1780412864.462146,28.049
1780412864.4678752,28.048
1780412864.473173,28.048
1780412864.4783742,28.047
1780412864.483966,28.046
1780412864.489224,28.046
1780412864.4947793,28.047
1780412864.4999795,28.046
1780412864.505593,28.047
1780412864.5110464,28.046
1780412864.5163863,28.046
1780412864.5221524,28.045
1780412864.528411,28.044
1780412864.5339315,28.043
1780412864.5394044,28.044
1780412864.5446692,28.044
1780412864.5500948,28.046
1780412864.5554206,28.046
1780412864.5607848,28.046
1780412864.5662944,28.045
1780412864.5723479,28.044
1780412864.5775928,28.044
1780412864.583027,28.043
1780412864.588389,28.044
1780412864.5937765,28.043
1780412864.59922,28.044
1780412864.6046405,28.044
1780412864.6100056,28.043
1780412864.6157043,28.043
1780412864.6215248,28.042
1780412864.626811,28.041
1780412864.6322355,28.041
1780412864.6375725,28.039
1780412864.642762,28.04
1780412864.648366,28.04
1780412864.6538467,28.04
1780412864.6596024,28.038
1780412864.6655056,28.037
1780412864.671203,28.037
1780412864.6766198,28.037
1780412864.6819994,28.038
1780412864.6873825,28.038
1780412864.692765,28.039
1780412864.6980066,28.039
1780412864.7035973,28.038
1780412864.7089918,28.037
1780412864.7144,28.037
1780412864.7197776,28.036
1780412864.7251992,28.036
1780412864.7306275,28.034
1780412864.7360709,28.037
1780412864.7414129,28.036
1780412864.7468078,28.036
1780412864.7521746,28.035
1780412864.7575755,28.035
1780412864.7630985,28.033
1780412864.769712,28.034
1780412864.7750216,28.034
1780412864.780375,28.034
1780412864.7855496,28.034
1780412864.791231,28.033
1780412864.7966387,28.033
1780412864.8019998,28.032
1780412864.807377,28.03
1780412864.8127766,28.029
1780412864.8180163,28.03
1780412864.8235776,28.03
1780412864.828771,28.03
1780412864.8343527,28.03
1780412864.839852,28.03
1780412864.845501,28.028
1780412864.8513744,28.028
1780412864.8566186,28.027
1780412864.8619936,28.027
1780412864.867437,28.027
1780412864.8727932,28.026
1780412864.8779824,28.028
1780412864.8835802,28.028
1780412864.8889132,28.028
1780412864.8946774,28.026
1780412864.9005718,28.026
1780412864.9058151,28.025
1780412864.9113045,28.025
1780412864.9166524,28.026
1780412864.922001,28.025
1780412864.927186,28.025
1780412864.9327703,28.024
1780412864.938248,28.024
1780412864.9439476,28.022
1780412864.949865,28.022
1780412864.9551263,28.021
1780412864.9604297,28.021
1780412864.965832,28.019
1780412864.9711804,28.023
1780412864.9764278,28.023
1780412864.9822826,28.023
1780412864.9881783,28.022
1780412864.9934106,28.022
1780412864.9988437,28.021
1780412865.0042713,28.02
1780412865.0096254,28.021
1780412865.0150368,28.02
1780412865.0203586,28.02
1780412865.0258574,28.019
1780412865.0316024,28.018
1780412865.0375032,28.018
1780412865.04323,28.017
1780412865.0486116,28.017
1780412865.0539649,28.017
1780412865.059177,28.015
1780412865.06484,28.018
1780412865.070222,28.02
1780412865.0756216,28.024
1780412865.0810173,28.023
1780412865.0864308,28.023
1780412865.0918813,28.022
1780412865.0972633,28.022
1780412865.1026812,28.022
1780412865.1080112,28.02
1780412865.1134455,28.023
1780412865.1188056,28.023
1780412865.124197,28.022
1780412865.1296299,28.022
1780412865.135079,28.02
1780412865.1405556,28.019
1780412865.1465755,28.02
1780412865.1518848,28.021
1780412865.157219,28.018
1780412865.162614,28.019
1780412865.16803,28.019
1780412865.1737328,28.019
1780412865.1800625,28.017
1780412865.185692,28.016
1780412865.1911004,28.016
1780412865.196815,28.016
1780412865.2022066,28.017
1780412865.2077732,28.019
1780412865.2130818,28.019
1780412865.2187264,28.019
1780412865.2246385,28.019
1780412865.2301466,28.018
1780412865.2356784,28.016
1780412865.24129,28.016
1780412865.2466471,28.017
1780412865.2520885,28.018
1780412865.2574244,28.017
1780412865.2628245,28.017
1780412865.2682889,28.016
1780412865.2735975,28.016
1780412865.2792912,28.015
1780412865.2847936,28.013
1780412865.2904747,28.014
1780412865.295842,28.013
1780412865.3011546,28.017
1780412865.3064718,28.016
1780412865.3121831,28.016
1780412865.3174293,28.015
1780412865.3228374,28.014
1780412865.3282888,28.013
1780412865.3336394,28.013
1780412865.3390489,28.014
1780412865.3443778,28.012
1780412865.3496206,28.012
1780412865.3553417,28.012
1780412865.3606868,28.012
1780412865.3662903,28.011
1780412865.3721907,28.011
1780412865.3774302,28.01
1780412865.382885,28.01
1780412865.3882852,28.009
1780412865.3937004,28.01
1780412865.3990533,28.01
1780412865.404402,28.01
1780412865.4097848,28.009
1780412865.4151797,28.009
1780412865.4203827,28.008
1780412865.4260213,28.008
1780412865.43145,28.008
1780412865.436787,28.005
1780412865.442253,28.008
1780412865.447912,28.007
1780412865.453775,28.007
1780412865.4590356,28.007
1780412865.4644294,28.006
1780412865.4698887,28.005
1780412865.4753387,28.005
1780412865.4806895,28.006
1780412865.4860332,28.004
1780412865.4914222,28.005
1780412865.4968429,28.005
1780412865.5025425,28.005
1780412865.508858,28.004
1780412865.514934,28.003
1780412865.5202916,28.003
1780412865.5256305,28.003
1780412865.5310726,28.002
1780412865.536522,28.004
1780412865.5418417,28.004
1780412865.5472472,28.004
1780412865.5533874,28.003
1780412865.5593104,28.003
1780412865.5646799,28.002
1780412865.570129,28.002
1780412865.5754912,28.003
1780412865.5808492,28.003
1780412865.5862527,28.004
1780412865.5915797,28.004
1780412865.5971584,28.003
1780412865.602905,28.0
1780412865.6086354,27.254
1780412865.6145275,27.254
1780412865.6198418,27.255
1780412865.6252115,27.255
1780412865.630612,28.004
1780412865.636274,28.003
1780412865.6421819,28.003
1780412865.647438,28.002
1780412865.6528568,28.002
1780412865.6582491,28.001
1780412865.6636326,28.001
1780412865.6696022,28.002
1780412865.6748412,28.002
1780412865.6803956,28.003
1780412865.6857982,28.003
1780412865.691193,28.003
1780412865.6964352,28.002
1780412865.7023017,28.001
1780412865.7082086,28.001
1780412865.7134345,28.001
1780412865.718813,28.0
1780412865.7242534,28.005
1780412865.7298799,28.004
1780412865.7357864,28.004
1780412865.7410367,28.003
1780412865.7464504,28.003
1780412865.7518475,28.002
1780412865.7572699,28.002
1780412865.7626848,28.003
1780412865.768031,28.002
1780412865.773414,28.004
1780412865.778826,28.004
1780412865.7845383,28.003
1780412865.7903426,28.002
1780412865.7956028,28.001
1780412865.8008416,28.001
1780412865.8064284,28.001
1780412865.811884,27.255
1780412865.8173385,28.003
1780412865.8226569,28.003
1780412865.828008,28.002
1780412865.833546,28.001
1780412865.839073,27.255
1780412865.8449314,27.254
1780412865.850239,27.254
1780412865.8556283,27.255
1780412865.8611116,27.255
1780412865.866437,28.001
1780412865.872504,28.0
1780412865.878183,27.255
1780412865.8838987,27.252
1780412865.8894794,27.251
1780412865.8948805,27.25
1780412865.90033,27.251
1780412865.9060209,27.253
1780412865.9112375,28.002
1780412865.9168658,28.003
1780412865.9222958,28.003
1780412865.9278922,28.002
1780412865.93379,28.002
1780412865.9390411,28.001
1780412865.9444282,28.001
1780412865.9498937,28.002
1780412865.955313,28.0
1780412865.961306,28.001
1780412865.9672253,28.0
1780412865.9733453,27.254
1780412865.9792697,27.254
1780412865.984679,27.253
1780412865.990057,27.253
1780412865.995495,27.253
1780412866.0008168,27.252
1780412866.0062199,28.001
1780412866.0116024,28.001
1780412866.0171518,28.0
1780412866.022693,27.255
1780412866.028452,27.255
1780412866.0338569,28.001
1780412866.039215,28.001
1780412866.0443964,28.007
1780412866.0499406,28.016
1780412866.0551918,28.028
1780412866.0609019,28.031
1780412866.0662293,28.033
1780412866.0715904,28.04
1780412866.0767868,28.043
1780412866.082412,28.045
1780412866.0878015,28.046
1780412866.093225,28.054
1780412866.0983841,28.058
1780412866.1039848,28.06
1780412866.1092331,28.06
1780412866.1148195,28.059
1780412866.120213,28.058
1780412866.1256294,28.057
1780412866.1310773,28.056
1780412866.1364398,28.057
1780412866.141856,28.054
1780412866.1472247,28.054
1780412866.1526058,28.053
1780412866.1580458,28.052
1780412866.1637535,28.052
1780412866.169609,28.051
1780412866.1751106,28.049
1780412866.1810005,28.049
1780412866.1862392,28.05
1780412866.1915972,28.051
1780412866.1967888,28.053
1780412866.2027216,28.052
1780412866.2086334,28.052
1780412866.213863,28.052
1780412866.2192545,28.054
1780412866.2247024,28.053
1780412866.2299967,28.054
1780412866.2351735,28.058
1780412866.240812,28.062
1780412866.2461991,28.065
1780412866.2516072,28.066
1780412866.2568095,28.066
1780412866.2624009,28.065
1780412866.267583,28.064
1780412866.2732668,28.063
1780412866.278694,28.064
1780412866.284057,28.063
1780412866.2895002,28.066
1780412866.2948341,28.065
1780412866.3002422,28.065
1780412866.3056412,28.064
1780412866.3110826,28.063
1780412866.3164544,28.062
1780412866.3218973,28.062
1780412866.3271964,28.062
1780412866.3324108,28.061
1780412866.3380253,28.062
1780412866.3433988,28.062
1780412866.3488016,28.061
1780412866.3542876,28.06
1780412866.3599408,28.06
1780412866.3658655,28.059
1780412866.3715563,28.062
1780412866.37681,28.061
1780412866.3824034,28.066
1780412866.3876102,28.077
1780412866.3932278,28.078
1780412866.398977,28.078
1780412866.4047441,28.077
1780412866.4102862,28.076
1780412866.416242,28.076
1780412866.4220395,28.076
1780412866.427402,28.075
1780412866.4327912,28.076
1780412866.43805,28.076
1780412866.443891,28.075
1780412866.4500608,28.074
1780412866.4557238,28.073
1780412866.4612238,28.072
1780412866.466735,28.072
1780412866.472423,28.073
1780412866.4778118,28.076
1780412866.4832003,28.075
1780412866.4884362,28.075
1780412866.4943178,28.074
1780412866.5001814,28.073
1780412866.5054376,28.072
1780412866.510897,28.072
1780412866.5163047,28.073
1780412866.5216162,28.072
1780412866.5270092,28.072
1780412866.5323908,28.072
1780412866.537587,28.071
1780412866.5432665,28.07
1780412866.54898,28.069
1780412866.5547278,28.068
1780412866.5599859,28.068
1780412866.565189,28.068
1780412866.5709248,28.07
1780412866.5762308,28.07
1780412866.5819116,28.069
1780412866.5878272,28.068
1780412866.59304,28.067
1780412866.5983968,28.067
1780412866.6036491,28.067
1780412866.6092606,28.067
1780412866.6146653,28.068
1780412866.6200202,28.069
1780412866.6252148,28.069
1780412866.630801,28.068
1780412866.6360402,28.067
1780412866.6419027,28.066
1780412866.6478326,28.065
1780412866.6530597,28.066
1780412866.6583626,28.065
1780412866.6635427,28.068
1780412866.6692343,28.069
1780412866.6746,28.068
1780412866.6800098,28.067
1780412866.685486,28.066
1780412866.6912022,28.064
1780412866.6971285,28.064
1780412866.7028272,28.064
1780412866.7082448,28.067
1780412866.7136333,28.068
1780412866.719012,28.068
1780412866.7244089,28.067
1780412866.7296488,28.066
1780412866.7355337,28.065
1780412866.7414463,28.065
1780412866.746706,28.064
1780412866.7520068,28.063
1780412866.7571867,28.065
1780412866.7628,28.066
1780412866.7680402,28.065
1780412866.773623,28.064
1780412866.7790148,28.064
1780412866.7844648,28.063
1780412866.7899084,28.062
1780412866.7953348,28.062
1780412866.8006654,28.06
1780412866.8061357,28.063
1780412866.8114514,28.062
1780412866.816806,28.062
1780412866.822044,28.061
1780412866.8279302,28.06
1780412866.8338447,28.059
1780412866.8390749,28.059
1780412866.8444536,28.06
1780412866.8498614,28.06
1780412866.8552427,28.062
1780412866.8613296,28.061
1780412866.867327,28.061
1780412866.8726811,28.06
1780412866.8780873,28.059
1780412866.8835013,28.059
1780412866.8888516,28.059
1780412866.8942642,28.057
1780412866.8998334,28.06
1780412866.9050455,28.059
1780412866.9104111,28.059
1780412866.9159617,28.057
1780412866.9217021,28.055
1780412866.9273283,28.053
1780412866.9333491,28.053
1780412866.9387097,28.054
1780412866.9441123,28.055
1780412866.9497683,28.054
1780412866.9561737,28.052
1780412866.962124,28.051
1780412866.9674995,28.05
1780412866.972821,28.05
1780412866.9782445,28.05
1780412866.983662,28.05
1780412866.9890862,28.05
1780412866.9945958,28.052
1780412866.9999106,28.051
1780412867.0052767,28.051
1780412867.0110219,28.05
1780412867.0172734,28.048
1780412867.0227535,28.047
1780412867.0281994,28.047
1780412867.0335026,28.047
1780412867.0389695,28.048
1780412867.0443091,28.048
1780412867.0496268,28.047
1780412867.0550323,28.047
1780412867.0604386,28.047
1780412867.0658553,28.046
1780412867.0712814,28.047
1780412867.0767143,28.049
1780412867.0820045,28.048
1780412867.0872252,28.051
1780412867.0928016,28.051
1780412867.0983398,28.051
1780412867.1040292,28.05
1780412867.109792,28.049
1780412867.1158383,28.049
1780412867.1216655,28.048
1780412867.1270638,28.049
1780412867.1324844,28.049
1780412867.138601,28.049
1780412867.1445208,28.048
1780412867.1498945,28.047
1780412867.1553454,28.047
1780412867.1613822,28.045
1780412867.1674473,28.045
1780412867.1731973,28.045
1780412867.1784234,28.046
1780412867.1840703,28.047
1780412867.1895874,28.047
1780412867.1951778,28.046
1780412867.2010908,28.045
1780412867.206992,28.045
1780412867.2122588,28.044
1780412867.217578,28.044
1780412867.222785,28.042
1780412867.228487,28.046
1780412867.233857,28.045
1780412867.2392232,28.045
1780412867.2444215,28.044
1780412867.2500114,28.043
1780412867.2555716,28.042
1780412867.2610583,28.041
1780412867.2668862,28.042
1780412867.2722764,28.041
1780412867.2776523,28.043
1780412867.2831316,28.042
1780412867.2887208,28.041
1780412867.2946353,28.041
1780412867.300139,28.04
1780412867.305629,28.038
1780412867.311288,28.038
1780412867.3166945,28.037
1780412867.3220794,28.04
1780412867.3274944,28.04
1780412867.3328881,28.039
1780412867.3383176,28.039
1780412867.3437135,28.038
1780412867.3494413,28.037
1780412867.3549173,28.036
1780412867.360487,28.036
1780412867.3658664,28.037
1780412867.3713925,28.039
1780412867.3767145,28.038
1780412867.3822832,28.038
1780412867.3881748,28.037
1780412867.393461,28.036
1780412867.398819,28.035
1780412867.404054,28.035
1780412867.409652,28.036
1780412867.4150844,28.035
1780412867.420432,28.037
1780412867.4258192,28.036
1780412867.4312665,28.036
1780412867.4370468,28.035
1780412867.4432695,28.034
1780412867.4487722,28.033
1780412867.454247,28.033
1780412867.4600356,28.026
1780412867.4654126,28.034
1780412867.470813,28.045
1780412867.4760118,28.055
1780412867.4816608,28.064
1780412867.487344,28.075
1780412867.4930396,28.084
1780412867.4987168,28.093
1780412867.5047567,28.103
1780412867.5107167,28.113
1780412867.5166116,28.123
1780412867.5218606,28.133
1780412867.5272655,28.141
1780412867.532675,28.152
1780412867.5383005,28.162
1780412867.5441806,28.171
1780412867.5494604,28.181
1780412867.554866,28.19
1780412867.5602853,28.202
1780412867.5655987,28.212
1780412867.5708096,28.238
1780412867.5763843,28.243
1780412867.581569,28.244
1780412867.5871825,28.246
1780412867.5924234,28.244
1780412867.5980184,28.242
1780412867.6032362,28.24
1780412867.6090975,28.237
1780412867.6149971,28.236
1780412867.6202672,28.235
1780412867.6256506,28.235
1780412867.6311305,28.237
1780412867.63673,28.235
1780412867.642624,28.234
1780412867.6478622,28.232
1780412867.6532242,28.231
1780412867.658629,28.229
1780412867.664058,28.229
1780412867.6694763,28.225
1780412867.67493,28.227
1780412867.6802702,28.226
1780412867.6856685,28.224
1780412867.691388,28.222
1780412867.697167,28.221
1780412867.7024436,28.219
1780412867.7078245,28.217
1780412867.713271,28.216
1780412867.7187045,28.212
1780412867.7242086,28.214
1780412867.729482,28.212
1780412867.734848,28.211
1780412867.7402208,28.209
1780412867.745704,28.207
1780412867.7511444,28.205
1780412867.756584,28.204
1780412867.7618546,28.203
1780412867.7672305,28.2
1780412867.7726226,28.201
1780412867.7780724,28.2
1780412867.784107,28.198
1780412867.7897575,28.195
1780412867.795372,28.192
1780412867.8008053,28.19
1780412867.8063533,28.189
1780412867.8116508,28.187
1780412867.8171585,28.188
1780412867.822793,28.188
1780412867.8284662,28.187
1780412867.8338983,28.185
1780412867.8392828,28.184
1780412867.8447595,28.182
1780412867.850308,28.18
1780412867.8560157,28.18
1780412867.8612645,28.176
1780412867.8668423,28.177
1780412867.87227,28.176
1780412867.8776784,28.175
1780412867.8830974,28.173
1780412867.888473,28.172
1780412867.8938496,28.17
1780412867.8992076,28.169
1780412867.904404,28.165
1780412867.9101515,28.168
1780412867.915813,28.166
1780412867.9221873,28.164
1780412867.9281325,28.163
1780412867.933507,28.161
1780412867.9388914,28.159
1780412867.9443257,28.158
1780412867.9496858,28.157
1780412867.9550993,28.155
1780412867.9604497,28.155
1780412867.9658754,28.154
1780412867.9712896,28.153
1780412867.977422,28.151
1780412867.9833302,28.149
1780412867.9887006,28.148
1780412867.9940484,28.147
1780412867.999506,28.145
1780412868.0052328,28.146
1780412868.0112164,28.146
1780412868.0171173,28.145
1780412868.0230143,28.144
1780412868.0282695,28.142
1780412868.033672,28.141
1780412868.039149,28.14
1780412868.0444472,28.139
1780412868.0498996,28.137
1780412868.0554457,28.14
1780412868.061054,28.139
1780412868.0672407,28.136
1780412868.0727222,28.138
1780412868.0780642,28.136
1780412868.0835257,28.135
1780412868.088841,28.134
1780412868.0942907,28.137
1780412868.0996587,28.137
1780412868.1050372,28.136
1780412868.110468,28.135
1780412868.1162055,28.133
1780412868.122005,28.131
1780412868.1272624,28.13
1780412868.1326938,28.129
1780412868.1380515,28.128
1780412868.1435046,28.125
1780412868.1491075,28.125
1780412868.1550312,28.125
1780412868.1602674,28.123
1780412868.1656802,28.122
1780412868.1711602,28.121
1780412868.176496,28.12
1780412868.1819205,28.119
1780412868.1872537,28.115
1780412868.1926367,28.118
1780412868.1980677,28.117
1780412868.2037766,28.115
1780412868.2100964,28.114
1780412868.2157466,28.111
1780412868.2211747,28.109
1780412868.2268882,28.108
1780412868.2322788,28.105
1780412868.2375872,28.11
1780412868.2430756,28.109
1780412868.2485867,28.107
1780412868.2545493,28.106
1780412868.2598748,28.104
1780412868.2652793,28.103
1780412868.2707274,28.102
1780412868.2760353,28.101
1780412868.2814362,28.099
1780412868.2870142,28.101
1780412868.2923303,28.1
1780412868.2976775,28.099
1780412868.3038325,28.097
1780412868.3097181,28.095
1780412868.3151317,28.093
1780412868.3204553,28.093
1780412868.3259194,28.09
1780412868.331356,28.091
1780412868.3366888,28.09
1780412868.342032,28.089
1780412868.3475935,28.088
1780412868.3531559,28.086
1780412868.3590913,28.084
1780412868.3643892,28.084
1780412868.369702,28.085
1780412868.375097,28.091
1780412868.3804357,28.104
1780412868.3856344,28.12
1780412868.3912213,28.133
1780412868.3964088,28.147
1780412868.4019866,28.159
1780412868.407161,28.174
1780412868.4127848,28.186
1780412868.4179785,28.198
1780412868.4236083,28.205
1780412868.429099,28.208
1780412868.4344106,28.207
1780412868.4395847,28.206
1780412868.445204,28.204
1780412868.45037,28.203
1780412868.4561114,28.201
1780412868.4615312,28.199
1780412868.4668179,28.199
1780412868.47207,28.197
1780412868.4777098,28.198
1780412868.4831064,28.197
1780412868.4884794,28.196
1780412868.493928,28.195
1780412868.4992938,28.194
1780412868.5047312,28.192
1780412868.5100188,28.192
1780412868.51526,28.189
1780412868.520907,28.192
1780412868.526331,28.191
1780412868.5318687,28.19
1780412868.538023,28.188
1780412868.5439231,28.187
1780412868.549699,28.186
1780412868.5551083,28.185
1780412868.560406,28.185
1780412868.5656252,28.184
1780412868.5713024,28.185
1780412868.5770502,28.183
1780412868.58328,28.182
1780412868.588796,28.18
1780412868.5945046,28.178
1780412868.600033,28.176
1780412868.6055675,28.176
1780412868.6109169,28.176
1780412868.6162975,28.178
1780412868.6216235,28.177
1780412868.6272311,28.175
1780412868.633038,28.173
1780412868.638759,28.171
1780412868.6446567,28.169
1780412868.649879,28.169
1780412868.6552348,28.168
1780412868.6604142,28.169
1780412868.6661706,28.17
1780412868.671489,28.169
1780412868.6768649,28.168
1780412868.6822505,28.167
1780412868.6876895,28.166
1780412868.6931126,28.165
1780412868.698458,28.164
1780412868.7038846,28.162
1780412868.7094257,28.163
1780412868.7146986,28.162
1780412868.7200823,28.161
1780412868.7258077,28.16
1780412868.732117,28.158
1780412868.7382114,28.156
1780412868.7435346,28.156
1780412868.7488315,28.156
1780412868.7540624,28.155
1780412868.7596495,28.156
1780412868.764882,28.155
1780412868.7705,28.154
1780412868.775889,28.153
1780412868.781261,28.152
1780412868.786653,28.151
1780412868.7920496,28.151
1780412868.7974882,28.148
1780412868.803023,28.153
1780412868.8083339,28.152
1780412868.813726,28.151
1780412868.8194404,28.15
1780412868.8251305,28.146
1780412868.830521,28.144
1780412868.8359497,28.143
1780412868.8412695,28.143
1780412868.8466742,28.144
1780412868.8522627,28.144
1780412868.8581488,28.144
1780412868.8635256,28.143
1780412868.8688836,28.142
1780412868.8750393,28.14
1780412868.880926,28.14
1780412868.886317,28.139
1780412868.891665,28.139
1780412868.8971472,28.141
1780412868.9024527,28.14
1780412868.9078386,28.139
1780412868.9132252,28.138
1780412868.9187753,28.136
1780412868.924307,28.133
1780412868.9301696,28.132
1780412868.9354808,28.133
1780412868.9408731,28.132
1780412868.946343,28.133
1780412868.9519467,28.131
1780412868.957819,28.131
1780412868.9630957,28.129
1780412868.96849,28.128
1780412868.9739385,28.127
1780412868.979298,28.127
1780412868.9846983,28.124
1780412868.9900389,28.128
1780412868.9953294,28.127
1780412869.0011759,28.126
1780412869.007136,28.124
1780412869.0130517,28.124
1780412869.0182848,28.122
1780412869.0237546,28.122
1780412869.0291471,28.122
1780412869.0345097,28.123
1780412869.040543,28.123
1780412869.0462556,28.122
1780412869.0517645,28.12
1780412869.0574517,28.119
1780412869.0635583,28.118
1780412869.069554,28.12
1780412869.0753496,28.121
1780412869.0807333,28.124
1780412869.086042,28.126
1780412869.0914412,28.125
1780412869.0968566,28.124
1780412869.1023812,28.123
1780412869.107927,28.121
1780412869.1137815,28.12
1780412869.119092,28.12
1780412869.124457,28.118
1780412869.1298966,28.12
1780412869.1352792,28.12
1780412869.1407027,28.12
1780412869.1460502,28.119
1780412869.1513457,28.118
1780412869.157051,28.117
1780412869.1622834,28.116
1780412869.167614,28.116
1780412869.1727862,28.115
1780412869.1786065,28.117
1780412869.1841912,28.116
1780412869.1905293,28.115
1780412869.1962101,28.113
1780412869.201961,28.11
1780412869.2075455,28.108
1780412869.2133129,28.108
1780412869.2186937,28.111
1780412869.22404,28.115
1780412869.2293272,28.114
1780412869.2350574,28.113
1780412869.2409518,28.112
1780412869.2463312,28.111
1780412869.2516472,28.11
1780412869.2570877,28.109
1780412869.2624855,28.109
1780412869.2679038,28.108
1780412869.2732298,28.109
1780412869.2784286,28.109
1780412869.2840793,28.108
1780412869.2898402,28.106
1780412869.2962468,28.104
1780412869.3021357,28.104
1780412869.3075237,28.104
1780412869.3128328,28.101
1780412869.3182852,28.103
1780412869.3240635,28.102
1780412869.32992,28.102
1780412869.3358998,28.1
1780412869.3418312,28.1
1780412869.3470976,28.099
1780412869.3525429,28.099
1780412869.3579488,28.099
1780412869.3633707,28.098
1780412869.3687057,28.097
1780412869.3740754,28.097
1780412869.3794968,28.096
1780412869.3849325,28.095
1780412869.3903081,28.094
1780412869.3956938,28.093
1780412869.4011054,28.093
1780412869.4064271,28.091
1780412869.4116194,28.091
1780412869.417311,28.091
1780412869.4234505,28.09
1780412869.4293582,28.089
1780412869.4346926,28.088
1780412869.4401047,28.087
1780412869.445547,28.086
1780412869.4508834,28.087
1780412869.456306,28.087
1780412869.461645,28.089
1780412869.466888,28.089
1780412869.4724905,28.088
1780412869.4782405,28.087
1780412869.4846144,28.085
1780412869.4905515,28.084
1780412869.4959257,28.084
1780412869.5012586,28.084
1780412869.506491,28.086
1780412869.5123215,28.085
1780412869.5182424,28.084
1780412869.52349,28.083
1780412869.5288844,28.082
1780412869.534348,28.081
1780412869.5397663,28.081
1780412869.5451462,28.082
1780412869.550483,28.08
1780412869.555911,28.081
1780412869.561289,28.08
1780412869.5666773,28.079
1780412869.5723684,28.078
1780412869.5782712,28.078
1780412869.583537,28.077
1780412869.5888488,28.077
1780412869.59428,28.074
1780412869.599741,28.078
1780412869.605727,28.077
1780412869.611633,28.075
1780412869.6174574,28.073
1780412869.6231563,28.07
1780412869.6285365,28.068
1780412869.63396,28.068
1780412869.639282,28.068
1780412869.6447186,28.072
1780412869.6503253,28.073
1780412869.6562276,28.073
1780412869.6614878,28.073
1780412869.6668808,28.072
1780412869.6722503,28.071
1780412869.6776986,28.07
1780412869.6831467,28.071
1780412869.6884522,28.068
1780412869.6936383,28.07
1780412869.6992786,28.069
1780412869.7050338,28.068
1780412869.7108133,28.067
1780412869.7160761,28.067
1780412869.7214527,28.066
1780412869.7269113,28.065
1780412869.7323499,28.066
1780412869.7376513,28.064
1780412869.7429576,28.064
1780412869.7487028,28.064
1780412869.7544928,28.063
1780412869.7599382,28.062
1780412869.7653992,28.062
1780412869.7707553,28.06
1780412869.77618,28.06
1780412869.781544,28.057
1780412869.7870095,28.059
1780412869.7923512,28.059
1780412869.7979395,28.058
1780412869.8038323,28.058
1780412869.8090937,28.056
1780412869.8144846,28.056
1780412869.8199055,28.055
1780412869.8253808,28.056
1780412869.830704,28.054
1780412869.8361866,28.056
1780412869.8414922,28.055
1780412869.8468554,28.055
1780412869.8524091,28.054
1780412869.8580604,28.052
1780412869.8635063,28.052
1780412869.8687668,28.052
1780412869.874472,28.052
1780412869.8798954,28.051
1780412869.885336,28.052
1780412869.8914464,28.052
1780412869.8973992,28.051
1780412869.9027002,28.05
1780412869.9080927,28.05
1780412869.9135504,28.049
1780412869.9188752,28.049
1780412869.9243054,28.047
1780412869.9296577,28.05
1780412869.9352298,28.05
1780412869.9407718,28.048
1780412869.946782,28.047
1780412869.9526937,28.047
1780412869.957986,28.046
1780412869.9635208,28.045
1780412869.969325,28.046
1780412869.9747422,28.045
1780412869.980313,28.046
1780412869.9862032,28.046
1780412869.9915025,28.046
1780412869.9968994,28.045
1780412870.002344,28.044
1780412870.0077126,28.043
1780412870.01312,28.044
1780412870.018447,28.04
1780412870.0237088,28.041
1780412870.0293937,28.041
1780412870.0354192,28.041
1780412870.0406914,28.04
1780412870.0460684,28.039
1780412870.0512877,28.038
1780412870.0569048,28.038
1780412870.0623157,28.039
1780412870.0676408,28.037
1780412870.0728252,28.05
1780412870.078504,28.055
1780412870.0846834,28.056
1780412870.090566,28.055
1780412870.0959194,28.054
1780412870.1013007,28.054
1780412870.1067545,28.054
1780412870.1121173,28.052
1780412870.1175036,28.055
1780412870.1228533,28.055
1780412870.1280723,28.055
1780412870.1336985,28.054
1780412870.139408,28.053
1780412870.1457126,28.051
1780412870.1512032,28.051
1780412870.1565022,28.051
1780412870.1619143,28.052
1780412870.167267,28.054
1780412870.172758,28.054
1780412870.1780853,28.054
1780412870.1834764,28.053
1780412870.1888998,28.052
1780412870.1943104,28.051
1780412870.1997724,28.052
1780412870.205152,28.05
1780412870.2105258,28.051
1780412870.215939,28.051
1780412870.2212946,28.051
1780412870.227041,28.05
1780412870.2333217,28.049
1780412870.2390192,28.047
1780412870.244402,28.047
1780412870.2501163,28.048
1780412870.2555144,28.051
1780412870.2608333,28.053
1780412870.2660332,28.052
1780412870.271701,28.052
1780412870.2771204,28.051
1780412870.282755,28.051
1780412870.2886589,28.05
1780412870.2939024,28.05
1780412870.2992585,28.048
1780412870.3047042,28.052
1780412870.3101354,28.052
1780412870.3155527,28.052
1780412870.3209279,28.051
1780412870.3263466,28.05
1780412870.3317268,28.05
1780412870.3371606,28.05
1780412870.342497,28.05
1780412870.3479216,28.049
1780412870.3532512,28.05
1780412870.3584893,28.05
1780412870.364092,28.05
1780412870.3698435,28.049
1780412870.3760986,28.048
1780412870.3816195,28.047
1780412870.3870592,28.047
1780412870.3923428,28.045
1780412870.3976452,28.048
1780412870.4031236,28.049
1780412870.4087481,28.049
1780412870.4146614,28.049
1780412870.419904,28.048
1780412870.425291,28.047
1780412870.4307556,28.047
1780412870.4362278,28.047
1780412870.4415596,28.046
1780412870.4468753,28.047
1780412870.4522738,28.047
1780412870.4576817,28.047
1780412870.4631386,28.046
1780412870.4684644,28.046
1780412870.473708,28.045
1780412870.479386,28.045
1780412870.4847648,28.046
1780412870.490143,28.044
1780412870.4955597,28.044
1780412870.5009205,28.043
1780412870.5063214,28.043
1780412870.511674,28.043
1780412870.5171268,28.042
1780412870.52249,28.041
1780412870.5279224,28.041
1780412870.5332587,28.04
1780412870.5384874,28.041
1780412870.5441508,28.041
1780412870.5495625,28.041
1780412870.555178,28.04
1780412870.5610871,28.04
1780412870.5663006,28.039
1780412870.571745,28.038
1780412870.577153,28.039
1780412870.582527,28.038
1780412870.5879548,28.04
1780412870.593288,28.039
1780412870.5986814,28.039
1780412870.6041203,28.038
1780412870.6098278,28.038
1780412870.6156073,28.037
1780412870.6208727,28.037
1780412870.6262658,28.035
1780412870.631756,28.039
1780412870.6371632,28.038
1780412870.6424868,28.038
1780412870.6479223,28.038
1780412870.6532695,28.037
1780412870.6588264,28.036
1780412870.664355,28.036
1780412870.6701002,28.036
1780412870.675463,28.036
1780412870.6808794,28.037
1780412870.686306,28.037
1780412870.6916757,28.037
1780412870.6977665,28.036
1780412870.7038302,28.035
1780412870.7091618,28.035
1780412870.7145007,28.035
1780412870.7199528,28.033
1780412870.7253644,28.037
1780412870.7307007,28.036
1780412870.7361221,28.036
1780412870.7415674,28.036
1780412870.7468774,28.035
1780412870.7529705,28.033
1780412870.7590222,28.034
1780412870.7643206,28.035
1780412870.769712,28.035
1780412870.7751625,28.036
1780412870.780523,28.036
1780412870.7859297,28.036
1780412870.7913125,28.036
1780412870.7967641,28.035
1780412870.802153,28.034
1780412870.8075647,28.034
1780412870.8129036,28.034
1780412870.8182902,28.034
1780412870.823694,28.034
1780412870.8291285,28.034
1780412870.83444,28.034
1780412870.8396406,28.033
1780412870.8452826,28.033
1780412870.8507047,28.032
1780412870.8561008,28.032
1780412870.8615193,28.031
1780412870.8669944,28.033
1780412870.8723078,28.033
1780412870.8777022,28.033
1780412870.8831704,28.032
1780412870.8887851,28.031
1780412870.894707,28.03
1780412870.8999527,28.03
1780412870.9053142,28.031
1780412870.9107568,28.031
1780412870.9161274,28.033
1780412870.9215672,28.032
1780412870.9268763,28.032
1780412870.9322858,28.031
1780412870.9377105,28.031
1780412870.9431703,28.03
1780412870.9485066,28.03
1780412870.9539254,28.028
1780412870.959381,28.032
1780412870.9647484,28.032
1780412870.97013,28.032
1780412870.9758728,28.031
1780412870.982258,28.03
1780412870.9881797,28.029
1780412870.9935496,28.029
1780412870.9989114,28.03
1780412871.004353,28.03
1780412871.0097153,28.032
1780412871.015124,28.032
1780412871.0204663,28.032
1780412871.0260665,28.031
1780412871.031792,28.029
1780412871.0372322,28.028
1780412871.0427969,28.029
1780412871.048099,28.027
1780412871.0534995,28.03
1780412871.0588677,28.03
1780412871.0641267,28.029
1780412871.0696926,28.031
1780412871.0754418,28.032
1780412871.0817523,28.03
1780412871.0872176,28.03
1780412871.0925035,28.03
1780412871.0979428,28.032
1780412871.1033044,28.034
1780412871.1087673,28.034
1780412871.1140954,28.034
1780412871.1194859,28.033
1780412871.124928,28.032
1780412871.1303272,28.032
1780412871.1356874,28.032
1780412871.1411293,28.03
1780412871.146585,28.033
1780412871.151947,28.033
1780412871.1573493,28.033
1780412871.1630738,28.032
1780412871.1693442,28.03
1780412871.1748195,28.029
1780412871.180217,28.029
1780412871.1855688,28.03
1780412871.1909108,28.031
1780412871.1963556,28.033
1780412871.201708,28.033
1780412871.2071342,28.033
1780412871.2124834,28.032
1780412871.2179148,28.031
1780412871.223357,28.031
1780412871.228772,28.031
1780412871.2341287,28.031
1780412871.2395267,28.032
1780412871.2448847,28.032
1780412871.2503774,28.032
1780412871.25596,28.032
1780412871.2618732,28.032
1780412871.2671204,28.031
1780412871.2725055,28.03
1780412871.2779317,28.031
1780412871.2833085,28.031
1780412871.288771,28.033
1780412871.2940936,28.033
1780412871.2995021,28.033
1780412871.3049712,28.032
1780412871.310338,28.032
1780412871.3157194,28.03
1780412871.321131,28.03
1780412871.326468,28.031
1780412871.3316221,28.031
1780412871.3372946,28.032
1780412871.3427663,28.032
1780412871.348403,28.032
1780412871.3543136,28.031
1780412871.3598018,28.03
1780412871.3653264,28.029
1780412871.3709679,28.029
1780412871.3763556,28.029
1780412871.3818135,28.032
1780412871.3871596,28.032
1780412871.39252,28.032
1780412871.3982425,28.031
1780412871.403974,28.03
1780412871.4092748,28.029
1780412871.4145155,28.029
1780412871.420112,28.03
1780412871.4255567,28.03
1780412871.4309032,28.032
1780412871.4363353,28.031
1780412871.4416993,28.031
1780412871.447131,28.03
1780412871.45252,28.03
1780412871.4579666,28.029
1780412871.4633129,28.029
1780412871.468733,28.027
1780412871.474205,28.031
1780412871.4795752,28.031
1780412871.484912,28.031
1780412871.4909725,28.03
1780412871.4970279,28.029
1780412871.5023577,28.028
1780412871.5077243,28.028
1780412871.5131721,28.029
1780412871.5185256,28.029
1780412871.5239136,28.029
1780412871.5292995,28.029
1780412871.5347762,28.028
1780412871.5403848,28.028
1780412871.5462718,28.027
1780412871.5515208,28.026
1780412871.556871,28.027
1780412871.56211,28.026
1780412871.56774,28.031
1780412871.5731645,28.032
1780412871.5785224,28.031
1780412871.583918,28.03
1780412871.5893416,28.03
1780412871.594731,28.029
1780412871.6000946,28.029
1780412871.6054919,28.03
1780412871.6108553,28.029
1780412871.616113,28.03
1780412871.6217306,28.03
1780412871.627181,28.03
1780412871.6328125,28.029
1780412871.6387143,28.028
1780412871.6439648,28.028
1780412871.649294,28.028
1780412871.6547236,28.026
1780412871.66023,28.029
1780412871.6655757,28.029
1780412871.6708808,28.029
1780412871.6763005,28.029
1780412871.6817174,28.028
1780412871.6878655,28.027
1780412871.6937835,28.027
1780412871.6991608,28.028
1780412871.7045355,28.028
1780412871.7102544,28.029
1780412871.7160404,28.029
1780412871.7213104,28.028
1780412871.7266908,28.028
1780412871.7321293,28.027
1780412871.737579,28.026
1780412871.7430098,28.026
1780412871.748342,28.026
1780412871.7536952,28.025
1780412871.7591252,28.026
1780412871.7645643,28.026
1780412871.7699318,28.026
1780412871.775599,28.025
1780412871.781506,28.025
1780412871.786718,28.024
1780412871.7921245,28.024
1780412871.797563,28.022
1780412871.803177,28.026
1780412871.8091288,28.027
1780412871.8144655,28.026
1780412871.8202434,28.025
1780412871.8259287,28.023
1780412871.8318052,28.022
1780412871.8371668,28.022
1780412871.8425245,28.023
1780412871.8482227,28.024
1780412871.8540351,28.025
1780412871.8592951,28.024
1780412871.8646858,28.024
1780412871.8701334,28.023
1780412871.8762379,28.022
1780412871.8822305,28.022
1780412871.887558,28.022
1780412871.8929186,28.021
1780412871.8983831,28.023
1780412871.9037046,28.023
1780412871.9090905,28.023
1780412871.9144766,28.023
1780412871.9196632,28.022
1780412871.9253051,28.021
1780412871.9307754,28.021
1780412871.9361424,28.022
1780412871.9415529,28.021
1780412871.9469337,28.022
1780412871.952375,28.022
1780412871.9579852,28.021
1780412871.963871,28.021
1780412871.969175,28.02
1780412871.9745178,28.02
1780412871.979981,28.02
1780412871.9853063,28.018
1780412871.9907527,28.019
1780412871.9961212,28.019
1780412872.0015244,28.019
1780412872.006924,28.018
1780412872.012435,28.018
1780412872.0180287,28.017
1780412872.0237124,28.017
1780412872.0291436,28.017
1780412872.0344644,28.015
1780412872.03976,28.015
1780412872.045606,28.015
1780412872.0515392,28.014
1780412872.056847,28.013
1780412872.0626416,28.011
1780412872.0681539,28.009
1780412872.0735934,28.013
1780412872.0789387,28.014
1780412872.0843632,28.017
1780412872.089726,28.018
1780412872.0951884,28.018
1780412872.100501,28.018
1780412872.1058915,28.017
1780412872.1113346,28.017
1780412872.1167839,28.016
1780412872.1221445,28.017
1780412872.1275465,28.014
1780412872.132964,28.017
1780412872.138367,28.017
1780412872.1437252,28.017
1780412872.149437,28.016
1780412872.1552417,28.015
1780412872.1604824,28.014
1780412872.1657226,28.014
1780412872.1713352,28.015
1780412872.176739,28.014
1780412872.1821396,28.016
1780412872.1876426,28.016
1780412872.1929045,28.015
1780412872.1983016,28.015
1780412872.2037477,28.014
1780412872.209181,28.013
1780412872.2145693,28.013
1780412872.2199306,28.014
1780412872.225394,28.013
1780412872.230786,28.012
1780412872.2364159,28.012
1780412872.2423286,28.011
1780412872.2478344,28.011
1780412872.253589,28.008
1780412872.2590106,28.007
1780412872.2643886,28.008
1780412872.2697191,28.008
1780412872.2752082,28.011
1780412872.280532,28.011
1780412872.2859807,28.011
1780412872.2915819,28.009
1780412872.2974937,28.009
1780412872.3027306,28.008
1780412872.3081856,28.008
1780412872.31359,28.009
1780412872.318959,28.009
1780412872.3243892,28.011
1780412872.3297133,28.011
1780412872.3351085,28.01
1780412872.3405223,28.01
1780412872.34624,28.009
1780412872.3520267,28.008
1780412872.3572848,28.008
1780412872.3625128,28.007
1780412872.3681512,28.012
1780412872.3735795,28.013
1780412872.378928,28.013
1780412872.3843532,28.013
1780412872.3897007,28.012
1780412872.395126,28.011
1780412872.4005198,28.011
1780412872.4059408,28.012
1780412872.411326,28.011
1780412872.4167485,28.013
1780412872.4221618,28.013
1780412872.4275832,28.013
1780412872.4332025,28.012
1780412872.439125,28.012
1780412872.444376,28.011
1780412872.4497974,28.011
1780412872.4551945,28.011
1780412872.4605858,28.012
1780412872.4665828,28.012
1780412872.4722455,28.011
1780412872.4778402,28.009
1780412872.4833534,28.007
1780412872.4890294,28.006
1780412872.4944391,28.005
1780412872.5001745,28.006
1780412872.5055377,28.011
1780412872.5110493,28.014
1780412872.5163877,28.014
1780412872.5220618,28.013
1780412872.5279126,28.013
1780412872.533423,28.012
1780412872.5389132,28.011
1780412872.5445774,28.011
1780412872.5499787,28.01
1780412872.5554478,28.012
1780412872.5607796,28.012
1780412872.5661697,28.012
1780412872.5715845,28.011
1780412872.5771868,28.01
1780412872.5830948,28.01
1780412872.5883765,28.009
1780412872.593742,28.01
1780412872.599175,28.008
1780412872.604627,28.011
1780412872.6099346,28.011
1780412872.6153336,28.011
1780412872.6207936,28.011
1780412872.6261485,28.011
1780412872.6319814,28.01
1780412872.6376822,28.01
1780412872.6429827,28.011
1780412872.6483903,28.011
1780412872.6538608,28.012
1780412872.6600544,28.011
1780412872.6658878,28.011
1780412872.6711476,28.011
1780412872.676492,28.011
1780412872.6817415,28.01
1780412872.6872969,28.011
1780412872.6927629,28.008
1780412872.698148,28.013
1780412872.7035382,28.013
1780412872.7089386,28.013
1780412872.7146933,28.012
1780412872.7210813,28.011
1780412872.7269785,28.01
1780412872.73237,28.01
1780412872.7377129,28.011
1780412872.7431872,28.011
1780412872.748531,28.013
1780412872.7539532,28.013
1780412872.7592964,28.012
1780412872.764837,28.012
1780412872.7703757,28.011
1780412872.7761614,28.011
1780412872.7815464,28.011
1780412872.786885,28.01
1780412872.7922812,28.012
1780412872.7979462,28.01
1780412872.8038185,28.01
1780412872.8091502,28.009
1780412872.8145466,28.008
1780412872.8206575,28.007
1780412872.8265946,28.007
1780412872.8319724,28.008
1780412872.8373618,28.008
1780412872.8427906,28.009
1780412872.848407,28.009
1780412872.8543057,28.009
1780412872.8595402,28.008
1780412872.8650224,28.007
1780412872.8703938,28.007
1780412872.8757339,28.007
1780412872.881188,28.005
1780412872.8865697,28.007
1780412872.891944,28.007
1780412872.8973467,28.007
1780412872.9027588,28.006
1780412872.9083989,28.005
1780412872.9143038,28.005
1780412872.9195395,28.005
1780412872.92489,28.006
1780412872.9303224,28.005
1780412872.9361193,28.008
1780412872.9420385,28.008
1780412872.9479704,28.007
1780412872.9538639,28.007
1780412872.9591398,28.007
1780412872.9645376,28.006
1780412872.970011,28.006
1780412872.9753008,28.006
1780412872.9807076,28.006
1780412872.9861164,28.007
1780412872.9914992,28.006
1780412872.9969006,28.006
1780412873.0025263,28.005
1780412873.0082705,28.003
1780412873.013757,28.002
1780412873.0192277,28.002
1780412873.0244863,28.0
1780412873.0297024,28.003
1780412873.0353594,28.003
1780412873.040745,28.002
1780412873.0463262,28.002
1780412873.0518806,28.001
1780412873.0573823,27.255
1780412873.0630116,27.255
1780412873.0683794,28.001
1780412873.0737705,28.007
1780412873.0792408,28.012
1780412873.08454,28.013
1780412873.090014,28.013
1780412873.0954316,28.011
1780412873.1014578,28.011
1780412873.1067972,28.01
1780412873.1121452,28.011
1780412873.1175787,28.008
1780412873.1229637,28.012
1780412873.12836,28.013
1780412873.1337693,28.013
1780412873.1391947,28.013
1780412873.144797,28.012
1780412873.1506956,28.012
1780412873.1559427,28.012
1780412873.161333,28.012
1780412873.1667967,28.011
1780412873.172159,28.013
1780412873.1775973,28.013
1780412873.182899,28.013
1780412873.1882176,28.012
1780412873.1938295,28.012
1780412873.199188,28.011
1780412873.2046123,28.011
1780412873.2100234,28.012
1780412873.2154112,28.011
1780412873.2207608,28.011
1780412873.226115,28.011
1780412873.2316542,28.009
1780412873.237394,28.007
1780412873.2431126,28.006
1780412873.2489507,28.005
1780412873.2543871,28.006
1780412873.2597144,28.005
1780412873.2651577,28.01
1780412873.2705624,28.009
1780412873.2759554,28.009
1780412873.2813,28.009
1780412873.2867458,28.008
1780412873.2922516,28.007
1780412873.29824,28.007
1780412873.3036034,28.008
1780412873.3089378,28.007
1780412873.314305,28.007
1780412873.3197505,28.007
1780412873.3252041,28.006
1780412873.3308046,28.006
1780412873.3367069,28.005
1780412873.3419456,28.005
1780412873.3472779,28.005
1780412873.3525162,28.003
1780412873.3582356,28.005
1780412873.3641882,28.005
1780412873.3703258,28.004
1780412873.376182,28.004
1780412873.381553,28.003
1780412873.386955,28.002
1780412873.3923888,28.003
1780412873.3977394,28.003
1780412873.4031599,28.003
1780412873.4085202,28.004
1780412873.413758,28.005
1780412873.4193292,28.007
1780412873.4247885,28.016
1780412873.4300814,28.028
1780412873.4352753,28.045
1780412873.4408672,28.059
1780412873.4460833,28.076
1780412873.4516501,28.087
1780412873.4568632,28.103
1780412873.462458,28.112
1780412873.467646,28.113
1780412873.4733164,28.113
1780412873.4787962,28.113
1780412873.484149,28.113
1780412873.4895666,28.113
1780412873.494907,28.114
1780412873.5003276,28.113
1780412873.5057561,28.114
1780412873.5120633,28.112
1780412873.5179458,28.111
1780412873.5232823,28.11
1780412873.5290835,28.108
1780412873.5345604,28.108
1780412873.5400066,28.108
1780412873.5452943,28.096
1780412873.5505018,28.104
1780412873.5562317,28.112
1780412873.5619006,28.12
1780412873.5675952,28.131
1780412873.573122,28.137
1780412873.5786912,28.147
1780412873.5842056,28.156
1780412873.5897665,28.164
1780412873.5954518,28.173
1780412873.6011035,28.181
1780412873.606663,28.189
1780412873.6122108,28.198
1780412873.6178114,28.206
1780412873.6234598,28.215
1780412873.629407,28.224
1780412873.634791,28.235
1780412873.6401646,28.243
1780412873.6456048,28.255
1780412873.6509066,29.01
1780412873.6563146,29.037
1780412873.6616988,29.043
1780412873.6669202,29.045
1780412873.6725178,29.047
1780412873.6779087,29.047
1780412873.6833334,29.047
1780412873.6887105,29.045
1780412873.6941054,29.044
1780412873.6993074,29.043
1780412873.7049317,29.042
1780412873.7103872,29.039
1780412873.715849,29.041
1780412873.7211995,29.039
1780412873.7265534,29.038
1780412873.7322576,29.036
1780412873.7381206,29.034
1780412873.7434087,29.032
1780412873.748878,29.029
1780412873.754199,29.028
1780412873.7595944,29.026
1780412873.7649698,29.026
1780412873.7704122,29.024
1780412873.7757185,29.023
1780412873.781112,29.02
1780412873.786526,29.019
1780412873.791951,29.016
1780412873.797331,29.015
1780412873.802794,29.01
1780412873.8082066,29.013
1780412873.8135512,29.012
1780412873.8189445,29.01
1780412873.8247087,29.008
1780412873.8309598,29.005
1780412873.8364544,29.002
1780412873.8418393,29.001
1780412873.8472087,28.255
1780412873.8526416,28.254
1780412873.858597,28.254
1780412873.8642657,28.252
1780412873.8700364,28.25
1780412873.8756306,28.248
1780412873.881191,28.245
1780412873.8865676,28.242
1780412873.8921683,28.241
1780412873.8975809,28.245
1780412873.9030447,28.247
1780412873.908391,28.245
1780412873.913774,28.243
1780412873.9194653,28.241
1780412873.9252472,28.239
1780412873.9305055,28.237
1780412873.935745,28.235
1780412873.941427,28.234
1780412873.9467697,28.232
1780412873.952222,28.232
1780412873.9583027,28.229
1780412873.9642575,28.228
1780412873.969598,28.225
1780412873.974933,28.224
1780412873.9803357,28.221
1780412873.9857159,28.22
1780412873.9911544,28.217
1780412873.996684,28.218
1780412874.0020137,28.216
1780412874.007364,28.215
1780412874.0130947,28.212
1780412874.01935,28.21
1780412874.0248625,28.207
1780412874.0303485,28.206
1780412874.0361307,28.205
1780412874.0413554,28.204
1780412874.0469627,28.205
1780412874.0524037,28.204
1780412874.0580528,28.203
1780412874.0638788,28.201
1780412874.069157,28.201
1780412874.0744796,28.203
1780412874.07971,28.202
1780412874.0853605,28.203
1780412874.0914493,28.204
1780412874.097488,28.203
1780412874.1028135,28.202
1780412874.1081755,28.201
1780412874.1142647,28.199
1780412874.120285,28.198
1780412874.1256146,28.197
1780412874.1309395,28.194
1780412874.1364503,28.196
1780412874.1417696,28.196
1780412874.1472178,28.195
1780412874.1525884,28.194
1780412874.1582797,28.192
1780412874.1640234,28.19
1780412874.169358,28.189
1780412874.1747334,28.189
1780412874.180144,28.187
1780412874.1856086,28.188
1780412874.1911972,28.187
1780412874.1971118,28.186
1780412874.2023592,28.185
1780412874.2077775,28.183
1780412874.213209,28.182
1780412874.2186265,28.181
1780412874.224011,28.179
1780412874.2293835,28.178
1780412874.2347968,28.177
1780412874.2401798,28.176
1780412874.2456093,28.175
1780412874.2511992,28.174
1780412874.2570975,28.173
1780412874.2623587,28.171
1780412874.2677455,28.171
1780412874.2731993,28.168
1780412874.2786918,28.17
1780412874.2846143,28.169
1780412874.2906182,28.166
1780412874.296327,28.165
1780412874.3019445,28.162
1780412874.3074617,28.159
1780412874.3133626,28.159
1780412874.3187492,28.158
1780412874.32409,28.161
1780412874.3292654,28.16
1780412874.3352134,28.158
1780412874.3411343,28.158
1780412874.346669,28.156
1780412874.3524237,28.153
1780412874.3578045,28.152
1780412874.3632195,28.152
1780412874.368579,28.153
1780412874.3742754,28.152
1780412874.38005,28.151
1780412874.3853264,28.15
1780412874.3908718,28.147
1780412874.3966923,28.144
1780412874.402199,28.143
1780412874.407623,28.143
1780412874.4129438,28.139
1780412874.4183943,28.141
1780412874.423751,28.14
1780412874.4291432,28.139
1780412874.4345443,28.138
1780412874.4400177,28.136
1780412874.4456193,28.135
1780412874.451524,28.134
1780412874.4567626,28.134
1780412874.4621878,28.133
1780412874.4676123,28.133
1780412874.4731946,28.132
1780412874.479121,28.131
1780412874.48436,28.13
1780412874.4897482,28.128
1780412874.4952123,28.127
1780412874.5005658,28.127
1780412874.5060062,28.123
1780412874.5114086,28.125
1780412874.5168037,28.124
1780412874.5221646,28.123
1780412874.527616,28.122
1780412874.5331585,28.121
1780412874.5390167,28.12
1780412874.54436,28.119
1780412874.5497613,28.119
1780412874.5552094,28.119
1780412874.5607007,28.121
1780412874.566011,28.121
1780412874.5713558,28.12
1780412874.5767882,28.119
1780412874.5821896,28.118
1780412874.587576,28.116
1780412874.593035,28.116
1780412874.5983808,28.116
1780412874.6038465,28.115
1780412874.609221,28.115
1780412874.6148317,28.114
1780412874.620699,28.113
1780412874.6259637,28.112
1780412874.6313767,28.111
1780412874.6368194,28.11
1780412874.6421742,28.11
1780412874.6476052,28.108
1780412874.6529672,28.112
1780412874.658357,28.111
1780412874.6637652,28.11
1780412874.669292,28.109
1780412874.674849,28.109
1780412874.6807587,28.108
1780412874.6866343,28.108
1780412874.6919744,28.108
1780412874.6973872,28.108
1780412874.7034898,28.107
1780412874.7093976,28.106
1780412874.7148097,28.105
1780412874.7201703,28.104
1780412874.7263045,28.102
1780412874.7322388,28.102
1780412874.737601,28.102
1780412874.7429733,28.101
1780412874.7484126,28.103
1780412874.7540603,28.102
1780412874.759947,28.101
1780412874.765465,28.1
1780412874.7711427,28.097
1780412874.776622,28.096
1780412874.7820752,28.095
1780412874.7873657,28.093
1780412874.7928014,28.097
1780412874.7981818,28.097
1780412874.8042462,28.096
1780412874.810223,28.095
1780412874.815603,28.094
1780412874.8210068,28.093
1780412874.826387,28.093
1780412874.8317473,28.093
1780412874.8371768,28.093
1780412874.8425107,28.094
1780412874.8477604,28.094
1780412874.8536053,28.093
1780412874.859507,28.092
1780412874.8647676,28.091
1780412874.8701568,28.09
1780412874.8756216,28.09
1780412874.8809464,28.089
1780412874.8866498,28.089
1780412874.8924568,28.089
1780412874.8977342,28.089
1780412874.9032779,28.087
1780412874.909033,28.085
1780412874.9147635,28.082
1780412874.9206803,28.082
1780412874.9259756,28.082
1780412874.9313858,28.082
1780412874.9368184,28.081
1780412874.942146,28.081
1780412874.9478214,28.08
1780412874.9535086,28.077
1780412874.9590802,28.075
1780412874.9644892,28.074
1780412874.9699316,28.074
1780412874.9752433,28.074
1780412874.980612,28.076
1780412874.9862247,28.079
1780412874.991697,28.082
1780412874.9976473,28.082
1780412875.0035415,28.081
1780412875.008794,28.08
1780412875.0141394,28.081
1780412875.0195649,28.081
1780412875.0252361,28.079
1780412875.0312963,28.082
1780412875.0372474,28.082
1780412875.0431392,28.081
1780412875.04837,28.081
1780412875.0537755,28.08
1780412875.0592184,28.08
1780412875.0645473,28.08
1780412875.069943,28.081
1780412875.0754101,28.092
1780412875.0807586,28.094
1780412875.0861502,28.096
1780412875.0916996,28.097
1780412875.0972888,28.099
1780412875.1032035,28.1
1780412875.1091144,28.103
1780412875.1143734,28.105
1780412875.119774,28.104
1780412875.1252234,28.105
1780412875.130816,28.104
1780412875.1367424,28.104
1780412875.1419718,28.103
1780412875.1473613,28.102
1780412875.1528249,28.102
1780412875.1581614,28.102
1780412875.1636138,28.1
1780412875.169098,28.104
1780412875.174416,28.103
1780412875.1797698,28.103
1780412875.185228,28.102
1780412875.190872,28.101
1780412875.1967225,28.101
1780412875.2019665,28.101
1780412875.2073133,28.101
1780412875.212554,28.101
1780412875.218206,28.103
1780412875.2242634,28.101
1780412875.2302995,28.101
1780412875.2356324,28.1
1780412875.240981,28.099
1780412875.246421,28.099
1780412875.25178,28.099
1780412875.25719,28.096
1780412875.2626646,28.099
1780412875.2680328,28.099
1780412875.273398,28.098
1780412875.2794561,28.097
1780412875.285497,28.096
1780412875.2907922,28.095
1780412875.296181,28.096
1780412875.3016276,28.096
1780412875.307,28.095
1780412875.3123918,28.096
1780412875.317778,28.096
1780412875.3232288,28.095
1780412875.3288305,28.094
1780412875.334743,28.093
1780412875.339974,28.092
1780412875.3453639,28.093
1780412875.3508217,28.091
1780412875.3562841,28.095
1780412875.3622582,28.093
1780412875.3683085,28.093
1780412875.3736317,28.092
1780412875.3790107,28.091
1780412875.385081,28.09
1780412875.3911245,28.09
1780412875.3964303,28.091
1780412875.4017684,28.089
1780412875.407192,28.09
1780412875.412858,28.089
1780412875.4187703,28.088
1780412875.4242747,28.087
1780412875.4300456,28.085
1780412875.4354546,28.084
1780412875.440894,28.085
1780412875.446202,28.084
1780412875.4516163,28.086
1780412875.456977,28.086
1780412875.4626777,28.085
1780412875.469048,28.084
1780412875.4750733,28.083
1780412875.4804332,28.082
1780412875.4857576,28.083
1780412875.4912176,28.081
1780412875.4966512,28.083
1780412875.5019765,28.083
1780412875.5073771,28.082
1780412875.5128353,28.081
1780412875.5184326,28.081
1780412875.524314,28.08
1780412875.5295768,28.08
1780412875.5349665,28.08
1780412875.540417,28.079
1780412875.5458605,28.082
1780412875.5518448,28.081
1780412875.5578232,28.08
1780412875.563217,28.079
1780412875.5685866,28.079
1780412875.574034,28.078
1780412875.5794363,28.079
1780412875.5847719,28.078
1780412875.5902302,28.078
1780412875.5956347,28.077
1780412875.601249,28.076
1780412875.6071382,28.076
1780412875.6123726,28.075
1780412875.6178193,28.075
1780412875.6232388,28.074
1780412875.628573,28.075
1780412875.6340191,28.073
1780412875.6394732,28.075
1780412875.6447861,28.074
1780412875.6501887,28.073
1780412875.655896,28.073
1780412875.661696,28.072
1780412875.6669297,28.072
1780412875.6721404,28.072
1780412875.6777196,28.073
1780412875.6829667,28.073
1780412875.6885989,28.075
1780412875.6939886,28.074
1780412875.6993613,28.074
1780412875.7047956,28.073
1780412875.710198,28.072
1780412875.7157001,28.072
1780412875.7210078,28.073
1780412875.7263877,28.07
1780412875.73188,28.074
1780412875.737241,28.073
1780412875.7428515,28.073
1780412875.7487533,28.072
1780412875.753982,28.072
1780412875.7594037,28.071
1780412875.7648287,28.071
1780412875.770174,28.072
1780412875.7756383,28.071
1780412875.780968,28.073
1780412875.786378,28.072
1780412875.7917354,28.072
1780412875.7969718,28.071
1780412875.8025544,28.071
1780412875.8080056,28.07
1780412875.8134413,28.071
1780412875.8188174,28.072
1780412875.8242192,28.071
1780412875.8298974,28.072
1780412875.8363082,28.071
1780412875.8422482,28.07
1780412875.84762,28.069
1780412875.8529735,28.069
1780412875.8584127,28.069
1780412875.863774,28.07
1780412875.8691933,28.07
1780412875.8747034,28.072
1780412875.8800404,28.071
1780412875.8854039,28.07
1780412875.891106,28.07
1780412875.8973653,28.069
1780412875.9028537,28.068
1780412875.9081898,28.068
1780412875.9136226,28.068
1780412875.9189696,28.072
1780412875.9244385,28.074
1780412875.929749,28.074
1780412875.935159,28.073
1780412875.9405344,28.073
1780412875.9457,28.073
1780412875.951387,28.073
1780412875.9567986,28.073
1780412875.9621048,28.072
1780412875.967325,28.075
1780412875.9730177,28.075
1780412875.978402,28.074
1780412875.9840615,28.074
1780412875.9899783,28.073
1780412875.995217,28.073
1780412876.0006595,28.073
1780412876.0060415,28.074
1780412876.0114157,28.074
1780412876.0168326,28.074
1780412876.0221455,28.074
1780412876.0275493,28.073
1780412876.0329535,28.075
1780412876.0383434,28.075
1780412876.0437155,28.075
1780412876.0489156,28.077
1780412876.0545413,28.079
1780412876.0597878,28.082
1780412876.0653405,28.085
1780412876.0705366,28.09
1780412876.0764754,28.095
1780412876.0823863,28.097
1780412876.0875995,28.097
1780412876.0929408,28.097
1780412876.0981228,28.098
1780412876.1038737,28.103
1780412876.109243,28.103
1780412876.1145673,28.102
1780412876.11996,28.102
1780412876.1253822,28.101
1780412876.1311412,28.101
1780412876.136912,28.1
1780412876.1422472,28.1
1780412876.147578,28.1
1780412876.153025,28.1
1780412876.1584399,28.099
1780412876.1638021,28.099
1780412876.1695988,28.098
1780412876.1752734,28.097
1780412876.1808422,28.096
1780412876.1865625,28.097
1780412876.191967,28.097
1780412876.1973243,28.098
1780412876.2025206,28.108
1780412876.2081583,28.113
1780412876.214236,28.114
1780412876.2202566,28.115
1780412876.2256243,28.115
1780412876.2310221,28.115
1780412876.236396,28.118
1780412876.2417748,28.119
1780412876.2471774,28.12
1780412876.2525768,28.121
1780412876.2580397,28.121
1780412876.2636735,28.12
1780412876.2695808,28.119
1780412876.2750793,28.118
1780412876.2805371,28.117
1780412876.2862356,28.118
1780412876.2916055,28.118
1780412876.296931,28.119
1780412876.3021147,28.119
1780412876.3080826,28.118
1780412876.313934,28.117
1780412876.3191895,28.116
1780412876.324605,28.115
1780412876.3300452,28.116
1780412876.3353682,28.116
1780412876.3408086,28.116
1780412876.3461807,28.117
1780412876.3515768,28.116
1780412876.3569582,28.118
1780412876.3626459,28.118
1780412876.3681297,28.116
1780412876.3738394,28.119
1780412876.37919,28.122
1780412876.3845384,28.127
1780412876.389801,28.129
1780412876.3954544,28.129
1780412876.4008455,28.129
1780412876.4062128,28.128
1780412876.4118755,28.127
1780412876.4173868,28.124
1780412876.4231868,28.125
1780412876.4289694,28.125
1780412876.4344223,28.125
1780412876.4397447,28.126
1780412876.4450176,28.126
1780412876.4506216,28.125
1780412876.4561152,28.124
1780412876.4616802,28.123
1780412876.467372,28.123
1780412876.4728093,28.123
1780412876.4781349,28.122
1780412876.4833162,28.124
1780412876.4889722,28.124
1780412876.4944465,28.123
1780412876.499761,28.123
1780412876.5051532,28.122
1780412876.5105476,28.121
1780412876.5157726,28.121
1780412876.5213919,28.122
1780412876.5268464,28.121
1780412876.532164,28.123
1780412876.5375547,28.122
1780412876.542953,28.122
1780412876.5484073,28.121
1780412876.554065,28.119
1780412876.5599742,28.119
1780412876.5652113,28.12
1780412876.5705695,28.117
1780412876.5760071,28.121
1780412876.5813675,28.121
1780412876.5868013,28.12
1780412876.5921926,28.12
1780412876.5975802,28.119
1780412876.6030214,28.118
1780412876.6084425,28.118
1780412876.6137853,28.119
1780412876.6192117,28.118
1780412876.6245458,28.119
1780412876.6297877,28.118
1780412876.635471,28.118
1780412876.6411188,28.117
1780412876.647373,28.116
1780412876.6529057,28.114
1780412876.6583743,28.114
1780412876.6636717,28.111
1780412876.669156,28.115
1780412876.674456,28.115
1780412876.6797738,28.115
1780412876.6852698,28.115
1780412876.690588,28.115
1780412876.6959426,28.115
1780412876.7015028,28.115
1780412876.7068498,28.115
1780412876.7122042,28.114
1780412876.7176502,28.115
1780412876.7230113,28.114
1780412876.7284162,28.114
1780412876.7337716,28.113
1780412876.7392914,28.113
1780412876.7446532,28.111
1780412876.7501345,28.111
1780412876.7555027,28.111
1780412876.7608504,28.11
1780412876.7662976,28.111
1780412876.7716506,28.111
1780412876.7772527,28.11
1780412876.7831585,28.109
1780412876.7883973,28.108
1780412876.7937891,28.108
1780412876.7992494,28.108
1780412876.804596,28.105
1780412876.8100293,28.107
1780412876.815353,28.107
1780412876.8206067,28.106
1780412876.8262007,28.105
1780412876.8319175,28.104
1780412876.8382142,28.103
1780412876.8436844,28.103
1780412876.8490112,28.103
1780412876.8544424,28.102
1780412876.859807,28.104
1780412876.865253,28.103
1780412876.8706343,28.103
1780412876.876002,28.102
1780412876.8814082,28.102
1780412876.8868148,28.101
1780412876.892185,28.102
1780412876.8976104,28.1
1780412876.9030788,28.103
1780412876.9084332,28.103
1780412876.9137964,28.102
1780412876.9199479,28.101
1780412876.9258783,28.101
1780412876.9312496,28.1
1780412876.936619,28.1
1780412876.942046,28.101
1780412876.947416,28.1
1780412876.9528074,28.101
1780412876.9581535,28.101
1780412876.9633894,28.1
1780412876.9693217,28.099
1780412876.9752228,28.099
1780412876.9804807,28.098
1780412876.9857483,28.098
1780412876.9911819,28.096
1780412876.996703,28.099
1780412877.0020528,28.099
1780412877.007385,28.099
1780412877.012816,28.098
1780412877.0181935,28.097
1780412877.0236218,28.097
1780412877.0290146,28.096
1780412877.0344558,28.097
1780412877.039762,28.095
1780412877.045176,28.097
1780412877.0505757,28.097
1780412877.0560539,28.097
1780412877.061649,28.096
1780412877.0675466,28.096
1780412877.0728037,28.098
1780412877.0781975,28.099
1780412877.0836327,28.104
1780412877.0889235,28.105
1780412877.0941222,28.105
1780412877.0997386,28.105
1780412877.1049435,28.104
1780412877.1108828,28.103
1780412877.1167572,28.102
1780412877.1220677,28.102
1780412877.1273413,28.102
1780412877.1325085,28.101
1780412877.1382637,28.103
1780412877.1435862,28.102
1780412877.1489563,28.101
1780412877.154456,28.1
1780412877.1601543,28.099
1780412877.166038,28.098
1780412877.1718328,28.099
1780412877.1772208,28.1
1780412877.1825938,28.1
1780412877.1879501,28.099
1780412877.1934047,28.098
1780412877.1988108,28.098
1780412877.2044706,28.097
1780412877.2103927,28.096
1780412877.2156024,28.096
1780412877.2209418,28.096
1780412877.2261508,28.094
1780412877.2317734,28.098
1780412877.2371562,28.098
1780412877.2425482,28.097
1780412877.2480752,28.096
1780412877.253826,28.094
1780412877.2595623,28.092
1780412877.265456,28.092
1780412877.2708006,28.093
1780412877.2761974,28.093
1780412877.2815487,28.092
1780412877.2872288,28.091
1780412877.2931354,28.091
1780412877.2984033,28.09
1780412877.30378,28.089
1780412877.3091538,28.089
1780412877.314557,28.089
1780412877.3200018,28.086
1780412877.325426,28.09
1780412877.3307822,28.089
1780412877.3361998,28.089
1780412877.3416128,28.088
1780412877.3469791,28.088
1780412877.3523736,28.087
1780412877.3577414,28.087
1780412877.3629806,28.087
1780412877.36856,28.085
1780412877.3737447,28.085
1780412877.379348,28.085
1780412877.3845487,28.084
1780412877.390195,28.084
1780412877.3956182,28.083
1780412877.4009576,28.082
1780412877.4064002,28.083
1780412877.4117658,28.083
1780412877.4169638,28.082
1780412877.422539,28.083
1780412877.42778,28.082
1780412877.4333894,28.082
1780412877.4387815,28.081
1780412877.444186,28.08
1780412877.4495664,28.08
1780412877.4549818,28.08
1780412877.4604144,28.078
1780412877.4658952,28.081
1780412877.4712055,28.081
1780412877.4766386,28.081
1780412877.4820182,28.08
1780412877.487394,28.079
1780412877.4935918,28.078
1780412877.4994771,28.078
1780412877.5048156,28.079
1780412877.510136,28.078
1780412877.5153131,28.079
1780412877.5212436,28.078
1780412877.5271332,28.078
1780412877.5324094,28.077
1780412877.5377738,28.076
1780412877.5429544,28.076
1780412877.5485804,28.077
1780412877.5540166,28.075
1780412877.5594537,28.078
1780412877.5647912,28.078
1780412877.5701866,28.077
1780412877.5756204,28.077
1780412877.5810342,28.076
1780412877.5864794,28.075
1780412877.591764,28.075
1780412877.5969698,28.076
1780412877.602531,28.073
1780412877.6077094,28.075
1780412877.6133606,28.075
1780412877.6187768,28.075
1780412877.6242135,28.074
1780412877.629616,28.073
1780412877.635292,28.072
1780412877.6411755,28.073
1780412877.646409,28.074
1780412877.6517868,28.073
1780412877.6569626,28.073
1780412877.662872,28.072
1780412877.6687846,28.072
1780412877.6740055,28.071
1780412877.679413,28.071
1780412877.6847954,28.07
1780412877.690173,28.071
1780412877.6956112,28.069
1780412877.7010357,28.073
1780412877.706399,28.073
1780412877.7118118,28.073
1780412877.717226,28.072
1780412877.722597,28.071
1780412877.7279947,28.071
1780412877.733364,28.071
1780412877.7385952,28.071
1780412877.7441761,28.07
1780412877.749362,28.07
1780412877.7549684,28.07
1780412877.760367,28.07
1780412877.765832,28.069
1780412877.7712195,28.068
1780412877.7765813,28.067
1780412877.7820075,28.068
1780412877.7873845,28.068
1780412877.792831,28.067
1780412877.798142,28.066
1780412877.8033507,28.066
1780412877.8089795,28.065
1780412877.814655,28.064
1780412877.8203413,28.062
1780412877.8257518,28.061
1780412877.8313115,28.061
1780412877.8365753,28.059
1780412877.8417423,28.061
1780412877.8473778,28.061
1780412877.8527613,28.061
1780412877.858167,28.06
1780412877.8633323,28.06
1780412877.8693168,28.059
1780412877.8752084,28.06
1780412877.88047,28.06
1780412877.885811,28.061
1780412877.8912423,28.061
1780412877.896907,28.06
1780412877.902792,28.06
1780412877.9080117,28.059
1780412877.91338,28.059
1780412877.9187703,28.058
1780412877.9242954,28.059
1780412877.9296336,28.059
1780412877.9350073,28.057
1780412877.940359,28.057
1780412877.9458027,28.056
1780412877.9512691,28.056
1780412877.9566045,28.055
1780412877.962299,28.055
1780412877.9678113,28.054
1780412877.9734263,28.054
1780412877.9788206,28.054
1780412877.9841459,28.056
1780412877.9893203,28.055
1780412877.9950078,28.055
1780412878.0007207,28.054
1780412878.006519,28.053
1780412878.0117805,28.053
1780412878.0171106,28.053
1780412878.0226004,28.054
1780412878.028064,28.053
1780412878.033655,28.055
1780412878.0395327,28.054
1780412878.0448167,28.054
1780412878.050226,28.053
1780412878.055671,28.052
1780412878.0610228,28.052
1780412878.06648,28.053
1780412878.0717716,28.055
1780412878.077017,28.057
1780412878.0826666,28.058
1780412878.0883377,28.057
1780412878.094633,28.057
1780412878.1006057,28.055
1780412878.1063788,28.054
1780412878.1118252,28.054
1780412878.1174054,28.055
1780412878.1228113,28.057
1780412878.128169,28.059
1780412878.1336544,28.058
1780412878.1397734,28.057
1780412878.1450834,28.057
1780412878.151148,28.056
1780412878.15711,28.056
1780412878.1624577,28.056
1780412878.1677582,28.053
1780412878.173009,28.055
1780412878.1787045,28.056
1780412878.184016,28.055
1780412878.18938,28.055
1780412878.1948655,28.054
1780412878.2005975,28.053
1780412878.206087,28.054
1780412878.2113922,28.054
1780412878.2170277,28.053
1780412878.2224472,28.053
1780412878.22783,28.053
1780412878.23398,28.052
1780412878.2398918,28.052
1780412878.245262,28.051
1780412878.2506177,28.051
1780412878.2560709,28.051
1780412878.2613642,28.05
1780412878.266602,28.052
1780412878.2722108,28.052
1780412878.277641,28.051
1780412878.2830486,28.051
1780412878.288763,28.05
1780412878.2950351,28.05
1780412878.300504,28.05
1780412878.3058233,28.05
1780412878.3112717,28.052
1780412878.3166385,28.054
1780412878.3223915,28.053
1780412878.3287401,28.052
1780412878.3346784,28.051
1780412878.3400602,28.05
1780412878.3454287,28.05
1780412878.3508732,28.051
1780412878.356206,28.049
1780412878.3616047,28.051
1780412878.366987,28.049
1780412878.3724155,28.047
1780412878.378106,28.045
1780412878.3839881,28.043
1780412878.3892338,28.041
1780412878.3945882,28.04
1780412878.4000251,28.039
1780412878.4054334,28.038
1780412878.4114788,28.036
1780412878.417195,28.034
1780412878.422889,28.03
1780412878.4284782,28.027
1780412878.434037,28.024
1780412878.4394293,28.022
1780412878.4450297,28.021
1780412878.4504423,28.028
1780412878.455928,28.03
1780412878.4612546,28.03
1780412878.4666042,28.036
1780412878.4720087,28.05
1780412878.4773808,28.062
1780412878.4825869,28.077
1780412878.4881308,28.089
1780412878.4933162,28.106
1780412878.4989262,28.116
1780412878.5041554,28.131
1780412878.5097148,28.137
1780412878.5149083,28.137
1780412878.5205061,28.137
1780412878.5256832,28.136
1780412878.53085,28.135
1780412878.5363271,28.135
1780412878.5416763,28.135
1780412878.5470095,28.135
1780412878.5523853,28.136
1780412878.5577438,28.136
1780412878.5629394,28.135
1780412878.568723,28.135
1780412878.5743263,28.133
1780412878.5798187,28.131
1780412878.5854757,28.131
1780412878.5908628,28.129
1780412878.5961523,28.134
1780412878.60144,28.134
1780412878.6070087,28.133
1780412878.6123981,28.132
1780412878.6178248,28.131
1780412878.6235573,28.129
1780412878.6293883,28.129
1780412878.634697,28.128
1780412878.6400466,28.128
1780412878.6454167,28.129
1780412878.6515672,28.128
1780412878.6574733,28.127
1780412878.6628606,28.126
1780412878.6682765,28.125
1780412878.6736765,28.124
1780412878.6790185,28.124
1780412878.684433,28.122
1780412878.689838,28.127
1780412878.6952288,28.128
1780412878.7006269,28.127
1780412878.706358,28.126
1780412878.712647,28.124
1780412878.7183907,28.122
1780412878.7238367,28.121
1780412878.7294278,28.121
1780412878.7348707,28.124
1780412878.7402217,28.125
1780412878.7456477,28.125
1780412878.751012,28.124
1780412878.7571673,28.123
1780412878.7631106,28.122
1780412878.768466,28.121
1780412878.7738228,28.121
1780412878.779235,28.119
1780412878.7845986,28.121
1780412878.7900352,28.121
1780412878.7955005,28.12
1780412878.8008802,28.119
1780412878.8062549,28.118
1780412878.8119726,28.116
1780412878.8177607,28.116
1780412878.8230495,28.116
1780412878.828428,28.116
1780412878.8338554,28.118
1780412878.839231,28.117
1780412878.844903,28.116
1780412878.8508046,28.115
1780412878.8563085,28.113
1780412878.8618011,28.111
1780412878.8674514,28.111
1780412878.8728592,28.111
1780412878.8781714,28.115
1780412878.8834848,28.114
1780412878.8894298,28.113
1780412878.8950891,28.111
1780412878.9006944,28.109
1780412878.9062896,28.108
1780412878.911679,28.107
1780412878.9169729,28.107
1780412878.9226816,28.109
1780412878.9282858,28.109
1780412878.9339788,28.106
1780412878.9395263,28.104
1780412878.9454973,28.103
1780412878.9508736,28.102
1780412878.9562278,28.101
1780412878.9616816,28.101
1780412878.9669774,28.098
1780412878.9722087,28.099
1780412878.977822,28.099
1780412878.983259,28.098
1780412878.9889195,28.097
1780412878.994817,28.096
1780412879.0003057,28.094
1780412879.0057466,28.094
1780412879.0114248,28.094
1780412879.016842,28.093
1780412879.0222044,28.093
1780412879.0276232,28.091
1780412879.0330346,28.089
1780412879.0387352,28.087
1780412879.0445297,28.084
1780412879.049786,28.082
1780412879.0550284,28.081
1780412879.0605917,28.079
1780412879.066146,28.077
1780412879.0718036,28.086
1780412879.0775597,28.088
1780412879.0834785,28.088
1780412879.0888727,28.087
1780412879.0942538,28.085
1780412879.099676,28.084
1780412879.105038,28.084
1780412879.1104383,28.082
1780412879.1159558,28.084
1780412879.1212835,28.084
1780412879.1266432,28.083
1780412879.1320508,28.083
1780412879.1376886,28.082
1780412879.1435921,28.081
1780412879.14883,28.081
1780412879.1542234,28.082
1780412879.159663,28.081
1780412879.1652813,28.081
1780412879.1711743,28.081
1780412879.1764302,28.081
1780412879.181778,28.08
1780412879.1869729,28.079
1780412879.1926348,28.079
1780412879.1980448,28.08
1780412879.2033863,28.077
1780412879.2086086,28.079
1780412879.214254,28.079
1780412879.2199335,28.078
1780412879.2258375,28.078
1780412879.2313595,28.077
1780412879.2372718,28.076
1780412879.2429852,28.076
1780412879.248439,28.077
1780412879.2537835,28.076
1780412879.2593238,28.076
1780412879.265048,28.073
1780412879.2705696,28.073
1780412879.2763965,28.072
1780412879.282102,28.07
1780412879.287529,28.07
1780412879.293424,28.071
1780412879.2988095,28.074
1780412879.3043501,28.077
1780412879.3096871,28.078
1780412879.3150759,28.078
1780412879.3207629,28.077
1780412879.3265455,28.075
1780412879.3320434,28.072
1780412879.3378975,28.073
1780412879.3432243,28.074
1780412879.3487358,28.075
1780412879.3540883,28.075
1780412879.3596952,28.074
1780412879.36561,28.073
1780412879.370833,28.073
1780412879.3762605,28.072
1780412879.3816793,28.072
1780412879.3870218,28.072
1780412879.392444,28.069
1780412879.397839,28.073
1780412879.4032297,28.072
1780412879.408633,28.072
1780412879.41434,28.071
1780412879.4206448,28.07
1780412879.4262192,28.068
1780412879.431601,28.069
1780412879.4369047,28.069
1780412879.4423122,28.069
1780412879.4484272,28.072
1780412879.4543002,28.07
1780412879.4603572,28.07
1780412879.4656928,28.069
1780412879.4710028,28.069
1780412879.4764414,28.069
1780412879.481819,28.069
1780412879.487242,28.067
1780412879.4926393,28.07
1780412879.498109,28.07
1780412879.5037115,28.07
1780412879.5095887,28.069
1780412879.514834,28.069
1780412879.5202463,28.068
1780412879.5256908,28.068
1780412879.5310302,28.069
1780412879.536452,28.068
1780412879.5418086,28.069
1780412879.5472918,28.068
1780412879.5533898,28.067
1780412879.5589378,28.066
1780412879.5648394,28.066
1780412879.5701082,28.066
1780412879.5754023,28.066
1780412879.5807931,28.063
1780412879.5863338,28.067
1780412879.5924208,28.065
1780412879.598324,28.065
1780412879.60364,28.064
1780412879.6090586,28.064
1780412879.6151507,28.063
1780412879.6211116,28.064
1780412879.626482,28.065
1780412879.631802,28.055
1780412879.637039,28.065
1780412879.642937,28.076
1780412879.6488636,28.083
1780412879.6547642,28.095
1780412879.660692,28.104
1780412879.6660736,28.114
1780412879.6714125,28.122
1780412879.6771102,28.133
1780412879.683192,28.144
1780412879.6889,28.152
1780412879.694488,28.161
1780412879.7003255,28.171
1780412879.7056372,28.182
1780412879.7110496,28.19
1780412879.716495,28.2
1780412879.7218847,28.209
1780412879.72735,28.219
1780412879.7326472,28.228
1780412879.7380981,28.246
1780412879.743383,29.008
1780412879.7486281,29.012
1780412879.75443,29.014
1780412879.7596755,29.013
1780412879.7650275,29.012
1780412879.7704632,29.011
1780412879.7758489,29.01
1780412879.7812948,29.008
1780412879.786627,29.008
1780412879.7920175,29.008
1780412879.7974482,29.006
1780412879.8028922,29.007
1780412879.8082721,29.006
1780412879.813939,29.005
1780412879.8197198,29.001
1780412879.8254054,28.254
1780412879.8312445,28.253
1780412879.836504,28.252
1780412879.8418064,28.252
1780412879.847039,28.253
1780412879.852909,28.251
1780412879.8587806,28.25
1780412879.8640397,28.248
1780412879.8694153,28.246
1780412879.8748407,28.243
1780412879.8802314,28.241
1780412879.885666,28.24
1780412879.8910122,28.237
1780412879.896408,28.237
1780412879.9018314,28.236
1780412879.90756,28.234
1780412879.913848,28.231
1780412879.9195523,28.229
1780412879.924967,28.226
1780412879.9306846,28.225
1780412879.9360733,28.225
1780412879.941548,28.226
1780412879.9468503,28.225
1780412879.952242,28.223
1780412879.9579597,28.221
1780412879.9642487,28.218
1780412879.9697392,28.215
1780412879.9751933,28.214
1780412879.9804702,28.212
1780412879.985904,28.212
1780412879.9912353,28.211
1780412879.9969027,28.209
1780412880.0028048,28.207
1780412880.0080445,28.205
1780412880.0134094,28.203
1780412880.018801,28.201
1780412880.0242429,28.2
1780412880.029648,28.196
1780412880.0351193,28.198
1780412880.0404198,28.199
1780412880.0458224,28.198
1780412880.051552,28.196
1780412880.05732,28.195
1780412880.0626507,28.194
1780412880.06803,28.194
1780412880.0733938,28.197
1780412880.0786064,28.195
1780412880.0841827,28.196
1780412880.0894258,28.195
1780412880.0950353,28.194
1780412880.1004772,28.193
1780412880.105817,28.192
1780412880.111207,28.191
1780412880.1166182,28.191
1780412880.122068,28.188
1780412880.1274865,28.19
1780412880.132828,28.189
1780412880.1382525,28.189
1780412880.1436627,28.187
1780412880.1490207,28.186
1780412880.1544018,28.185
1780412880.1598,28.184
1780412880.1650357,28.184
1780412880.170613,28.182
1780412880.1757953,28.184
1780412880.1814508,28.183
1780412880.186829,28.182
1780412880.1922255,28.18
1780412880.1975985,28.179
1780412880.2029998,28.179
1780412880.2082055,28.179
1780412880.2138062,28.179
1780412880.2191987,28.177
1780412880.2245586,28.178
1780412880.2300415,28.177
1780412880.2357605,28.175
1780412880.2416782,28.174
1780412880.247205,28.173
1780412880.252684,28.171
1780412880.2582784,28.172
1780412880.263646,28.172
1780412880.2691817,28.173
1780412880.2744358,28.173
1780412880.2798362,28.172
1780412880.2852147,28.17
1780412880.2906194,28.169
1780412880.296242,28.168
1780412880.3017185,28.168
1780412880.30741,28.168
1780412880.3128488,28.165
1780412880.318187,28.165
1780412880.323685,28.163
1780412880.32946,28.162
1780412880.3352106,28.16
1780412880.3411314,28.159
1780412880.3464508,28.158
1780412880.351803,28.159
1780412880.3572314,28.158
1780412880.3627367,28.159
1780412880.3680375,28.158
1780412880.3734384,28.157
1780412880.3788564,28.156
1780412880.3842473,28.155
1780412880.3900268,28.154
1780412880.3957198,28.154
1780412880.401022,28.154
1780412880.406453,28.153
1780412880.4118338,28.153
1780412880.4173474,28.152
1780412880.4229202,28.15
1780412880.4288158,28.15
1780412880.4340436,28.149
1780412880.4394197,28.148
1780412880.444842,28.148
1780412880.4501941,28.145
1780412880.4553456,28.146
1780412880.4609988,28.146
1780412880.4662855,28.145
1780412880.4721987,28.144
1780412880.4778233,28.144
1780412880.4838738,28.142
1780412880.4893625,28.142
1780412880.4946501,28.142
1780412880.5000777,28.14
1780412880.5053923,28.139
1780412880.5108702,28.138
1780412880.516547,28.137
1780412880.5224056,28.136
1780412880.5276508,28.135
1780412880.5330083,28.134
1780412880.5382104,28.135
1780412880.543772,28.131
1780412880.5489213,28.132
1780412880.5546157,28.132
1780412880.560093,28.131
1780412880.5658538,28.129
1780412880.5717437,28.128
1780412880.577425,28.127
1780412880.5828974,28.127
1780412880.5882337,28.128
1780412880.593612,28.125
1780412880.59902,28.126
1780412880.6047208,28.126
1780412880.6105413,28.125
1780412880.6158295,28.124
1780412880.621216,28.123
1780412880.626607,28.123
1780412880.6318507,28.123
1780412880.637415,28.12
1780412880.6425686,28.122
1780412880.6482158,28.122
1780412880.6537051,28.121
1780412880.6594348,28.119
1780412880.6649241,28.118
1780412880.6705003,28.117
1780412880.6759524,28.117
1780412880.6813042,28.117
1780412880.6866262,28.116
1780412880.6917896,28.116
1780412880.697418,28.116
1780412880.7028503,28.115
1780412880.7082286,28.115
1780412880.7136052,28.114
1780412880.7190106,28.113
1780412880.724179,28.114
1780412880.729762,28.114
1780412880.7349327,28.112
1780412880.74066,28.112
1780412880.7460775,28.112
1780412880.7514637,28.11
1780412880.7575262,28.108
1780412880.7635736,28.105
1780412880.7694364,28.103
1780412880.7748702,28.102
1780412880.780226,28.1
1780412880.7853954,28.1
1780412880.7912865,28.099
1780412880.7971814,28.098
1780412880.802455,28.097
1780412880.8078072,28.096
1780412880.8130095,28.095
1780412880.818649,28.095
1780412880.8240886,28.092
1780412880.8294911,28.094
1780412880.8348475,28.094
1780412880.8402524,28.093
1780412880.845665,28.092
1780412880.851011,28.091
1780412880.8564508,28.09
1780412880.861812,28.089
1780412880.8670187,28.09
1780412880.8726115,28.088
1780412880.878428,28.089
1780412880.8843415,28.088
1780412880.8906872,28.087
1780412880.8964224,28.085
1780412880.9021306,28.082
1780412880.9076242,28.081
1780412880.9134507,28.082
1780412880.9188385,28.084
1780412880.9241807,28.088
1780412880.9293563,28.088
1780412880.9352906,28.087
1780412880.9411833,28.086
1780412880.9464552,28.085
1780412880.9518936,28.084
1780412880.9573042,28.084
1780412880.9626482,28.084
1780412880.9680903,28.082
1780412880.9734285,28.083
1780412880.9788213,28.082
1780412880.984257,28.082
1780412880.9899645,28.08
1780412880.996282,28.079
1780412881.0017729,28.078
1780412881.0072424,28.078
1780412881.0125315,28.076
1780412881.0180962,28.08
1780412881.0241663,28.083
1780412881.0299182,28.082
1780412881.0359094,28.081
1780412881.04125,28.08
1780412881.0466053,28.079
1780412881.0518515,28.079
1780412881.0574572,28.079
1780412881.0629041,28.078
1780412881.068245,28.08
1780412881.0735981,28.083
1780412881.0791097,28.087
1780412881.08447,28.086
1780412881.0901456,28.085
1780412881.0960345,28.084
1780412881.1012583,28.084
1780412881.106594,28.083
1780412881.111816,28.087
1780412881.117522,28.087
1780412881.123556,28.086
1780412881.1295729,28.085
1780412881.134916,28.083
1780412881.1402886,28.083
1780412881.1457107,28.083
1780412881.1510317,28.083
1780412881.1564224,28.082
1780412881.1618228,28.084
1780412881.1672575,28.083
1780412881.1726763,28.082
1780412881.1781232,28.082
1780412881.1834342,28.081
1780412881.1888242,28.08
1780412881.1942155,28.08
1780412881.199691,28.078
1780412881.20512,28.08
1780412881.2104752,28.08
1780412881.2158232,28.079
1780412881.2213671,28.078
1780412881.226872,28.075
1780412881.2327616,28.074
1780412881.2380772,28.073
1780412881.2434363,28.072
1780412881.2488952,28.072
1780412881.2543848,28.075
1780412881.260062,28.074
1780412881.266369,28.072
1780412881.2723246,28.072
1780412881.2776656,28.071
1780412881.2830608,28.07
1780412881.2884767,28.069
1780412881.29382,28.066
1780412881.2992215,28.069
1780412881.3046212,28.07
1780412881.310171,28.069
1780412881.3158848,28.068
1780412881.321625,28.066
1780412881.3274748,28.065
1780412881.3328965,28.065
1780412881.3382494,28.065
1780412881.3437092,28.066
1780412881.3492897,28.067
1780412881.3552089,28.067
1780412881.3604615,28.066
1780412881.3658626,28.065
1780412881.3712742,28.064
1780412881.376638,28.064
1780412881.382061,28.064
1780412881.3874,28.062
1780412881.392636,28.064
1780412881.398259,28.064
1780412881.4039662,28.063
1780412881.4102554,28.062
1780412881.415965,28.06
1780412881.421459,28.057
1780412881.4269373,28.057
1780412881.4322495,28.058
1780412881.4379268,28.062
1780412881.4433095,28.062
1780412881.4486597,28.061
1780412881.4548144,28.06
1780412881.4607205,28.059
1780412881.4660726,28.058
1780412881.471452,28.057
1780412881.4769137,28.058
1780412881.4822338,28.056
1780412881.487634,28.058
1780412881.4930248,28.057
1780412881.4983032,28.056
1780412881.5040472,28.054
1780412881.5099366,28.054
1780412881.5153062,28.052
1780412881.5206537,28.052
1780412881.526138,28.052
1780412881.5314977,28.053
1780412881.5368729,28.053
1780412881.5422149,28.053
1780412881.5477588,28.051
1780412881.5534806,28.048
1780412881.5592334,28.046
1780412881.5651422,28.046
1780412881.5705068,28.046
1780412881.5758548,28.046
1780412881.5812936,28.048
1780412881.586913,28.047
1780412881.5928297,28.047
1780412881.5980818,28.046
1780412881.603542,28.045
1780412881.6089191,28.044
1780412881.6143255,28.044
1780412881.6197178,28.045
1780412881.6250348,28.044
1780412881.6304238,28.044
1780412881.6358716,28.043
1780412881.641322,28.042
1780412881.6469455,28.042
1780412881.6528592,28.041
1780412881.6581273,28.04
1780412881.6634521,28.04
1780412881.6689446,28.039
1780412881.674277,28.044
1780412881.6797037,28.046
1780412881.6850352,28.046
1780412881.6904259,28.045
1780412881.695862,28.044
1780412881.7014241,28.044
1780412881.7069669,28.043
1780412881.7126415,28.044
1780412881.7180965,28.044
1780412881.7234437,28.046
1780412881.7288647,28.045
1780412881.7343,28.045
1780412881.7399726,28.043
1780412881.7461474,28.042
1780412881.7514522,28.041
1780412881.7570114,28.041
1780412881.7622533,28.04
1780412881.767894,28.044
1780412881.7733278,28.044
1780412881.7789266,28.043
1780412881.784821,28.042
1780412881.7900767,28.041
1780412881.7955647,28.04
1780412881.8009212,28.04
1780412881.8062556,28.04
1780412881.8117213,28.041
1780412881.817031,28.043
1780412881.8224354,28.042
1780412881.8279276,28.041
1780412881.8335752,28.041
1780412881.8393743,28.04
1780412881.844613,28.039
1780412881.8498554,28.039
1780412881.8554657,28.038
1780412881.861166,28.04
1780412881.8674865,28.04
1780412881.873064,28.039
1780412881.8789618,28.038
1780412881.8846753,28.037
1780412881.8902185,28.035
1780412881.8957548,28.035
1780412881.901054,28.036
1780412881.906477,28.039
1780412881.9118528,28.04
1780412881.9172509,28.04
1780412881.9226713,28.04
1780412881.9284,28.039
1780412881.934678,28.038
1780412881.940223,28.037
1780412881.9456728,28.038
1780412881.951499,28.039
1780412881.956881,28.04
1780412881.962286,28.039
1780412881.9677255,28.039
1780412881.9733703,28.038
1780412881.9792597,28.037
1780412881.984512,28.036
1780412881.9900115,28.036
1780412881.9953198,28.035
1780412882.000757,28.037
1780412882.0067022,28.037
1780412882.0124285,28.036
1780412882.0181446,28.034
1780412882.0236237,28.033
1780412882.0294504,28.033
1780412882.0348823,28.033
1780412882.040263,28.033
1780412882.0457141,28.037
1780412882.051301,28.038
1780412882.057187,28.038
1780412882.0624712,28.038
1780412882.0678267,28.037
1780412882.0730588,28.039
1780412882.078623,28.039
1780412882.0837934,28.039
1780412882.0895383,28.043
1780412882.094913,28.046
1780412882.100275,28.048
1780412882.1064236,28.047
1780412882.112346,28.047
1780412882.1177146,28.046
1780412882.123116,28.045
1780412882.1285174,28.045
1780412882.1338375,28.045
1780412882.1392775,28.045
1780412882.1446319,28.046
1780412882.1498365,28.046
1780412882.1555276,28.045
1780412882.1611996,28.044
1780412882.1669457,28.043
1780412882.1722362,28.042
1780412882.1776285,28.043
1780412882.182987,28.041
1780412882.18817,28.042
1780412882.1938531,28.042
1780412882.1993225,28.042
1780412882.2053134,28.041
1780412882.2106717,28.04
1780412882.2163835,28.039
1780412882.2221694,28.039
1780412882.2274086,28.04
1780412882.232654,28.04
1780412882.2382724,28.042
1780412882.244048,28.042
1780412882.2502859,28.041
1780412882.2559652,28.039
1780412882.2616656,28.037
1780412882.2672124,28.036
1780412882.2730463,28.036
1780412882.278462,28.036
1780412882.284257,28.039
1780412882.2901833,28.039
1780412882.2961283,28.039
1780412882.3020134,28.038
1780412882.307275,28.038
1780412882.312657,28.037
1780412882.3181489,28.037
1780412882.3234565,28.038
1780412882.32889,28.037
1780412882.3342443,28.038
1780412882.3396409,28.038
1780412882.3450837,28.037
1780412882.3507845,28.036
1780412882.3570778,28.035
1780412882.3625724,28.035
1780412882.367872,28.035
1780412882.3733132,28.035
1780412882.3790574,28.037
1780412882.384957,28.037
1780412882.390943,28.036
1780412882.3968353,28.036
1780412882.4020894,28.035
1780412882.407497,28.034
1780412882.4129245,28.034
1780412882.4182832,28.033
1780412882.424331,28.035
1780412882.4303544,28.037
1780412882.436215,28.037
1780412882.4420464,28.036
1780412882.4478192,28.034
1780412882.4533563,28.033
1780412882.459186,28.033
1780412882.4644885,28.035
1780412882.4697764,28.037
1780412882.475204,28.037
1780412882.480735,28.035
1780412882.4864042,28.034
1780412882.4919827,28.033
1780412882.4973896,28.032
1780412882.5029404,28.032
1780412882.508257,28.032
1780412882.5137136,28.033
1780412882.5191863,28.036
1780412882.5245218,28.035
1780412882.529895,28.035
1780412882.5355933,28.034
1780412882.5419226,28.033
1780412882.5479724,28.032
1780412882.5533326,28.033
1780412882.5586536,28.034
1780412882.5641036,28.034
1780412882.5697205,28.034
1780412882.5756137,28.034
1780412882.5808806,28.034
1780412882.586293,28.033
1780412882.5917394,28.032
1780412882.5971174,28.032
1780412882.6025321,28.032
1780412882.607829,28.029
1780412882.6130202,28.032
1780412882.618772,28.033
1780412882.6241558,28.032
1780412882.6297457,28.031
1780412882.6357183,28.031
1780412882.6415107,28.03
1780412882.646891,28.03
1780412882.6522431,28.03
1780412882.6574697,28.029
1780412882.663073,28.03
1780412882.6687863,28.028
1780412882.6745684,28.026
1780412882.6799014,28.025
1780412882.685281,28.023
1780412882.6906831,28.021
1780412882.6961517,28.02
1780412882.701436,28.019
1780412882.7066724,28.021
1780412882.712253,28.019
1780412882.7176838,28.018
1780412882.7231398,28.016
1780412882.7288117,28.014
1780412882.735085,28.012
1780412882.7405763,28.011
1780412882.7459004,28.01
1780412882.7513237,28.008
1780412882.7569573,28.008
1780412882.76287,28.007
1780412882.7683911,28.005
1780412882.7741573,28.002
1780412882.7797964,27.255
1780412882.7856743,27.254
1780412882.7909362,27.253
1780412882.796257,27.255
1780412882.801648,27.255
1780412882.807084,27.253
1780412882.8128037,27.251
1780412882.8190928,27.249
1780412882.8247135,27.246
1780412882.8302326,27.244
1780412882.8358774,27.244
1780412882.841294,27.241
1780412882.846605,27.247
1780412882.8517714,27.25
1780412882.8574727,27.249
1780412882.8628936,27.248
1780412882.868279,27.246
1780412882.8736978,27.245
1780412882.879065,27.244
1780412882.8844829,27.243
1780412882.8898554,27.241
1780412882.895036,27.241
1780412882.9006748,27.24
1780412882.906007,27.238
1780412882.91148,27.237
1780412882.9168932,27.236
1780412882.9222555,27.234
1780412882.927695,27.233
1780412882.9330406,27.233
1780412882.9382412,27.232
1780412882.943841,27.233
1780412882.9490829,27.232
1780412882.954678,27.231
1780412882.9600923,27.229
1780412882.9654546,27.228
1780412882.970624,27.227
1780412882.9762425,27.226
1780412882.981684,27.223
1780412882.9870763,27.225
1780412882.9924297,27.224
1780412882.9978898,27.222
1780412883.0032878,27.221
1780412883.0087645,27.22
1780412883.014523,27.218
1780412883.0201476,27.217
1780412883.0254712,27.216
1780412883.0308921,27.217
1780412883.0363626,27.219
1780412883.0417132,27.219
1780412883.047008,27.218
1780412883.0522892,27.216
1780412883.0578682,27.215
1780412883.063263,27.214
1780412883.0688102,27.214
1780412883.0741463,27.216
1780412883.0795133,27.217
1780412883.0849323,27.216
1780412883.090327,27.215
1780412883.0957053,27.213
1780412883.1010644,27.212
1780412883.1062393,27.211
1780412883.1118784,27.21
1780412883.1173413,27.21
1780412883.1226678,27.207
1780412883.1280837,27.209
1780412883.1334825,27.208
1780412883.1389394,27.206
1780412883.1446364,27.205
1780412883.1505303,27.204
1780412883.1562872,27.202
1780412883.1616683,27.201
1780412883.1670167,27.201
1780412883.1722288,27.202
1780412883.1778903,27.203
1780412883.1834383,27.202
1780412883.1890135,27.2
1780412883.19466,27.199
1780412883.2000737,27.197
1780412883.2054436,27.196
1780412883.210688,27.196
1780412883.216266,27.193
1780412883.2217083,27.194
1780412883.227078,27.194
1780412883.23247,27.192
1780412883.2378957,27.191
1780412883.2436285,27.189
1780412883.2498941,27.187
1780412883.2553754,27.186
1780412883.2606878,27.186
1780412883.2667425,27.187
1780412883.2729096,27.19
1780412883.2786987,27.188
1780412883.2841165,27.187
1780412883.2894912,27.186
1780412883.2948766,27.184
1780412883.3002598,27.183
1780412883.3056433,27.183
1780412883.3110707,27.179
1780412883.3165097,27.18
1780412883.3221657,27.179
1780412883.328084,27.178
1780412883.3335853,27.176
1780412883.3392334,27.173
1780412883.344623,27.171
1780412883.3501635,27.17
1780412883.3555553,27.17
1780412883.3609293,27.171
1780412883.366274,27.172
1780412883.3717039,27.17
1780412883.37714,27.169
1780412883.382809,27.167
1780412883.3890798,27.165
1780412883.3946047,27.164
1780412883.4000597,27.164
1780412883.405368,27.163
1780412883.410788,27.165
1780412883.4161265,27.164
1780412883.4215329,27.163
1780412883.4272234,27.161
1780412883.4335005,27.16
1780412883.439019,27.157
1780412883.444485,27.157
1780412883.4502728,27.157
1780412883.4556544,27.16
1780412883.4610481,27.161
1780412883.4663475,27.16
1780412883.4724326,27.158
1780412883.4779735,27.156
1780412883.4839404,27.156
1780412883.489324,27.155
1780412883.4946892,27.154
1780412883.5001063,27.155
1780412883.5055778,27.158
1780412883.5108733,27.168
1780412883.5162587,27.18
1780412883.5216882,27.196
1780412883.5270395,27.211
1780412883.5324812,27.239
1780412883.537827,27.252
1780412883.5430417,28.014
1780412883.5486896,28.024
1780412883.5541215,28.039
1780412883.5594425,28.049
1780412883.5646365,28.05
1780412883.5702174,28.05
1780412883.5753844,28.051
1780412883.581128,28.05
1780412883.586547,28.051
1780412883.5918677,28.051
1780412883.597274,28.052
1780412883.6026473,28.054
1780412883.6078923,28.054
1780412883.6137023,28.054
1780412883.619804,28.053
1780412883.6256945,28.052
1780412883.630951,28.052
1780412883.6362553,28.052
1780412883.641679,28.052
1780412883.6472313,28.057
1780412883.6532176,28.056
1780412883.6591697,28.055
1780412883.6644957,28.055
1780412883.6698997,28.055
1780412883.675305,28.055
1780412883.680722,28.055
1780412883.6860847,28.055
1780412883.691491,28.055
1780412883.696909,28.056
1780412883.7022755,28.056
1780412883.7074943,28.056
1780412883.7131157,28.055
1780412883.7184913,28.055
1780412883.7238777,28.054
1780412883.7293515,28.055
1780412883.7346907,28.052
1780412883.740329,28.054
1780412883.7460763,28.054
1780412883.7515857,28.052
1780412883.7575493,28.052
1780412883.7628927,28.051
1780412883.7682898,28.051
1780412883.7737489,28.052
1780412883.779119,28.052
1780412883.7845125,28.052
1780412883.7898562,28.054
1780412883.7950754,28.054
1780412883.800968,28.053
1780412883.8068311,28.053
1780412883.8120978,28.052
1780412883.8175113,28.052
1780412883.82291,28.053
1780412883.8282633,28.051
1780412883.8343441,28.052
1780412883.8404253,28.053
1780412883.8457594,28.052
1780412883.8513894,28.052
1780412883.8572805,28.051
1780412883.86257,28.051
1780412883.868027,28.051
1780412883.873352,28.051
1780412883.8787038,28.05
1780412883.884154,28.051
1780412883.8895018,28.051
1780412883.894916,28.051
1780412883.9002569,28.05
1780412883.9058197,28.049
1780412883.9113696,28.048
1780412883.9171393,28.049
1780412883.9225116,28.045
1780412883.9280066,28.048
1780412883.9333549,28.048
1780412883.9389656,28.047
1780412883.9448466,28.047
1780412883.950101,28.046
1780412883.9555635,28.046
1780412883.9609542,28.046
1780412883.966299,28.046
1780412883.9723585,28.045
1780412883.9783757,28.047
1780412883.9844809,28.05
1780412883.990062,28.05
1780412883.9957561,28.048
1780412884.0013447,28.046
1780412884.0072398,28.046
1780412884.0125003,28.047
1780412884.0178642,28.048
1780412884.0233047,28.05
1780412884.0289674,28.051
1780412884.034854,28.05
1780412884.0401027,28.05
1780412884.0454571,28.049
1780412884.0510347,28.048
1780412884.0564983,28.049
1780412884.0622857,28.049
1780412884.0677164,28.049
1780412884.0731943,28.059
1780412884.0785394,28.062
1780412884.0841599,28.061
1780412884.0900984,28.06
1780412884.0956135,28.059
1780412884.1011713,28.058
1780412884.1067379,28.059
1780412884.1121125,28.059
1780412884.117425,28.061
1780412884.1226313,28.06
1780412884.1284204,28.06
1780412884.1340446,28.059
1780412884.1397505,28.056
1780412884.145351,28.055
1780412884.1507154,28.055
1780412884.1560311,28.055
1780412884.161348,28.058
1780412884.1667209,28.059
1780412884.1721554,28.059
1780412884.1777558,28.059
1780412884.1836562,28.058
1780412884.1889007,28.058
1780412884.1942418,28.057
1780412884.1994221,28.058
1780412884.205004,28.058
1780412884.2102368,28.056
1780412884.2158694,28.057
1780412884.2212665,28.057
1780412884.2267103,28.056
1780412884.2324321,28.056
1780412884.2386951,28.055
1780412884.2442086,28.055
1780412884.2495058,28.055
1780412884.254911,28.056
1780412884.2604458,28.058
1780412884.266369,28.057
1780412884.2723992,28.057
1780412884.2777598,28.056
1780412884.2830994,28.056
1780412884.2885427,28.056
1780412884.2939444,28.056
1780412884.2992983,28.055
1780412884.3047287,28.055
1780412884.3101192,28.055
1780412884.3158226,28.054
1780412884.3217313,28.054
1780412884.327046,28.053
1780412884.332753,28.052
1780412884.338247,28.051
1780412884.3437912,28.052
1780412884.3490927,28.051
1780412884.3544557,28.052
1780412884.3598576,28.051
1780412884.365081,28.051
1780412884.3707242,28.05
1780412884.376115,28.049
1780412884.3814847,28.049
1780412884.386893,28.049
1780412884.392247,28.05
1780412884.3974388,28.048
1780412884.403068,28.05
1780412884.4084575,28.049
1780412884.413856,28.049
1780412884.4189973,28.048
1780412884.4246058,28.048
1780412884.429822,28.048
1780412884.435534,28.049
1780412884.4409118,28.046
1780412884.4463038,28.049
1780412884.4516492,28.048
1780412884.457089,28.048
1780412884.4625175,28.047
1780412884.4679437,28.047
1780412884.4742749,28.046
1780412884.480168,28.047
1780412884.4858735,28.048
1780412884.491294,28.05
1780412884.4966555,28.051
1780412884.5022185,28.05
1780412884.5079255,28.049
1780412884.5136514,28.048
1780412884.519548,28.048
1780412884.5249114,28.047
1780412884.5302994,28.048
1780412884.535808,28.046
1780412884.5410223,28.049
1780412884.5462315,28.048
1780412884.5518668,28.048
1780412884.5570817,28.047
1780412884.5626614,28.047
1780412884.5681999,28.046
1780412884.5736978,28.046
1780412884.5795102,28.046
1780412884.584894,28.044
1780412884.5902324,28.046
1780412884.5954173,28.045
1780412884.6010716,28.045
1780412884.6062634,28.044
1780412884.6119041,28.044
1780412884.617291,28.044
1780412884.6227598,28.044
1780412884.6281397,28.046
1780412884.6336327,28.044
1780412884.6388922,28.044
1780412884.6443245,28.044
1780412884.649728,28.043
1780412884.6553872,28.043
1780412884.6612954,28.042
1780412884.6665015,28.042
1780412884.6718636,28.042
1780412884.6770766,28.041
1780412884.6826704,28.046
1780412884.6878576,28.045
1780412884.693457,28.045
1780412884.6986332,28.045
1780412884.7042608,28.044
1780412884.70951,28.044
1780412884.7151155,28.044
1780412884.7205045,28.045
1780412884.7258644,28.045
1780412884.7310388,28.045
1780412884.7367043,28.045
1780412884.7421358,28.045
1780412884.7477732,28.044
1780412884.7536652,28.044
1780412884.7589056,28.043
1780412884.7643638,28.044
1780412884.7697308,28.043
1780412884.775123,28.043
1780412884.7804737,28.043
1780412884.785868,28.043
1780412884.7910776,28.042
1780412884.7966542,28.041
1780412884.801877,28.041
1780412884.8074944,28.041
1780412884.8128884,28.042
1780412884.818247,28.039
1780412884.82342,28.041
1780412884.8290608,28.041
1780412884.834337,28.041
1780412884.8404498,28.04
1780412884.8461447,28.039
1780412884.8520277,28.038
1780412884.85731,28.039
1780412884.8626258,28.04
1780412884.8678198,28.04
1780412884.8734274,28.042
1780412884.8786683,28.041
1780412884.884307,28.041
1780412884.8897464,28.04
1780412884.895097,28.04
1780412884.9004903,28.04
1780412884.9058838,28.04
1780412884.911325,28.039
1780412884.9167075,28.041
1780412884.922074,28.04
1780412884.9275117,28.04
1780412884.9329214,28.039
1780412884.9383144,28.039
1780412884.9436862,28.038
1780412884.9490786,28.038
1780412884.9544597,28.039
1780412884.9598475,28.037
1780412884.965026,28.039
1780412884.9706664,28.038
1780412884.976144,28.038
1780412884.9818668,28.037
1780412884.9877648,28.036
1780412884.993473,28.036
1780412884.998716,28.036
1780412885.0042505,28.037
1780412885.0094402,28.037
1780412885.0150428,28.039
1780412885.0202427,28.038
1780412885.025873,28.038
1780412885.0314422,28.037
1780412885.0371501,28.036
1780412885.0426645,28.035
1780412885.0482037,28.036
1780412885.0534644,28.033
1780412885.0586302,28.036
1780412885.0642729,28.036
1780412885.0694776,28.037
1780412885.0750475,28.038
1780412885.0802598,28.037
1780412885.0859299,28.037
1780412885.0913117,28.037
1780412885.096639,28.038
1780412885.101831,28.039
1780412885.1075835,28.04
1780412885.1129017,28.04
1780412885.118284,28.04
1780412885.1236713,28.039
1780412885.1290858,28.039
1780412885.134468,28.038
1780412885.1398895,28.038
1780412885.145371,28.039
1780412885.1507246,28.038
1780412885.1560843,28.037
1780412885.1615057,28.037
1780412885.166934,28.037
1780412885.1723113,28.036
1780412885.1777258,28.036
1780412885.1831033,28.036
1780412885.1884909,28.036
1780412885.1938586,28.036
1780412885.1990316,28.036
1780412885.204684,28.036
1780412885.2102292,28.035
1780412885.2159476,28.034
1780412885.221514,28.033
1780412885.2271955,28.032
1780412885.232591,28.032
1780412885.2383661,28.033
1780412885.2437236,28.034
1780412885.2490792,28.036
1780412885.2545178,28.036
1780412885.259909,28.036
1780412885.2653046,28.035
1780412885.2706728,28.035
1780412885.2758698,28.034
1780412885.2815568,28.035
1780412885.286942,28.037
1780412885.2923198,28.034
1780412885.29768,28.034
1780412885.3030841,28.034
1780412885.308618,28.034
1780412885.314391,28.033
1780412885.3201323,28.03
1780412885.3260236,28.03
1780412885.3313239,28.031
1780412885.3366566,28.031
1780412885.3418353,28.033
1780412885.347475,28.033
1780412885.3531408,28.032
1780412885.3588567,28.03
1780412885.3647091,28.028
1780412885.370601,28.028
1780412885.3763764,28.028
1780412885.3817337,28.028
1780412885.3871949,28.03
1780412885.392507,28.03
1780412885.3979216,28.029
1780412885.4033298,28.029
1780412885.4089746,28.028
1780412885.4148507,28.028
1780412885.4201162,28.028
1780412885.4254727,28.029
1780412885.4306722,28.028
1780412885.436389,28.03
1780412885.4417088,28.03
1780412885.4470901,28.03
1780412885.452484,28.029
1780412885.4578865,28.029
1780412885.4634151,28.028
1780412885.468892,28.028
1780412885.4741743,28.029
1780412885.4794588,28.028
1780412885.4846704,28.03
1780412885.4903479,28.03
1780412885.495723,28.03
1780412885.5011153,28.029
1780412885.5064938,28.029
1780412885.511861,28.028
1780412885.5170696,28.029
1780412885.522667,28.03
1780412885.5278487,28.029
1780412885.533503,28.03
1780412885.538674,28.03
1780412885.5442595,28.029
1780412885.549499,28.029
1780412885.5551102,28.029
1780412885.560499,28.028
1780412885.5658844,28.029
1780412885.5713325,28.027
1780412885.5767543,28.031
1780412885.5821192,28.031
1780412885.587467,28.03
1780412885.5926604,28.03
1780412885.5982726,28.03
1780412885.6035182,28.029
1780412885.6091084,28.029
1780412885.6145055,28.03
1780412885.619864,28.03
1780412885.6250386,28.034
1780412885.6306756,28.035
1780412885.635892,28.037
1780412885.6414826,28.039
1780412885.646955,28.041
1780412885.6525311,28.042
1780412885.6584,28.044
1780412885.6637251,28.046
1780412885.6691527,28.044
1780412885.6745086,28.044
1780412885.6798782,28.044
1780412885.6852953,28.044
1780412885.6906776,28.043
1780412885.695877,28.043
1780412885.7014706,28.043
1780412885.7066715,28.044
1780412885.71225,28.04
1780412885.71741,28.041
1780412885.7231312,28.051
1780412885.7285073,28.061
1780412885.7340634,28.072
1780412885.7399018,28.079
1780412885.7461076,28.092
1780412885.7519882,28.1
1780412885.7573302,28.11
1780412885.7627099,28.119
1780412885.7681289,28.129
1780412885.773794,28.14
1780412885.7797139,28.148
1780412885.7852044,28.158
1780412885.7907033,28.167
1780412885.796329,28.176
1780412885.8017197,28.185
1780412885.8071344,28.193
1780412885.8125546,28.204
1780412885.8179173,28.214
1780412885.823359,28.235
1780412885.828667,28.249
1780412885.833882,28.253
1780412885.8395107,28.254
1780412885.8449645,28.253
1780412885.8503017,28.251
1780412885.8564088,28.248
1780412885.8620505,28.246
1780412885.8674705,28.242
1780412885.8731694,28.241
1780412885.8785374,28.237
1780412885.8838792,28.241
1780412885.8892846,28.241
1780412885.895055,28.238
1780412885.9008896,28.237
1780412885.9061286,28.236
1780412885.911492,28.235
1780412885.916887,28.233
1780412885.922299,28.233
1780412885.9277298,28.232
1780412885.9331057,28.233
1780412885.938486,28.232
1780412885.9438684,28.23
1780412885.9491253,28.228
1780412885.954724,28.226
1780412885.960115,28.224
1780412885.9655697,28.222
1780412885.9709237,28.219
1780412885.9764361,28.219
1780412885.9823039,28.216
1780412885.9883869,28.214
1780412885.9940777,28.211
1780412885.999734,28.208
1780412886.0055475,28.204
1780412886.011016,28.203
1780412886.0163136,28.201
1780412886.0220006,28.203
1780412886.0273192,28.202
1780412886.0327377,28.203
1780412886.0381436,28.203
1780412886.0434654,28.203
1780412886.0487065,28.202
1780412886.05432,28.203
1780412886.0597806,28.202
1780412886.0651224,28.209
1780412886.0702832,28.223
1780412886.0758665,28.229
1780412886.0810816,28.23
1780412886.0867019,28.231
1780412886.0928152,28.228
1780412886.098896,28.227
1780412886.1041832,28.224
1780412886.1094766,28.223
1780412886.1146464,28.223
1780412886.120266,28.224
1780412886.1254272,28.222
1780412886.1310444,28.221
1780412886.1365535,28.219
1780412886.142295,28.216
1780412886.1481745,28.215
1780412886.1533463,28.213
1780412886.158651,28.212
1780412886.163825,28.211
1780412886.1694486,28.211
1780412886.174617,28.21
1780412886.1805625,28.208
1780412886.1864653,28.207
1780412886.1917326,28.205
1780412886.1970851,28.204
1780412886.2022443,28.205
1780412886.2078588,28.205
1780412886.2130823,28.207
1780412886.2186935,28.207
1780412886.2239294,28.207
1780412886.2294788,28.206
1780412886.2346892,28.206
1780412886.2403224,28.205
1780412886.2457867,28.203
1780412886.251119,28.203
1780412886.2565188,28.204
1780412886.2618933,28.205
1780412886.267279,28.203
1780412886.2729802,28.2
1780412886.278878,28.199
1780412886.2841353,28.197
1780412886.2896636,28.195
1780412886.2949538,28.194
1780412886.300293,28.19
1780412886.3055387,28.192
1780412886.311119,28.191
1780412886.3165276,28.189
1780412886.3219311,28.187
1780412886.3276546,28.185
1780412886.3334446,28.183
1780412886.3386867,28.182
1780412886.34393,28.18
1780412886.349547,28.179
1780412886.3549423,28.18
1780412886.36025,28.187
1780412886.365476,28.196
1780412886.3710983,28.198
1780412886.3762805,28.198
1780412886.381931,28.197
1780412886.3873878,28.196
1780412886.3927143,28.197
1780412886.3980978,28.199
1780412886.4035494,28.2
1780412886.4089522,28.198
1780412886.4142976,28.197
1780412886.4194684,28.195
1780412886.4250689,28.194
1780412886.4303029,28.192
1780412886.435928,28.191
1780412886.4413378,28.187
1780412886.4470618,28.188
1780412886.4529839,28.187
1780412886.4590375,28.185
1780412886.4648914,28.184
1780412886.4701338,28.182
1780412886.4755914,28.18
1780412886.481009,28.179
1780412886.486315,28.178
1780412886.491767,28.178
1780412886.4971116,28.178
1780412886.5025055,28.176
1780412886.507927,28.175
1780412886.5133538,28.174
1780412886.5189836,28.171
1780412886.5248783,28.17
1780412886.5301287,28.169
1780412886.5355237,28.167
1780412886.541019,28.169
1780412886.5463336,28.168
1780412886.552411,28.166
1780412886.5583978,28.165
1780412886.5637252,28.164
1780412886.5692265,28.162
1780412886.5745924,28.161
1780412886.5799308,28.16
1780412886.5853415,28.158
1780412886.590731,28.158
1780412886.5961945,28.157
1780412886.6015224,28.156
1780412886.607258,28.154
1780412886.6130097,28.152
1780412886.6183152,28.151
1780412886.623697,28.15
1780412886.6291296,28.149
1780412886.6348383,28.151
1780412886.6411397,28.149
1780412886.6468608,28.147
1780412886.652692,28.146
1780412886.6579208,28.144
1780412886.663299,28.142
1780412886.668771,28.142
1780412886.6741736,28.139
1780412886.679598,28.144
1780412886.6849544,28.144
1780412886.6902997,28.143
1780412886.6955001,28.142
1780412886.7011611,28.14
1780412886.7068868,28.138
1780412886.7125957,28.137
1780412886.7178576,28.137
1780412886.7229955,28.136
1780412886.7282095,28.136
1780412886.7337763,28.135
1780412886.7397006,28.133
1780412886.744937,28.132
1780412886.750344,28.13
1780412886.7557933,28.128
1780412886.7612019,28.127
1780412886.7665915,28.125
1780412886.7719424,28.125
1780412886.7773786,28.124
1780412886.7827501,28.123
1780412886.7884543,28.121
1780412886.7942677,28.12
1780412886.799666,28.119
1780412886.8049362,28.117
1780412886.8103068,28.116
1780412886.8157413,28.115
1780412886.821345,28.117
1780412886.8272686,28.116
1780412886.8325388,28.115
1780412886.8379023,28.114
1780412886.8430822,28.113
1780412886.8487396,28.111
1780412886.8541582,28.11
1780412886.85948,28.11
1780412886.864707,28.108
1780412886.8703434,28.11
1780412886.8757486,28.109
1780412886.881426,28.107
1780412886.8873289,28.106
1780412886.8928244,28.104
1780412886.898343,28.102
1780412886.9040067,28.101
1780412886.9093843,28.101
1780412886.9148269,28.105
1780412886.920185,28.104
1780412886.92555,28.103
1780412886.9312477,28.102
1780412886.9371,28.1
1780412886.9423897,28.099
1780412886.9478712,28.097
1780412886.9531732,28.096
1780412886.9585903,28.095
1780412886.9639428,28.096
1780412886.9696624,28.096
1780412886.9759688,28.094
1780412886.9815009,28.092
1780412886.987071,28.091
1780412886.9924662,28.089
1780412886.997906,28.089
1780412887.003576,28.091
1780412887.009017,28.091
1780412887.0143237,28.091
1780412887.0197012,28.09
1780412887.0251436,28.089
1780412887.030566,28.088
1780412887.0359561,28.086
1780412887.0413618,28.086
1780412887.046667,28.085
1780412887.0518894,28.084
1780412887.0575635,28.085
1780412887.0632763,28.084
1780412887.0691006,28.084
1780412887.0743036,28.086
1780412887.0796933,28.084
1780412887.0851035,28.083
1780412887.0903444,28.082
1780412887.0959044,28.081
1780412887.1010842,28.083
1780412887.1067305,28.082
1780412887.1121492,28.082
1780412887.117544,28.081
1780412887.1233075,28.079
1780412887.1291087,28.077
1780412887.1343763,28.077
1780412887.1397583,28.076
1780412887.1451478,28.074
1780412887.1505966,28.076
1780412887.1561768,28.075
1780412887.1621222,28.074
1780412887.1673465,28.072
1780412887.172759,28.071
1780412887.1782017,28.07
1780412887.183527,28.069
1780412887.1889532,28.065
1780412887.1944046,28.068
1780412887.1997836,28.068
1780412887.2051497,28.067
1780412887.2106032,28.066
1780412887.215917,28.065
1780412887.221328,28.063
1780412887.2266855,28.062
1780412887.2319243,28.062
1780412887.2375138,28.059
1780412887.2429485,28.059
1780412887.248363,28.058
1780412887.2537622,28.058
1780412887.259093,28.057
1780412887.2643025,28.055
1780412887.270016,28.054
1780412887.2760332,28.053
1780412887.2814028,28.053
1780412887.286742,28.051
1780412887.2921472,28.05
1780412887.2975664,28.05
1780412887.3032513,28.048
1780412887.3090327,28.047
1780412887.3143196,28.046
1780412887.3197064,28.045
1780412887.3251476,28.044
1780412887.3305602,28.04
1780412887.336006,28.044
1780412887.3413644,28.044
1780412887.3467062,28.043
1780412887.3522444,28.042
1780412887.3579655,28.04
1780412887.363749,28.038
1780412887.3697152,28.037
1780412887.3749578,28.037
1780412887.3803315,28.037
1780412887.38555,28.036
1780412887.3911808,28.036
1780412887.3965702,28.035
1780412887.4019103,28.034
1780412887.4074476,28.033
1780412887.4129758,28.031
1780412887.418747,28.031
1780412887.4241648,28.028
1780412887.4296129,28.031
1780412887.43498,28.03
1780412887.4403589,28.03
1780412887.4460618,28.029
1780412887.4518573,28.028
1780412887.4571137,28.027
1780412887.4623132,28.027
1780412887.4679284,28.027
1780412887.4733605,28.027
1780412887.4788156,28.029
1780412887.4841404,28.029
1780412887.4895735,28.029
1780412887.4949825,28.028
1780412887.5003188,28.027
1780412887.5057197,28.026
1780412887.5111835,28.026
1780412887.5165372,28.026
1780412887.5219023,28.024
1780412887.5272844,28.024
1780412887.532985,28.022
1780412887.5388901,28.021
1780412887.544157,28.02
1780412887.5495675,28.019
1780412887.555016,28.018
1780412887.5603402,28.017
1780412887.5657606,28.013
1780412887.5711777,28.017
1780412887.5765884,28.017
1780412887.5819454,28.016
1780412887.5876548,28.015
1780412887.593949,28.014
1780412887.5996041,28.012
1780412887.6049845,28.011
1780412887.6107323,28.011
1780412887.616126,28.014
1780412887.6215968,28.015
1780412887.6270072,28.015
1780412887.6326106,28.015
1780412887.6384823,28.014
1780412887.643748,28.013
1780412887.6491783,28.012
1780412887.6546,28.012
1780412887.6599026,28.008
1780412887.665135,28.012
1780412887.6707244,28.012
1780412887.6761792,28.011
1780412887.6815307,28.011
1780412887.686919,28.01
1780412887.6926246,28.009
1780412887.6985333,28.009
1780412887.703732,28.008
1780412887.70924,28.009
1780412887.7146127,28.01
1780412887.7200258,28.01
1780412887.7254093,28.009
1780412887.7310524,28.008
1780412887.7369144,28.007
1780412887.7423131,28.006
1780412887.747644,28.005
1780412887.7530043,28.004
1780412887.7584412,28.004
1780412887.7638092,28.003
1780412887.7691429,28.003
1780412887.7745383,28.002
1780412887.779942,28.001
1780412887.7856708,28.0
1780412887.7914674,27.255
1780412887.796693,27.254
1780412887.8018901,27.253
1780412887.8076756,27.255
1780412887.813267,27.255
1780412887.8190882,27.254
1780412887.8243308,27.253
1780412887.8297062,27.252
1780412887.835147,27.251
1780412887.8406065,27.25
1780412887.84596,27.25
1780412887.851361,27.249
1780412887.8567338,27.251
1780412887.8621514,27.251
1780412887.8675706,27.25
1780412887.8733366,27.249
1780412887.8790274,27.248
1780412887.884354,27.248
1780412887.889773,27.247
1780412887.8950996,27.245
1780412887.9002802,27.247
1780412887.9059649,27.247
1780412887.9114013,27.247
1780412887.9167252,27.246
1780412887.9219098,27.245
1780412887.9275756,27.244
1780412887.9330215,27.243
1780412887.9383419,27.243
1780412887.9437642,27.242
1780412887.9492843,27.244
1780412887.9546099,27.244
1780412887.9599512,27.244
1780412887.965698,27.243
1780412887.9719746,27.241
1780412887.9774978,27.24
1780412887.9829376,27.24
1780412887.9887285,27.239
1780412887.9941304,27.243
1780412887.9995337,27.243
1780412888.0050051,27.243
1780412888.0106244,27.242
1780412888.0165172,27.242
1780412888.0217557,27.241
1780412888.0271132,27.24
1780412888.0323584,27.24
1780412888.0379663,27.239
1780412888.043494,27.244
1780412888.0487978,27.244
1780412888.0542192,27.243
1780412888.0595856,27.243
1780412888.065103,27.242
1780412888.07071,27.243
1780412888.0763178,27.244
1780412888.0817146,27.244
1780412888.0870802,27.248
1780412888.0923219,27.248
1780412888.0979178,27.247
1780412888.103463,27.247
1780412888.1089718,27.245
1780412888.1148834,27.244
1780412888.1201718,27.243
1780412888.1255157,27.243
1780412888.1309144,27.244
1780412888.1364157,27.247
1780412888.1417503,27.247
1780412888.1471112,27.246
1780412888.1523087,27.246
1780412888.1579087,27.245
1780412888.163106,27.243
1780412888.1688159,27.243
1780412888.1741817,27.243
1780412888.1795332,27.241
1780412888.1847146,27.24
1780412888.1903892,27.24
1780412888.1957617,27.239
1780412888.2011418,27.239
1780412888.2065175,27.237
1780412888.21197,27.236
1780412888.2173538,27.236
1780412888.2226882,27.235
1780412888.2278612,27.235
1780412888.2335083,27.235
1780412888.238982,27.235
1780412888.2447245,27.233
1780412888.250619,27.233
1780412888.2566278,27.231
1780412888.262503,27.231
1780412888.2677608,27.231
1780412888.273141,27.232
1780412888.2783153,27.231
1780412888.2842455,27.231
1780412888.2901738,27.23
1780412888.2962027,27.229
1780412888.3021016,27.228
1780412888.3073559,27.227
1780412888.3126974,27.227
1780412888.317895,27.226
1780412888.3236392,27.228
1780412888.3289473,27.228
1780412888.3343236,27.227
1780412888.3397274,27.227
1780412888.3451061,27.226
1780412888.3506446,27.225
1780412888.356163,27.224
1780412888.361963,27.224
1780412888.3673658,27.222
1780412888.3726785,27.222
1780412888.3778794,27.221
1780412888.383514,27.221
1780412888.3887556,27.22
1780412888.3943646,27.219
1780412888.3997545,27.218
1780412888.4051256,27.218
1780412888.410566,27.214
1780412888.4159799,27.218
1780412888.4213362,27.218
1780412888.426743,27.218
1780412888.4321156,27.217
1780412888.4375024,27.217
1780412888.442742,27.216
1780412888.448333,27.215
1780412888.4537287,27.215
1780412888.4591005,27.212
1780412888.46428,27.215
1780412888.4699,27.214
1780412888.4751856,27.214
1780412888.480911,27.212
1780412888.486837,27.212
1780412888.4921632,27.211
1780412888.4976153,27.211
1780412888.5030055,27.211
1780412888.508334,27.211
1780412888.5135162,27.21
1780412888.519107,27.21
1780412888.5243104,27.21
1780412888.5299666,27.209
1780412888.5353756,27.208
1780412888.5407212,27.208
1780412888.5459473,27.208
1780412888.5515056,27.206
1780412888.5567188,27.208
1780412888.562509,27.219
1780412888.5677602,27.236
1780412888.5730782,27.248
1780412888.578255,28.007
1780412888.583915,28.018
1780412888.5893362,28.033
1780412888.5946915,28.046
1780412888.599869,28.059
1780412888.6055264,28.071
1780412888.6107216,28.077
1780412888.616285,28.079
1780412888.621453,28.08
1780412888.6271093,28.08
1780412888.632332,28.079
1780412888.6380033,28.08
1780412888.6434205,28.08
1780412888.6487608,28.081
1780412888.6541877,28.083
1780412888.6595323,28.083
1780412888.6649554,28.082
1780412888.6703699,28.082
1780412888.6758044,28.081
1780412888.681243,28.08
1780412888.6865487,28.08
1780412888.6918688,28.081
1780412888.6970036,28.082
1780412888.7026868,28.083
1780412888.70786,28.082
1780412888.713587,28.081
1780412888.718953,28.081
1780412888.7243698,28.08
1780412888.7297714,28.079
1780412888.735076,28.079
1780412888.7402334,28.079
1780412888.7460594,28.081
1780412888.7513442,28.08
1780412888.7566843,28.08
1780412888.7618997,28.079
1780412888.767691,28.078
1780412888.773602,28.077
1780412888.7789752,28.076
1780412888.7844617,28.077
1780412888.7898207,28.076
1780412888.7951455,28.077
1780412888.8005142,28.077
1780412888.8058915,28.076
1780412888.8110716,28.075
1780412888.8167615,28.075
1780412888.822173,28.074
1780412888.8274872,28.073
1780412888.832646,28.071
1780412888.838437,28.075
1780412888.8437529,28.074
1780412888.8490973,28.074
1780412888.854276,28.073
1780412888.8602054,28.072
1780412888.8661473,28.071
1780412888.87136,28.071
1780412888.8766842,28.07
1780412888.8818438,28.07
1780412888.8875666,28.072
1780412888.8929226,28.071
1780412888.8982866,28.071
1780412888.9037557,28.07
1780412888.9093006,28.069
1780412888.9146407,28.067
1780412888.9200256,28.068
1780412888.9253519,28.067
1780412888.9308112,28.067
1780412888.9361584,28.067
1780412888.9415226,28.067
1780412888.9467382,28.066
1780412888.9526474,28.065
1780412888.9585493,28.064
1780412888.9637644,28.064
1780412888.9692502,28.064
1780412888.9746115,28.062
1780412888.980136,28.065
1780412888.9854395,28.065
1780412888.9907956,28.064
1780412888.9963162,28.064
1780412889.0018702,28.062
1780412889.007845,28.061
1780412889.0136514,28.061
1780412889.0189884,28.061
1780412889.0244093,28.061
1780412889.0297883,28.061
1780412889.0351295,28.06
1780412889.0403323,28.06
1780412889.0459335,28.059
1780412889.05172,28.058
1780412889.0575316,28.057
1780412889.0628362,28.057
1780412889.068219,28.058
1780412889.0735304,28.07
1780412889.0790257,28.072
1780412889.0843966,28.071
1780412889.090506,28.07
1780412889.0965703,28.07
1780412889.1023724,28.069
1780412889.1077635,28.069
1780412889.1131227,28.07
1780412889.1185417,28.069
1780412889.1239488,28.07
1780412889.1293876,28.07
1780412889.1347146,28.07
1780412889.1402702,28.068
1780412889.146024,28.066
1780412889.1515112,28.065
1780412889.1570632,28.065
1780412889.1623673,28.063
1780412889.1678267,28.065
1780412889.1731403,28.065
1780412889.1785364,28.064
1780412889.1840098,28.064
1780412889.1896827,28.063
1780412889.1954792,28.062
1780412889.2007756,28.062
1780412889.206165,28.063
1780412889.211599,28.062
1780412889.2170203,28.061
1780412889.2223518,28.061
1780412889.2277484,28.061
1780412889.2331312,28.06
1780412889.2386658,28.058
1780412889.2442274,28.057
1780412889.25002,28.058
1780412889.2553868,28.056
1780412889.2608979,28.058
1780412889.2662363,28.058
1780412889.2715824,28.058
1780412889.277638,28.057
1780412889.2833211,28.056
1780412889.2887275,28.053
1780412889.294492,28.053
1780412889.2997935,28.055
1780412889.3051846,28.054
1780412889.3105626,28.054
1780412889.315959,28.055
1780412889.321389,28.054
1780412889.3270798,28.054
1780412889.3328915,28.053
1780412889.338172,28.052
1780412889.3435621,28.052
1780412889.3490136,28.051
1780412889.3545058,28.053
1780412889.3603766,28.053
1780412889.3658333,28.052
1780412889.3711443,28.052
1780412889.376539,28.051
1780412889.3819823,28.05
1780412889.3874218,28.05
1780412889.3927782,28.05
1780412889.3981924,28.049
1780412889.4035282,28.05
1780412889.4087675,28.05
1780412889.414456,28.05
1780412889.4197955,28.049
1780412889.4254448,28.048
1780412889.4313347,28.048
1780412889.4365766,28.048
1780412889.4419131,28.046
1780412889.447121,28.048
1780412889.4527757,28.049
1780412889.458233,28.048
1780412889.4635406,28.048
1780412889.4689364,28.047
1780412889.4743729,28.046
1780412889.479829,28.046
1780412889.485172,28.047
1780412889.4905968,28.043
1780412889.4959257,28.045
1780412889.501376,28.045
1780412889.5067937,28.044
1780412889.5125222,28.043
1780412889.5182548,28.042
1780412889.523627,28.041
1780412889.5290356,28.042
1780412889.5343535,28.043
1780412889.5395885,28.041
1780412889.5452673,28.043
1780412889.5506387,28.042
1780412889.5560079,28.042
1780412889.561693,28.041
1780412889.5674906,28.04
1780412889.572747,28.04
1780412889.578138,28.04
1780412889.5834994,28.037
1780412889.5886743,28.039
1780412889.5945156,28.038
1780412889.6004674,28.037
1780412889.6065638,28.037
1780412889.6121278,28.036
1780412889.6176252,28.034
1780412889.623245,28.034
1780412889.628593,28.034
1780412889.633947,28.036
1780412889.6391394,28.036
1780412889.6447291,28.036
1780412889.6499245,28.035
1780412889.6558416,28.034
1780412889.6617556,28.034
1780412889.6669784,28.033
1780412889.6724029,28.033
1780412889.6777835,28.032
1780412889.6832583,28.035
1780412889.6885693,28.035
1780412889.69397,28.035
1780412889.6993647,28.034
1780412889.7047698,28.033
1780412889.710493,28.033
1780412889.7163336,28.033
1780412889.721546,28.034
1780412889.7269304,28.033
1780412889.7323933,28.035
1780412889.738106,28.035
1780412889.7443736,28.034
1780412889.750065,28.032
1780412889.7556436,28.031
1780412889.761079,28.03
1780412889.7666657,28.031
1780412889.7719743,28.031
1780412889.7773817,28.034
1780412889.7827551,28.033
1780412889.7881377,28.033
1780412889.7936435,28.033
1780412889.799316,28.032
1780412889.8051221,28.031
1780412889.8103757,28.031
1780412889.8158092,28.032
1780412889.8212116,28.03
1780412889.8269053,28.032
1780412889.8331919,28.031
1780412889.838862,28.03
1780412889.844449,28.028
1780412889.8500254,28.027
1780412889.855472,28.027
1780412889.8609118,28.027
1780412889.8662043,28.03
1780412889.8717763,28.033
1780412889.877288,28.032
1780412889.8828132,28.031
1780412889.8887165,28.03
1780412889.8946104,28.03
1780412889.8998728,28.029
1780412889.9052746,28.029
1780412889.910601,28.03
1780412889.9162798,28.029
1780412889.922333,28.033
1780412889.9282515,28.032
1780412889.9341743,28.032
1780412889.940088,28.03
1780412889.9460342,28.03
1780412889.9514146,28.029
1780412889.9567688,28.03
1780412889.9622407,28.03
1780412889.9676316,28.031
1780412889.9730046,28.031
1780412889.9784083,28.031
1780412889.9838345,28.03
1780412889.9894626,28.029
1780412889.9953516,28.028
1780412890.000577,28.029
1780412890.0059266,28.029
1780412890.0112205,28.028
1780412890.0170841,28.029
1780412890.022971,28.029
1780412890.0282059,28.028
1780412890.0335596,28.028
1780412890.0389833,28.027
1780412890.0444045,28.027
1780412890.0498343,28.028
1780412890.0551713,28.026
1780412890.0605707,28.028
1780412890.0660143,28.028
1780412890.0713985,28.03
1780412890.07674,28.03
1780412890.082296,28.029
1780412890.0879455,28.027
1780412890.093443,28.027
1780412890.0987391,28.028
1780412890.1044,28.03
1780412890.1098225,28.03
1780412890.1151924,28.03
1780412890.120641,28.03
1780412890.1262426,28.029
1780412890.1321468,28.029
1780412890.137439,28.028
1780412890.1427908,28.028
1780412890.1482282,28.026
1780412890.1536908,28.029
1780412890.159005,28.029
1780412890.1643715,28.029
1780412890.1697872,28.028
1780412890.1752038,28.027
1780412890.180896,28.026
1780412890.186717,28.026
1780412890.1920233,28.026
1780412890.1973956,28.027
1780412890.2028077,28.028
1780412890.2082052,28.028
1780412890.2139146,28.027
1780412890.2198188,28.027
1780412890.2253184,28.026
1780412890.2308064,28.024
1780412890.2364025,28.025
1780412890.2418308,28.023
1780412890.2471182,28.027
1780412890.2524283,28.027
1780412890.258278,28.026
1780412890.2641804,28.026
1780412890.269672,28.025
1780412890.2754633,28.022
1780412890.2808921,28.022
1780412890.28679,28.023
1780412890.2921867,28.024
1780412890.29759,28.025
1780412890.303294,28.025
1780412890.30911,28.024
1780412890.3143623,28.023
1780412890.3197563,28.022
1780412890.3251848,28.022
1780412890.3306437,28.022
1780412890.3359559,28.022
1780412890.3413687,28.021
1780412890.346743,28.022
1780412890.3522398,28.021
1780412890.357941,28.019
1780412890.363788,28.019
1780412890.3692834,28.018
1780412890.3747802,28.017
1780412890.3804536,28.017
1780412890.3858097,28.018
1780412890.3911672,28.02
1780412890.396729,28.019
1780412890.4025018,28.017
1780412890.4081607,28.016
1780412890.4140146,28.015
1780412890.4194262,28.015
1780412890.4247794,28.015
1780412890.430238,28.013
1780412890.4356933,28.017
1780412890.4409907,28.017
1780412890.4463506,28.016
1780412890.451905,28.015
1780412890.4574494,28.014
1780412890.4633086,28.013
1780412890.4692347,28.013
1780412890.4746099,28.014
1780412890.4799469,28.013
1780412890.4853883,28.016
1780412890.4910617,28.015
1780412890.4969594,28.015
1780412890.502471,28.014
1780412890.5081239,28.012
1780412890.5135405,28.01
1780412890.519079,28.011
1780412890.52437,28.011
1780412890.5300512,28.011
1780412890.535581,28.011
1780412890.5412495,28.011
1780412890.546613,28.01
1780412890.5519557,28.009
1780412890.5573535,28.008
1780412890.5628014,28.008
1780412890.5682502,28.009
1780412890.5735946,28.007
1780412890.5789933,28.009
1780412890.5843651,28.009
1780412890.5897496,28.009
1780412890.5954602,28.008
1780412890.6013486,28.007
1780412890.6065938,28.006
1780412890.6119444,28.006
1780412890.6173925,28.007
1780412890.6230602,28.007
1780412890.6291323,28.01
1780412890.6350384,28.01
1780412890.6409593,28.01
1780412890.6463075,28.009
1780412890.6519287,28.008
1780412890.6576056,28.008
1780412890.6630495,28.008
1780412890.6683984,28.008
1780412890.6744685,28.01
1780412890.6804407,28.01
1780412890.68584,28.01
1780412890.6912057,28.009
1780412890.6972961,28.008
1780412890.703268,28.008
1780412890.708639,28.008
1780412890.7139544,28.008
1780412890.7191918,28.011
1780412890.7247646,28.012
1780412890.7301655,28.012
1780412890.7355783,28.011
1780412890.741011,28.01
1780412890.7466927,28.009
1780412890.7525618,28.009
1780412890.757798,28.01
1780412890.7631812,28.01
1780412890.768619,28.009
1780412890.7739446,28.009
1780412890.7791204,28.008
1780412890.784768,28.008
1780412890.790149,28.007
1780412890.7956574,28.007
1780412890.801051,28.007
1780412890.80635,28.008
1780412890.8115518,28.007
1780412890.817128,28.007
1780412890.8223698,28.007
1780412890.827991,28.007
1780412890.8334029,28.007
1780412890.838779,28.006
1780412890.8441672,28.006
1780412890.8495414,28.007
1780412890.8547654,28.004
1780412890.860524,28.007
1780412890.8659441,28.006
1780412890.8714957,28.006
1780412890.8774312,28.005
1780412890.8833237,28.005
1780412890.8885975,28.004
1780412890.8940537,28.004
1780412890.8994498,28.005
1780412890.905043,28.005
1780412890.9110832,28.008
1780412890.9170778,28.007
1780412890.9229755,28.007
1780412890.928271,28.007
1780412890.93373,28.006
1780412890.9390519,28.006
1780412890.9443932,28.006
1780412890.9498081,28.006
1780412890.9552963,28.008
1780412890.9605916,28.008
1780412890.9659743,28.007
1780412890.9714153,28.007
1780412890.976778,28.006
1780412890.9823804,28.005
1780412890.9878552,28.005
1780412890.9935799,28.006
1780412890.999016,28.004
1780412891.0043502,28.004
1780412891.0095515,28.004
1780412891.015186,28.003
1780412891.0212455,28.003
1780412891.0271337,28.001
1780412891.0326543,28.001
1780412891.037925,28.002
1780412891.0430968,28.002
1780412891.0488987,28.004
1780412891.054195,28.004
1780412891.0595803,28.004
1780412891.0652983,28.003
1780412891.0711427,28.005
1780412891.076349,28.005
1780412891.0815964,28.005
1780412891.0871916,28.006
1780412891.0925853,28.011
1780412891.0979464,28.012
1780412891.103209,28.012
1780412891.1087894,28.012
1780412891.114224,28.011
1780412891.1195683,28.011
1780412891.1249616,28.01
1780412891.1304305,28.01
1780412891.135792,28.009
1780412891.141199,28.009
1780412891.1465476,28.009
1780412891.1522765,28.009
1780412891.1581724,28.008
1780412891.1634064,28.008
1780412891.1688812,28.007
1780412891.1742244,28.007
1780412891.179604,28.007
1780412891.185006,28.005
1780412891.1904733,28.008
1780412891.1957967,28.008
1780412891.2011378,28.007
1780412891.2063076,28.007
1780412891.2119393,28.006
1780412891.2172525,28.006
1780412891.2231252,28.006
1780412891.2287874,28.007
1780412891.234174,28.007
1780412891.2395191,28.008
1780412891.2447588,28.008
1780412891.2504017,28.008
1780412891.2557938,28.007
1780412891.2611597,28.007
1780412891.2663596,28.006
1780412891.271964,28.006
1780412891.277417,28.005
1780412891.2827694,28.006
1780412891.2879431,28.006
1780412891.2935915,28.006
1780412891.2990167,28.006
1780412891.3043861,28.005
1780412891.3101048,28.005
1780412891.3155942,28.004
1780412891.3212306,28.004
1780412891.3266087,28.004
1780412891.3320904,28.006
1780412891.3374016,28.006
1780412891.342773,28.006
1780412891.3483133,28.005
1780412891.3540668,28.004
1780412891.3595676,28.003
1780412891.3651364,28.003
1780412891.3704374,28.004
1780412891.375809,28.003
1780412891.3811588,28.004
1780412891.3864596,28.004
1780412891.3921762,28.004
1780412891.3980474,28.003
1780412891.4037375,28.002
1780412891.4091856,28.001
1780412891.4147916,28.001
1780412891.4201658,28.001
1780412891.4255252,28.004
1780412891.4307253,28.004
1780412891.4364111,28.003
1780412891.4421158,28.003
1780412891.4478848,28.002
1780412891.4531577,28.001
1780412891.4583902,28.001
1780412891.4640214,28.002
1780412891.4694188,28.0
1780412891.4747472,28.001
1780412891.4800105,28.001
1780412891.485621,28.001
1780412891.4913156,28.001
1780412891.4971805,28.0
1780412891.5024097,28.0
1780412891.5077965,28.0
1780412891.5131755,27.255
1780412891.5186164,28.001
1780412891.5240204,28.001
1780412891.5294275,28.001
1780412891.534776,28.001
1780412891.5401986,28.0
1780412891.5456219,28.0
1780412891.551063,28.0
1780412891.5564315,28.0
1780412891.561811,28.0
1780412891.5673397,28.003
1780412891.5726635,28.002
1780412891.5780091,28.002
1780412891.5840757,28.001
1780412891.5901024,28.001
1780412891.5954494,28.0
1780412891.6008258,28.001
1780412891.606245,28.0
1780412891.6116414,28.002
1780412891.6170096,28.002
1780412891.6223533,28.002
1780412891.627565,28.002
1780412891.6332247,28.001
1780412891.639271,28.0
1780412891.6447604,28.0
1780412891.6502035,28.0
1780412891.6559846,28.001
1780412891.6614242,28.004
1780412891.6668093,28.004
1780412891.6722655,28.004
1780412891.6775455,28.004
1780412891.6827958,28.004
1780412891.6883771,28.004
1780412891.693772,28.004
1780412891.6991975,28.005
1780412891.7046485,28.005
1780412891.7100194,28.007
1780412891.7154195,28.007
1780412891.7207577,28.007
1780412891.7260153,28.008
1780412891.731605,28.008
1780412891.7370622,28.008
1780412891.7424033,28.008
1780412891.7478235,28.006
1780412891.753288,28.011
1780412891.7586648,28.011
1780412891.764013,28.011
1780412891.7700844,28.01
1780412891.7757552,28.009
1780412891.78141,28.006
1780412891.7868757,28.007
1780412891.7922678,28.008
1780412891.797566,28.001
1780412891.802738,28.01
1780412891.8083568,28.02
1780412891.8135285,28.031
1780412891.8191738,28.04
1780412891.8244503,28.05
1780412891.8300502,28.058
1780412891.8354135,28.069
1780412891.8408444,28.078
1780412891.8469265,28.089
1780412891.8528595,28.097
1780412891.8582542,28.107
1780412891.8636196,28.116
1780412891.8690252,28.127
1780412891.8747013,28.137
1780412891.880598,28.146
1780412891.8858058,28.158
1780412891.8912282,28.167
1780412891.8966599,28.179
1780412891.9020064,28.189
1780412891.9074302,28.216
1780412891.912747,28.221
1780412891.9179254,28.224
1780412891.9235537,28.225
1780412891.9287539,28.224
1780412891.934368,28.223
1780412891.9396143,28.222
1780412891.9456036,28.22
1780412891.9511724,28.218
1780412891.9566545,28.217
1780412891.9619544,28.216
1780412891.9671438,28.215
1780412891.9728107,28.213
1780412891.9782321,28.211
1780412891.9838698,28.208
1780412891.9897418,28.206
1780412891.9950109,28.203
1780412892.0003462,28.202
1780412892.0055513,28.198
1780412892.011236,28.199
1780412892.0166047,28.198
1780412892.0219536,28.197
1780412892.027164,28.196
1780412892.0327654,28.195
1780412892.0383065,28.193
1780412892.043795,28.193
1780412892.0496233,28.193
1780412892.0550046,28.191
1780412892.060491,28.192
1780412892.0658455,28.191
1780412892.0712202,28.193
1780412892.0766063,28.192
1780412892.081989,28.191
1780412892.0873873,28.19
1780412892.0928216,28.19
1780412892.0982704,28.19
1780412892.103615,28.19
1780412892.10901,28.19
1780412892.114382,28.189
1780412892.1197636,28.188
1780412892.125225,28.187
1780412892.130634,28.186
1780412892.1359844,28.185
1780412892.1413887,28.185
1780412892.146717,28.183
1780412892.1518722,28.183
1780412892.1570342,28.182
1780412892.1623821,28.181
1780412892.167575,28.18
1780412892.1732118,28.179
1780412892.178926,28.178
1780412892.1846983,28.177
1780412892.1899416,28.178
1780412892.1951616,28.177
1780412892.2008898,28.179
1780412892.2062476,28.178
1780412892.2115932,28.177
1780412892.2170053,28.176
1780412892.2223608,28.175
1780412892.2275608,28.174
1780412892.2332637,28.175
1780412892.2386434,28.175
1780412892.2439766,28.173
1780412892.2491708,28.172
1780412892.2547715,28.172
1780412892.2599812,28.17
1780412892.2658575,28.169
1780412892.2717607,28.168
1780412892.2770143,28.168
1780412892.2823489,28.168
1780412892.2875514,28.165
1780412892.293203,28.169
1780412892.2985747,28.168
1780412892.3039634,28.167
1780412892.3091743,28.166
1780412892.3147895,28.165
1780412892.3202167,28.164
1780412892.3255942,28.164
1780412892.330991,28.164
1780412892.336351,28.163
1780412892.3415263,28.162
1780412892.3472233,28.161
1780412892.3526356,28.16
1780412892.3582985,28.159
1780412892.3642082,28.158
1780412892.3694205,28.157
1780412892.374761,28.157
1780412892.379973,28.155
1780412892.3856602,28.157
1780412892.3910232,28.156
1780412892.3963675,28.155
1780412892.4015615,28.154
1780412892.4071734,28.153
1780412892.4123728,28.152
1780412892.4179733,28.152
1780412892.423416,28.153
1780412892.4287934,28.15
1780412892.4340065,28.152
1780412892.4395971,28.151
1780412892.4449756,28.151
1780412892.4506624,28.149
1780412892.456555,28.149
1780412892.4618218,28.148
1780412892.467309,28.148
1780412892.472639,28.149
1780412892.4779751,28.147
1780412892.4833848,28.148
1780412892.4887903,28.147
1780412892.493984,28.147
1780412892.4996305,28.146
1780412892.5050387,28.145
1780412892.5103893,28.144
1780412892.5157843,28.144
1780412892.5211258,28.142
1780412892.5262785,28.144
1780412892.5319762,28.143
1780412892.53723,28.142
1780412892.5428004,28.142
1780412892.5481954,28.141
1780412892.5536156,28.14
1780412892.5590372,28.139
1780412892.564408,28.14
1780412892.5698283,28.137
1780412892.5751884,28.139
1780412892.580588,28.138
1780412892.5859828,28.137
1780412892.5914233,28.136
1780412892.5967975,28.135
1780412892.6021917,28.134
1780412892.607663,28.135
1780412892.6130235,28.135
1780412892.61848,28.134
1780412892.6241722,28.133
1780412892.63042,28.132
1780412892.6361027,28.13
1780412892.641494,28.128
1780412892.647277,28.127
1780412892.6526554,28.127
1780412892.658022,28.128
1780412892.6634777,28.129
1780412892.6688504,28.13
1780412892.6742265,28.129
1780412892.6795769,28.129
1780412892.6847696,28.129
1780412892.690371,28.128
1780412892.695616,28.128
1780412892.7012694,28.128
1780412892.7066286,28.13
1780412892.7120373,28.127
1780412892.7174804,28.128
1780412892.7230773,28.127
1780412892.7289631,28.127
1780412892.7342293,28.127
1780412892.7396245,28.126
1780412892.7450798,28.126
1780412892.7504168,28.126
1780412892.7558687,28.124
1780412892.7612193,28.128
1780412892.766612,28.127
1780412892.7720442,28.127
1780412892.7777295,28.126
1780412892.7840602,28.124
1780412892.7895234,28.123
1780412892.7949355,28.123
1780412892.800272,28.124
1780412892.805731,28.126
1780412892.8113205,28.126
1780412892.817157,28.125
1780412892.822389,28.124
1780412892.827947,28.123
1780412892.8336673,28.122
1780412892.8391824,28.121
1780412892.8447118,28.121
1780412892.8500156,28.12
1780412892.855763,28.122
1780412892.8621697,28.12
1780412892.8681104,28.12
1780412892.8734722,28.119
1780412892.878835,28.118
1780412892.884282,28.118
1780412892.8896298,28.118
1780412892.8950362,28.115
1780412892.9005296,28.119
1780412892.9058807,28.118
1780412892.911231,28.117
1780412892.9169466,28.116
1780412892.9232278,28.115
1780412892.9289086,28.113
1780412892.9342952,28.113
1780412892.9400332,28.114
1780412892.9454303,28.115
1780412892.9507823,28.116
1780412892.9563267,28.116
1780412892.9620404,28.113
1780412892.967756,28.111
1780412892.9736938,28.111
1780412892.9790652,28.11
1780412892.9844103,28.111
1780412892.9898674,28.109
1780412892.995202,28.113
1780412893.0006366,28.112
1780412893.0059814,28.112
1780412893.0114284,28.111
1780412893.0168583,28.11
1780412893.0226436,28.109
1780412893.0283642,28.109
1780412893.033671,28.11
1780412893.0390391,28.11
1780412893.044442,28.111
1780412893.0498846,28.11
1780412893.0555036,28.109
1780412893.0614045,28.108
1780412893.0666285,28.108
1780412893.071997,28.109
1780412893.0771868,28.11
1780412893.0828166,28.113
1780412893.0882556,28.116
1780412893.0935981,28.117
1780412893.0989861,28.117
1780412893.1044233,28.116
1780412893.109885,28.115
1780412893.1152306,28.115
1780412893.1206207,28.114
1780412893.125972,28.115
1780412893.1311748,28.113
1780412893.13721,28.114
1780412893.1431239,28.114
1780412893.1490653,28.113
1780412893.1549733,28.112
1780412893.1602309,28.111
1780412893.1656356,28.111
1780412893.1710873,28.111
1780412893.1764174,28.112
1780412893.1818686,28.11
1780412893.1872153,28.11
1780412893.192648,28.11
1780412893.1979868,28.11
1780412893.2034295,28.109
1780412893.209087,28.108
1780412893.2149673,28.108
1780412893.2202268,28.109
1780412893.2255654,28.108
1780412893.2310598,28.108
1780412893.2365844,28.107
1780412893.2424853,28.106
1780412893.24784,28.105
1780412893.2532659,28.104
1780412893.2586818,28.103
1780412893.2641282,28.104
1780412893.2694535,28.104
1780412893.2747838,28.104
1780412893.2800243,28.103
1780412893.2856581,28.103
1780412893.2913687,28.102
1780412893.297628,28.101
1780412893.3033514,28.1
1780412893.3088288,28.1
1780412893.3144624,28.101
1780412893.3198638,28.104
1780412893.3253853,28.106
1780412893.331407,28.105
1780412893.3372965,28.104
1780412893.3426404,28.104
1780412893.348034,28.103
1780412893.35348,28.102
1780412893.358822,28.103
1780412893.3642478,28.101
1780412893.369671,28.102
1780412893.3750682,28.101
1780412893.380412,28.101
1780412893.385635,28.1
1780412893.3915172,28.099
1780412893.3973968,28.099
1780412893.4026275,28.099
1780412893.407995,28.099
1780412893.413417,28.099
1780412893.4189575,28.102
1780412893.424289,28.101
1780412893.4296265,28.1
1780412893.4350224,28.1
1780412893.4404323,28.099
1780412893.4458919,28.098
1780412893.4512572,28.098
1780412893.4566467,28.099
1780412893.4620318,28.097
1780412893.467452,28.098
1780412893.4728534,28.098
1780412893.4782841,28.097
1780412893.4838982,28.096
1780412893.489836,28.096
1780412893.4950678,28.095
1780412893.5003788,28.096
1780412893.5056117,28.093
1780412893.5112717,28.097
1780412893.5172932,28.098
1780412893.5233219,28.097
1780412893.5286934,28.096
1780412893.5340056,28.096
1780412893.540121,28.094
1780412893.546147,28.095
1780412893.5514915,28.096
1780412893.55685,28.095
1780412893.5623,28.096
1780412893.5678809,28.096
1780412893.5738118,28.095
1780412893.5790403,28.094
1780412893.5844283,28.094
1780412893.5898535,28.093
1780412893.5952177,28.094
1780412893.6006749,28.091
1780412893.606035,28.095
1780412893.6114166,28.105
1780412893.6167805,28.116
1780412893.6219664,28.131
1780412893.6276033,28.142
1780412893.6329994,28.164
1780412893.6383708,28.178
1780412893.6435661,28.194
1780412893.6491485,28.206
1780412893.654352,28.22
1780412893.6600003,28.22
1780412893.6651936,28.218
1780412893.6707714,28.217
1780412893.6759615,28.214
1780412893.6816258,28.212
1780412893.6870008,28.211
1780412893.6923678,28.21
1780412893.697584,28.208
1780412893.703218,28.209
1780412893.7084136,28.208
1780412893.713996,28.206
1780412893.7191827,28.205
1780412893.7248127,28.204
1780412893.730242,28.202
1780412893.735689,28.202
1780412893.7410326,28.202
1780412893.746406,28.199
1780412893.751797,28.2
1780412893.75721,28.199
1780412893.7628057,28.197
1780412893.7693546,28.195
1780412893.7752779,28.194
1780412893.7806923,28.193
1780412893.7860215,28.192
1780412893.7914493,28.193
1780412893.7969248,28.194
1780412893.8023767,28.194
1780412893.8079243,28.192
1780412893.813816,28.19
1780412893.8190386,28.189
1780412893.8243976,28.187
1780412893.8296428,28.187
1780412893.8352115,28.187
1780412893.8405948,28.187
1780412893.845972,28.187
1780412893.851212,28.186
1780412893.8568711,28.186
1780412893.8622587,28.184
1780412893.8679008,28.183
1780412893.8738034,28.182
1780412893.8790388,28.182
1780412893.8843975,28.18
1780412893.8896167,28.182
1780412893.8952842,28.181
1780412893.900697,28.18
1780412893.9062307,28.179
1780412893.9114964,28.177
1780412893.9168365,28.176
1780412893.9222968,28.175
1780412893.9276595,28.175
1780412893.933076,28.174
1780412893.9384034,28.175
1780412893.943879,28.173
1780412893.9496102,28.171
1780412893.9554949,28.171
1780412893.9606786,28.169
1780412893.9659886,28.168
1780412893.9712412,28.167
1780412893.9768083,28.166
1780412893.982049,28.165
1780412893.9878917,28.165
1780412893.9938035,28.164
1780412893.9990423,28.163
1780412894.0044363,28.162
1780412894.0098994,28.16
1780412894.0152645,28.16
1780412894.0206954,28.159
1780412894.0260024,28.156
1780412894.0314076,28.157
1780412894.0368507,28.157
1780412894.042552,28.155
1780412894.0483594,28.154
1780412894.053599,28.153
1780412894.0588734,28.151
1780412894.0645857,28.15
1780412894.0699046,28.152
1780412894.0752876,28.152
1780412894.0807033,28.153
1780412894.0860524,28.153
1780412894.0914657,28.152
1780412894.0969217,28.151
1780412894.1023824,28.15
1780412894.1077113,28.148
1780412894.113173,28.147
1780412894.1184654,28.145
1780412894.1238887,28.145
1780412894.1292615,28.145
1780412894.1346602,28.144
1780412894.1402907,28.143
1780412894.1461961,28.142
1780412894.1514435,28.141
1780412894.1567843,28.141
1780412894.1619596,28.14
1780412894.1676173,28.139
1780412894.1736898,28.14
1780412894.1792777,28.139
1780412894.1847851,28.136
1780412894.1907504,28.135
1780412894.1966507,28.135
1780412894.201941,28.133
1780412894.2072327,28.133
1780412894.2126334,28.133
1780412894.2179463,28.135
1780412894.2232084,28.135
1780412894.2288246,28.135
1780412894.2342153,28.134
1780412894.2396889,28.133
1780412894.2458525,28.131
1780412894.251745,28.131
1780412894.257053,28.131
1780412894.262452,28.131
1780412894.2679014,28.131
1780412894.2732682,28.131
1780412894.2790506,28.129
1780412894.2853675,28.127
1780412894.2912931,28.126
1780412894.2966883,28.125
1780412894.3020341,28.126
1780412894.3074815,28.125
1780412894.312931,28.128
1780412894.318248,28.126
1780412894.32359,28.126
1780412894.3291593,28.124
1780412894.3348641,28.122
1780412894.340392,28.12
1780412894.345943,28.12
1780412894.351259,28.12
1780412894.3566937,28.119
1780412894.362032,28.12
1780412894.367467,28.119
1780412894.3728673,28.119
1780412894.3785517,28.117
1780412894.384849,28.116
1780412894.3903594,28.115
1780412894.395804,28.115
1780412894.4011054,28.115
1780412894.4065704,28.118
1780412894.411865,28.117
1780412894.41727,28.116
1780412894.42266,28.116
1780412894.4280066,28.115
1780412894.4332135,28.114
1780412894.4388561,28.114
1780412894.4443078,28.114
1780412894.4496806,28.112
1780412894.4550784,28.112
1780412894.4604075,28.111
1780412894.4659717,28.109
1780412894.471768,28.106
1780412894.4775143,28.103
1780412894.4834104,28.103
1780412894.4886498,28.103
1780412894.4940188,28.101
1780412894.499458,28.105
1780412894.5051217,28.104
1780412894.511002,28.104
1780412894.5162492,28.103
1780412894.5216553,28.102
1780412894.5271268,28.101
1780412894.5324647,28.101
1780412894.5378685,28.101
1780412894.5431893,28.099
1780412894.548596,28.101
1780412894.5540373,28.101
1780412894.5597885,28.1
1780412894.5660503,28.099
1780412894.5717285,28.097
1780412894.5771785,28.096
1780412894.5828705,28.096
1780412894.5882576,28.097
1780412894.5935943,28.101
1780412894.5990958,28.1
1780412894.6046665,28.098
1780412894.6104975,28.097
1780412894.615859,28.096
1780412894.6212208,28.095
1780412894.6264544,28.095
1780412894.6320322,28.095
1780412894.637458,28.095
1780412894.6428192,28.096
1780412894.6482472,28.096
1780412894.653682,28.095
1780412894.65937,28.093
1780412894.6656387,28.092
1780412894.671214,28.091
1780412894.67671,28.091
1780412894.6824315,28.09
1780412894.6878319,28.094
1780412894.6933467,28.094
1780412894.698981,28.093
1780412894.7052774,28.091
1780412894.7109213,28.09
1780412894.7163334,28.088
1780412894.7221143,28.088
1780412894.7274637,28.09
1780412894.732906,28.09
1780412894.738264,28.092
1780412894.7439687,28.092
1780412894.749823,28.091
1780412894.7550697,28.09
1780412894.7604446,28.089
1780412894.765868,28.088
1780412894.7712486,28.088
1780412894.776693,28.085
1780412894.782027,28.09
1780412894.7874162,28.09
1780412894.7928755,28.089
1780412894.798309,28.088
1780412894.8039162,28.087
1780412894.8098195,28.087
1780412894.8150687,28.086
1780412894.820453,28.086
1780412894.8259096,28.086
1780412894.8312356,28.088
1780412894.836629,28.087
1780412894.841997,28.087
1780412894.8474576,28.086
1780412894.8531697,28.084
1780412894.8590813,28.083
1780412894.8648422,28.083
1780412894.8702626,28.081
1780412894.8756146,28.085
1780412894.8811486,28.084
1780412894.8866904,28.083
1780412894.8926423,28.082
1780412894.8985267,28.081
1780412894.9038706,28.08
1780412894.909261,28.08
1780412894.9146695,28.08
1780412894.9200673,28.08
1780412894.9254737,28.081
1780412894.9308186,28.081
1780412894.936363,28.08
1780412894.9420393,28.078
1780412894.9479575,28.077
1780412894.9536526,28.077
1780412894.9590967,28.077
1780412894.9643896,28.075
1780412894.9695976,28.077
1780412894.9752731,28.077
1780412894.9810357,28.077
1780412894.9867353,28.076
1780412894.992015,28.075
1780412894.9975615,28.073
1780412895.0030248,28.073
1780412895.0083106,28.073
1780412895.013653,28.071
1780412895.0191314,28.073
1780412895.0247169,28.073
1780412895.0305998,28.072
1780412895.035861,28.071
1780412895.0412693,28.071
1780412895.0467126,28.07
1780412895.0520508,28.07
1780412895.0575128,28.068
1780412895.0629332,28.072
1780412895.0683413,28.075
1780412895.0738432,28.079
1780412895.0797822,28.081
1780412895.085192,28.082
1780412895.0909069,28.081
1780412895.0965345,28.083
1780412895.1019425,28.085
1780412895.107292,28.087
1780412895.1127071,28.087
1780412895.1182961,28.086
1780412895.1241875,28.086
1780412895.1294587,28.084
1780412895.1348548,28.083
1780412895.1403997,28.082
1780412895.1457024,28.083
1780412895.1511014,28.083
1780412895.1564772,28.082
1780412895.1625745,28.08
1780412895.1686373,28.08
1780412895.1741903,28.078
1780412895.1798377,28.075
1780412895.1854863,28.073
1780412895.1913292,28.073
1780412895.1966655,28.074
1780412895.202077,28.076
1780412895.2074916,28.076
1780412895.2130854,28.075
1780412895.2189863,28.075
1780412895.2242594,28.074
1780412895.2296543,28.073
1780412895.2351408,28.072
1780412895.2404575,28.072
1780412895.2459054,28.069
1780412895.2516668,28.072
1780412895.2576966,28.074
1780412895.263244,28.074
1780412895.2686849,28.073
1780412895.274036,28.072
1780412895.2794263,28.071
1780412895.2848582,28.071
1780412895.2903147,28.071
1780412895.295624,28.07
1780412895.3010318,28.072
1780412895.3064144,28.071
1780412895.311972,28.07
1780412895.3177798,28.068
1780412895.3235319,28.065
1780412895.3294358,28.065
1780412895.334663,28.065
1780412895.3400104,28.064
1780412895.3452847,28.066
1780412895.3509755,28.064
1780412895.356912,28.064
1780412895.3623085,28.063
1780412895.3676803,28.062
1780412895.373794,28.06
1780412895.3797224,28.06
1780412895.3851078,28.061
1780412895.390413,28.061
1780412895.3959374,28.06
1780412895.4015079,28.059
1780412895.4075558,28.058
1780412895.4134483,28.057
1780412895.418946,28.056
1780412895.424469,28.055
1780412895.43009,28.055
1780412895.4354897,28.056
1780412895.4409716,28.058
1780412895.4462647,28.057
1780412895.4517486,28.057
1780412895.457658,28.056
1780412895.4630897,28.055
1780412895.4685428,28.054
1780412895.4739177,28.054
1780412895.479279,28.055
1780412895.484671,28.054
1780412895.490075,28.055
1780412895.4955194,28.055
1780412895.5012364,28.054
1780412895.5071526,28.053
1780412895.5128214,28.052
1780412895.5182214,28.051
1780412895.5235987,28.052
1780412895.5287874,28.05
1780412895.5344162,28.054
1780412895.5396104,28.054
1780412895.5455084,28.053
1780412895.5513957,28.053
1780412895.5566645,28.052
1780412895.5620692,28.051
1780412895.5675182,28.05
1780412895.5728467,28.051
1780412895.5783188,28.051
1780412895.5836265,28.053
1780412895.589032,28.052
1780412895.5944567,28.052
1780412895.6001759,28.051
1780412895.6064742,28.05
1780412895.611982,28.049
1780412895.617464,28.049
1780412895.6232655,28.048
1780412895.628663,28.051
1780412895.6340632,28.051
1780412895.6394818,28.051
1780412895.64485,28.05
1780412895.65052,28.049
1780412895.656048,28.047
1780412895.6619618,28.047
1780412895.667617,28.048
1780412895.6728387,28.048
1780412895.6784596,28.05
1780412895.683915,28.05
1780412895.6892762,28.049
1780412895.694724,28.048
1780412895.7003372,28.048
1780412895.7062275,28.047
1780412895.7114666,28.047
1780412895.71683,28.046
1780412895.7222695,28.05
1780412895.7279222,28.049
1780412895.733813,28.049
1780412895.7390795,28.048
1780412895.7444134,28.048
1780412895.7499633,28.047
1780412895.755463,28.046
1780412895.7612522,28.047
1780412895.7666821,28.046
1780412895.7720726,28.047
1780412895.777522,28.047
1780412895.783132,28.046
1780412895.789018,28.046
1780412895.7942603,28.045
1780412895.7996182,28.044
1780412895.8048697,28.045
1780412895.8104603,28.042
1780412895.8165371,28.044
1780412895.8224583,28.043
1780412895.8285213,28.042
1780412895.8341768,28.041
1780412895.8397477,28.039
1780412895.8451793,28.037
1780412895.8507438,28.038
1780412895.8561065,28.042
1780412895.8615115,28.044
1780412895.8668215,28.045
1780412895.8722847,28.045
1780412895.8779716,28.043
1780412895.8838196,28.043
1780412895.889086,28.042
1780412895.8944662,28.041
1780412895.8999262,28.042
1780412895.9052842,28.04
1780412895.9113233,28.041
1780412895.9172254,28.04
1780412895.9232342,28.039
1780412895.9290369,28.038
1780412895.9347572,28.035
1780412895.9403079,28.034
1780412895.9460478,28.034
1780412895.9514267,28.038
1780412895.956985,28.04
1780412895.9622846,28.04
1780412895.9679117,28.039
1780412895.9738204,28.039
1780412895.979086,28.038
1780412895.9844608,28.038
1780412895.9899244,28.038
1780412895.995259,28.038
1780412896.0007246,28.037
1780412896.006046,28.038
1780412896.0114424,28.037
1780412896.016861,28.037
1780412896.022575,28.036
1780412896.0283666,28.035
1780412896.0336847,28.036
1780412896.03912,28.039
1780412896.044406,28.041
1780412896.0495927,28.046
1780412896.0552166,28.06
1780412896.0604491,28.066
1780412896.066041,28.066
1780412896.071479,28.07
1780412896.0768664,28.071
1780412896.0822823,28.072
1780412896.0876014,28.075
1780412896.09281,28.081
1780412896.0985754,28.084
1780412896.1039064,28.083
1780412896.1093636,28.083
1780412896.1156144,28.082
1780412896.1215336,28.081
1780412896.1273038,28.08
1780412896.1326823,28.08
1780412896.1380045,28.081
1780412896.1432998,28.08
1780412896.150229,28.082
1780412896.1561484,28.082
1780412896.1615164,28.081
1780412896.1668742,28.08
1780412896.1729774,28.079
1780412896.178905,28.078
1780412896.184313,28.079
1780412896.1896553,28.079
1780412896.1950767,28.08
1780412896.2004728,28.08
1780412896.2059062,28.082
1780412896.2113218,28.082
1780412896.2168028,28.08
1780412896.2223017,28.082
1780412896.2280312,28.082
1780412896.233455,28.088
1780412896.2388136,28.098
1780412896.2439954,28.103
1780412896.2495983,28.103
1780412896.2547643,28.103
1780412896.2604256,28.103
1780412896.2656405,28.102
1780412896.2712986,28.101
1780412896.2766857,28.101
1780412896.2820246,28.097
1780412896.2871888,28.099
1780412896.292811,28.098
1780412896.2979815,28.098
1780412896.3039346,28.097
1780412896.3098214,28.096
1780412896.3151152,28.094
1780412896.3204627,28.094
1780412896.32595,28.095
1780412896.331256,28.094
1780412896.3366873,28.095
1780412896.3420186,28.095
1780412896.3475277,28.094
1780412896.3532372,28.092
1780412896.3591309,28.094
1780412896.36489,28.094
1780412896.3703396,28.094
1780412896.375667,28.102
1780412896.3810167,28.104
1780412896.3864121,28.105
1780412896.3916552,28.104
1780412896.3973744,28.103
1780412896.4032538,28.101
1780412896.4090447,28.099
1780412896.4147625,28.099
1780412896.4200568,28.099
1780412896.4255219,28.099
1780412896.4308655,28.101
1780412896.436333,28.101
1780412896.4416502,28.1
1780412896.447045,28.1
1780412896.4524584,28.099
1780412896.457927,28.098
1780412896.4632838,28.098
1780412896.468692,28.097
1780412896.4740832,28.097
1780412896.4794724,28.097
1780412896.4851196,28.096
1780412896.491001,28.096
1780412896.496279,28.094
1780412896.501721,28.093
1780412896.507092,28.093
1780412896.512456,28.093
1780412896.5178864,28.092
1780412896.5233564,28.094
1780412896.528714,28.093
1780412896.534008,28.092
1780412896.539267,28.091
1780412896.5449247,28.091
1780412896.5502727,28.089
1780412896.5557008,28.089
1780412896.5611415,28.09
1780412896.5664945,28.087
1780412896.5719323,28.089
1780412896.5773232,28.088
1780412896.5833519,28.087
1780412896.5890224,28.085
1780412896.594659,28.083
1780412896.6001813,28.082
1780412896.6055615,28.082
1780412896.6108868,28.08
1780412896.6163113,28.082
1780412896.621948,28.082
1780412896.6278265,28.081
1780412896.633088,28.081
1780412896.6384888,28.08
1780412896.6438928,28.079
1780412896.6492224,28.079
1780412896.6544447,28.079
1780412896.660095,28.079
1780412896.665479,28.08
1780412896.6708972,28.079
1780412896.676622,28.078
1780412896.6823916,28.078
1780412896.6876323,28.077
1780412896.692873,28.076
1780412896.698542,28.076
1780412896.7039104,28.075
1780412896.7093592,28.075
1780412896.7146974,28.075
1780412896.7200456,28.074
1780412896.7256086,28.073
1780412896.7312937,28.07
1780412896.7370536,28.067
1780412896.7429373,28.068
1780412896.7483096,28.068
1780412896.753706,28.068
1780412896.7591467,28.068
1780412896.7647169,28.068
1780412896.7706406,28.067
1780412896.775883,28.066
1780412896.7812767,28.065
1780412896.7867372,28.064
1780412896.7921638,28.064
1780412896.7975383,28.065
1780412896.8028822,28.063
1780412896.808313,28.065
1780412896.813697,28.064
1780412896.8198302,28.063
1780412896.8257284,28.062
1780412896.831131,28.061
1780412896.8365045,28.061
1780412896.8419797,28.062
1780412896.847213,28.061
1780412896.8524408,28.063
1780412896.8580992,28.063
1780412896.8635237,28.062
1780412896.8692017,28.061
1780412896.875129,28.06
1780412896.8808985,28.059
1780412896.886296,28.06
1780412896.8916185,28.06
1780412896.896868,28.059
1780412896.9026859,28.063
1780412896.9082727,28.062
1780412896.9138925,28.061
1780412896.9193182,28.061
1780412896.9246798,28.06
1780412896.930061,28.059
1780412896.935245,28.059
1780412896.9408503,28.056
1780412896.9462507,28.06
1780412896.9516363,28.06
1780412896.957134,28.059
1780412896.9628382,28.058
1780412896.9687984,28.057
1780412896.974479,28.056
1780412896.9799018,28.055
1780412896.9852235,28.056
1780412896.9904532,28.056
1780412896.9961224,28.058
1780412897.0018272,28.057
1780412897.0076652,28.056
1780412897.013182,28.055
1780412897.0188584,28.055
1780412897.0242689,28.054
1780412897.0296793,28.054
1780412897.0351312,28.052
1780412897.0406184,28.055
1780412897.045896,28.055
1780412897.0512452,28.054
1780412897.0568047,28.053
1780412897.0626154,28.05
1780412897.0680394,28.048
1780412897.0735092,28.051
1780412897.078822,28.052
1780412897.084052,28.055
1780412897.0896904,28.056
1780412897.095158,28.056
1780412897.1007483,28.055
1780412897.1066654,28.055
1780412897.1118865,28.054
1780412897.1172526,28.053
1780412897.122685,28.053
1780412897.1281092,28.052
1780412897.1335316,28.052
1780412897.138869,28.053
1780412897.1442592,28.052
1780412897.1496878,28.052
1780412897.1552024,28.051
1780412897.1607795,28.05
1780412897.166468,28.05
1780412897.1719024,28.05
1780412897.1772418,28.047
1780412897.1827433,28.048
1780412897.1882865,28.047
1780412897.1941524,28.047
1780412897.1994839,28.046
1780412897.2048833,28.045
1780412897.2103515,28.045
1780412897.2157762,28.045
1780412897.221108,28.046
1780412897.226476,28.045
1780412897.2318938,28.047
1780412897.2372568,28.047
1780412897.2426531,28.047
1780412897.2479959,28.046
1780412897.253167,28.046
1780412897.2588353,28.045
1780412897.2640786,28.046
1780412897.2696698,28.045
1780412897.275085,28.046
1780412897.2804458,28.046
1780412897.2857487,28.045
1780412897.291578,28.044
1780412897.2974882,28.044
1780412897.3029869,28.043
1780412897.3085487,28.043
1780412897.3141348,28.043
1780412897.3198142,28.043
1780412897.3262,28.044
1780412897.3321848,28.044
1780412897.3375378,28.043
1780412897.3428757,28.042
1780412897.3485854,28.041
1780412897.354387,28.04
1780412897.3596904,28.041
1780412897.3651326,28.04
1780412897.3704684,28.044
1780412897.376196,28.044
1780412897.3820138,28.043
1780412897.3874774,28.043
1780412897.393064,28.041
1780412897.3985393,28.039
1780412897.4042337,28.039
1780412897.4095402,28.04
1780412897.414912,28.042
1780412897.4202898,28.042
1780412897.425706,28.041
1780412897.4311543,28.04
1780412897.4367387,28.039
1780412897.4426324,28.039
1780412897.4478922,28.038
1780412897.4532728,28.039
1780412897.4587295,28.037
1780412897.4641383,28.04
1780412897.4698157,28.04
1780412897.4762158,28.039
1780412897.4821522,28.039
1780412897.487535,28.038
1780412897.4929109,28.037
1780412897.498349,28.037
1780412897.5036366,28.038
1780412897.5088837,28.036
1780412897.514479,28.037
1780412897.519914,28.037
1780412897.5252972,28.036
1780412897.5310466,28.035
1780412897.5374086,28.035
1780412897.5433576,28.034
1780412897.5487325,28.034
1780412897.5541098,28.034
1780412897.5597863,28.036
1780412897.5655954,28.035
1780412897.5708516,28.035
1780412897.576407,28.034
1780412897.5820858,28.032
1780412897.5875978,28.031
1780412897.5931625,28.031
1780412897.598499,28.032
1780412897.6039002,28.032
1780412897.6092508,28.034
1780412897.6144533,28.034
1780412897.620134,28.033
1780412897.625817,28.033
1780412897.6320932,28.031
1780412897.6376135,28.03
1780412897.6430602,28.031
1780412897.6484203,28.03
1780412897.654042,28.037
1780412897.659855,28.041
1780412897.6650953,28.041
1780412897.6704633,28.04
1780412897.675895,28.039
1780412897.6812518,28.039
1780412897.686481,28.039
1780412897.6920877,28.04
1780412897.6974516,28.04
1780412897.7028396,28.043
1780412897.7080548,28.043
1780412897.7139392,28.043
1780412897.7198455,28.042
1780412897.7251265,28.041
1780412897.7304788,28.041
1780412897.7359457,28.04
1780412897.741287,28.041
1780412897.7466817,28.043
1780412897.7521932,28.046
1780412897.7575378,28.045
1780412897.7628965,28.045
1780412897.7686002,28.044
1780412897.7749019,28.043
1780412897.7804322,28.042
1780412897.7858913,28.043
1780412897.7917223,28.043
1780412897.7971094,28.044
1780412897.8025103,28.044
1780412897.8079567,28.044
1780412897.8135698,28.043
1780412897.8194718,28.042
1780412897.8246963,28.041
1780412897.8301744,28.041
1780412897.8355472,28.041
1780412897.8409665,28.041
1780412897.8463542,28.04
1780412897.8516889,28.04
1780412897.857098,28.039
1780412897.8624942,28.039
1780412897.868221,28.038
1780412897.8740103,28.037
1780412897.8792503,28.038
